listings_sharing_text,main_product_types,example_id,example_title,text_start
1030,Football Posters (1029); SIGNED FOOTBALLER PRINTS (1),gid://shopify/Product/8571905868027,Jamie Vardy Football Player Printed Signature Print – Reproduction Print,a limited edition signed print by your amazing football star. this is perfect for a birthday gift or present idea for all football fans. des
1000,Holiday Stockings (1000),gid://shopify/Product/8261783421179,PERSONALISED Cartoon Inspired Super Hero Bat Girl Pink - XL Children's Christmas Santa Sack CUSTOMISE Present,"introduction christmas is a time of joy, warmth, and traditions. one of the most cherished traditions is the hanging of stockings and the an"
760,mugs (758); coach mugs (1); Motor Mugs (1),gid://shopify/Product/9046703368,Personalised Your CUSTOM Name Adam Printed Mug,personalised your name on a mug #yourname printed mug professionally printed onto a 11oz white mug printed using the newest sublimation tech
549,SNES Replacement Game case (548); (none) (1),gid://shopify/Product/9301226184,Primal Rage Replacement Nintendo SNES Game Case Or Cover,"replacement game case, cover or both unc - ultimate nintendo snes game case printed cover on 130gsm gloss art (same as back in the 80's and "
320,Coasters (320),gid://shopify/Product/14886899057021,"""I Might Look Like I'm Listening, But I'm Mainly Thinking About 3D PRINTING"" Hobby Coaster",express your passion and sense of humor with this fun and stylish hobby coaster! whether you're daydreaming about your favorite pastime or s
271,Coasters (271),gid://shopify/Product/7509618393339,3 Ways to my Heart Drinks Coaster,mdf drinks coaster sublimation printed with charming and quirky images to liven up your home or work.
220,"Posters, Prints, & Visual Artwork (220)",gid://shopify/Product/7509616361723,Aaron Ramsey MC1551 Printed Signature Football Poster – Reproduction Print,a limited edition signed print by your amazing football star. this is perfect for a birthday gift or present idea for all football fans. des
220,Football Posters (220),gid://shopify/Product/1236430323748,Al Iaquinta MMA Wrestler Printed Signature Print – MMA Wrestling – Reproduction Print,a limited edition signed print by your amazing mma wrestling star. this is perfect for a birthday gift or present idea for all mma wrestling
215,Football Posters (215),gid://shopify/Product/1236433436708,ALAN DICKENS 1 Rugby Player Printed Signature Print – Reproduction Print,a limited edition signed print by your amazing rugby star. this is perfect for a birthday gift or present idea for all rugby fans. designed 
182,(none) (181); Shirts & Tops (1),gid://shopify/Product/7473537745147,King of the Monsters 2 - Gaming T-Shirt,high quality cotton t-shirt digitally printed with a super nintendo retro game logo.
175,Football Posters (175),gid://shopify/Product/1236424196132,ADAM LYTH 2 Cricketer Printed Signature Print – Cricket Player – Reproduction Print,a limited edition signed print by your amazing cricketer. this is perfect for a birthday gift or present idea for all cricket fans. designed
145,Football Posters (145),gid://shopify/Product/1236421509156,AARON BADDELEY Golfer Printed Signature Print – Reproduction Print,a limited edition signed print by your amazing golf star. this is perfect for a birthday gift or present idea for all golf fans. designed an
130,Football Posters (130),gid://shopify/Product/1236430848036,Alan Arkin 1 Movie Printed Signature Print – Reproduction Print,a limited edition signed print by your amazing movie star. this is perfect for a birthday gift or present idea for all movie fans. designed 
123,(none) (123),gid://shopify/Product/7161364938939,Rainbow Unicorn Personalised Pastel Pink Magic Cushion including cushion insert,"perfect for christmas or birthday presents our ""magic"" cushions are a great gift for little ones. add the name you would like printing and w"
112,(none) (112),gid://shopify/Product/7473357390075,BS Shockman Zero - Gaming T-shirt,high quality cotton t-shirt digitally printed with super nintendo retro game logo.
100,(none) (100),gid://shopify/Product/7486395973883,Xbox One Controller Sticker - Black 1,decorative sticker for your xbox one controller
99,"Posters, Prints, & Visual Artwork (99)",gid://shopify/Product/7161553879227,Personalised Cat 2  Word Art Poster Print,"a high quality framed or un-framed personalised print. they are high-quality prints in full colour and framed in black, silver, white or gol"
94,Football Posters (94),gid://shopify/Product/1236428849188,ADRIAN MAGUIRE 2 Horse Racer Printed Signature Print – Horse Racing – Reproduction Print,a limited edition signed print by your amazing horse racing star. this is perfect for a birthday gift or present idea for all horse racing f
89,Towel (89),gid://shopify/Product/8171004297467,Ipswich 1985 Retro Football Lightweight Beach Gym Towel,"our towels are ideal for stag parties, gifts, or holidays. all our printed towels are 170 cm x 75 cm. our towels are polyester on one side a"
80,(none) (80),gid://shopify/Product/7487513362683,Personalised Bakers Shop Loyalty Cards 1,personalise this design with your own information before checkout and we will edit the design to suit your requirements. all our loyalty car
72,Towel (72),gid://shopify/Product/8168064844027,Bury 1992 Away Retro Football Lightweight Beach Gym Towel,"our towels are ideal for stag parties, gifts, or holidays. all our printed towels are 170 cm x 75 cm. our towels are polyester on one side a"
71,Lego (71),gid://shopify/Product/7487505858811,Deadpool Lego Display Case - Minifigure Display Background and Frames,"our square ribba display cases are compatible for all lego figures, lego minifigures and other brick figures. all display backgrounds are pr"
68,Football Posters (68),gid://shopify/Product/1236551172132,CAROL VORDERMAN (1) Tv Show Printed Signature Print – Reproduction Print,a limited edition signed print by your amazing tv show star. this is perfect for a birthday gift or present idea for all tv show fans. desig
66,Football Posters (66),gid://shopify/Product/1236423802916,ADAM LAMBERT _ BRIAN MAY (1) Music Printed Signature Print – Reproduction Print,a limited edition signed print by your amazing music star. this is perfect for a birthday gift or present idea for all music fans. designed 
64,Gaming Mouse Mats (64),gid://shopify/Product/15155379667325,Extra Large Gaming Mouse Mat (800mm x 300mm) - Abstract Cowboy,extra large gaming mouse mat - gaming designs high quality sublimation printing extra large design incredibly comfortable neoprene mat high 
56,(none) (56),gid://shopify/Product/8158084792571,Perfect Draft Maxi Skin - Goonies - Sticker,use our perfect draft maxi skins to customize the standard perfect draft machine. our skins feature a premium gloss finish and are crafted i
55,(none) (55),gid://shopify/Product/8112010920187,Dare To Be Yourself Pride LGBT Gay Lesbian Tee,"feel proud and be seen with this pride lgbt gay lesbian tee. this stylish, casual fit tee is available in black, white or pink and makes a b"
52,Dog Bowl Mat (52),gid://shopify/Product/15090133467517,Personalised Dog Breed Dog Bowl Mat (880mm x 300mm)(2 Bowl Design) - AFGHAN HOUND,personalised dog bowl mat (880mm x 300mm) high-quality sublimation printing illustration of dog breed large mat to avoid spillages soft and 
45,Football Posters (44); SIGNED BOXING PRINTS (1),gid://shopify/Product/1236434419748,alan minter Boxer Printed Signature Print – Boxing – Reproduction Print,a limited edition signed print by your amazing boxing star. this is perfect for a birthday gift or present idea for all boxing fans. designe
44,"Posters, Prints, & Visual Artwork (44)",gid://shopify/Product/7161467994299,Personalised Name Word Art Poster Print Pink Letter I,"a high quality framed or un-framed personalised print. they are high-quality prints in full colour and framed in black, silver, white or gol"
43,Wrapping Paper (43),gid://shopify/Product/4667642183755,Rude Wrapping Paper 01 Willy Names Funny Christmas and Birthday Gift Wrap,you will receive 3 sheets of 100gsm full colour printed wrapping paper. each sheet is approximately 630mm x 330mm. this pack of 3 sheets is 
43,(none) (43),gid://shopify/Product/7486444863739,Xbox One Controller Football Team Sticker - Barnsley,decorative sticker for your xbox one controller featuring your favorite team colors.
43,Towel (43),gid://shopify/Product/8158762467579,Adelaide Rams 1997 Personalised Rugby Bath Towel,all our personalised towels or our standard printed towels are 170 cm x 75 cm our towels are polyester one side and terry toweling cotton on
43,(none) (43),gid://shopify/Product/14986440835453,Custom Captain's Armband - Design 1 (Blue),"custom captain's armband - personalised with your chosen team club badge fully bespoke, printed armband made from durable polyester elastic."
42,Football Posters (42),gid://shopify/Product/1236466073636,ANDREW LINCOLN _ NORMAN REEDUS Walking Dead Printed Signature Print – Reproduction Print,a limited edition signed print by your amazing walking dead star. this is perfect for a birthday gift or present idea for all walking dead f
41,Celebrity Facemask (34); Fancy Dress Face Mask (7),gid://shopify/Product/15503131705725,Koba Face Mask – Fancy Dress Cardboard Costume Mask,"bring the party to life with our premium celebrity face masks – perfect for fancy dress events, themed parties, stag and hen nights, or just"
39,(none) (39),gid://shopify/Product/7487589187835,Personalised Business Thank You Cards 1,personalise this design with your own information before checkout and we will edit the design to suit your requirements. all our thank you c
39,(none) (39),gid://shopify/Product/7541392736507,Unicorn 101 Personalised Soft White Cushion including cushion insert,perfect for christmas or birthday presents our cushions are a great gift for little ones. add the name you would like printing and we will s
36,Chair & Sofa Cushions (36),gid://shopify/Product/7161470320827,RED MAGIC SEQUIN CUSHION- ANY NAME LOVES AARON PAUL,"perfect for christmas or birthday presents our ""magic"" cushions are a great gift for little ones. add the name you would like printing and w"
35,Mugs (35),gid://shopify/Product/15105368949117,Rude Swear Word Printed Mug Design - AR*EBADGER (3 Colours),"rude swear word printed mug high quality sublimation printing 10-11oz mug 3 colour options - white, red handle and black handle funny, rude,"
35,Rude Cards (35),gid://shopify/Product/15105557692797,Rude Swear Word Birthday Card Design - A*SEBADGER,"rude swear word birthday card design high quality card print available in 2 sizes - standard a5 or upgrade to a4 funny, rude, creative swear"
34,Signed A6 Poster Cards (34),gid://shopify/Product/15022010761597,"Arsenal Players Printed Signature A6 Poster Pack – 6 Poster Print Cards (Saka, Saliba, Rice, Odegard, Raya, Arteta) – Reproduction Print",signed football player a6 poster card 6 signed football player cards printed on 350gsm premium card stock celebrate your football team with 
34,Football Mouse Mats (34),gid://shopify/Product/15090343477629,"Personalised West Ham Extra Large Mouse Mat (800mm x 300mm) - Bowen, Paqueta, Kudus",personalised football extra large mouse mat (800mm x 300mm) high quality sublimation printing customisable football design perfect birthday 
32,Coasters (32),gid://shopify/Product/7540420051195,Personalized Arsenal Football Drinks Coaster,mdf drinks coaster sublimation printed with the logo of your favourite football team. square hardboard coaster 90 x 90 mm fantastic image tr
31,"Posters, Prints, & Visual Artwork (31)",gid://shopify/Product/7161543753915,Personalised Ariel Word Art Poster Print - Inspired By Pop Figures,"a high quality framed or un-framed personalised print. they are high-quality prints in full colour and framed in black, silver, white or gol"
31,Football Posters (31),gid://shopify/Product/1236451098660,ALISTAIR _ JONNY BROWNLEE (1) Athletics Printed Signature Print – Reproduction Print,a limited edition signed print by your amazing athletic. this is perfect for a birthday gift or present idea for all athletic fans. designed
30,"Posters, Prints, & Visual Artwork (30)",gid://shopify/Product/7161526747323,Personalised Number Word Art Poster Print Blue Number 16,"a high quality framed or un-framed personalised print. they are high-quality prints in full colour and framed in black, silver, white or gol"
30,(none) (30),gid://shopify/Product/7487654166779,Personalised Appointment Cards 1,personalise this design with your own information before checkout and we will edit the design to suit your requirements. all our appointment
28,Dog Bowl Mat (28),gid://shopify/Product/15090078253437,Personalised Dog Bowl Mat (880mm x 300mm)(2 Bowl Design) - Beach Dog,personalised dog bowl mat (880mm x 300mm) high-quality sublimation printing large mat to avoid spillages soft and absorbant neoprene mat - c
26,OPTIONS_HIDDEN_PRODUCT (26),gid://shopify/Product/4574663868491,Case and Cover,"***this is a hidden product used with the product options application, please do not delete this product.***"
26,(none) (26),gid://shopify/Product/4590504181835,"Personalised Chelsea Bottle Opener Plaque ANY TEXT | Father's Day Gift | Dad, Grandad Gift | Birthday Gift For Him | Personalised Sign",this plaque will make a great gift this father's day. made from 12mm birch ply and printed using uv inks this plaque won't fade or tarnish o
23,(none) (23),gid://shopify/Product/8158084923643,Perfect Draft Maxi Skin - ACDC - Sticker - Vinyl Sticker,use our perfect draft maxi skins to customize the standard perfect draft machine. our vinyl skins feature a premium gloss finish and are cra
23,Football Posters (23),gid://shopify/Product/1236490059812,AYRTON SENNA HITCHING Formula 1 Player Printed Signature Print Formula 1 – Reproduction Print,a limited edition signed print by your amazing formula 1 star. this is perfect for a birthday gift or present idea for all formula 1 fans. d
22,movie posters (19); A6 Poster Cards (3),gid://shopify/Product/15108295754109,"Alien Movies and Film Poster Print Packs - 6 POSTERS (A6, A5, A4, A3)",poster pack - 6 film and movie poster pack 6 movie and film posters printed on 350gsm premium card stock get ready for our movie poster pack
20,GAVIN AND STACEY PRODUCTS (20),gid://shopify/Product/15158762471805,Gavin and Stacey Short Sleeve T-Shirt Design 1 - 8 Colours (ADULTS),gavin and stacey short sleeve t-shirt high quality print amazing gavin and stacey inspired design 8 colour options available step out in sty
20,GAVIN AND STACEY PRODUCTS (20),gid://shopify/Product/15158812475773,Gavin and Stacey Funny TV Show Birthday Card - Design 1,gavin and stacey funny tv show birthday card 350gsm card with high quality print choose from standard a5 size or upgrade to a4 card funny ga
19,Valentines Mug (19),gid://shopify/Product/15769540493693,Valentines Day F*** Valentines Day Romantic Ceramic Mug Gift,"made from high-quality ceramic, this mug is not only stylish but also durable for everyday use. whether you're enjoying your morning coffee "
18,(none) (18),gid://shopify/Product/8111276753147,Rainbow Flower T-Shirt Unisex - Pride Month - Pride March - LGBTQ+ Clothing-Rainbow Tee-Gay Pride T-Shirt- Black White Tee,lgbtq+ t shirt pride march tee the perfect shirt to show your support high quality tee with top of the range sublimation print for no fading
16,(none) (16),gid://shopify/Product/7517270049019,Paw Patrol Children's Birthday Banner Thick 1,paw patrol birthday banner for children's birthday parties professionally printed in full color with personalized names and ages banner size
16,Jumper (16),gid://shopify/Product/15986143756669,"Gerwyn Price Jumper – ""Price Brings The Noise"" Darts Fan Pullover Jumper – Welsh Darts Supporter Sweatshirt – Unisex Jumper","show your passion for professional darts with this premium graphic jumper, designed for fans who love the excitement of the sport. featuring"
15,(none) (15),gid://shopify/Product/7466674192635,Atalanta FC Football Team Printed Display Poster Gift,a limited edition print of your favourite football team. this is perfect for a birthday gift or present idea for all football fans. designed
15,Valentines Mug (15),gid://shopify/Product/15771780153725,Thermal Mug For Valentines Day F*ck Valentines Day Romantic Metal Heat Mug Gift,stay cozy and warm with our valentine's day thermal mug! whether you're sipping hot cocoa by the fireplace with your loved one or enjoying a
14,(none) (14),gid://shopify/Product/7517269000443,Fortnite Children's Birthday Banner Thick 3,fortnite birthday banner for children's birthday parties professionally printed in full color with personalized names and ages banner sizes 
13,Towel (13),gid://shopify/Product/8168063402235,Bath Rugby Union Retro Lightweight Beach Gym Towel,"our towels are ideal for stag parties, gifts, or holidays. all our printed towels are 170 cm x 75 cm. our towels are polyester on one side a"
12,Football Posters (12),gid://shopify/Product/1236502937636,BILLE JEAN KING Tennis Player Printed Signature Print – Reproduction Print,a limited edition signed print by your amazing tennis star. this is perfect for a birthday gift or present idea for all tennis fans. designe
11,(none) (11),gid://shopify/Product/8055653531899,Personalised Custom Logo and Text QD440 Water Bottle and Holder,personalised custom logo and text qd440 water bottle and holder a quadra water bottle and portable holder emblazoned with your choice of nam
11,(none) (11),gid://shopify/Product/8062760452347,Green/White Personalised Football Scarf For Your Team-Printed Full Colour Badge,personalised football scarf are you looking for a high quality personalised scarf featuring your teams badge? we will print your teams badge
10,Coasters (10),gid://shopify/Product/7541244821755,Personalized Welcome Your Name Drinks Coaster 2,mdf drinks coaster sublimation printed and ideal for any bar. square hardboard coaster 90 x 90 mm fantastic image transfer with our hardboar
10,Towel (10),gid://shopify/Product/8168063238395,Barnsley 1989 Retro Football Lightweight Beach Gym Towel,"our towels are ideal for stag parties, gifts, or holidays. all our printed towels are 170 cm x 75 cm. our towels are polyester on one side a"
10,Hoodie (10),gid://shopify/Product/14883441279357,Personalized Football Player Team Kids/Adult Hoodies - Club Logo,"show your team spirit with these customizable hoodies, featuring your club's logo for a bold, personalized look. fabric &amp; comfort made f"
9,"Posters, Prints, & Visual Artwork (9)",gid://shopify/Product/7161443713211,Personalised Name Word Art Poster Print Pink Letter A,"a high quality framed or un-framed personalised print. they are high-quality prints in full colour and framed in black, silver, white or gol"
9,Coasters (9),gid://shopify/Product/7540579565819,Personalized Man Cave Drinks Coaster,mdf drinks coaster sublimation printed and ideal for any man cave. square hardboard coaster 90 x 90 mm fantastic image transfer with our har
9,Boot Bags (9),gid://shopify/Product/14889298592125,Football Boot Bags for Boys with Free Kit and Initials – Durable and Personalized Sports Bag - Mens Bald,"make every football session special with these high-quality football boot bags for boys, featuring free personalization with initials and a "
9,Valentines Mug (9),gid://shopify/Product/15769530827133,Valentines Day Woman and Dog Personalised Romantic Ceramic Mug Gift,"made from high-quality ceramic, this mug is not only stylish but also durable for everyday use. whether you're enjoying your morning coffee "
9,(none) (9),gid://shopify/Product/15770312343933,To My Wife Valentines Day Personalised Teddy Design 1 Thoughtful Gift For Him/ Her - 22cm Teddy Bear Toy,make this valentine's day extra special with our personalized valentine's day teddy bear. this adorable teddy bear is the perfect gift to ex
8,Boot Bags (8),gid://shopify/Product/14889310781821,Football Boot Bags for Girls with Free Kit and Initials – Durable and Personalized Sports Bag - Girls Black,"make every football session special with these high-quality football boot bags for girls, featuring free personalization with initials and a"
8,(none) (8),gid://shopify/Product/15160104190333,Personalised Football Club Certificates - Most Improved Player Custom Design (9 Colours),"personalised football club certificates your club logo, name and season - personalised choose between 9 colours and 3 sizes (a5, a4, a3) hig"
8,Valentines Mug (8),gid://shopify/Product/15771755217277,Thermal Mug For Valentines Day Me And You Personalised Romantic Metal Heat Mug Gift,stay cozy and warm with our valentine's day thermal mug! whether you're sipping hot cocoa by the fireplace with your loved one or enjoying a
8,Football Posters (8),gid://shopify/Product/1236480720932,ANTON LESSER Game Of Thrones Printed Signature Print – Reproduction Print,a limited edition signed print by your amazing game of thrones star. this is perfect for a birthday gift or present idea for all game of thr
8,Football Posters (8),gid://shopify/Product/1236918534180,KAWHI LEONARD (1) Basketball Player Printed Signature Print – Reproduction Print,a limited edition signed print by your amazing basketball star. this is perfect for a birthday gift or present idea for all basketball fans.
7,(none) (7),gid://shopify/Product/15035296907645,PERSONALISED MOTHERS DAY SUBLIMATED SEQUIN CUSHION WITH INSERT ANY PHOTO WITH TEXT HIGH QUALITY DESIGN 1,"this personalised sequin cushion is the perfect gift for mother's day. with the ability to upload any photo and text, the cushion features h"
6,"Posters, Prints, & Visual Artwork (6)",gid://shopify/Product/7161533792443,Personalised Blue Word Art Poster Print Number 30,"a high quality framed or un-framed personalised print. they are high-quality prints in full colour and framed in black, silver, white or gol"
6,(none) (6),gid://shopify/Product/7517279420667,Unicorn Children's Birthday Banner Thin 1,unicorn birthday banner for children's birthday parties professionally printed in full color with personalized names and ages banner sizes -
6,(none) (6),gid://shopify/Product/7518392385787,Pokemon Children's Birthday Banner Thin 1,pokemon birthday banner for children's birthday parties professionally printed in full color with personalized names and ages banner sizes -
6,(none) (6),gid://shopify/Product/9885833928,Legends Gamecube Inspired Retro Gaming Poster A4 A3 A2 Or A1,legends gamecube retro gaming poster a4 a3 a2 or a1 custom designed retro game poster professionally printed posted in a hard back envelope 
6,Football Posters (6),gid://shopify/Product/1244458024996,JUDD TRUMP Snooker Player Printed Signature Print – Reproduction Print,a limited edition signed print by your amazing snooker star. this is perfect for a birthday gift or present idea for all snooker fans. desig
5,(none) (5),gid://shopify/Product/7518371578107,Bricks Bat  Children's Birthday Banner Thin 1,bricks bat birthday banner for children's birthday parties professionally printed in full color with personalized names and ages banner size
5,Towel (5),gid://shopify/Product/8168064450811,Bristol City 1987 Retro Football Lightweight Beach Gym Towel,"our towels are ideal for stag parties, gifts or holidays. all our printed towels are 170 cm x 75 cm. our towels are polyester on one side an"
5,TV STARS (5),gid://shopify/Product/8214498345211,Alan Carr Face Mask – Fancy Dress Cardboard Costume Mask,"the perfect fancy dress party face mask when it comes to fancy dress parties, the right accessories can make or break your outfit. whether y"
5,TV STARS (5),gid://shopify/Product/8223104008443,Bear Grylls Face Mask – Fancy Dress Cardboard Costume Mask,"the perfect fancy dress party face mask when it comes to fancy dress parties, the right accessories can make or break your outfit. whether y"
5,TV STARS (5),gid://shopify/Product/8245757083899,Blanche - Golden Girls Celebrity Face Mask Fancy Dress Cardboard Costume Mask,"the perfect fancy dress party face mask when it comes to fancy dress parties, the right accessories can make or break your outfit. whether y"
5,Boot Bags (5),gid://shopify/Product/14899722715517,Football Boot Bags for Kids – Durable Personalized Sports Bag with Custom Logo,"give your little football star the ultimate gear companion with these football boot bags for kids , personalized with their custom logo! des"
5,Valentines Mug (5),gid://shopify/Product/15787656249725,Worlds Best Chicken Choker - Funny Rude Ceramic Mug Gift,"introducing our rude, funny ceramic 11oz mug, perfect for anyone with a sense of humor and a bit of attitude! this high-quality ceramic mug "
5,Sega Genesis (5),gid://shopify/Product/9844959240,Genesis Golden Axe Sega Megadrive REPLACEMENT GAME Case Or Cover,"genesis golden axe sega megadrive case or cover replacement game case, cover or both ugc - ultimate game case printed cover on 130gsm gloss "
5,Sega Genesis (5),gid://shopify/Product/9844965320,Genesis Gunstar Heroes Sega Megadrive REPLACEMENT GAME Case Or Cover,"genesis gunstar heroes sega megadrive case or cover replacement game case, cover or both ugc - ultimate game case printed cover on 130gsm gl"
4,Wrapping Paper (4),gid://shopify/Product/4667642576971,Rude Wrapping Paper 02 Kxxx Jockey Funny Christmas and Birthday Gift Wrap,you will receive 3 sheets of 100gsm full colour printed wrapping paper. each sheet is approximately 630mm x 330mm. this pack of 3 sheets is 
4,(none) (4),gid://shopify/Product/7517291938043,Christening Children's Birthday Banner Thin 1,christening birthday banner for children's birthday parties professionally printed in full color with personalized names and ages banner siz
4,(none) (4),gid://shopify/Product/7518370988283,Teletubbies Children's Birthday Banner Thin 1,teletubbies birthday banner for children's birthday parties professionally printed in full color with personalized names and ages banner siz
4,(none) (4),gid://shopify/Product/7518373347579,Star Party Birthday Banner Thin 1,star-themed birthday banner for birthday parties professionally printed in full color with personalized names and ages banner sizes - thick 
4,(none) (4),gid://shopify/Product/7518385504507,Balloons Children's Birthday Banner Thin 1,balloons birthday banner for children's birthday parties professionally printed in full color with personalized names and ages banner sizes 
4,(none) (4),gid://shopify/Product/7518391730427,Shark Children's Birthday Banner Thin 1,shark birthday banner for children's birthday parties professionally printed in full color with personalized names and ages banner sizes - t
4,(none) (4),gid://shopify/Product/7518502650107,Minions Children's Birthday Banner Thin 1,minions birthday banner for children's birthday parties professionally printed in full color with personalized names and ages banner sizes -
4,(none) (3); T-Shirts (1),gid://shopify/Product/8111054979323,Be Proud Pride LGBT Gay Lesbian Tee,"feel proud and be seen with this be proud pride lgbt gay lesbian tee. this stylish, casual fit tee is available in black, white or pink and "
4,(none) (4),gid://shopify/Product/8114810355963,Personalised Teddy Bear Football Team Player Inspired - Your Team Your Name Teddy - Football Kit Inspired Soft Toy -22cm Teddy Bear Kids Toy,"personalised football inspired teddy bear choose your teams badge and any name, choose your kids favourite player and club or your kids name"
4,TV STARS (4),gid://shopify/Product/8245755937019,Barbie JB Celebrity Face Mask Fancy Dress Cardboard Costume Mask,"the perfect fancy dress party face mask when it comes to fancy dress parties, the right accessories can make or break your outfit. whether y"
4,Football Posters (4),gid://shopify/Product/1236459913252,ANDREA DOVIZIOSO (1) Motorcycle Motorsport Printed Signature Print – Reproduction Print,a limited edition signed print by your amazing motorcycle motorsport star. this is perfect for a birthday gift or present idea for all motor
3,Adult Mug (3),gid://shopify/Product/8834024136,MILK AND COOKIES !!! COOKIES !!! Mug Adult Mug Gift,milk and cookies !!! cookies !!! - adult mug custom designed mug highest sublimation printing process professionally printed on to an 11oz w
3,Gameboy Color Case (3),gid://shopify/Product/9291702536,Gameboy Color Pokemon Gotta Catch'em All! Silver Version Game Cover To Fit A UGC Style Replacement Game Case,"gameboy color pokemon gotta catch'em all! silver version 3d boxes case or cover replacement game case, cover or both ugc - ultimate game cas"
3,Masks (3),gid://shopify/Product/7518536761595,Retro Leeds United Football Team Face Covering Mask,leeds united inspired football team face mask high quality double-sided polyester face masks perfect for any football fan during these hard 
3,Masks (3),gid://shopify/Product/7518541086971,Retro Liverpool Football Team Face Covering Mask,liverpool fc inspired football team face mask high quality double-sided polyester face masks perfect for any football fan during these hard 
3,signed posters (3),gid://shopify/Product/8284278128891,Rappers Dave Framed Printed Signature Print – Fan Gift – Wall Art – Reproduction Print,the perfect rappers gift: rappers dave framed autographed print introduction embark on a journey into the dynamic world of hip-hop brillianc
3,Boot Bags (3),gid://shopify/Product/14899726877053,"Football Boot Bags for Kids – Durable Personalized Sports Bag with Vertical Name, Custom Logo & Number","give your little football star the ultimate gear companion with these football boot bags for kids , personalized with their custom logo, nam"
3,Valentines Cards (3),gid://shopify/Product/15764850737533,Valentines Day Record Design 3 - Romantic Gift - Special Custom Anniversary Print,"make this valentine's day special with our personalized image gift! simply upload a song of your choice, names, and a date, and we will crea"
3,Apparel (3),gid://shopify/Product/9616192008,Unisex Fine Jersey T Shirt,"the softest, smoothest, best-looking short sleeve tee shirt available anywhere! fine jersey (100% cotton) construction, durable rib neckband"
3,Sega Genesis (3),gid://shopify/Product/9844937288,Genesis Eternal Champions Sega Megadrive REPLACEMENT GAME Case Or Cover,"genesis eternal champions sega megadrive case or cover replacement game case, cover or both ugc - ultimate game case printed cover on 130gsm"
3,Sega Genesis (3),gid://shopify/Product/9844943816,Genesis Fatal Fury Sega Megadrive REPLACEMENT GAME Case Or Cover,"genesis fatal fury sega megadrive case or cover replacement game case, cover or both ugc - ultimate game case printed cover on 130gsm gloss "
3,Sega Genesis (3),gid://shopify/Product/9844949832,Genesis Forgotten Worlds Sega Megadrive REPLACEMENT GAME Case Or Cover,"genesis forgotten worlds sega megadrive case or cover replacement game case, cover or both ugc - ultimate game case printed cover on 130gsm "
3,Sega Genesis (3),gid://shopify/Product/9844980296,Genesis Kid Chameleon Sega Megadrive REPLACEMENT GAME Case Or Cover,"genesis kid chameleon sega megadrive case or cover replacement game case, cover or both ugc - ultimate game case printed cover on 130gsm glo"
3,Sega Genesis (3),gid://shopify/Product/9844988424,Genesis Lethal Enforcers Sega Megadrive REPLACEMENT GAME Case Or Cover,"genesis lethal enforcers sega megadrive case or cover replacement game case, cover or both ugc - ultimate game case printed cover on 130gsm "
3,Sega Genesis (3),gid://shopify/Product/9844997064,Genesis Mega Bomberman Sega Megadrive REPLACEMENT GAME Case Or Cover,"genesis mega bomberman sega megadrive case or cover replacement game case, cover or both ugc - ultimate game case printed cover on 130gsm gl"
3,Sega Genesis (3),gid://shopify/Product/9845001032,Genesis Mercs Sega Megadrive REPLACEMENT GAME Case Or Cover,"genesis mercs sega megadrive case or cover replacement game case, cover or both ugc - ultimate game case printed cover on 130gsm gloss art ("
3,GameBoy posters (3),gid://shopify/Product/9933805000,Tetris 2 Game Style Inspired Retro Gaming Poster A2 A3 Or A4,tetris 2 custom designed retro game poster professionally printed on 170gsm silk posted in a hard back envelope for safety many more in our 
3,Sega Genesis (3),gid://shopify/Product/10146751304,SEGA Genesis Crack Down Sega Megadrive REPLACEMENT GAME Case Or Cover,"genesis crack down sega megadrive case or cover replacement game case, cover or both ugc - ultimate game case printed cover on 130gsm gloss "
2,Comic Style Mugs (2),gid://shopify/Product/8707937096,Comic Style KABOOM Mug,comic style kaboom mug custom designed mug highest sublimation printing process professionally printed on to an 11oz white mug posted in a p
2,Comic Style Mugs (2),gid://shopify/Product/8708007944,Comic Style WHAM Mug,comic style wham mug custom designed mug highest sublimation printing process professionally printed on to an 11oz white mug posted in a pol
2,Adult Mug (2),gid://shopify/Product/8738015688,I Normally Have 7 INches In My Hand - Adult Mug,i normally have 8 inches in my hand - adult mug custom designed mug highest sublimation printing process professionally printed on to an 11o
2,Adult Mug (2),gid://shopify/Product/8738030344,Better To Have Loved And Divorced That SLAG - Adult Mug,better to have loved and divorced that slag - adult mug custom designed mug highest sublimation printing process professionally printed on t
2,Adult Mug (2),gid://shopify/Product/8738164168,Oh My God It's R2D2 - Adult Mug,oh my god it's r2d2 - adult mug custom designed mug highest sublimation printing process professionally printed on to an 11oz white mug post
2,Adult Mug (2),gid://shopify/Product/8738192584,Twinkle Twinkle Tosser - Adult Mug,twinkle twinkle tosser - adult mug custom designed mug highest sublimation printing process professionally printed on to an 11oz white mug p
2,Gaming Mugs (2),gid://shopify/Product/8827639624,Fall Out - Gaming Mugs,fall out - gaming mugs custom designed mug highest sublimation printing process professionally printed on to an 11oz white mug posted in a p
2,Scrabble Mugs (2),gid://shopify/Product/8827809928,"Initial ""R"" Your Name Scrabble Mug FUNNY","initial ""r"" your name scrabble mug custom designed mug highest sublimation printing process please add your name! professionally printed on "
2,Office Humour Mugs (2),gid://shopify/Product/8827821768,Awesome Fucking Sex God Office Mug FUNNY,awesome fucking sex god - office mug custom designed mug highest sublimation printing process professionally printed on to an 11oz white mug
2,Office Humour Mugs (2),gid://shopify/Product/8827890696,Awesome Technician Office Mug FUNNY,awesome technician - office mug custom designed mug highest sublimation printing process professionally printed on to an 11oz white mug post
2,This Girl / Guy Mugs (2),gid://shopify/Product/8827970888,This Girl Loves To Party Printed Office Mug,this girl loves to party professionally printed onto a 11oz white mug printed using the newest sublimation technology - dishwasher safe post
2,This Girl / Guy Mugs (2),gid://shopify/Product/8827988680,This Girl Loves To Sleep Swim Printed Office Mug,this girl loves to sleep swim professionally printed onto a 11oz white mug printed using the newest sublimation technology - dishwasher safe
2,Celebrity Mug (2),gid://shopify/Product/8833395528,I Love DRAKE Celebrity Mug,i love drake - i love celebrity mug custom designed mug professionally printed on to an 11oz white mug posted in a polystyrene box for safet
2,Celebrity Mug (2),gid://shopify/Product/8833398344,I Love EAGLES Celebrity Mug,i love eagles - i love celebrity mug custom designed mug professionally printed on to an 11oz white mug posted in a polystyrene box for safe
2,Celebrity Mug (2),gid://shopify/Product/8833408264,"I Love EARTH, WIND & FIRE Celebrity Mug","i love earth, wind &amp; fire - i love celebrity mug custom designed mug professionally printed on to an 11oz white mug posted in a polystyr"
2,Celebrity Mug (2),gid://shopify/Product/8833417608,I Love EMINEM Celebrity Mug,i love eminem - i love celebrity mug custom designed mug professionally printed on to an 11oz white mug posted in a polystyrene box for safe
2,Celebrity Mug (2),gid://shopify/Product/8833419400,I Love ERIC CLAPTON Celebrity Mug,i love eric clapton - i love celebrity mug custom designed mug professionally printed on to an 11oz white mug posted in a polystyrene box fo
2,Celebrity Mug (2),gid://shopify/Product/8833432392,I Love GEORGE STRAIT Celebrity Mug,i love george strait - i love celebrity mug custom designed mug professionally printed on to an 11oz white mug posted in a polystyrene box f
2,Celebrity Mug (2),gid://shopify/Product/8833494728,I Love LADY GAGA Celebrity Mug,i love lady gaga - i love celebrity mug custom designed mug professionally printed on to an 11oz white mug posted in a polystyrene box for s
2,Celebrity Mug (2),gid://shopify/Product/8833587592,I Love PRINCE Celebrity Mug,i love prince - i love celebrity mug custom designed mug professionally printed on to an 11oz white mug posted in a polystyrene box for safe
2,Celebrity Mug (2),gid://shopify/Product/8833640136,I Love THE BEATLES Celebrity Mug,i love the beatles - i love celebrity mug custom designed mug professionally printed on to an 11oz white mug posted in a polystyrene box for
2,Championship Football team (1); Scottish Football Teams (1),gid://shopify/Product/8835252104,Aston Villa INSPIRED Football Team Mug Personalised Mug,aston villa football team mug - personalised birthday age and name remember please supply us with your name and age professionally printed o
2,Keep Calm Mug (2),gid://shopify/Product/8836255240,KEEP CALM AND BE UNIQUE Mug,keep calm and be unique - keep calm mug custom designed mug highest sublimation printing process professionally printed on to an 11oz white 
2,Football Crazy Mugs (2),gid://shopify/Product/8861687176,Crazy Cheltenham Fan Football Crazy Mug Adult Mug Office Mug,crazy cheltenham fan - football crazy mugs professionally printed onto a 11oz white mug posted in a polystyrene box for safety many more in 
2,Football Crazy Mugs (2),gid://shopify/Product/8861868232,Crazy Hibernian Fan Football Crazy Mug Adult Mug Office Mug,crazy hibernian fan - football crazy mugs professionally printed onto a 11oz white mug posted in a polystyrene box for safety many more in o
2,Football Crazy Mugs (2),gid://shopify/Product/8862154824,Crazy Queen Of The South Fan Football Crazy Mug Adult Mug Office Mug,crazy queen of the south fan - football crazy mugs professionally printed onto a 11oz white mug posted in a polystyrene box for safety many 
2,Football Crazy Mugs (2),gid://shopify/Product/8862164872,Crazy Rangers Fan Football Crazy Mug Adult Mug Office Mug,crazy rangers fan - football crazy mugs professionally printed onto a 11oz white mug posted in a polystyrene box for safety many more in our
2,Football Crazy Mugs (2),gid://shopify/Product/8862210440,Crazy Southend Fan Football Crazy Mug Adult Mug Office Mug,crazy southend fan - football crazy mugs professionally printed onto a 11oz white mug posted in a polystyrene box for safety many more in ou
2,Football Crazy Mugs (2),gid://shopify/Product/8862223368,Crazy Stalybridge Fan Football Crazy Mug Adult Mug Office Mug,crazy stalybridge fan - football crazy mugs professionally printed onto a 11oz white mug posted in a polystyrene box for safety many more in
2,Funny Mugs (2),gid://shopify/Product/8874999496,Moustache 2 Funny Mug Adult Mug Office Mug,moustache 2 - funny mug professionally printed onto a 11oz white mug posted in a polystyrene box for safety many more in our store
2,Personalised Cartoon Animals Mugs (2),gid://shopify/Product/8875618888,Personalised Bear Head Mug CARTOON Mug Office Mug,cartoon bear head mug sublimation printed onto a 11oz high glossy mug excellent quality print professional printing company dont forget to a
2,Personalised Cartoon Animals Mugs (2),gid://shopify/Product/8875627144,Personalised Biking Owl Mug CARTOON Mug Office Mug,cartoon biking owl mug sublimation printed onto a 11oz high glossy mug excellent quality print professional printing company dont forget to 
2,Personalised Cartoon Animals Mugs (2),gid://shopify/Product/8875662344,Personalised Cat Mug CARTOON Mug Office Mug,cartoon cat mug sublimation printed onto a 11oz high glossy mug excellent quality print professional printing company dont forget to add you
2,Personalised Cartoon Animals Mugs (2),gid://shopify/Product/8875678664,Personalised Dog2 Mug CARTOON Mug Office Mug,cartoon dog2 mug sublimation printed onto a 11oz high glossy mug excellent quality print professional printing company dont forget to add yo
2,Personalised Cartoon Animals Mugs (2),gid://shopify/Product/8875682568,Personalised Drunken Penguin Mug CARTOON Mug Office Mug,cartoon drunken penguin mug sublimation printed onto a 11oz high glossy mug excellent quality print professional printing company dont forge
2,Personalised Cartoon Animals Mugs (2),gid://shopify/Product/8875684232,Personalised Easter Penguin Mug CARTOON Mug Office Mug,cartoon easter penguin mug sublimation printed onto a 11oz high glossy mug excellent quality print professional printing company dont forget
2,Personalised Cartoon Animals Mugs (2),gid://shopify/Product/8875770056,Personalised Astronaught Mug Occupational Mug Office Mug,cartoon astronaught mug sublimation printed onto a 11oz high glossy mug excellent quality print professional printing company dont forget to
2,Personalised Cartoon Animals Mugs (2),gid://shopify/Product/8875773832,Personalised Male Builder Mug Occupational Mug Office Mug,cartoon male builder mug sublimation printed onto a 11oz high glossy mug excellent quality print professional printing company dont forget t
2,Personalised Cartoon Animals Mugs (2),gid://shopify/Product/8875890568,Personalised Male Doctor Mug Occupational Mug Office Mug,cartoon male doctor mug sublimation printed onto a 11oz high glossy mug excellent quality print professional printing company dont forget to
2,Meme Mugs (2),gid://shopify/Product/8875973512,Custom Inspired By MEME 2 Mug Personalised Cartoon Funny Mug,meme 1 mug sublimation printed onto a 11oz high glossy mug excellent quality print professional printing company supplied in a polystyrene b
2,Meme Mugs (2),gid://shopify/Product/8876005576,Custom Inspired By MEME 12 Mug Personalised Cartoon Funny Mug,meme 12 mug sublimation printed onto a 11oz high glossy mug excellent quality print professional printing company supplied in a polystyrene 
2,Personalised Cartoon Animals Mugs (2),gid://shopify/Product/8876034120,Personalised Cartoon Funny French Owl Mug,cartoon french owl mug sublimation printed onto a 11oz high glossy mug excellent quality print professional printing company dont forget to 
2,Personalised Cartoon Animals Mugs (2),gid://shopify/Product/8876040648,Personalised Cartoon Funny Gardening Penguin Mug,cartoon gardening penguin mug sublimation printed onto a 11oz high glossy mug excellent quality print professional printing company dont for
2,Adult Mug (2),gid://shopify/Product/9118127944,THANK GOD FOR Pornhub Adult Mug,thank god for pornhub - adult mug custom designed mug highest sublimation printing process professionally â printed on to an 11oz white mug 
2,Adult Cards (1); Sport Cards (1),gid://shopify/Product/9234911176,Personalised Chicago Bulls THEME INSPIRED Birthday Card,personalised chicago bulls birthday card all cards are printed using the highest digital print system available today your card will be prin
2,Gameboy Color Case (2),gid://shopify/Product/9291652872,Gameboy Color Conkers Pocket Tales Game Cover To Fit A UGC Style Replacement Game Case,"gameboy color conkers pocket tales 3d boxes case or cover replacement game case, cover or both ugc - ultimate game case printed cover on 130"
2,Gameboy Color Case (2),gid://shopify/Product/9291657288,Gameboy Color Donkey Kong Country Game Cover To Fit A UGC Style Replacement Game Case,"gameboy color donkey kong country 3d boxes case or cover replacement game case, cover or both ugc - ultimate game case printed cover on 130g"
2,Gameboy Color Case (2),gid://shopify/Product/9291673224,Gameboy Color Legend Of Zelda Oracle Of Ages Game Cover To Fit A UGC Style Replacement Game Case,"gameboy color legend of zelda oracle of ages 3d boxes case or cover replacement game case, cover or both ugc - ultimate game case printed co"
2,Gameboy Color Case (2),gid://shopify/Product/9291681864,Gameboy Color Metal Gear Solid Game Cover To Fit A UGC Style Replacement Game Case,"gameboy color metal gear solid 3d boxes case or cover replacement game case, cover or both ugc - ultimate game case printed cover on 130gsm "
2,Gameboy Color Case (2),gid://shopify/Product/9291691528,Gameboy Color Pac Man Special Color Edition Game Cover To Fit A UGC Style Replacement Game Case,"gameboy color pac-man special color edition 3d boxes case or cover replacement game case, cover or both ugc - ultimate game case printed cov"
2,Gameboy Color Case (2),gid://shopify/Product/9291695368,Gameboy Color Pokemon Gotta Catch'em All! Crystal Version Game Cover To Fit A UGC Style Replacement Game Case,"gameboy color pokemon gotta catch'em all! crystal version 3d boxes case or cover replacement game case, cover or both ugc - ultimate game ca"
2,Gameboy Color Case (2),gid://shopify/Product/9291697224,Gameboy Color Pokemon Gotta Catch'em All! Gold Version Game Cover To Fit A UGC Style Replacement Game Case,"gameboy color pokemon gotta catch'em all! gold version 3d boxes case or cover replacement game case, cover or both ugc - ultimate game case "
2,Gameboy Color Case (2),gid://shopify/Product/9291706888,Gameboy Color Pokemon Trading Card Game Game Cover To Fit A UGC Style Replacement Game Case,"gameboy color pokemon trading card game 3d boxes case or cover replacement game case, cover or both ugc - ultimate game case printed cover o"
2,Gameboy Color Case (2),gid://shopify/Product/9291724552,Gameboy Color Rayman Game Cover To Fit A UGC Style Replacement Game Case,"gameboy color rayman 3d boxes case or cover replacement game case, cover or both ugc - ultimate game case printed cover on 130gsm gloss art "
2,Gameboy Color Case (2),gid://shopify/Product/9291738504,Gameboy Color Super Mario Bros. Deluxe Game Cover To Fit A UGC Style Replacement Game Case,"gameboy color super mario bros. deluxe 3d boxes case or cover replacement game case, cover or both ugc - ultimate game case printed cover on"
2,Gameboy Color Case (2),gid://shopify/Product/9291741576,Gameboy Color Survival Kids Game Cover To Fit A UGC Style Replacement Game Case,"gameboy color survival kids 3d boxes case or cover replacement game case, cover or both ugc - ultimate game case printed cover on 130gsm glo"
2,Gameboy Color Case (2),gid://shopify/Product/9291759176,Gameboy Color Wario Land 3 Game Cover To Fit A UGC Style Replacement Game Case,"gameboy color wario land 3 3d boxes case or cover replacement game case, cover or both ugc - ultimate game case printed cover on 130gsm glos"
2,Nintendo NES Case (2),gid://shopify/Product/9291829704,NES Super Mario Duck Track Retail Game Cover To Fit A UGC Style Replacement Game Case,"nes super mario duck track retail nes spine 3d boxes case or cover replacement game case, cover or both ugc - ultimate game case printed cov"
2,Nintendo NES Case (2),gid://shopify/Product/9291865992,NES Tetris Retail Game Cover To Fit A UGC Style Replacement Game Case,"nes tetris retail nes spine 3d boxes case or cover replacement game case, cover or both ugc - ultimate game case printed cover on 130gsm glo"
2,Nintendo NES Case (2),gid://shopify/Product/9291962568,NES Zelda 2 The Adventure Of Link Classic Retail Game Cover To Fit A UGC Style Replacement Game Case,"nes zelda 2 the adventure of link classic retail nes spine 3d boxes case or cover replacement game case, cover or both ugc - ultimate game c"
2,Nintendo NES Case (2),gid://shopify/Product/9292043272,NES Batman Returns Retail Game Cover To Fit A UGC Style Replacement Game Case,"nes batman returns retail nes spine 3d boxes case or cover replacement game case, cover or both ugc - ultimate game case printed cover on 13"
2,Playstation 1 Case (2),gid://shopify/Product/9292493384,Mortal Kombat 3 Game Cover To Fit A PS1 PLAYSTATION Style Replacement Game Case 2,"mortal kombat 3 ps1 replacement game case 2, cover or both original black dvd case printed cover on 130gsm gloss art (same as back in the 80"
2,Playstation 1 Case (2),gid://shopify/Product/9292549448,Driver 2 Game Cover To Fit A PS1 PLAYSTATION Style Replacement Game Case 2 (Copy),"driver 2 ps1 replacement game case, cover or both original black dvd case printed cover on 130gsm gloss art (same as back in the 80's and 90"
2,Odyssey 2 Case (2),gid://shopify/Product/9293552072,Monkey Shines Oddesey REPLACEMENT Game Case Or Cover,"monkey shines oddesey game case or cover replacement game case, cover or both ugc - ultimate game case printed cover on 130gsm gloss art (sa"
2,Amiga CD Case (2),gid://shopify/Product/9293584264,Amiga CD32 Dragon Stone Cover,"amiga cd32 cannon fodder cover or case replacement game case, cover or both dvd black game case printed cover on 130gsm gloss art (same as b"
2,Gameboy Replacement Game case (1); Nintendo64 Replacement Game case (1),gid://shopify/Product/9365906568,3 Ninjas Kick Back Replacement Gameboy REPLACEMENT Game Case Or Cover,"3 ninjas kick back replacement gameboy game case or cover or both replacement game case, cover or both unc - ultimate nintendo snes game cas"
2,Fruit shoot Labels (2),gid://shopify/Product/9369137352,7 X 64 Zoo Lane Inspired Theme Personalised Party Fruit Shoot Label Sticker,7 x 64 zoo lane personalised fruit shoot label personalised your kids party drinks with this personalised label you get 7 single labels simp
2,(none) (2),gid://shopify/Product/6859269603515,"ENGLAND EURO 2021 CELEBRITY FACE MASK PACK 1 KANE, RASHFORD, SOUTHGATE","england euro 2021 celebrity face mask pack 1 kane, rashford, southgateâ you will receive 3 face masks from the england football team perfect"
2,Holiday Stockings (2),gid://shopify/Product/7150465777851,Personalised Superhero Green Lantern Inspired Santa Sack,personalised superhero green lantern inspired santa sack extra large inspired design of the famous cartoon character personalised christmas 
2,Holiday Stockings (2),gid://shopify/Product/7150470168763,Personalised Superhero Hulk Inspired Santa Sack,personalised superhero hulk inspired santa sack extra large inspired design of the famous cartoon character personalised christmas sack | sa
2,Holiday Stockings (2),gid://shopify/Product/7150471643323,Personalised Superhero Mrs Fantastic Inspired Santa Sack,personalised superhero mrs fantastic inspired santa sack extra large inspired design of the famous cartoon character personalised christmas 
2,Chair & Sofa Cushions (2),gid://shopify/Product/7204434575547,RED MAGIC SEQUIN CUSHION- ANY NAME LOVES KIT HARRINGTON,"perfect for christmas or birthday presents our ""magic"" cushions are a great gift for little ones. add the name you would like printing and w"
2,Chair & Sofa Cushions (2),gid://shopify/Product/7204438442171,RED MAGIC SEQUIN CUSHION- ANY NAME LOVES LENNY KRAVITZ,"perfect for christmas or birthday presents our ""magic"" cushions are a great gift for little ones. add the name you would like printing and w"
2,Chair & Sofa Cushions (2),gid://shopify/Product/7204444012731,RED MAGIC SEQUIN CUSHION- ANY NAME LOVES LIAM HEMSWORTH,"perfect for christmas or birthday presents our ""magic"" cushions are a great gift for little ones. add the name you would like printing and w"
2,Chair & Sofa Cushions (2),gid://shopify/Product/7204452401339,RED MAGIC SEQUIN CUSHION- ANY NAME LOVES MICHAEL FASSBENDER,"perfect for christmas or birthday presents our ""magic"" cushions are a great gift for little ones. add the name you would like printing and w"
2,Fancy Dress Face Mask (2),gid://shopify/Product/7442288247035,Jesy Nelson 2020 Music Dress Cardboard Celebrity Party Face Mask,"jesy nelson is an english singer who found fame with little mix on the x factor. this face mask is perfect for a girl group party, a hen do "
2,(none) (2),gid://shopify/Product/7468355485947,Poster is UPGRADED to A3 - Total Calculated at Checkout,a3 poster upgrade
2,signed posters (2),gid://shopify/Product/7468524634363,Lewis Hamilton Printed Signature Gift Poster Print Artwork – Reproduction Print,lewis hamilton racing poster available in poster sizes a4 a3 a2 a1 - framed or print only choose from a4 or a3 poster or have it exclusively
2,(none) (2),gid://shopify/Product/7469690781947,Magaluf Smashed Pink Custom Stag T-Shirt - Any Name - Party Tee,magaluf smashed pink custom stag t-shirt - any name - party tee personalised party stag or hen t-shirts. perfect holiday stag clothing. all 
2,signed posters (2),gid://shopify/Product/7470280212731,Casino Royale James Bond Printed Signature Print – Reproduction Print,casino royale movie poster available in poster sizes a4 a3 a2 a1 - framed or print only choose from a4 or a3 poster or have it exclusively f
2,signed posters (2),gid://shopify/Product/7470338146555,Skyfall James Bond Printed Signature Print – Reproduction Print,skyfall movie poster available in poster sizes a4 a3 a2 a1 - framed or print only choose from a4 or a3 poster or have it exclusively framed!
2,Mugs (2),gid://shopify/Product/7478535127291,This Guy is a Janet Jackson SUPERFAN Printed Mug,this guy is a janet jackson superfan printed mug professionally printed onto a 11oz white mug printed using the newest sublimation technolog
2,(none) (2),gid://shopify/Product/7478718693627,Standard Hen Colour 2 Hen T-Shirt - Any Name - Party Tee,standard hen colour 2 hen t-shirt - any name - party tee personalised party stag or hen t-shirts. perfect holiday hen clothing. all our tees
2,(none) (2),gid://shopify/Product/7478726295803,Team Bride White Hen T-Shirt - Any Name - Party Tee,team bride white hen t-shirt - any name - party tee personalised party stag or hen t-shirts. perfect holiday hen clothing. all our tees are 
2,(none) (2),gid://shopify/Product/7478732456187,Tonight Is All About The Hen White Hen T-Shirt - Any Name - Party Tee,tonight is all about the hen white hen t-shirt - any name - party tee personalised party stag or hen t-shirts. perfect holiday hen clothing.
2,(none) (2),gid://shopify/Product/7478742941947,We Say Party Colour Hen T-Shirt - Any Name - Party Tee,we say party colour hen t-shirt - any name - party tee personalised party stag or hen t-shirts. perfect holiday hen clothing. all our tees a
2,Alcohol Labels (2),gid://shopify/Product/7485608689915,PERSONALISED Gordon's Gin Merry Christmas Bottle Label - custom name bottle lables,personalised gordon's gin bottle label - custom name bottle lables our professionally printed personalised wine and alcohol labels are perfe
2,Alcohol Labels (2),gid://shopify/Product/7485648109819,PERSONALISED Jack Daniels Tennessee Honey Merry Christmas Bottle Label - custom name bottle lables,personalised jack daniels tennessee honey bottle label - custom name bottle lables our professionally printed personalised wine and alcohol 
2,Alcohol Labels (2),gid://shopify/Product/7485654663419,PERSONALISED Southern Comfort Bottle Label - custom name bottle lables,personalised southern comfort bottle label - custom name bottle lables our professionally printed personalised wine and alcohol labels are p
2,Alcohol Labels (2),gid://shopify/Product/7485658693883,PERSONALISED White Wine Bottle Label  - custom name bottle lables,personalised white wine bottle label - custom name bottle lables our professionally printed personalised wine and alcohol labels are perfect
2,(none) (2),gid://shopify/Product/7489238925563,Custom Printed YOUR NAME Premium Face Covering,send us your name or initials and we'll do the rest
2,(none) (2),gid://shopify/Product/7489240072443,Custom Printed YOUR BUSINESS LOGO Premium Face Covering,send us your business name or logo and we'll do the rest
2,(none) (2),gid://shopify/Product/7489241055483,Custom Printed YOUR FOOTBALL CLUB Premium Face Covering,send us your club name or logo and we'll do the rest
2,(none) (2),gid://shopify/Product/7489242595579,Custom Printed YOUR IMAGE Premium Face Covering,send us any image and we'll do the rest
2,(none) (2),gid://shopify/Product/7517279715579,Princess Children's Birthday Banner Thin,princess birthday banner for children's birthday parties professionally printed in full color with personalized names and ages banner sizes 
2,(none) (2),gid://shopify/Product/7517283483899,Dinosaur World Children's Birthday Banner Thin,dinosaur world birthday banner for children's birthday parties professionally printed in full color with personalized names and ages banner 
2,(none) (2),gid://shopify/Product/7517289152763,Champagne Children's Birthday Banner Thin,champagne birthday banner for children's birthday parties professionally printed in full color with personalized names and ages banner sizes
2,(none) (2),gid://shopify/Product/7518384128251,Fireman Sam Children's Birthday Banner Thin,fireman sam birthday banner for children's birthday parties professionally printed in full color with personalized names and ages banner siz
2,(none) (2),gid://shopify/Product/7518482891003,Dinosaur Park Children's Birthday Banner Thin,dinosaur park birthday banner for children's birthday parties professionally printed in full color with personalized names and ages banner s
2,(none) (2),gid://shopify/Product/7518484824315,Dinotrux Children's Birthday Banner Thin,dinotrux birthday banner for children's birthday parties professionally printed in full color with personalized names and ages banner sizes 
2,(none) (2),gid://shopify/Product/7518501208315,Octonauts Children's Birthday Banner Thin,octonauts birthday banner for children's birthday parties professionally printed in full color with personalized names and ages banner sizes
2,(none) (2),gid://shopify/Product/7518501535995,Hey Duggee Children's Birthday Banner Thin,hey duggee birthday banner for children's birthday parties professionally printed in full color with personalized names and ages banner size
2,(none) (2),gid://shopify/Product/7518503829755,Waffle the Wonder Dog Children's Birthday Banner Thin,waffle the wonder dog birthday banner for children's birthday parties professionally printed in full color with personalized names and ages 
2,(none) (2),gid://shopify/Product/7518521590011,Custom Football Team Children's Birthday Banner Thick 1,"custom football team birthday banner for children's birthday parties professionally printed in full color with personalized names, ages and "
2,Masks (2),gid://shopify/Product/7518535123195,Retro Arsenal Football Team Face Covering Mask Yellow,arsenal fc inspired football team face mask high quality double-sided polyester face masks perfect for any football fan during these hard ti
2,Masks (2),gid://shopify/Product/7518542889211,Retro Manchester United Football Team Face Covering Mask Blue,manchester united fc inspired football team face mask high quality double-sided polyester face masks perfect for any football fan during the
2,Masks (2),gid://shopify/Product/7518545936635,Retro Newcastle Football Team Face Covering Mask Black & White,newcastle united fc inspired football team face mask high quality double-sided polyester face masks perfect for any football fan during thes
2,Masks (2),gid://shopify/Product/7518549082363,Retro Aston Villa FC Football Team Face Covering Mask Green & Black,aston villa inspired football team face mask high quality double-sided polyester face masks perfect for any football fan during these hard t
2,Masks (2),gid://shopify/Product/7518582538491,Hartlepool Team Face Covering Mask 2,hartlepool united fc inspired football team face mask high quality double-sided polyester face masks perfect for any football fan during the
2,Bar Mat (2),gid://shopify/Product/7679076040955,Personalised Bar Mat Runner Grainy Design M48,"personalized grainy design bar mat - home bar runner medium= 440mm x 250mm large= 880mm x 250mm perfect for any private bar, man cave, games"
2,(none) (2),gid://shopify/Product/8130511929595,Personalised School Kids Lunch Box - Any Image And Text You Want - High Quality Personalised Lunch Bag - 4cm x 19.5cm x 10cm - Blue Canvas,personalised blue lunch box - upload any image the perfect lunch box for your child blue canvas children's lunch bag bag has one netted pock
2,Towel (2),gid://shopify/Product/8159678824699,Personalised Strong Buff Bloke Stag Do Beach Towel,"our towels can be personalized with any name, destination, year or message and are ideal for stag parties, gifts or holidays. all our person"
2,signed posters (2),gid://shopify/Product/8269484785915,Alex Albon F1 Driver Printed Signature Gift Poster Print Artwork Display – Reproduction Print,alex albon f1 driver limited edition signed gift poster print artwork display embark on an exhilarating journey with the ultimate collector'
2,signed posters (2),gid://shopify/Product/8273680859387,Anthony Joshua – Printed Signature Boxing Star Print – Reproduction Print,"anthony joshua - a boxing star print that radiates power and skill introduction if you are a boxing enthusiast, you would undoubtedly recogn"
2,signed posters (2),gid://shopify/Product/8274889507067,George Clooney – Printed Signature Television Star Print – Reproduction Print,george clooney - signed autographed television star print introduction for devoted fans and collectors eager to acquire a remarkable piece o
2,signed posters (2),gid://shopify/Product/8275235012859,Laurence Olivier – Printed Signature Television Star Print – Reproduction Print,laurence olivier - signed autographed television star print introduction for devoted fans and collectors in search of a timeless piece of me
2,signed posters (2),gid://shopify/Product/8284307718395,Stranger Things Netflix Shows Framed Printed Signature Print – Fan Gift – Wall Art – Reproduction Print,"the perfect netflix shows gift: stranger things framed autographed print introduction embark on a thrilling and nostalgic journey with ""the "
2,Hoodie (2),gid://shopify/Product/14883441836413,Personalized Football Player Team Kids/Adult Hoodies - Club Name Initials,"show your team spirit with these customizable hoodies, featuring your club's initials for a bold, personalized look. fabric &amp; comfort ma"
2,Signed Television Prints (2),gid://shopify/Product/14898866323837,Steve Irwin M932 Television Printed Signature Poster Print Gift – Reproduction Print,a digital reproduction of reproduction steve irwin m932 - television - autographed poster print photo signature gift available in poster siz
2,Boot Bags (2),gid://shopify/Product/14899693814141,Football Boot Bags for Kids – Durable Personalized Sports Bag with Custom Logo and Horizontal Name,"give your little football star the ultimate gear companion with these football boot bags for kids , personalized with their initials, custom"
2,Boot Bags (2),gid://shopify/Product/14899745653117,Football Boot Bags for Kids – Eat Sleep Football Repeat - Durable Personalized Sports Bag with Custom Logo & Number,"give your little football star the ultimate gear companion with these football boot bags for kids , personalized with their custom logo and "
2,Signed Music Posters (2),gid://shopify/Product/14903426843005,Lady Gaga 4 – Printed Signature Music Star Print – Reproduction Print,"music star lady gaga 4 autograph print ? you won't find a better product for the price - just like the real thing but without the cost, fans"
2,Signed Music Posters (2),gid://shopify/Product/14903428678013,Leona Lewis – Printed Signature Music Star Print – Reproduction Print,"music star leona lewis autograph print ? you won't find a better product for the price - just like the real thing but without the cost, fans"
2,Signed Music Posters (2),gid://shopify/Product/14903429890429,Liam Gallagher – Printed Signature Music Star Print – Reproduction Print,"music star liam gallagher autograph print ? you won't find a better product for the price - just like the real thing but without the cost, f"
2,Signed Music Posters (2),gid://shopify/Product/14903430939005,Liam Payne – Printed Signature Music Star Print – Reproduction Print,"music star liam payne autograph print ? you won't find a better product for the price - just like the real thing but without the cost, fans "
2,Signed Music Posters (2),gid://shopify/Product/14903431397757,Liam Payne 2 – Printed Signature Music Star Print – Reproduction Print,"music star liam payne 2 autograph print ? you won't find a better product for the price - just like the real thing but without the cost, fan"
2,Signed Music Posters (2),gid://shopify/Product/14903431922045,Lily Allen 1 – Printed Signature Music Star Print – Reproduction Print,"music star lily allen 1 autograph print ? you won't find a better product for the price - just like the real thing but without the cost, fan"
2,Signed Music Posters (2),gid://shopify/Product/14903432085885,Lily Allen 2 – Printed Signature Music Star Print – Reproduction Print,"music star lily allen 2 autograph print ? you won't find a better product for the price - just like the real thing but without the cost, fan"
2,Signed Music Posters (2),gid://shopify/Product/14903434445181,Lloyd Banks 2 – Printed Signature Music Star Print – Reproduction Print,"music star lloyd banks 2 autograph print ? you won't find a better product for the price - just like the real thing but without the cost, fa"
2,Signed Music Posters (2),gid://shopify/Product/14903435166077,Lorde 1 – Printed Signature Music Star Print – Reproduction Print,"music star lorde 1 autograph print ? you won't find a better product for the price - just like the real thing but without the cost, fans and"
2,Signed Music Posters (2),gid://shopify/Product/14903435952509,Lou Reed 1 – Printed Signature Music Star Print – Reproduction Print,"music star lou reed 1 autograph print ? you won't find a better product for the price - just like the real thing but without the cost, fans "
2,Signed Music Posters (2),gid://shopify/Product/14903436509565,Lou Reed 2 – Printed Signature Music Star Print – Reproduction Print,"music star lou reed 2 autograph print ? you won't find a better product for the price - just like the real thing but without the cost, fans "
2,Signed Music Posters (2),gid://shopify/Product/14903437918589,Manic Street 2 – Printed Signature Music Star Print – Reproduction Print,"music star manic street 2 autograph print ? you won't find a better product for the price - just like the real thing but without the cost, f"
2,Signed Music Posters (2),gid://shopify/Product/14903440834941,Martin Offiah – Printed Signature Music Star Print – Reproduction Print,"music star martin offiah autograph print ? you won't find a better product for the price - just like the real thing but without the cost, fa"
2,Signed Music Posters (2),gid://shopify/Product/14903442178429,Matt Cardle 1 – Printed Signature Music Star Print – Reproduction Print,"music star matt cardle 1 autograph print ? you won't find a better product for the price - just like the real thing but without the cost, fa"
2,Signed Music Posters (2),gid://shopify/Product/14903442473341,Matt Cardle 2 – Printed Signature Music Star Print – Reproduction Print,"music star matt cardle 2 autograph print ? you won't find a better product for the price - just like the real thing but without the cost, fa"
2,Signed Music Posters (2),gid://shopify/Product/14903443390845,Mcfly 2 – Printed Signature Music Star Print – Reproduction Print,"music star mcfly 2 autograph print ? you won't find a better product for the price - just like the real thing but without the cost, fans and"
2,Signed Music Posters (2),gid://shopify/Product/14903444930941,Michael Ball 2 – Printed Signature Music Star Print – Reproduction Print,"music star michael ball 2 autograph print ? you won't find a better product for the price - just like the real thing but without the cost, f"
2,Signed Music Posters (2),gid://shopify/Product/14903446274429,Mick Jagger 2 – Printed Signature Music Star Print – Reproduction Print,"music star mick jagger 2 autograph print ? you won't find a better product for the price - just like the real thing but without the cost, fa"
2,Signed Music Posters (2),gid://shopify/Product/14903448469885,Morrissey 1 – Printed Signature Music Star Print – Reproduction Print,"music star morrissey 1 autograph print ? you won't find a better product for the price - just like the real thing but without the cost, fans"
2,Signed Music Posters (2),gid://shopify/Product/14903449059709,Nat Lofthouse – Printed Signature Music Star Print – Reproduction Print,"music star nat lofthouse autograph print ? you won't find a better product for the price - just like the real thing but without the cost, fa"
2,Signed Music Posters (2),gid://shopify/Product/14903450599805,Neil Diamond 1 – Printed Signature Music Star Print – Reproduction Print,"music star neil diamond 1 autograph print ? you won't find a better product for the price - just like the real thing but without the cost, f"
2,Signed Music Posters (2),gid://shopify/Product/14903451550077,Neil Young 1 – Printed Signature Music Star Print – Reproduction Print,"music star neil young 1 autograph print ? you won't find a better product for the price - just like the real thing but without the cost, fan"
2,Signed Music Posters (2),gid://shopify/Product/14903455089021,Niall Horan 2 – Printed Signature Music Star Print – Reproduction Print,"music star niall horan 2 autograph print ? you won't find a better product for the price - just like the real thing but without the cost, fa"
2,Signed Music Posters (2),gid://shopify/Product/14903455383933,Nicki Minaj 1 – Printed Signature Music Star Print – Reproduction Print,"music star nicki minaj 1 autograph print ? you won't find a better product for the price - just like the real thing but without the cost, fa"
2,Signed Music Posters (2),gid://shopify/Product/14903459578237,Olly Murs 1 – Printed Signature Music Star Print – Reproduction Print,"music star olly murs 1 autograph print ? you won't find a better product for the price - just like the real thing but without the cost, fans"
2,Signed Music Posters (2),gid://shopify/Product/14903460987261,Paloma Faith 1 – Printed Signature Music Star Print – Reproduction Print,"music star paloma faith 1 autograph print ? you won't find a better product for the price - just like the real thing but without the cost, f"
2,Signed Music Posters (2),gid://shopify/Product/14903461708157,Paloma Faith 2 – Printed Signature Music Star Print – Reproduction Print,"music star paloma faith 2 autograph print ? you won't find a better product for the price - just like the real thing but without the cost, f"
2,Signed Music Posters (2),gid://shopify/Product/14903464526205,Peter Andre 1 – Printed Signature Music Star Print – Reproduction Print,"music star peter andre 1 autograph print ? you won't find a better product for the price - just like the real thing but without the cost, fa"
2,Signed Music Posters (2),gid://shopify/Product/14903465574781,Peter Andre 2 – Printed Signature Music Star Print – Reproduction Print,"music star peter andre 2 autograph print ? you won't find a better product for the price - just like the real thing but without the cost, fa"
2,Signed Music Posters (2),gid://shopify/Product/14903466033533,Phil Collins 1 – Printed Signature Music Star Print – Reproduction Print,"music star phil collins 1 autograph print ? you won't find a better product for the price - just like the real thing but without the cost, f"
2,Signed Music Posters (2),gid://shopify/Product/14903467114877,Pink 1 – Printed Signature Music Star Print – Reproduction Print,"music star pink 1 autograph print ? you won't find a better product for the price - just like the real thing but without the cost, fans and "
2,Signed Music Posters (2),gid://shopify/Product/14903468818813,Plan B 1 – Printed Signature Music Star Print – Reproduction Print,"music star plan b 1 autograph print ? you won't find a better product for the price - just like the real thing but without the cost, fans an"
2,Signed Music Posters (2),gid://shopify/Product/14903469113725,Plan B 2 – Printed Signature Music Star Print – Reproduction Print,"music star plan b 2 autograph print ? you won't find a better product for the price - just like the real thing but without the cost, fans an"
2,Signed Music Posters (2),gid://shopify/Product/14903472193917,Radiohead 2 – Printed Signature Music Star Print – Reproduction Print,"music star radiohead 2 autograph print ? you won't find a better product for the price - just like the real thing but without the cost, fans"
2,Signed Music Posters (2),gid://shopify/Product/14903478452605,Rod Stewart – Printed Signature Music Star Print – Reproduction Print,"music star rod stewart autograph print ? you won't find a better product for the price - just like the real thing but without the cost, fans"
2,Signed Music Posters (2),gid://shopify/Product/14903480123773,Roy Orbison 1 – Printed Signature Music Star Print – Reproduction Print,"music star roy orbison 1 autograph print ? you won't find a better product for the price - just like the real thing but without the cost, fa"
2,Signed Music Posters (2),gid://shopify/Product/14903480287613,Run Dmc – Printed Signature Music Star Print – Reproduction Print,"music star run dmc autograph print ? you won't find a better product for the price - just like the real thing but without the cost, fans and"
2,Signed Music Posters (2),gid://shopify/Product/14903481336189,Sam Smith 1 – Printed Signature Music Star Print – Reproduction Print,"music star sam smith 1 autograph print ? you won't find a better product for the price - just like the real thing but without the cost, fans"
2,Signed Music Posters (2),gid://shopify/Product/14903482253693,Selena Gomez – Printed Signature Music Star Print – Reproduction Print,"music star selena gomez autograph print ? you won't find a better product for the price - just like the real thing but without the cost, fan"
2,Signed Music Posters (2),gid://shopify/Product/14903483400573,Selena Gomez 3 – Printed Signature Music Star Print – Reproduction Print,"music star selena gomez 3 autograph print ? you won't find a better product for the price - just like the real thing but without the cost, f"
2,Signed Music Posters (2),gid://shopify/Product/14903484285309,Shawn Mendes – Printed Signature Music Star Print – Reproduction Print,"music star shawn mendes autograph print ? you won't find a better product for the price - just like the real thing but without the cost, fan"
2,Signed Music Posters (2),gid://shopify/Product/14903485006205,Sigur Ros Full – Printed Signature Music Star Print – Reproduction Print,"music star sigur ros full autograph print ? you won't find a better product for the price - just like the real thing but without the cost, f"
2,Signed Music Posters (2),gid://shopify/Product/14903488020861,Snoop Dogg 2 – Printed Signature Music Star Print – Reproduction Print,"music star snoop dogg 2 autograph print ? you won't find a better product for the price - just like the real thing but without the cost, fan"
2,Signed Music Posters (2),gid://shopify/Product/14903489102205,Spice Girls 2 – Printed Signature Music Star Print – Reproduction Print,"music star spice girls 2 autograph print ? you won't find a better product for the price - just like the real thing but without the cost, fa"
2,Signed Music Posters (2),gid://shopify/Product/14903491690877,Stormzy 2 – Printed Signature Music Star Print – Reproduction Print,"music star stormzy 2 autograph print ? you won't find a better product for the price - just like the real thing but without the cost, fans a"
2,Signed Music Posters (2),gid://shopify/Product/14903493558653,The Clash 1 – Printed Signature Music Star Print – Reproduction Print,"music star the clash 1 autograph print ? you won't find a better product for the price - just like the real thing but without the cost, fans"
2,Signed Music Posters (2),gid://shopify/Product/14903494017405,The Clash 2 – Printed Signature Music Star Print – Reproduction Print,"music star the clash 2 autograph print ? you won't find a better product for the price - just like the real thing but without the cost, fans"
2,Signed Music Posters (2),gid://shopify/Product/14903495491965,The Doors 2 – Printed Signature Music Star Print – Reproduction Print,"music star the doors 2 autograph print ? you won't find a better product for the price - just like the real thing but without the cost, fans"
2,Signed Music Posters (2),gid://shopify/Product/14903496802685,The Jam Final – Printed Signature Music Star Print – Reproduction Print,"music star the jam_final autograph print ? you won't find a better product for the price - just like the real thing but without the cost, fa"
2,Signed Music Posters (2),gid://shopify/Product/14903498047869,The National 1 – Printed Signature Music Star Print – Reproduction Print,"music star the national 1 autograph print ? you won't find a better product for the price - just like the real thing but without the cost, f"
2,Signed Music Posters (2),gid://shopify/Product/14903498211709,The National 2 – Printed Signature Music Star Print – Reproduction Print,"music star the national 2 autograph print ? you won't find a better product for the price - just like the real thing but without the cost, f"
2,Signed Music Posters (2),gid://shopify/Product/14903502242173,Tina Turner 2 – Printed Signature Music Star Print – Reproduction Print,"music star tina turner 2 autograph print ? you won't find a better product for the price - just like the real thing but without the cost, fa"
2,Signed Music Posters (2),gid://shopify/Product/14903503683965,Tom Odell 1 – Printed Signature Music Star Print – Reproduction Print,"music star tom odell 1 autograph print ? you won't find a better product for the price - just like the real thing but without the cost, fans"
2,Signed Music Posters (2),gid://shopify/Product/14903505060221,Tom Petty 2 – Printed Signature Music Star Print – Reproduction Print,"music star tom petty 2 autograph print ? you won't find a better product for the price - just like the real thing but without the cost, fans"
2,Signed Music Posters (2),gid://shopify/Product/14903506633085,Tommy Steele 2 – Printed Signature Music Star Print – Reproduction Print,"music star tommy steele 2 autograph print ? you won't find a better product for the price - just like the real thing but without the cost, f"
2,Signed Music Posters (2),gid://shopify/Product/14903507321213,Troye Sivan 1 – Printed Signature Music Star Print – Reproduction Print,"music star troye sivan 1 autograph print ? you won't find a better product for the price - just like the real thing but without the cost, fa"
2,Signed Music Posters (2),gid://shopify/Product/14903510696317,Una Healy 1 – Printed Signature Music Star Print – Reproduction Print,"music star una healy (1) autograph print ? you won't find a better product for the price - just like the real thing but without the cost, fa"
2,Signed Music Posters (2),gid://shopify/Product/14903514562941,Westlife 2 – Printed Signature Music Star Print – Reproduction Print,"music star westlife 2 autograph print ? you won't find a better product for the price - just like the real thing but without the cost, fans "
2,Signed Music Posters (2),gid://shopify/Product/14910253269373,Bruce Springsteen Music Gift Framed Printed Signature Star Poster Print Wall Art Gift – Reproduction Print,a digital reproduction of bruce springsteen music gift framed autographed print landscape available in poster sizes a4 a3 a2 a1 - framed or 
2,Signed Music Posters (2),gid://shopify/Product/14910253826429,Celine Dion Music Gift Framed Printed Signature Star Poster Print Wall Art Gift – Reproduction Print,a digital reproduction of celine dion music gift framed autographed print landscape available in poster sizes a4 a3 a2 a1 - framed or print 
2,Signed RUGBY Prints Posters (2),gid://shopify/Product/14910254973309,Dan Carter (2) Rugby Gift Framed Printed Signature Star Poster Print Wall Art Gift – Reproduction Print,a digital reproduction of dan carter rugby gift framed autographed print landscape available in poster sizes a4 a3 a2 a1 - framed or print o
2,Signed Music Posters (2),gid://shopify/Product/14910256611709,Ed Sheeran Music Gift Framed Printed Signature Star Poster Print Wall Art Gift – Reproduction Print,a digital reproduction of ed sheeran music gift framed autographed print landscape available in poster sizes a4 a3 a2 a1 - framed or print o
2,Signed Music Posters (2),gid://shopify/Product/14910257168765,Eddie Van Halen Music Gift Framed Printed Signature Star Poster Print Wall Art Gift – Reproduction Print,a digital reproduction of eddie van halen music gift framed autographed print landscape available in poster sizes a4 a3 a2 a1 - framed or pr
2,Signed Footballer Posters (2),gid://shopify/Product/14910257267069,Eden Hazard Football Gift Framed Printed Signature Star Poster Print Wall Art Gift – Reproduction Print,a digital reproduction of eden hazard football gift framed autographed print landscape available in poster sizes a4 a3 a2 a1 - framed or pri
2,Signed Music Posters (2),gid://shopify/Product/14910257365373,Elvis Costello Music Gift Framed Printed Signature Star Poster Print Wall Art Gift – Reproduction Print,a digital reproduction of elvis costello music gift framed autographed print landscape available in poster sizes a4 a3 a2 a1 - framed or pri
2,Signed Music Posters (2),gid://shopify/Product/14910259691901,Freddie Mercury Music Gift Framed Printed Signature Star Poster Print Wall Art Gift – Reproduction Print,a digital reproduction of freddie mercury music gift framed autographed print landscape available in poster sizes a4 a3 a2 a1 - framed or pr
2,Signed Footballer Posters (2),gid://shopify/Product/14910259888509,Gareth Bale Football Gift Framed Printed Signature Star Poster Print Wall Art Gift – Reproduction Print,a digital reproduction of gareth bale football gift framed autographed print landscape available in poster sizes a4 a3 a2 a1 - framed or pri
2,Signed Music Posters (2),gid://shopify/Product/14910260052349,George Michael (2) Music Gift Framed Printed Signature Star Poster Print Wall Art Gift – Reproduction Print,a digital reproduction of george michael music gift framed autographed print landscape available in poster sizes a4 a3 a2 a1 - framed or pri
2,Signed Music Posters (2),gid://shopify/Product/14910262378877,Jimi Hendrix 2 Music Gift Framed Printed Signature Star Poster Print Wall Art Gift – Reproduction Print,a digital reproduction of jimi hendrix music gift framed autographed print landscape available in poster sizes a4 a3 a2 a1 - framed or print
2,Signed RUGBY Prints Posters (2),gid://shopify/Product/14910263460221,Jonah Lomu (2) Gift Framed Printed Signature Star Poster Print Wall Art Gift – Reproduction Print,a digital reproduction of jonah lomu (2) gift framed autographed print landscape available in poster sizes a4 a3 a2 a1 - framed or print onl
2,Signed TV Show Prints (2),gid://shopify/Product/14910265262461,Kylie Jenner Gift Framed Printed Signature Star Poster Print Wall Art Gift – Reproduction Print,a digital reproduction of kylie jenner gift framed autographed print landscape available in poster sizes a4 a3 a2 a1 - framed or print only 
2,Signed BOXING Prints Posters (2),gid://shopify/Product/14910267097469,Manny Pacquiao Boxing Gift Framed Printed Signature Star Poster Print Wall Art Gift – Reproduction Print,a digital reproduction of manny pacquiao boxing gift framed autographed print landscape available in poster sizes a4 a3 a2 a1 - framed or pr
2,Signed Music Posters (2),gid://shopify/Product/14910268604797,Miley Cyrus Music Gift Framed Printed Signature Star Poster Print Wall Art Gift – Reproduction Print,a digital reproduction of miley cyrus music gift framed autographed print landscape available in poster sizes a4 a3 a2 a1 - framed or print 
2,Signed Music Posters (2),gid://shopify/Product/14910273421693,Rod Stewart 2 Music Gift Framed Printed Signature Star Poster Print Wall Art Gift – Reproduction Print,a digital reproduction of rod stewart music gift framed autographed print landscape available in poster sizes a4 a3 a2 a1 - framed or print 
2,Signed Wrestling Prints (2),gid://shopify/Product/14910274306429,Ronda Rousey (2) WWE Wrestling Gift Framed Printed Signature Star Poster Print Wall Art Gift – Reproduction Print,a digital reproduction of ronda rousey wwe wrestling gift framed autographed print landscape available in poster sizes a4 a3 a2 a1 - framed 
2,Celebrity Facemask (2),gid://shopify/Product/14931209093501,Camille Golden Globes 2025 Celebrity Face Masks - Hollywood-Themed Fancy Dress Party Accessories,bring the glitz and glamour of the golden globes to your party or event with these high-quality celebrity face masks. featuring top stars fr
2,Signed A6 Poster Cards (2),gid://shopify/Product/15022023672189,"Manchester City Players Printed Signature A6 Poster Pack – 6 Poster Print Cards (Haaland, Foden, De Bruyne, Rodri, Ederson, Guardiola) – Reproduction Print",signed man city football player a6 poster card 6 signed football player cards printed on 350gsm premium card stock celebrate your football t
2,Signed A6 Poster Cards (2),gid://shopify/Product/15022023737725,"Manchester United Players Printed Signature A6 Poster Pack – 6 Poster Print Cards (Diallo, De Ligt, Dalot, Fernandez, Onana, Amorin) – Reproduction Print",signed man united football player a6 poster card 6 signed football player cards printed on 350gsm premium card stock celebrate your football
2,Signed A6 Poster Cards (2),gid://shopify/Product/15022024851837,"Wolverhampton Wanderers Players Printed Signature A6 Poster Pack – 6 Poster Print Cards (Cunha, Gomez, Neto, Ait-Nouri, Sa, Pereira) – Reproduction Print",signed wolves football player a6 poster card 6 signed football player cards printed on 350gsm premium card stock celebrate your football tea
2,(none) (2),gid://shopify/Product/15035355726205,NANA AND GRANDAD WHITE PERSONALISED WORD SEARCH CUSTOM WORD PUZZLE UNIQUE HIGH QUALITY DESIGN,"this personalised word search puzzle poster features a unique design and high-quality production. - a perfect gift for grandparents, it offe"
2,(none) (2),gid://shopify/Product/15035385020797,FAMILY EST. WHITE PERSONALISED WORD SEARCH CUSTOM WORD PUZZLE UNIQUE HIGH QUALITY DESIGN,"this personalised word search puzzle poster features a unique design and high-quality production. - a perfect gift for grandparents, it offe"
2,Signed Athletics Prints (2),gid://shopify/Product/15301663293821,Jude Bellingham V1 Printed Signature Poster Print – Real Madrid & England Football Star – Gift for Fans – Reproduction Print,"celebrate the brilliance of jude bellingham with this signed autograph poster print, capturing the energy and charisma of one of football’s "
2,Signed Athletics Prints (2),gid://shopify/Product/15301663916413,Lamine Yamal V1 Printed Signature Poster Print – FC Barcelona Wonderkid – Football Gift for Fans & Collectors – Reproduction Print,"show your love for the future of football with this lamine yamal signed autograph poster print, featuring the fc barcelona and spain sensati"
2,Signed Athletics Prints (2),gid://shopify/Product/15301667324285,Sunderland Wembley V1 Champions Poster Print – 2025 Football Celebration – Stadium Victory Souvenir,relive the thrill of sunderland’s unforgettable wembley victory with this striking sunderland champions poster print. featuring high-impact 
2,Signed Athletics Prints (2),gid://shopify/Product/15763369918845,"Personalised Valentines Coordinates Fist Met Print Poster Design 1 - Wedding Anniversary, Valentines Gift",capture the magic of your love story with our coordinates love print! this personalized print allows you to showcase the exact spot where yo
2,Kids Invites (2),gid://shopify/Product/9405829768,10 X Personalised Printed Calling All Superheros 3 INSPIRED STYLE Invites,10 x personalised calling all superheros 3 invite all invitations are printed on a super thick 350gsm silk art board they are all profession
2,Wall Decor (2),gid://shopify/Product/9616174408,Framed Canvas,a beautiful high quality framed canvas that will look amazing on any wall.
2,Homeware (2),gid://shopify/Product/9616177160,Beach Towel,"this beautiful towel is made with super-soft pure cotton. it's absorbent and lightweight, great for drying off after a leisurely dip in the "
2,Apparel (2),gid://shopify/Product/9616186376,California Fleece Pullover Hoodie,"the softest, smoothest, best-looking hoodie available anywhere! fine jersey (100% cotton) construction, it's guaranteed to impress."
2,Sega Master System POSTERS (2),gid://shopify/Product/9776796104,Tennis Ace- Sega Mastersystem Inspired Retro Gaming Poster A4 A3 A2 Or A1,tennis ace- sega mastersystem retro gaming poster a4 a3 a2 a1 custom designed retro game poster professionally printed on 170gsm silk posted
2,Sega Master System POSTERS (2),gid://shopify/Product/9776796616,Terminator Custom- Sega Mastersystem Inspired Retro Gaming Poster A4 A3 A2 Or A1,terminator custom- sega mastersystem retro gaming poster a4 a3 a2 a1 custom designed retro game poster professionally printed on 170gsm silk
2,Sega Master System POSTERS (2),gid://shopify/Product/9776797256,Terminator- Sega Mastersystem Inspired Retro Gaming Poster A4 A3 A2 Or A1,terminator- sega mastersystem retro gaming poster a4 a3 a2 a1 custom designed retro game poster professionally printed on 170gsm silk posted
2,Sega Master System POSTERS (2),gid://shopify/Product/9776797768,The Ninja 4- Sega Mastersystem Inspired Retro Gaming Poster A4 A3 A2 Or A1,the ninja 4- sega mastersystem retro gaming poster a4 a3 a2 a1 custom designed retro game poster professionally printed on 170gsm silk poste
2,Sega Master System POSTERS (2),gid://shopify/Product/9776798152,Theluckydimecaperstarringdonaldduck_Eu- Sega Mastersystem Inspired Retro Gaming Poster A4 A3 A2 Or A1,theluckydimecaperstarringdonaldduck_eu- sega mastersystem retro gaming poster a4 a3 a2 a1 custom designed retro game poster professionally p
2,Sega Master System POSTERS (2),gid://shopify/Product/9776798856,Thunderblade- Sega Mastersystem Inspired Retro Gaming Poster A4 A3 A2 Or A1,thunderblade- sega mastersystem retro gaming poster a4 a3 a2 a1 custom designed retro game poster professionally printed on 170gsm silk post
2,Sega Master System POSTERS (2),gid://shopify/Product/9776799688,Tom Jerry- Sega Mastersystem Inspired Retro Gaming Poster A4 A3 A2 Or A1,tom jerry- sega mastersystem retro gaming poster a4 a3 a2 a1 custom designed retro game poster professionally printed on 170gsm silk posted 
2,Sega Master System POSTERS (2),gid://shopify/Product/9776800072,Transbot 2 Eu- Sega Mastersystem Inspired Retro Gaming Poster A4 A3 A2 Or A1,transbot 2 eu- sega mastersystem retro gaming poster a4 a3 a2 a1 custom designed retro game poster professionally printed on 170gsm silk pos
2,Sega Master System POSTERS (2),gid://shopify/Product/9776800520,Transbot- Sega Mastersystem Inspired Retro Gaming Poster A4 A3 A2 Or A1,transbot- sega mastersystem retro gaming poster a4 a3 a2 a1 custom designed retro game poster professionally printed on 170gsm silk posted i
2,Sega Master System POSTERS (2),gid://shopify/Product/9776800904,Ultimaiv Au- Sega Mastersystem Inspired Retro Gaming Poster A4 A3 A2 Or A1,ultimaiv au- sega mastersystem retro gaming poster a4 a3 a2 a1 custom designed retro game poster professionally printed on 170gsm silk poste
2,Sega Master System POSTERS (2),gid://shopify/Product/9776801352,Vigilante- Sega Mastersystem Inspired Retro Gaming Poster A4 A3 A2 Or A1,vigilante- sega mastersystem retro gaming poster a4 a3 a2 a1 custom designed retro game poster professionally printed on 170gsm silk posted 
2,Sega Master System POSTERS (2),gid://shopify/Product/9776801672,WC Leaderboard- Sega Mastersystem Inspired Retro Gaming Poster A4 A3 A2 Or A1,wc leaderboard- sega mastersystem retro gaming poster a4 a3 a2 a1 custom designed retro game poster professionally printed on 170gsm silk po
2,Sega Master System POSTERS (2),gid://shopify/Product/9776802120,WC94- Sega Mastersystem Inspired Retro Gaming Poster A4 A3 A2 Or A1,wc94- sega mastersystem retro gaming poster a4 a3 a2 a1 custom designed retro game poster professionally printed on 170gsm silk posted in a 
2,Sega Master System POSTERS (2),gid://shopify/Product/9776802504,Wolfchild_Eu- Sega Mastersystem Inspired Retro Gaming Poster A4 A3 A2 Or A1,wolfchild_eu- sega mastersystem retro gaming poster a4 a3 a2 a1 custom designed retro game poster professionally printed on 170gsm silk post
2,Sega Master System POSTERS (2),gid://shopify/Product/9776803016,Wonder Boy In Monster Land Eu- Sega Mastersystem Inspired Retro Gaming Poster A4 A3 A2 Or A1,wonder boy in monster land eu- sega mastersystem retro gaming poster a4 a3 a2 a1 custom designed retro game poster professionally printed on
2,Sega Master System POSTERS (2),gid://shopify/Product/9776803400,Wonderboy Au- Sega Mastersystem Inspired Retro Gaming Poster A4 A3 A2 Or A1,wonderboy au- sega mastersystem retro gaming poster a4 a3 a2 a1 custom designed retro game poster professionally printed on 170gsm silk post
2,Sega Master System POSTERS (2),gid://shopify/Product/9776803720,Wonderboy Iii The Dragons Trap Au- Sega Mastersystem Inspired Retro Gaming Poster A4 A3 A2 Or A1,wonderboy iii the dragons trap au- sega mastersystem retro gaming poster a4 a3 a2 a1 custom designed retro game poster professionally printe
2,Sega Master System POSTERS (2),gid://shopify/Product/9776804040,Wonderboy In Monster World Au- Sega Mastersystem Inspired Retro Gaming Poster A4 A3 A2 Or A1,wonderboy in monster world au- sega mastersystem retro gaming poster a4 a3 a2 a1 custom designed retro game poster professionally printed on
2,Sega Master System POSTERS (2),gid://shopify/Product/9776804232,Wonderboy Monsterland- Sega Mastersystem Inspired Retro Gaming Poster A4 A3 A2 Or A1,wonderboy monsterland- sega mastersystem retro gaming poster a4 a3 a2 a1 custom designed retro game poster professionally printed on 170gsm 
2,Sega Master System POSTERS (2),gid://shopify/Product/9776804488,World Class Leaderboard Eu- Sega Mastersystem Inspired Retro Gaming Poster A4 A3 A2 Or A1,world class leaderboard eu- sega mastersystem retro gaming poster a4 a3 a2 a1 custom designed retro game poster professionally printed on 17
2,Sega Master System POSTERS (2),gid://shopify/Product/9776804616,World Games- Sega Mastersystem Inspired Retro Gaming Poster A4 A3 A2 Or A1,world games- sega mastersystem retro gaming poster a4 a3 a2 a1 custom designed retro game poster professionally printed on 170gsm silk poste
2,Sega Master System POSTERS (2),gid://shopify/Product/9776804872,Wwf Wrestlemania Steel Cage Challenge 2- Sega Mastersystem Inspired Retro Gaming Poster A4 A3 A2 Or A1,wwf wrestlemania steel cage challenge 2- sega mastersystem retro gaming poster a4 a3 a2 a1 custom designed retro game poster professionally 
2,Sega Master System POSTERS (2),gid://shopify/Product/9776805192,Zillion 2- Sega Mastersystem Inspired Retro Gaming Poster A4 A3 A2 Or A1,zillion 2- sega mastersystem retro gaming poster a4 a3 a2 a1 custom designed retro game poster professionally printed on 170gsm silk posted 
2,Sega Master System POSTERS (2),gid://shopify/Product/9776805512,ZOOL- Sega Mastersystem Inspired Retro Gaming Poster A4 A3 A2 Or A1,zool- sega mastersystem retro gaming poster a4 a3 a2 a1 custom designed retro game poster professionally printed on 170gsm silk posted in a 
2,Sega Genesis (2),gid://shopify/Product/9844926856,Genesis Dragon The Bruce Lee Story Sega Megadrive REPLACEMENT GAME Case Or Cover,"genesis dragon the bruce lee story sega megadrive case or cover replacement game case, cover or both ugc - ultimate game case printed cover "
2,Sega Genesis (2),gid://shopify/Product/9844936008,Genesis Eswat Sega Megadrive REPLACEMENT GAME Case Or Cover,"genesis eswat sega megadrive case or cover replacement game case, cover or both ugc - ultimate game case printed cover on 130gsm gloss art ("
2,Sega Genesis (2),gid://shopify/Product/9844942280,Genesis Fantasia Sega Megadrive REPLACEMENT GAME Case Or Cover,"genesis fantasia sega megadrive case or cover replacement game case, cover or both ugc - ultimate game case printed cover on 130gsm gloss ar"
2,Sega Genesis (2),gid://shopify/Product/9844948552,Genesis Flicky Sega Megadrive REPLACEMENT GAME Case Or Cover,"genesis flicky sega megadrive case or cover replacement game case, cover or both ugc - ultimate game case printed cover on 130gsm gloss art "
2,Sega Genesis (2),gid://shopify/Product/9844953096,Genesis Galaxy Force II Sega Megadrive REPLACEMENT GAME Case Or Cover,"genesis galaxy force ii sega megadrive case or cover replacement game case, cover or both ugc - ultimate game case printed cover on 130gsm g"
2,Sega Genesis (2),gid://shopify/Product/9844954376,Genesis Gauntlet IV Sega Megadrive REPLACEMENT GAME Case Or Cover,"genesis gauntlet iv sega megadrive case or cover replacement game case, cover or both ugc - ultimate game case printed cover on 130gsm gloss"
2,Sega Genesis (2),gid://shopify/Product/9844955272,Genesis General Chaos Sega Megadrive REPLACEMENT GAME Case Or Cover,"genesis general chaos sega megadrive case or cover replacement game case, cover or both ugc - ultimate game case printed cover on 130gsm glo"
2,Sega Genesis (2),gid://shopify/Product/9844957384,Genesis Ghouls'n Ghosts Sega Megadrive REPLACEMENT GAME Case Or Cover,"genesis ghouls'n ghosts sega megadrive case or cover replacement game case, cover or both ugc - ultimate game case printed cover on 130gsm g"
2,Sega Genesis (2),gid://shopify/Product/9844958216,Genesis Global Gladiators Sega Megadrive REPLACEMENT GAME Case Or Cover,"genesis global gladiators sega megadrive case or cover replacement game case, cover or both ugc - ultimate game case printed cover on 130gsm"
2,Sega Genesis (2),gid://shopify/Product/9844962504,Genesis Golden Axe II Sega Megadrive REPLACEMENT GAME Case Or Cover,"genesis golden axe ii sega megadrive case or cover replacement game case, cover or both ugc - ultimate game case printed cover on 130gsm glo"
2,Sega Genesis (2),gid://shopify/Product/9844967816,Genesis Gynoug Sega Megadrive REPLACEMENT GAME Case Or Cover,"genesis gynoug sega megadrive case or cover replacement game case, cover or both ugc - ultimate game case printed cover on 130gsm gloss art "
2,Sega Genesis (2),gid://shopify/Product/9844969992,Genesis Hellfire Sega Megadrive REPLACEMENT GAME Case Or Cover,"genesis hellfire sega megadrive case or cover replacement game case, cover or both ugc - ultimate game case printed cover on 130gsm gloss ar"
2,Sega Genesis (2),gid://shopify/Product/9844970952,Genesis Herzog Zwei Sega Megadrive REPLACEMENT GAME Case Or Cover,"genesis herzog zwei sega megadrive case or cover replacement game case, cover or both ugc - ultimate game case printed cover on 130gsm gloss"
2,Sega Genesis (2),gid://shopify/Product/9844973000,Genesis Immortal Sega Megadrive REPLACEMENT GAME Case Or Cover,"genesis immortal sega megadrive case or cover replacement game case, cover or both ugc - ultimate game case printed cover on 130gsm gloss ar"
2,Sega Genesis (2),gid://shopify/Product/9844978120,Genesis Judge Dredd Sega Megadrive REPLACEMENT GAME Case Or Cover,"genesis judge dredd sega megadrive case or cover replacement game case, cover or both ugc - ultimate game case printed cover on 130gsm gloss"
2,Sega Genesis (2),gid://shopify/Product/9844979336,Genesis Jurassic Park Sega Megadrive REPLACEMENT GAME Case Or Cover,"genesis jurassic park sega megadrive case or cover replacement game case, cover or both ugc - ultimate game case printed cover on 130gsm glo"
2,Sega Genesis (2),gid://shopify/Product/9844983496,Genesis Krusty's Super Fun House Sega Megadrive REPLACEMENT GAME Case Or Cover,"genesis krusty's super fun house sega megadrive case or cover replacement game case, cover or both ugc - ultimate game case printed cover on"
2,Sega Genesis (2),gid://shopify/Product/9844985480,Genesis Landstalker Sega Megadrive REPLACEMENT GAME Case Or Cover,"genesis landstalker sega megadrive case or cover replacement game case, cover or both ugc - ultimate game case printed cover on 130gsm gloss"
2,Sega Genesis (2),gid://shopify/Product/9844989832,Genesis Light Crusader Sega Megadrive REPLACEMENT GAME Case Or Cover,"genesis light crusader sega megadrive case or cover replacement game case, cover or both ugc - ultimate game case printed cover on 130gsm gl"
2,Sega Genesis (2),gid://shopify/Product/9844993608,Genesis Marble Madness Sega Megadrive REPLACEMENT GAME Case Or Cover,"genesis marble madness sega megadrive case or cover replacement game case, cover or both ugc - ultimate game case printed cover on 130gsm gl"
2,Sega Genesis (2),gid://shopify/Product/9844998920,Genesis Mega Man The Wily Wars Sega Megadrive REPLACEMENT GAME Case Or Cover,"genesis mega man the wily wars sega megadrive case or cover replacement game case, cover or both ugc - ultimate game case printed cover on 1"
2,Sega Genesis (2),gid://shopify/Product/9844999816,Genesis Mega Turrican Sega Megadrive REPLACEMENT GAME Case Or Cover,"genesis mega turrican sega megadrive case or cover replacement game case, cover or both ugc - ultimate game case printed cover on 130gsm glo"
2,Sega Genesis (2),gid://shopify/Product/9845004872,Genesis Might And Magic Gates To Another World Sega Megadrive REPLACEMENT GAME Case Or Cover,"genesis might and magic gates to another world sega megadrive case or cover replacement game case, cover or both ugc - ultimate game case pr"
2,Sega Genesis (2),gid://shopify/Product/9845007048,Genesis Mighty Morphin Power Rangers Sega Megadrive REPLACEMENT GAME Case Or Cover,"genesis mighty morphin power rangers sega megadrive case or cover replacement game case, cover or both ugc - ultimate game case printed cove"
2,Sega Genesis (2),gid://shopify/Product/9845054792,Genesis Roadrash 2 Sega Megadrive REPLACEMENT GAME Case Or Cover,"genesis roadrash 2 sega megadrive case or cover replacement game case, cover or both ugc - ultimate game case printed cover on 130gsm gloss "
2,Sega Genesis (2),gid://shopify/Product/9845063816,Genesis Rolling Thunder 2 EU Sega Megadrive REPLACEMENT GAME Case Or Cover,"genesis rolling thunder 2 eu sega megadrive case or cover replacement game case, cover or both ugc - ultimate game case printed cover on 130"
2,PLAYSTATION 1 KEYRINGS (2),gid://shopify/Product/9918242440,Gran Turismo 2 Eu - PS1 Playstation 1 Game Inspired Retro Gaming Magnet,gran turismo 2 eu - ps1 playstation 1 game keyring custom designed retro game keyring professionally printed keyring image will be printed o
2,PLAYSTATION 1 KEYRINGS (2),gid://shopify/Product/9918255624,Parasite Eve 2 - PS1 Playstation 1 Game Inspired Retro Gaming Magnet,parasite eve 2 - ps1 playstation 1 game keyring custom designed retro game keyring professionally printed keyring image will be printed on a
2,GameBoy posters (2),gid://shopify/Product/9933809352,Yoshi Game Style Inspired Retro Gaming Poster A2 A3 Or A4,yoshi custom designed retro game poster professionally printed on 170gsm silk posted in a hard back envelope for safety many more in our sto
2,Sega Genesis (2),gid://shopify/Product/10146710024,SEGA Genesis Universal Soldier Sega Megadrive REPLACEMENT GAME Case Or Cover,"genesis universal soldier sega megadrive case or cover replacement game case, cover or both ugc - ultimate game case printed cover on 130gsm"
2,Sega Genesis (2),gid://shopify/Product/10146710664,SEGA Genesis Last Battle Sega Megadrive REPLACEMENT GAME Case Or Cover,"genesis last battle sega megadrive case or cover replacement game case, cover or both ugc - ultimate game case printed cover on 130gsm gloss"
2,Sega Genesis (2),gid://shopify/Product/10146720328,SEGA Genesis Another World Sega Megadrive REPLACEMENT GAME Case Or Cover,"genesis another world sega megadrive case or cover replacement game case, cover or both ugc - ultimate game case printed cover on 130gsm glo"
2,Sega Genesis (2),gid://shopify/Product/10146730184,SEGA Genesis Battle Squadron Sega Megadrive REPLACEMENT GAME Case Or Cover,"genesis battle squadron sega megadrive case or cover replacement game case, cover or both ugc - ultimate game case printed cover on 130gsm g"
2,Sega Genesis (2),gid://shopify/Product/10146735304,SEGA Genesis Bio Hazard Battle Sega Megadrive REPLACEMENT GAME Case Or Cover,"genesis bio hazard battle sega megadrive case or cover replacement game case, cover or both ugc - ultimate game case printed cover on 130gsm"
2,Sega Genesis (2),gid://shopify/Product/10146738568,SEGA Genesis Castlevania The New Generation Sega Megadrive REPLACEMENT GAME Case Or Cover,"genesis castlevania the new generation sega megadrive case or cover replacement game case, cover or both ugc - ultimate game case printed co"
2,Sega Genesis (2),gid://shopify/Product/10146739720,SEGA Genesis Centurion Defender Of Rome Sega Megadrive REPLACEMENT GAME Case Or Cover,"genesis centurion defender of rome sega megadrive case or cover replacement game case, cover or both ugc - ultimate game case printed cover "
2,Sega Genesis (2),gid://shopify/Product/10146740360,SEGA Genesis Chakan Sega Megadrive REPLACEMENT GAME Case Or Cover,"genesis chakan sega megadrive case or cover replacement game case, cover or both ugc - ultimate game case printed cover on 130gsm gloss art "
2,Sega Genesis (2),gid://shopify/Product/10146742152,SEGA Genesis Chiki Chiki Boys Sega Megadrive REPLACEMENT GAME Case Or Cover,"genesis chiki chiki boys sega megadrive case or cover replacement game case, cover or both ugc - ultimate game case printed cover on 130gsm "
2,Sega Genesis (2),gid://shopify/Product/10146744136,SEGA Genesis Clayfighter Sega Megadrive REPLACEMENT GAME Case Or Cover,"genesis clayfighter sega megadrive case or cover replacement game case, cover or both ugc - ultimate game case printed cover on 130gsm gloss"
2,Sega Genesis (2),gid://shopify/Product/10146746568,SEGA Genesis Columns III Sega Megadrive REPLACEMENT GAME Case Or Cover,"genesis columns iii sega megadrive case or cover replacement game case, cover or both ugc - ultimate game case printed cover on 130gsm gloss"
2,Sega Genesis (2),gid://shopify/Product/10146753416,SEGA Genesis Crystal's Pony Tale Sega Megadrive REPLACEMENT GAME Case Or Cover,"genesis crystal's pony tale sega megadrive case or cover replacement game case, cover or both ugc - ultimate game case printed cover on 130g"
2,Sega Genesis (2),gid://shopify/Product/10146754312,SEGA Genesis Cyber-Cop Sega Megadrive REPLACEMENT GAME Case Or Cover,"genesis cyber-cop sega megadrive case or cover replacement game case, cover or both ugc - ultimate game case printed cover on 130gsm gloss a"
2,Sega Genesis (2),gid://shopify/Product/10146755080,SEGA Genesis Cyborg Justice Sega Megadrive REPLACEMENT GAME Case Or Cover,"genesis cyborg justice sega megadrive case or cover replacement game case, cover or both ugc - ultimate game case printed cover on 130gsm gl"
2,Sega Genesis (2),gid://shopify/Product/10146757000,SEGA Genesis Desert Strike Sega Megadrive REPLACEMENT GAME Case Or Cover,"genesis desert strike sega megadrive case or cover replacement game case, cover or both ugc - ultimate game case printed cover on 130gsm glo"
2,Sega Genesis (2),gid://shopify/Product/10146950792,SEGA Genesis Sonic The Hedge Hog 2 Sega Megadrive REPLACEMENT GAME Case Or Cover,"genesis sonic the hedge hog 2 sega megadrive case or cover replacement game case, cover or both ugc - ultimate game case printed cover on 13"
2,Sega Genesis (2),gid://shopify/Product/10146980488,SEGA Genesis Streets Of Rage 2 EU Sega Megadrive REPLACEMENT GAME Case Or Cover,"genesis streets of rage 2 eu sega megadrive case or cover replacement game case, cover or both ugc - ultimate game case printed cover on 130"
2,Sega Genesis (2),gid://shopify/Product/10146981512,SEGA Genesis Streets Of Rage 3 EU Sega Megadrive REPLACEMENT GAME Case Or Cover,"genesis streets of rage 3 eu sega megadrive case or cover replacement game case, cover or both ugc - ultimate game case printed cover on 130"
2,Sega Mastersystem (2),gid://shopify/Product/10147155976,After Burner 2 EUNAME Sega Master System REPLACEMENT GAME Case Or Cover,"after burner 2 eusega master system case or cover replacement game case, cover or both ugc - ultimate game case printed cover on 130gsm glos"
2,Sega Mastersystem (2),gid://shopify/Product/10147157384,Blank Panic Sega Master System REPLACEMENT GAME Case Or Cover (Copy),"blank panic sega master system case or cover replacement game case, cover or both ugc - ultimate game case printed cover on 130gsm gloss art"
2,(none) (2),gid://shopify/Product/4544081264715,Your Poster is UPGRADED to A3 Gold Framed - Total Calculated at Checkout,your poster is upgraded to a3 gold framed - total cost £24.99
