Handle,Body (HTML)
dog-in-funny-glasses-personalised-birthday-card,"<p>Looking for a card for a animal lover? This personalised Dog In Glasses birthday card is made to order with the name, age and message you choose.</p>
<h2>Personalised Dog In Glasses birthday card</h2>
<p>You get a Dog In Glasses design, printed with the name and age you give us. Want a message inside? Add it when you order and we'll print that as well. We print exactly what you enter, so please double-check names and spelling.</p>
<h3>Why you'll love it</h3>
<ul>
<li>Printed on 350gsm silk art board, much thicker than the usual 240gsm card</li>
<li>Printed A4 and folded to A5, then machine cut and folded for a crisp finish</li>
<li>Printed inside and out if you want a message inside</li>
<li>Comes with a free white envelope</li>
<li>Posted flat in a board-backed envelope so it arrives uncreased</li>
</ul>
<h3>Size &amp; details</h3>
<ul>
<li>Size: printed A4, folded to A5</li>
<li>Card: 350gsm silk art board</li>
<li>Finish: machine cut and folded</li>
<li>Includes: free white envelope</li>
<li>Personalisation: name, age, front message and inside message</li>
</ul>
<h3>Delivery</h3>
<p>Sent Royal Mail 1st Class, dispatched the same day, or the next working day at busy times. It's posted flat in a board-backed envelope.</p>
<p>Pair the personalised Dog In Glasses birthday card with a personalised mug for a birthday gift that's sorted in one go. Custom cards on request: call 01439 771468.</p>"
pug-fun-personalised-birthday-card,"<p>Our personalised Pug Fun birthday card is a fun way to wish a animal lover happy birthday, with their name and age added to the design.</p>
<h2>Personalised Pug Fun birthday card</h2>
<p>You get a Pug Fun design, printed with the name and age you give us. Want a message inside? Add it when you order and we'll print that as well. We print exactly what you enter, so please double-check names and spelling.</p>
<h3>Why you'll love it</h3>
<ul>
<li>Printed on 350gsm silk art board, much thicker than the usual 240gsm card</li>
<li>Printed A4 and folded to A5, then machine cut and folded for a crisp finish</li>
<li>Personalised with their name, age and your own message</li>
<li>Printed inside and out if you want a message inside</li>
<li>Posted flat in a board-backed envelope so it arrives uncreased</li>
</ul>
<h3>Size &amp; details</h3>
<ul>
<li>Size: printed A4, folded to A5</li>
<li>Card: 350gsm silk art board</li>
<li>Finish: machine cut and folded</li>
<li>Includes: free white envelope</li>
<li>Personalisation: name, age, front message and inside message</li>
</ul>
<h3>Delivery</h3>
<p>Sent Royal Mail 1st Class, dispatched the same day, or the next working day at busy times. It's posted flat in a board-backed envelope.</p>
<p>Buying for a animal lover? Add a personalised mug or poster for a matching gift. Custom card designs on request: call 01439 771468.</p>"
kitten-on-top-of-labrador-funny-birthday-card,"<p>Looking for a card for a animal lover? This personalised Kitten On Top Of Labrador birthday card is made to order with the name, age and message you choose.</p>
<h2>Personalised Kitten On Top Of Labrador birthday card</h2>
<p>It's a Kitten On Top Of Labrador design, personalised with the name and age of the birthday animal lover. We can print inside and out, so add your own inside message when you order. We print exactly what you enter, so please double-check names and spelling.</p>
<h3>Why you'll love it</h3>
<ul>
<li>Printed on 350gsm silk art board, much thicker than the usual 240gsm card</li>
<li>Personalised with their name, age and your own message</li>
<li>Printed inside and out if you want a message inside</li>
<li>Comes with a free white envelope</li>
<li>Posted flat in a board-backed envelope so it arrives uncreased</li>
</ul>
<h3>Size &amp; details</h3>
<ul>
<li>Size: printed A4, folded to A5</li>
<li>Card: 350gsm silk art board</li>
<li>Finish: machine cut and folded</li>
<li>Includes: free white envelope</li>
<li>Personalisation: name, age, front message and inside message</li>
</ul>
<h3>Delivery</h3>
<p>Sent Royal Mail 1st Class, dispatched the same day, or the next working day at busy times. It's posted flat in a board-backed envelope.</p>
<p>Buying for a animal lover? Add a personalised mug or poster for a matching gift. Custom card designs on request: call 01439 771468.</p>"
borwn-horse-birthday-card,"<p>Our personalised Borwn Horse birthday card is a fun way to wish a animal lover happy birthday, with their name and age added to the design.</p>
<h2>Borwn Horse birthday card with name and age</h2>
<p>It's a Borwn Horse design, personalised with the name and age of the birthday animal lover. We can print inside and out, so add your own inside message when you order. We print exactly what you enter, so please double-check names and spelling.</p>
<h3>Why you'll love it</h3>
<ul>
<li>Printed on 350gsm silk art board, much thicker than the usual 240gsm card</li>
<li>Printed A4 and folded to A5, then machine cut and folded for a crisp finish</li>
<li>Printed inside and out if you want a message inside</li>
<li>Comes with a free white envelope</li>
<li>Posted flat in a board-backed envelope so it arrives uncreased</li>
</ul>
<h3>Size &amp; details</h3>
<ul>
<li>Size: printed A4, folded to A5</li>
<li>Card: 350gsm silk art board</li>
<li>Finish: machine cut and folded</li>
<li>Includes: free white envelope</li>
<li>Personalisation: name, age, front message and inside message</li>
</ul>
<h3>Delivery</h3>
<p>Sent Royal Mail 1st Class, dispatched the same day, or the next working day at busy times. It's posted flat in a board-backed envelope.</p>
<p>Buying for a animal lover? Add a personalised mug or poster for a matching gift. Custom card designs on request: call 01439 771468.</p>"
bunny-pink-flowers-birthday-card,"<p>Looking for a card for a animal lover? This personalised Bunny Pink Flowers birthday card is made to order with the name, age and message you choose.</p>
<h2>Personalised Bunny Pink Flowers birthday card</h2>
<p>You get a Bunny Pink Flowers design, printed with the name and age you give us. Want a message inside? Add it when you order and we'll print that as well. We print exactly what you enter, so please double-check names and spelling.</p>
<h3>Why you'll love it</h3>
<ul>
<li>Printed on 350gsm silk art board, much thicker than the usual 240gsm card</li>
<li>Printed A4 and folded to A5, then machine cut and folded for a crisp finish</li>
<li>Personalised with their name, age and your own message</li>
<li>Comes with a free white envelope</li>
<li>Posted flat in a board-backed envelope so it arrives uncreased</li>
</ul>
<h3>Size &amp; details</h3>
<ul>
<li>Size: printed A4, folded to A5</li>
<li>Card: 350gsm silk art board</li>
<li>Finish: machine cut and folded</li>
<li>Includes: free white envelope</li>
<li>Personalisation: name, age, front message and inside message</li>
</ul>
<h3>Delivery</h3>
<p>Sent Royal Mail 1st Class, dispatched the same day, or the next working day at busy times. It's posted flat in a board-backed envelope.</p>
<p>Can't find the design you're after? We can make a custom birthday card: call 01439 771468.</p>"
dolphin-blue-birthday-card,"<p>Make their day with a personalised Dolphin Blue birthday card, printed on thick card in our North Yorkshire workshop and posted 1st Class.</p>
<h2>Dolphin Blue birthday card with name and age</h2>
<p>You get a Dolphin Blue design, printed with the name and age you give us. Want a message inside? Add it when you order and we'll print that as well. We print exactly what you enter, so please double-check names and spelling.</p>
<h3>Why you'll love it</h3>
<ul>
<li>Printed on 350gsm silk art board, much thicker than the usual 240gsm card</li>
<li>Printed A4 and folded to A5, then machine cut and folded for a crisp finish</li>
<li>Personalised with their name, age and your own message</li>
<li>Printed inside and out if you want a message inside</li>
<li>Posted flat in a board-backed envelope so it arrives uncreased</li>
</ul>
<h3>Size &amp; details</h3>
<ul>
<li>Size: printed A4, folded to A5</li>
<li>Card: 350gsm silk art board</li>
<li>Finish: machine cut and folded</li>
<li>Includes: free white envelope</li>
<li>Personalisation: name, age, front message and inside message</li>
</ul>
<h3>Delivery</h3>
<p>Sent Royal Mail 1st Class, dispatched the same day, or the next working day at busy times. It's posted flat in a board-backed envelope.</p>
<p>Can't find the design you're after? We can make a custom birthday card: call 01439 771468.</p>"
elephants-birthday-card,"<p>Looking for a card for a animal lover? This personalised Elephants birthday card is made to order with the name, age and message you choose.</p>
<h2>Elephants birthday card with name and age</h2>
<p>You get a Elephants design, printed with the name and age you give us. Want a message inside? Add it when you order and we'll print that as well. We print exactly what you enter, so please double-check names and spelling.</p>
<h3>Why you'll love it</h3>
<ul>
<li>Printed on 350gsm silk art board, much thicker than the usual 240gsm card</li>
<li>Printed A4 and folded to A5, then machine cut and folded for a crisp finish</li>
<li>Personalised with their name, age and your own message</li>
<li>Printed inside and out if you want a message inside</li>
<li>Posted flat in a board-backed envelope so it arrives uncreased</li>
</ul>
<h3>Size &amp; details</h3>
<ul>
<li>Size: printed A4, folded to A5</li>
<li>Card: 350gsm silk art board</li>
<li>Finish: machine cut and folded</li>
<li>Includes: free white envelope</li>
<li>Personalisation: name, age, front message and inside message</li>
</ul>
<h3>Delivery</h3>
<p>Sent Royal Mail 1st Class, dispatched the same day, or the next working day at busy times. It's posted flat in a board-backed envelope.</p>
<p>Pair the personalised Elephants birthday card with a personalised mug for a birthday gift that's sorted in one go. Custom cards on request: call 01439 771468.</p>"
giraffe-close-up-birthday-card,"<p>Our personalised Giraffe Close Up birthday card is a fun way to wish a animal lover happy birthday, with their name and age added to the design.</p>
<h2>Personalised Giraffe Close Up birthday card</h2>
<p>The front shows a Giraffe Close Up design. Add the birthday name, age and your own front message when you order, and we can print a message inside too. We print exactly what you enter, so please double-check names and spelling.</p>
<h3>Why you'll love it</h3>
<ul>
<li>Printed on 350gsm silk art board, much thicker than the usual 240gsm card</li>
<li>Personalised with their name, age and your own message</li>
<li>Printed inside and out if you want a message inside</li>
<li>Comes with a free white envelope</li>
<li>Posted flat in a board-backed envelope so it arrives uncreased</li>
</ul>
<h3>Size &amp; details</h3>
<ul>
<li>Size: printed A4, folded to A5</li>
<li>Card: 350gsm silk art board</li>
<li>Finish: machine cut and folded</li>
<li>Includes: free white envelope</li>
<li>Personalisation: name, age, front message and inside message</li>
</ul>
<h3>Delivery</h3>
<p>Sent Royal Mail 1st Class, dispatched the same day, or the next working day at busy times. It's posted flat in a board-backed envelope.</p>
<p>Pair the personalised Giraffe Close Up birthday card with a personalised mug for a birthday gift that's sorted in one go. Custom cards on request: call 01439 771468.</p>"
kitten-and-puppy-birthday-card,"<p>Looking for a card for a animal lover? This personalised Kitten And Puppy birthday card is made to order with the name, age and message you choose.</p>
<h2>Kitten And Puppy birthday card with name and age</h2>
<p>The front shows a Kitten And Puppy design. Add the birthday name, age and your own front message when you order, and we can print a message inside too. We print exactly what you enter, so please double-check names and spelling.</p>
<h3>Why you'll love it</h3>
<ul>
<li>Printed on 350gsm silk art board, much thicker than the usual 240gsm card</li>
<li>Printed A4 and folded to A5, then machine cut and folded for a crisp finish</li>
<li>Printed inside and out if you want a message inside</li>
<li>Comes with a free white envelope</li>
<li>Posted flat in a board-backed envelope so it arrives uncreased</li>
</ul>
<h3>Size &amp; details</h3>
<ul>
<li>Size: printed A4, folded to A5</li>
<li>Card: 350gsm silk art board</li>
<li>Finish: machine cut and folded</li>
<li>Includes: free white envelope</li>
<li>Personalisation: name, age, front message and inside message</li>
</ul>
<h3>Delivery</h3>
<p>Sent Royal Mail 1st Class, dispatched the same day, or the next working day at busy times. It's posted flat in a board-backed envelope.</p>
<p>Buying for a animal lover? Add a personalised mug or poster for a matching gift. Custom card designs on request: call 01439 771468.</p>"
meerkats-group-birthday-card,"<p>Looking for a card for a animal lover? This personalised Meerkats Group birthday card is made to order with the name, age and message you choose.</p>
<h2>Meerkats Group birthday card with name and age</h2>
<p>It's a Meerkats Group design, personalised with the name and age of the birthday animal lover. We can print inside and out, so add your own inside message when you order. We print exactly what you enter, so please double-check names and spelling.</p>
<h3>Why you'll love it</h3>
<ul>
<li>Printed on 350gsm silk art board, much thicker than the usual 240gsm card</li>
<li>Printed A4 and folded to A5, then machine cut and folded for a crisp finish</li>
<li>Personalised with their name, age and your own message</li>
<li>Printed inside and out if you want a message inside</li>
<li>Posted flat in a board-backed envelope so it arrives uncreased</li>
</ul>
<h3>Size &amp; details</h3>
<ul>
<li>Size: printed A4, folded to A5</li>
<li>Card: 350gsm silk art board</li>
<li>Finish: machine cut and folded</li>
<li>Includes: free white envelope</li>
<li>Personalisation: name, age, front message and inside message</li>
</ul>
<h3>Delivery</h3>
<p>Sent Royal Mail 1st Class, dispatched the same day, or the next working day at busy times. It's posted flat in a board-backed envelope.</p>
<p>Buying for a animal lover? Add a personalised mug or poster for a matching gift. Custom card designs on request: call 01439 771468.</p>"
meerkats-shock-birthday-card,"<p>Looking for a card for a animal lover? This personalised Meerkats Shock birthday card is made to order with the name, age and message you choose.</p>
<h2>Personalised Meerkats Shock birthday card</h2>
<p>The front shows a Meerkats Shock design. Add the birthday name, age and your own front message when you order, and we can print a message inside too. We print exactly what you enter, so please double-check names and spelling.</p>
<h3>Why you'll love it</h3>
<ul>
<li>Printed on 350gsm silk art board, much thicker than the usual 240gsm card</li>
<li>Personalised with their name, age and your own message</li>
<li>Printed inside and out if you want a message inside</li>
<li>Comes with a free white envelope</li>
<li>Posted flat in a board-backed envelope so it arrives uncreased</li>
</ul>
<h3>Size &amp; details</h3>
<ul>
<li>Size: printed A4, folded to A5</li>
<li>Card: 350gsm silk art board</li>
<li>Finish: machine cut and folded</li>
<li>Includes: free white envelope</li>
<li>Personalisation: name, age, front message and inside message</li>
</ul>
<h3>Delivery</h3>
<p>Sent Royal Mail 1st Class, dispatched the same day, or the next working day at busy times. It's posted flat in a board-backed envelope.</p>
<p>Buying for a animal lover? Add a personalised mug or poster for a matching gift. Custom card designs on request: call 01439 771468.</p>"
music-puppy-birthday-card,"<p>Make their day with a personalised Music Puppy birthday card, printed on thick card in our North Yorkshire workshop and posted 1st Class.</p>
<h2>Personalised Music Puppy birthday card</h2>
<p>The front shows a Music Puppy design. Add the birthday name, age and your own front message when you order, and we can print a message inside too. We print exactly what you enter, so please double-check names and spelling.</p>
<h3>Why you'll love it</h3>
<ul>
<li>Printed on 350gsm silk art board, much thicker than the usual 240gsm card</li>
<li>Personalised with their name, age and your own message</li>
<li>Printed inside and out if you want a message inside</li>
<li>Comes with a free white envelope</li>
<li>Posted flat in a board-backed envelope so it arrives uncreased</li>
</ul>
<h3>Size &amp; details</h3>
<ul>
<li>Size: printed A4, folded to A5</li>
<li>Card: 350gsm silk art board</li>
<li>Finish: machine cut and folded</li>
<li>Includes: free white envelope</li>
<li>Personalisation: name, age, front message and inside message</li>
</ul>
<h3>Delivery</h3>
<p>Sent Royal Mail 1st Class, dispatched the same day, or the next working day at busy times. It's posted flat in a board-backed envelope.</p>
<p>Buying for a animal lover? Add a personalised mug or poster for a matching gift. Custom card designs on request: call 01439 771468.</p>"
rabbits-kissing-birthday-card,"<p>Our personalised Rabbits Kissing birthday card is a fun way to wish a animal lover happy birthday, with their name and age added to the design.</p>
<h2>Personalised Rabbits Kissing birthday card</h2>
<p>The front shows a Rabbits Kissing design. Add the birthday name, age and your own front message when you order, and we can print a message inside too. We print exactly what you enter, so please double-check names and spelling.</p>
<h3>Why you'll love it</h3>
<ul>
<li>Printed on 350gsm silk art board, much thicker than the usual 240gsm card</li>
<li>Personalised with their name, age and your own message</li>
<li>Printed inside and out if you want a message inside</li>
<li>Comes with a free white envelope</li>
<li>Posted flat in a board-backed envelope so it arrives uncreased</li>
</ul>
<h3>Size &amp; details</h3>
<ul>
<li>Size: printed A4, folded to A5</li>
<li>Card: 350gsm silk art board</li>
<li>Finish: machine cut and folded</li>
<li>Includes: free white envelope</li>
<li>Personalisation: name, age, front message and inside message</li>
</ul>
<h3>Delivery</h3>
<p>Sent Royal Mail 1st Class, dispatched the same day, or the next working day at busy times. It's posted flat in a board-backed envelope.</p>
<p>Buying for a animal lover? Add a personalised mug or poster for a matching gift. Custom card designs on request: call 01439 771468.</p>"
sea-lions-relax-birthday-card,"<p>Make their day with a personalised Sea Lions Relax birthday card, printed on thick card in our North Yorkshire workshop and posted 1st Class.</p>
<h2>Personalised Sea Lions Relax birthday card</h2>
<p>You get a Sea Lions Relax design, printed with the name and age you give us. Want a message inside? Add it when you order and we'll print that as well. We print exactly what you enter, so please double-check names and spelling.</p>
<h3>Why you'll love it</h3>
<ul>
<li>Printed on 350gsm silk art board, much thicker than the usual 240gsm card</li>
<li>Printed A4 and folded to A5, then machine cut and folded for a crisp finish</li>
<li>Printed inside and out if you want a message inside</li>
<li>Comes with a free white envelope</li>
<li>Posted flat in a board-backed envelope so it arrives uncreased</li>
</ul>
<h3>Size &amp; details</h3>
<ul>
<li>Size: printed A4, folded to A5</li>
<li>Card: 350gsm silk art board</li>
<li>Finish: machine cut and folded</li>
<li>Includes: free white envelope</li>
<li>Personalisation: name, age, front message and inside message</li>
</ul>
<h3>Delivery</h3>
<p>Sent Royal Mail 1st Class, dispatched the same day, or the next working day at busy times. It's posted flat in a board-backed envelope.</p>
<p>Can't find the design you're after? We can make a custom birthday card: call 01439 771468.</p>"
sea-turtle-birthday-card,"<p>Make their day with a personalised Sea Turtle birthday card, printed on thick card in our North Yorkshire workshop and posted 1st Class.</p>
<h2>Personalised Sea Turtle birthday card</h2>
<p>It's a Sea Turtle design, personalised with the name and age of the birthday animal lover. We can print inside and out, so add your own inside message when you order. We print exactly what you enter, so please double-check names and spelling.</p>
<h3>Why you'll love it</h3>
<ul>
<li>Printed on 350gsm silk art board, much thicker than the usual 240gsm card</li>
<li>Printed A4 and folded to A5, then machine cut and folded for a crisp finish</li>
<li>Printed inside and out if you want a message inside</li>
<li>Comes with a free white envelope</li>
<li>Posted flat in a board-backed envelope so it arrives uncreased</li>
</ul>
<h3>Size &amp; details</h3>
<ul>
<li>Size: printed A4, folded to A5</li>
<li>Card: 350gsm silk art board</li>
<li>Finish: machine cut and folded</li>
<li>Includes: free white envelope</li>
<li>Personalisation: name, age, front message and inside message</li>
</ul>
<h3>Delivery</h3>
<p>Sent Royal Mail 1st Class, dispatched the same day, or the next working day at busy times. It's posted flat in a board-backed envelope.</p>
<p>Pair the personalised Sea Turtle birthday card with a personalised mug for a birthday gift that's sorted in one go. Custom cards on request: call 01439 771468.</p>"
personalised-cat-birthday-card,"<p>Looking for a card for a animal lover? This personalised Cat birthday card is made to order with the name, age and message you choose.</p>
<h2>Cat birthday card with name and age</h2>
<p>The front shows a Cat design. Add the birthday name, age and your own front message when you order, and we can print a message inside too. We print exactly what you enter, so please double-check names and spelling.</p>
<h3>Why you'll love it</h3>
<ul>
<li>Printed A4 and folded to A5, then machine cut and folded for a crisp finish</li>
<li>Personalised with their name, age and your own message</li>
<li>Printed inside and out if you want a message inside</li>
<li>Comes with a free white envelope</li>
<li>Posted flat in a board-backed envelope so it arrives uncreased</li>
</ul>
<h3>Size &amp; details</h3>
<ul>
<li>Size: printed A4, folded to A5</li>
<li>Card: 350gsm silk art board</li>
<li>Finish: machine cut and folded</li>
<li>Includes: free white envelope</li>
<li>Personalisation: name, age, front message and inside message</li>
</ul>
<h3>Delivery</h3>
<p>Sent Royal Mail 1st Class, dispatched the same day, or the next working day at busy times. It's posted flat in a board-backed envelope.</p>
<p>Buying for a animal lover? Add a personalised mug or poster for a matching gift. Custom card designs on request: call 01439 771468.</p>"
personalised-cheeky-monkey-teenager-birthday-card,"<p>Our personalised Cheeky Monkey Teenager birthday card is a fun way to wish a animal lover happy birthday, with their name and age added to the design.</p>
<h2>Cheeky Monkey Teenager birthday card with name and age</h2>
<p>You get a Cheeky Monkey Teenager design, printed with the name and age you give us. Want a message inside? Add it when you order and we'll print that as well. We print exactly what you enter, so please double-check names and spelling.</p>
<h3>Why you'll love it</h3>
<ul>
<li>Printed on 350gsm silk art board, much thicker than the usual 240gsm card</li>
<li>Printed A4 and folded to A5, then machine cut and folded for a crisp finish</li>
<li>Personalised with their name, age and your own message</li>
<li>Printed inside and out if you want a message inside</li>
<li>Posted flat in a board-backed envelope so it arrives uncreased</li>
</ul>
<h3>Size &amp; details</h3>
<ul>
<li>Size: printed A4, folded to A5</li>
<li>Card: 350gsm silk art board</li>
<li>Finish: machine cut and folded</li>
<li>Includes: free white envelope</li>
<li>Personalisation: name, age, front message and inside message</li>
</ul>
<h3>Delivery</h3>
<p>Sent Royal Mail 1st Class, dispatched the same day, or the next working day at busy times. It's posted flat in a board-backed envelope.</p>
<p>Pair the personalised Cheeky Monkey Teenager birthday card with a personalised mug for a birthday gift that's sorted in one go. Custom cards on request: call 01439 771468.</p>"
personalised-cheeky-monkey-birthday-card,"<p>Make their day with a personalised Cheeky Monkey birthday card, printed on thick card in our North Yorkshire workshop and posted 1st Class.</p>
<h2>Personalised Cheeky Monkey birthday card</h2>
<p>You get a Cheeky Monkey design, printed with the name and age you give us. Want a message inside? Add it when you order and we'll print that as well. We print exactly what you enter, so please double-check names and spelling.</p>
<h3>Why you'll love it</h3>
<ul>
<li>Printed on 350gsm silk art board, much thicker than the usual 240gsm card</li>
<li>Printed A4 and folded to A5, then machine cut and folded for a crisp finish</li>
<li>Personalised with their name, age and your own message</li>
<li>Printed inside and out if you want a message inside</li>
<li>Comes with a free white envelope</li>
</ul>
<h3>Size &amp; details</h3>
<ul>
<li>Size: printed A4, folded to A5</li>
<li>Card: 350gsm silk art board</li>
<li>Finish: machine cut and folded</li>
<li>Includes: free white envelope</li>
<li>Personalisation: name, age, front message and inside message</li>
</ul>
<h3>Delivery</h3>
<p>Sent Royal Mail 1st Class, dispatched the same day, or the next working day at busy times. It's posted flat in a board-backed envelope.</p>
<p>Pair the personalised Cheeky Monkey birthday card with a personalised mug for a birthday gift that's sorted in one go. Custom cards on request: call 01439 771468.</p>"
personalised-cheeky-monkey-birthday-card-2,"<p>Our personalised Cheeky Monkey birthday card is a fun way to wish a animal lover happy birthday, with their name and age added to the design.</p>
<h2>Cheeky Monkey birthday card with name and age</h2>
<p>It's a Cheeky Monkey design (design 2), personalised with the name and age of the birthday animal lover. We can print inside and out, so add your own inside message when you order. We print exactly what you enter, so please double-check names and spelling.</p>
<h3>Why you'll love it</h3>
<ul>
<li>Printed A4 and folded to A5, then machine cut and folded for a crisp finish</li>
<li>Personalised with their name, age and your own message</li>
<li>Printed inside and out if you want a message inside</li>
<li>Comes with a free white envelope</li>
<li>Posted flat in a board-backed envelope so it arrives uncreased</li>
</ul>
<h3>Size &amp; details</h3>
<ul>
<li>Size: printed A4, folded to A5</li>
<li>Card: 350gsm silk art board</li>
<li>Finish: machine cut and folded</li>
<li>Includes: free white envelope</li>
<li>Personalisation: name, age, front message and inside message</li>
</ul>
<h3>Delivery</h3>
<p>Sent Royal Mail 1st Class, dispatched the same day, or the next working day at busy times. It's posted flat in a board-backed envelope.</p>
<p>Pair the personalised Cheeky Monkey birthday card with a personalised mug for a birthday gift that's sorted in one go. Custom cards on request: call 01439 771468.</p>"
personalised-kitten-2-birthday-card,"<p>Looking for a card for a animal lover? This personalised Kitten birthday card is made to order with the name, age and message you choose.</p>
<h2>Personalised Kitten birthday card</h2>
<p>It's a Kitten design (design 2), personalised with the name and age of the birthday animal lover. We can print inside and out, so add your own inside message when you order. We print exactly what you enter, so please double-check names and spelling.</p>
<h3>Why you'll love it</h3>
<ul>
<li>Printed on 350gsm silk art board, much thicker than the usual 240gsm card</li>
<li>Printed A4 and folded to A5, then machine cut and folded for a crisp finish</li>
<li>Personalised with their name, age and your own message</li>
<li>Printed inside and out if you want a message inside</li>
<li>Posted flat in a board-backed envelope so it arrives uncreased</li>
</ul>
<h3>Size &amp; details</h3>
<ul>
<li>Size: printed A4, folded to A5</li>
<li>Card: 350gsm silk art board</li>
<li>Finish: machine cut and folded</li>
<li>Includes: free white envelope</li>
<li>Personalisation: name, age, front message and inside message</li>
</ul>
<h3>Delivery</h3>
<p>Sent Royal Mail 1st Class, dispatched the same day, or the next working day at busy times. It's posted flat in a board-backed envelope.</p>
<p>Can't find the design you're after? We can make a custom birthday card: call 01439 771468.</p>"
personalised-kitten-3-birthday-card,"<p>Make their day with a personalised Kitten birthday card, printed on thick card in our North Yorkshire workshop and posted 1st Class.</p>
<h2>Personalised Kitten birthday card</h2>
<p>It's a Kitten design (design 3), personalised with the name and age of the birthday animal lover. We can print inside and out, so add your own inside message when you order. We print exactly what you enter, so please double-check names and spelling.</p>
<h3>Why you'll love it</h3>
<ul>
<li>Printed A4 and folded to A5, then machine cut and folded for a crisp finish</li>
<li>Personalised with their name, age and your own message</li>
<li>Printed inside and out if you want a message inside</li>
<li>Comes with a free white envelope</li>
<li>Posted flat in a board-backed envelope so it arrives uncreased</li>
</ul>
<h3>Size &amp; details</h3>
<ul>
<li>Size: printed A4, folded to A5</li>
<li>Card: 350gsm silk art board</li>
<li>Finish: machine cut and folded</li>
<li>Includes: free white envelope</li>
<li>Personalisation: name, age, front message and inside message</li>
</ul>
<h3>Delivery</h3>
<p>Sent Royal Mail 1st Class, dispatched the same day, or the next working day at busy times. It's posted flat in a board-backed envelope.</p>
<p>Pair the personalised Kitten birthday card with a personalised mug for a birthday gift that's sorted in one go. Custom cards on request: call 01439 771468.</p>"
personalised-taj-mahal-2-birthday-card,"<p>Looking for a card for a animal lover? This personalised Taj Mahal birthday card is made to order with the name, age and message you choose.</p>
<h2>Personalised Taj Mahal birthday card</h2>
<p>The front shows a Taj Mahal design (design 2). Add the birthday name, age and your own front message when you order, and we can print a message inside too. We print exactly what you enter, so please double-check names and spelling.</p>
<h3>Why you'll love it</h3>
<ul>
<li>Printed A4 and folded to A5, then machine cut and folded for a crisp finish</li>
<li>Personalised with their name, age and your own message</li>
<li>Printed inside and out if you want a message inside</li>
<li>Comes with a free white envelope</li>
<li>Posted flat in a board-backed envelope so it arrives uncreased</li>
</ul>
<h3>Size &amp; details</h3>
<ul>
<li>Size: printed A4, folded to A5</li>
<li>Card: 350gsm silk art board</li>
<li>Finish: machine cut and folded</li>
<li>Includes: free white envelope</li>
<li>Personalisation: name, age, front message and inside message</li>
</ul>
<h3>Delivery</h3>
<p>Sent Royal Mail 1st Class, dispatched the same day, or the next working day at busy times. It's posted flat in a board-backed envelope.</p>
<p>Can't find the design you're after? We can make a custom birthday card: call 01439 771468.</p>"
personalised-bird-birthday-card,"<p>Our personalised Bird birthday card is a fun way to wish a animal lover happy birthday, with their name and age added to the design.</p>
<h2>Personalised Bird birthday card</h2>
<p>You get a Bird design, printed with the name and age you give us. Want a message inside? Add it when you order and we'll print that as well. We print exactly what you enter, so please double-check names and spelling.</p>
<h3>Why you'll love it</h3>
<ul>
<li>Printed on 350gsm silk art board, much thicker than the usual 240gsm card</li>
<li>Printed A4 and folded to A5, then machine cut and folded for a crisp finish</li>
<li>Personalised with their name, age and your own message</li>
<li>Printed inside and out if you want a message inside</li>
<li>Posted flat in a board-backed envelope so it arrives uncreased</li>
</ul>
<h3>Size &amp; details</h3>
<ul>
<li>Size: printed A4, folded to A5</li>
<li>Card: 350gsm silk art board</li>
<li>Finish: machine cut and folded</li>
<li>Includes: free white envelope</li>
<li>Personalisation: name, age, front message and inside message</li>
</ul>
<h3>Delivery</h3>
<p>Sent Royal Mail 1st Class, dispatched the same day, or the next working day at busy times. It's posted flat in a board-backed envelope.</p>
<p>Pair the personalised Bird birthday card with a personalised mug for a birthday gift that's sorted in one go. Custom cards on request: call 01439 771468.</p>"
personalised-butterfly-birthday-card,"<p>Looking for a card for a animal lover? This personalised Butterfly birthday card is made to order with the name, age and message you choose.</p>
<h2>Personalised Butterfly birthday card</h2>
<p>You get a Butterfly design, printed with the name and age you give us. Want a message inside? Add it when you order and we'll print that as well. We print exactly what you enter, so please double-check names and spelling.</p>
<h3>Why you'll love it</h3>
<ul>
<li>Printed on 350gsm silk art board, much thicker than the usual 240gsm card</li>
<li>Personalised with their name, age and your own message</li>
<li>Printed inside and out if you want a message inside</li>
<li>Comes with a free white envelope</li>
<li>Posted flat in a board-backed envelope so it arrives uncreased</li>
</ul>
<h3>Size &amp; details</h3>
<ul>
<li>Size: printed A4, folded to A5</li>
<li>Card: 350gsm silk art board</li>
<li>Finish: machine cut and folded</li>
<li>Includes: free white envelope</li>
<li>Personalisation: name, age, front message and inside message</li>
</ul>
<h3>Delivery</h3>
<p>Sent Royal Mail 1st Class, dispatched the same day, or the next working day at busy times. It's posted flat in a board-backed envelope.</p>
<p>Buying for a animal lover? Add a personalised mug or poster for a matching gift. Custom card designs on request: call 01439 771468.</p>"
personalised-butterfly-birthday-card-2,"<p>Looking for a card for a animal lover? This personalised Butterfly birthday card is made to order with the name, age and message you choose.</p>
<h2>Personalised Butterfly birthday card</h2>
<p>You get a Butterfly design (design 2), printed with the name and age you give us. Want a message inside? Add it when you order and we'll print that as well. We print exactly what you enter, so please double-check names and spelling.</p>
<h3>Why you'll love it</h3>
<ul>
<li>Printed on 350gsm silk art board, much thicker than the usual 240gsm card</li>
<li>Printed A4 and folded to A5, then machine cut and folded for a crisp finish</li>
<li>Personalised with their name, age and your own message</li>
<li>Printed inside and out if you want a message inside</li>
<li>Posted flat in a board-backed envelope so it arrives uncreased</li>
</ul>
<h3>Size &amp; details</h3>
<ul>
<li>Size: printed A4, folded to A5</li>
<li>Card: 350gsm silk art board</li>
<li>Finish: machine cut and folded</li>
<li>Includes: free white envelope</li>
<li>Personalisation: name, age, front message and inside message</li>
</ul>
<h3>Delivery</h3>
<p>Sent Royal Mail 1st Class, dispatched the same day, or the next working day at busy times. It's posted flat in a board-backed envelope.</p>
<p>Pair the personalised Butterfly birthday card with a personalised mug for a birthday gift that's sorted in one go. Custom cards on request: call 01439 771468.</p>"
personalised-butterfly-birthday-card-3,"<p>Looking for a card for a animal lover? This personalised Butterfly birthday card is made to order with the name, age and message you choose.</p>
<h2>Butterfly birthday card with name and age</h2>
<p>You get a Butterfly design (design 3), printed with the name and age you give us. Want a message inside? Add it when you order and we'll print that as well. We print exactly what you enter, so please double-check names and spelling.</p>
<h3>Why you'll love it</h3>
<ul>
<li>Printed on 350gsm silk art board, much thicker than the usual 240gsm card</li>
<li>Personalised with their name, age and your own message</li>
<li>Printed inside and out if you want a message inside</li>
<li>Comes with a free white envelope</li>
<li>Posted flat in a board-backed envelope so it arrives uncreased</li>
</ul>
<h3>Size &amp; details</h3>
<ul>
<li>Size: printed A4, folded to A5</li>
<li>Card: 350gsm silk art board</li>
<li>Finish: machine cut and folded</li>
<li>Includes: free white envelope</li>
<li>Personalisation: name, age, front message and inside message</li>
</ul>
<h3>Delivery</h3>
<p>Sent Royal Mail 1st Class, dispatched the same day, or the next working day at busy times. It's posted flat in a board-backed envelope.</p>
<p>Can't find the design you're after? We can make a custom birthday card: call 01439 771468.</p>"
personalised-butterfly-birthday-card-4,"<p>Our personalised Butterfly birthday card is a fun way to wish a animal lover happy birthday, with their name and age added to the design.</p>
<h2>Personalised Butterfly birthday card</h2>
<p>You get a Butterfly design (design 4), printed with the name and age you give us. Want a message inside? Add it when you order and we'll print that as well. We print exactly what you enter, so please double-check names and spelling.</p>
<h3>Why you'll love it</h3>
<ul>
<li>Printed on 350gsm silk art board, much thicker than the usual 240gsm card</li>
<li>Printed A4 and folded to A5, then machine cut and folded for a crisp finish</li>
<li>Personalised with their name, age and your own message</li>
<li>Printed inside and out if you want a message inside</li>
<li>Posted flat in a board-backed envelope so it arrives uncreased</li>
</ul>
<h3>Size &amp; details</h3>
<ul>
<li>Size: printed A4, folded to A5</li>
<li>Card: 350gsm silk art board</li>
<li>Finish: machine cut and folded</li>
<li>Includes: free white envelope</li>
<li>Personalisation: name, age, front message and inside message</li>
</ul>
<h3>Delivery</h3>
<p>Sent Royal Mail 1st Class, dispatched the same day, or the next working day at busy times. It's posted flat in a board-backed envelope.</p>
<p>Pair the personalised Butterfly birthday card with a personalised mug for a birthday gift that's sorted in one go. Custom cards on request: call 01439 771468.</p>"
personalised-butterfly-birthday-card-5,"<p>Make their day with a personalised Butterfly birthday card, printed on thick card in our North Yorkshire workshop and posted 1st Class.</p>
<h2>Butterfly birthday card with name and age</h2>
<p>You get a Butterfly design (design 5), printed with the name and age you give us. Want a message inside? Add it when you order and we'll print that as well. We print exactly what you enter, so please double-check names and spelling.</p>
<h3>Why you'll love it</h3>
<ul>
<li>Printed on 350gsm silk art board, much thicker than the usual 240gsm card</li>
<li>Printed A4 and folded to A5, then machine cut and folded for a crisp finish</li>
<li>Personalised with their name, age and your own message</li>
<li>Printed inside and out if you want a message inside</li>
<li>Posted flat in a board-backed envelope so it arrives uncreased</li>
</ul>
<h3>Size &amp; details</h3>
<ul>
<li>Size: printed A4, folded to A5</li>
<li>Card: 350gsm silk art board</li>
<li>Finish: machine cut and folded</li>
<li>Includes: free white envelope</li>
<li>Personalisation: name, age, front message and inside message</li>
</ul>
<h3>Delivery</h3>
<p>Sent Royal Mail 1st Class, dispatched the same day, or the next working day at busy times. It's posted flat in a board-backed envelope.</p>
<p>Pair the personalised Butterfly birthday card with a personalised mug for a birthday gift that's sorted in one go. Custom cards on request: call 01439 771468.</p>"
personalised-dinosaur-birthday-card,"<p>Our personalised Dinosaur birthday card is a fun way to wish a animal lover happy birthday, with their name and age added to the design.</p>
<h2>Personalised Dinosaur birthday card</h2>
<p>You get a Dinosaur design, printed with the name and age you give us. Want a message inside? Add it when you order and we'll print that as well. We print exactly what you enter, so please double-check names and spelling.</p>
<h3>Why you'll love it</h3>
<ul>
<li>Printed on 350gsm silk art board, much thicker than the usual 240gsm card</li>
<li>Printed A4 and folded to A5, then machine cut and folded for a crisp finish</li>
<li>Printed inside and out if you want a message inside</li>
<li>Comes with a free white envelope</li>
<li>Posted flat in a board-backed envelope so it arrives uncreased</li>
</ul>
<h3>Size &amp; details</h3>
<ul>
<li>Size: printed A4, folded to A5</li>
<li>Card: 350gsm silk art board</li>
<li>Finish: machine cut and folded</li>
<li>Includes: free white envelope</li>
<li>Personalisation: name, age, front message and inside message</li>
</ul>
<h3>Delivery</h3>
<p>Sent Royal Mail 1st Class, dispatched the same day, or the next working day at busy times. It's posted flat in a board-backed envelope.</p>
<p>Pair the personalised Dinosaur birthday card with a personalised mug for a birthday gift that's sorted in one go. Custom cards on request: call 01439 771468.</p>"
personalised-dinosaur-birthday-card-2,"<p>Make their day with a personalised Dinosaur birthday card, printed on thick card in our North Yorkshire workshop and posted 1st Class.</p>
<h2>Personalised Dinosaur birthday card</h2>
<p>You get a Dinosaur design (design 2), printed with the name and age you give us. Want a message inside? Add it when you order and we'll print that as well. We print exactly what you enter, so please double-check names and spelling.</p>
<h3>Why you'll love it</h3>
<ul>
<li>Printed on 350gsm silk art board, much thicker than the usual 240gsm card</li>
<li>Personalised with their name, age and your own message</li>
<li>Printed inside and out if you want a message inside</li>
<li>Comes with a free white envelope</li>
<li>Posted flat in a board-backed envelope so it arrives uncreased</li>
</ul>
<h3>Size &amp; details</h3>
<ul>
<li>Size: printed A4, folded to A5</li>
<li>Card: 350gsm silk art board</li>
<li>Finish: machine cut and folded</li>
<li>Includes: free white envelope</li>
<li>Personalisation: name, age, front message and inside message</li>
</ul>
<h3>Delivery</h3>
<p>Sent Royal Mail 1st Class, dispatched the same day, or the next working day at busy times. It's posted flat in a board-backed envelope.</p>
<p>Can't find the design you're after? We can make a custom birthday card: call 01439 771468.</p>"
personalised-dog-birthday-card,"<p>Make their day with a personalised Dog birthday card, printed on thick card in our North Yorkshire workshop and posted 1st Class.</p>
<h2>Dog birthday card with name and age</h2>
<p>You get a Dog design, printed with the name and age you give us. Want a message inside? Add it when you order and we'll print that as well. We print exactly what you enter, so please double-check names and spelling.</p>
<h3>Why you'll love it</h3>
<ul>
<li>Printed on 350gsm silk art board, much thicker than the usual 240gsm card</li>
<li>Printed A4 and folded to A5, then machine cut and folded for a crisp finish</li>
<li>Personalised with their name, age and your own message</li>
<li>Comes with a free white envelope</li>
<li>Posted flat in a board-backed envelope so it arrives uncreased</li>
</ul>
<h3>Size &amp; details</h3>
<ul>
<li>Size: printed A4, folded to A5</li>
<li>Card: 350gsm silk art board</li>
<li>Finish: machine cut and folded</li>
<li>Includes: free white envelope</li>
<li>Personalisation: name, age, front message and inside message</li>
</ul>
<h3>Delivery</h3>
<p>Sent Royal Mail 1st Class, dispatched the same day, or the next working day at busy times. It's posted flat in a board-backed envelope.</p>
<p>Pair the personalised Dog birthday card with a personalised mug for a birthday gift that's sorted in one go. Custom cards on request: call 01439 771468.</p>"
personalised-eagle-birthday-card,"<p>Make their day with a personalised Eagle birthday card, printed on thick card in our North Yorkshire workshop and posted 1st Class.</p>
<h2>Personalised Eagle birthday card</h2>
<p>You get a Eagle design, printed with the name and age you give us. Want a message inside? Add it when you order and we'll print that as well. We print exactly what you enter, so please double-check names and spelling.</p>
<h3>Why you'll love it</h3>
<ul>
<li>Printed on 350gsm silk art board, much thicker than the usual 240gsm card</li>
<li>Printed A4 and folded to A5, then machine cut and folded for a crisp finish</li>
<li>Personalised with their name, age and your own message</li>
<li>Comes with a free white envelope</li>
<li>Posted flat in a board-backed envelope so it arrives uncreased</li>
</ul>
<h3>Size &amp; details</h3>
<ul>
<li>Size: printed A4, folded to A5</li>
<li>Card: 350gsm silk art board</li>
<li>Finish: machine cut and folded</li>
<li>Includes: free white envelope</li>
<li>Personalisation: name, age, front message and inside message</li>
</ul>
<h3>Delivery</h3>
<p>Sent Royal Mail 1st Class, dispatched the same day, or the next working day at busy times. It's posted flat in a board-backed envelope.</p>
<p>Pair the personalised Eagle birthday card with a personalised mug for a birthday gift that's sorted in one go. Custom cards on request: call 01439 771468.</p>"
personalised-dolphin-birthday-card,"<p>Our personalised Dolphin birthday card is a fun way to wish a animal lover happy birthday, with their name and age added to the design.</p>
<h2>Personalised Dolphin birthday card</h2>
<p>You get a Dolphin design, printed with the name and age you give us. Want a message inside? Add it when you order and we'll print that as well. We print exactly what you enter, so please double-check names and spelling.</p>
<h3>Why you'll love it</h3>
<ul>
<li>Printed A4 and folded to A5, then machine cut and folded for a crisp finish</li>
<li>Personalised with their name, age and your own message</li>
<li>Printed inside and out if you want a message inside</li>
<li>Comes with a free white envelope</li>
<li>Posted flat in a board-backed envelope so it arrives uncreased</li>
</ul>
<h3>Size &amp; details</h3>
<ul>
<li>Size: printed A4, folded to A5</li>
<li>Card: 350gsm silk art board</li>
<li>Finish: machine cut and folded</li>
<li>Includes: free white envelope</li>
<li>Personalisation: name, age, front message and inside message</li>
</ul>
<h3>Delivery</h3>
<p>Sent Royal Mail 1st Class, dispatched the same day, or the next working day at busy times. It's posted flat in a board-backed envelope.</p>
<p>Pair the personalised Dolphin birthday card with a personalised mug for a birthday gift that's sorted in one go. Custom cards on request: call 01439 771468.</p>"
personalised-dolphin-birthday-card-2,"<p>Our personalised Dolphin birthday card is a fun way to wish a animal lover happy birthday, with their name and age added to the design.</p>
<h2>Personalised Dolphin birthday card</h2>
<p>It's a Dolphin design (design 2), personalised with the name and age of the birthday animal lover. We can print inside and out, so add your own inside message when you order. We print exactly what you enter, so please double-check names and spelling.</p>
<h3>Why you'll love it</h3>
<ul>
<li>Printed A4 and folded to A5, then machine cut and folded for a crisp finish</li>
<li>Personalised with their name, age and your own message</li>
<li>Printed inside and out if you want a message inside</li>
<li>Comes with a free white envelope</li>
<li>Posted flat in a board-backed envelope so it arrives uncreased</li>
</ul>
<h3>Size &amp; details</h3>
<ul>
<li>Size: printed A4, folded to A5</li>
<li>Card: 350gsm silk art board</li>
<li>Finish: machine cut and folded</li>
<li>Includes: free white envelope</li>
<li>Personalisation: name, age, front message and inside message</li>
</ul>
<h3>Delivery</h3>
<p>Sent Royal Mail 1st Class, dispatched the same day, or the next working day at busy times. It's posted flat in a board-backed envelope.</p>
<p>Can't find the design you're after? We can make a custom birthday card: call 01439 771468.</p>"
personalised-dolphin-birthday-card-3,"<p>Our personalised Dolphin birthday card is a fun way to wish a animal lover happy birthday, with their name and age added to the design.</p>
<h2>Personalised Dolphin birthday card</h2>
<p>The front shows a Dolphin design (design 3). Add the birthday name, age and your own front message when you order, and we can print a message inside too. We print exactly what you enter, so please double-check names and spelling.</p>
<h3>Why you'll love it</h3>
<ul>
<li>Printed on 350gsm silk art board, much thicker than the usual 240gsm card</li>
<li>Printed A4 and folded to A5, then machine cut and folded for a crisp finish</li>
<li>Printed inside and out if you want a message inside</li>
<li>Comes with a free white envelope</li>
<li>Posted flat in a board-backed envelope so it arrives uncreased</li>
</ul>
<h3>Size &amp; details</h3>
<ul>
<li>Size: printed A4, folded to A5</li>
<li>Card: 350gsm silk art board</li>
<li>Finish: machine cut and folded</li>
<li>Includes: free white envelope</li>
<li>Personalisation: name, age, front message and inside message</li>
</ul>
<h3>Delivery</h3>
<p>Sent Royal Mail 1st Class, dispatched the same day, or the next working day at busy times. It's posted flat in a board-backed envelope.</p>
<p>Pair the personalised Dolphin birthday card with a personalised mug for a birthday gift that's sorted in one go. Custom cards on request: call 01439 771468.</p>"
personalised-dolphin-birthday-card-4,"<p>Looking for a card for a animal lover? This personalised Dolphin birthday card is made to order with the name, age and message you choose.</p>
<h2>Dolphin birthday card with name and age</h2>
<p>You get a Dolphin design (design 4), printed with the name and age you give us. Want a message inside? Add it when you order and we'll print that as well. We print exactly what you enter, so please double-check names and spelling.</p>
<h3>Why you'll love it</h3>
<ul>
<li>Printed on 350gsm silk art board, much thicker than the usual 240gsm card</li>
<li>Printed A4 and folded to A5, then machine cut and folded for a crisp finish</li>
<li>Printed inside and out if you want a message inside</li>
<li>Comes with a free white envelope</li>
<li>Posted flat in a board-backed envelope so it arrives uncreased</li>
</ul>
<h3>Size &amp; details</h3>
<ul>
<li>Size: printed A4, folded to A5</li>
<li>Card: 350gsm silk art board</li>
<li>Finish: machine cut and folded</li>
<li>Includes: free white envelope</li>
<li>Personalisation: name, age, front message and inside message</li>
</ul>
<h3>Delivery</h3>
<p>Sent Royal Mail 1st Class, dispatched the same day, or the next working day at busy times. It's posted flat in a board-backed envelope.</p>
<p>Pair the personalised Dolphin birthday card with a personalised mug for a birthday gift that's sorted in one go. Custom cards on request: call 01439 771468.</p>"
annoying-bird-personalised-birthday-card,"<p>Looking for a card for a animal lover? This personalised Annoying Bird birthday card is made to order with the name, age and message you choose.</p>
<h2>Personalised Annoying Bird birthday card</h2>
<p>It's a Annoying Bird design, personalised with the name and age of the birthday animal lover. We can print inside and out, so add your own inside message when you order. We print exactly what you enter, so please double-check names and spelling.</p>
<h3>Why you'll love it</h3>
<ul>
<li>Printed on 350gsm silk art board, much thicker than the usual 240gsm card</li>
<li>Printed A4 and folded to A5, then machine cut and folded for a crisp finish</li>
<li>Personalised with their name, age and your own message</li>
<li>Comes with a free white envelope</li>
<li>Posted flat in a board-backed envelope so it arrives uncreased</li>
</ul>
<h3>Size &amp; details</h3>
<ul>
<li>Size: printed A4, folded to A5</li>
<li>Card: 350gsm silk art board</li>
<li>Finish: machine cut and folded</li>
<li>Includes: free white envelope</li>
<li>Personalisation: name, age, front message and inside message</li>
</ul>
<h3>Delivery</h3>
<p>Sent Royal Mail 1st Class, dispatched the same day, or the next working day at busy times. It's posted flat in a board-backed envelope.</p>
<p>Buying for a animal lover? Add a personalised mug or poster for a matching gift. Custom card designs on request: call 01439 771468.</p>"
ape-giving-middle-finger-personalised-birthday-card,"<p>Looking for a card for a animal lover? This personalised Ape Giving Middle Finger birthday card is made to order with the name, age and message you choose.</p>
<h2>Personalised Ape Giving Middle Finger birthday card</h2>
<p>It's a Ape Giving Middle Finger design, personalised with the name and age of the birthday animal lover. We can print inside and out, so add your own inside message when you order. We print exactly what you enter, so please double-check names and spelling.</p>
<h3>Why you'll love it</h3>
<ul>
<li>Printed on 350gsm silk art board, much thicker than the usual 240gsm card</li>
<li>Personalised with their name, age and your own message</li>
<li>Printed inside and out if you want a message inside</li>
<li>Comes with a free white envelope</li>
<li>Posted flat in a board-backed envelope so it arrives uncreased</li>
</ul>
<h3>Size &amp; details</h3>
<ul>
<li>Size: printed A4, folded to A5</li>
<li>Card: 350gsm silk art board</li>
<li>Finish: machine cut and folded</li>
<li>Includes: free white envelope</li>
<li>Personalisation: name, age, front message and inside message</li>
</ul>
<h3>Delivery</h3>
<p>Sent Royal Mail 1st Class, dispatched the same day, or the next working day at busy times. It's posted flat in a board-backed envelope.</p>
<p>Can't find the design you're after? We can make a custom birthday card: call 01439 771468.</p>"
ape-picking-nose-personalised-birthday-card,"<p>Our personalised Ape Picking Nose birthday card is a fun way to wish a animal lover happy birthday, with their name and age added to the design.</p>
<h2>Personalised Ape Picking Nose birthday card</h2>
<p>You get a Ape Picking Nose design, printed with the name and age you give us. Want a message inside? Add it when you order and we'll print that as well. We print exactly what you enter, so please double-check names and spelling.</p>
<h3>Why you'll love it</h3>
<ul>
<li>Printed on 350gsm silk art board, much thicker than the usual 240gsm card</li>
<li>Personalised with their name, age and your own message</li>
<li>Printed inside and out if you want a message inside</li>
<li>Comes with a free white envelope</li>
<li>Posted flat in a board-backed envelope so it arrives uncreased</li>
</ul>
<h3>Size &amp; details</h3>
<ul>
<li>Size: printed A4, folded to A5</li>
<li>Card: 350gsm silk art board</li>
<li>Finish: machine cut and folded</li>
<li>Includes: free white envelope</li>
<li>Personalisation: name, age, front message and inside message</li>
</ul>
<h3>Delivery</h3>
<p>Sent Royal Mail 1st Class, dispatched the same day, or the next working day at busy times. It's posted flat in a board-backed envelope.</p>
<p>Buying for a animal lover? Add a personalised mug or poster for a matching gift. Custom card designs on request: call 01439 771468.</p>"
beagle-running-funny-personalised-birthday-card,"<p>Make their day with a personalised Beagle Running birthday card, printed on thick card in our North Yorkshire workshop and posted 1st Class.</p>
<h2>Personalised Beagle Running birthday card</h2>
<p>It's a Beagle Running design, personalised with the name and age of the birthday animal lover. We can print inside and out, so add your own inside message when you order. We print exactly what you enter, so please double-check names and spelling.</p>
<h3>Why you'll love it</h3>
<ul>
<li>Printed on 350gsm silk art board, much thicker than the usual 240gsm card</li>
<li>Printed A4 and folded to A5, then machine cut and folded for a crisp finish</li>
<li>Personalised with their name, age and your own message</li>
<li>Printed inside and out if you want a message inside</li>
<li>Comes with a free white envelope</li>
</ul>
<h3>Size &amp; details</h3>
<ul>
<li>Size: printed A4, folded to A5</li>
<li>Card: 350gsm silk art board</li>
<li>Finish: machine cut and folded</li>
<li>Includes: free white envelope</li>
<li>Personalisation: name, age, front message and inside message</li>
</ul>
<h3>Delivery</h3>
<p>Sent Royal Mail 1st Class, dispatched the same day, or the next working day at busy times. It's posted flat in a board-backed envelope.</p>
<p>Buying for a animal lover? Add a personalised mug or poster for a matching gift. Custom card designs on request: call 01439 771468.</p>"
bear-eating-leaves-personalised-birthday-card,"<p>Our personalised Bear Eating Leaves birthday card is a fun way to wish a animal lover happy birthday, with their name and age added to the design.</p>
<h2>Personalised Bear Eating Leaves birthday card</h2>
<p>You get a Bear Eating Leaves design, printed with the name and age you give us. Want a message inside? Add it when you order and we'll print that as well. We print exactly what you enter, so please double-check names and spelling.</p>
<h3>Why you'll love it</h3>
<ul>
<li>Printed A4 and folded to A5, then machine cut and folded for a crisp finish</li>
<li>Personalised with their name, age and your own message</li>
<li>Printed inside and out if you want a message inside</li>
<li>Comes with a free white envelope</li>
<li>Posted flat in a board-backed envelope so it arrives uncreased</li>
</ul>
<h3>Size &amp; details</h3>
<ul>
<li>Size: printed A4, folded to A5</li>
<li>Card: 350gsm silk art board</li>
<li>Finish: machine cut and folded</li>
<li>Includes: free white envelope</li>
<li>Personalisation: name, age, front message and inside message</li>
</ul>
<h3>Delivery</h3>
<p>Sent Royal Mail 1st Class, dispatched the same day, or the next working day at busy times. It's posted flat in a board-backed envelope.</p>
<p>Pair the personalised Bear Eating Leaves birthday card with a personalised mug for a birthday gift that's sorted in one go. Custom cards on request: call 01439 771468.</p>"
bear-leaning-over-log-personalised-birthday-card,"<p>Looking for a card for a animal lover? This personalised Bear Leaning Over Log birthday card is made to order with the name, age and message you choose.</p>
<h2>Bear Leaning Over Log birthday card with name and age</h2>
<p>The front shows a Bear Leaning Over Log design. Add the birthday name, age and your own front message when you order, and we can print a message inside too. We print exactly what you enter, so please double-check names and spelling.</p>
<h3>Why you'll love it</h3>
<ul>
<li>Printed on 350gsm silk art board, much thicker than the usual 240gsm card</li>
<li>Printed A4 and folded to A5, then machine cut and folded for a crisp finish</li>
<li>Personalised with their name, age and your own message</li>
<li>Comes with a free white envelope</li>
<li>Posted flat in a board-backed envelope so it arrives uncreased</li>
</ul>
<h3>Size &amp; details</h3>
<ul>
<li>Size: printed A4, folded to A5</li>
<li>Card: 350gsm silk art board</li>
<li>Finish: machine cut and folded</li>
<li>Includes: free white envelope</li>
<li>Personalisation: name, age, front message and inside message</li>
</ul>
<h3>Delivery</h3>
<p>Sent Royal Mail 1st Class, dispatched the same day, or the next working day at busy times. It's posted flat in a board-backed envelope.</p>
<p>Buying for a animal lover? Add a personalised mug or poster for a matching gift. Custom card designs on request: call 01439 771468.</p>"
bear-with-shoe-print-on-bottom-personalised-birthday-card,"<p>Our personalised Bear With Shoe Print On Bottom birthday card is a fun way to wish a animal lover happy birthday, with their name and age added to the design.</p>
<h2>Bear With Shoe Print On Bottom birthday card with name and age</h2>
<p>It's a Bear With Shoe Print On Bottom design, personalised with the name and age of the birthday animal lover. We can print inside and out, so add your own inside message when you order. We print exactly what you enter, so please double-check names and spelling.</p>
<h3>Why you'll love it</h3>
<ul>
<li>Printed on 350gsm silk art board, much thicker than the usual 240gsm card</li>
<li>Printed A4 and folded to A5, then machine cut and folded for a crisp finish</li>
<li>Personalised with their name, age and your own message</li>
<li>Printed inside and out if you want a message inside</li>
<li>Posted flat in a board-backed envelope so it arrives uncreased</li>
</ul>
<h3>Size &amp; details</h3>
<ul>
<li>Size: printed A4, folded to A5</li>
<li>Card: 350gsm silk art board</li>
<li>Finish: machine cut and folded</li>
<li>Includes: free white envelope</li>
<li>Personalisation: name, age, front message and inside message</li>
</ul>
<h3>Delivery</h3>
<p>Sent Royal Mail 1st Class, dispatched the same day, or the next working day at busy times. It's posted flat in a board-backed envelope.</p>
<p>Pair the personalised Bear With Shoe Print On Bottom birthday card with a personalised mug for a birthday gift that's sorted in one go. Custom cards on request: call 01439 771468.</p>"
beaver-drinking-from-bottle-personalised-birthday-card,"<p>Our personalised Beaver Drinking From Bottle birthday card is a fun way to wish a animal lover happy birthday, with their name and age added to the design.</p>
<h2>Beaver Drinking From Bottle birthday card with name and age</h2>
<p>You get a Beaver Drinking From Bottle design, printed with the name and age you give us. Want a message inside? Add it when you order and we'll print that as well. We print exactly what you enter, so please double-check names and spelling.</p>
<h3>Why you'll love it</h3>
<ul>
<li>Printed on 350gsm silk art board, much thicker than the usual 240gsm card</li>
<li>Printed A4 and folded to A5, then machine cut and folded for a crisp finish</li>
<li>Personalised with their name, age and your own message</li>
<li>Printed inside and out if you want a message inside</li>
<li>Comes with a free white envelope</li>
</ul>
<h3>Size &amp; details</h3>
<ul>
<li>Size: printed A4, folded to A5</li>
<li>Card: 350gsm silk art board</li>
<li>Finish: machine cut and folded</li>
<li>Includes: free white envelope</li>
<li>Personalisation: name, age, front message and inside message</li>
</ul>
<h3>Delivery</h3>
<p>Sent Royal Mail 1st Class, dispatched the same day, or the next working day at busy times. It's posted flat in a board-backed envelope.</p>
<p>Pair the personalised Beaver Drinking From Bottle birthday card with a personalised mug for a birthday gift that's sorted in one go. Custom cards on request: call 01439 771468.</p>"
black-piglet-personalised-birthday-card,"<p>Make their day with a personalised Black Piglet birthday card, printed on thick card in our North Yorkshire workshop and posted 1st Class.</p>
<h2>Personalised Black Piglet birthday card</h2>
<p>It's a Black Piglet design, personalised with the name and age of the birthday animal lover. We can print inside and out, so add your own inside message when you order. We print exactly what you enter, so please double-check names and spelling.</p>
<h3>Why you'll love it</h3>
<ul>
<li>Printed A4 and folded to A5, then machine cut and folded for a crisp finish</li>
<li>Personalised with their name, age and your own message</li>
<li>Printed inside and out if you want a message inside</li>
<li>Comes with a free white envelope</li>
<li>Posted flat in a board-backed envelope so it arrives uncreased</li>
</ul>
<h3>Size &amp; details</h3>
<ul>
<li>Size: printed A4, folded to A5</li>
<li>Card: 350gsm silk art board</li>
<li>Finish: machine cut and folded</li>
<li>Includes: free white envelope</li>
<li>Personalisation: name, age, front message and inside message</li>
</ul>
<h3>Delivery</h3>
<p>Sent Royal Mail 1st Class, dispatched the same day, or the next working day at busy times. It's posted flat in a board-backed envelope.</p>
<p>Pair the personalised Black Piglet birthday card with a personalised mug for a birthday gift that's sorted in one go. Custom cards on request: call 01439 771468.</p>"
boob-monkey-personalised-birthday-card,"<p>Make their day with a personalised Boob Monkey birthday card, printed on thick card in our North Yorkshire workshop and posted 1st Class.</p>
<h2>Boob Monkey birthday card with name and age</h2>
<p>You get a Boob Monkey design, printed with the name and age you give us. Want a message inside? Add it when you order and we'll print that as well. We print exactly what you enter, so please double-check names and spelling.</p>
<h3>Why you'll love it</h3>
<ul>
<li>Printed on 350gsm silk art board, much thicker than the usual 240gsm card</li>
<li>Printed A4 and folded to A5, then machine cut and folded for a crisp finish</li>
<li>Personalised with their name, age and your own message</li>
<li>Printed inside and out if you want a message inside</li>
<li>Comes with a free white envelope</li>
</ul>
<h3>Size &amp; details</h3>
<ul>
<li>Size: printed A4, folded to A5</li>
<li>Card: 350gsm silk art board</li>
<li>Finish: machine cut and folded</li>
<li>Includes: free white envelope</li>
<li>Personalisation: name, age, front message and inside message</li>
</ul>
<h3>Delivery</h3>
<p>Sent Royal Mail 1st Class, dispatched the same day, or the next working day at busy times. It's posted flat in a board-backed envelope.</p>
<p>Pair the personalised Boob Monkey birthday card with a personalised mug for a birthday gift that's sorted in one go. Custom cards on request: call 01439 771468.</p>"
butterfly-on-labs-nose-personalised-birthday-card,"<p>Make their day with a personalised Butterfly On Lab's Nose birthday card, printed on thick card in our North Yorkshire workshop and posted 1st Class.</p>
<h2>Personalised Butterfly On Lab's Nose birthday card</h2>
<p>You get a Butterfly On Lab's Nose design, printed with the name and age you give us. Want a message inside? Add it when you order and we'll print that as well. We print exactly what you enter, so please double-check names and spelling.</p>
<h3>Why you'll love it</h3>
<ul>
<li>Printed on 350gsm silk art board, much thicker than the usual 240gsm card</li>
<li>Printed A4 and folded to A5, then machine cut and folded for a crisp finish</li>
<li>Personalised with their name, age and your own message</li>
<li>Comes with a free white envelope</li>
<li>Posted flat in a board-backed envelope so it arrives uncreased</li>
</ul>
<h3>Size &amp; details</h3>
<ul>
<li>Size: printed A4, folded to A5</li>
<li>Card: 350gsm silk art board</li>
<li>Finish: machine cut and folded</li>
<li>Includes: free white envelope</li>
<li>Personalisation: name, age, front message and inside message</li>
</ul>
<h3>Delivery</h3>
<p>Sent Royal Mail 1st Class, dispatched the same day, or the next working day at busy times. It's posted flat in a board-backed envelope.</p>
<p>Buying for a animal lover? Add a personalised mug or poster for a matching gift. Custom card designs on request: call 01439 771468.</p>"
cartoon-cat-tie-personalised-birthday-card,"<p>Looking for a card for a animal lover? This personalised Cartoon Cat Tie birthday card is made to order with the name, age and message you choose.</p>
<h2>Personalised Cartoon Cat Tie birthday card</h2>
<p>You get a Cartoon Cat Tie design, printed with the name and age you give us. Want a message inside? Add it when you order and we'll print that as well. We print exactly what you enter, so please double-check names and spelling.</p>
<h3>Why you'll love it</h3>
<ul>
<li>Printed on 350gsm silk art board, much thicker than the usual 240gsm card</li>
<li>Printed A4 and folded to A5, then machine cut and folded for a crisp finish</li>
<li>Personalised with their name, age and your own message</li>
<li>Printed inside and out if you want a message inside</li>
<li>Posted flat in a board-backed envelope so it arrives uncreased</li>
</ul>
<h3>Size &amp; details</h3>
<ul>
<li>Size: printed A4, folded to A5</li>
<li>Card: 350gsm silk art board</li>
<li>Finish: machine cut and folded</li>
<li>Includes: free white envelope</li>
<li>Personalisation: name, age, front message and inside message</li>
</ul>
<h3>Delivery</h3>
<p>Sent Royal Mail 1st Class, dispatched the same day, or the next working day at busy times. It's posted flat in a board-backed envelope.</p>
<p>Buying for a animal lover? Add a personalised mug or poster for a matching gift. Custom card designs on request: call 01439 771468.</p>"
cat-asleep-under-dogs-ear-personalised-birthday-card,"<p>Our personalised Cat Asleep Under Dogs Ear birthday card is a fun way to wish a animal lover happy birthday, with their name and age added to the design.</p>
<h2>Personalised Cat Asleep Under Dogs Ear birthday card</h2>
<p>It's a Cat Asleep Under Dogs Ear design, personalised with the name and age of the birthday animal lover. We can print inside and out, so add your own inside message when you order. We print exactly what you enter, so please double-check names and spelling.</p>
<h3>Why you'll love it</h3>
<ul>
<li>Printed on 350gsm silk art board, much thicker than the usual 240gsm card</li>
<li>Printed A4 and folded to A5, then machine cut and folded for a crisp finish</li>
<li>Personalised with their name, age and your own message</li>
<li>Comes with a free white envelope</li>
<li>Posted flat in a board-backed envelope so it arrives uncreased</li>
</ul>
<h3>Size &amp; details</h3>
<ul>
<li>Size: printed A4, folded to A5</li>
<li>Card: 350gsm silk art board</li>
<li>Finish: machine cut and folded</li>
<li>Includes: free white envelope</li>
<li>Personalisation: name, age, front message and inside message</li>
</ul>
<h3>Delivery</h3>
<p>Sent Royal Mail 1st Class, dispatched the same day, or the next working day at busy times. It's posted flat in a board-backed envelope.</p>
<p>Buying for a animal lover? Add a personalised mug or poster for a matching gift. Custom card designs on request: call 01439 771468.</p>"
cat-biting-camera-personalised-birthday-card,"<p>Our personalised Cat Biting Camera birthday card is a fun way to wish a animal lover happy birthday, with their name and age added to the design.</p>
<h2>Personalised Cat Biting Camera birthday card</h2>
<p>It's a Cat Biting Camera design, personalised with the name and age of the birthday animal lover. We can print inside and out, so add your own inside message when you order. We print exactly what you enter, so please double-check names and spelling.</p>
<h3>Why you'll love it</h3>
<ul>
<li>Printed on 350gsm silk art board, much thicker than the usual 240gsm card</li>
<li>Printed A4 and folded to A5, then machine cut and folded for a crisp finish</li>
<li>Personalised with their name, age and your own message</li>
<li>Printed inside and out if you want a message inside</li>
<li>Posted flat in a board-backed envelope so it arrives uncreased</li>
</ul>
<h3>Size &amp; details</h3>
<ul>
<li>Size: printed A4, folded to A5</li>
<li>Card: 350gsm silk art board</li>
<li>Finish: machine cut and folded</li>
<li>Includes: free white envelope</li>
<li>Personalisation: name, age, front message and inside message</li>
</ul>
<h3>Delivery</h3>
<p>Sent Royal Mail 1st Class, dispatched the same day, or the next working day at busy times. It's posted flat in a board-backed envelope.</p>
<p>Pair the personalised Cat Biting Camera birthday card with a personalised mug for a birthday gift that's sorted in one go. Custom cards on request: call 01439 771468.</p>"
cat-eating-while-being-pushed-personalised-birthday-card,"<p>Make their day with a personalised Cat Eating While Being Pushed birthday card, printed on thick card in our North Yorkshire workshop and posted 1st Class.</p>
<h2>Personalised Cat Eating While Being Pushed birthday card</h2>
<p>It's a Cat Eating While Being Pushed design, personalised with the name and age of the birthday animal lover. We can print inside and out, so add your own inside message when you order. We print exactly what you enter, so please double-check names and spelling.</p>
<h3>Why you'll love it</h3>
<ul>
<li>Printed on 350gsm silk art board, much thicker than the usual 240gsm card</li>
<li>Printed A4 and folded to A5, then machine cut and folded for a crisp finish</li>
<li>Personalised with their name, age and your own message</li>
<li>Printed inside and out if you want a message inside</li>
<li>Comes with a free white envelope</li>
</ul>
<h3>Size &amp; details</h3>
<ul>
<li>Size: printed A4, folded to A5</li>
<li>Card: 350gsm silk art board</li>
<li>Finish: machine cut and folded</li>
<li>Includes: free white envelope</li>
<li>Personalisation: name, age, front message and inside message</li>
</ul>
<h3>Delivery</h3>
<p>Sent Royal Mail 1st Class, dispatched the same day, or the next working day at busy times. It's posted flat in a board-backed envelope.</p>
<p>Pair the personalised Cat Eating While Being Pushed birthday card with a personalised mug for a birthday gift that's sorted in one go. Custom cards on request: call 01439 771468.</p>"
cat-holding-kitten-personalised-birthday-card,"<p>Make their day with a personalised Cat Holding Kitten birthday card, printed on thick card in our North Yorkshire workshop and posted 1st Class.</p>
<h2>Personalised Cat Holding Kitten birthday card</h2>
<p>You get a Cat Holding Kitten design, printed with the name and age you give us. Want a message inside? Add it when you order and we'll print that as well. We print exactly what you enter, so please double-check names and spelling.</p>
<h3>Why you'll love it</h3>
<ul>
<li>Printed on 350gsm silk art board, much thicker than the usual 240gsm card</li>
<li>Printed A4 and folded to A5, then machine cut and folded for a crisp finish</li>
<li>Printed inside and out if you want a message inside</li>
<li>Comes with a free white envelope</li>
<li>Posted flat in a board-backed envelope so it arrives uncreased</li>
</ul>
<h3>Size &amp; details</h3>
<ul>
<li>Size: printed A4, folded to A5</li>
<li>Card: 350gsm silk art board</li>
<li>Finish: machine cut and folded</li>
<li>Includes: free white envelope</li>
<li>Personalisation: name, age, front message and inside message</li>
</ul>
<h3>Delivery</h3>
<p>Sent Royal Mail 1st Class, dispatched the same day, or the next working day at busy times. It's posted flat in a board-backed envelope.</p>
<p>Buying for a animal lover? Add a personalised mug or poster for a matching gift. Custom card designs on request: call 01439 771468.</p>"
cat-holding-puppy-personalised-birthday-card,"<p>Make their day with a personalised Cat Holding Puppy birthday card, printed on thick card in our North Yorkshire workshop and posted 1st Class.</p>
<h2>Personalised Cat Holding Puppy birthday card</h2>
<p>You get a Cat Holding Puppy design, printed with the name and age you give us. Want a message inside? Add it when you order and we'll print that as well. We print exactly what you enter, so please double-check names and spelling.</p>
<h3>Why you'll love it</h3>
<ul>
<li>Printed on 350gsm silk art board, much thicker than the usual 240gsm card</li>
<li>Printed A4 and folded to A5, then machine cut and folded for a crisp finish</li>
<li>Personalised with their name, age and your own message</li>
<li>Printed inside and out if you want a message inside</li>
<li>Posted flat in a board-backed envelope so it arrives uncreased</li>
</ul>
<h3>Size &amp; details</h3>
<ul>
<li>Size: printed A4, folded to A5</li>
<li>Card: 350gsm silk art board</li>
<li>Finish: machine cut and folded</li>
<li>Includes: free white envelope</li>
<li>Personalisation: name, age, front message and inside message</li>
</ul>
<h3>Delivery</h3>
<p>Sent Royal Mail 1st Class, dispatched the same day, or the next working day at busy times. It's posted flat in a board-backed envelope.</p>
<p>Buying for a animal lover? Add a personalised mug or poster for a matching gift. Custom card designs on request: call 01439 771468.</p>"
cat-in-bed-with-teddy-sheep-personalised-birthday-card,"<p>Looking for a card for a animal lover? This personalised Cat In Bed With Teddy Sheep birthday card is made to order with the name, age and message you choose.</p>
<h2>Personalised Cat In Bed With Teddy Sheep birthday card</h2>
<p>You get a Cat In Bed With Teddy Sheep design, printed with the name and age you give us. Want a message inside? Add it when you order and we'll print that as well. We print exactly what you enter, so please double-check names and spelling.</p>
<h3>Why you'll love it</h3>
<ul>
<li>Printed on 350gsm silk art board, much thicker than the usual 240gsm card</li>
<li>Printed A4 and folded to A5, then machine cut and folded for a crisp finish</li>
<li>Personalised with their name, age and your own message</li>
<li>Comes with a free white envelope</li>
<li>Posted flat in a board-backed envelope so it arrives uncreased</li>
</ul>
<h3>Size &amp; details</h3>
<ul>
<li>Size: printed A4, folded to A5</li>
<li>Card: 350gsm silk art board</li>
<li>Finish: machine cut and folded</li>
<li>Includes: free white envelope</li>
<li>Personalisation: name, age, front message and inside message</li>
</ul>
<h3>Delivery</h3>
<p>Sent Royal Mail 1st Class, dispatched the same day, or the next working day at busy times. It's posted flat in a board-backed envelope.</p>
<p>Pair the personalised Cat In Bed With Teddy Sheep birthday card with a personalised mug for a birthday gift that's sorted in one go. Custom cards on request: call 01439 771468.</p>"
cat-leaning-on-curb-personalised-birthday-card,"<p>Looking for a card for a animal lover? This personalised Cat Leaning On Curb birthday card is made to order with the name, age and message you choose.</p>
<h2>Personalised Cat Leaning On Curb birthday card</h2>
<p>The front shows a Cat Leaning On Curb design. Add the birthday name, age and your own front message when you order, and we can print a message inside too. We print exactly what you enter, so please double-check names and spelling.</p>
<h3>Why you'll love it</h3>
<ul>
<li>Printed on 350gsm silk art board, much thicker than the usual 240gsm card</li>
<li>Printed A4 and folded to A5, then machine cut and folded for a crisp finish</li>
<li>Personalised with their name, age and your own message</li>
<li>Printed inside and out if you want a message inside</li>
<li>Posted flat in a board-backed envelope so it arrives uncreased</li>
</ul>
<h3>Size &amp; details</h3>
<ul>
<li>Size: printed A4, folded to A5</li>
<li>Card: 350gsm silk art board</li>
<li>Finish: machine cut and folded</li>
<li>Includes: free white envelope</li>
<li>Personalisation: name, age, front message and inside message</li>
</ul>
<h3>Delivery</h3>
<p>Sent Royal Mail 1st Class, dispatched the same day, or the next working day at busy times. It's posted flat in a board-backed envelope.</p>
<p>Buying for a animal lover? Add a personalised mug or poster for a matching gift. Custom card designs on request: call 01439 771468.</p>"
cat-lifting-weights-personalised-birthday-card,"<p>Looking for a card for a animal lover? This personalised Cat Lifting Weights birthday card is made to order with the name, age and message you choose.</p>
<h2>Cat Lifting Weights birthday card with name and age</h2>
<p>It's a Cat Lifting Weights design, personalised with the name and age of the birthday animal lover. We can print inside and out, so add your own inside message when you order. We print exactly what you enter, so please double-check names and spelling.</p>
<h3>Why you'll love it</h3>
<ul>
<li>Printed on 350gsm silk art board, much thicker than the usual 240gsm card</li>
<li>Personalised with their name, age and your own message</li>
<li>Printed inside and out if you want a message inside</li>
<li>Comes with a free white envelope</li>
<li>Posted flat in a board-backed envelope so it arrives uncreased</li>
</ul>
<h3>Size &amp; details</h3>
<ul>
<li>Size: printed A4, folded to A5</li>
<li>Card: 350gsm silk art board</li>
<li>Finish: machine cut and folded</li>
<li>Includes: free white envelope</li>
<li>Personalisation: name, age, front message and inside message</li>
</ul>
<h3>Delivery</h3>
<p>Sent Royal Mail 1st Class, dispatched the same day, or the next working day at busy times. It's posted flat in a board-backed envelope.</p>
<p>Pair the personalised Cat Lifting Weights birthday card with a personalised mug for a birthday gift that's sorted in one go. Custom cards on request: call 01439 771468.</p>"
cat-looking-at-fish-bowl-personalised-birthday-card,"<p>Our personalised Cat Looking At Fish Bowl birthday card is a fun way to wish a animal lover happy birthday, with their name and age added to the design.</p>
<h2>Personalised Cat Looking At Fish Bowl birthday card</h2>
<p>The front shows a Cat Looking At Fish Bowl design. Add the birthday name, age and your own front message when you order, and we can print a message inside too. We print exactly what you enter, so please double-check names and spelling.</p>
<h3>Why you'll love it</h3>
<ul>
<li>Printed on 350gsm silk art board, much thicker than the usual 240gsm card</li>
<li>Printed A4 and folded to A5, then machine cut and folded for a crisp finish</li>
<li>Personalised with their name, age and your own message</li>
<li>Comes with a free white envelope</li>
<li>Posted flat in a board-backed envelope so it arrives uncreased</li>
</ul>
<h3>Size &amp; details</h3>
<ul>
<li>Size: printed A4, folded to A5</li>
<li>Card: 350gsm silk art board</li>
<li>Finish: machine cut and folded</li>
<li>Includes: free white envelope</li>
<li>Personalisation: name, age, front message and inside message</li>
</ul>
<h3>Delivery</h3>
<p>Sent Royal Mail 1st Class, dispatched the same day, or the next working day at busy times. It's posted flat in a board-backed envelope.</p>
<p>Can't find the design you're after? We can make a custom birthday card: call 01439 771468.</p>"
cat-massage-personalised-birthday-card,"<p>Our personalised Cat Massage birthday card is a fun way to wish a animal lover happy birthday, with their name and age added to the design.</p>
<h2>Personalised Cat Massage birthday card</h2>
<p>The front shows a Cat Massage design. Add the birthday name, age and your own front message when you order, and we can print a message inside too. We print exactly what you enter, so please double-check names and spelling.</p>
<h3>Why you'll love it</h3>
<ul>
<li>Printed on 350gsm silk art board, much thicker than the usual 240gsm card</li>
<li>Printed A4 and folded to A5, then machine cut and folded for a crisp finish</li>
<li>Personalised with their name, age and your own message</li>
<li>Comes with a free white envelope</li>
<li>Posted flat in a board-backed envelope so it arrives uncreased</li>
</ul>
<h3>Size &amp; details</h3>
<ul>
<li>Size: printed A4, folded to A5</li>
<li>Card: 350gsm silk art board</li>
<li>Finish: machine cut and folded</li>
<li>Includes: free white envelope</li>
<li>Personalisation: name, age, front message and inside message</li>
</ul>
<h3>Delivery</h3>
<p>Sent Royal Mail 1st Class, dispatched the same day, or the next working day at busy times. It's posted flat in a board-backed envelope.</p>
<p>Pair the personalised Cat Massage birthday card with a personalised mug for a birthday gift that's sorted in one go. Custom cards on request: call 01439 771468.</p>"
cat-sat-on-dog-to-see-personalised-birthday-card,"<p>Make their day with a personalised Cat Sat On Dog To See birthday card, printed on thick card in our North Yorkshire workshop and posted 1st Class.</p>
<h2>Personalised Cat Sat On Dog To See birthday card</h2>
<p>The front shows a Cat Sat On Dog To See design. Add the birthday name, age and your own front message when you order, and we can print a message inside too. We print exactly what you enter, so please double-check names and spelling.</p>
<h3>Why you'll love it</h3>
<ul>
<li>Printed A4 and folded to A5, then machine cut and folded for a crisp finish</li>
<li>Personalised with their name, age and your own message</li>
<li>Printed inside and out if you want a message inside</li>
<li>Comes with a free white envelope</li>
<li>Posted flat in a board-backed envelope so it arrives uncreased</li>
</ul>
<h3>Size &amp; details</h3>
<ul>
<li>Size: printed A4, folded to A5</li>
<li>Card: 350gsm silk art board</li>
<li>Finish: machine cut and folded</li>
<li>Includes: free white envelope</li>
<li>Personalisation: name, age, front message and inside message</li>
</ul>
<h3>Delivery</h3>
<p>Sent Royal Mail 1st Class, dispatched the same day, or the next working day at busy times. It's posted flat in a board-backed envelope.</p>
<p>Pair the personalised Cat Sat On Dog To See birthday card with a personalised mug for a birthday gift that's sorted in one go. Custom cards on request: call 01439 771468.</p>"
cat-stealing-milk-personalised-birthday-card,"<p>Looking for a card for a animal lover? This personalised Cat Stealing Milk birthday card is made to order with the name, age and message you choose.</p>
<h2>Personalised Cat Stealing Milk birthday card</h2>
<p>It's a Cat Stealing Milk design, personalised with the name and age of the birthday animal lover. We can print inside and out, so add your own inside message when you order. We print exactly what you enter, so please double-check names and spelling.</p>
<h3>Why you'll love it</h3>
<ul>
<li>Printed on 350gsm silk art board, much thicker than the usual 240gsm card</li>
<li>Printed A4 and folded to A5, then machine cut and folded for a crisp finish</li>
<li>Personalised with their name, age and your own message</li>
<li>Printed inside and out if you want a message inside</li>
<li>Comes with a free white envelope</li>
</ul>
<h3>Size &amp; details</h3>
<ul>
<li>Size: printed A4, folded to A5</li>
<li>Card: 350gsm silk art board</li>
<li>Finish: machine cut and folded</li>
<li>Includes: free white envelope</li>
<li>Personalisation: name, age, front message and inside message</li>
</ul>
<h3>Delivery</h3>
<p>Sent Royal Mail 1st Class, dispatched the same day, or the next working day at busy times. It's posted flat in a board-backed envelope.</p>
<p>Can't find the design you're after? We can make a custom birthday card: call 01439 771468.</p>"
cat-sticking-tongue-out-personalised-birthday-card,"<p>Our personalised Cat Sticking Tongue Out birthday card is a fun way to wish a animal lover happy birthday, with their name and age added to the design.</p>
<h2>Personalised Cat Sticking Tongue Out birthday card</h2>
<p>The front shows a Cat Sticking Tongue Out design. Add the birthday name, age and your own front message when you order, and we can print a message inside too. We print exactly what you enter, so please double-check names and spelling.</p>
<h3>Why you'll love it</h3>
<ul>
<li>Printed A4 and folded to A5, then machine cut and folded for a crisp finish</li>
<li>Personalised with their name, age and your own message</li>
<li>Printed inside and out if you want a message inside</li>
<li>Comes with a free white envelope</li>
<li>Posted flat in a board-backed envelope so it arrives uncreased</li>
</ul>
<h3>Size &amp; details</h3>
<ul>
<li>Size: printed A4, folded to A5</li>
<li>Card: 350gsm silk art board</li>
<li>Finish: machine cut and folded</li>
<li>Includes: free white envelope</li>
<li>Personalisation: name, age, front message and inside message</li>
</ul>
<h3>Delivery</h3>
<p>Sent Royal Mail 1st Class, dispatched the same day, or the next working day at busy times. It's posted flat in a board-backed envelope.</p>
<p>Can't find the design you're after? We can make a custom birthday card: call 01439 771468.</p>"
cats-fighting-personalised-birthday-card,"<p>Make their day with a personalised Cats Fighting birthday card, printed on thick card in our North Yorkshire workshop and posted 1st Class.</p>
<h2>Personalised Cats Fighting birthday card</h2>
<p>The front shows a Cats Fighting design. Add the birthday name, age and your own front message when you order, and we can print a message inside too. We print exactly what you enter, so please double-check names and spelling.</p>
<h3>Why you'll love it</h3>
<ul>
<li>Printed A4 and folded to A5, then machine cut and folded for a crisp finish</li>
<li>Personalised with their name, age and your own message</li>
<li>Printed inside and out if you want a message inside</li>
<li>Comes with a free white envelope</li>
<li>Posted flat in a board-backed envelope so it arrives uncreased</li>
</ul>
<h3>Size &amp; details</h3>
<ul>
<li>Size: printed A4, folded to A5</li>
<li>Card: 350gsm silk art board</li>
<li>Finish: machine cut and folded</li>
<li>Includes: free white envelope</li>
<li>Personalisation: name, age, front message and inside message</li>
</ul>
<h3>Delivery</h3>
<p>Sent Royal Mail 1st Class, dispatched the same day, or the next working day at busy times. It's posted flat in a board-backed envelope.</p>
<p>Can't find the design you're after? We can make a custom birthday card: call 01439 771468.</p>"
child-safe-goat-personalised-birthday-card,"<p>Make their day with a personalised Child Safe Goat birthday card, printed on thick card in our North Yorkshire workshop and posted 1st Class.</p>
<h2>Personalised Child Safe Goat birthday card</h2>
<p>It's a Child Safe Goat design, personalised with the name and age of the birthday animal lover. We can print inside and out, so add your own inside message when you order. We print exactly what you enter, so please double-check names and spelling.</p>
<h3>Why you'll love it</h3>
<ul>
<li>Printed A4 and folded to A5, then machine cut and folded for a crisp finish</li>
<li>Personalised with their name, age and your own message</li>
<li>Printed inside and out if you want a message inside</li>
<li>Comes with a free white envelope</li>
<li>Posted flat in a board-backed envelope so it arrives uncreased</li>
</ul>
<h3>Size &amp; details</h3>
<ul>
<li>Size: printed A4, folded to A5</li>
<li>Card: 350gsm silk art board</li>
<li>Finish: machine cut and folded</li>
<li>Includes: free white envelope</li>
<li>Personalisation: name, age, front message and inside message</li>
</ul>
<h3>Delivery</h3>
<p>Sent Royal Mail 1st Class, dispatched the same day, or the next working day at busy times. It's posted flat in a board-backed envelope.</p>
<p>Pair the personalised Child Safe Goat birthday card with a personalised mug for a birthday gift that's sorted in one go. Custom cards on request: call 01439 771468.</p>"
colourful-sheep-personalised-birthday-card,"<p>Make their day with a personalised Colourful Sheep birthday card, printed on thick card in our North Yorkshire workshop and posted 1st Class.</p>
<h2>Personalised Colourful Sheep birthday card</h2>
<p>It's a Colourful Sheep design, personalised with the name and age of the birthday animal lover. We can print inside and out, so add your own inside message when you order. We print exactly what you enter, so please double-check names and spelling.</p>
<h3>Why you'll love it</h3>
<ul>
<li>Printed on 350gsm silk art board, much thicker than the usual 240gsm card</li>
<li>Personalised with their name, age and your own message</li>
<li>Printed inside and out if you want a message inside</li>
<li>Comes with a free white envelope</li>
<li>Posted flat in a board-backed envelope so it arrives uncreased</li>
</ul>
<h3>Size &amp; details</h3>
<ul>
<li>Size: printed A4, folded to A5</li>
<li>Card: 350gsm silk art board</li>
<li>Finish: machine cut and folded</li>
<li>Includes: free white envelope</li>
<li>Personalisation: name, age, front message and inside message</li>
</ul>
<h3>Delivery</h3>
<p>Sent Royal Mail 1st Class, dispatched the same day, or the next working day at busy times. It's posted flat in a board-backed envelope.</p>
<p>Buying for a animal lover? Add a personalised mug or poster for a matching gift. Custom card designs on request: call 01439 771468.</p>"
cool-chick-personalised-birthday-card,"<p>Our personalised Cool Chick birthday card is a fun way to wish a animal lover happy birthday, with their name and age added to the design.</p>
<h2>Personalised Cool Chick birthday card</h2>
<p>The front shows a Cool Chick design. Add the birthday name, age and your own front message when you order, and we can print a message inside too. We print exactly what you enter, so please double-check names and spelling.</p>
<h3>Why you'll love it</h3>
<ul>
<li>Printed on 350gsm silk art board, much thicker than the usual 240gsm card</li>
<li>Printed A4 and folded to A5, then machine cut and folded for a crisp finish</li>
<li>Printed inside and out if you want a message inside</li>
<li>Comes with a free white envelope</li>
<li>Posted flat in a board-backed envelope so it arrives uncreased</li>
</ul>
<h3>Size &amp; details</h3>
<ul>
<li>Size: printed A4, folded to A5</li>
<li>Card: 350gsm silk art board</li>
<li>Finish: machine cut and folded</li>
<li>Includes: free white envelope</li>
<li>Personalisation: name, age, front message and inside message</li>
</ul>
<h3>Delivery</h3>
<p>Sent Royal Mail 1st Class, dispatched the same day, or the next working day at busy times. It's posted flat in a board-backed envelope.</p>
<p>Pair the personalised Cool Chick birthday card with a personalised mug for a birthday gift that's sorted in one go. Custom cards on request: call 01439 771468.</p>"
cows-kissing-personalised-birthday-card,"<p>Looking for a card for a animal lover? This personalised Cows Kissing birthday card is made to order with the name, age and message you choose.</p>
<h2>Personalised Cows Kissing birthday card</h2>
<p>You get a Cows Kissing design, printed with the name and age you give us. Want a message inside? Add it when you order and we'll print that as well. We print exactly what you enter, so please double-check names and spelling.</p>
<h3>Why you'll love it</h3>
<ul>
<li>Printed on 350gsm silk art board, much thicker than the usual 240gsm card</li>
<li>Personalised with their name, age and your own message</li>
<li>Printed inside and out if you want a message inside</li>
<li>Comes with a free white envelope</li>
<li>Posted flat in a board-backed envelope so it arrives uncreased</li>
</ul>
<h3>Size &amp; details</h3>
<ul>
<li>Size: printed A4, folded to A5</li>
<li>Card: 350gsm silk art board</li>
<li>Finish: machine cut and folded</li>
<li>Includes: free white envelope</li>
<li>Personalisation: name, age, front message and inside message</li>
</ul>
<h3>Delivery</h3>
<p>Sent Royal Mail 1st Class, dispatched the same day, or the next working day at busy times. It's posted flat in a board-backed envelope.</p>
<p>Pair the personalised Cows Kissing birthday card with a personalised mug for a birthday gift that's sorted in one go. Custom cards on request: call 01439 771468.</p>"
dog-and-owl-reading-personalised-birthday-card,"<p>Make their day with a personalised Dog And Owl Reading birthday card, printed on thick card in our North Yorkshire workshop and posted 1st Class.</p>
<h2>Personalised Dog And Owl Reading birthday card</h2>
<p>The front shows a Dog And Owl Reading design. Add the birthday name, age and your own front message when you order, and we can print a message inside too. We print exactly what you enter, so please double-check names and spelling.</p>
<h3>Why you'll love it</h3>
<ul>
<li>Printed on 350gsm silk art board, much thicker than the usual 240gsm card</li>
<li>Printed A4 and folded to A5, then machine cut and folded for a crisp finish</li>
<li>Personalised with their name, age and your own message</li>
<li>Comes with a free white envelope</li>
<li>Posted flat in a board-backed envelope so it arrives uncreased</li>
</ul>
<h3>Size &amp; details</h3>
<ul>
<li>Size: printed A4, folded to A5</li>
<li>Card: 350gsm silk art board</li>
<li>Finish: machine cut and folded</li>
<li>Includes: free white envelope</li>
<li>Personalisation: name, age, front message and inside message</li>
</ul>
<h3>Delivery</h3>
<p>Sent Royal Mail 1st Class, dispatched the same day, or the next working day at busy times. It's posted flat in a board-backed envelope.</p>
<p>Buying for a animal lover? Add a personalised mug or poster for a matching gift. Custom card designs on request: call 01439 771468.</p>"
dog-biting-ball-personalised-birthday-card,"<p>Our personalised Dog Biting Ball birthday card is a fun way to wish a animal lover happy birthday, with their name and age added to the design.</p>
<h2>Personalised Dog Biting Ball birthday card</h2>
<p>The front shows a Dog Biting Ball design. Add the birthday name, age and your own front message when you order, and we can print a message inside too. We print exactly what you enter, so please double-check names and spelling.</p>
<h3>Why you'll love it</h3>
<ul>
<li>Printed on 350gsm silk art board, much thicker than the usual 240gsm card</li>
<li>Printed A4 and folded to A5, then machine cut and folded for a crisp finish</li>
<li>Personalised with their name, age and your own message</li>
<li>Comes with a free white envelope</li>
<li>Posted flat in a board-backed envelope so it arrives uncreased</li>
</ul>
<h3>Size &amp; details</h3>
<ul>
<li>Size: printed A4, folded to A5</li>
<li>Card: 350gsm silk art board</li>
<li>Finish: machine cut and folded</li>
<li>Includes: free white envelope</li>
<li>Personalisation: name, age, front message and inside message</li>
</ul>
<h3>Delivery</h3>
<p>Sent Royal Mail 1st Class, dispatched the same day, or the next working day at busy times. It's posted flat in a board-backed envelope.</p>
<p>Can't find the design you're after? We can make a custom birthday card: call 01439 771468.</p>"
dog-drinking-from-glass-personalised-birthday-card,"<p>Our personalised Dog Drinking From Glass birthday card is a fun way to wish a animal lover happy birthday, with their name and age added to the design.</p>
<h2>Personalised Dog Drinking From Glass birthday card</h2>
<p>It's a Dog Drinking From Glass design, personalised with the name and age of the birthday animal lover. We can print inside and out, so add your own inside message when you order. We print exactly what you enter, so please double-check names and spelling.</p>
<h3>Why you'll love it</h3>
<ul>
<li>Printed on 350gsm silk art board, much thicker than the usual 240gsm card</li>
<li>Printed A4 and folded to A5, then machine cut and folded for a crisp finish</li>
<li>Personalised with their name, age and your own message</li>
<li>Comes with a free white envelope</li>
<li>Posted flat in a board-backed envelope so it arrives uncreased</li>
</ul>
<h3>Size &amp; details</h3>
<ul>
<li>Size: printed A4, folded to A5</li>
<li>Card: 350gsm silk art board</li>
<li>Finish: machine cut and folded</li>
<li>Includes: free white envelope</li>
<li>Personalisation: name, age, front message and inside message</li>
</ul>
<h3>Delivery</h3>
<p>Sent Royal Mail 1st Class, dispatched the same day, or the next working day at busy times. It's posted flat in a board-backed envelope.</p>
<p>Pair the personalised Dog Drinking From Glass birthday card with a personalised mug for a birthday gift that's sorted in one go. Custom cards on request: call 01439 771468.</p>"
dog-having-bubble-bath-personalised-birthday-card,"<p>Looking for a card for a animal lover? This personalised Dog Having Bubble Bath birthday card is made to order with the name, age and message you choose.</p>
<h2>Personalised Dog Having Bubble Bath birthday card</h2>
<p>The front shows a Dog Having Bubble Bath design. Add the birthday name, age and your own front message when you order, and we can print a message inside too. We print exactly what you enter, so please double-check names and spelling.</p>
<h3>Why you'll love it</h3>
<ul>
<li>Printed on 350gsm silk art board, much thicker than the usual 240gsm card</li>
<li>Printed A4 and folded to A5, then machine cut and folded for a crisp finish</li>
<li>Printed inside and out if you want a message inside</li>
<li>Comes with a free white envelope</li>
<li>Posted flat in a board-backed envelope so it arrives uncreased</li>
</ul>
<h3>Size &amp; details</h3>
<ul>
<li>Size: printed A4, folded to A5</li>
<li>Card: 350gsm silk art board</li>
<li>Finish: machine cut and folded</li>
<li>Includes: free white envelope</li>
<li>Personalisation: name, age, front message and inside message</li>
</ul>
<h3>Delivery</h3>
<p>Sent Royal Mail 1st Class, dispatched the same day, or the next working day at busy times. It's posted flat in a board-backed envelope.</p>
<p>Buying for a animal lover? Add a personalised mug or poster for a matching gift. Custom card designs on request: call 01439 771468.</p>"
dog-looking-at-scared-kitten-personalised-birthday-card,"<p>Make their day with a personalised Dog Looking At Scared Kitten birthday card, printed on thick card in our North Yorkshire workshop and posted 1st Class.</p>
<h2>Dog Looking At Scared Kitten birthday card with name and age</h2>
<p>It's a Dog Looking At Scared Kitten design, personalised with the name and age of the birthday animal lover. We can print inside and out, so add your own inside message when you order. We print exactly what you enter, so please double-check names and spelling.</p>
<h3>Why you'll love it</h3>
<ul>
<li>Printed A4 and folded to A5, then machine cut and folded for a crisp finish</li>
<li>Personalised with their name, age and your own message</li>
<li>Printed inside and out if you want a message inside</li>
<li>Comes with a free white envelope</li>
<li>Posted flat in a board-backed envelope so it arrives uncreased</li>
</ul>
<h3>Size &amp; details</h3>
<ul>
<li>Size: printed A4, folded to A5</li>
<li>Card: 350gsm silk art board</li>
<li>Finish: machine cut and folded</li>
<li>Includes: free white envelope</li>
<li>Personalisation: name, age, front message and inside message</li>
</ul>
<h3>Delivery</h3>
<p>Sent Royal Mail 1st Class, dispatched the same day, or the next working day at busy times. It's posted flat in a board-backed envelope.</p>
<p>Buying for a animal lover? Add a personalised mug or poster for a matching gift. Custom card designs on request: call 01439 771468.</p>"
dog-looking-unhappy-personalised-birthday-card,"<p>Our personalised Dog Looking Unhappy birthday card is a fun way to wish a animal lover happy birthday, with their name and age added to the design.</p>
<h2>Dog Looking Unhappy birthday card with name and age</h2>
<p>The front shows a Dog Looking Unhappy design. Add the birthday name, age and your own front message when you order, and we can print a message inside too. We print exactly what you enter, so please double-check names and spelling.</p>
<h3>Why you'll love it</h3>
<ul>
<li>Printed on 350gsm silk art board, much thicker than the usual 240gsm card</li>
<li>Printed A4 and folded to A5, then machine cut and folded for a crisp finish</li>
<li>Personalised with their name, age and your own message</li>
<li>Printed inside and out if you want a message inside</li>
<li>Comes with a free white envelope</li>
</ul>
<h3>Size &amp; details</h3>
<ul>
<li>Size: printed A4, folded to A5</li>
<li>Card: 350gsm silk art board</li>
<li>Finish: machine cut and folded</li>
<li>Includes: free white envelope</li>
<li>Personalisation: name, age, front message and inside message</li>
</ul>
<h3>Delivery</h3>
<p>Sent Royal Mail 1st Class, dispatched the same day, or the next working day at busy times. It's posted flat in a board-backed envelope.</p>
<p>Buying for a animal lover? Add a personalised mug or poster for a matching gift. Custom card designs on request: call 01439 771468.</p>"
dog-stepping-on-shoe-personalised-birthday-card,"<p>Looking for a card for a animal lover? This personalised Dog Stepping On Shoe birthday card is made to order with the name, age and message you choose.</p>
<h2>Personalised Dog Stepping On Shoe birthday card</h2>
<p>The front shows a Dog Stepping On Shoe design. Add the birthday name, age and your own front message when you order, and we can print a message inside too. We print exactly what you enter, so please double-check names and spelling.</p>
<h3>Why you'll love it</h3>
<ul>
<li>Printed on 350gsm silk art board, much thicker than the usual 240gsm card</li>
<li>Printed A4 and folded to A5, then machine cut and folded for a crisp finish</li>
<li>Printed inside and out if you want a message inside</li>
<li>Comes with a free white envelope</li>
<li>Posted flat in a board-backed envelope so it arrives uncreased</li>
</ul>
<h3>Size &amp; details</h3>
<ul>
<li>Size: printed A4, folded to A5</li>
<li>Card: 350gsm silk art board</li>
<li>Finish: machine cut and folded</li>
<li>Includes: free white envelope</li>
<li>Personalisation: name, age, front message and inside message</li>
</ul>
<h3>Delivery</h3>
<p>Sent Royal Mail 1st Class, dispatched the same day, or the next working day at busy times. It's posted flat in a board-backed envelope.</p>
<p>Buying for a animal lover? Add a personalised mug or poster for a matching gift. Custom card designs on request: call 01439 771468.</p>"
dog-wearing-knitted-hat-personalised-birthday-card,"<p>Looking for a card for a animal lover? This personalised Dog Wearing Knitted Hat birthday card is made to order with the name, age and message you choose.</p>
<h2>Personalised Dog Wearing Knitted Hat birthday card</h2>
<p>It's a Dog Wearing Knitted Hat design, personalised with the name and age of the birthday animal lover. We can print inside and out, so add your own inside message when you order. We print exactly what you enter, so please double-check names and spelling.</p>
<h3>Why you'll love it</h3>
<ul>
<li>Printed on 350gsm silk art board, much thicker than the usual 240gsm card</li>
<li>Personalised with their name, age and your own message</li>
<li>Printed inside and out if you want a message inside</li>
<li>Comes with a free white envelope</li>
<li>Posted flat in a board-backed envelope so it arrives uncreased</li>
</ul>
<h3>Size &amp; details</h3>
<ul>
<li>Size: printed A4, folded to A5</li>
<li>Card: 350gsm silk art board</li>
<li>Finish: machine cut and folded</li>
<li>Includes: free white envelope</li>
<li>Personalisation: name, age, front message and inside message</li>
</ul>
<h3>Delivery</h3>
<p>Sent Royal Mail 1st Class, dispatched the same day, or the next working day at busy times. It's posted flat in a board-backed envelope.</p>
<p>Can't find the design you're after? We can make a custom birthday card: call 01439 771468.</p>"
dog-with-fairy-wings-personalised-birthday-card,"<p>Make their day with a personalised Dog With Fairy Wings birthday card, printed on thick card in our North Yorkshire workshop and posted 1st Class.</p>
<h2>Personalised Dog With Fairy Wings birthday card</h2>
<p>You get a Dog With Fairy Wings design, printed with the name and age you give us. Want a message inside? Add it when you order and we'll print that as well. We print exactly what you enter, so please double-check names and spelling.</p>
<h3>Why you'll love it</h3>
<ul>
<li>Printed on 350gsm silk art board, much thicker than the usual 240gsm card</li>
<li>Personalised with their name, age and your own message</li>
<li>Printed inside and out if you want a message inside</li>
<li>Comes with a free white envelope</li>
<li>Posted flat in a board-backed envelope so it arrives uncreased</li>
</ul>
<h3>Size &amp; details</h3>
<ul>
<li>Size: printed A4, folded to A5</li>
<li>Card: 350gsm silk art board</li>
<li>Finish: machine cut and folded</li>
<li>Includes: free white envelope</li>
<li>Personalisation: name, age, front message and inside message</li>
</ul>
<h3>Delivery</h3>
<p>Sent Royal Mail 1st Class, dispatched the same day, or the next working day at busy times. It's posted flat in a board-backed envelope.</p>
<p>Buying for a animal lover? Add a personalised mug or poster for a matching gift. Custom card designs on request: call 01439 771468.</p>"
dog-with-tongue-out-personalised-birthday-card,"<p>Our personalised Dog With Tongue Out birthday card is a fun way to wish a animal lover happy birthday, with their name and age added to the design.</p>
<h2>Personalised Dog With Tongue Out birthday card</h2>
<p>It's a Dog With Tongue Out design, personalised with the name and age of the birthday animal lover. We can print inside and out, so add your own inside message when you order. We print exactly what you enter, so please double-check names and spelling.</p>
<h3>Why you'll love it</h3>
<ul>
<li>Printed A4 and folded to A5, then machine cut and folded for a crisp finish</li>
<li>Personalised with their name, age and your own message</li>
<li>Printed inside and out if you want a message inside</li>
<li>Comes with a free white envelope</li>
<li>Posted flat in a board-backed envelope so it arrives uncreased</li>
</ul>
<h3>Size &amp; details</h3>
<ul>
<li>Size: printed A4, folded to A5</li>
<li>Card: 350gsm silk art board</li>
<li>Finish: machine cut and folded</li>
<li>Includes: free white envelope</li>
<li>Personalisation: name, age, front message and inside message</li>
</ul>
<h3>Delivery</h3>
<p>Sent Royal Mail 1st Class, dispatched the same day, or the next working day at busy times. It's posted flat in a board-backed envelope.</p>
<p>Can't find the design you're after? We can make a custom birthday card: call 01439 771468.</p>"
dogs-ears-blowing-in-fan-personalised-birthday-card,"<p>Looking for a card for a animal lover? This personalised Dogs Ears Blowing In birthday card is made to order with the name, age and message you choose.</p>
<h2>Dogs Ears Blowing In birthday card with name and age</h2>
<p>It's a Dogs Ears Blowing In design, personalised with the name and age of the birthday animal lover. We can print inside and out, so add your own inside message when you order. We print exactly what you enter, so please double-check names and spelling.</p>
<h3>Why you'll love it</h3>
<ul>
<li>Printed A4 and folded to A5, then machine cut and folded for a crisp finish</li>
<li>Personalised with their name, age and your own message</li>
<li>Printed inside and out if you want a message inside</li>
<li>Comes with a free white envelope</li>
<li>Posted flat in a board-backed envelope so it arrives uncreased</li>
</ul>
<h3>Size &amp; details</h3>
<ul>
<li>Size: printed A4, folded to A5</li>
<li>Card: 350gsm silk art board</li>
<li>Finish: machine cut and folded</li>
<li>Includes: free white envelope</li>
<li>Personalisation: name, age, front message and inside message</li>
</ul>
<h3>Delivery</h3>
<p>Sent Royal Mail 1st Class, dispatched the same day, or the next working day at busy times. It's posted flat in a board-backed envelope.</p>
<p>Buying for a animal lover? Add a personalised mug or poster for a matching gift. Custom card designs on request: call 01439 771468.</p>"
dogs-kissing-personalised-birthday-card,"<p>Make their day with a personalised Dogs Kissing birthday card, printed on thick card in our North Yorkshire workshop and posted 1st Class.</p>
<h2>Dogs Kissing birthday card with name and age</h2>
<p>You get a Dogs Kissing design, printed with the name and age you give us. Want a message inside? Add it when you order and we'll print that as well. We print exactly what you enter, so please double-check names and spelling.</p>
<h3>Why you'll love it</h3>
<ul>
<li>Printed on 350gsm silk art board, much thicker than the usual 240gsm card</li>
<li>Personalised with their name, age and your own message</li>
<li>Printed inside and out if you want a message inside</li>
<li>Comes with a free white envelope</li>
<li>Posted flat in a board-backed envelope so it arrives uncreased</li>
</ul>
<h3>Size &amp; details</h3>
<ul>
<li>Size: printed A4, folded to A5</li>
<li>Card: 350gsm silk art board</li>
<li>Finish: machine cut and folded</li>
<li>Includes: free white envelope</li>
<li>Personalisation: name, age, front message and inside message</li>
</ul>
<h3>Delivery</h3>
<p>Sent Royal Mail 1st Class, dispatched the same day, or the next working day at busy times. It's posted flat in a board-backed envelope.</p>
<p>Can't find the design you're after? We can make a custom birthday card: call 01439 771468.</p>"
drunken-hamsters-personalised-birthday-card,"<p>Our personalised Drunken Hamsters birthday card is a fun way to wish a animal lover happy birthday, with their name and age added to the design.</p>
<h2>Drunken Hamsters birthday card with name and age</h2>
<p>It's a Drunken Hamsters design, personalised with the name and age of the birthday animal lover. We can print inside and out, so add your own inside message when you order. We print exactly what you enter, so please double-check names and spelling.</p>
<h3>Why you'll love it</h3>
<ul>
<li>Printed on 350gsm silk art board, much thicker than the usual 240gsm card</li>
<li>Printed A4 and folded to A5, then machine cut and folded for a crisp finish</li>
<li>Personalised with their name, age and your own message</li>
<li>Comes with a free white envelope</li>
<li>Posted flat in a board-backed envelope so it arrives uncreased</li>
</ul>
<h3>Size &amp; details</h3>
<ul>
<li>Size: printed A4, folded to A5</li>
<li>Card: 350gsm silk art board</li>
<li>Finish: machine cut and folded</li>
<li>Includes: free white envelope</li>
<li>Personalisation: name, age, front message and inside message</li>
</ul>
<h3>Delivery</h3>
<p>Sent Royal Mail 1st Class, dispatched the same day, or the next working day at busy times. It's posted flat in a board-backed envelope.</p>
<p>Can't find the design you're after? We can make a custom birthday card: call 01439 771468.</p>"
ewok-defending-nuts-from-squirrel-personalised-birthday-card,"<p>Make their day with a personalised Ewok Defending Nuts From Squirrel birthday card, printed on thick card in our North Yorkshire workshop and posted 1st Class.</p>
<h2>Personalised Ewok Defending Nuts From Squirrel birthday card</h2>
<p>You get a Ewok Defending Nuts From Squirrel design inspired by Star Wars, printed with the name and age you give us. Want a message inside? Add it when you order and we'll print that as well. We print exactly what you enter, so please double-check names and spelling.</p>
<h3>Why you'll love it</h3>
<ul>
<li>Printed A4 and folded to A5, then machine cut and folded for a crisp finish</li>
<li>Personalised with their name, age and your own message</li>
<li>Printed inside and out if you want a message inside</li>
<li>Comes with a free white envelope</li>
<li>Posted flat in a board-backed envelope so it arrives uncreased</li>
</ul>
<h3>Size &amp; details</h3>
<ul>
<li>Size: printed A4, folded to A5</li>
<li>Card: 350gsm silk art board</li>
<li>Finish: machine cut and folded</li>
<li>Includes: free white envelope</li>
<li>Personalisation: name, age, front message and inside message</li>
</ul>
<h3>Delivery</h3>
<p>Sent Royal Mail 1st Class, dispatched the same day, or the next working day at busy times. It's posted flat in a board-backed envelope.</p>
<p>Can't find the design you're after? We can make a custom birthday card: call 01439 771468.</p>
<h3>Please note</h3>
<p class=""disclaimer"">This is an unofficial design inspired by Star Wars. It is not official merchandise and is not endorsed by, sponsored by, or connected with Star Wars, its makers or rights holders, or any of their licensees. Any actors pictured have not endorsed, sponsored or approved this product, and Foxy Printing has no connection with them. All names, characters and trademarks belong to their respective owners.</p>"
fat-pig-personalised-birthday-card,"<p>Make their day with a personalised Fat Pig birthday card, printed on thick card in our North Yorkshire workshop and posted 1st Class.</p>
<h2>Fat Pig birthday card with name and age</h2>
<p>The front shows a Fat Pig design. Add the birthday name, age and your own front message when you order, and we can print a message inside too. We print exactly what you enter, so please double-check names and spelling.</p>
<h3>Why you'll love it</h3>
<ul>
<li>Printed on 350gsm silk art board, much thicker than the usual 240gsm card</li>
<li>Printed A4 and folded to A5, then machine cut and folded for a crisp finish</li>
<li>Personalised with their name, age and your own message</li>
<li>Printed inside and out if you want a message inside</li>
<li>Comes with a free white envelope</li>
</ul>
<h3>Size &amp; details</h3>
<ul>
<li>Size: printed A4, folded to A5</li>
<li>Card: 350gsm silk art board</li>
<li>Finish: machine cut and folded</li>
<li>Includes: free white envelope</li>
<li>Personalisation: name, age, front message and inside message</li>
</ul>
<h3>Delivery</h3>
<p>Sent Royal Mail 1st Class, dispatched the same day, or the next working day at busy times. It's posted flat in a board-backed envelope.</p>
<p>Buying for a animal lover? Add a personalised mug or poster for a matching gift. Custom card designs on request: call 01439 771468.</p>"
goat-in-float-ring-personalised-birthday-card,"<p>Make their day with a personalised Goat In Float Ring birthday card, printed on thick card in our North Yorkshire workshop and posted 1st Class.</p>
<h2>Personalised Goat In Float Ring birthday card</h2>
<p>The front shows a Goat In Float Ring design. Add the birthday name, age and your own front message when you order, and we can print a message inside too. We print exactly what you enter, so please double-check names and spelling.</p>
<h3>Why you'll love it</h3>
<ul>
<li>Printed on 350gsm silk art board, much thicker than the usual 240gsm card</li>
<li>Printed A4 and folded to A5, then machine cut and folded for a crisp finish</li>
<li>Printed inside and out if you want a message inside</li>
<li>Comes with a free white envelope</li>
<li>Posted flat in a board-backed envelope so it arrives uncreased</li>
</ul>
<h3>Size &amp; details</h3>
<ul>
<li>Size: printed A4, folded to A5</li>
<li>Card: 350gsm silk art board</li>
<li>Finish: machine cut and folded</li>
<li>Includes: free white envelope</li>
<li>Personalisation: name, age, front message and inside message</li>
</ul>
<h3>Delivery</h3>
<p>Sent Royal Mail 1st Class, dispatched the same day, or the next working day at busy times. It's posted flat in a board-backed envelope.</p>
<p>Can't find the design you're after? We can make a custom birthday card: call 01439 771468.</p>"
goat-with-head-through-fence-personalised-birthday-card,"<p>Looking for a card for a animal lover? This personalised Goat With Head Through Fence birthday card is made to order with the name, age and message you choose.</p>
<h2>Personalised Goat With Head Through Fence birthday card</h2>
<p>The front shows a Goat With Head Through Fence design. Add the birthday name, age and your own front message when you order, and we can print a message inside too. We print exactly what you enter, so please double-check names and spelling.</p>
<h3>Why you'll love it</h3>
<ul>
<li>Printed on 350gsm silk art board, much thicker than the usual 240gsm card</li>
<li>Printed A4 and folded to A5, then machine cut and folded for a crisp finish</li>
<li>Printed inside and out if you want a message inside</li>
<li>Comes with a free white envelope</li>
<li>Posted flat in a board-backed envelope so it arrives uncreased</li>
</ul>
<h3>Size &amp; details</h3>
<ul>
<li>Size: printed A4, folded to A5</li>
<li>Card: 350gsm silk art board</li>
<li>Finish: machine cut and folded</li>
<li>Includes: free white envelope</li>
<li>Personalisation: name, age, front message and inside message</li>
</ul>
<h3>Delivery</h3>
<p>Sent Royal Mail 1st Class, dispatched the same day, or the next working day at busy times. It's posted flat in a board-backed envelope.</p>
<p>Pair the personalised Goat With Head Through Fence birthday card with a personalised mug for a birthday gift that's sorted in one go. Custom cards on request: call 01439 771468.</p>"
greedy-squirrel-personalised-birthday-card,"<p>Looking for a card for a animal lover? This personalised Greedy Squirrel birthday card is made to order with the name, age and message you choose.</p>
<h2>Personalised Greedy Squirrel birthday card</h2>
<p>You get a Greedy Squirrel design, printed with the name and age you give us. Want a message inside? Add it when you order and we'll print that as well. We print exactly what you enter, so please double-check names and spelling.</p>
<h3>Why you'll love it</h3>
<ul>
<li>Printed on 350gsm silk art board, much thicker than the usual 240gsm card</li>
<li>Printed A4 and folded to A5, then machine cut and folded for a crisp finish</li>
<li>Printed inside and out if you want a message inside</li>
<li>Comes with a free white envelope</li>
<li>Posted flat in a board-backed envelope so it arrives uncreased</li>
</ul>
<h3>Size &amp; details</h3>
<ul>
<li>Size: printed A4, folded to A5</li>
<li>Card: 350gsm silk art board</li>
<li>Finish: machine cut and folded</li>
<li>Includes: free white envelope</li>
<li>Personalisation: name, age, front message and inside message</li>
</ul>
<h3>Delivery</h3>
<p>Sent Royal Mail 1st Class, dispatched the same day, or the next working day at busy times. It's posted flat in a board-backed envelope.</p>
<p>Buying for a animal lover? Add a personalised mug or poster for a matching gift. Custom card designs on request: call 01439 771468.</p>"
guinipig-under-open-log-personalised-birthday-card,"<p>Make their day with a personalised Guinipig Under Open Log birthday card, printed on thick card in our North Yorkshire workshop and posted 1st Class.</p>
<h2>Personalised Guinipig Under Open Log birthday card</h2>
<p>The front shows a Guinipig Under Open Log design. Add the birthday name, age and your own front message when you order, and we can print a message inside too. We print exactly what you enter, so please double-check names and spelling.</p>
<h3>Why you'll love it</h3>
<ul>
<li>Printed on 350gsm silk art board, much thicker than the usual 240gsm card</li>
<li>Printed A4 and folded to A5, then machine cut and folded for a crisp finish</li>
<li>Personalised with their name, age and your own message</li>
<li>Comes with a free white envelope</li>
<li>Posted flat in a board-backed envelope so it arrives uncreased</li>
</ul>
<h3>Size &amp; details</h3>
<ul>
<li>Size: printed A4, folded to A5</li>
<li>Card: 350gsm silk art board</li>
<li>Finish: machine cut and folded</li>
<li>Includes: free white envelope</li>
<li>Personalisation: name, age, front message and inside message</li>
</ul>
<h3>Delivery</h3>
<p>Sent Royal Mail 1st Class, dispatched the same day, or the next working day at busy times. It's posted flat in a board-backed envelope.</p>
<p>Can't find the design you're after? We can make a custom birthday card: call 01439 771468.</p>"
happy-dog-selfie-personalised-birthday-card,"<p>Our personalised Happy Dog Selfie birthday card is a fun way to wish a animal lover happy birthday, with their name and age added to the design.</p>
<h2>Happy Dog Selfie birthday card with name and age</h2>
<p>You get a Happy Dog Selfie design, printed with the name and age you give us. Want a message inside? Add it when you order and we'll print that as well. We print exactly what you enter, so please double-check names and spelling.</p>
<h3>Why you'll love it</h3>
<ul>
<li>Printed on 350gsm silk art board, much thicker than the usual 240gsm card</li>
<li>Personalised with their name, age and your own message</li>
<li>Printed inside and out if you want a message inside</li>
<li>Comes with a free white envelope</li>
<li>Posted flat in a board-backed envelope so it arrives uncreased</li>
</ul>
<h3>Size &amp; details</h3>
<ul>
<li>Size: printed A4, folded to A5</li>
<li>Card: 350gsm silk art board</li>
<li>Finish: machine cut and folded</li>
<li>Includes: free white envelope</li>
<li>Personalisation: name, age, front message and inside message</li>
</ul>
<h3>Delivery</h3>
<p>Sent Royal Mail 1st Class, dispatched the same day, or the next working day at busy times. It's posted flat in a board-backed envelope.</p>
<p>Buying for a animal lover? Add a personalised mug or poster for a matching gift. Custom card designs on request: call 01439 771468.</p>"
happy-dog-personalised-birthday-card,"<p>Make their day with a personalised Happy Dog birthday card, printed on thick card in our North Yorkshire workshop and posted 1st Class.</p>
<h2>Happy Dog birthday card with name and age</h2>
<p>It's a Happy Dog design, personalised with the name and age of the birthday animal lover. We can print inside and out, so add your own inside message when you order. We print exactly what you enter, so please double-check names and spelling.</p>
<h3>Why you'll love it</h3>
<ul>
<li>Printed on 350gsm silk art board, much thicker than the usual 240gsm card</li>
<li>Printed A4 and folded to A5, then machine cut and folded for a crisp finish</li>
<li>Printed inside and out if you want a message inside</li>
<li>Comes with a free white envelope</li>
<li>Posted flat in a board-backed envelope so it arrives uncreased</li>
</ul>
<h3>Size &amp; details</h3>
<ul>
<li>Size: printed A4, folded to A5</li>
<li>Card: 350gsm silk art board</li>
<li>Finish: machine cut and folded</li>
<li>Includes: free white envelope</li>
<li>Personalisation: name, age, front message and inside message</li>
</ul>
<h3>Delivery</h3>
<p>Sent Royal Mail 1st Class, dispatched the same day, or the next working day at busy times. It's posted flat in a board-backed envelope.</p>
<p>Pair the personalised Happy Dog birthday card with a personalised mug for a birthday gift that's sorted in one go. Custom cards on request: call 01439 771468.</p>"
happy-goat-personalised-birthday-card,"<p>Make their day with a personalised Happy Goat birthday card, printed on thick card in our North Yorkshire workshop and posted 1st Class.</p>
<h2>Personalised Happy Goat birthday card</h2>
<p>You get a Happy Goat design, printed with the name and age you give us. Want a message inside? Add it when you order and we'll print that as well. We print exactly what you enter, so please double-check names and spelling.</p>
<h3>Why you'll love it</h3>
<ul>
<li>Printed A4 and folded to A5, then machine cut and folded for a crisp finish</li>
<li>Personalised with their name, age and your own message</li>
<li>Printed inside and out if you want a message inside</li>
<li>Comes with a free white envelope</li>
<li>Posted flat in a board-backed envelope so it arrives uncreased</li>
</ul>
<h3>Size &amp; details</h3>
<ul>
<li>Size: printed A4, folded to A5</li>
<li>Card: 350gsm silk art board</li>
<li>Finish: machine cut and folded</li>
<li>Includes: free white envelope</li>
<li>Personalisation: name, age, front message and inside message</li>
</ul>
<h3>Delivery</h3>
<p>Sent Royal Mail 1st Class, dispatched the same day, or the next working day at busy times. It's posted flat in a board-backed envelope.</p>
<p>Pair the personalised Happy Goat birthday card with a personalised mug for a birthday gift that's sorted in one go. Custom cards on request: call 01439 771468.</p>"
have-a-monster-birthday-personalised-birthday-card,"<p>Make their day with a personalised Have A Monster birthday card, printed on thick card in our North Yorkshire workshop and posted 1st Class.</p>
<h2>Personalised Have A Monster birthday card</h2>
<p>You get a Have A Monster design, printed with the name and age you give us. Want a message inside? Add it when you order and we'll print that as well. We print exactly what you enter, so please double-check names and spelling.</p>
<h3>Why you'll love it</h3>
<ul>
<li>Printed on 350gsm silk art board, much thicker than the usual 240gsm card</li>
<li>Personalised with their name, age and your own message</li>
<li>Printed inside and out if you want a message inside</li>
<li>Comes with a free white envelope</li>
<li>Posted flat in a board-backed envelope so it arrives uncreased</li>
</ul>
<h3>Size &amp; details</h3>
<ul>
<li>Size: printed A4, folded to A5</li>
<li>Card: 350gsm silk art board</li>
<li>Finish: machine cut and folded</li>
<li>Includes: free white envelope</li>
<li>Personalisation: name, age, front message and inside message</li>
</ul>
<h3>Delivery</h3>
<p>Sent Royal Mail 1st Class, dispatched the same day, or the next working day at busy times. It's posted flat in a board-backed envelope.</p>
<p>Can't find the design you're after? We can make a custom birthday card: call 01439 771468.</p>"
have-a-whale-of-a-time-personalised-birthday-card,"<p>Our personalised Have A Whale Of A Time birthday card is a fun way to wish a animal lover happy birthday, with their name and age added to the design.</p>
<h2>Have A Whale Of A Time birthday card with name and age</h2>
<p>It's a Have A Whale Of A Time design, personalised with the name and age of the birthday animal lover. We can print inside and out, so add your own inside message when you order. We print exactly what you enter, so please double-check names and spelling.</p>
<h3>Why you'll love it</h3>
<ul>
<li>Printed on 350gsm silk art board, much thicker than the usual 240gsm card</li>
<li>Printed A4 and folded to A5, then machine cut and folded for a crisp finish</li>
<li>Personalised with their name, age and your own message</li>
<li>Printed inside and out if you want a message inside</li>
<li>Posted flat in a board-backed envelope so it arrives uncreased</li>
</ul>
<h3>Size &amp; details</h3>
<ul>
<li>Size: printed A4, folded to A5</li>
<li>Card: 350gsm silk art board</li>
<li>Finish: machine cut and folded</li>
<li>Includes: free white envelope</li>
<li>Personalisation: name, age, front message and inside message</li>
</ul>
<h3>Delivery</h3>
<p>Sent Royal Mail 1st Class, dispatched the same day, or the next working day at busy times. It's posted flat in a board-backed envelope.</p>
<p>Pair the personalised Have A Whale Of A Time birthday card with a personalised mug for a birthday gift that's sorted in one go. Custom cards on request: call 01439 771468.</p>"
hello-this-is-bear-personalised-birthday-card,"<p>Looking for a card for a animal lover? This personalised Hello This Is Bear birthday card is made to order with the name, age and message you choose.</p>
<h2>Personalised Hello This Is Bear birthday card</h2>
<p>It's a Hello This Is Bear design, personalised with the name and age of the birthday animal lover. We can print inside and out, so add your own inside message when you order. We print exactly what you enter, so please double-check names and spelling.</p>
<h3>Why you'll love it</h3>
<ul>
<li>Printed A4 and folded to A5, then machine cut and folded for a crisp finish</li>
<li>Personalised with their name, age and your own message</li>
<li>Printed inside and out if you want a message inside</li>
<li>Comes with a free white envelope</li>
<li>Posted flat in a board-backed envelope so it arrives uncreased</li>
</ul>
<h3>Size &amp; details</h3>
<ul>
<li>Size: printed A4, folded to A5</li>
<li>Card: 350gsm silk art board</li>
<li>Finish: machine cut and folded</li>
<li>Includes: free white envelope</li>
<li>Personalisation: name, age, front message and inside message</li>
</ul>
<h3>Delivery</h3>
<p>Sent Royal Mail 1st Class, dispatched the same day, or the next working day at busy times. It's posted flat in a board-backed envelope.</p>
<p>Buying for a animal lover? Add a personalised mug or poster for a matching gift. Custom card designs on request: call 01439 771468.</p>"
hens-on-log-personalised-birthday-card,"<p>Our personalised Hens On Log birthday card is a fun way to wish a animal lover happy birthday, with their name and age added to the design.</p>
<h2>Hens On Log birthday card with name and age</h2>
<p>It's a Hens On Log design, personalised with the name and age of the birthday animal lover. We can print inside and out, so add your own inside message when you order. We print exactly what you enter, so please double-check names and spelling.</p>
<h3>Why you'll love it</h3>
<ul>
<li>Printed on 350gsm silk art board, much thicker than the usual 240gsm card</li>
<li>Personalised with their name, age and your own message</li>
<li>Printed inside and out if you want a message inside</li>
<li>Comes with a free white envelope</li>
<li>Posted flat in a board-backed envelope so it arrives uncreased</li>
</ul>
<h3>Size &amp; details</h3>
<ul>
<li>Size: printed A4, folded to A5</li>
<li>Card: 350gsm silk art board</li>
<li>Finish: machine cut and folded</li>
<li>Includes: free white envelope</li>
<li>Personalisation: name, age, front message and inside message</li>
</ul>
<h3>Delivery</h3>
<p>Sent Royal Mail 1st Class, dispatched the same day, or the next working day at busy times. It's posted flat in a board-backed envelope.</p>
<p>Can't find the design you're after? We can make a custom birthday card: call 01439 771468.</p>"
highland-cow-personalised-birthday-card,"<p>Looking for a card for a animal lover? This personalised Highland Cow birthday card is made to order with the name, age and message you choose.</p>
<h2>Personalised Highland Cow birthday card</h2>
<p>It's a Highland Cow design, personalised with the name and age of the birthday animal lover. We can print inside and out, so add your own inside message when you order. We print exactly what you enter, so please double-check names and spelling.</p>
<h3>Why you'll love it</h3>
<ul>
<li>Printed on 350gsm silk art board, much thicker than the usual 240gsm card</li>
<li>Printed A4 and folded to A5, then machine cut and folded for a crisp finish</li>
<li>Printed inside and out if you want a message inside</li>
<li>Comes with a free white envelope</li>
<li>Posted flat in a board-backed envelope so it arrives uncreased</li>
</ul>
<h3>Size &amp; details</h3>
<ul>
<li>Size: printed A4, folded to A5</li>
<li>Card: 350gsm silk art board</li>
<li>Finish: machine cut and folded</li>
<li>Includes: free white envelope</li>
<li>Personalisation: name, age, front message and inside message</li>
</ul>
<h3>Delivery</h3>
<p>Sent Royal Mail 1st Class, dispatched the same day, or the next working day at busy times. It's posted flat in a board-backed envelope.</p>
<p>Can't find the design you're after? We can make a custom birthday card: call 01439 771468.</p>"
hipster-cat-personalised-birthday-card,"<p>Make their day with a personalised Hipster Cat birthday card, printed on thick card in our North Yorkshire workshop and posted 1st Class.</p>
<h2>Personalised Hipster Cat birthday card</h2>
<p>The front shows a Hipster Cat design. Add the birthday name, age and your own front message when you order, and we can print a message inside too. We print exactly what you enter, so please double-check names and spelling.</p>
<h3>Why you'll love it</h3>
<ul>
<li>Printed on 350gsm silk art board, much thicker than the usual 240gsm card</li>
<li>Printed A4 and folded to A5, then machine cut and folded for a crisp finish</li>
<li>Personalised with their name, age and your own message</li>
<li>Comes with a free white envelope</li>
<li>Posted flat in a board-backed envelope so it arrives uncreased</li>
</ul>
<h3>Size &amp; details</h3>
<ul>
<li>Size: printed A4, folded to A5</li>
<li>Card: 350gsm silk art board</li>
<li>Finish: machine cut and folded</li>
<li>Includes: free white envelope</li>
<li>Personalisation: name, age, front message and inside message</li>
</ul>
<h3>Delivery</h3>
<p>Sent Royal Mail 1st Class, dispatched the same day, or the next working day at busy times. It's posted flat in a board-backed envelope.</p>
<p>Buying for a animal lover? Add a personalised mug or poster for a matching gift. Custom card designs on request: call 01439 771468.</p>"
personalised-birthday-card,"<p>Make their day with a personalised Horse Selfie birthday card, printed on thick card in our North Yorkshire workshop and posted 1st Class.</p>
<h2>Personalised Horse Selfie birthday card</h2>
<p>The front shows a Horse Selfie design. Add the birthday name, age and your own front message when you order, and we can print a message inside too. We print exactly what you enter, so please double-check names and spelling.</p>
<h3>Why you'll love it</h3>
<ul>
<li>Printed on 350gsm silk art board, much thicker than the usual 240gsm card</li>
<li>Printed A4 and folded to A5, then machine cut and folded for a crisp finish</li>
<li>Personalised with their name, age and your own message</li>
<li>Printed inside and out if you want a message inside</li>
<li>Posted flat in a board-backed envelope so it arrives uncreased</li>
</ul>
<h3>Size &amp; details</h3>
<ul>
<li>Size: printed A4, folded to A5</li>
<li>Card: 350gsm silk art board</li>
<li>Finish: machine cut and folded</li>
<li>Includes: free white envelope</li>
<li>Personalisation: name, age, front message and inside message</li>
</ul>
<h3>Delivery</h3>
<p>Sent Royal Mail 1st Class, dispatched the same day, or the next working day at busy times. It's posted flat in a board-backed envelope.</p>
<p>Pair the personalised Horse Selfie birthday card with a personalised mug for a birthday gift that's sorted in one go. Custom cards on request: call 01439 771468.</p>"
horse-stuck-in-gate-personalised-birthday-card,"<p>Looking for a card for a animal lover? This personalised Horse Stuck In Gate birthday card is made to order with the name, age and message you choose.</p>
<h2>Personalised Horse Stuck In Gate birthday card</h2>
<p>You get a Horse Stuck In Gate design, printed with the name and age you give us. Want a message inside? Add it when you order and we'll print that as well. We print exactly what you enter, so please double-check names and spelling.</p>
<h3>Why you'll love it</h3>
<ul>
<li>Printed on 350gsm silk art board, much thicker than the usual 240gsm card</li>
<li>Personalised with their name, age and your own message</li>
<li>Printed inside and out if you want a message inside</li>
<li>Comes with a free white envelope</li>
<li>Posted flat in a board-backed envelope so it arrives uncreased</li>
</ul>
<h3>Size &amp; details</h3>
<ul>
<li>Size: printed A4, folded to A5</li>
<li>Card: 350gsm silk art board</li>
<li>Finish: machine cut and folded</li>
<li>Includes: free white envelope</li>
<li>Personalisation: name, age, front message and inside message</li>
</ul>
<h3>Delivery</h3>
<p>Sent Royal Mail 1st Class, dispatched the same day, or the next working day at busy times. It's posted flat in a board-backed envelope.</p>
<p>Can't find the design you're after? We can make a custom birthday card: call 01439 771468.</p>"
husky-licking-window-personalised-birthday-card,"<p>Make their day with a personalised Husky Licking Window birthday card, printed on thick card in our North Yorkshire workshop and posted 1st Class.</p>
<h2>Husky Licking Window birthday card with name and age</h2>
<p>You get a Husky Licking Window design, printed with the name and age you give us. Want a message inside? Add it when you order and we'll print that as well. We print exactly what you enter, so please double-check names and spelling.</p>
<h3>Why you'll love it</h3>
<ul>
<li>Printed on 350gsm silk art board, much thicker than the usual 240gsm card</li>
<li>Printed A4 and folded to A5, then machine cut and folded for a crisp finish</li>
<li>Printed inside and out if you want a message inside</li>
<li>Comes with a free white envelope</li>
<li>Posted flat in a board-backed envelope so it arrives uncreased</li>
</ul>
<h3>Size &amp; details</h3>
<ul>
<li>Size: printed A4, folded to A5</li>
<li>Card: 350gsm silk art board</li>
<li>Finish: machine cut and folded</li>
<li>Includes: free white envelope</li>
<li>Personalisation: name, age, front message and inside message</li>
</ul>
<h3>Delivery</h3>
<p>Sent Royal Mail 1st Class, dispatched the same day, or the next working day at busy times. It's posted flat in a board-backed envelope.</p>
<p>Can't find the design you're after? We can make a custom birthday card: call 01439 771468.</p>"
im-a-real-sucker-for-you-personalised-birthday-card,"<p>Make their day with a personalised I'm A Real Sucker For You birthday card, printed on thick card in our North Yorkshire workshop and posted 1st Class.</p>
<h2>Personalised I'm A Real Sucker For You birthday card</h2>
<p>The front shows a I'm A Real Sucker For You design. Add the birthday name, age and your own front message when you order, and we can print a message inside too. We print exactly what you enter, so please double-check names and spelling.</p>
<h3>Why you'll love it</h3>
<ul>
<li>Printed on 350gsm silk art board, much thicker than the usual 240gsm card</li>
<li>Printed A4 and folded to A5, then machine cut and folded for a crisp finish</li>
<li>Personalised with their name, age and your own message</li>
<li>Printed inside and out if you want a message inside</li>
<li>Posted flat in a board-backed envelope so it arrives uncreased</li>
</ul>
<h3>Size &amp; details</h3>
<ul>
<li>Size: printed A4, folded to A5</li>
<li>Card: 350gsm silk art board</li>
<li>Finish: machine cut and folded</li>
<li>Includes: free white envelope</li>
<li>Personalisation: name, age, front message and inside message</li>
</ul>
<h3>Delivery</h3>
<p>Sent Royal Mail 1st Class, dispatched the same day, or the next working day at busy times. It's posted flat in a board-backed envelope.</p>
<p>Pair the personalised I'm A Real Sucker For You birthday card with a personalised mug for a birthday gift that's sorted in one go. Custom cards on request: call 01439 771468.</p>"
kitten-hugging-dogs-head-personalised-birthday-card,"<p>Looking for a card for a animal lover? This personalised Kitten Hugging Dogs Head birthday card is made to order with the name, age and message you choose.</p>
<h2>Personalised Kitten Hugging Dogs Head birthday card</h2>
<p>The front shows a Kitten Hugging Dogs Head design. Add the birthday name, age and your own front message when you order, and we can print a message inside too. We print exactly what you enter, so please double-check names and spelling.</p>
<h3>Why you'll love it</h3>
<ul>
<li>Printed on 350gsm silk art board, much thicker than the usual 240gsm card</li>
<li>Printed A4 and folded to A5, then machine cut and folded for a crisp finish</li>
<li>Personalised with their name, age and your own message</li>
<li>Printed inside and out if you want a message inside</li>
<li>Posted flat in a board-backed envelope so it arrives uncreased</li>
</ul>
<h3>Size &amp; details</h3>
<ul>
<li>Size: printed A4, folded to A5</li>
<li>Card: 350gsm silk art board</li>
<li>Finish: machine cut and folded</li>
<li>Includes: free white envelope</li>
<li>Personalisation: name, age, front message and inside message</li>
</ul>
<h3>Delivery</h3>
<p>Sent Royal Mail 1st Class, dispatched the same day, or the next working day at busy times. It's posted flat in a board-backed envelope.</p>
<p>Can't find the design you're after? We can make a custom birthday card: call 01439 771468.</p>"
kitten-licking-paw-personalised-birthday-card,"<p>Looking for a card for a animal lover? This personalised Kitten Licking Paw birthday card is made to order with the name, age and message you choose.</p>
<h2>Personalised Kitten Licking Paw birthday card</h2>
<p>The front shows a Kitten Licking Paw design. Add the birthday name, age and your own front message when you order, and we can print a message inside too. We print exactly what you enter, so please double-check names and spelling.</p>
<h3>Why you'll love it</h3>
<ul>
<li>Printed on 350gsm silk art board, much thicker than the usual 240gsm card</li>
<li>Printed A4 and folded to A5, then machine cut and folded for a crisp finish</li>
<li>Printed inside and out if you want a message inside</li>
<li>Comes with a free white envelope</li>
<li>Posted flat in a board-backed envelope so it arrives uncreased</li>
</ul>
<h3>Size &amp; details</h3>
<ul>
<li>Size: printed A4, folded to A5</li>
<li>Card: 350gsm silk art board</li>
<li>Finish: machine cut and folded</li>
<li>Includes: free white envelope</li>
<li>Personalisation: name, age, front message and inside message</li>
</ul>
<h3>Delivery</h3>
<p>Sent Royal Mail 1st Class, dispatched the same day, or the next working day at busy times. It's posted flat in a board-backed envelope.</p>
<p>Pair the personalised Kitten Licking Paw birthday card with a personalised mug for a birthday gift that's sorted in one go. Custom cards on request: call 01439 771468.</p>"
kitten-on-its-back-personalised-birthday-card,"<p>Looking for a card for a animal lover? This personalised Kitten On Its Back birthday card is made to order with the name, age and message you choose.</p>
<h2>Kitten On Its Back birthday card with name and age</h2>
<p>The front shows a Kitten On Its Back design. Add the birthday name, age and your own front message when you order, and we can print a message inside too. We print exactly what you enter, so please double-check names and spelling.</p>
<h3>Why you'll love it</h3>
<ul>
<li>Printed on 350gsm silk art board, much thicker than the usual 240gsm card</li>
<li>Printed A4 and folded to A5, then machine cut and folded for a crisp finish</li>
<li>Personalised with their name, age and your own message</li>
<li>Printed inside and out if you want a message inside</li>
<li>Comes with a free white envelope</li>
</ul>
<h3>Size &amp; details</h3>
<ul>
<li>Size: printed A4, folded to A5</li>
<li>Card: 350gsm silk art board</li>
<li>Finish: machine cut and folded</li>
<li>Includes: free white envelope</li>
<li>Personalisation: name, age, front message and inside message</li>
</ul>
<h3>Delivery</h3>
<p>Sent Royal Mail 1st Class, dispatched the same day, or the next working day at busy times. It's posted flat in a board-backed envelope.</p>
<p>Buying for a animal lover? Add a personalised mug or poster for a matching gift. Custom card designs on request: call 01439 771468.</p>"
kitten-reaching-up-to-large-dog-personalised-birthday-card,"<p>Our personalised Kitten Reaching Up To Large Dog birthday card is a fun way to wish a animal lover happy birthday, with their name and age added to the design.</p>
<h2>Kitten Reaching Up To Large Dog birthday card with name and age</h2>
<p>You get a Kitten Reaching Up To Large Dog design, printed with the name and age you give us. Want a message inside? Add it when you order and we'll print that as well. We print exactly what you enter, so please double-check names and spelling.</p>
<h3>Why you'll love it</h3>
<ul>
<li>Printed on 350gsm silk art board, much thicker than the usual 240gsm card</li>
<li>Printed A4 and folded to A5, then machine cut and folded for a crisp finish</li>
<li>Printed inside and out if you want a message inside</li>
<li>Comes with a free white envelope</li>
<li>Posted flat in a board-backed envelope so it arrives uncreased</li>
</ul>
<h3>Size &amp; details</h3>
<ul>
<li>Size: printed A4, folded to A5</li>
<li>Card: 350gsm silk art board</li>
<li>Finish: machine cut and folded</li>
<li>Includes: free white envelope</li>
<li>Personalisation: name, age, front message and inside message</li>
</ul>
<h3>Delivery</h3>
<p>Sent Royal Mail 1st Class, dispatched the same day, or the next working day at busy times. It's posted flat in a board-backed envelope.</p>
<p>Can't find the design you're after? We can make a custom birthday card: call 01439 771468.</p>"
kitten-tucked-in-bed-personalised-birthday-card,"<p>Looking for a card for a animal lover? This personalised Kitten Tucked In Bed birthday card is made to order with the name, age and message you choose.</p>
<h2>Kitten Tucked In Bed birthday card with name and age</h2>
<p>It's a Kitten Tucked In Bed design, personalised with the name and age of the birthday animal lover. We can print inside and out, so add your own inside message when you order. We print exactly what you enter, so please double-check names and spelling.</p>
<h3>Why you'll love it</h3>
<ul>
<li>Printed on 350gsm silk art board, much thicker than the usual 240gsm card</li>
<li>Personalised with their name, age and your own message</li>
<li>Printed inside and out if you want a message inside</li>
<li>Comes with a free white envelope</li>
<li>Posted flat in a board-backed envelope so it arrives uncreased</li>
</ul>
<h3>Size &amp; details</h3>
<ul>
<li>Size: printed A4, folded to A5</li>
<li>Card: 350gsm silk art board</li>
<li>Finish: machine cut and folded</li>
<li>Includes: free white envelope</li>
<li>Personalisation: name, age, front message and inside message</li>
</ul>
<h3>Delivery</h3>
<p>Sent Royal Mail 1st Class, dispatched the same day, or the next working day at busy times. It's posted flat in a board-backed envelope.</p>
<p>Can't find the design you're after? We can make a custom birthday card: call 01439 771468.</p>"
kittens-hanging-out-to-dry-personalised-birthday-card,"<p>Looking for a card for a animal lover? This personalised Kittens Hanging Out To Dry birthday card is made to order with the name, age and message you choose.</p>
<h2>Personalised Kittens Hanging Out To Dry birthday card</h2>
<p>It's a Kittens Hanging Out To Dry design, personalised with the name and age of the birthday animal lover. We can print inside and out, so add your own inside message when you order. We print exactly what you enter, so please double-check names and spelling.</p>
<h3>Why you'll love it</h3>
<ul>
<li>Printed A4 and folded to A5, then machine cut and folded for a crisp finish</li>
<li>Personalised with their name, age and your own message</li>
<li>Printed inside and out if you want a message inside</li>
<li>Comes with a free white envelope</li>
<li>Posted flat in a board-backed envelope so it arrives uncreased</li>
</ul>
<h3>Size &amp; details</h3>
<ul>
<li>Size: printed A4, folded to A5</li>
<li>Card: 350gsm silk art board</li>
<li>Finish: machine cut and folded</li>
<li>Includes: free white envelope</li>
<li>Personalisation: name, age, front message and inside message</li>
</ul>
<h3>Delivery</h3>
<p>Sent Royal Mail 1st Class, dispatched the same day, or the next working day at busy times. It's posted flat in a board-backed envelope.</p>
<p>Pair the personalised Kittens Hanging Out To Dry birthday card with a personalised mug for a birthday gift that's sorted in one go. Custom cards on request: call 01439 771468.</p>"
kittens-looking-over-grass-personalised-birthday-card,"<p>Looking for a card for a animal lover? This personalised Kittens Looking Over Grass birthday card is made to order with the name, age and message you choose.</p>
<h2>Personalised Kittens Looking Over Grass birthday card</h2>
<p>It's a Kittens Looking Over Grass design, personalised with the name and age of the birthday animal lover. We can print inside and out, so add your own inside message when you order. We print exactly what you enter, so please double-check names and spelling.</p>
<h3>Why you'll love it</h3>
<ul>
<li>Printed on 350gsm silk art board, much thicker than the usual 240gsm card</li>
<li>Printed A4 and folded to A5, then machine cut and folded for a crisp finish</li>
<li>Printed inside and out if you want a message inside</li>
<li>Comes with a free white envelope</li>
<li>Posted flat in a board-backed envelope so it arrives uncreased</li>
</ul>
<h3>Size &amp; details</h3>
<ul>
<li>Size: printed A4, folded to A5</li>
<li>Card: 350gsm silk art board</li>
<li>Finish: machine cut and folded</li>
<li>Includes: free white envelope</li>
<li>Personalisation: name, age, front message and inside message</li>
</ul>
<h3>Delivery</h3>
<p>Sent Royal Mail 1st Class, dispatched the same day, or the next working day at busy times. It's posted flat in a board-backed envelope.</p>
<p>Buying for a animal lover? Add a personalised mug or poster for a matching gift. Custom card designs on request: call 01439 771468.</p>"
kung-fu-guinipig-personalised-birthday-card,"<p>Make their day with a personalised Kung Fu Guinipig birthday card, printed on thick card in our North Yorkshire workshop and posted 1st Class.</p>
<h2>Kung Fu Guinipig birthday card with name and age</h2>
<p>You get a Kung Fu Guinipig design, printed with the name and age you give us. Want a message inside? Add it when you order and we'll print that as well. We print exactly what you enter, so please double-check names and spelling.</p>
<h3>Why you'll love it</h3>
<ul>
<li>Printed on 350gsm silk art board, much thicker than the usual 240gsm card</li>
<li>Printed A4 and folded to A5, then machine cut and folded for a crisp finish</li>
<li>Personalised with their name, age and your own message</li>
<li>Comes with a free white envelope</li>
<li>Posted flat in a board-backed envelope so it arrives uncreased</li>
</ul>
<h3>Size &amp; details</h3>
<ul>
<li>Size: printed A4, folded to A5</li>
<li>Card: 350gsm silk art board</li>
<li>Finish: machine cut and folded</li>
<li>Includes: free white envelope</li>
<li>Personalisation: name, age, front message and inside message</li>
</ul>
<h3>Delivery</h3>
<p>Sent Royal Mail 1st Class, dispatched the same day, or the next working day at busy times. It's posted flat in a board-backed envelope.</p>
<p>Pair the personalised Kung Fu Guinipig birthday card with a personalised mug for a birthday gift that's sorted in one go. Custom cards on request: call 01439 771468.</p>"
lazy-squirrel-personalised-birthday-card,"<p>Our personalised Lazy Squirrel birthday card is a fun way to wish a animal lover happy birthday, with their name and age added to the design.</p>
<h2>Lazy Squirrel birthday card with name and age</h2>
<p>You get a Lazy Squirrel design, printed with the name and age you give us. Want a message inside? Add it when you order and we'll print that as well. We print exactly what you enter, so please double-check names and spelling.</p>
<h3>Why you'll love it</h3>
<ul>
<li>Printed on 350gsm silk art board, much thicker than the usual 240gsm card</li>
<li>Printed A4 and folded to A5, then machine cut and folded for a crisp finish</li>
<li>Printed inside and out if you want a message inside</li>
<li>Comes with a free white envelope</li>
<li>Posted flat in a board-backed envelope so it arrives uncreased</li>
</ul>
<h3>Size &amp; details</h3>
<ul>
<li>Size: printed A4, folded to A5</li>
<li>Card: 350gsm silk art board</li>
<li>Finish: machine cut and folded</li>
<li>Includes: free white envelope</li>
<li>Personalisation: name, age, front message and inside message</li>
</ul>
<h3>Delivery</h3>
<p>Sent Royal Mail 1st Class, dispatched the same day, or the next working day at busy times. It's posted flat in a board-backed envelope.</p>
<p>Buying for a animal lover? Add a personalised mug or poster for a matching gift. Custom card designs on request: call 01439 771468.</p>"
leg-day-hawk-personalised-birthday-card,"<p>Make their day with a personalised Leg Day Hawk birthday card, printed on thick card in our North Yorkshire workshop and posted 1st Class.</p>
<h2>Personalised Leg Day Hawk birthday card</h2>
<p>You get a Leg Day Hawk design, printed with the name and age you give us. Want a message inside? Add it when you order and we'll print that as well. We print exactly what you enter, so please double-check names and spelling.</p>
<h3>Why you'll love it</h3>
<ul>
<li>Printed A4 and folded to A5, then machine cut and folded for a crisp finish</li>
<li>Personalised with their name, age and your own message</li>
<li>Printed inside and out if you want a message inside</li>
<li>Comes with a free white envelope</li>
<li>Posted flat in a board-backed envelope so it arrives uncreased</li>
</ul>
<h3>Size &amp; details</h3>
<ul>
<li>Size: printed A4, folded to A5</li>
<li>Card: 350gsm silk art board</li>
<li>Finish: machine cut and folded</li>
<li>Includes: free white envelope</li>
<li>Personalisation: name, age, front message and inside message</li>
</ul>
<h3>Delivery</h3>
<p>Sent Royal Mail 1st Class, dispatched the same day, or the next working day at busy times. It's posted flat in a board-backed envelope.</p>
<p>Can't find the design you're after? We can make a custom birthday card: call 01439 771468.</p>"
lion-kitten-costume-personalised-birthday-card,"<p>Our personalised Lion Kitten Costume birthday card is a fun way to wish a animal lover happy birthday, with their name and age added to the design.</p>
<h2>Personalised Lion Kitten Costume birthday card</h2>
<p>You get a Lion Kitten Costume design, printed with the name and age you give us. Want a message inside? Add it when you order and we'll print that as well. We print exactly what you enter, so please double-check names and spelling.</p>
<h3>Why you'll love it</h3>
<ul>
<li>Printed on 350gsm silk art board, much thicker than the usual 240gsm card</li>
<li>Printed A4 and folded to A5, then machine cut and folded for a crisp finish</li>
<li>Personalised with their name, age and your own message</li>
<li>Printed inside and out if you want a message inside</li>
<li>Posted flat in a board-backed envelope so it arrives uncreased</li>
</ul>
<h3>Size &amp; details</h3>
<ul>
<li>Size: printed A4, folded to A5</li>
<li>Card: 350gsm silk art board</li>
<li>Finish: machine cut and folded</li>
<li>Includes: free white envelope</li>
<li>Personalisation: name, age, front message and inside message</li>
</ul>
<h3>Delivery</h3>
<p>Sent Royal Mail 1st Class, dispatched the same day, or the next working day at busy times. It's posted flat in a board-backed envelope.</p>
<p>Can't find the design you're after? We can make a custom birthday card: call 01439 771468.</p>"
lion-smile-for-the-camera-personalised-birthday-card,"<p>Our personalised Lion Smile For The Camera birthday card is a fun way to wish a animal lover happy birthday, with their name and age added to the design.</p>
<h2>Lion Smile For The Camera birthday card with name and age</h2>
<p>The front shows a Lion Smile For The Camera design. Add the birthday name, age and your own front message when you order, and we can print a message inside too. We print exactly what you enter, so please double-check names and spelling.</p>
<h3>Why you'll love it</h3>
<ul>
<li>Printed on 350gsm silk art board, much thicker than the usual 240gsm card</li>
<li>Printed A4 and folded to A5, then machine cut and folded for a crisp finish</li>
<li>Personalised with their name, age and your own message</li>
<li>Printed inside and out if you want a message inside</li>
<li>Posted flat in a board-backed envelope so it arrives uncreased</li>
</ul>
<h3>Size &amp; details</h3>
<ul>
<li>Size: printed A4, folded to A5</li>
<li>Card: 350gsm silk art board</li>
<li>Finish: machine cut and folded</li>
<li>Includes: free white envelope</li>
<li>Personalisation: name, age, front message and inside message</li>
</ul>
<h3>Delivery</h3>
<p>Sent Royal Mail 1st Class, dispatched the same day, or the next working day at busy times. It's posted flat in a board-backed envelope.</p>
<p>Buying for a animal lover? Add a personalised mug or poster for a matching gift. Custom card designs on request: call 01439 771468.</p>"
lions-personalised-birthday-card,"<p>Make their day with a personalised Lions birthday card, printed on thick card in our North Yorkshire workshop and posted 1st Class.</p>
<h2>Lions birthday card with name and age</h2>
<p>The front shows a Lions design. Add the birthday name, age and your own front message when you order, and we can print a message inside too. We print exactly what you enter, so please double-check names and spelling.</p>
<h3>Why you'll love it</h3>
<ul>
<li>Printed on 350gsm silk art board, much thicker than the usual 240gsm card</li>
<li>Printed A4 and folded to A5, then machine cut and folded for a crisp finish</li>
<li>Personalised with their name, age and your own message</li>
<li>Printed inside and out if you want a message inside</li>
<li>Posted flat in a board-backed envelope so it arrives uncreased</li>
</ul>
<h3>Size &amp; details</h3>
<ul>
<li>Size: printed A4, folded to A5</li>
<li>Card: 350gsm silk art board</li>
<li>Finish: machine cut and folded</li>
<li>Includes: free white envelope</li>
<li>Personalisation: name, age, front message and inside message</li>
</ul>
<h3>Delivery</h3>
<p>Sent Royal Mail 1st Class, dispatched the same day, or the next working day at busy times. It's posted flat in a board-backed envelope.</p>
<p>Buying for a animal lover? Add a personalised mug or poster for a matching gift. Custom card designs on request: call 01439 771468.</p>"
meercats-personalised-birthday-card,"<p>Make their day with a personalised Meercats birthday card, printed on thick card in our North Yorkshire workshop and posted 1st Class.</p>
<h2>Personalised Meercats birthday card</h2>
<p>It's a Meercats design, personalised with the name and age of the birthday animal lover. We can print inside and out, so add your own inside message when you order. We print exactly what you enter, so please double-check names and spelling.</p>
<h3>Why you'll love it</h3>
<ul>
<li>Printed on 350gsm silk art board, much thicker than the usual 240gsm card</li>
<li>Printed A4 and folded to A5, then machine cut and folded for a crisp finish</li>
<li>Personalised with their name, age and your own message</li>
<li>Printed inside and out if you want a message inside</li>
<li>Posted flat in a board-backed envelope so it arrives uncreased</li>
</ul>
<h3>Size &amp; details</h3>
<ul>
<li>Size: printed A4, folded to A5</li>
<li>Card: 350gsm silk art board</li>
<li>Finish: machine cut and folded</li>
<li>Includes: free white envelope</li>
<li>Personalisation: name, age, front message and inside message</li>
</ul>
<h3>Delivery</h3>
<p>Sent Royal Mail 1st Class, dispatched the same day, or the next working day at busy times. It's posted flat in a board-backed envelope.</p>
<p>Buying for a animal lover? Add a personalised mug or poster for a matching gift. Custom card designs on request: call 01439 771468.</p>"
monkey-in-a-sweater-personalised-birthday-card,"<p>Make their day with a personalised Monkey In A Sweater birthday card, printed on thick card in our North Yorkshire workshop and posted 1st Class.</p>
<h2>Personalised Monkey In A Sweater birthday card</h2>
<p>You get a Monkey In A Sweater design, printed with the name and age you give us. Want a message inside? Add it when you order and we'll print that as well. We print exactly what you enter, so please double-check names and spelling.</p>
<h3>Why you'll love it</h3>
<ul>
<li>Printed on 350gsm silk art board, much thicker than the usual 240gsm card</li>
<li>Personalised with their name, age and your own message</li>
<li>Printed inside and out if you want a message inside</li>
<li>Comes with a free white envelope</li>
<li>Posted flat in a board-backed envelope so it arrives uncreased</li>
</ul>
<h3>Size &amp; details</h3>
<ul>
<li>Size: printed A4, folded to A5</li>
<li>Card: 350gsm silk art board</li>
<li>Finish: machine cut and folded</li>
<li>Includes: free white envelope</li>
<li>Personalisation: name, age, front message and inside message</li>
</ul>
<h3>Delivery</h3>
<p>Sent Royal Mail 1st Class, dispatched the same day, or the next working day at busy times. It's posted flat in a board-backed envelope.</p>
<p>Buying for a animal lover? Add a personalised mug or poster for a matching gift. Custom card designs on request: call 01439 771468.</p>"
monkey-with-tiger-cub-personalised-birthday-card,"<p>Make their day with a personalised Monkey With Tiger Cub birthday card, printed on thick card in our North Yorkshire workshop and posted 1st Class.</p>
<h2>Personalised Monkey With Tiger Cub birthday card</h2>
<p>It's a Monkey With Tiger Cub design, personalised with the name and age of the birthday animal lover. We can print inside and out, so add your own inside message when you order. We print exactly what you enter, so please double-check names and spelling.</p>
<h3>Why you'll love it</h3>
<ul>
<li>Printed on 350gsm silk art board, much thicker than the usual 240gsm card</li>
<li>Printed A4 and folded to A5, then machine cut and folded for a crisp finish</li>
<li>Personalised with their name, age and your own message</li>
<li>Printed inside and out if you want a message inside</li>
<li>Comes with a free white envelope</li>
</ul>
<h3>Size &amp; details</h3>
<ul>
<li>Size: printed A4, folded to A5</li>
<li>Card: 350gsm silk art board</li>
<li>Finish: machine cut and folded</li>
<li>Includes: free white envelope</li>
<li>Personalisation: name, age, front message and inside message</li>
</ul>
<h3>Delivery</h3>
<p>Sent Royal Mail 1st Class, dispatched the same day, or the next working day at busy times. It's posted flat in a board-backed envelope.</p>
<p>Can't find the design you're after? We can make a custom birthday card: call 01439 771468.</p>"
ostrich-selfie-personalised-birthday-card,"<p>Make their day with a personalised Ostrich Selfie birthday card, printed on thick card in our North Yorkshire workshop and posted 1st Class.</p>
<h2>Ostrich Selfie birthday card with name and age</h2>
<p>You get a Ostrich Selfie design, printed with the name and age you give us. Want a message inside? Add it when you order and we'll print that as well. We print exactly what you enter, so please double-check names and spelling.</p>
<h3>Why you'll love it</h3>
<ul>
<li>Printed on 350gsm silk art board, much thicker than the usual 240gsm card</li>
<li>Personalised with their name, age and your own message</li>
<li>Printed inside and out if you want a message inside</li>
<li>Comes with a free white envelope</li>
<li>Posted flat in a board-backed envelope so it arrives uncreased</li>
</ul>
<h3>Size &amp; details</h3>
<ul>
<li>Size: printed A4, folded to A5</li>
<li>Card: 350gsm silk art board</li>
<li>Finish: machine cut and folded</li>
<li>Includes: free white envelope</li>
<li>Personalisation: name, age, front message and inside message</li>
</ul>
<h3>Delivery</h3>
<p>Sent Royal Mail 1st Class, dispatched the same day, or the next working day at busy times. It's posted flat in a board-backed envelope.</p>
<p>Pair the personalised Ostrich Selfie birthday card with a personalised mug for a birthday gift that's sorted in one go. Custom cards on request: call 01439 771468.</p>"
otter-holding-finger-personalised-birthday-card,"<p>Looking for a card for a animal lover? This personalised Otter Holding Finger birthday card is made to order with the name, age and message you choose.</p>
<h2>Otter Holding Finger birthday card with name and age</h2>
<p>You get a Otter Holding Finger design, printed with the name and age you give us. Want a message inside? Add it when you order and we'll print that as well. We print exactly what you enter, so please double-check names and spelling.</p>
<h3>Why you'll love it</h3>
<ul>
<li>Printed on 350gsm silk art board, much thicker than the usual 240gsm card</li>
<li>Printed A4 and folded to A5, then machine cut and folded for a crisp finish</li>
<li>Personalised with their name, age and your own message</li>
<li>Comes with a free white envelope</li>
<li>Posted flat in a board-backed envelope so it arrives uncreased</li>
</ul>
<h3>Size &amp; details</h3>
<ul>
<li>Size: printed A4, folded to A5</li>
<li>Card: 350gsm silk art board</li>
<li>Finish: machine cut and folded</li>
<li>Includes: free white envelope</li>
<li>Personalisation: name, age, front message and inside message</li>
</ul>
<h3>Delivery</h3>
<p>Sent Royal Mail 1st Class, dispatched the same day, or the next working day at busy times. It's posted flat in a board-backed envelope.</p>
<p>Pair the personalised Otter Holding Finger birthday card with a personalised mug for a birthday gift that's sorted in one go. Custom cards on request: call 01439 771468.</p>"
owl-in-cat-basket-personalised-birthday-card,"<p>Make their day with a personalised Owl In Cat Basket birthday card, printed on thick card in our North Yorkshire workshop and posted 1st Class.</p>
<h2>Personalised Owl In Cat Basket birthday card</h2>
<p>It's a Owl In Cat Basket design, personalised with the name and age of the birthday animal lover. We can print inside and out, so add your own inside message when you order. We print exactly what you enter, so please double-check names and spelling.</p>
<h3>Why you'll love it</h3>
<ul>
<li>Printed A4 and folded to A5, then machine cut and folded for a crisp finish</li>
<li>Personalised with their name, age and your own message</li>
<li>Printed inside and out if you want a message inside</li>
<li>Comes with a free white envelope</li>
<li>Posted flat in a board-backed envelope so it arrives uncreased</li>
</ul>
<h3>Size &amp; details</h3>
<ul>
<li>Size: printed A4, folded to A5</li>
<li>Card: 350gsm silk art board</li>
<li>Finish: machine cut and folded</li>
<li>Includes: free white envelope</li>
<li>Personalisation: name, age, front message and inside message</li>
</ul>
<h3>Delivery</h3>
<p>Sent Royal Mail 1st Class, dispatched the same day, or the next working day at busy times. It's posted flat in a board-backed envelope.</p>
<p>Buying for a animal lover? Add a personalised mug or poster for a matching gift. Custom card designs on request: call 01439 771468.</p>"
penguin-waking-polar-bear-personalised-birthday-card,"<p>Our personalised Penguin Waking Polar Bear birthday card is a fun way to wish a animal lover happy birthday, with their name and age added to the design.</p>
<h2>Personalised Penguin Waking Polar Bear birthday card</h2>
<p>It's a Penguin Waking Polar Bear design, personalised with the name and age of the birthday animal lover. We can print inside and out, so add your own inside message when you order. We print exactly what you enter, so please double-check names and spelling.</p>
<h3>Why you'll love it</h3>
<ul>
<li>Printed on 350gsm silk art board, much thicker than the usual 240gsm card</li>
<li>Printed A4 and folded to A5, then machine cut and folded for a crisp finish</li>
<li>Personalised with their name, age and your own message</li>
<li>Printed inside and out if you want a message inside</li>
<li>Comes with a free white envelope</li>
</ul>
<h3>Size &amp; details</h3>
<ul>
<li>Size: printed A4, folded to A5</li>
<li>Card: 350gsm silk art board</li>
<li>Finish: machine cut and folded</li>
<li>Includes: free white envelope</li>
<li>Personalisation: name, age, front message and inside message</li>
</ul>
<h3>Delivery</h3>
<p>Sent Royal Mail 1st Class, dispatched the same day, or the next working day at busy times. It's posted flat in a board-backed envelope.</p>
<p>Buying for a animal lover? Add a personalised mug or poster for a matching gift. Custom card designs on request: call 01439 771468.</p>"
pig-in-wellie-boots-personalised-birthday-card,"<p>Looking for a card for a animal lover? This personalised Pig In Wellie Boots birthday card is made to order with the name, age and message you choose.</p>
<h2>Personalised Pig In Wellie Boots birthday card</h2>
<p>You get a Pig In Wellie Boots design, printed with the name and age you give us. Want a message inside? Add it when you order and we'll print that as well. We print exactly what you enter, so please double-check names and spelling.</p>
<h3>Why you'll love it</h3>
<ul>
<li>Printed on 350gsm silk art board, much thicker than the usual 240gsm card</li>
<li>Printed A4 and folded to A5, then machine cut and folded for a crisp finish</li>
<li>Printed inside and out if you want a message inside</li>
<li>Comes with a free white envelope</li>
<li>Posted flat in a board-backed envelope so it arrives uncreased</li>
</ul>
<h3>Size &amp; details</h3>
<ul>
<li>Size: printed A4, folded to A5</li>
<li>Card: 350gsm silk art board</li>
<li>Finish: machine cut and folded</li>
<li>Includes: free white envelope</li>
<li>Personalisation: name, age, front message and inside message</li>
</ul>
<h3>Delivery</h3>
<p>Sent Royal Mail 1st Class, dispatched the same day, or the next working day at busy times. It's posted flat in a board-backed envelope.</p>
<p>Pair the personalised Pig In Wellie Boots birthday card with a personalised mug for a birthday gift that's sorted in one go. Custom cards on request: call 01439 771468.</p>"
polar-bear-eating-foot-personalised-birthday-card,"<p>Our personalised Polar Bear Eating Foot birthday card is a fun way to wish a animal lover happy birthday, with their name and age added to the design.</p>
<h2>Personalised Polar Bear Eating Foot birthday card</h2>
<p>You get a Polar Bear Eating Foot design, printed with the name and age you give us. Want a message inside? Add it when you order and we'll print that as well. We print exactly what you enter, so please double-check names and spelling.</p>
<h3>Why you'll love it</h3>
<ul>
<li>Printed on 350gsm silk art board, much thicker than the usual 240gsm card</li>
<li>Printed A4 and folded to A5, then machine cut and folded for a crisp finish</li>
<li>Personalised with their name, age and your own message</li>
<li>Comes with a free white envelope</li>
<li>Posted flat in a board-backed envelope so it arrives uncreased</li>
</ul>
<h3>Size &amp; details</h3>
<ul>
<li>Size: printed A4, folded to A5</li>
<li>Card: 350gsm silk art board</li>
<li>Finish: machine cut and folded</li>
<li>Includes: free white envelope</li>
<li>Personalisation: name, age, front message and inside message</li>
</ul>
<h3>Delivery</h3>
<p>Sent Royal Mail 1st Class, dispatched the same day, or the next working day at busy times. It's posted flat in a board-backed envelope.</p>
<p>Can't find the design you're after? We can make a custom birthday card: call 01439 771468.</p>"
porcupine-personalised-birthday-card,"<p>Our personalised Porcupine birthday card is a fun way to wish a animal lover happy birthday, with their name and age added to the design.</p>
<h2>Porcupine birthday card with name and age</h2>
<p>The front shows a Porcupine design. Add the birthday name, age and your own front message when you order, and we can print a message inside too. We print exactly what you enter, so please double-check names and spelling.</p>
<h3>Why you'll love it</h3>
<ul>
<li>Printed A4 and folded to A5, then machine cut and folded for a crisp finish</li>
<li>Personalised with their name, age and your own message</li>
<li>Printed inside and out if you want a message inside</li>
<li>Comes with a free white envelope</li>
<li>Posted flat in a board-backed envelope so it arrives uncreased</li>
</ul>
<h3>Size &amp; details</h3>
<ul>
<li>Size: printed A4, folded to A5</li>
<li>Card: 350gsm silk art board</li>
<li>Finish: machine cut and folded</li>
<li>Includes: free white envelope</li>
<li>Personalisation: name, age, front message and inside message</li>
</ul>
<h3>Delivery</h3>
<p>Sent Royal Mail 1st Class, dispatched the same day, or the next working day at busy times. It's posted flat in a board-backed envelope.</p>
<p>Pair the personalised Porcupine birthday card with a personalised mug for a birthday gift that's sorted in one go. Custom cards on request: call 01439 771468.</p>"
pug-lazing-while-working-personalised-birthday-card,"<p>Make their day with a personalised Pug Lazing While Working birthday card, printed on thick card in our North Yorkshire workshop and posted 1st Class.</p>
<h2>Pug Lazing While Working birthday card with name and age</h2>
<p>The front shows a Pug Lazing While Working design. Add the birthday name, age and your own front message when you order, and we can print a message inside too. We print exactly what you enter, so please double-check names and spelling.</p>
<h3>Why you'll love it</h3>
<ul>
<li>Printed on 350gsm silk art board, much thicker than the usual 240gsm card</li>
<li>Printed A4 and folded to A5, then machine cut and folded for a crisp finish</li>
<li>Printed inside and out if you want a message inside</li>
<li>Comes with a free white envelope</li>
<li>Posted flat in a board-backed envelope so it arrives uncreased</li>
</ul>
<h3>Size &amp; details</h3>
<ul>
<li>Size: printed A4, folded to A5</li>
<li>Card: 350gsm silk art board</li>
<li>Finish: machine cut and folded</li>
<li>Includes: free white envelope</li>
<li>Personalisation: name, age, front message and inside message</li>
</ul>
<h3>Delivery</h3>
<p>Sent Royal Mail 1st Class, dispatched the same day, or the next working day at busy times. It's posted flat in a board-backed envelope.</p>
<p>Buying for a animal lover? Add a personalised mug or poster for a matching gift. Custom card designs on request: call 01439 771468.</p>"
pug-with-cookie-personalised-birthday-card,"<p>Make their day with a personalised Pug With Cookie birthday card, printed on thick card in our North Yorkshire workshop and posted 1st Class.</p>
<h2>Personalised Pug With Cookie birthday card</h2>
<p>It's a Pug With Cookie design, personalised with the name and age of the birthday animal lover. We can print inside and out, so add your own inside message when you order. We print exactly what you enter, so please double-check names and spelling.</p>
<h3>Why you'll love it</h3>
<ul>
<li>Printed on 350gsm silk art board, much thicker than the usual 240gsm card</li>
<li>Printed A4 and folded to A5, then machine cut and folded for a crisp finish</li>
<li>Personalised with their name, age and your own message</li>
<li>Printed inside and out if you want a message inside</li>
<li>Comes with a free white envelope</li>
</ul>
<h3>Size &amp; details</h3>
<ul>
<li>Size: printed A4, folded to A5</li>
<li>Card: 350gsm silk art board</li>
<li>Finish: machine cut and folded</li>
<li>Includes: free white envelope</li>
<li>Personalisation: name, age, front message and inside message</li>
</ul>
<h3>Delivery</h3>
<p>Sent Royal Mail 1st Class, dispatched the same day, or the next working day at busy times. It's posted flat in a board-backed envelope.</p>
<p>Pair the personalised Pug With Cookie birthday card with a personalised mug for a birthday gift that's sorted in one go. Custom cards on request: call 01439 771468.</p>"
pugloaf-personalised-birthday-card,"<p>Looking for a card for a animal lover? This personalised Pugloaf birthday card is made to order with the name, age and message you choose.</p>
<h2>Personalised Pugloaf birthday card</h2>
<p>It's a Pugloaf design, personalised with the name and age of the birthday animal lover. We can print inside and out, so add your own inside message when you order. We print exactly what you enter, so please double-check names and spelling.</p>
<h3>Why you'll love it</h3>
<ul>
<li>Printed on 350gsm silk art board, much thicker than the usual 240gsm card</li>
<li>Printed A4 and folded to A5, then machine cut and folded for a crisp finish</li>
<li>Personalised with their name, age and your own message</li>
<li>Printed inside and out if you want a message inside</li>
<li>Posted flat in a board-backed envelope so it arrives uncreased</li>
</ul>
<h3>Size &amp; details</h3>
<ul>
<li>Size: printed A4, folded to A5</li>
<li>Card: 350gsm silk art board</li>
<li>Finish: machine cut and folded</li>
<li>Includes: free white envelope</li>
<li>Personalisation: name, age, front message and inside message</li>
</ul>
<h3>Delivery</h3>
<p>Sent Royal Mail 1st Class, dispatched the same day, or the next working day at busy times. It's posted flat in a board-backed envelope.</p>
<p>Pair the personalised Pugloaf birthday card with a personalised mug for a birthday gift that's sorted in one go. Custom cards on request: call 01439 771468.</p>"
pugmonkey-personalised-birthday-card,"<p>Make their day with a personalised Pugmonkey birthday card, printed on thick card in our North Yorkshire workshop and posted 1st Class.</p>
<h2>Personalised Pugmonkey birthday card</h2>
<p>You get a Pugmonkey design, printed with the name and age you give us. Want a message inside? Add it when you order and we'll print that as well. We print exactly what you enter, so please double-check names and spelling.</p>
<h3>Why you'll love it</h3>
<ul>
<li>Printed on 350gsm silk art board, much thicker than the usual 240gsm card</li>
<li>Personalised with their name, age and your own message</li>
<li>Printed inside and out if you want a message inside</li>
<li>Comes with a free white envelope</li>
<li>Posted flat in a board-backed envelope so it arrives uncreased</li>
</ul>
<h3>Size &amp; details</h3>
<ul>
<li>Size: printed A4, folded to A5</li>
<li>Card: 350gsm silk art board</li>
<li>Finish: machine cut and folded</li>
<li>Includes: free white envelope</li>
<li>Personalisation: name, age, front message and inside message</li>
</ul>
<h3>Delivery</h3>
<p>Sent Royal Mail 1st Class, dispatched the same day, or the next working day at busy times. It's posted flat in a board-backed envelope.</p>
<p>Can't find the design you're after? We can make a custom birthday card: call 01439 771468.</p>"
puppy-holding-kitten-personalised-birthday-card,"<p>Looking for a card for a animal lover? This personalised Puppy Holding Kitten birthday card is made to order with the name, age and message you choose.</p>
<h2>Puppy Holding Kitten birthday card with name and age</h2>
<p>It's a Puppy Holding Kitten design, personalised with the name and age of the birthday animal lover. We can print inside and out, so add your own inside message when you order. We print exactly what you enter, so please double-check names and spelling.</p>
<h3>Why you'll love it</h3>
<ul>
<li>Printed A4 and folded to A5, then machine cut and folded for a crisp finish</li>
<li>Personalised with their name, age and your own message</li>
<li>Printed inside and out if you want a message inside</li>
<li>Comes with a free white envelope</li>
<li>Posted flat in a board-backed envelope so it arrives uncreased</li>
</ul>
<h3>Size &amp; details</h3>
<ul>
<li>Size: printed A4, folded to A5</li>
<li>Card: 350gsm silk art board</li>
<li>Finish: machine cut and folded</li>
<li>Includes: free white envelope</li>
<li>Personalisation: name, age, front message and inside message</li>
</ul>
<h3>Delivery</h3>
<p>Sent Royal Mail 1st Class, dispatched the same day, or the next working day at busy times. It's posted flat in a board-backed envelope.</p>
<p>Can't find the design you're after? We can make a custom birthday card: call 01439 771468.</p>"
puppy-in-field-personalised-birthday-card,"<p>Looking for a card for a animal lover? This personalised Puppy In Field birthday card is made to order with the name, age and message you choose.</p>
<h2>Personalised Puppy In Field birthday card</h2>
<p>You get a Puppy In Field design, printed with the name and age you give us. Want a message inside? Add it when you order and we'll print that as well. We print exactly what you enter, so please double-check names and spelling.</p>
<h3>Why you'll love it</h3>
<ul>
<li>Printed on 350gsm silk art board, much thicker than the usual 240gsm card</li>
<li>Printed A4 and folded to A5, then machine cut and folded for a crisp finish</li>
<li>Printed inside and out if you want a message inside</li>
<li>Comes with a free white envelope</li>
<li>Posted flat in a board-backed envelope so it arrives uncreased</li>
</ul>
<h3>Size &amp; details</h3>
<ul>
<li>Size: printed A4, folded to A5</li>
<li>Card: 350gsm silk art board</li>
<li>Finish: machine cut and folded</li>
<li>Includes: free white envelope</li>
<li>Personalisation: name, age, front message and inside message</li>
</ul>
<h3>Delivery</h3>
<p>Sent Royal Mail 1st Class, dispatched the same day, or the next working day at busy times. It's posted flat in a board-backed envelope.</p>
<p>Pair the personalised Puppy In Field birthday card with a personalised mug for a birthday gift that's sorted in one go. Custom cards on request: call 01439 771468.</p>"
puppy-in-leaves-personalised-birthday-card,"<p>Make their day with a personalised Puppy In Leaves birthday card, printed on thick card in our North Yorkshire workshop and posted 1st Class.</p>
<h2>Personalised Puppy In Leaves birthday card</h2>
<p>It's a Puppy In Leaves design, personalised with the name and age of the birthday animal lover. We can print inside and out, so add your own inside message when you order. We print exactly what you enter, so please double-check names and spelling.</p>
<h3>Why you'll love it</h3>
<ul>
<li>Printed on 350gsm silk art board, much thicker than the usual 240gsm card</li>
<li>Personalised with their name, age and your own message</li>
<li>Printed inside and out if you want a message inside</li>
<li>Comes with a free white envelope</li>
<li>Posted flat in a board-backed envelope so it arrives uncreased</li>
</ul>
<h3>Size &amp; details</h3>
<ul>
<li>Size: printed A4, folded to A5</li>
<li>Card: 350gsm silk art board</li>
<li>Finish: machine cut and folded</li>
<li>Includes: free white envelope</li>
<li>Personalisation: name, age, front message and inside message</li>
</ul>
<h3>Delivery</h3>
<p>Sent Royal Mail 1st Class, dispatched the same day, or the next working day at busy times. It's posted flat in a board-backed envelope.</p>
<p>Pair the personalised Puppy In Leaves birthday card with a personalised mug for a birthday gift that's sorted in one go. Custom cards on request: call 01439 771468.</p>"
puppy-licking-cat-personalised-birthday-card,"<p>Our personalised Puppy Licking Cat birthday card is a fun way to wish a animal lover happy birthday, with their name and age added to the design.</p>
<h2>Personalised Puppy Licking Cat birthday card</h2>
<p>The front shows a Puppy Licking Cat design. Add the birthday name, age and your own front message when you order, and we can print a message inside too. We print exactly what you enter, so please double-check names and spelling.</p>
<h3>Why you'll love it</h3>
<ul>
<li>Printed on 350gsm silk art board, much thicker than the usual 240gsm card</li>
<li>Printed A4 and folded to A5, then machine cut and folded for a crisp finish</li>
<li>Printed inside and out if you want a message inside</li>
<li>Comes with a free white envelope</li>
<li>Posted flat in a board-backed envelope so it arrives uncreased</li>
</ul>
<h3>Size &amp; details</h3>
<ul>
<li>Size: printed A4, folded to A5</li>
<li>Card: 350gsm silk art board</li>
<li>Finish: machine cut and folded</li>
<li>Includes: free white envelope</li>
<li>Personalisation: name, age, front message and inside message</li>
</ul>
<h3>Delivery</h3>
<p>Sent Royal Mail 1st Class, dispatched the same day, or the next working day at busy times. It's posted flat in a board-backed envelope.</p>
<p>Can't find the design you're after? We can make a custom birthday card: call 01439 771468.</p>"
rabbit-at-a-desk-personalised-birthday-card,"<p>Our personalised Rabbit At A Desk birthday card is a fun way to wish a animal lover happy birthday, with their name and age added to the design.</p>
<h2>Personalised Rabbit At A Desk birthday card</h2>
<p>You get a Rabbit At A Desk design, printed with the name and age you give us. Want a message inside? Add it when you order and we'll print that as well. We print exactly what you enter, so please double-check names and spelling.</p>
<h3>Why you'll love it</h3>
<ul>
<li>Printed on 350gsm silk art board, much thicker than the usual 240gsm card</li>
<li>Printed A4 and folded to A5, then machine cut and folded for a crisp finish</li>
<li>Personalised with their name, age and your own message</li>
<li>Printed inside and out if you want a message inside</li>
<li>Comes with a free white envelope</li>
</ul>
<h3>Size &amp; details</h3>
<ul>
<li>Size: printed A4, folded to A5</li>
<li>Card: 350gsm silk art board</li>
<li>Finish: machine cut and folded</li>
<li>Includes: free white envelope</li>
<li>Personalisation: name, age, front message and inside message</li>
</ul>
<h3>Delivery</h3>
<p>Sent Royal Mail 1st Class, dispatched the same day, or the next working day at busy times. It's posted flat in a board-backed envelope.</p>
<p>Pair the personalised Rabbit At A Desk birthday card with a personalised mug for a birthday gift that's sorted in one go. Custom cards on request: call 01439 771468.</p>"
rabbit-on-rock-personalised-birthday-card,"<p>Our personalised Rabbit On Rock birthday card is a fun way to wish a animal lover happy birthday, with their name and age added to the design.</p>
<h2>Rabbit On Rock birthday card with name and age</h2>
<p>The front shows a Rabbit On Rock design. Add the birthday name, age and your own front message when you order, and we can print a message inside too. We print exactly what you enter, so please double-check names and spelling.</p>
<h3>Why you'll love it</h3>
<ul>
<li>Printed on 350gsm silk art board, much thicker than the usual 240gsm card</li>
<li>Printed A4 and folded to A5, then machine cut and folded for a crisp finish</li>
<li>Personalised with their name, age and your own message</li>
<li>Printed inside and out if you want a message inside</li>
<li>Comes with a free white envelope</li>
</ul>
<h3>Size &amp; details</h3>
<ul>
<li>Size: printed A4, folded to A5</li>
<li>Card: 350gsm silk art board</li>
<li>Finish: machine cut and folded</li>
<li>Includes: free white envelope</li>
<li>Personalisation: name, age, front message and inside message</li>
</ul>
<h3>Delivery</h3>
<p>Sent Royal Mail 1st Class, dispatched the same day, or the next working day at busy times. It's posted flat in a board-backed envelope.</p>
<p>Buying for a animal lover? Add a personalised mug or poster for a matching gift. Custom card designs on request: call 01439 771468.</p>"
rabbits-kissing-personalised-birthday-card,"<p>Looking for a card for a animal lover? This personalised Rabbits Kissing birthday card is made to order with the name, age and message you choose.</p>
<h2>Rabbits Kissing birthday card with name and age</h2>
<p>It's a Rabbits Kissing design, personalised with the name and age of the birthday animal lover. We can print inside and out, so add your own inside message when you order. We print exactly what you enter, so please double-check names and spelling.</p>
<h3>Why you'll love it</h3>
<ul>
<li>Printed on 350gsm silk art board, much thicker than the usual 240gsm card</li>
<li>Printed A4 and folded to A5, then machine cut and folded for a crisp finish</li>
<li>Personalised with their name, age and your own message</li>
<li>Comes with a free white envelope</li>
<li>Posted flat in a board-backed envelope so it arrives uncreased</li>
</ul>
<h3>Size &amp; details</h3>
<ul>
<li>Size: printed A4, folded to A5</li>
<li>Card: 350gsm silk art board</li>
<li>Finish: machine cut and folded</li>
<li>Includes: free white envelope</li>
<li>Personalisation: name, age, front message and inside message</li>
</ul>
<h3>Delivery</h3>
<p>Sent Royal Mail 1st Class, dispatched the same day, or the next working day at busy times. It's posted flat in a board-backed envelope.</p>
<p>Buying for a animal lover? Add a personalised mug or poster for a matching gift. Custom card designs on request: call 01439 771468.</p>"
ram-behind-cameraman-personalised-birthday-card,"<p>Make their day with a personalised Ram Behind Cameraman birthday card, printed on thick card in our North Yorkshire workshop and posted 1st Class.</p>
<h2>Personalised Ram Behind Cameraman birthday card</h2>
<p>It's a Ram Behind Cameraman design, personalised with the name and age of the birthday animal lover. We can print inside and out, so add your own inside message when you order. We print exactly what you enter, so please double-check names and spelling.</p>
<h3>Why you'll love it</h3>
<ul>
<li>Printed on 350gsm silk art board, much thicker than the usual 240gsm card</li>
<li>Printed A4 and folded to A5, then machine cut and folded for a crisp finish</li>
<li>Personalised with their name, age and your own message</li>
<li>Printed inside and out if you want a message inside</li>
<li>Comes with a free white envelope</li>
</ul>
<h3>Size &amp; details</h3>
<ul>
<li>Size: printed A4, folded to A5</li>
<li>Card: 350gsm silk art board</li>
<li>Finish: machine cut and folded</li>
<li>Includes: free white envelope</li>
<li>Personalisation: name, age, front message and inside message</li>
</ul>
<h3>Delivery</h3>
<p>Sent Royal Mail 1st Class, dispatched the same day, or the next working day at busy times. It's posted flat in a board-backed envelope.</p>
<p>Can't find the design you're after? We can make a custom birthday card: call 01439 771468.</p>"
sleeping-seal-pup-personalised-birthday-card,"<p>Our personalised Sleeping Seal Pup birthday card is a fun way to wish a animal lover happy birthday, with their name and age added to the design.</p>
<h2>Sleeping Seal Pup birthday card with name and age</h2>
<p>It's a Sleeping Seal Pup design, personalised with the name and age of the birthday animal lover. We can print inside and out, so add your own inside message when you order. We print exactly what you enter, so please double-check names and spelling.</p>
<h3>Why you'll love it</h3>
<ul>
<li>Printed on 350gsm silk art board, much thicker than the usual 240gsm card</li>
<li>Printed A4 and folded to A5, then machine cut and folded for a crisp finish</li>
<li>Personalised with their name, age and your own message</li>
<li>Printed inside and out if you want a message inside</li>
<li>Posted flat in a board-backed envelope so it arrives uncreased</li>
</ul>
<h3>Size &amp; details</h3>
<ul>
<li>Size: printed A4, folded to A5</li>
<li>Card: 350gsm silk art board</li>
<li>Finish: machine cut and folded</li>
<li>Includes: free white envelope</li>
<li>Personalisation: name, age, front message and inside message</li>
</ul>
<h3>Delivery</h3>
<p>Sent Royal Mail 1st Class, dispatched the same day, or the next working day at busy times. It's posted flat in a board-backed envelope.</p>
<p>Pair the personalised Sleeping Seal Pup birthday card with a personalised mug for a birthday gift that's sorted in one go. Custom cards on request: call 01439 771468.</p>"
sloth-personalised-birthday-card,"<p>Our personalised Sloth birthday card is a fun way to wish a animal lover happy birthday, with their name and age added to the design.</p>
<h2>Personalised Sloth birthday card</h2>
<p>The front shows a Sloth design. Add the birthday name, age and your own front message when you order, and we can print a message inside too. We print exactly what you enter, so please double-check names and spelling.</p>
<h3>Why you'll love it</h3>
<ul>
<li>Printed A4 and folded to A5, then machine cut and folded for a crisp finish</li>
<li>Personalised with their name, age and your own message</li>
<li>Printed inside and out if you want a message inside</li>
<li>Comes with a free white envelope</li>
<li>Posted flat in a board-backed envelope so it arrives uncreased</li>
</ul>
<h3>Size &amp; details</h3>
<ul>
<li>Size: printed A4, folded to A5</li>
<li>Card: 350gsm silk art board</li>
<li>Finish: machine cut and folded</li>
<li>Includes: free white envelope</li>
<li>Personalisation: name, age, front message and inside message</li>
</ul>
<h3>Delivery</h3>
<p>Sent Royal Mail 1st Class, dispatched the same day, or the next working day at busy times. It's posted flat in a board-backed envelope.</p>
<p>Pair the personalised Sloth birthday card with a personalised mug for a birthday gift that's sorted in one go. Custom cards on request: call 01439 771468.</p>"
smug-llama-personalised-birthday-card,"<p>Looking for a card for a animal lover? This personalised Smug Llama birthday card is made to order with the name, age and message you choose.</p>
<h2>Personalised Smug Llama birthday card</h2>
<p>It's a Smug Llama design, personalised with the name and age of the birthday animal lover. We can print inside and out, so add your own inside message when you order. We print exactly what you enter, so please double-check names and spelling.</p>
<h3>Why you'll love it</h3>
<ul>
<li>Printed on 350gsm silk art board, much thicker than the usual 240gsm card</li>
<li>Printed A4 and folded to A5, then machine cut and folded for a crisp finish</li>
<li>Personalised with their name, age and your own message</li>
<li>Comes with a free white envelope</li>
<li>Posted flat in a board-backed envelope so it arrives uncreased</li>
</ul>
<h3>Size &amp; details</h3>
<ul>
<li>Size: printed A4, folded to A5</li>
<li>Card: 350gsm silk art board</li>
<li>Finish: machine cut and folded</li>
<li>Includes: free white envelope</li>
<li>Personalisation: name, age, front message and inside message</li>
</ul>
<h3>Delivery</h3>
<p>Sent Royal Mail 1st Class, dispatched the same day, or the next working day at busy times. It's posted flat in a board-backed envelope.</p>
<p>Buying for a animal lover? Add a personalised mug or poster for a matching gift. Custom card designs on request: call 01439 771468.</p>"
snowman-getting-nose-taken-by-cat-personalised-birthday-card,"<p>Make their day with a personalised Snowman Getting Nose Taken By Cat birthday card, printed on thick card in our North Yorkshire workshop and posted 1st Class.</p>
<h2>Personalised Snowman Getting Nose Taken By Cat birthday card</h2>
<p>It's a Snowman Getting Nose Taken By Cat design, personalised with the name and age of the birthday animal lover. We can print inside and out, so add your own inside message when you order. We print exactly what you enter, so please double-check names and spelling.</p>
<h3>Why you'll love it</h3>
<ul>
<li>Printed on 350gsm silk art board, much thicker than the usual 240gsm card</li>
<li>Printed A4 and folded to A5, then machine cut and folded for a crisp finish</li>
<li>Personalised with their name, age and your own message</li>
<li>Comes with a free white envelope</li>
<li>Posted flat in a board-backed envelope so it arrives uncreased</li>
</ul>
<h3>Size &amp; details</h3>
<ul>
<li>Size: printed A4, folded to A5</li>
<li>Card: 350gsm silk art board</li>
<li>Finish: machine cut and folded</li>
<li>Includes: free white envelope</li>
<li>Personalisation: name, age, front message and inside message</li>
</ul>
<h3>Delivery</h3>
<p>Sent Royal Mail 1st Class, dispatched the same day, or the next working day at busy times. It's posted flat in a board-backed envelope.</p>
<p>Buying for a animal lover? Add a personalised mug or poster for a matching gift. Custom card designs on request: call 01439 771468.</p>"
super-happy-cat-personalised-birthday-card,"<p>Our personalised Super Happy Cat birthday card is a fun way to wish a animal lover happy birthday, with their name and age added to the design.</p>
<h2>Personalised Super Happy Cat birthday card</h2>
<p>It's a Super Happy Cat design, personalised with the name and age of the birthday animal lover. We can print inside and out, so add your own inside message when you order. We print exactly what you enter, so please double-check names and spelling.</p>
<h3>Why you'll love it</h3>
<ul>
<li>Printed A4 and folded to A5, then machine cut and folded for a crisp finish</li>
<li>Personalised with their name, age and your own message</li>
<li>Printed inside and out if you want a message inside</li>
<li>Comes with a free white envelope</li>
<li>Posted flat in a board-backed envelope so it arrives uncreased</li>
</ul>
<h3>Size &amp; details</h3>
<ul>
<li>Size: printed A4, folded to A5</li>
<li>Card: 350gsm silk art board</li>
<li>Finish: machine cut and folded</li>
<li>Includes: free white envelope</li>
<li>Personalisation: name, age, front message and inside message</li>
</ul>
<h3>Delivery</h3>
<p>Sent Royal Mail 1st Class, dispatched the same day, or the next working day at busy times. It's posted flat in a board-backed envelope.</p>
<p>Can't find the design you're after? We can make a custom birthday card: call 01439 771468.</p>"
turtle-y-awesome-personalised-birthday-card,"<p>Looking for a card for a animal lover? This personalised Turtle Y Awesome birthday card is made to order with the name, age and message you choose.</p>
<h2>Personalised Turtle Y Awesome birthday card</h2>
<p>You get a Turtle Y Awesome design, printed with the name and age you give us. Want a message inside? Add it when you order and we'll print that as well. We print exactly what you enter, so please double-check names and spelling.</p>
<h3>Why you'll love it</h3>
<ul>
<li>Printed on 350gsm silk art board, much thicker than the usual 240gsm card</li>
<li>Printed A4 and folded to A5, then machine cut and folded for a crisp finish</li>
<li>Printed inside and out if you want a message inside</li>
<li>Comes with a free white envelope</li>
<li>Posted flat in a board-backed envelope so it arrives uncreased</li>
</ul>
<h3>Size &amp; details</h3>
<ul>
<li>Size: printed A4, folded to A5</li>
<li>Card: 350gsm silk art board</li>
<li>Finish: machine cut and folded</li>
<li>Includes: free white envelope</li>
<li>Personalisation: name, age, front message and inside message</li>
</ul>
<h3>Delivery</h3>
<p>Sent Royal Mail 1st Class, dispatched the same day, or the next working day at busy times. It's posted flat in a board-backed envelope.</p>
<p>Pair the personalised Turtle Y Awesome birthday card with a personalised mug for a birthday gift that's sorted in one go. Custom cards on request: call 01439 771468.</p>"
two-birds-on-lake-personalised-birthday-card,"<p>Looking for a card for a animal lover? This personalised Two Birds On Lake birthday card is made to order with the name, age and message you choose.</p>
<h2>Two Birds On Lake birthday card with name and age</h2>
<p>It's a Two Birds On Lake design, personalised with the name and age of the birthday animal lover. We can print inside and out, so add your own inside message when you order. We print exactly what you enter, so please double-check names and spelling.</p>
<h3>Why you'll love it</h3>
<ul>
<li>Printed on 350gsm silk art board, much thicker than the usual 240gsm card</li>
<li>Printed A4 and folded to A5, then machine cut and folded for a crisp finish</li>
<li>Personalised with their name, age and your own message</li>
<li>Comes with a free white envelope</li>
<li>Posted flat in a board-backed envelope so it arrives uncreased</li>
</ul>
<h3>Size &amp; details</h3>
<ul>
<li>Size: printed A4, folded to A5</li>
<li>Card: 350gsm silk art board</li>
<li>Finish: machine cut and folded</li>
<li>Includes: free white envelope</li>
<li>Personalisation: name, age, front message and inside message</li>
</ul>
<h3>Delivery</h3>
<p>Sent Royal Mail 1st Class, dispatched the same day, or the next working day at busy times. It's posted flat in a board-backed envelope.</p>
<p>Buying for a animal lover? Add a personalised mug or poster for a matching gift. Custom card designs on request: call 01439 771468.</p>"
two-birds-walking-personalised-birthday-card,"<p>Looking for a card for a animal lover? This personalised Two Birds Walking birthday card is made to order with the name, age and message you choose.</p>
<h2>Personalised Two Birds Walking birthday card</h2>
<p>You get a Two Birds Walking design, printed with the name and age you give us. Want a message inside? Add it when you order and we'll print that as well. We print exactly what you enter, so please double-check names and spelling.</p>
<h3>Why you'll love it</h3>
<ul>
<li>Printed on 350gsm silk art board, much thicker than the usual 240gsm card</li>
<li>Printed A4 and folded to A5, then machine cut and folded for a crisp finish</li>
<li>Personalised with their name, age and your own message</li>
<li>Printed inside and out if you want a message inside</li>
<li>Comes with a free white envelope</li>
</ul>
<h3>Size &amp; details</h3>
<ul>
<li>Size: printed A4, folded to A5</li>
<li>Card: 350gsm silk art board</li>
<li>Finish: machine cut and folded</li>
<li>Includes: free white envelope</li>
<li>Personalisation: name, age, front message and inside message</li>
</ul>
<h3>Delivery</h3>
<p>Sent Royal Mail 1st Class, dispatched the same day, or the next working day at busy times. It's posted flat in a board-backed envelope.</p>
<p>Buying for a animal lover? Add a personalised mug or poster for a matching gift. Custom card designs on request: call 01439 771468.</p>"
two-seals-personalised-birthday-card,"<p>Make their day with a personalised Two Seals birthday card, printed on thick card in our North Yorkshire workshop and posted 1st Class.</p>
<h2>Personalised Two Seals birthday card</h2>
<p>It's a Two Seals design, personalised with the name and age of the birthday animal lover. We can print inside and out, so add your own inside message when you order. We print exactly what you enter, so please double-check names and spelling.</p>
<h3>Why you'll love it</h3>
<ul>
<li>Printed on 350gsm silk art board, much thicker than the usual 240gsm card</li>
<li>Printed A4 and folded to A5, then machine cut and folded for a crisp finish</li>
<li>Personalised with their name, age and your own message</li>
<li>Printed inside and out if you want a message inside</li>
<li>Posted flat in a board-backed envelope so it arrives uncreased</li>
</ul>
<h3>Size &amp; details</h3>
<ul>
<li>Size: printed A4, folded to A5</li>
<li>Card: 350gsm silk art board</li>
<li>Finish: machine cut and folded</li>
<li>Includes: free white envelope</li>
<li>Personalisation: name, age, front message and inside message</li>
</ul>
<h3>Delivery</h3>
<p>Sent Royal Mail 1st Class, dispatched the same day, or the next working day at busy times. It's posted flat in a board-backed envelope.</p>
<p>Buying for a animal lover? Add a personalised mug or poster for a matching gift. Custom card designs on request: call 01439 771468.</p>"
dinosaur-rawr-personalised-birthday-card,"<p>Looking for a card for a animal lover? This personalised Dinosaur Rawr birthday card is made to order with the name, age and message you choose.</p>
<h2>Personalised Dinosaur Rawr birthday card</h2>
<p>It's a Dinosaur Rawr design, personalised with the name and age of the birthday animal lover. We can print inside and out, so add your own inside message when you order. We print exactly what you enter, so please double-check names and spelling.</p>
<h3>Why you'll love it</h3>
<ul>
<li>Printed on 350gsm silk art board, much thicker than the usual 240gsm card</li>
<li>Printed A4 and folded to A5, then machine cut and folded for a crisp finish</li>
<li>Personalised with their name, age and your own message</li>
<li>Printed inside and out if you want a message inside</li>
<li>Posted flat in a board-backed envelope so it arrives uncreased</li>
</ul>
<h3>Size &amp; details</h3>
<ul>
<li>Size: printed A4, folded to A5</li>
<li>Card: 350gsm silk art board</li>
<li>Finish: machine cut and folded</li>
<li>Includes: free white envelope</li>
<li>Personalisation: name, age, front message and inside message</li>
</ul>
<h3>Delivery</h3>
<p>Sent Royal Mail 1st Class, dispatched the same day, or the next working day at busy times. It's posted flat in a board-backed envelope.</p>
<p>Can't find the design you're after? We can make a custom birthday card: call 01439 771468.</p>"
happy-birthday-frogs-everywhere,"<p>Looking for a card for a animal lover? This personalised Happy Frogs Everywhere birthday card is made to order with the name, age and message you choose.</p>
<h2>Happy Frogs Everywhere birthday card with name and age</h2>
<p>You get a Happy Frogs Everywhere design, printed with the name and age you give us. Want a message inside? Add it when you order and we'll print that as well. We print exactly what you enter, so please double-check names and spelling.</p>
<h3>Why you'll love it</h3>
<ul>
<li>Printed on 350gsm silk art board, much thicker than the usual 240gsm card</li>
<li>Printed A4 and folded to A5, then machine cut and folded for a crisp finish</li>
<li>Printed inside and out if you want a message inside</li>
<li>Comes with a free white envelope</li>
<li>Posted flat in a board-backed envelope so it arrives uncreased</li>
</ul>
<h3>Size &amp; details</h3>
<ul>
<li>Size: printed A4, folded to A5</li>
<li>Card: 350gsm silk art board</li>
<li>Finish: machine cut and folded</li>
<li>Includes: free white envelope</li>
<li>Personalisation: name, age, front message and inside message</li>
</ul>
<h3>Delivery</h3>
<p>Sent Royal Mail 1st Class, dispatched the same day, or the next working day at busy times. It's posted flat in a board-backed envelope.</p>
<p>Can't find the design you're after? We can make a custom birthday card: call 01439 771468.</p>"
happy-birthday-frogs-photographer2,"<p>Make their day with a personalised Happy Frogs birthday card, printed on thick card in our North Yorkshire workshop and posted 1st Class.</p>
<h2>Personalised Happy Frogs birthday card</h2>
<p>You get a Happy Frogs design, printed with the name and age you give us. Want a message inside? Add it when you order and we'll print that as well. We print exactly what you enter, so please double-check names and spelling.</p>
<h3>Why you'll love it</h3>
<ul>
<li>Printed on 350gsm silk art board, much thicker than the usual 240gsm card</li>
<li>Personalised with their name, age and your own message</li>
<li>Printed inside and out if you want a message inside</li>
<li>Comes with a free white envelope</li>
<li>Posted flat in a board-backed envelope so it arrives uncreased</li>
</ul>
<h3>Size &amp; details</h3>
<ul>
<li>Size: printed A4, folded to A5</li>
<li>Card: 350gsm silk art board</li>
<li>Finish: machine cut and folded</li>
<li>Includes: free white envelope</li>
<li>Personalisation: name, age, front message and inside message</li>
</ul>
<h3>Delivery</h3>
<p>Sent Royal Mail 1st Class, dispatched the same day, or the next working day at busy times. It's posted flat in a board-backed envelope.</p>
<p>Can't find the design you're after? We can make a custom birthday card: call 01439 771468.</p>"
happy-birthday-frogs-photographer,"<p>Looking for a card for a animal lover? This personalised Happy Frogs Photographer birthday card is made to order with the name, age and message you choose.</p>
<h2>Happy Frogs Photographer birthday card with name and age</h2>
<p>It's a Happy Frogs Photographer design, personalised with the name and age of the birthday animal lover. We can print inside and out, so add your own inside message when you order. We print exactly what you enter, so please double-check names and spelling.</p>
<h3>Why you'll love it</h3>
<ul>
<li>Printed on 350gsm silk art board, much thicker than the usual 240gsm card</li>
<li>Printed A4 and folded to A5, then machine cut and folded for a crisp finish</li>
<li>Personalised with their name, age and your own message</li>
<li>Comes with a free white envelope</li>
<li>Posted flat in a board-backed envelope so it arrives uncreased</li>
</ul>
<h3>Size &amp; details</h3>
<ul>
<li>Size: printed A4, folded to A5</li>
<li>Card: 350gsm silk art board</li>
<li>Finish: machine cut and folded</li>
<li>Includes: free white envelope</li>
<li>Personalisation: name, age, front message and inside message</li>
</ul>
<h3>Delivery</h3>
<p>Sent Royal Mail 1st Class, dispatched the same day, or the next working day at busy times. It's posted flat in a board-backed envelope.</p>
<p>Pair the personalised Happy Frogs Photographer birthday card with a personalised mug for a birthday gift that's sorted in one go. Custom cards on request: call 01439 771468.</p>"
happy-birthday-frogs-pretty,"<p>Looking for a card for a animal lover? This personalised Happy Frogs Pretty birthday card is made to order with the name, age and message you choose.</p>
<h2>Happy Frogs Pretty birthday card with name and age</h2>
<p>The front shows a Happy Frogs Pretty design. Add the birthday name, age and your own front message when you order, and we can print a message inside too. We print exactly what you enter, so please double-check names and spelling.</p>
<h3>Why you'll love it</h3>
<ul>
<li>Printed on 350gsm silk art board, much thicker than the usual 240gsm card</li>
<li>Printed A4 and folded to A5, then machine cut and folded for a crisp finish</li>
<li>Personalised with their name, age and your own message</li>
<li>Printed inside and out if you want a message inside</li>
<li>Comes with a free white envelope</li>
</ul>
<h3>Size &amp; details</h3>
<ul>
<li>Size: printed A4, folded to A5</li>
<li>Card: 350gsm silk art board</li>
<li>Finish: machine cut and folded</li>
<li>Includes: free white envelope</li>
<li>Personalisation: name, age, front message and inside message</li>
</ul>
<h3>Delivery</h3>
<p>Sent Royal Mail 1st Class, dispatched the same day, or the next working day at busy times. It's posted flat in a board-backed envelope.</p>
<p>Buying for a animal lover? Add a personalised mug or poster for a matching gift. Custom card designs on request: call 01439 771468.</p>"
happy-birthday-frogs-together,"<p>Looking for a card for a animal lover? This personalised Happy Frogs Together birthday card is made to order with the name, age and message you choose.</p>
<h2>Personalised Happy Frogs Together birthday card</h2>
<p>The front shows a Happy Frogs Together design. Add the birthday name, age and your own front message when you order, and we can print a message inside too. We print exactly what you enter, so please double-check names and spelling.</p>
<h3>Why you'll love it</h3>
<ul>
<li>Printed A4 and folded to A5, then machine cut and folded for a crisp finish</li>
<li>Personalised with their name, age and your own message</li>
<li>Printed inside and out if you want a message inside</li>
<li>Comes with a free white envelope</li>
<li>Posted flat in a board-backed envelope so it arrives uncreased</li>
</ul>
<h3>Size &amp; details</h3>
<ul>
<li>Size: printed A4, folded to A5</li>
<li>Card: 350gsm silk art board</li>
<li>Finish: machine cut and folded</li>
<li>Includes: free white envelope</li>
<li>Personalisation: name, age, front message and inside message</li>
</ul>
<h3>Delivery</h3>
<p>Sent Royal Mail 1st Class, dispatched the same day, or the next working day at busy times. It's posted flat in a board-backed envelope.</p>
<p>Can't find the design you're after? We can make a custom birthday card: call 01439 771468.</p>"
happy-birthday-gorilla1,"<p>Make their day with a personalised Happy Gorilla birthday card, printed on thick card in our North Yorkshire workshop and posted 1st Class.</p>
<h2>Personalised Happy Gorilla birthday card</h2>
<p>The front shows a Happy Gorilla design (design 1). Add the birthday name, age and your own front message when you order, and we can print a message inside too. We print exactly what you enter, so please double-check names and spelling.</p>
<h3>Why you'll love it</h3>
<ul>
<li>Printed on 350gsm silk art board, much thicker than the usual 240gsm card</li>
<li>Personalised with their name, age and your own message</li>
<li>Printed inside and out if you want a message inside</li>
<li>Comes with a free white envelope</li>
<li>Posted flat in a board-backed envelope so it arrives uncreased</li>
</ul>
<h3>Size &amp; details</h3>
<ul>
<li>Size: printed A4, folded to A5</li>
<li>Card: 350gsm silk art board</li>
<li>Finish: machine cut and folded</li>
<li>Includes: free white envelope</li>
<li>Personalisation: name, age, front message and inside message</li>
</ul>
<h3>Delivery</h3>
<p>Sent Royal Mail 1st Class, dispatched the same day, or the next working day at busy times. It's posted flat in a board-backed envelope.</p>
<p>Pair the personalised Happy Gorilla birthday card with a personalised mug for a birthday gift that's sorted in one go. Custom cards on request: call 01439 771468.</p>"
happy-birthday-gorilla2,"<p>Make their day with a personalised Happy Gorilla birthday card, printed on thick card in our North Yorkshire workshop and posted 1st Class.</p>
<h2>Personalised Happy Gorilla birthday card</h2>
<p>The front shows a Happy Gorilla design (design 2). Add the birthday name, age and your own front message when you order, and we can print a message inside too. We print exactly what you enter, so please double-check names and spelling.</p>
<h3>Why you'll love it</h3>
<ul>
<li>Printed on 350gsm silk art board, much thicker than the usual 240gsm card</li>
<li>Printed A4 and folded to A5, then machine cut and folded for a crisp finish</li>
<li>Personalised with their name, age and your own message</li>
<li>Printed inside and out if you want a message inside</li>
<li>Comes with a free white envelope</li>
</ul>
<h3>Size &amp; details</h3>
<ul>
<li>Size: printed A4, folded to A5</li>
<li>Card: 350gsm silk art board</li>
<li>Finish: machine cut and folded</li>
<li>Includes: free white envelope</li>
<li>Personalisation: name, age, front message and inside message</li>
</ul>
<h3>Delivery</h3>
<p>Sent Royal Mail 1st Class, dispatched the same day, or the next working day at busy times. It's posted flat in a board-backed envelope.</p>
<p>Can't find the design you're after? We can make a custom birthday card: call 01439 771468.</p>"
happy-birthday-monkey1,"<p>Looking for a card for a animal lover? This personalised Happy Monkey birthday card is made to order with the name, age and message you choose.</p>
<h2>Happy Monkey birthday card with name and age</h2>
<p>The front shows a Happy Monkey design (design 1). Add the birthday name, age and your own front message when you order, and we can print a message inside too. We print exactly what you enter, so please double-check names and spelling.</p>
<h3>Why you'll love it</h3>
<ul>
<li>Printed A4 and folded to A5, then machine cut and folded for a crisp finish</li>
<li>Personalised with their name, age and your own message</li>
<li>Printed inside and out if you want a message inside</li>
<li>Comes with a free white envelope</li>
<li>Posted flat in a board-backed envelope so it arrives uncreased</li>
</ul>
<h3>Size &amp; details</h3>
<ul>
<li>Size: printed A4, folded to A5</li>
<li>Card: 350gsm silk art board</li>
<li>Finish: machine cut and folded</li>
<li>Includes: free white envelope</li>
<li>Personalisation: name, age, front message and inside message</li>
</ul>
<h3>Delivery</h3>
<p>Sent Royal Mail 1st Class, dispatched the same day, or the next working day at busy times. It's posted flat in a board-backed envelope.</p>
<p>Can't find the design you're after? We can make a custom birthday card: call 01439 771468.</p>"
happy-birthday-monkey2,"<p>Make their day with a personalised Happy Monkey birthday card, printed on thick card in our North Yorkshire workshop and posted 1st Class.</p>
<h2>Personalised Happy Monkey birthday card</h2>
<p>You get a Happy Monkey design (design 2), printed with the name and age you give us. Want a message inside? Add it when you order and we'll print that as well. We print exactly what you enter, so please double-check names and spelling.</p>
<h3>Why you'll love it</h3>
<ul>
<li>Printed A4 and folded to A5, then machine cut and folded for a crisp finish</li>
<li>Personalised with their name, age and your own message</li>
<li>Printed inside and out if you want a message inside</li>
<li>Comes with a free white envelope</li>
<li>Posted flat in a board-backed envelope so it arrives uncreased</li>
</ul>
<h3>Size &amp; details</h3>
<ul>
<li>Size: printed A4, folded to A5</li>
<li>Card: 350gsm silk art board</li>
<li>Finish: machine cut and folded</li>
<li>Includes: free white envelope</li>
<li>Personalisation: name, age, front message and inside message</li>
</ul>
<h3>Delivery</h3>
<p>Sent Royal Mail 1st Class, dispatched the same day, or the next working day at busy times. It's posted flat in a board-backed envelope.</p>
<p>Buying for a animal lover? Add a personalised mug or poster for a matching gift. Custom card designs on request: call 01439 771468.</p>"
happy-birthday-monkey3,"<p>Make their day with a personalised Happy Monkey birthday card, printed on thick card in our North Yorkshire workshop and posted 1st Class.</p>
<h2>Happy Monkey birthday card with name and age</h2>
<p>It's a Happy Monkey design (design 3), personalised with the name and age of the birthday animal lover. We can print inside and out, so add your own inside message when you order. We print exactly what you enter, so please double-check names and spelling.</p>
<h3>Why you'll love it</h3>
<ul>
<li>Printed on 350gsm silk art board, much thicker than the usual 240gsm card</li>
<li>Printed A4 and folded to A5, then machine cut and folded for a crisp finish</li>
<li>Personalised with their name, age and your own message</li>
<li>Printed inside and out if you want a message inside</li>
<li>Posted flat in a board-backed envelope so it arrives uncreased</li>
</ul>
<h3>Size &amp; details</h3>
<ul>
<li>Size: printed A4, folded to A5</li>
<li>Card: 350gsm silk art board</li>
<li>Finish: machine cut and folded</li>
<li>Includes: free white envelope</li>
<li>Personalisation: name, age, front message and inside message</li>
</ul>
<h3>Delivery</h3>
<p>Sent Royal Mail 1st Class, dispatched the same day, or the next working day at busy times. It's posted flat in a board-backed envelope.</p>
<p>Pair the personalised Happy Monkey birthday card with a personalised mug for a birthday gift that's sorted in one go. Custom cards on request: call 01439 771468.</p>"
happy-birthday-monkey4,"<p>Make their day with a personalised Happy Monkey birthday card, printed on thick card in our North Yorkshire workshop and posted 1st Class.</p>
<h2>Personalised Happy Monkey birthday card</h2>
<p>You get a Happy Monkey design (design 4), printed with the name and age you give us. Want a message inside? Add it when you order and we'll print that as well. We print exactly what you enter, so please double-check names and spelling.</p>
<h3>Why you'll love it</h3>
<ul>
<li>Printed on 350gsm silk art board, much thicker than the usual 240gsm card</li>
<li>Printed A4 and folded to A5, then machine cut and folded for a crisp finish</li>
<li>Personalised with their name, age and your own message</li>
<li>Printed inside and out if you want a message inside</li>
<li>Posted flat in a board-backed envelope so it arrives uncreased</li>
</ul>
<h3>Size &amp; details</h3>
<ul>
<li>Size: printed A4, folded to A5</li>
<li>Card: 350gsm silk art board</li>
<li>Finish: machine cut and folded</li>
<li>Includes: free white envelope</li>
<li>Personalisation: name, age, front message and inside message</li>
</ul>
<h3>Delivery</h3>
<p>Sent Royal Mail 1st Class, dispatched the same day, or the next working day at busy times. It's posted flat in a board-backed envelope.</p>
<p>Can't find the design you're after? We can make a custom birthday card: call 01439 771468.</p>"
happy-birthday-monkey-cheese,"<p>Looking for a card for a animal lover? This personalised Happy Monkey Cheese birthday card is made to order with the name, age and message you choose.</p>
<h2>Personalised Happy Monkey Cheese birthday card</h2>
<p>It's a Happy Monkey Cheese design, personalised with the name and age of the birthday animal lover. We can print inside and out, so add your own inside message when you order. We print exactly what you enter, so please double-check names and spelling.</p>
<h3>Why you'll love it</h3>
<ul>
<li>Printed on 350gsm silk art board, much thicker than the usual 240gsm card</li>
<li>Printed A4 and folded to A5, then machine cut and folded for a crisp finish</li>
<li>Personalised with their name, age and your own message</li>
<li>Comes with a free white envelope</li>
<li>Posted flat in a board-backed envelope so it arrives uncreased</li>
</ul>
<h3>Size &amp; details</h3>
<ul>
<li>Size: printed A4, folded to A5</li>
<li>Card: 350gsm silk art board</li>
<li>Finish: machine cut and folded</li>
<li>Includes: free white envelope</li>
<li>Personalisation: name, age, front message and inside message</li>
</ul>
<h3>Delivery</h3>
<p>Sent Royal Mail 1st Class, dispatched the same day, or the next working day at busy times. It's posted flat in a board-backed envelope.</p>
<p>Buying for a animal lover? Add a personalised mug or poster for a matching gift. Custom card designs on request: call 01439 771468.</p>"
animal-portrait1-dogs-and-puppies-happy-birthday-kirsten,"<p>Looking for a card for a animal lover? This personalised Animal Portrait birthday card is made to order with the name, age and message you choose.</p>
<h2>Personalised Animal Portrait birthday card</h2>
<p>It's a Animal Portrait design (design 1), personalised with the name and age of the birthday animal lover. We can print inside and out, so add your own inside message when you order. We print exactly what you enter, so please double-check names and spelling.</p>
<h3>Why you'll love it</h3>
<ul>
<li>Printed A4 and folded to A5, then machine cut and folded for a crisp finish</li>
<li>Personalised with their name, age and your own message</li>
<li>Printed inside and out if you want a message inside</li>
<li>Comes with a free white envelope</li>
<li>Posted flat in a board-backed envelope so it arrives uncreased</li>
</ul>
<h3>Size &amp; details</h3>
<ul>
<li>Size: printed A4, folded to A5</li>
<li>Card: 350gsm silk art board</li>
<li>Finish: machine cut and folded</li>
<li>Includes: free white envelope</li>
<li>Personalisation: name, age, front message and inside message</li>
</ul>
<h3>Delivery</h3>
<p>Sent Royal Mail 1st Class, dispatched the same day, or the next working day at busy times. It's posted flat in a board-backed envelope.</p>
<p>Can't find the design you're after? We can make a custom birthday card: call 01439 771468.</p>"
baby-bulldog-dogs-and-puppies-happy-birthday-kirsten,"<p>Make their day with a personalised Baby Bulldog birthday card, printed on thick card in our North Yorkshire workshop and posted 1st Class.</p>
<h2>Baby Bulldog birthday card with name and age</h2>
<p>It's a Baby Bulldog design, personalised with the name and age of the birthday animal lover. We can print inside and out, so add your own inside message when you order. We print exactly what you enter, so please double-check names and spelling.</p>
<h3>Why you'll love it</h3>
<ul>
<li>Printed on 350gsm silk art board, much thicker than the usual 240gsm card</li>
<li>Personalised with their name, age and your own message</li>
<li>Printed inside and out if you want a message inside</li>
<li>Comes with a free white envelope</li>
<li>Posted flat in a board-backed envelope so it arrives uncreased</li>
</ul>
<h3>Size &amp; details</h3>
<ul>
<li>Size: printed A4, folded to A5</li>
<li>Card: 350gsm silk art board</li>
<li>Finish: machine cut and folded</li>
<li>Includes: free white envelope</li>
<li>Personalisation: name, age, front message and inside message</li>
</ul>
<h3>Delivery</h3>
<p>Sent Royal Mail 1st Class, dispatched the same day, or the next working day at busy times. It's posted flat in a board-backed envelope.</p>
<p>Buying for a animal lover? Add a personalised mug or poster for a matching gift. Custom card designs on request: call 01439 771468.</p>"
baby-pug-wrapped-up-dogs-and-puppies-happy-birthday-kirsten,"<p>Our personalised Baby Pug Wrapped Up birthday card is a fun way to wish a animal lover happy birthday, with their name and age added to the design.</p>
<h2>Personalised Baby Pug Wrapped Up birthday card</h2>
<p>You get a Baby Pug Wrapped Up design, printed with the name and age you give us. Want a message inside? Add it when you order and we'll print that as well. We print exactly what you enter, so please double-check names and spelling.</p>
<h3>Why you'll love it</h3>
<ul>
<li>Printed on 350gsm silk art board, much thicker than the usual 240gsm card</li>
<li>Printed A4 and folded to A5, then machine cut and folded for a crisp finish</li>
<li>Personalised with their name, age and your own message</li>
<li>Printed inside and out if you want a message inside</li>
<li>Posted flat in a board-backed envelope so it arrives uncreased</li>
</ul>
<h3>Size &amp; details</h3>
<ul>
<li>Size: printed A4, folded to A5</li>
<li>Card: 350gsm silk art board</li>
<li>Finish: machine cut and folded</li>
<li>Includes: free white envelope</li>
<li>Personalisation: name, age, front message and inside message</li>
</ul>
<h3>Delivery</h3>
<p>Sent Royal Mail 1st Class, dispatched the same day, or the next working day at busy times. It's posted flat in a board-backed envelope.</p>
<p>Pair the personalised Baby Pug Wrapped Up birthday card with a personalised mug for a birthday gift that's sorted in one go. Custom cards on request: call 01439 771468.</p>"
baby-pug-dogs-and-puppies-happy-birthday-kirsten,"<p>Looking for a card for a animal lover? This personalised Baby Pug birthday card is made to order with the name, age and message you choose.</p>
<h2>Personalised Baby Pug birthday card</h2>
<p>The front shows a Baby Pug design. Add the birthday name, age and your own front message when you order, and we can print a message inside too. We print exactly what you enter, so please double-check names and spelling.</p>
<h3>Why you'll love it</h3>
<ul>
<li>Printed on 350gsm silk art board, much thicker than the usual 240gsm card</li>
<li>Printed A4 and folded to A5, then machine cut and folded for a crisp finish</li>
<li>Personalised with their name, age and your own message</li>
<li>Printed inside and out if you want a message inside</li>
<li>Posted flat in a board-backed envelope so it arrives uncreased</li>
</ul>
<h3>Size &amp; details</h3>
<ul>
<li>Size: printed A4, folded to A5</li>
<li>Card: 350gsm silk art board</li>
<li>Finish: machine cut and folded</li>
<li>Includes: free white envelope</li>
<li>Personalisation: name, age, front message and inside message</li>
</ul>
<h3>Delivery</h3>
<p>Sent Royal Mail 1st Class, dispatched the same day, or the next working day at busy times. It's posted flat in a board-backed envelope.</p>
<p>Pair the personalised Baby Pug birthday card with a personalised mug for a birthday gift that's sorted in one go. Custom cards on request: call 01439 771468.</p>"
beagle-puppy1-dogs-and-puppies-happy-birthday-kirsten,"<p>Looking for a card for a animal lover? This personalised Beagle Puppy birthday card is made to order with the name, age and message you choose.</p>
<h2>Beagle Puppy birthday card with name and age</h2>
<p>The front shows a Beagle Puppy design (design 1). Add the birthday name, age and your own front message when you order, and we can print a message inside too. We print exactly what you enter, so please double-check names and spelling.</p>
<h3>Why you'll love it</h3>
<ul>
<li>Printed on 350gsm silk art board, much thicker than the usual 240gsm card</li>
<li>Printed A4 and folded to A5, then machine cut and folded for a crisp finish</li>
<li>Personalised with their name, age and your own message</li>
<li>Printed inside and out if you want a message inside</li>
<li>Comes with a free white envelope</li>
</ul>
<h3>Size &amp; details</h3>
<ul>
<li>Size: printed A4, folded to A5</li>
<li>Card: 350gsm silk art board</li>
<li>Finish: machine cut and folded</li>
<li>Includes: free white envelope</li>
<li>Personalisation: name, age, front message and inside message</li>
</ul>
<h3>Delivery</h3>
<p>Sent Royal Mail 1st Class, dispatched the same day, or the next working day at busy times. It's posted flat in a board-backed envelope.</p>
<p>Pair the personalised Beagle Puppy birthday card with a personalised mug for a birthday gift that's sorted in one go. Custom cards on request: call 01439 771468.</p>"
beagle-puppy-dogs-and-puppies-happy-birthday-kirsten,"<p>Our personalised Beagle Puppy birthday card is a fun way to wish a animal lover happy birthday, with their name and age added to the design.</p>
<h2>Personalised Beagle Puppy birthday card</h2>
<p>You get a Beagle Puppy design, printed with the name and age you give us. Want a message inside? Add it when you order and we'll print that as well. We print exactly what you enter, so please double-check names and spelling.</p>
<h3>Why you'll love it</h3>
<ul>
<li>Printed on 350gsm silk art board, much thicker than the usual 240gsm card</li>
<li>Printed A4 and folded to A5, then machine cut and folded for a crisp finish</li>
<li>Printed inside and out if you want a message inside</li>
<li>Comes with a free white envelope</li>
<li>Posted flat in a board-backed envelope so it arrives uncreased</li>
</ul>
<h3>Size &amp; details</h3>
<ul>
<li>Size: printed A4, folded to A5</li>
<li>Card: 350gsm silk art board</li>
<li>Finish: machine cut and folded</li>
<li>Includes: free white envelope</li>
<li>Personalisation: name, age, front message and inside message</li>
</ul>
<h3>Delivery</h3>
<p>Sent Royal Mail 1st Class, dispatched the same day, or the next working day at busy times. It's posted flat in a board-backed envelope.</p>
<p>Can't find the design you're after? We can make a custom birthday card: call 01439 771468.</p>"
bernese-mountain-dogs-and-puppies-happy-birthday-kirsten,"<p>Make their day with a personalised Bernese Mountain birthday card, printed on thick card in our North Yorkshire workshop and posted 1st Class.</p>
<h2>Bernese Mountain birthday card with name and age</h2>
<p>The front shows a Bernese Mountain design. Add the birthday name, age and your own front message when you order, and we can print a message inside too. We print exactly what you enter, so please double-check names and spelling.</p>
<h3>Why you'll love it</h3>
<ul>
<li>Printed on 350gsm silk art board, much thicker than the usual 240gsm card</li>
<li>Personalised with their name, age and your own message</li>
<li>Printed inside and out if you want a message inside</li>
<li>Comes with a free white envelope</li>
<li>Posted flat in a board-backed envelope so it arrives uncreased</li>
</ul>
<h3>Size &amp; details</h3>
<ul>
<li>Size: printed A4, folded to A5</li>
<li>Card: 350gsm silk art board</li>
<li>Finish: machine cut and folded</li>
<li>Includes: free white envelope</li>
<li>Personalisation: name, age, front message and inside message</li>
</ul>
<h3>Delivery</h3>
<p>Sent Royal Mail 1st Class, dispatched the same day, or the next working day at busy times. It's posted flat in a board-backed envelope.</p>
<p>Pair the personalised Bernese Mountain birthday card with a personalised mug for a birthday gift that's sorted in one go. Custom cards on request: call 01439 771468.</p>"
bernese-mountain-pup-dogs-and-puppies-happy-birthday,"<p>Looking for a card for a animal lover? This personalised Bernese Mountain Pup birthday card is made to order with the name, age and message you choose.</p>
<h2>Personalised Bernese Mountain Pup birthday card</h2>
<p>You get a Bernese Mountain Pup design, printed with the name and age you give us. Want a message inside? Add it when you order and we'll print that as well. We print exactly what you enter, so please double-check names and spelling.</p>
<h3>Why you'll love it</h3>
<ul>
<li>Printed on 350gsm silk art board, much thicker than the usual 240gsm card</li>
<li>Printed A4 and folded to A5, then machine cut and folded for a crisp finish</li>
<li>Personalised with their name, age and your own message</li>
<li>Printed inside and out if you want a message inside</li>
<li>Posted flat in a board-backed envelope so it arrives uncreased</li>
</ul>
<h3>Size &amp; details</h3>
<ul>
<li>Size: printed A4, folded to A5</li>
<li>Card: 350gsm silk art board</li>
<li>Finish: machine cut and folded</li>
<li>Includes: free white envelope</li>
<li>Personalisation: name, age, front message and inside message</li>
</ul>
<h3>Delivery</h3>
<p>Sent Royal Mail 1st Class, dispatched the same day, or the next working day at busy times. It's posted flat in a board-backed envelope.</p>
<p>Buying for a animal lover? Add a personalised mug or poster for a matching gift. Custom card designs on request: call 01439 771468.</p>"
black-chihuahua-puppy-dogs-and-puppies-happy-birthday,"<p>Looking for a card for a animal lover? This personalised Black Chihuahua Puppy birthday card is made to order with the name, age and message you choose.</p>
<h2>Personalised Black Chihuahua Puppy birthday card</h2>
<p>The front shows a Black Chihuahua Puppy design. Add the birthday name, age and your own front message when you order, and we can print a message inside too. We print exactly what you enter, so please double-check names and spelling.</p>
<h3>Why you'll love it</h3>
<ul>
<li>Printed on 350gsm silk art board, much thicker than the usual 240gsm card</li>
<li>Printed A4 and folded to A5, then machine cut and folded for a crisp finish</li>
<li>Personalised with their name, age and your own message</li>
<li>Printed inside and out if you want a message inside</li>
<li>Comes with a free white envelope</li>
</ul>
<h3>Size &amp; details</h3>
<ul>
<li>Size: printed A4, folded to A5</li>
<li>Card: 350gsm silk art board</li>
<li>Finish: machine cut and folded</li>
<li>Includes: free white envelope</li>
<li>Personalisation: name, age, front message and inside message</li>
</ul>
<h3>Delivery</h3>
<p>Sent Royal Mail 1st Class, dispatched the same day, or the next working day at busy times. It's posted flat in a board-backed envelope.</p>
<p>Pair the personalised Black Chihuahua Puppy birthday card with a personalised mug for a birthday gift that's sorted in one go. Custom cards on request: call 01439 771468.</p>"
black-cute-puppy-dogs-and-puppies-happy-birthday,"<p>Looking for a card for a animal lover? This personalised Black Cute Puppy birthday card is made to order with the name, age and message you choose.</p>
<h2>Personalised Black Cute Puppy birthday card</h2>
<p>It's a Black Cute Puppy design, personalised with the name and age of the birthday animal lover. We can print inside and out, so add your own inside message when you order. We print exactly what you enter, so please double-check names and spelling.</p>
<h3>Why you'll love it</h3>
<ul>
<li>Printed on 350gsm silk art board, much thicker than the usual 240gsm card</li>
<li>Personalised with their name, age and your own message</li>
<li>Printed inside and out if you want a message inside</li>
<li>Comes with a free white envelope</li>
<li>Posted flat in a board-backed envelope so it arrives uncreased</li>
</ul>
<h3>Size &amp; details</h3>
<ul>
<li>Size: printed A4, folded to A5</li>
<li>Card: 350gsm silk art board</li>
<li>Finish: machine cut and folded</li>
<li>Includes: free white envelope</li>
<li>Personalisation: name, age, front message and inside message</li>
</ul>
<h3>Delivery</h3>
<p>Sent Royal Mail 1st Class, dispatched the same day, or the next working day at busy times. It's posted flat in a board-backed envelope.</p>
<p>Can't find the design you're after? We can make a custom birthday card: call 01439 771468.</p>"
black-nose-puppy-dogs-and-puppies-happy-birthday,"<p>Make their day with a personalised Black Nose Puppy birthday card, printed on thick card in our North Yorkshire workshop and posted 1st Class.</p>
<h2>Personalised Black Nose Puppy birthday card</h2>
<p>You get a Black Nose Puppy design, printed with the name and age you give us. Want a message inside? Add it when you order and we'll print that as well. We print exactly what you enter, so please double-check names and spelling.</p>
<h3>Why you'll love it</h3>
<ul>
<li>Printed A4 and folded to A5, then machine cut and folded for a crisp finish</li>
<li>Personalised with their name, age and your own message</li>
<li>Printed inside and out if you want a message inside</li>
<li>Comes with a free white envelope</li>
<li>Posted flat in a board-backed envelope so it arrives uncreased</li>
</ul>
<h3>Size &amp; details</h3>
<ul>
<li>Size: printed A4, folded to A5</li>
<li>Card: 350gsm silk art board</li>
<li>Finish: machine cut and folded</li>
<li>Includes: free white envelope</li>
<li>Personalisation: name, age, front message and inside message</li>
</ul>
<h3>Delivery</h3>
<p>Sent Royal Mail 1st Class, dispatched the same day, or the next working day at busy times. It's posted flat in a board-backed envelope.</p>
<p>Pair the personalised Black Nose Puppy birthday card with a personalised mug for a birthday gift that's sorted in one go. Custom cards on request: call 01439 771468.</p>"
black-puppy-dogs-and-puppies-happy-birthday,"<p>Make their day with a personalised Black Puppy birthday card, printed on thick card in our North Yorkshire workshop and posted 1st Class.</p>
<h2>Black Puppy birthday card with name and age</h2>
<p>The front shows a Black Puppy design. Add the birthday name, age and your own front message when you order, and we can print a message inside too. We print exactly what you enter, so please double-check names and spelling.</p>
<h3>Why you'll love it</h3>
<ul>
<li>Printed on 350gsm silk art board, much thicker than the usual 240gsm card</li>
<li>Printed A4 and folded to A5, then machine cut and folded for a crisp finish</li>
<li>Printed inside and out if you want a message inside</li>
<li>Comes with a free white envelope</li>
<li>Posted flat in a board-backed envelope so it arrives uncreased</li>
</ul>
<h3>Size &amp; details</h3>
<ul>
<li>Size: printed A4, folded to A5</li>
<li>Card: 350gsm silk art board</li>
<li>Finish: machine cut and folded</li>
<li>Includes: free white envelope</li>
<li>Personalisation: name, age, front message and inside message</li>
</ul>
<h3>Delivery</h3>
<p>Sent Royal Mail 1st Class, dispatched the same day, or the next working day at busy times. It's posted flat in a board-backed envelope.</p>
<p>Can't find the design you're after? We can make a custom birthday card: call 01439 771468.</p>"
border-collie-puppy-dogs-and-puppies-happy-birthday,"<p>Looking for a card for a animal lover? This personalised Border Collie Puppy birthday card is made to order with the name, age and message you choose.</p>
<h2>Border Collie Puppy birthday card with name and age</h2>
<p>The front shows a Border Collie Puppy design. Add the birthday name, age and your own front message when you order, and we can print a message inside too. We print exactly what you enter, so please double-check names and spelling.</p>
<h3>Why you'll love it</h3>
<ul>
<li>Printed on 350gsm silk art board, much thicker than the usual 240gsm card</li>
<li>Printed A4 and folded to A5, then machine cut and folded for a crisp finish</li>
<li>Printed inside and out if you want a message inside</li>
<li>Comes with a free white envelope</li>
<li>Posted flat in a board-backed envelope so it arrives uncreased</li>
</ul>
<h3>Size &amp; details</h3>
<ul>
<li>Size: printed A4, folded to A5</li>
<li>Card: 350gsm silk art board</li>
<li>Finish: machine cut and folded</li>
<li>Includes: free white envelope</li>
<li>Personalisation: name, age, front message and inside message</li>
</ul>
<h3>Delivery</h3>
<p>Sent Royal Mail 1st Class, dispatched the same day, or the next working day at busy times. It's posted flat in a board-backed envelope.</p>
<p>Can't find the design you're after? We can make a custom birthday card: call 01439 771468.</p>"
boxer-dog-glasses-dogs-and-puppies-happy-birthday,"<p>Our personalised Boxer Dog Glasses birthday card is a fun way to wish a animal lover happy birthday, with their name and age added to the design.</p>
<h2>Boxer Dog Glasses birthday card with name and age</h2>
<p>The front shows a Boxer Dog Glasses design. Add the birthday name, age and your own front message when you order, and we can print a message inside too. We print exactly what you enter, so please double-check names and spelling.</p>
<h3>Why you'll love it</h3>
<ul>
<li>Printed A4 and folded to A5, then machine cut and folded for a crisp finish</li>
<li>Personalised with their name, age and your own message</li>
<li>Printed inside and out if you want a message inside</li>
<li>Comes with a free white envelope</li>
<li>Posted flat in a board-backed envelope so it arrives uncreased</li>
</ul>
<h3>Size &amp; details</h3>
<ul>
<li>Size: printed A4, folded to A5</li>
<li>Card: 350gsm silk art board</li>
<li>Finish: machine cut and folded</li>
<li>Includes: free white envelope</li>
<li>Personalisation: name, age, front message and inside message</li>
</ul>
<h3>Delivery</h3>
<p>Sent Royal Mail 1st Class, dispatched the same day, or the next working day at busy times. It's posted flat in a board-backed envelope.</p>
<p>Can't find the design you're after? We can make a custom birthday card: call 01439 771468.</p>"
boxer-pup-dogs-and-puppies-happy-birthday,"<p>Our personalised Boxer Pup birthday card is a fun way to wish a animal lover happy birthday, with their name and age added to the design.</p>
<h2>Boxer Pup birthday card with name and age</h2>
<p>It's a Boxer Pup design, personalised with the name and age of the birthday animal lover. We can print inside and out, so add your own inside message when you order. We print exactly what you enter, so please double-check names and spelling.</p>
<h3>Why you'll love it</h3>
<ul>
<li>Printed on 350gsm silk art board, much thicker than the usual 240gsm card</li>
<li>Printed A4 and folded to A5, then machine cut and folded for a crisp finish</li>
<li>Personalised with their name, age and your own message</li>
<li>Comes with a free white envelope</li>
<li>Posted flat in a board-backed envelope so it arrives uncreased</li>
</ul>
<h3>Size &amp; details</h3>
<ul>
<li>Size: printed A4, folded to A5</li>
<li>Card: 350gsm silk art board</li>
<li>Finish: machine cut and folded</li>
<li>Includes: free white envelope</li>
<li>Personalisation: name, age, front message and inside message</li>
</ul>
<h3>Delivery</h3>
<p>Sent Royal Mail 1st Class, dispatched the same day, or the next working day at busy times. It's posted flat in a board-backed envelope.</p>
<p>Pair the personalised Boxer Pup birthday card with a personalised mug for a birthday gift that's sorted in one go. Custom cards on request: call 01439 771468.</p>"
british-buldog-dogs-and-puppies-happy-birthday,"<p>Make their day with a personalised British Bulldog birthday card, printed on thick card in our North Yorkshire workshop and posted 1st Class.</p>
<h2>British Bulldog birthday card with name and age</h2>
<p>The front shows a British Bulldog design. Add the birthday name, age and your own front message when you order, and we can print a message inside too. We print exactly what you enter, so please double-check names and spelling.</p>
<h3>Why you'll love it</h3>
<ul>
<li>Printed on 350gsm silk art board, much thicker than the usual 240gsm card</li>
<li>Printed A4 and folded to A5, then machine cut and folded for a crisp finish</li>
<li>Personalised with their name, age and your own message</li>
<li>Comes with a free white envelope</li>
<li>Posted flat in a board-backed envelope so it arrives uncreased</li>
</ul>
<h3>Size &amp; details</h3>
<ul>
<li>Size: printed A4, folded to A5</li>
<li>Card: 350gsm silk art board</li>
<li>Finish: machine cut and folded</li>
<li>Includes: free white envelope</li>
<li>Personalisation: name, age, front message and inside message</li>
</ul>
<h3>Delivery</h3>
<p>Sent Royal Mail 1st Class, dispatched the same day, or the next working day at busy times. It's posted flat in a board-backed envelope.</p>
<p>Pair the personalised British Bulldog birthday card with a personalised mug for a birthday gift that's sorted in one go. Custom cards on request: call 01439 771468.</p>"
brown-dalmation-dogs-and-puppies-happy-birthday,"<p>Make their day with a personalised Brown Dalmatian birthday card, printed on thick card in our North Yorkshire workshop and posted 1st Class.</p>
<h2>Brown Dalmatian birthday card with name and age</h2>
<p>You get a Brown Dalmatian design, printed with the name and age you give us. Want a message inside? Add it when you order and we'll print that as well. We print exactly what you enter, so please double-check names and spelling.</p>
<h3>Why you'll love it</h3>
<ul>
<li>Printed A4 and folded to A5, then machine cut and folded for a crisp finish</li>
<li>Personalised with their name, age and your own message</li>
<li>Printed inside and out if you want a message inside</li>
<li>Comes with a free white envelope</li>
<li>Posted flat in a board-backed envelope so it arrives uncreased</li>
</ul>
<h3>Size &amp; details</h3>
<ul>
<li>Size: printed A4, folded to A5</li>
<li>Card: 350gsm silk art board</li>
<li>Finish: machine cut and folded</li>
<li>Includes: free white envelope</li>
<li>Personalisation: name, age, front message and inside message</li>
</ul>
<h3>Delivery</h3>
<p>Sent Royal Mail 1st Class, dispatched the same day, or the next working day at busy times. It's posted flat in a board-backed envelope.</p>
<p>Buying for a animal lover? Add a personalised mug or poster for a matching gift. Custom card designs on request: call 01439 771468.</p>"
bulldog-ball-dogs-and-puppies-happy-birthday,"<p>Make their day with a personalised Bulldog Ball birthday card, printed on thick card in our North Yorkshire workshop and posted 1st Class.</p>
<h2>Personalised Bulldog Ball birthday card</h2>
<p>The front shows a Bulldog Ball design. Add the birthday name, age and your own front message when you order, and we can print a message inside too. We print exactly what you enter, so please double-check names and spelling.</p>
<h3>Why you'll love it</h3>
<ul>
<li>Printed on 350gsm silk art board, much thicker than the usual 240gsm card</li>
<li>Printed A4 and folded to A5, then machine cut and folded for a crisp finish</li>
<li>Personalised with their name, age and your own message</li>
<li>Printed inside and out if you want a message inside</li>
<li>Comes with a free white envelope</li>
</ul>
<h3>Size &amp; details</h3>
<ul>
<li>Size: printed A4, folded to A5</li>
<li>Card: 350gsm silk art board</li>
<li>Finish: machine cut and folded</li>
<li>Includes: free white envelope</li>
<li>Personalisation: name, age, front message and inside message</li>
</ul>
<h3>Delivery</h3>
<p>Sent Royal Mail 1st Class, dispatched the same day, or the next working day at busy times. It's posted flat in a board-backed envelope.</p>
<p>Can't find the design you're after? We can make a custom birthday card: call 01439 771468.</p>"
bulldog-puppy-dogs-and-puppies-happy-birthday,"<p>Our personalised Bulldog Puppy birthday card is a fun way to wish a animal lover happy birthday, with their name and age added to the design.</p>
<h2>Personalised Bulldog Puppy birthday card</h2>
<p>You get a Bulldog Puppy design, printed with the name and age you give us. Want a message inside? Add it when you order and we'll print that as well. We print exactly what you enter, so please double-check names and spelling.</p>
<h3>Why you'll love it</h3>
<ul>
<li>Printed on 350gsm silk art board, much thicker than the usual 240gsm card</li>
<li>Printed A4 and folded to A5, then machine cut and folded for a crisp finish</li>
<li>Printed inside and out if you want a message inside</li>
<li>Comes with a free white envelope</li>
<li>Posted flat in a board-backed envelope so it arrives uncreased</li>
</ul>
<h3>Size &amp; details</h3>
<ul>
<li>Size: printed A4, folded to A5</li>
<li>Card: 350gsm silk art board</li>
<li>Finish: machine cut and folded</li>
<li>Includes: free white envelope</li>
<li>Personalisation: name, age, front message and inside message</li>
</ul>
<h3>Delivery</h3>
<p>Sent Royal Mail 1st Class, dispatched the same day, or the next working day at busy times. It's posted flat in a board-backed envelope.</p>
<p>Pair the personalised Bulldog Puppy birthday card with a personalised mug for a birthday gift that's sorted in one go. Custom cards on request: call 01439 771468.</p>"
chihuahua-card-dogs-and-puppies-happy-birthday,"<p>Looking for a card for a animal lover? This personalised Chihuahua birthday card is made to order with the name, age and message you choose.</p>
<h2>Chihuahua birthday card with name and age</h2>
<p>The front shows a Chihuahua design. Add the birthday name, age and your own front message when you order, and we can print a message inside too. We print exactly what you enter, so please double-check names and spelling.</p>
<h3>Why you'll love it</h3>
<ul>
<li>Printed on 350gsm silk art board, much thicker than the usual 240gsm card</li>
<li>Printed A4 and folded to A5, then machine cut and folded for a crisp finish</li>
<li>Printed inside and out if you want a message inside</li>
<li>Comes with a free white envelope</li>
<li>Posted flat in a board-backed envelope so it arrives uncreased</li>
</ul>
<h3>Size &amp; details</h3>
<ul>
<li>Size: printed A4, folded to A5</li>
<li>Card: 350gsm silk art board</li>
<li>Finish: machine cut and folded</li>
<li>Includes: free white envelope</li>
<li>Personalisation: name, age, front message and inside message</li>
</ul>
<h3>Delivery</h3>
<p>Sent Royal Mail 1st Class, dispatched the same day, or the next working day at busy times. It's posted flat in a board-backed envelope.</p>
<p>Buying for a animal lover? Add a personalised mug or poster for a matching gift. Custom card designs on request: call 01439 771468.</p>"
chihuahua-puppy-dogs-and-puppies-happy-birthday,"<p>Our personalised Chihuahua Puppy birthday card is a fun way to wish a animal lover happy birthday, with their name and age added to the design.</p>
<h2>Personalised Chihuahua Puppy birthday card</h2>
<p>You get a Chihuahua Puppy design, printed with the name and age you give us. Want a message inside? Add it when you order and we'll print that as well. We print exactly what you enter, so please double-check names and spelling.</p>
<h3>Why you'll love it</h3>
<ul>
<li>Printed on 350gsm silk art board, much thicker than the usual 240gsm card</li>
<li>Printed A4 and folded to A5, then machine cut and folded for a crisp finish</li>
<li>Personalised with their name, age and your own message</li>
<li>Comes with a free white envelope</li>
<li>Posted flat in a board-backed envelope so it arrives uncreased</li>
</ul>
<h3>Size &amp; details</h3>
<ul>
<li>Size: printed A4, folded to A5</li>
<li>Card: 350gsm silk art board</li>
<li>Finish: machine cut and folded</li>
<li>Includes: free white envelope</li>
<li>Personalisation: name, age, front message and inside message</li>
</ul>
<h3>Delivery</h3>
<p>Sent Royal Mail 1st Class, dispatched the same day, or the next working day at busy times. It's posted flat in a board-backed envelope.</p>
<p>Pair the personalised Chihuahua Puppy birthday card with a personalised mug for a birthday gift that's sorted in one go. Custom cards on request: call 01439 771468.</p>"
chihuahua-teacup-dogs-and-puppies-happy-birthday,"<p>Make their day with a personalised Chihuahua Teacup birthday card, printed on thick card in our North Yorkshire workshop and posted 1st Class.</p>
<h2>Personalised Chihuahua Teacup birthday card</h2>
<p>The front shows a Chihuahua Teacup design. Add the birthday name, age and your own front message when you order, and we can print a message inside too. We print exactly what you enter, so please double-check names and spelling.</p>
<h3>Why you'll love it</h3>
<ul>
<li>Printed on 350gsm silk art board, much thicker than the usual 240gsm card</li>
<li>Personalised with their name, age and your own message</li>
<li>Printed inside and out if you want a message inside</li>
<li>Comes with a free white envelope</li>
<li>Posted flat in a board-backed envelope so it arrives uncreased</li>
</ul>
<h3>Size &amp; details</h3>
<ul>
<li>Size: printed A4, folded to A5</li>
<li>Card: 350gsm silk art board</li>
<li>Finish: machine cut and folded</li>
<li>Includes: free white envelope</li>
<li>Personalisation: name, age, front message and inside message</li>
</ul>
<h3>Delivery</h3>
<p>Sent Royal Mail 1st Class, dispatched the same day, or the next working day at busy times. It's posted flat in a board-backed envelope.</p>
<p>Pair the personalised Chihuahua Teacup birthday card with a personalised mug for a birthday gift that's sorted in one go. Custom cards on request: call 01439 771468.</p>"
collie-dogs-and-puppies-happy-birthday,"<p>Looking for a card for a animal lover? This personalised Collie birthday card is made to order with the name, age and message you choose.</p>
<h2>Personalised Collie birthday card</h2>
<p>You get a Collie design, printed with the name and age you give us. Want a message inside? Add it when you order and we'll print that as well. We print exactly what you enter, so please double-check names and spelling.</p>
<h3>Why you'll love it</h3>
<ul>
<li>Printed on 350gsm silk art board, much thicker than the usual 240gsm card</li>
<li>Personalised with their name, age and your own message</li>
<li>Printed inside and out if you want a message inside</li>
<li>Comes with a free white envelope</li>
<li>Posted flat in a board-backed envelope so it arrives uncreased</li>
</ul>
<h3>Size &amp; details</h3>
<ul>
<li>Size: printed A4, folded to A5</li>
<li>Card: 350gsm silk art board</li>
<li>Finish: machine cut and folded</li>
<li>Includes: free white envelope</li>
<li>Personalisation: name, age, front message and inside message</li>
</ul>
<h3>Delivery</h3>
<p>Sent Royal Mail 1st Class, dispatched the same day, or the next working day at busy times. It's posted flat in a board-backed envelope.</p>
<p>Buying for a animal lover? Add a personalised mug or poster for a matching gift. Custom card designs on request: call 01439 771468.</p>"
dalmation-card-dogs-and-puppies-happy-birthday,"<p>Our personalised Dalmatian birthday card is a fun way to wish a animal lover happy birthday, with their name and age added to the design.</p>
<h2>Personalised Dalmatian birthday card</h2>
<p>It's a Dalmatian design, personalised with the name and age of the birthday animal lover. We can print inside and out, so add your own inside message when you order. We print exactly what you enter, so please double-check names and spelling.</p>
<h3>Why you'll love it</h3>
<ul>
<li>Printed on 350gsm silk art board, much thicker than the usual 240gsm card</li>
<li>Printed A4 and folded to A5, then machine cut and folded for a crisp finish</li>
<li>Printed inside and out if you want a message inside</li>
<li>Comes with a free white envelope</li>
<li>Posted flat in a board-backed envelope so it arrives uncreased</li>
</ul>
<h3>Size &amp; details</h3>
<ul>
<li>Size: printed A4, folded to A5</li>
<li>Card: 350gsm silk art board</li>
<li>Finish: machine cut and folded</li>
<li>Includes: free white envelope</li>
<li>Personalisation: name, age, front message and inside message</li>
</ul>
<h3>Delivery</h3>
<p>Sent Royal Mail 1st Class, dispatched the same day, or the next working day at busy times. It's posted flat in a board-backed envelope.</p>
<p>Pair the personalised Dalmatian birthday card with a personalised mug for a birthday gift that's sorted in one go. Custom cards on request: call 01439 771468.</p>"
dog-portrait2-dogs-and-puppies-happy-birthday,"<p>Looking for a card for a animal lover? This personalised Dog Portrait birthday card is made to order with the name, age and message you choose.</p>
<h2>Personalised Dog Portrait birthday card</h2>
<p>You get a Dog Portrait design (design 2), printed with the name and age you give us. Want a message inside? Add it when you order and we'll print that as well. We print exactly what you enter, so please double-check names and spelling.</p>
<h3>Why you'll love it</h3>
<ul>
<li>Printed on 350gsm silk art board, much thicker than the usual 240gsm card</li>
<li>Printed A4 and folded to A5, then machine cut and folded for a crisp finish</li>
<li>Personalised with their name, age and your own message</li>
<li>Printed inside and out if you want a message inside</li>
<li>Posted flat in a board-backed envelope so it arrives uncreased</li>
</ul>
<h3>Size &amp; details</h3>
<ul>
<li>Size: printed A4, folded to A5</li>
<li>Card: 350gsm silk art board</li>
<li>Finish: machine cut and folded</li>
<li>Includes: free white envelope</li>
<li>Personalisation: name, age, front message and inside message</li>
</ul>
<h3>Delivery</h3>
<p>Sent Royal Mail 1st Class, dispatched the same day, or the next working day at busy times. It's posted flat in a board-backed envelope.</p>
<p>Pair the personalised Dog Portrait birthday card with a personalised mug for a birthday gift that's sorted in one go. Custom cards on request: call 01439 771468.</p>"
german-shep-dogs-and-puppies-happy-birthday,"<p>Our personalised German Shepherd birthday card is a fun way to wish a animal lover happy birthday, with their name and age added to the design.</p>
<h2>German Shepherd birthday card with name and age</h2>
<p>You get a German Shepherd design, printed with the name and age you give us. Want a message inside? Add it when you order and we'll print that as well. We print exactly what you enter, so please double-check names and spelling.</p>
<h3>Why you'll love it</h3>
<ul>
<li>Printed on 350gsm silk art board, much thicker than the usual 240gsm card</li>
<li>Printed A4 and folded to A5, then machine cut and folded for a crisp finish</li>
<li>Personalised with their name, age and your own message</li>
<li>Comes with a free white envelope</li>
<li>Posted flat in a board-backed envelope so it arrives uncreased</li>
</ul>
<h3>Size &amp; details</h3>
<ul>
<li>Size: printed A4, folded to A5</li>
<li>Card: 350gsm silk art board</li>
<li>Finish: machine cut and folded</li>
<li>Includes: free white envelope</li>
<li>Personalisation: name, age, front message and inside message</li>
</ul>
<h3>Delivery</h3>
<p>Sent Royal Mail 1st Class, dispatched the same day, or the next working day at busy times. It's posted flat in a board-backed envelope.</p>
<p>Can't find the design you're after? We can make a custom birthday card: call 01439 771468.</p>"
labradoor-pup2-dogs-and-puppies-happy-birthday-1,"<p>Looking for a card for a animal lover? This personalised Labrador Pup birthday card is made to order with the name, age and message you choose.</p>
<h2>Personalised Labrador Pup birthday card</h2>
<p>You get a Labrador Pup design (design 2), printed with the name and age you give us. Want a message inside? Add it when you order and we'll print that as well. We print exactly what you enter, so please double-check names and spelling.</p>
<h3>Why you'll love it</h3>
<ul>
<li>Printed on 350gsm silk art board, much thicker than the usual 240gsm card</li>
<li>Personalised with their name, age and your own message</li>
<li>Printed inside and out if you want a message inside</li>
<li>Comes with a free white envelope</li>
<li>Posted flat in a board-backed envelope so it arrives uncreased</li>
</ul>
<h3>Size &amp; details</h3>
<ul>
<li>Size: printed A4, folded to A5</li>
<li>Card: 350gsm silk art board</li>
<li>Finish: machine cut and folded</li>
<li>Includes: free white envelope</li>
<li>Personalisation: name, age, front message and inside message</li>
</ul>
<h3>Delivery</h3>
<p>Sent Royal Mail 1st Class, dispatched the same day, or the next working day at busy times. It's posted flat in a board-backed envelope.</p>
<p>Buying for a animal lover? Add a personalised mug or poster for a matching gift. Custom card designs on request: call 01439 771468.</p>"
labradoor-pup-dogs-and-puppies-happy-birthday-1,"<p>Make their day with a personalised Labrador Pup birthday card, printed on thick card in our North Yorkshire workshop and posted 1st Class.</p>
<h2>Personalised Labrador Pup birthday card</h2>
<p>You get a Labrador Pup design (design 1), printed with the name and age you give us. Want a message inside? Add it when you order and we'll print that as well. We print exactly what you enter, so please double-check names and spelling.</p>
<h3>Why you'll love it</h3>
<ul>
<li>Printed on 350gsm silk art board, much thicker than the usual 240gsm card</li>
<li>Printed A4 and folded to A5, then machine cut and folded for a crisp finish</li>
<li>Printed inside and out if you want a message inside</li>
<li>Comes with a free white envelope</li>
<li>Posted flat in a board-backed envelope so it arrives uncreased</li>
</ul>
<h3>Size &amp; details</h3>
<ul>
<li>Size: printed A4, folded to A5</li>
<li>Card: 350gsm silk art board</li>
<li>Finish: machine cut and folded</li>
<li>Includes: free white envelope</li>
<li>Personalisation: name, age, front message and inside message</li>
</ul>
<h3>Delivery</h3>
<p>Sent Royal Mail 1st Class, dispatched the same day, or the next working day at busy times. It's posted flat in a board-backed envelope.</p>
<p>Can't find the design you're after? We can make a custom birthday card: call 01439 771468.</p>"
mathezer-puppy-dogs-and-puppies-happy-birthday,"<p>Our personalised Mathezer Puppy birthday card is a fun way to wish a animal lover happy birthday, with their name and age added to the design.</p>
<h2>Personalised Mathezer Puppy birthday card</h2>
<p>The front shows a Mathezer Puppy design. Add the birthday name, age and your own front message when you order, and we can print a message inside too. We print exactly what you enter, so please double-check names and spelling.</p>
<h3>Why you'll love it</h3>
<ul>
<li>Printed on 350gsm silk art board, much thicker than the usual 240gsm card</li>
<li>Personalised with their name, age and your own message</li>
<li>Printed inside and out if you want a message inside</li>
<li>Comes with a free white envelope</li>
<li>Posted flat in a board-backed envelope so it arrives uncreased</li>
</ul>
<h3>Size &amp; details</h3>
<ul>
<li>Size: printed A4, folded to A5</li>
<li>Card: 350gsm silk art board</li>
<li>Finish: machine cut and folded</li>
<li>Includes: free white envelope</li>
<li>Personalisation: name, age, front message and inside message</li>
</ul>
<h3>Delivery</h3>
<p>Sent Royal Mail 1st Class, dispatched the same day, or the next working day at busy times. It's posted flat in a board-backed envelope.</p>
<p>Buying for a animal lover? Add a personalised mug or poster for a matching gift. Custom card designs on request: call 01439 771468.</p>"
puppy1-dogs-and-puppies-happy-birthday,"<p>Looking for a card for a animal lover? This personalised Puppy birthday card is made to order with the name, age and message you choose.</p>
<h2>Personalised Puppy birthday card</h2>
<p>You get a Puppy design (design 1), printed with the name and age you give us. Want a message inside? Add it when you order and we'll print that as well. We print exactly what you enter, so please double-check names and spelling.</p>
<h3>Why you'll love it</h3>
<ul>
<li>Printed on 350gsm silk art board, much thicker than the usual 240gsm card</li>
<li>Printed A4 and folded to A5, then machine cut and folded for a crisp finish</li>
<li>Personalised with their name, age and your own message</li>
<li>Printed inside and out if you want a message inside</li>
<li>Posted flat in a board-backed envelope so it arrives uncreased</li>
</ul>
<h3>Size &amp; details</h3>
<ul>
<li>Size: printed A4, folded to A5</li>
<li>Card: 350gsm silk art board</li>
<li>Finish: machine cut and folded</li>
<li>Includes: free white envelope</li>
<li>Personalisation: name, age, front message and inside message</li>
</ul>
<h3>Delivery</h3>
<p>Sent Royal Mail 1st Class, dispatched the same day, or the next working day at busy times. It's posted flat in a board-backed envelope.</p>
<p>Buying for a animal lover? Add a personalised mug or poster for a matching gift. Custom card designs on request: call 01439 771468.</p>"
puppy2-dogs-and-puppies-happy-birthday,"<p>Looking for a card for a animal lover? This personalised Puppy birthday card is made to order with the name, age and message you choose.</p>
<h2>Personalised Puppy birthday card</h2>
<p>The front shows a Puppy design (design 2). Add the birthday name, age and your own front message when you order, and we can print a message inside too. We print exactly what you enter, so please double-check names and spelling.</p>
<h3>Why you'll love it</h3>
<ul>
<li>Printed on 350gsm silk art board, much thicker than the usual 240gsm card</li>
<li>Personalised with their name, age and your own message</li>
<li>Printed inside and out if you want a message inside</li>
<li>Comes with a free white envelope</li>
<li>Posted flat in a board-backed envelope so it arrives uncreased</li>
</ul>
<h3>Size &amp; details</h3>
<ul>
<li>Size: printed A4, folded to A5</li>
<li>Card: 350gsm silk art board</li>
<li>Finish: machine cut and folded</li>
<li>Includes: free white envelope</li>
<li>Personalisation: name, age, front message and inside message</li>
</ul>
<h3>Delivery</h3>
<p>Sent Royal Mail 1st Class, dispatched the same day, or the next working day at busy times. It's posted flat in a board-backed envelope.</p>
<p>Can't find the design you're after? We can make a custom birthday card: call 01439 771468.</p>"
puppy3-dogs-and-puppies-happy-birthday,"<p>Looking for a card for a animal lover? This personalised Puppy birthday card is made to order with the name, age and message you choose.</p>
<h2>Puppy birthday card with name and age</h2>
<p>You get a Puppy design (design 3), printed with the name and age you give us. Want a message inside? Add it when you order and we'll print that as well. We print exactly what you enter, so please double-check names and spelling.</p>
<h3>Why you'll love it</h3>
<ul>
<li>Printed on 350gsm silk art board, much thicker than the usual 240gsm card</li>
<li>Printed A4 and folded to A5, then machine cut and folded for a crisp finish</li>
<li>Printed inside and out if you want a message inside</li>
<li>Comes with a free white envelope</li>
<li>Posted flat in a board-backed envelope so it arrives uncreased</li>
</ul>
<h3>Size &amp; details</h3>
<ul>
<li>Size: printed A4, folded to A5</li>
<li>Card: 350gsm silk art board</li>
<li>Finish: machine cut and folded</li>
<li>Includes: free white envelope</li>
<li>Personalisation: name, age, front message and inside message</li>
</ul>
<h3>Delivery</h3>
<p>Sent Royal Mail 1st Class, dispatched the same day, or the next working day at busy times. It's posted flat in a board-backed envelope.</p>
<p>Buying for a animal lover? Add a personalised mug or poster for a matching gift. Custom card designs on request: call 01439 771468.</p>"
puppy4-dogs-and-puppies-happy-birthday,"<p>Our personalised Puppy birthday card is a fun way to wish a animal lover happy birthday, with their name and age added to the design.</p>
<h2>Puppy birthday card with name and age</h2>
<p>It's a Puppy design (design 4), personalised with the name and age of the birthday animal lover. We can print inside and out, so add your own inside message when you order. We print exactly what you enter, so please double-check names and spelling.</p>
<h3>Why you'll love it</h3>
<ul>
<li>Printed on 350gsm silk art board, much thicker than the usual 240gsm card</li>
<li>Personalised with their name, age and your own message</li>
<li>Printed inside and out if you want a message inside</li>
<li>Comes with a free white envelope</li>
<li>Posted flat in a board-backed envelope so it arrives uncreased</li>
</ul>
<h3>Size &amp; details</h3>
<ul>
<li>Size: printed A4, folded to A5</li>
<li>Card: 350gsm silk art board</li>
<li>Finish: machine cut and folded</li>
<li>Includes: free white envelope</li>
<li>Personalisation: name, age, front message and inside message</li>
</ul>
<h3>Delivery</h3>
<p>Sent Royal Mail 1st Class, dispatched the same day, or the next working day at busy times. It's posted flat in a board-backed envelope.</p>
<p>Can't find the design you're after? We can make a custom birthday card: call 01439 771468.</p>"
puppy5-dogs-and-puppies-happy-birthday,"<p>Make their day with a personalised Puppy birthday card, printed on thick card in our North Yorkshire workshop and posted 1st Class.</p>
<h2>Personalised Puppy birthday card</h2>
<p>It's a Puppy design (design 5), personalised with the name and age of the birthday animal lover. We can print inside and out, so add your own inside message when you order. We print exactly what you enter, so please double-check names and spelling.</p>
<h3>Why you'll love it</h3>
<ul>
<li>Printed on 350gsm silk art board, much thicker than the usual 240gsm card</li>
<li>Personalised with their name, age and your own message</li>
<li>Printed inside and out if you want a message inside</li>
<li>Comes with a free white envelope</li>
<li>Posted flat in a board-backed envelope so it arrives uncreased</li>
</ul>
<h3>Size &amp; details</h3>
<ul>
<li>Size: printed A4, folded to A5</li>
<li>Card: 350gsm silk art board</li>
<li>Finish: machine cut and folded</li>
<li>Includes: free white envelope</li>
<li>Personalisation: name, age, front message and inside message</li>
</ul>
<h3>Delivery</h3>
<p>Sent Royal Mail 1st Class, dispatched the same day, or the next working day at busy times. It's posted flat in a board-backed envelope.</p>
<p>Pair the personalised Puppy birthday card with a personalised mug for a birthday gift that's sorted in one go. Custom cards on request: call 01439 771468.</p>"
puppy6-dogs-and-puppies-happy-birthday,"<p>Make their day with a personalised Puppy birthday card, printed on thick card in our North Yorkshire workshop and posted 1st Class.</p>
<h2>Personalised Puppy birthday card</h2>
<p>It's a Puppy design (design 6), personalised with the name and age of the birthday animal lover. We can print inside and out, so add your own inside message when you order. We print exactly what you enter, so please double-check names and spelling.</p>
<h3>Why you'll love it</h3>
<ul>
<li>Printed on 350gsm silk art board, much thicker than the usual 240gsm card</li>
<li>Printed A4 and folded to A5, then machine cut and folded for a crisp finish</li>
<li>Printed inside and out if you want a message inside</li>
<li>Comes with a free white envelope</li>
<li>Posted flat in a board-backed envelope so it arrives uncreased</li>
</ul>
<h3>Size &amp; details</h3>
<ul>
<li>Size: printed A4, folded to A5</li>
<li>Card: 350gsm silk art board</li>
<li>Finish: machine cut and folded</li>
<li>Includes: free white envelope</li>
<li>Personalisation: name, age, front message and inside message</li>
</ul>
<h3>Delivery</h3>
<p>Sent Royal Mail 1st Class, dispatched the same day, or the next working day at busy times. It's posted flat in a board-backed envelope.</p>
<p>Pair the personalised Puppy birthday card with a personalised mug for a birthday gift that's sorted in one go. Custom cards on request: call 01439 771468.</p>"
puppy7-dogs-and-puppies-happy-birthday,"<p>Make their day with a personalised Puppy birthday card, printed on thick card in our North Yorkshire workshop and posted 1st Class.</p>
<h2>Personalised Puppy birthday card</h2>
<p>The front shows a Puppy design (design 7). Add the birthday name, age and your own front message when you order, and we can print a message inside too. We print exactly what you enter, so please double-check names and spelling.</p>
<h3>Why you'll love it</h3>
<ul>
<li>Printed on 350gsm silk art board, much thicker than the usual 240gsm card</li>
<li>Printed A4 and folded to A5, then machine cut and folded for a crisp finish</li>
<li>Printed inside and out if you want a message inside</li>
<li>Comes with a free white envelope</li>
<li>Posted flat in a board-backed envelope so it arrives uncreased</li>
</ul>
<h3>Size &amp; details</h3>
<ul>
<li>Size: printed A4, folded to A5</li>
<li>Card: 350gsm silk art board</li>
<li>Finish: machine cut and folded</li>
<li>Includes: free white envelope</li>
<li>Personalisation: name, age, front message and inside message</li>
</ul>
<h3>Delivery</h3>
<p>Sent Royal Mail 1st Class, dispatched the same day, or the next working day at busy times. It's posted flat in a board-backed envelope.</p>
<p>Pair the personalised Puppy birthday card with a personalised mug for a birthday gift that's sorted in one go. Custom cards on request: call 01439 771468.</p>"
puppy8-dogs-and-puppies-happy-birthday,"<p>Looking for a card for a animal lover? This personalised Puppy birthday card is made to order with the name, age and message you choose.</p>
<h2>Personalised Puppy birthday card</h2>
<p>It's a Puppy design (design 8), personalised with the name and age of the birthday animal lover. We can print inside and out, so add your own inside message when you order. We print exactly what you enter, so please double-check names and spelling.</p>
<h3>Why you'll love it</h3>
<ul>
<li>Printed on 350gsm silk art board, much thicker than the usual 240gsm card</li>
<li>Printed A4 and folded to A5, then machine cut and folded for a crisp finish</li>
<li>Personalised with their name, age and your own message</li>
<li>Printed inside and out if you want a message inside</li>
<li>Posted flat in a board-backed envelope so it arrives uncreased</li>
</ul>
<h3>Size &amp; details</h3>
<ul>
<li>Size: printed A4, folded to A5</li>
<li>Card: 350gsm silk art board</li>
<li>Finish: machine cut and folded</li>
<li>Includes: free white envelope</li>
<li>Personalisation: name, age, front message and inside message</li>
</ul>
<h3>Delivery</h3>
<p>Sent Royal Mail 1st Class, dispatched the same day, or the next working day at busy times. It's posted flat in a board-backed envelope.</p>
<p>Pair the personalised Puppy birthday card with a personalised mug for a birthday gift that's sorted in one go. Custom cards on request: call 01439 771468.</p>"
puppy-boot-dogs-and-puppies-happy-birthday,"<p>Our personalised Puppy Boot birthday card is a fun way to wish a animal lover happy birthday, with their name and age added to the design.</p>
<h2>Personalised Puppy Boot birthday card</h2>
<p>It's a Puppy Boot design, personalised with the name and age of the birthday animal lover. We can print inside and out, so add your own inside message when you order. We print exactly what you enter, so please double-check names and spelling.</p>
<h3>Why you'll love it</h3>
<ul>
<li>Printed on 350gsm silk art board, much thicker than the usual 240gsm card</li>
<li>Printed A4 and folded to A5, then machine cut and folded for a crisp finish</li>
<li>Personalised with their name, age and your own message</li>
<li>Printed inside and out if you want a message inside</li>
<li>Posted flat in a board-backed envelope so it arrives uncreased</li>
</ul>
<h3>Size &amp; details</h3>
<ul>
<li>Size: printed A4, folded to A5</li>
<li>Card: 350gsm silk art board</li>
<li>Finish: machine cut and folded</li>
<li>Includes: free white envelope</li>
<li>Personalisation: name, age, front message and inside message</li>
</ul>
<h3>Delivery</h3>
<p>Sent Royal Mail 1st Class, dispatched the same day, or the next working day at busy times. It's posted flat in a board-backed envelope.</p>
<p>Can't find the design you're after? We can make a custom birthday card: call 01439 771468.</p>"
white-puppy-dogs-and-puppies-happy-birthday,"<p>Looking for a card for a animal lover? This personalised White Puppy birthday card is made to order with the name, age and message you choose.</p>
<h2>White Puppy birthday card with name and age</h2>
<p>The front shows a White Puppy design. Add the birthday name, age and your own front message when you order, and we can print a message inside too. We print exactly what you enter, so please double-check names and spelling.</p>
<h3>Why you'll love it</h3>
<ul>
<li>Printed on 350gsm silk art board, much thicker than the usual 240gsm card</li>
<li>Printed A4 and folded to A5, then machine cut and folded for a crisp finish</li>
<li>Personalised with their name, age and your own message</li>
<li>Printed inside and out if you want a message inside</li>
<li>Comes with a free white envelope</li>
</ul>
<h3>Size &amp; details</h3>
<ul>
<li>Size: printed A4, folded to A5</li>
<li>Card: 350gsm silk art board</li>
<li>Finish: machine cut and folded</li>
<li>Includes: free white envelope</li>
<li>Personalisation: name, age, front message and inside message</li>
</ul>
<h3>Delivery</h3>
<p>Sent Royal Mail 1st Class, dispatched the same day, or the next working day at busy times. It's posted flat in a board-backed envelope.</p>
<p>Can't find the design you're after? We can make a custom birthday card: call 01439 771468.</p>"
yorkshire-terrier2-dogs-and-puppies-happy-birthday,"<p>Make their day with a personalised Yorkshire Terrier birthday card, printed on thick card in our North Yorkshire workshop and posted 1st Class.</p>
<h2>Personalised Yorkshire Terrier birthday card</h2>
<p>The front shows a Yorkshire Terrier design (design 2). Add the birthday name, age and your own front message when you order, and we can print a message inside too. We print exactly what you enter, so please double-check names and spelling.</p>
<h3>Why you'll love it</h3>
<ul>
<li>Printed on 350gsm silk art board, much thicker than the usual 240gsm card</li>
<li>Printed A4 and folded to A5, then machine cut and folded for a crisp finish</li>
<li>Personalised with their name, age and your own message</li>
<li>Comes with a free white envelope</li>
<li>Posted flat in a board-backed envelope so it arrives uncreased</li>
</ul>
<h3>Size &amp; details</h3>
<ul>
<li>Size: printed A4, folded to A5</li>
<li>Card: 350gsm silk art board</li>
<li>Finish: machine cut and folded</li>
<li>Includes: free white envelope</li>
<li>Personalisation: name, age, front message and inside message</li>
</ul>
<h3>Delivery</h3>
<p>Sent Royal Mail 1st Class, dispatched the same day, or the next working day at busy times. It's posted flat in a board-backed envelope.</p>
<p>Pair the personalised Yorkshire Terrier birthday card with a personalised mug for a birthday gift that's sorted in one go. Custom cards on request: call 01439 771468.</p>"
yorkshire-terrier-dogs-and-puppies-happy-birthday,"<p>Our personalised Yorkshire Terrier birthday card is a fun way to wish a animal lover happy birthday, with their name and age added to the design.</p>
<h2>Personalised Yorkshire Terrier birthday card</h2>
<p>You get a Yorkshire Terrier design, printed with the name and age you give us. Want a message inside? Add it when you order and we'll print that as well. We print exactly what you enter, so please double-check names and spelling.</p>
<h3>Why you'll love it</h3>
<ul>
<li>Printed on 350gsm silk art board, much thicker than the usual 240gsm card</li>
<li>Printed A4 and folded to A5, then machine cut and folded for a crisp finish</li>
<li>Personalised with their name, age and your own message</li>
<li>Printed inside and out if you want a message inside</li>
<li>Comes with a free white envelope</li>
</ul>
<h3>Size &amp; details</h3>
<ul>
<li>Size: printed A4, folded to A5</li>
<li>Card: 350gsm silk art board</li>
<li>Finish: machine cut and folded</li>
<li>Includes: free white envelope</li>
<li>Personalisation: name, age, front message and inside message</li>
</ul>
<h3>Delivery</h3>
<p>Sent Royal Mail 1st Class, dispatched the same day, or the next working day at busy times. It's posted flat in a board-backed envelope.</p>
<p>Buying for a animal lover? Add a personalised mug or poster for a matching gift. Custom card designs on request: call 01439 771468.</p>"
animal-drinking-funny-birthday-card,"<p>Make their day with a personalised Animal Drinking birthday card, printed on thick card in our North Yorkshire workshop and posted 1st Class.</p>
<h2>Animal Drinking birthday card with name and age</h2>
<p>It's a Animal Drinking design, personalised with the name and age of the birthday animal lover. We can print inside and out, so add your own inside message when you order. We print exactly what you enter, so please double-check names and spelling.</p>
<h3>Why you'll love it</h3>
<ul>
<li>Printed on 350gsm silk art board, much thicker than the usual 240gsm card</li>
<li>Printed A4 and folded to A5, then machine cut and folded for a crisp finish</li>
<li>Printed inside and out if you want a message inside</li>
<li>Comes with a free white envelope</li>
<li>Posted flat in a board-backed envelope so it arrives uncreased</li>
</ul>
<h3>Size &amp; details</h3>
<ul>
<li>Size: printed A4, folded to A5</li>
<li>Card: 350gsm silk art board</li>
<li>Finish: machine cut and folded</li>
<li>Includes: free white envelope</li>
<li>Personalisation: name, age, front message and inside message</li>
</ul>
<h3>Delivery</h3>
<p>Sent Royal Mail 1st Class, dispatched the same day, or the next working day at busy times. It's posted flat in a board-backed envelope.</p>
<p>Buying for a animal lover? Add a personalised mug or poster for a matching gift. Custom card designs on request: call 01439 771468.</p>"
big-eyed-kitten-birthday-card,"<p>Looking for a card for a animal lover? This personalised Big Eyed Kitten birthday card is made to order with the name, age and message you choose.</p>
<h2>Personalised Big Eyed Kitten birthday card</h2>
<p>You get a Big Eyed Kitten design, printed with the name and age you give us. Want a message inside? Add it when you order and we'll print that as well. We print exactly what you enter, so please double-check names and spelling.</p>
<h3>Why you'll love it</h3>
<ul>
<li>Printed on 350gsm silk art board, much thicker than the usual 240gsm card</li>
<li>Printed A4 and folded to A5, then machine cut and folded for a crisp finish</li>
<li>Printed inside and out if you want a message inside</li>
<li>Comes with a free white envelope</li>
<li>Posted flat in a board-backed envelope so it arrives uncreased</li>
</ul>
<h3>Size &amp; details</h3>
<ul>
<li>Size: printed A4, folded to A5</li>
<li>Card: 350gsm silk art board</li>
<li>Finish: machine cut and folded</li>
<li>Includes: free white envelope</li>
<li>Personalisation: name, age, front message and inside message</li>
</ul>
<h3>Delivery</h3>
<p>Sent Royal Mail 1st Class, dispatched the same day, or the next working day at busy times. It's posted flat in a board-backed envelope.</p>
<p>Can't find the design you're after? We can make a custom birthday card: call 01439 771468.</p>"
dog-at-gunpoint-funny-birthday-card,"<p>Looking for a card for a animal lover? This personalised Dog At Gunpoint birthday card is made to order with the name, age and message you choose.</p>
<h2>Dog At Gunpoint birthday card with name and age</h2>
<p>You get a Dog At Gunpoint design, printed with the name and age you give us. Want a message inside? Add it when you order and we'll print that as well. We print exactly what you enter, so please double-check names and spelling.</p>
<h3>Why you'll love it</h3>
<ul>
<li>Printed on 350gsm silk art board, much thicker than the usual 240gsm card</li>
<li>Printed A4 and folded to A5, then machine cut and folded for a crisp finish</li>
<li>Personalised with their name, age and your own message</li>
<li>Printed inside and out if you want a message inside</li>
<li>Posted flat in a board-backed envelope so it arrives uncreased</li>
</ul>
<h3>Size &amp; details</h3>
<ul>
<li>Size: printed A4, folded to A5</li>
<li>Card: 350gsm silk art board</li>
<li>Finish: machine cut and folded</li>
<li>Includes: free white envelope</li>
<li>Personalisation: name, age, front message and inside message</li>
</ul>
<h3>Delivery</h3>
<p>Sent Royal Mail 1st Class, dispatched the same day, or the next working day at busy times. It's posted flat in a board-backed envelope.</p>
<p>Buying for a animal lover? Add a personalised mug or poster for a matching gift. Custom card designs on request: call 01439 771468.</p>"
funny-monkey-black-and-white-birthday-card,"<p>Make their day with a personalised Monkey Black And White birthday card, printed on thick card in our North Yorkshire workshop and posted 1st Class.</p>
<h2>Monkey Black And White birthday card with name and age</h2>
<p>The front shows a Monkey Black And White design. Add the birthday name, age and your own front message when you order, and we can print a message inside too. We print exactly what you enter, so please double-check names and spelling.</p>
<h3>Why you'll love it</h3>
<ul>
<li>Printed on 350gsm silk art board, much thicker than the usual 240gsm card</li>
<li>Personalised with their name, age and your own message</li>
<li>Printed inside and out if you want a message inside</li>
<li>Comes with a free white envelope</li>
<li>Posted flat in a board-backed envelope so it arrives uncreased</li>
</ul>
<h3>Size &amp; details</h3>
<ul>
<li>Size: printed A4, folded to A5</li>
<li>Card: 350gsm silk art board</li>
<li>Finish: machine cut and folded</li>
<li>Includes: free white envelope</li>
<li>Personalisation: name, age, front message and inside message</li>
</ul>
<h3>Delivery</h3>
<p>Sent Royal Mail 1st Class, dispatched the same day, or the next working day at busy times. It's posted flat in a board-backed envelope.</p>
<p>Pair the personalised Monkey Black And White birthday card with a personalised mug for a birthday gift that's sorted in one go. Custom cards on request: call 01439 771468.</p>"
funny-monkey-hugging-tree-birthday-card,"<p>Looking for a card for a animal lover? This personalised Monkey Hugging Tree birthday card is made to order with the name, age and message you choose.</p>
<h2>Personalised Monkey Hugging Tree birthday card</h2>
<p>The front shows a Monkey Hugging Tree design. Add the birthday name, age and your own front message when you order, and we can print a message inside too. We print exactly what you enter, so please double-check names and spelling.</p>
<h3>Why you'll love it</h3>
<ul>
<li>Printed on 350gsm silk art board, much thicker than the usual 240gsm card</li>
<li>Printed A4 and folded to A5, then machine cut and folded for a crisp finish</li>
<li>Personalised with their name, age and your own message</li>
<li>Printed inside and out if you want a message inside</li>
<li>Posted flat in a board-backed envelope so it arrives uncreased</li>
</ul>
<h3>Size &amp; details</h3>
<ul>
<li>Size: printed A4, folded to A5</li>
<li>Card: 350gsm silk art board</li>
<li>Finish: machine cut and folded</li>
<li>Includes: free white envelope</li>
<li>Personalisation: name, age, front message and inside message</li>
</ul>
<h3>Delivery</h3>
<p>Sent Royal Mail 1st Class, dispatched the same day, or the next working day at busy times. It's posted flat in a board-backed envelope.</p>
<p>Pair the personalised Monkey Hugging Tree birthday card with a personalised mug for a birthday gift that's sorted in one go. Custom cards on request: call 01439 771468.</p>"
giraffe-funny-new-birthday-card,"<p>Make their day with a personalised Giraffe birthday card, printed on thick card in our North Yorkshire workshop and posted 1st Class.</p>
<h2>Giraffe birthday card with name and age</h2>
<p>You get a Giraffe design, printed with the name and age you give us. Want a message inside? Add it when you order and we'll print that as well. We print exactly what you enter, so please double-check names and spelling.</p>
<h3>Why you'll love it</h3>
<ul>
<li>Printed on 350gsm silk art board, much thicker than the usual 240gsm card</li>
<li>Printed A4 and folded to A5, then machine cut and folded for a crisp finish</li>
<li>Personalised with their name, age and your own message</li>
<li>Printed inside and out if you want a message inside</li>
<li>Posted flat in a board-backed envelope so it arrives uncreased</li>
</ul>
<h3>Size &amp; details</h3>
<ul>
<li>Size: printed A4, folded to A5</li>
<li>Card: 350gsm silk art board</li>
<li>Finish: machine cut and folded</li>
<li>Includes: free white envelope</li>
<li>Personalisation: name, age, front message and inside message</li>
</ul>
<h3>Delivery</h3>
<p>Sent Royal Mail 1st Class, dispatched the same day, or the next working day at busy times. It's posted flat in a board-backed envelope.</p>
<p>Buying for a animal lover? Add a personalised mug or poster for a matching gift. Custom card designs on request: call 01439 771468.</p>"
group-of-cute-kittens-birthday-card,"<p>Our personalised Group Of Cute Kittens birthday card is a fun way to wish a animal lover happy birthday, with their name and age added to the design.</p>
<h2>Group Of Cute Kittens birthday card with name and age</h2>
<p>It's a Group Of Cute Kittens design, personalised with the name and age of the birthday animal lover. We can print inside and out, so add your own inside message when you order. We print exactly what you enter, so please double-check names and spelling.</p>
<h3>Why you'll love it</h3>
<ul>
<li>Printed on 350gsm silk art board, much thicker than the usual 240gsm card</li>
<li>Printed A4 and folded to A5, then machine cut and folded for a crisp finish</li>
<li>Personalised with their name, age and your own message</li>
<li>Printed inside and out if you want a message inside</li>
<li>Posted flat in a board-backed envelope so it arrives uncreased</li>
</ul>
<h3>Size &amp; details</h3>
<ul>
<li>Size: printed A4, folded to A5</li>
<li>Card: 350gsm silk art board</li>
<li>Finish: machine cut and folded</li>
<li>Includes: free white envelope</li>
<li>Personalisation: name, age, front message and inside message</li>
</ul>
<h3>Delivery</h3>
<p>Sent Royal Mail 1st Class, dispatched the same day, or the next working day at busy times. It's posted flat in a board-backed envelope.</p>
<p>Pair the personalised Group Of Cute Kittens birthday card with a personalised mug for a birthday gift that's sorted in one go. Custom cards on request: call 01439 771468.</p>"
gumpy-dog-funny-birthday-card,"<p>Looking for a card for a animal lover? This personalised Grumpy Dog birthday card is made to order with the name, age and message you choose.</p>
<h2>Personalised Grumpy Dog birthday card</h2>
<p>The front shows a Grumpy Dog design. Add the birthday name, age and your own front message when you order, and we can print a message inside too. We print exactly what you enter, so please double-check names and spelling.</p>
<h3>Why you'll love it</h3>
<ul>
<li>Printed on 350gsm silk art board, much thicker than the usual 240gsm card</li>
<li>Printed A4 and folded to A5, then machine cut and folded for a crisp finish</li>
<li>Personalised with their name, age and your own message</li>
<li>Comes with a free white envelope</li>
<li>Posted flat in a board-backed envelope so it arrives uncreased</li>
</ul>
<h3>Size &amp; details</h3>
<ul>
<li>Size: printed A4, folded to A5</li>
<li>Card: 350gsm silk art board</li>
<li>Finish: machine cut and folded</li>
<li>Includes: free white envelope</li>
<li>Personalisation: name, age, front message and inside message</li>
</ul>
<h3>Delivery</h3>
<p>Sent Royal Mail 1st Class, dispatched the same day, or the next working day at busy times. It's posted flat in a board-backed envelope.</p>
<p>Buying for a animal lover? Add a personalised mug or poster for a matching gift. Custom card designs on request: call 01439 771468.</p>"
hamster-running-funny-birthday-card,"<p>Make their day with a personalised Hamster Running birthday card, printed on thick card in our North Yorkshire workshop and posted 1st Class.</p>
<h2>Hamster Running birthday card with name and age</h2>
<p>You get a Hamster Running design, printed with the name and age you give us. Want a message inside? Add it when you order and we'll print that as well. We print exactly what you enter, so please double-check names and spelling.</p>
<h3>Why you'll love it</h3>
<ul>
<li>Printed on 350gsm silk art board, much thicker than the usual 240gsm card</li>
<li>Printed A4 and folded to A5, then machine cut and folded for a crisp finish</li>
<li>Printed inside and out if you want a message inside</li>
<li>Comes with a free white envelope</li>
<li>Posted flat in a board-backed envelope so it arrives uncreased</li>
</ul>
<h3>Size &amp; details</h3>
<ul>
<li>Size: printed A4, folded to A5</li>
<li>Card: 350gsm silk art board</li>
<li>Finish: machine cut and folded</li>
<li>Includes: free white envelope</li>
<li>Personalisation: name, age, front message and inside message</li>
</ul>
<h3>Delivery</h3>
<p>Sent Royal Mail 1st Class, dispatched the same day, or the next working day at busy times. It's posted flat in a board-backed envelope.</p>
<p>Pair the personalised Hamster Running birthday card with a personalised mug for a birthday gift that's sorted in one go. Custom cards on request: call 01439 771468.</p>"
large-pig-funny-birthday-card,"<p>Make their day with a personalised Large Pig birthday card, printed on thick card in our North Yorkshire workshop and posted 1st Class.</p>
<h2>Large Pig birthday card with name and age</h2>
<p>The front shows a Large Pig design. Add the birthday name, age and your own front message when you order, and we can print a message inside too. We print exactly what you enter, so please double-check names and spelling.</p>
<h3>Why you'll love it</h3>
<ul>
<li>Printed A4 and folded to A5, then machine cut and folded for a crisp finish</li>
<li>Personalised with their name, age and your own message</li>
<li>Printed inside and out if you want a message inside</li>
<li>Comes with a free white envelope</li>
<li>Posted flat in a board-backed envelope so it arrives uncreased</li>
</ul>
<h3>Size &amp; details</h3>
<ul>
<li>Size: printed A4, folded to A5</li>
<li>Card: 350gsm silk art board</li>
<li>Finish: machine cut and folded</li>
<li>Includes: free white envelope</li>
<li>Personalisation: name, age, front message and inside message</li>
</ul>
<h3>Delivery</h3>
<p>Sent Royal Mail 1st Class, dispatched the same day, or the next working day at busy times. It's posted flat in a board-backed envelope.</p>
<p>Buying for a animal lover? Add a personalised mug or poster for a matching gift. Custom card designs on request: call 01439 771468.</p>"
pug-smiling-funny-birthday-card,"<p>Make their day with a personalised Pug Smiling birthday card, printed on thick card in our North Yorkshire workshop and posted 1st Class.</p>
<h2>Personalised Pug Smiling birthday card</h2>
<p>The front shows a Pug Smiling design. Add the birthday name, age and your own front message when you order, and we can print a message inside too. We print exactly what you enter, so please double-check names and spelling.</p>
<h3>Why you'll love it</h3>
<ul>
<li>Printed A4 and folded to A5, then machine cut and folded for a crisp finish</li>
<li>Personalised with their name, age and your own message</li>
<li>Printed inside and out if you want a message inside</li>
<li>Comes with a free white envelope</li>
<li>Posted flat in a board-backed envelope so it arrives uncreased</li>
</ul>
<h3>Size &amp; details</h3>
<ul>
<li>Size: printed A4, folded to A5</li>
<li>Card: 350gsm silk art board</li>
<li>Finish: machine cut and folded</li>
<li>Includes: free white envelope</li>
<li>Personalisation: name, age, front message and inside message</li>
</ul>
<h3>Delivery</h3>
<p>Sent Royal Mail 1st Class, dispatched the same day, or the next working day at busy times. It's posted flat in a board-backed envelope.</p>
<p>Can't find the design you're after? We can make a custom birthday card: call 01439 771468.</p>"
rabbit-at-desk-funny-birthday-card,"<p>Make their day with a personalised Rabbit At Desk birthday card, printed on thick card in our North Yorkshire workshop and posted 1st Class.</p>
<h2>Personalised Rabbit At Desk birthday card</h2>
<p>You get a Rabbit At Desk design, printed with the name and age you give us. Want a message inside? Add it when you order and we'll print that as well. We print exactly what you enter, so please double-check names and spelling.</p>
<h3>Why you'll love it</h3>
<ul>
<li>Printed on 350gsm silk art board, much thicker than the usual 240gsm card</li>
<li>Printed A4 and folded to A5, then machine cut and folded for a crisp finish</li>
<li>Personalised with their name, age and your own message</li>
<li>Comes with a free white envelope</li>
<li>Posted flat in a board-backed envelope so it arrives uncreased</li>
</ul>
<h3>Size &amp; details</h3>
<ul>
<li>Size: printed A4, folded to A5</li>
<li>Card: 350gsm silk art board</li>
<li>Finish: machine cut and folded</li>
<li>Includes: free white envelope</li>
<li>Personalisation: name, age, front message and inside message</li>
</ul>
<h3>Delivery</h3>
<p>Sent Royal Mail 1st Class, dispatched the same day, or the next working day at busy times. It's posted flat in a board-backed envelope.</p>
<p>Can't find the design you're after? We can make a custom birthday card: call 01439 771468.</p>"
baby-seal-funny-birthday-card,"<p>Make their day with a personalised Baby Seal birthday card, printed on thick card in our North Yorkshire workshop and posted 1st Class.</p>
<h2>Personalised Baby Seal birthday card</h2>
<p>The front shows a Baby Seal design. Add the birthday name, age and your own front message when you order, and we can print a message inside too. We print exactly what you enter, so please double-check names and spelling.</p>
<h3>Why you'll love it</h3>
<ul>
<li>Printed on 350gsm silk art board, much thicker than the usual 240gsm card</li>
<li>Printed A4 and folded to A5, then machine cut and folded for a crisp finish</li>
<li>Printed inside and out if you want a message inside</li>
<li>Comes with a free white envelope</li>
<li>Posted flat in a board-backed envelope so it arrives uncreased</li>
</ul>
<h3>Size &amp; details</h3>
<ul>
<li>Size: printed A4, folded to A5</li>
<li>Card: 350gsm silk art board</li>
<li>Finish: machine cut and folded</li>
<li>Includes: free white envelope</li>
<li>Personalisation: name, age, front message and inside message</li>
</ul>
<h3>Delivery</h3>
<p>Sent Royal Mail 1st Class, dispatched the same day, or the next working day at busy times. It's posted flat in a board-backed envelope.</p>
<p>Can't find the design you're after? We can make a custom birthday card: call 01439 771468.</p>"
dog-glasses-funny-birthday-card,"<p>Our personalised Dog Glasses birthday card is a fun way to wish a animal lover happy birthday, with their name and age added to the design.</p>
<h2>Dog Glasses birthday card with name and age</h2>
<p>The front shows a Dog Glasses design. Add the birthday name, age and your own front message when you order, and we can print a message inside too. We print exactly what you enter, so please double-check names and spelling.</p>
<h3>Why you'll love it</h3>
<ul>
<li>Printed on 350gsm silk art board, much thicker than the usual 240gsm card</li>
<li>Personalised with their name, age and your own message</li>
<li>Printed inside and out if you want a message inside</li>
<li>Comes with a free white envelope</li>
<li>Posted flat in a board-backed envelope so it arrives uncreased</li>
</ul>
<h3>Size &amp; details</h3>
<ul>
<li>Size: printed A4, folded to A5</li>
<li>Card: 350gsm silk art board</li>
<li>Finish: machine cut and folded</li>
<li>Includes: free white envelope</li>
<li>Personalisation: name, age, front message and inside message</li>
</ul>
<h3>Delivery</h3>
<p>Sent Royal Mail 1st Class, dispatched the same day, or the next working day at busy times. It's posted flat in a board-backed envelope.</p>
<p>Can't find the design you're after? We can make a custom birthday card: call 01439 771468.</p>"
emu-funny-new-design-1-birthday-card,"<p>Our personalised Emu birthday card is a fun way to wish a animal lover happy birthday, with their name and age added to the design.</p>
<h2>Personalised Emu birthday card</h2>
<p>The front shows a Emu design (design 1). Add the birthday name, age and your own front message when you order, and we can print a message inside too. We print exactly what you enter, so please double-check names and spelling.</p>
<h3>Why you'll love it</h3>
<ul>
<li>Printed A4 and folded to A5, then machine cut and folded for a crisp finish</li>
<li>Personalised with their name, age and your own message</li>
<li>Printed inside and out if you want a message inside</li>
<li>Comes with a free white envelope</li>
<li>Posted flat in a board-backed envelope so it arrives uncreased</li>
</ul>
<h3>Size &amp; details</h3>
<ul>
<li>Size: printed A4, folded to A5</li>
<li>Card: 350gsm silk art board</li>
<li>Finish: machine cut and folded</li>
<li>Includes: free white envelope</li>
<li>Personalisation: name, age, front message and inside message</li>
</ul>
<h3>Delivery</h3>
<p>Sent Royal Mail 1st Class, dispatched the same day, or the next working day at busy times. It's posted flat in a board-backed envelope.</p>
<p>Pair the personalised Emu birthday card with a personalised mug for a birthday gift that's sorted in one go. Custom cards on request: call 01439 771468.</p>"
flying-squirrell-funny-birthday-card,"<p>Make their day with a personalised Flying Squirrell birthday card, printed on thick card in our North Yorkshire workshop and posted 1st Class.</p>
<h2>Flying Squirrell birthday card with name and age</h2>
<p>The front shows a Flying Squirrell design. Add the birthday name, age and your own front message when you order, and we can print a message inside too. We print exactly what you enter, so please double-check names and spelling.</p>
<h3>Why you'll love it</h3>
<ul>
<li>Printed on 350gsm silk art board, much thicker than the usual 240gsm card</li>
<li>Printed A4 and folded to A5, then machine cut and folded for a crisp finish</li>
<li>Personalised with their name, age and your own message</li>
<li>Comes with a free white envelope</li>
<li>Posted flat in a board-backed envelope so it arrives uncreased</li>
</ul>
<h3>Size &amp; details</h3>
<ul>
<li>Size: printed A4, folded to A5</li>
<li>Card: 350gsm silk art board</li>
<li>Finish: machine cut and folded</li>
<li>Includes: free white envelope</li>
<li>Personalisation: name, age, front message and inside message</li>
</ul>
<h3>Delivery</h3>
<p>Sent Royal Mail 1st Class, dispatched the same day, or the next working day at busy times. It's posted flat in a board-backed envelope.</p>
<p>Buying for a animal lover? Add a personalised mug or poster for a matching gift. Custom card designs on request: call 01439 771468.</p>"
monkey-pouting-funny-birthday-card,"<p>Our personalised Monkey Pouting birthday card is a fun way to wish a animal lover happy birthday, with their name and age added to the design.</p>
<h2>Personalised Monkey Pouting birthday card</h2>
<p>It's a Monkey Pouting design, personalised with the name and age of the birthday animal lover. We can print inside and out, so add your own inside message when you order. We print exactly what you enter, so please double-check names and spelling.</p>
<h3>Why you'll love it</h3>
<ul>
<li>Printed on 350gsm silk art board, much thicker than the usual 240gsm card</li>
<li>Printed A4 and folded to A5, then machine cut and folded for a crisp finish</li>
<li>Personalised with their name, age and your own message</li>
<li>Printed inside and out if you want a message inside</li>
<li>Posted flat in a board-backed envelope so it arrives uncreased</li>
</ul>
<h3>Size &amp; details</h3>
<ul>
<li>Size: printed A4, folded to A5</li>
<li>Card: 350gsm silk art board</li>
<li>Finish: machine cut and folded</li>
<li>Includes: free white envelope</li>
<li>Personalisation: name, age, front message and inside message</li>
</ul>
<h3>Delivery</h3>
<p>Sent Royal Mail 1st Class, dispatched the same day, or the next working day at busy times. It's posted flat in a board-backed envelope.</p>
<p>Pair the personalised Monkey Pouting birthday card with a personalised mug for a birthday gift that's sorted in one go. Custom cards on request: call 01439 771468.</p>"
pug-cookie-funny-birthday-card,"<p>Our personalised Pug Cookie birthday card is a fun way to wish a animal lover happy birthday, with their name and age added to the design.</p>
<h2>Pug Cookie birthday card with name and age</h2>
<p>It's a Pug Cookie design, personalised with the name and age of the birthday animal lover. We can print inside and out, so add your own inside message when you order. We print exactly what you enter, so please double-check names and spelling.</p>
<h3>Why you'll love it</h3>
<ul>
<li>Printed on 350gsm silk art board, much thicker than the usual 240gsm card</li>
<li>Printed A4 and folded to A5, then machine cut and folded for a crisp finish</li>
<li>Personalised with their name, age and your own message</li>
<li>Printed inside and out if you want a message inside</li>
<li>Posted flat in a board-backed envelope so it arrives uncreased</li>
</ul>
<h3>Size &amp; details</h3>
<ul>
<li>Size: printed A4, folded to A5</li>
<li>Card: 350gsm silk art board</li>
<li>Finish: machine cut and folded</li>
<li>Includes: free white envelope</li>
<li>Personalisation: name, age, front message and inside message</li>
</ul>
<h3>Delivery</h3>
<p>Sent Royal Mail 1st Class, dispatched the same day, or the next working day at busy times. It's posted flat in a board-backed envelope.</p>
<p>Buying for a animal lover? Add a personalised mug or poster for a matching gift. Custom card designs on request: call 01439 771468.</p>"
puppy-in-easter-basket-birthday-card,"<p>Looking for a card for a animal lover? This personalised Puppy In Easter Basket birthday card is made to order with the name, age and message you choose.</p>
<h2>Puppy In Easter Basket birthday card with name and age</h2>
<p>It's a Puppy In Easter Basket design, personalised with the name and age of the birthday animal lover. We can print inside and out, so add your own inside message when you order. We print exactly what you enter, so please double-check names and spelling.</p>
<h3>Why you'll love it</h3>
<ul>
<li>Printed on 350gsm silk art board, much thicker than the usual 240gsm card</li>
<li>Printed A4 and folded to A5, then machine cut and folded for a crisp finish</li>
<li>Personalised with their name, age and your own message</li>
<li>Printed inside and out if you want a message inside</li>
<li>Posted flat in a board-backed envelope so it arrives uncreased</li>
</ul>
<h3>Size &amp; details</h3>
<ul>
<li>Size: printed A4, folded to A5</li>
<li>Card: 350gsm silk art board</li>
<li>Finish: machine cut and folded</li>
<li>Includes: free white envelope</li>
<li>Personalisation: name, age, front message and inside message</li>
</ul>
<h3>Delivery</h3>
<p>Sent Royal Mail 1st Class, dispatched the same day, or the next working day at busy times. It's posted flat in a board-backed envelope.</p>
<p>Pair the personalised Puppy In Easter Basket birthday card with a personalised mug for a birthday gift that's sorted in one go. Custom cards on request: call 01439 771468.</p>"
rabbint-in-tall-grass-funny-birthday-card,"<p>Our personalised Rabbint In Tall Grass birthday card is a fun way to wish a animal lover happy birthday, with their name and age added to the design.</p>
<h2>Personalised Rabbint In Tall Grass birthday card</h2>
<p>You get a Rabbint In Tall Grass design, printed with the name and age you give us. Want a message inside? Add it when you order and we'll print that as well. We print exactly what you enter, so please double-check names and spelling.</p>
<h3>Why you'll love it</h3>
<ul>
<li>Printed on 350gsm silk art board, much thicker than the usual 240gsm card</li>
<li>Printed A4 and folded to A5, then machine cut and folded for a crisp finish</li>
<li>Personalised with their name, age and your own message</li>
<li>Comes with a free white envelope</li>
<li>Posted flat in a board-backed envelope so it arrives uncreased</li>
</ul>
<h3>Size &amp; details</h3>
<ul>
<li>Size: printed A4, folded to A5</li>
<li>Card: 350gsm silk art board</li>
<li>Finish: machine cut and folded</li>
<li>Includes: free white envelope</li>
<li>Personalisation: name, age, front message and inside message</li>
</ul>
<h3>Delivery</h3>
<p>Sent Royal Mail 1st Class, dispatched the same day, or the next working day at busy times. It's posted flat in a board-backed envelope.</p>
<p>Buying for a animal lover? Add a personalised mug or poster for a matching gift. Custom card designs on request: call 01439 771468.</p>"
shocked-kittens-funny-birthday-card,"<p>Looking for a card for a animal lover? This personalised Shocked Kittens birthday card is made to order with the name, age and message you choose.</p>
<h2>Personalised Shocked Kittens birthday card</h2>
<p>You get a Shocked Kittens design, printed with the name and age you give us. Want a message inside? Add it when you order and we'll print that as well. We print exactly what you enter, so please double-check names and spelling.</p>
<h3>Why you'll love it</h3>
<ul>
<li>Printed on 350gsm silk art board, much thicker than the usual 240gsm card</li>
<li>Printed A4 and folded to A5, then machine cut and folded for a crisp finish</li>
<li>Personalised with their name, age and your own message</li>
<li>Printed inside and out if you want a message inside</li>
<li>Comes with a free white envelope</li>
</ul>
<h3>Size &amp; details</h3>
<ul>
<li>Size: printed A4, folded to A5</li>
<li>Card: 350gsm silk art board</li>
<li>Finish: machine cut and folded</li>
<li>Includes: free white envelope</li>
<li>Personalisation: name, age, front message and inside message</li>
</ul>
<h3>Delivery</h3>
<p>Sent Royal Mail 1st Class, dispatched the same day, or the next working day at busy times. It's posted flat in a board-backed envelope.</p>
<p>Pair the personalised Shocked Kittens birthday card with a personalised mug for a birthday gift that's sorted in one go. Custom cards on request: call 01439 771468.</p>"
sunbathing-squirrel-funny-birthday-card,"<p>Looking for a card for a animal lover? This personalised Sunbathing Squirrel birthday card is made to order with the name, age and message you choose.</p>
<h2>Personalised Sunbathing Squirrel birthday card</h2>
<p>You get a Sunbathing Squirrel design, printed with the name and age you give us. Want a message inside? Add it when you order and we'll print that as well. We print exactly what you enter, so please double-check names and spelling.</p>
<h3>Why you'll love it</h3>
<ul>
<li>Printed on 350gsm silk art board, much thicker than the usual 240gsm card</li>
<li>Printed A4 and folded to A5, then machine cut and folded for a crisp finish</li>
<li>Personalised with their name, age and your own message</li>
<li>Comes with a free white envelope</li>
<li>Posted flat in a board-backed envelope so it arrives uncreased</li>
</ul>
<h3>Size &amp; details</h3>
<ul>
<li>Size: printed A4, folded to A5</li>
<li>Card: 350gsm silk art board</li>
<li>Finish: machine cut and folded</li>
<li>Includes: free white envelope</li>
<li>Personalisation: name, age, front message and inside message</li>
</ul>
<h3>Delivery</h3>
<p>Sent Royal Mail 1st Class, dispatched the same day, or the next working day at busy times. It's posted flat in a board-backed envelope.</p>
<p>Buying for a animal lover? Add a personalised mug or poster for a matching gift. Custom card designs on request: call 01439 771468.</p>"
westie-puppy-cute-birthday-card,"<p>Looking for a card for a animal lover? This personalised Westie Puppy Cute birthday card is made to order with the name, age and message you choose.</p>
<h2>Westie Puppy Cute birthday card with name and age</h2>
<p>It's a Westie Puppy Cute design, personalised with the name and age of the birthday animal lover. We can print inside and out, so add your own inside message when you order. We print exactly what you enter, so please double-check names and spelling.</p>
<h3>Why you'll love it</h3>
<ul>
<li>Printed on 350gsm silk art board, much thicker than the usual 240gsm card</li>
<li>Printed A4 and folded to A5, then machine cut and folded for a crisp finish</li>
<li>Personalised with their name, age and your own message</li>
<li>Comes with a free white envelope</li>
<li>Posted flat in a board-backed envelope so it arrives uncreased</li>
</ul>
<h3>Size &amp; details</h3>
<ul>
<li>Size: printed A4, folded to A5</li>
<li>Card: 350gsm silk art board</li>
<li>Finish: machine cut and folded</li>
<li>Includes: free white envelope</li>
<li>Personalisation: name, age, front message and inside message</li>
</ul>
<h3>Delivery</h3>
<p>Sent Royal Mail 1st Class, dispatched the same day, or the next working day at busy times. It's posted flat in a board-backed envelope.</p>
<p>Can't find the design you're after? We can make a custom birthday card: call 01439 771468.</p>"
