Handle,Body (HTML)
personalised-2pm-1-music-birthday-card-sa,"<p>Looking for a card for a music fan? This personalised 2PM music birthday card is made to order with the name, age and message you choose.</p>
<h2>Personalised 2PM birthday card</h2>
<p>The front shows a 2PM music design (design 1). Add the birthday name, age and your own front message when you order, and we can print a message inside too. We print exactly what you enter, so please double-check names and spelling.</p>
<h3>Why you'll love it</h3>
<ul>
<li>Printed A4 and folded to A5, then machine cut and folded for a crisp finish</li>
<li>Personalised with their name, age and your own message</li>
<li>Printed inside and out if you want a message inside</li>
<li>Comes with a free white envelope</li>
<li>Posted flat in a board-backed envelope so it arrives uncreased</li>
</ul>
<h3>Size &amp; details</h3>
<ul>
<li>Size: printed A4, folded to A5</li>
<li>Card: 350gsm silk art board</li>
<li>Finish: machine cut and folded</li>
<li>Includes: free white envelope</li>
<li>Personalisation: name, age, front message and inside message</li>
</ul>
<h3>Delivery</h3>
<p>Sent Royal Mail 1st Class, dispatched the same day, or the next working day at busy times. It's posted flat in a board-backed envelope.</p>
<p>Can't find the design you're after? We can make a custom birthday card: call 01439 771468.</p>
<h3>Please note</h3>
<p class=""disclaimer"">This is an unofficial fan design. It is not endorsed by, or connected with, 2PM, their management or record label. All names and trademarks belong to their respective owners.</p>"
personalised-2pm-2-music-birthday-card-sa,"<p>Make their day with a personalised 2PM music birthday card, printed on thick card in our North Yorkshire workshop and posted 1st Class.</p>
<h2>2PM birthday card with name and age</h2>
<p>It's a 2PM music design (design 2), personalised with the name and age of the birthday music fan. We can print inside and out, so add your own inside message when you order. We print exactly what you enter, so please double-check names and spelling.</p>
<h3>Why you'll love it</h3>
<ul>
<li>Printed A4 and folded to A5, then machine cut and folded for a crisp finish</li>
<li>Personalised with their name, age and your own message</li>
<li>Printed inside and out if you want a message inside</li>
<li>Comes with a free white envelope</li>
<li>Posted flat in a board-backed envelope so it arrives uncreased</li>
</ul>
<h3>Size &amp; details</h3>
<ul>
<li>Size: printed A4, folded to A5</li>
<li>Card: 350gsm silk art board</li>
<li>Finish: machine cut and folded</li>
<li>Includes: free white envelope</li>
<li>Personalisation: name, age, front message and inside message</li>
</ul>
<h3>Delivery</h3>
<p>Sent Royal Mail 1st Class, dispatched the same day, or the next working day at busy times. It's posted flat in a board-backed envelope.</p>
<p>Can't find the design you're after? We can make a custom birthday card: call 01439 771468.</p>
<h3>Please note</h3>
<p class=""disclaimer"">This is an unofficial fan design. It is not endorsed by, or connected with, 2PM, their management or record label. All names and trademarks belong to their respective owners.</p>"
personalised-30-seconds-to-mars-1-music-birthday-card-sa,"<p>Make their day with a personalised 30 Seconds to Mars music birthday card, printed on thick card in our North Yorkshire workshop and posted 1st Class.</p>
<h2>Personalised 30 Seconds to Mars music birthday card</h2>
<p>The front shows a 30 Seconds to Mars music design (design 1). Add the birthday name, age and your own front message when you order, and we can print a message inside too. We print exactly what you enter, so please double-check names and spelling.</p>
<h3>Why you'll love it</h3>
<ul>
<li>Printed on 350gsm silk art board, much thicker than the usual 240gsm card</li>
<li>Printed A4 and folded to A5, then machine cut and folded for a crisp finish</li>
<li>Personalised with their name, age and your own message</li>
<li>Comes with a free white envelope</li>
<li>Posted flat in a board-backed envelope so it arrives uncreased</li>
</ul>
<h3>Size &amp; details</h3>
<ul>
<li>Size: printed A4, folded to A5</li>
<li>Card: 350gsm silk art board</li>
<li>Finish: machine cut and folded</li>
<li>Includes: free white envelope</li>
<li>Personalisation: name, age, front message and inside message</li>
</ul>
<h3>Delivery</h3>
<p>Sent Royal Mail 1st Class, dispatched the same day, or the next working day at busy times. It's posted flat in a board-backed envelope.</p>
<p>Buying for a music fan? Add a personalised mug or poster for a matching gift. Custom card designs on request: call 01439 771468.</p>
<h3>Please note</h3>
<p class=""disclaimer"">This is an unofficial fan design. It is not endorsed by, or connected with, 30 Seconds to Mars, their management or record label. All names and trademarks belong to their respective owners.</p>"
personalised-30-seconds-to-mars-2-music-birthday-card-sa,"<p>Make their day with a personalised 30 Seconds to Mars music birthday card, printed on thick card in our North Yorkshire workshop and posted 1st Class.</p>
<h2>Personalised 30 Seconds to Mars music birthday card</h2>
<p>It's a 30 Seconds to Mars music design (design 2), personalised with the name and age of the birthday music fan. We can print inside and out, so add your own inside message when you order. We print exactly what you enter, so please double-check names and spelling.</p>
<h3>Why you'll love it</h3>
<ul>
<li>Printed on 350gsm silk art board, much thicker than the usual 240gsm card</li>
<li>Printed A4 and folded to A5, then machine cut and folded for a crisp finish</li>
<li>Personalised with their name, age and your own message</li>
<li>Comes with a free white envelope</li>
<li>Posted flat in a board-backed envelope so it arrives uncreased</li>
</ul>
<h3>Size &amp; details</h3>
<ul>
<li>Size: printed A4, folded to A5</li>
<li>Card: 350gsm silk art board</li>
<li>Finish: machine cut and folded</li>
<li>Includes: free white envelope</li>
<li>Personalisation: name, age, front message and inside message</li>
</ul>
<h3>Delivery</h3>
<p>Sent Royal Mail 1st Class, dispatched the same day, or the next working day at busy times. It's posted flat in a board-backed envelope.</p>
<p>Can't find the design you're after? We can make a custom birthday card: call 01439 771468.</p>
<h3>Please note</h3>
<p class=""disclaimer"">This is an unofficial fan design. It is not endorsed by, or connected with, 30 Seconds to Mars, their management or record label. All names and trademarks belong to their respective owners.</p>"
personalised-a-day-to-remember-1-music-birthday-card-sa,"<p>Looking for a card for a music fan? This personalised A Day To Remember music birthday card is made to order with the name, age and message you choose.</p>
<h2>Personalised A Day To Remember music birthday card</h2>
<p>You get a A Day To Remember music design (design 1), printed with the name and age you give us. Want a message inside? Add it when you order and we'll print that as well. We print exactly what you enter, so please double-check names and spelling.</p>
<h3>Why you'll love it</h3>
<ul>
<li>Printed on 350gsm silk art board, much thicker than the usual 240gsm card</li>
<li>Printed A4 and folded to A5, then machine cut and folded for a crisp finish</li>
<li>Personalised with their name, age and your own message</li>
<li>Printed inside and out if you want a message inside</li>
<li>Comes with a free white envelope</li>
</ul>
<h3>Size &amp; details</h3>
<ul>
<li>Size: printed A4, folded to A5</li>
<li>Card: 350gsm silk art board</li>
<li>Finish: machine cut and folded</li>
<li>Includes: free white envelope</li>
<li>Personalisation: name, age, front message and inside message</li>
</ul>
<h3>Delivery</h3>
<p>Sent Royal Mail 1st Class, dispatched the same day, or the next working day at busy times. It's posted flat in a board-backed envelope.</p>
<p>Can't find the design you're after? We can make a custom birthday card: call 01439 771468.</p>
<h3>Please note</h3>
<p class=""disclaimer"">This is an unofficial fan design. It is not endorsed by, or connected with, A Day To Remember, their management or record label. All names and trademarks belong to their respective owners.</p>"
personalised-a-day-to-remember-2-music-birthday-card-sa,"<p>Make their day with a personalised A Day To Remember music birthday card, printed on thick card in our North Yorkshire workshop and posted 1st Class.</p>
<h2>Personalised A Day To Remember music birthday card</h2>
<p>You get a A Day To Remember music design (design 2), printed with the name and age you give us. Want a message inside? Add it when you order and we'll print that as well. We print exactly what you enter, so please double-check names and spelling.</p>
<h3>Why you'll love it</h3>
<ul>
<li>Printed A4 and folded to A5, then machine cut and folded for a crisp finish</li>
<li>Personalised with their name, age and your own message</li>
<li>Printed inside and out if you want a message inside</li>
<li>Comes with a free white envelope</li>
<li>Posted flat in a board-backed envelope so it arrives uncreased</li>
</ul>
<h3>Size &amp; details</h3>
<ul>
<li>Size: printed A4, folded to A5</li>
<li>Card: 350gsm silk art board</li>
<li>Finish: machine cut and folded</li>
<li>Includes: free white envelope</li>
<li>Personalisation: name, age, front message and inside message</li>
</ul>
<h3>Delivery</h3>
<p>Sent Royal Mail 1st Class, dispatched the same day, or the next working day at busy times. It's posted flat in a board-backed envelope.</p>
<p>Buying for a music fan? Add a personalised mug or poster for a matching gift. Custom card designs on request: call 01439 771468.</p>
<h3>Please note</h3>
<p class=""disclaimer"">This is an unofficial fan design. It is not endorsed by, or connected with, A Day To Remember, their management or record label. All names and trademarks belong to their respective owners.</p>"
personalised-aerosmith-1-music-birthday-card-sa,"<p>Looking for a card for a music fan? This personalised Aerosmith music birthday card is made to order with the name, age and message you choose.</p>
<h2>Aerosmith birthday card with name and age</h2>
<p>You get a Aerosmith music design (design 1), printed with the name and age you give us. Want a message inside? Add it when you order and we'll print that as well. We print exactly what you enter, so please double-check names and spelling.</p>
<h3>Why you'll love it</h3>
<ul>
<li>Printed A4 and folded to A5, then machine cut and folded for a crisp finish</li>
<li>Personalised with their name, age and your own message</li>
<li>Printed inside and out if you want a message inside</li>
<li>Comes with a free white envelope</li>
<li>Posted flat in a board-backed envelope so it arrives uncreased</li>
</ul>
<h3>Size &amp; details</h3>
<ul>
<li>Size: printed A4, folded to A5</li>
<li>Card: 350gsm silk art board</li>
<li>Finish: machine cut and folded</li>
<li>Includes: free white envelope</li>
<li>Personalisation: name, age, front message and inside message</li>
</ul>
<h3>Delivery</h3>
<p>Sent Royal Mail 1st Class, dispatched the same day, or the next working day at busy times. It's posted flat in a board-backed envelope.</p>
<p>Pair the personalised Aerosmith music birthday card with a personalised mug for a birthday gift that's sorted in one go. Custom cards on request: call 01439 771468.</p>
<h3>Please note</h3>
<p class=""disclaimer"">This is an unofficial fan design. It is not endorsed by, or connected with, Aerosmith, their management or record label. All names and trademarks belong to their respective owners.</p>"
personalised-aerosmith-2-music-birthday-card-sa,"<p>Our personalised Aerosmith music birthday card is a fun way to wish a music fan happy birthday, with their name and age added to the design.</p>
<h2>Personalised Aerosmith music birthday card</h2>
<p>You get a Aerosmith music design (design 2), printed with the name and age you give us. Want a message inside? Add it when you order and we'll print that as well. We print exactly what you enter, so please double-check names and spelling.</p>
<h3>Why you'll love it</h3>
<ul>
<li>Printed on 350gsm silk art board, much thicker than the usual 240gsm card</li>
<li>Printed A4 and folded to A5, then machine cut and folded for a crisp finish</li>
<li>Personalised with their name, age and your own message</li>
<li>Printed inside and out if you want a message inside</li>
<li>Comes with a free white envelope</li>
</ul>
<h3>Size &amp; details</h3>
<ul>
<li>Size: printed A4, folded to A5</li>
<li>Card: 350gsm silk art board</li>
<li>Finish: machine cut and folded</li>
<li>Includes: free white envelope</li>
<li>Personalisation: name, age, front message and inside message</li>
</ul>
<h3>Delivery</h3>
<p>Sent Royal Mail 1st Class, dispatched the same day, or the next working day at busy times. It's posted flat in a board-backed envelope.</p>
<p>Buying for a music fan? Add a personalised mug or poster for a matching gift. Custom card designs on request: call 01439 771468.</p>
<h3>Please note</h3>
<p class=""disclaimer"">This is an unofficial fan design. It is not endorsed by, or connected with, Aerosmith, their management or record label. All names and trademarks belong to their respective owners.</p>"
personalised-alice-cooper-1-music-birthday-card-sa,"<p>Looking for a card for a music fan? This personalised Alice Cooper music birthday card is made to order with the name, age and message you choose.</p>
<h2>Alice Cooper birthday card with name and age</h2>
<p>You get a Alice Cooper music design (design 1), printed with the name and age you give us. Want a message inside? Add it when you order and we'll print that as well. We print exactly what you enter, so please double-check names and spelling.</p>
<h3>Why you'll love it</h3>
<ul>
<li>Printed on 350gsm silk art board, much thicker than the usual 240gsm card</li>
<li>Printed A4 and folded to A5, then machine cut and folded for a crisp finish</li>
<li>Personalised with their name, age and your own message</li>
<li>Printed inside and out if you want a message inside</li>
<li>Posted flat in a board-backed envelope so it arrives uncreased</li>
</ul>
<h3>Size &amp; details</h3>
<ul>
<li>Size: printed A4, folded to A5</li>
<li>Card: 350gsm silk art board</li>
<li>Finish: machine cut and folded</li>
<li>Includes: free white envelope</li>
<li>Personalisation: name, age, front message and inside message</li>
</ul>
<h3>Delivery</h3>
<p>Sent Royal Mail 1st Class, dispatched the same day, or the next working day at busy times. It's posted flat in a board-backed envelope.</p>
<p>Buying for a music fan? Add a personalised mug or poster for a matching gift. Custom card designs on request: call 01439 771468.</p>
<h3>Please note</h3>
<p class=""disclaimer"">This is an unofficial fan design. It is not endorsed by, or connected with, Alice Cooper, their management or record label. All names and trademarks belong to their respective owners.</p>"
personalised-alice-cooper-2-music-birthday-card-sa,"<p>Make their day with a personalised Alice Cooper music birthday card, printed on thick card in our North Yorkshire workshop and posted 1st Class.</p>
<h2>Personalised Alice Cooper music birthday card</h2>
<p>The front shows a Alice Cooper music design (design 2). Add the birthday name, age and your own front message when you order, and we can print a message inside too. We print exactly what you enter, so please double-check names and spelling.</p>
<h3>Why you'll love it</h3>
<ul>
<li>Printed on 350gsm silk art board, much thicker than the usual 240gsm card</li>
<li>Printed A4 and folded to A5, then machine cut and folded for a crisp finish</li>
<li>Printed inside and out if you want a message inside</li>
<li>Comes with a free white envelope</li>
<li>Posted flat in a board-backed envelope so it arrives uncreased</li>
</ul>
<h3>Size &amp; details</h3>
<ul>
<li>Size: printed A4, folded to A5</li>
<li>Card: 350gsm silk art board</li>
<li>Finish: machine cut and folded</li>
<li>Includes: free white envelope</li>
<li>Personalisation: name, age, front message and inside message</li>
</ul>
<h3>Delivery</h3>
<p>Sent Royal Mail 1st Class, dispatched the same day, or the next working day at busy times. It's posted flat in a board-backed envelope.</p>
<p>Can't find the design you're after? We can make a custom birthday card: call 01439 771468.</p>
<h3>Please note</h3>
<p class=""disclaimer"">This is an unofficial fan design. It is not endorsed by, or connected with, Alice Cooper, their management or record label. All names and trademarks belong to their respective owners.</p>"
personalised-alice-in-chains-music-birthday-card-sa,"<p>Looking for a card for a music fan? This personalised Alice In Chains music birthday card is made to order with the name, age and message you choose.</p>
<h2>Alice In Chains birthday card with name and age</h2>
<p>It's a Alice In Chains music design, personalised with the name and age of the birthday music fan. We can print inside and out, so add your own inside message when you order. We print exactly what you enter, so please double-check names and spelling.</p>
<h3>Why you'll love it</h3>
<ul>
<li>Printed A4 and folded to A5, then machine cut and folded for a crisp finish</li>
<li>Personalised with their name, age and your own message</li>
<li>Printed inside and out if you want a message inside</li>
<li>Comes with a free white envelope</li>
<li>Posted flat in a board-backed envelope so it arrives uncreased</li>
</ul>
<h3>Size &amp; details</h3>
<ul>
<li>Size: printed A4, folded to A5</li>
<li>Card: 350gsm silk art board</li>
<li>Finish: machine cut and folded</li>
<li>Includes: free white envelope</li>
<li>Personalisation: name, age, front message and inside message</li>
</ul>
<h3>Delivery</h3>
<p>Sent Royal Mail 1st Class, dispatched the same day, or the next working day at busy times. It's posted flat in a board-backed envelope.</p>
<p>Can't find the design you're after? We can make a custom birthday card: call 01439 771468.</p>
<h3>Please note</h3>
<p class=""disclaimer"">This is an unofficial fan design. It is not endorsed by, or connected with, Alice In Chains, their management or record label. All names and trademarks belong to their respective owners.</p>"
personalised-all-saints-1-music-birthday-card-sa,"<p>Make their day with a personalised All Saints music birthday card, printed on thick card in our North Yorkshire workshop and posted 1st Class.</p>
<h2>Personalised All Saints music birthday card</h2>
<p>The front shows a All Saints music design (design 1). Add the birthday name, age and your own front message when you order, and we can print a message inside too. We print exactly what you enter, so please double-check names and spelling.</p>
<h3>Why you'll love it</h3>
<ul>
<li>Printed on 350gsm silk art board, much thicker than the usual 240gsm card</li>
<li>Personalised with their name, age and your own message</li>
<li>Printed inside and out if you want a message inside</li>
<li>Comes with a free white envelope</li>
<li>Posted flat in a board-backed envelope so it arrives uncreased</li>
</ul>
<h3>Size &amp; details</h3>
<ul>
<li>Size: printed A4, folded to A5</li>
<li>Card: 350gsm silk art board</li>
<li>Finish: machine cut and folded</li>
<li>Includes: free white envelope</li>
<li>Personalisation: name, age, front message and inside message</li>
</ul>
<h3>Delivery</h3>
<p>Sent Royal Mail 1st Class, dispatched the same day, or the next working day at busy times. It's posted flat in a board-backed envelope.</p>
<p>Buying for a music fan? Add a personalised mug or poster for a matching gift. Custom card designs on request: call 01439 771468.</p>
<h3>Please note</h3>
<p class=""disclaimer"">This is an unofficial fan design. It is not endorsed by, or connected with, All Saints, their management or record label. All names and trademarks belong to their respective owners.</p>"
personalised-all-saints-2-music-birthday-card-sa,"<p>Looking for a card for a music fan? This personalised All Saints music birthday card is made to order with the name, age and message you choose.</p>
<h2>All Saints birthday card with name and age</h2>
<p>The front shows a All Saints music design (design 2). Add the birthday name, age and your own front message when you order, and we can print a message inside too. We print exactly what you enter, so please double-check names and spelling.</p>
<h3>Why you'll love it</h3>
<ul>
<li>Printed on 350gsm silk art board, much thicker than the usual 240gsm card</li>
<li>Personalised with their name, age and your own message</li>
<li>Printed inside and out if you want a message inside</li>
<li>Comes with a free white envelope</li>
<li>Posted flat in a board-backed envelope so it arrives uncreased</li>
</ul>
<h3>Size &amp; details</h3>
<ul>
<li>Size: printed A4, folded to A5</li>
<li>Card: 350gsm silk art board</li>
<li>Finish: machine cut and folded</li>
<li>Includes: free white envelope</li>
<li>Personalisation: name, age, front message and inside message</li>
</ul>
<h3>Delivery</h3>
<p>Sent Royal Mail 1st Class, dispatched the same day, or the next working day at busy times. It's posted flat in a board-backed envelope.</p>
<p>Can't find the design you're after? We can make a custom birthday card: call 01439 771468.</p>
<h3>Please note</h3>
<p class=""disclaimer"">This is an unofficial fan design. It is not endorsed by, or connected with, All Saints, their management or record label. All names and trademarks belong to their respective owners.</p>"
personalised-all-time-low-1-music-birthday-card-sa,"<p>Looking for a card for a music fan? This personalised All Time Low music birthday card is made to order with the name, age and message you choose.</p>
<h2>Personalised All Time Low birthday card</h2>
<p>You get a All Time Low music design (design 1), printed with the name and age you give us. Want a message inside? Add it when you order and we'll print that as well. We print exactly what you enter, so please double-check names and spelling.</p>
<h3>Why you'll love it</h3>
<ul>
<li>Printed on 350gsm silk art board, much thicker than the usual 240gsm card</li>
<li>Printed A4 and folded to A5, then machine cut and folded for a crisp finish</li>
<li>Printed inside and out if you want a message inside</li>
<li>Comes with a free white envelope</li>
<li>Posted flat in a board-backed envelope so it arrives uncreased</li>
</ul>
<h3>Size &amp; details</h3>
<ul>
<li>Size: printed A4, folded to A5</li>
<li>Card: 350gsm silk art board</li>
<li>Finish: machine cut and folded</li>
<li>Includes: free white envelope</li>
<li>Personalisation: name, age, front message and inside message</li>
</ul>
<h3>Delivery</h3>
<p>Sent Royal Mail 1st Class, dispatched the same day, or the next working day at busy times. It's posted flat in a board-backed envelope.</p>
<p>Can't find the design you're after? We can make a custom birthday card: call 01439 771468.</p>
<h3>Please note</h3>
<p class=""disclaimer"">This is an unofficial fan design. It is not endorsed by, or connected with, All Time Low, their management or record label. All names and trademarks belong to their respective owners.</p>"
personalised-all-time-low-2-music-birthday-card-sa,"<p>Make their day with a personalised All Time Low music birthday card, printed on thick card in our North Yorkshire workshop and posted 1st Class.</p>
<h2>All Time Low birthday card with name and age</h2>
<p>It's a All Time Low music design (design 2), personalised with the name and age of the birthday music fan. We can print inside and out, so add your own inside message when you order. We print exactly what you enter, so please double-check names and spelling.</p>
<h3>Why you'll love it</h3>
<ul>
<li>Printed on 350gsm silk art board, much thicker than the usual 240gsm card</li>
<li>Printed A4 and folded to A5, then machine cut and folded for a crisp finish</li>
<li>Printed inside and out if you want a message inside</li>
<li>Comes with a free white envelope</li>
<li>Posted flat in a board-backed envelope so it arrives uncreased</li>
</ul>
<h3>Size &amp; details</h3>
<ul>
<li>Size: printed A4, folded to A5</li>
<li>Card: 350gsm silk art board</li>
<li>Finish: machine cut and folded</li>
<li>Includes: free white envelope</li>
<li>Personalisation: name, age, front message and inside message</li>
</ul>
<h3>Delivery</h3>
<p>Sent Royal Mail 1st Class, dispatched the same day, or the next working day at busy times. It's posted flat in a board-backed envelope.</p>
<p>Can't find the design you're after? We can make a custom birthday card: call 01439 771468.</p>
<h3>Please note</h3>
<p class=""disclaimer"">This is an unofficial fan design. It is not endorsed by, or connected with, All Time Low, their management or record label. All names and trademarks belong to their respective owners.</p>"
personalised-alt-j-1-music-birthday-card-sa,"<p>Looking for a card for a music fan? This personalised Alt-J music birthday card is made to order with the name, age and message you choose.</p>
<h2>Personalised Alt-J birthday card</h2>
<p>You get a Alt-J music design (design 1), printed with the name and age you give us. Want a message inside? Add it when you order and we'll print that as well. We print exactly what you enter, so please double-check names and spelling.</p>
<h3>Why you'll love it</h3>
<ul>
<li>Printed on 350gsm silk art board, much thicker than the usual 240gsm card</li>
<li>Printed A4 and folded to A5, then machine cut and folded for a crisp finish</li>
<li>Personalised with their name, age and your own message</li>
<li>Printed inside and out if you want a message inside</li>
<li>Comes with a free white envelope</li>
</ul>
<h3>Size &amp; details</h3>
<ul>
<li>Size: printed A4, folded to A5</li>
<li>Card: 350gsm silk art board</li>
<li>Finish: machine cut and folded</li>
<li>Includes: free white envelope</li>
<li>Personalisation: name, age, front message and inside message</li>
</ul>
<h3>Delivery</h3>
<p>Sent Royal Mail 1st Class, dispatched the same day, or the next working day at busy times. It's posted flat in a board-backed envelope.</p>
<p>Can't find the design you're after? We can make a custom birthday card: call 01439 771468.</p>
<h3>Please note</h3>
<p class=""disclaimer"">This is an unofficial fan design. It is not endorsed by, or connected with, Alt-J, their management or record label. All names and trademarks belong to their respective owners.</p>"
personalised-alt-j-2-music-birthday-card-sa,"<p>Make their day with a personalised Alt-J music birthday card, printed on thick card in our North Yorkshire workshop and posted 1st Class.</p>
<h2>Personalised Alt-J music birthday card</h2>
<p>It's a Alt-J music design (design 2), personalised with the name and age of the birthday music fan. We can print inside and out, so add your own inside message when you order. We print exactly what you enter, so please double-check names and spelling.</p>
<h3>Why you'll love it</h3>
<ul>
<li>Printed on 350gsm silk art board, much thicker than the usual 240gsm card</li>
<li>Printed A4 and folded to A5, then machine cut and folded for a crisp finish</li>
<li>Printed inside and out if you want a message inside</li>
<li>Comes with a free white envelope</li>
<li>Posted flat in a board-backed envelope so it arrives uncreased</li>
</ul>
<h3>Size &amp; details</h3>
<ul>
<li>Size: printed A4, folded to A5</li>
<li>Card: 350gsm silk art board</li>
<li>Finish: machine cut and folded</li>
<li>Includes: free white envelope</li>
<li>Personalisation: name, age, front message and inside message</li>
</ul>
<h3>Delivery</h3>
<p>Sent Royal Mail 1st Class, dispatched the same day, or the next working day at busy times. It's posted flat in a board-backed envelope.</p>
<p>Pair the personalised Alt-J music birthday card with a personalised mug for a birthday gift that's sorted in one go. Custom cards on request: call 01439 771468.</p>
<h3>Please note</h3>
<p class=""disclaimer"">This is an unofficial fan design. It is not endorsed by, or connected with, Alt-J, their management or record label. All names and trademarks belong to their respective owners.</p>"
personalised-anthrax-1-music-birthday-card-sa,"<p>Our personalised Anthrax music birthday card is a fun way to wish a music fan happy birthday, with their name and age added to the design.</p>
<h2>Anthrax birthday card with name and age</h2>
<p>It's a Anthrax music design (design 1), personalised with the name and age of the birthday music fan. We can print inside and out, so add your own inside message when you order. We print exactly what you enter, so please double-check names and spelling.</p>
<h3>Why you'll love it</h3>
<ul>
<li>Printed on 350gsm silk art board, much thicker than the usual 240gsm card</li>
<li>Personalised with their name, age and your own message</li>
<li>Printed inside and out if you want a message inside</li>
<li>Comes with a free white envelope</li>
<li>Posted flat in a board-backed envelope so it arrives uncreased</li>
</ul>
<h3>Size &amp; details</h3>
<ul>
<li>Size: printed A4, folded to A5</li>
<li>Card: 350gsm silk art board</li>
<li>Finish: machine cut and folded</li>
<li>Includes: free white envelope</li>
<li>Personalisation: name, age, front message and inside message</li>
</ul>
<h3>Delivery</h3>
<p>Sent Royal Mail 1st Class, dispatched the same day, or the next working day at busy times. It's posted flat in a board-backed envelope.</p>
<p>Can't find the design you're after? We can make a custom birthday card: call 01439 771468.</p>
<h3>Please note</h3>
<p class=""disclaimer"">This is an unofficial fan design. It is not endorsed by, or connected with, Anthrax, their management or record label. All names and trademarks belong to their respective owners.</p>"
personalised-anthrax-2-music-birthday-card-sa,"<p>Make their day with a personalised Anthrax music birthday card, printed on thick card in our North Yorkshire workshop and posted 1st Class.</p>
<h2>Anthrax birthday card with name and age</h2>
<p>You get a Anthrax music design (design 2), printed with the name and age you give us. Want a message inside? Add it when you order and we'll print that as well. We print exactly what you enter, so please double-check names and spelling.</p>
<h3>Why you'll love it</h3>
<ul>
<li>Printed on 350gsm silk art board, much thicker than the usual 240gsm card</li>
<li>Printed A4 and folded to A5, then machine cut and folded for a crisp finish</li>
<li>Personalised with their name, age and your own message</li>
<li>Printed inside and out if you want a message inside</li>
<li>Posted flat in a board-backed envelope so it arrives uncreased</li>
</ul>
<h3>Size &amp; details</h3>
<ul>
<li>Size: printed A4, folded to A5</li>
<li>Card: 350gsm silk art board</li>
<li>Finish: machine cut and folded</li>
<li>Includes: free white envelope</li>
<li>Personalisation: name, age, front message and inside message</li>
</ul>
<h3>Delivery</h3>
<p>Sent Royal Mail 1st Class, dispatched the same day, or the next working day at busy times. It's posted flat in a board-backed envelope.</p>
<p>Can't find the design you're after? We can make a custom birthday card: call 01439 771468.</p>
<h3>Please note</h3>
<p class=""disclaimer"">This is an unofficial fan design. It is not endorsed by, or connected with, Anthrax, their management or record label. All names and trademarks belong to their respective owners.</p>"
personalised-arcade-fire-music-birthday-card-sa,"<p>Make their day with a personalised Arcade Fire music birthday card, printed on thick card in our North Yorkshire workshop and posted 1st Class.</p>
<h2>Personalised Arcade Fire music birthday card</h2>
<p>It's a Arcade Fire music design, personalised with the name and age of the birthday music fan. We can print inside and out, so add your own inside message when you order. We print exactly what you enter, so please double-check names and spelling.</p>
<h3>Why you'll love it</h3>
<ul>
<li>Printed A4 and folded to A5, then machine cut and folded for a crisp finish</li>
<li>Personalised with their name, age and your own message</li>
<li>Printed inside and out if you want a message inside</li>
<li>Comes with a free white envelope</li>
<li>Posted flat in a board-backed envelope so it arrives uncreased</li>
</ul>
<h3>Size &amp; details</h3>
<ul>
<li>Size: printed A4, folded to A5</li>
<li>Card: 350gsm silk art board</li>
<li>Finish: machine cut and folded</li>
<li>Includes: free white envelope</li>
<li>Personalisation: name, age, front message and inside message</li>
</ul>
<h3>Delivery</h3>
<p>Sent Royal Mail 1st Class, dispatched the same day, or the next working day at busy times. It's posted flat in a board-backed envelope.</p>
<p>Can't find the design you're after? We can make a custom birthday card: call 01439 771468.</p>
<h3>Please note</h3>
<p class=""disclaimer"">This is an unofficial fan design. It is not endorsed by, or connected with, Arcade Fire, their management or record label. All names and trademarks belong to their respective owners.</p>"
personalised-arch-enemy-music-birthday-card-sa,"<p>Our personalised Arch Enemy music birthday card is a fun way to wish a music fan happy birthday, with their name and age added to the design.</p>
<h2>Arch Enemy birthday card with name and age</h2>
<p>You get a Arch Enemy music design, printed with the name and age you give us. Want a message inside? Add it when you order and we'll print that as well. We print exactly what you enter, so please double-check names and spelling.</p>
<h3>Why you'll love it</h3>
<ul>
<li>Printed on 350gsm silk art board, much thicker than the usual 240gsm card</li>
<li>Printed A4 and folded to A5, then machine cut and folded for a crisp finish</li>
<li>Personalised with their name, age and your own message</li>
<li>Printed inside and out if you want a message inside</li>
<li>Comes with a free white envelope</li>
</ul>
<h3>Size &amp; details</h3>
<ul>
<li>Size: printed A4, folded to A5</li>
<li>Card: 350gsm silk art board</li>
<li>Finish: machine cut and folded</li>
<li>Includes: free white envelope</li>
<li>Personalisation: name, age, front message and inside message</li>
</ul>
<h3>Delivery</h3>
<p>Sent Royal Mail 1st Class, dispatched the same day, or the next working day at busy times. It's posted flat in a board-backed envelope.</p>
<p>Can't find the design you're after? We can make a custom birthday card: call 01439 771468.</p>
<h3>Please note</h3>
<p class=""disclaimer"">This is an unofficial fan design. It is not endorsed by, or connected with, Arch Enemy, their management or record label. All names and trademarks belong to their respective owners.</p>"
personalised-arctic-monkeys-1-music-birthday-card-sa,"<p>Make their day with a personalised Arctic Monkeys music birthday card, printed on thick card in our North Yorkshire workshop and posted 1st Class.</p>
<h2>Arctic Monkeys birthday card with name and age</h2>
<p>You get a Arctic Monkeys music design (design 1), printed with the name and age you give us. Want a message inside? Add it when you order and we'll print that as well. We print exactly what you enter, so please double-check names and spelling.</p>
<h3>Why you'll love it</h3>
<ul>
<li>Printed on 350gsm silk art board, much thicker than the usual 240gsm card</li>
<li>Personalised with their name, age and your own message</li>
<li>Printed inside and out if you want a message inside</li>
<li>Comes with a free white envelope</li>
<li>Posted flat in a board-backed envelope so it arrives uncreased</li>
</ul>
<h3>Size &amp; details</h3>
<ul>
<li>Size: printed A4, folded to A5</li>
<li>Card: 350gsm silk art board</li>
<li>Finish: machine cut and folded</li>
<li>Includes: free white envelope</li>
<li>Personalisation: name, age, front message and inside message</li>
</ul>
<h3>Delivery</h3>
<p>Sent Royal Mail 1st Class, dispatched the same day, or the next working day at busy times. It's posted flat in a board-backed envelope.</p>
<p>Can't find the design you're after? We can make a custom birthday card: call 01439 771468.</p>
<h3>Please note</h3>
<p class=""disclaimer"">This is an unofficial fan design. It is not endorsed by, or connected with, Arctic Monkeys, their management or record label. All names and trademarks belong to their respective owners.</p>"
personalised-arctic-monkeys-2-music-birthday-card-sa,"<p>Looking for a card for a music fan? This personalised Arctic Monkeys music birthday card is made to order with the name, age and message you choose.</p>
<h2>Arctic Monkeys birthday card with name and age</h2>
<p>The front shows a Arctic Monkeys music design (design 2). Add the birthday name, age and your own front message when you order, and we can print a message inside too. We print exactly what you enter, so please double-check names and spelling.</p>
<h3>Why you'll love it</h3>
<ul>
<li>Printed on 350gsm silk art board, much thicker than the usual 240gsm card</li>
<li>Personalised with their name, age and your own message</li>
<li>Printed inside and out if you want a message inside</li>
<li>Comes with a free white envelope</li>
<li>Posted flat in a board-backed envelope so it arrives uncreased</li>
</ul>
<h3>Size &amp; details</h3>
<ul>
<li>Size: printed A4, folded to A5</li>
<li>Card: 350gsm silk art board</li>
<li>Finish: machine cut and folded</li>
<li>Includes: free white envelope</li>
<li>Personalisation: name, age, front message and inside message</li>
</ul>
<h3>Delivery</h3>
<p>Sent Royal Mail 1st Class, dispatched the same day, or the next working day at busy times. It's posted flat in a board-backed envelope.</p>
<p>Buying for a music fan? Add a personalised mug or poster for a matching gift. Custom card designs on request: call 01439 771468.</p>
<h3>Please note</h3>
<p class=""disclaimer"">This is an unofficial fan design. It is not endorsed by, or connected with, Arctic Monkeys, their management or record label. All names and trademarks belong to their respective owners.</p>"
personalised-asking-alexandria-1-music-birthday-card-sa,"<p>Our personalised Asking Alexandria music birthday card is a fun way to wish a music fan happy birthday, with their name and age added to the design.</p>
<h2>Asking Alexandria birthday card with name and age</h2>
<p>The front shows a Asking Alexandria music design (design 1). Add the birthday name, age and your own front message when you order, and we can print a message inside too. We print exactly what you enter, so please double-check names and spelling.</p>
<h3>Why you'll love it</h3>
<ul>
<li>Printed on 350gsm silk art board, much thicker than the usual 240gsm card</li>
<li>Printed A4 and folded to A5, then machine cut and folded for a crisp finish</li>
<li>Personalised with their name, age and your own message</li>
<li>Printed inside and out if you want a message inside</li>
<li>Posted flat in a board-backed envelope so it arrives uncreased</li>
</ul>
<h3>Size &amp; details</h3>
<ul>
<li>Size: printed A4, folded to A5</li>
<li>Card: 350gsm silk art board</li>
<li>Finish: machine cut and folded</li>
<li>Includes: free white envelope</li>
<li>Personalisation: name, age, front message and inside message</li>
</ul>
<h3>Delivery</h3>
<p>Sent Royal Mail 1st Class, dispatched the same day, or the next working day at busy times. It's posted flat in a board-backed envelope.</p>
<p>Buying for a music fan? Add a personalised mug or poster for a matching gift. Custom card designs on request: call 01439 771468.</p>
<h3>Please note</h3>
<p class=""disclaimer"">This is an unofficial fan design. It is not endorsed by, or connected with, Asking Alexandria, their management or record label. All names and trademarks belong to their respective owners.</p>"
personalised-asking-alexandria-2-music-birthday-card-sa,"<p>Looking for a card for a music fan? This personalised Asking Alexandria music birthday card is made to order with the name, age and message you choose.</p>
<h2>Personalised Asking Alexandria music birthday card</h2>
<p>It's a Asking Alexandria music design (design 2), personalised with the name and age of the birthday music fan. We can print inside and out, so add your own inside message when you order. We print exactly what you enter, so please double-check names and spelling.</p>
<h3>Why you'll love it</h3>
<ul>
<li>Printed on 350gsm silk art board, much thicker than the usual 240gsm card</li>
<li>Printed A4 and folded to A5, then machine cut and folded for a crisp finish</li>
<li>Personalised with their name, age and your own message</li>
<li>Printed inside and out if you want a message inside</li>
<li>Posted flat in a board-backed envelope so it arrives uncreased</li>
</ul>
<h3>Size &amp; details</h3>
<ul>
<li>Size: printed A4, folded to A5</li>
<li>Card: 350gsm silk art board</li>
<li>Finish: machine cut and folded</li>
<li>Includes: free white envelope</li>
<li>Personalisation: name, age, front message and inside message</li>
</ul>
<h3>Delivery</h3>
<p>Sent Royal Mail 1st Class, dispatched the same day, or the next working day at busy times. It's posted flat in a board-backed envelope.</p>
<p>Buying for a music fan? Add a personalised mug or poster for a matching gift. Custom card designs on request: call 01439 771468.</p>
<h3>Please note</h3>
<p class=""disclaimer"">This is an unofficial fan design. It is not endorsed by, or connected with, Asking Alexandria, their management or record label. All names and trademarks belong to their respective owners.</p>"
personalised-avenged-sevenfold-1-music-birthday-card-sa,"<p>Looking for a card for a music fan? This personalised Avenged Sevenfold music birthday card is made to order with the name, age and message you choose.</p>
<h2>Personalised Avenged Sevenfold birthday card</h2>
<p>It's a Avenged Sevenfold music design (design 1), personalised with the name and age of the birthday music fan. We can print inside and out, so add your own inside message when you order. We print exactly what you enter, so please double-check names and spelling.</p>
<h3>Why you'll love it</h3>
<ul>
<li>Printed on 350gsm silk art board, much thicker than the usual 240gsm card</li>
<li>Printed A4 and folded to A5, then machine cut and folded for a crisp finish</li>
<li>Personalised with their name, age and your own message</li>
<li>Comes with a free white envelope</li>
<li>Posted flat in a board-backed envelope so it arrives uncreased</li>
</ul>
<h3>Size &amp; details</h3>
<ul>
<li>Size: printed A4, folded to A5</li>
<li>Card: 350gsm silk art board</li>
<li>Finish: machine cut and folded</li>
<li>Includes: free white envelope</li>
<li>Personalisation: name, age, front message and inside message</li>
</ul>
<h3>Delivery</h3>
<p>Sent Royal Mail 1st Class, dispatched the same day, or the next working day at busy times. It's posted flat in a board-backed envelope.</p>
<p>Buying for a music fan? Add a personalised mug or poster for a matching gift. Custom card designs on request: call 01439 771468.</p>
<h3>Please note</h3>
<p class=""disclaimer"">This is an unofficial fan design. It is not endorsed by, or connected with, Avenged Sevenfold, their management or record label. All names and trademarks belong to their respective owners.</p>"
personalised-avenged-sevenfold-2-music-birthday-card-sa,"<p>Looking for a card for a music fan? This personalised Avenged Sevenfold music birthday card is made to order with the name, age and message you choose.</p>
<h2>Avenged Sevenfold birthday card with name and age</h2>
<p>The front shows a Avenged Sevenfold music design (design 2). Add the birthday name, age and your own front message when you order, and we can print a message inside too. We print exactly what you enter, so please double-check names and spelling.</p>
<h3>Why you'll love it</h3>
<ul>
<li>Printed on 350gsm silk art board, much thicker than the usual 240gsm card</li>
<li>Printed A4 and folded to A5, then machine cut and folded for a crisp finish</li>
<li>Personalised with their name, age and your own message</li>
<li>Printed inside and out if you want a message inside</li>
<li>Posted flat in a board-backed envelope so it arrives uncreased</li>
</ul>
<h3>Size &amp; details</h3>
<ul>
<li>Size: printed A4, folded to A5</li>
<li>Card: 350gsm silk art board</li>
<li>Finish: machine cut and folded</li>
<li>Includes: free white envelope</li>
<li>Personalisation: name, age, front message and inside message</li>
</ul>
<h3>Delivery</h3>
<p>Sent Royal Mail 1st Class, dispatched the same day, or the next working day at busy times. It's posted flat in a board-backed envelope.</p>
<p>Pair the personalised Avenged Sevenfold music birthday card with a personalised mug for a birthday gift that's sorted in one go. Custom cards on request: call 01439 771468.</p>
<h3>Please note</h3>
<p class=""disclaimer"">This is an unofficial fan design. It is not endorsed by, or connected with, Avenged Sevenfold, their management or record label. All names and trademarks belong to their respective owners.</p>"
personalised-b-a-p-music-birthday-card-sa,"<p>Our personalised B.A.P music birthday card is a fun way to wish a music fan happy birthday, with their name and age added to the design.</p>
<h2>Personalised B.A.P music birthday card</h2>
<p>You get a B.A.P music design, printed with the name and age you give us. Want a message inside? Add it when you order and we'll print that as well. We print exactly what you enter, so please double-check names and spelling.</p>
<h3>Why you'll love it</h3>
<ul>
<li>Printed on 350gsm silk art board, much thicker than the usual 240gsm card</li>
<li>Printed A4 and folded to A5, then machine cut and folded for a crisp finish</li>
<li>Personalised with their name, age and your own message</li>
<li>Printed inside and out if you want a message inside</li>
<li>Comes with a free white envelope</li>
</ul>
<h3>Size &amp; details</h3>
<ul>
<li>Size: printed A4, folded to A5</li>
<li>Card: 350gsm silk art board</li>
<li>Finish: machine cut and folded</li>
<li>Includes: free white envelope</li>
<li>Personalisation: name, age, front message and inside message</li>
</ul>
<h3>Delivery</h3>
<p>Sent Royal Mail 1st Class, dispatched the same day, or the next working day at busy times. It's posted flat in a board-backed envelope.</p>
<p>Buying for a music fan? Add a personalised mug or poster for a matching gift. Custom card designs on request: call 01439 771468.</p>
<h3>Please note</h3>
<p class=""disclaimer"">This is an unofficial fan design. It is not endorsed by, or connected with, B.A.P, their management or record label. All names and trademarks belong to their respective owners.</p>"
personalised-b1a4-1-music-birthday-card-sa,"<p>Looking for a card for a music fan? This personalised B1A4 music birthday card is made to order with the name, age and message you choose.</p>
<h2>B1A4 birthday card with name and age</h2>
<p>It's a B1A4 music design (design 1), personalised with the name and age of the birthday music fan. We can print inside and out, so add your own inside message when you order. We print exactly what you enter, so please double-check names and spelling.</p>
<h3>Why you'll love it</h3>
<ul>
<li>Printed on 350gsm silk art board, much thicker than the usual 240gsm card</li>
<li>Printed A4 and folded to A5, then machine cut and folded for a crisp finish</li>
<li>Personalised with their name, age and your own message</li>
<li>Printed inside and out if you want a message inside</li>
<li>Comes with a free white envelope</li>
</ul>
<h3>Size &amp; details</h3>
<ul>
<li>Size: printed A4, folded to A5</li>
<li>Card: 350gsm silk art board</li>
<li>Finish: machine cut and folded</li>
<li>Includes: free white envelope</li>
<li>Personalisation: name, age, front message and inside message</li>
</ul>
<h3>Delivery</h3>
<p>Sent Royal Mail 1st Class, dispatched the same day, or the next working day at busy times. It's posted flat in a board-backed envelope.</p>
<p>Pair the personalised B1A4 music birthday card with a personalised mug for a birthday gift that's sorted in one go. Custom cards on request: call 01439 771468.</p>
<h3>Please note</h3>
<p class=""disclaimer"">This is an unofficial fan design. It is not endorsed by, or connected with, B1A4, their management or record label. All names and trademarks belong to their respective owners.</p>"
personalised-b1a4-2-music-birthday-card-sa,"<p>Looking for a card for a music fan? This personalised B1A4 music birthday card is made to order with the name, age and message you choose.</p>
<h2>Personalised B1A4 music birthday card</h2>
<p>It's a B1A4 music design (design 2), personalised with the name and age of the birthday music fan. We can print inside and out, so add your own inside message when you order. We print exactly what you enter, so please double-check names and spelling.</p>
<h3>Why you'll love it</h3>
<ul>
<li>Printed A4 and folded to A5, then machine cut and folded for a crisp finish</li>
<li>Personalised with their name, age and your own message</li>
<li>Printed inside and out if you want a message inside</li>
<li>Comes with a free white envelope</li>
<li>Posted flat in a board-backed envelope so it arrives uncreased</li>
</ul>
<h3>Size &amp; details</h3>
<ul>
<li>Size: printed A4, folded to A5</li>
<li>Card: 350gsm silk art board</li>
<li>Finish: machine cut and folded</li>
<li>Includes: free white envelope</li>
<li>Personalisation: name, age, front message and inside message</li>
</ul>
<h3>Delivery</h3>
<p>Sent Royal Mail 1st Class, dispatched the same day, or the next working day at busy times. It's posted flat in a board-backed envelope.</p>
<p>Buying for a music fan? Add a personalised mug or poster for a matching gift. Custom card designs on request: call 01439 771468.</p>
<h3>Please note</h3>
<p class=""disclaimer"">This is an unofficial fan design. It is not endorsed by, or connected with, B1A4, their management or record label. All names and trademarks belong to their respective owners.</p>"
personalised-babymetal-1-music-birthday-card-sa,"<p>Make their day with a personalised Babymetal music birthday card, printed on thick card in our North Yorkshire workshop and posted 1st Class.</p>
<h2>Babymetal birthday card with name and age</h2>
<p>It's a Babymetal music design (design 1), personalised with the name and age of the birthday music fan. We can print inside and out, so add your own inside message when you order. We print exactly what you enter, so please double-check names and spelling.</p>
<h3>Why you'll love it</h3>
<ul>
<li>Printed on 350gsm silk art board, much thicker than the usual 240gsm card</li>
<li>Printed A4 and folded to A5, then machine cut and folded for a crisp finish</li>
<li>Personalised with their name, age and your own message</li>
<li>Printed inside and out if you want a message inside</li>
<li>Posted flat in a board-backed envelope so it arrives uncreased</li>
</ul>
<h3>Size &amp; details</h3>
<ul>
<li>Size: printed A4, folded to A5</li>
<li>Card: 350gsm silk art board</li>
<li>Finish: machine cut and folded</li>
<li>Includes: free white envelope</li>
<li>Personalisation: name, age, front message and inside message</li>
</ul>
<h3>Delivery</h3>
<p>Sent Royal Mail 1st Class, dispatched the same day, or the next working day at busy times. It's posted flat in a board-backed envelope.</p>
<p>Can't find the design you're after? We can make a custom birthday card: call 01439 771468.</p>
<h3>Please note</h3>
<p class=""disclaimer"">This is an unofficial fan design. It is not endorsed by, or connected with, Babymetal, their management or record label. All names and trademarks belong to their respective owners.</p>"
personalised-babymetal-2-music-birthday-card-sa,"<p>Our personalised Babymetal music birthday card is a fun way to wish a music fan happy birthday, with their name and age added to the design.</p>
<h2>Personalised Babymetal birthday card</h2>
<p>You get a Babymetal music design (design 2), printed with the name and age you give us. Want a message inside? Add it when you order and we'll print that as well. We print exactly what you enter, so please double-check names and spelling.</p>
<h3>Why you'll love it</h3>
<ul>
<li>Printed A4 and folded to A5, then machine cut and folded for a crisp finish</li>
<li>Personalised with their name, age and your own message</li>
<li>Printed inside and out if you want a message inside</li>
<li>Comes with a free white envelope</li>
<li>Posted flat in a board-backed envelope so it arrives uncreased</li>
</ul>
<h3>Size &amp; details</h3>
<ul>
<li>Size: printed A4, folded to A5</li>
<li>Card: 350gsm silk art board</li>
<li>Finish: machine cut and folded</li>
<li>Includes: free white envelope</li>
<li>Personalisation: name, age, front message and inside message</li>
</ul>
<h3>Delivery</h3>
<p>Sent Royal Mail 1st Class, dispatched the same day, or the next working day at busy times. It's posted flat in a board-backed envelope.</p>
<p>Pair the personalised Babymetal music birthday card with a personalised mug for a birthday gift that's sorted in one go. Custom cards on request: call 01439 771468.</p>
<h3>Please note</h3>
<p class=""disclaimer"">This is an unofficial fan design. It is not endorsed by, or connected with, Babymetal, their management or record label. All names and trademarks belong to their respective owners.</p>"
personalised-backstreet-boys-1-music-birthday-card-sa,"<p>Make their day with a personalised Backstreet Boys music birthday card, printed on thick card in our North Yorkshire workshop and posted 1st Class.</p>
<h2>Personalised Backstreet Boys music birthday card</h2>
<p>The front shows a Backstreet Boys music design (design 1). Add the birthday name, age and your own front message when you order, and we can print a message inside too. We print exactly what you enter, so please double-check names and spelling.</p>
<h3>Why you'll love it</h3>
<ul>
<li>Printed on 350gsm silk art board, much thicker than the usual 240gsm card</li>
<li>Personalised with their name, age and your own message</li>
<li>Printed inside and out if you want a message inside</li>
<li>Comes with a free white envelope</li>
<li>Posted flat in a board-backed envelope so it arrives uncreased</li>
</ul>
<h3>Size &amp; details</h3>
<ul>
<li>Size: printed A4, folded to A5</li>
<li>Card: 350gsm silk art board</li>
<li>Finish: machine cut and folded</li>
<li>Includes: free white envelope</li>
<li>Personalisation: name, age, front message and inside message</li>
</ul>
<h3>Delivery</h3>
<p>Sent Royal Mail 1st Class, dispatched the same day, or the next working day at busy times. It's posted flat in a board-backed envelope.</p>
<p>Can't find the design you're after? We can make a custom birthday card: call 01439 771468.</p>
<h3>Please note</h3>
<p class=""disclaimer"">This is an unofficial fan design. It is not endorsed by, or connected with, Backstreet Boys, their management or record label. All names and trademarks belong to their respective owners.</p>"
personalised-backstreet-boys-2-music-birthday-card-sa,"<p>Looking for a card for a music fan? This personalised Backstreet Boys music birthday card is made to order with the name, age and message you choose.</p>
<h2>Personalised Backstreet Boys birthday card</h2>
<p>You get a Backstreet Boys music design (design 2), printed with the name and age you give us. Want a message inside? Add it when you order and we'll print that as well. We print exactly what you enter, so please double-check names and spelling.</p>
<h3>Why you'll love it</h3>
<ul>
<li>Printed on 350gsm silk art board, much thicker than the usual 240gsm card</li>
<li>Printed A4 and folded to A5, then machine cut and folded for a crisp finish</li>
<li>Printed inside and out if you want a message inside</li>
<li>Comes with a free white envelope</li>
<li>Posted flat in a board-backed envelope so it arrives uncreased</li>
</ul>
<h3>Size &amp; details</h3>
<ul>
<li>Size: printed A4, folded to A5</li>
<li>Card: 350gsm silk art board</li>
<li>Finish: machine cut and folded</li>
<li>Includes: free white envelope</li>
<li>Personalisation: name, age, front message and inside message</li>
</ul>
<h3>Delivery</h3>
<p>Sent Royal Mail 1st Class, dispatched the same day, or the next working day at busy times. It's posted flat in a board-backed envelope.</p>
<p>Buying for a music fan? Add a personalised mug or poster for a matching gift. Custom card designs on request: call 01439 771468.</p>
<h3>Please note</h3>
<p class=""disclaimer"">This is an unofficial fan design. It is not endorsed by, or connected with, Backstreet Boys, their management or record label. All names and trademarks belong to their respective owners.</p>"
personalised-bastille-1-music-birthday-card-sa,"<p>Looking for a card for a music fan? This personalised Bastille music birthday card is made to order with the name, age and message you choose.</p>
<h2>Personalised Bastille music birthday card</h2>
<p>The front shows a Bastille music design (design 1). Add the birthday name, age and your own front message when you order, and we can print a message inside too. We print exactly what you enter, so please double-check names and spelling.</p>
<h3>Why you'll love it</h3>
<ul>
<li>Printed on 350gsm silk art board, much thicker than the usual 240gsm card</li>
<li>Printed A4 and folded to A5, then machine cut and folded for a crisp finish</li>
<li>Printed inside and out if you want a message inside</li>
<li>Comes with a free white envelope</li>
<li>Posted flat in a board-backed envelope so it arrives uncreased</li>
</ul>
<h3>Size &amp; details</h3>
<ul>
<li>Size: printed A4, folded to A5</li>
<li>Card: 350gsm silk art board</li>
<li>Finish: machine cut and folded</li>
<li>Includes: free white envelope</li>
<li>Personalisation: name, age, front message and inside message</li>
</ul>
<h3>Delivery</h3>
<p>Sent Royal Mail 1st Class, dispatched the same day, or the next working day at busy times. It's posted flat in a board-backed envelope.</p>
<p>Can't find the design you're after? We can make a custom birthday card: call 01439 771468.</p>
<h3>Please note</h3>
<p class=""disclaimer"">This is an unofficial fan design. It is not endorsed by, or connected with, Bastille, their management or record label. All names and trademarks belong to their respective owners.</p>"
personalised-bastille-2-music-birthday-card-sa,"<p>Looking for a card for a music fan? This personalised Bastille music birthday card is made to order with the name, age and message you choose.</p>
<h2>Personalised Bastille birthday card</h2>
<p>You get a Bastille music design (design 2), printed with the name and age you give us. Want a message inside? Add it when you order and we'll print that as well. We print exactly what you enter, so please double-check names and spelling.</p>
<h3>Why you'll love it</h3>
<ul>
<li>Printed A4 and folded to A5, then machine cut and folded for a crisp finish</li>
<li>Personalised with their name, age and your own message</li>
<li>Printed inside and out if you want a message inside</li>
<li>Comes with a free white envelope</li>
<li>Posted flat in a board-backed envelope so it arrives uncreased</li>
</ul>
<h3>Size &amp; details</h3>
<ul>
<li>Size: printed A4, folded to A5</li>
<li>Card: 350gsm silk art board</li>
<li>Finish: machine cut and folded</li>
<li>Includes: free white envelope</li>
<li>Personalisation: name, age, front message and inside message</li>
</ul>
<h3>Delivery</h3>
<p>Sent Royal Mail 1st Class, dispatched the same day, or the next working day at busy times. It's posted flat in a board-backed envelope.</p>
<p>Can't find the design you're after? We can make a custom birthday card: call 01439 771468.</p>
<h3>Please note</h3>
<p class=""disclaimer"">This is an unofficial fan design. It is not endorsed by, or connected with, Bastille, their management or record label. All names and trademarks belong to their respective owners.</p>"
personalised-beast-1-music-birthday-card-sa,"<p>Our personalised Beast music birthday card is a fun way to wish a music fan happy birthday, with their name and age added to the design.</p>
<h2>Beast birthday card with name and age</h2>
<p>You get a Beast music design (design 1), printed with the name and age you give us. Want a message inside? Add it when you order and we'll print that as well. We print exactly what you enter, so please double-check names and spelling.</p>
<h3>Why you'll love it</h3>
<ul>
<li>Printed on 350gsm silk art board, much thicker than the usual 240gsm card</li>
<li>Personalised with their name, age and your own message</li>
<li>Printed inside and out if you want a message inside</li>
<li>Comes with a free white envelope</li>
<li>Posted flat in a board-backed envelope so it arrives uncreased</li>
</ul>
<h3>Size &amp; details</h3>
<ul>
<li>Size: printed A4, folded to A5</li>
<li>Card: 350gsm silk art board</li>
<li>Finish: machine cut and folded</li>
<li>Includes: free white envelope</li>
<li>Personalisation: name, age, front message and inside message</li>
</ul>
<h3>Delivery</h3>
<p>Sent Royal Mail 1st Class, dispatched the same day, or the next working day at busy times. It's posted flat in a board-backed envelope.</p>
<p>Buying for a music fan? Add a personalised mug or poster for a matching gift. Custom card designs on request: call 01439 771468.</p>
<h3>Please note</h3>
<p class=""disclaimer"">This is an unofficial fan design. It is not endorsed by, or connected with, Beast, their management or record label. All names and trademarks belong to their respective owners.</p>"
personalised-beast-2-music-birthday-card-sa,"<p>Make their day with a personalised Beast music birthday card, printed on thick card in our North Yorkshire workshop and posted 1st Class.</p>
<h2>Personalised Beast birthday card</h2>
<p>You get a Beast music design (design 2), printed with the name and age you give us. Want a message inside? Add it when you order and we'll print that as well. We print exactly what you enter, so please double-check names and spelling.</p>
<h3>Why you'll love it</h3>
<ul>
<li>Printed A4 and folded to A5, then machine cut and folded for a crisp finish</li>
<li>Personalised with their name, age and your own message</li>
<li>Printed inside and out if you want a message inside</li>
<li>Comes with a free white envelope</li>
<li>Posted flat in a board-backed envelope so it arrives uncreased</li>
</ul>
<h3>Size &amp; details</h3>
<ul>
<li>Size: printed A4, folded to A5</li>
<li>Card: 350gsm silk art board</li>
<li>Finish: machine cut and folded</li>
<li>Includes: free white envelope</li>
<li>Personalisation: name, age, front message and inside message</li>
</ul>
<h3>Delivery</h3>
<p>Sent Royal Mail 1st Class, dispatched the same day, or the next working day at busy times. It's posted flat in a board-backed envelope.</p>
<p>Pair the personalised Beast music birthday card with a personalised mug for a birthday gift that's sorted in one go. Custom cards on request: call 01439 771468.</p>
<h3>Please note</h3>
<p class=""disclaimer"">This is an unofficial fan design. It is not endorsed by, or connected with, Beast, their management or record label. All names and trademarks belong to their respective owners.</p>"
personalised-behemoth-1-music-birthday-card-sa,"<p>Looking for a card for a music fan? This personalised Behemoth music birthday card is made to order with the name, age and message you choose.</p>
<h2>Personalised Behemoth music birthday card</h2>
<p>The front shows a Behemoth music design (design 1). Add the birthday name, age and your own front message when you order, and we can print a message inside too. We print exactly what you enter, so please double-check names and spelling.</p>
<h3>Why you'll love it</h3>
<ul>
<li>Printed on 350gsm silk art board, much thicker than the usual 240gsm card</li>
<li>Personalised with their name, age and your own message</li>
<li>Printed inside and out if you want a message inside</li>
<li>Comes with a free white envelope</li>
<li>Posted flat in a board-backed envelope so it arrives uncreased</li>
</ul>
<h3>Size &amp; details</h3>
<ul>
<li>Size: printed A4, folded to A5</li>
<li>Card: 350gsm silk art board</li>
<li>Finish: machine cut and folded</li>
<li>Includes: free white envelope</li>
<li>Personalisation: name, age, front message and inside message</li>
</ul>
<h3>Delivery</h3>
<p>Sent Royal Mail 1st Class, dispatched the same day, or the next working day at busy times. It's posted flat in a board-backed envelope.</p>
<p>Can't find the design you're after? We can make a custom birthday card: call 01439 771468.</p>
<h3>Please note</h3>
<p class=""disclaimer"">This is an unofficial fan design. It is not endorsed by, or connected with, Behemoth, their management or record label. All names and trademarks belong to their respective owners.</p>"
personalised-behemoth-2-music-birthday-card-sa,"<p>Our personalised Behemoth music birthday card is a fun way to wish a music fan happy birthday, with their name and age added to the design.</p>
<h2>Behemoth birthday card with name and age</h2>
<p>It's a Behemoth music design (design 2), personalised with the name and age of the birthday music fan. We can print inside and out, so add your own inside message when you order. We print exactly what you enter, so please double-check names and spelling.</p>
<h3>Why you'll love it</h3>
<ul>
<li>Printed on 350gsm silk art board, much thicker than the usual 240gsm card</li>
<li>Printed A4 and folded to A5, then machine cut and folded for a crisp finish</li>
<li>Personalised with their name, age and your own message</li>
<li>Printed inside and out if you want a message inside</li>
<li>Comes with a free white envelope</li>
</ul>
<h3>Size &amp; details</h3>
<ul>
<li>Size: printed A4, folded to A5</li>
<li>Card: 350gsm silk art board</li>
<li>Finish: machine cut and folded</li>
<li>Includes: free white envelope</li>
<li>Personalisation: name, age, front message and inside message</li>
</ul>
<h3>Delivery</h3>
<p>Sent Royal Mail 1st Class, dispatched the same day, or the next working day at busy times. It's posted flat in a board-backed envelope.</p>
<p>Pair the personalised Behemoth music birthday card with a personalised mug for a birthday gift that's sorted in one go. Custom cards on request: call 01439 771468.</p>
<h3>Please note</h3>
<p class=""disclaimer"">This is an unofficial fan design. It is not endorsed by, or connected with, Behemoth, their management or record label. All names and trademarks belong to their respective owners.</p>"
personalised-big-time-rush-1-music-birthday-card-sa,"<p>Make their day with a personalised Big Time Rush music birthday card, printed on thick card in our North Yorkshire workshop and posted 1st Class.</p>
<h2>Big Time Rush birthday card with name and age</h2>
<p>It's a Big Time Rush music design (design 1), personalised with the name and age of the birthday music fan. We can print inside and out, so add your own inside message when you order. We print exactly what you enter, so please double-check names and spelling.</p>
<h3>Why you'll love it</h3>
<ul>
<li>Printed A4 and folded to A5, then machine cut and folded for a crisp finish</li>
<li>Personalised with their name, age and your own message</li>
<li>Printed inside and out if you want a message inside</li>
<li>Comes with a free white envelope</li>
<li>Posted flat in a board-backed envelope so it arrives uncreased</li>
</ul>
<h3>Size &amp; details</h3>
<ul>
<li>Size: printed A4, folded to A5</li>
<li>Card: 350gsm silk art board</li>
<li>Finish: machine cut and folded</li>
<li>Includes: free white envelope</li>
<li>Personalisation: name, age, front message and inside message</li>
</ul>
<h3>Delivery</h3>
<p>Sent Royal Mail 1st Class, dispatched the same day, or the next working day at busy times. It's posted flat in a board-backed envelope.</p>
<p>Can't find the design you're after? We can make a custom birthday card: call 01439 771468.</p>
<h3>Please note</h3>
<p class=""disclaimer"">This is an unofficial fan design. It is not endorsed by, or connected with, Big Time Rush, their management or record label. All names and trademarks belong to their respective owners.</p>"
personalised-big-time-rush-2-music-birthday-card-sa,"<p>Our personalised Big Time Rush music birthday card is a fun way to wish a music fan happy birthday, with their name and age added to the design.</p>
<h2>Big Time Rush birthday card with name and age</h2>
<p>The front shows a Big Time Rush music design (design 2). Add the birthday name, age and your own front message when you order, and we can print a message inside too. We print exactly what you enter, so please double-check names and spelling.</p>
<h3>Why you'll love it</h3>
<ul>
<li>Printed on 350gsm silk art board, much thicker than the usual 240gsm card</li>
<li>Printed A4 and folded to A5, then machine cut and folded for a crisp finish</li>
<li>Personalised with their name, age and your own message</li>
<li>Comes with a free white envelope</li>
<li>Posted flat in a board-backed envelope so it arrives uncreased</li>
</ul>
<h3>Size &amp; details</h3>
<ul>
<li>Size: printed A4, folded to A5</li>
<li>Card: 350gsm silk art board</li>
<li>Finish: machine cut and folded</li>
<li>Includes: free white envelope</li>
<li>Personalisation: name, age, front message and inside message</li>
</ul>
<h3>Delivery</h3>
<p>Sent Royal Mail 1st Class, dispatched the same day, or the next working day at busy times. It's posted flat in a board-backed envelope.</p>
<p>Pair the personalised Big Time Rush music birthday card with a personalised mug for a birthday gift that's sorted in one go. Custom cards on request: call 01439 771468.</p>
<h3>Please note</h3>
<p class=""disclaimer"">This is an unofficial fan design. It is not endorsed by, or connected with, Big Time Rush, their management or record label. All names and trademarks belong to their respective owners.</p>"
personalised-black-eyed-1-music-birthday-card-sa,"<p>Our personalised Black Eyed Peas music birthday card is a fun way to wish a music fan happy birthday, with their name and age added to the design.</p>
<h2>Personalised Black Eyed Peas music birthday card</h2>
<p>You get a Black Eyed Peas music design (design 1), printed with the name and age you give us. Want a message inside? Add it when you order and we'll print that as well. We print exactly what you enter, so please double-check names and spelling.</p>
<h3>Why you'll love it</h3>
<ul>
<li>Printed on 350gsm silk art board, much thicker than the usual 240gsm card</li>
<li>Printed A4 and folded to A5, then machine cut and folded for a crisp finish</li>
<li>Personalised with their name, age and your own message</li>
<li>Printed inside and out if you want a message inside</li>
<li>Posted flat in a board-backed envelope so it arrives uncreased</li>
</ul>
<h3>Size &amp; details</h3>
<ul>
<li>Size: printed A4, folded to A5</li>
<li>Card: 350gsm silk art board</li>
<li>Finish: machine cut and folded</li>
<li>Includes: free white envelope</li>
<li>Personalisation: name, age, front message and inside message</li>
</ul>
<h3>Delivery</h3>
<p>Sent Royal Mail 1st Class, dispatched the same day, or the next working day at busy times. It's posted flat in a board-backed envelope.</p>
<p>Can't find the design you're after? We can make a custom birthday card: call 01439 771468.</p>
<h3>Please note</h3>
<p class=""disclaimer"">This is an unofficial fan design. It is not endorsed by, or connected with, Black Eyed Peas, their management or record label. All names and trademarks belong to their respective owners.</p>"
personalised-black-eyed-2-music-birthday-card-sa,"<p>Make their day with a personalised Black Eyed Peas music birthday card, printed on thick card in our North Yorkshire workshop and posted 1st Class.</p>
<h2>Personalised Black Eyed Peas birthday card</h2>
<p>You get a Black Eyed Peas music design (design 2), printed with the name and age you give us. Want a message inside? Add it when you order and we'll print that as well. We print exactly what you enter, so please double-check names and spelling.</p>
<h3>Why you'll love it</h3>
<ul>
<li>Printed on 350gsm silk art board, much thicker than the usual 240gsm card</li>
<li>Printed A4 and folded to A5, then machine cut and folded for a crisp finish</li>
<li>Personalised with their name, age and your own message</li>
<li>Printed inside and out if you want a message inside</li>
<li>Posted flat in a board-backed envelope so it arrives uncreased</li>
</ul>
<h3>Size &amp; details</h3>
<ul>
<li>Size: printed A4, folded to A5</li>
<li>Card: 350gsm silk art board</li>
<li>Finish: machine cut and folded</li>
<li>Includes: free white envelope</li>
<li>Personalisation: name, age, front message and inside message</li>
</ul>
<h3>Delivery</h3>
<p>Sent Royal Mail 1st Class, dispatched the same day, or the next working day at busy times. It's posted flat in a board-backed envelope.</p>
<p>Can't find the design you're after? We can make a custom birthday card: call 01439 771468.</p>
<h3>Please note</h3>
<p class=""disclaimer"">This is an unofficial fan design. It is not endorsed by, or connected with, Black Eyed Peas, their management or record label. All names and trademarks belong to their respective owners.</p>"
personalised-black-sabbath-1-music-birthday-card-sa,"<p>Our personalised Black Sabbath music birthday card is a fun way to wish a music fan happy birthday, with their name and age added to the design.</p>
<h2>Personalised Black Sabbath music birthday card</h2>
<p>You get a Black Sabbath music design (design 1), printed with the name and age you give us. Want a message inside? Add it when you order and we'll print that as well. We print exactly what you enter, so please double-check names and spelling.</p>
<h3>Why you'll love it</h3>
<ul>
<li>Printed on 350gsm silk art board, much thicker than the usual 240gsm card</li>
<li>Printed A4 and folded to A5, then machine cut and folded for a crisp finish</li>
<li>Personalised with their name, age and your own message</li>
<li>Printed inside and out if you want a message inside</li>
<li>Posted flat in a board-backed envelope so it arrives uncreased</li>
</ul>
<h3>Size &amp; details</h3>
<ul>
<li>Size: printed A4, folded to A5</li>
<li>Card: 350gsm silk art board</li>
<li>Finish: machine cut and folded</li>
<li>Includes: free white envelope</li>
<li>Personalisation: name, age, front message and inside message</li>
</ul>
<h3>Delivery</h3>
<p>Sent Royal Mail 1st Class, dispatched the same day, or the next working day at busy times. It's posted flat in a board-backed envelope.</p>
<p>Can't find the design you're after? We can make a custom birthday card: call 01439 771468.</p>
<h3>Please note</h3>
<p class=""disclaimer"">This is an unofficial fan design. It is not endorsed by, or connected with, Black Sabbath, their management or record label. All names and trademarks belong to their respective owners.</p>"
personalised-black-sabbath-2-music-birthday-card-sa,"<p>Looking for a card for a music fan? This personalised Black Sabbath music birthday card is made to order with the name, age and message you choose.</p>
<h2>Personalised Black Sabbath birthday card</h2>
<p>You get a Black Sabbath music design (design 2), printed with the name and age you give us. Want a message inside? Add it when you order and we'll print that as well. We print exactly what you enter, so please double-check names and spelling.</p>
<h3>Why you'll love it</h3>
<ul>
<li>Printed on 350gsm silk art board, much thicker than the usual 240gsm card</li>
<li>Printed A4 and folded to A5, then machine cut and folded for a crisp finish</li>
<li>Personalised with their name, age and your own message</li>
<li>Printed inside and out if you want a message inside</li>
<li>Comes with a free white envelope</li>
</ul>
<h3>Size &amp; details</h3>
<ul>
<li>Size: printed A4, folded to A5</li>
<li>Card: 350gsm silk art board</li>
<li>Finish: machine cut and folded</li>
<li>Includes: free white envelope</li>
<li>Personalisation: name, age, front message and inside message</li>
</ul>
<h3>Delivery</h3>
<p>Sent Royal Mail 1st Class, dispatched the same day, or the next working day at busy times. It's posted flat in a board-backed envelope.</p>
<p>Can't find the design you're after? We can make a custom birthday card: call 01439 771468.</p>
<h3>Please note</h3>
<p class=""disclaimer"">This is an unofficial fan design. It is not endorsed by, or connected with, Black Sabbath, their management or record label. All names and trademarks belong to their respective owners.</p>"
personalised-black-veil-brides-1-music-birthday-card-sa,"<p>Our personalised Black Veil Brides music birthday card is a fun way to wish a music fan happy birthday, with their name and age added to the design.</p>
<h2>Personalised Black Veil Brides music birthday card</h2>
<p>You get a Black Veil Brides music design (design 1), printed with the name and age you give us. Want a message inside? Add it when you order and we'll print that as well. We print exactly what you enter, so please double-check names and spelling.</p>
<h3>Why you'll love it</h3>
<ul>
<li>Printed on 350gsm silk art board, much thicker than the usual 240gsm card</li>
<li>Printed A4 and folded to A5, then machine cut and folded for a crisp finish</li>
<li>Personalised with their name, age and your own message</li>
<li>Printed inside and out if you want a message inside</li>
<li>Comes with a free white envelope</li>
</ul>
<h3>Size &amp; details</h3>
<ul>
<li>Size: printed A4, folded to A5</li>
<li>Card: 350gsm silk art board</li>
<li>Finish: machine cut and folded</li>
<li>Includes: free white envelope</li>
<li>Personalisation: name, age, front message and inside message</li>
</ul>
<h3>Delivery</h3>
<p>Sent Royal Mail 1st Class, dispatched the same day, or the next working day at busy times. It's posted flat in a board-backed envelope.</p>
<p>Can't find the design you're after? We can make a custom birthday card: call 01439 771468.</p>
<h3>Please note</h3>
<p class=""disclaimer"">This is an unofficial fan design. It is not endorsed by, or connected with, Black Veil Brides, their management or record label. All names and trademarks belong to their respective owners.</p>"
personalised-black-veil-brides-2-music-birthday-card-sa,"<p>Our personalised Black Veil Brides music birthday card is a fun way to wish a music fan happy birthday, with their name and age added to the design.</p>
<h2>Personalised Black Veil Brides birthday card</h2>
<p>It's a Black Veil Brides music design (design 2), personalised with the name and age of the birthday music fan. We can print inside and out, so add your own inside message when you order. We print exactly what you enter, so please double-check names and spelling.</p>
<h3>Why you'll love it</h3>
<ul>
<li>Printed on 350gsm silk art board, much thicker than the usual 240gsm card</li>
<li>Printed A4 and folded to A5, then machine cut and folded for a crisp finish</li>
<li>Personalised with their name, age and your own message</li>
<li>Comes with a free white envelope</li>
<li>Posted flat in a board-backed envelope so it arrives uncreased</li>
</ul>
<h3>Size &amp; details</h3>
<ul>
<li>Size: printed A4, folded to A5</li>
<li>Card: 350gsm silk art board</li>
<li>Finish: machine cut and folded</li>
<li>Includes: free white envelope</li>
<li>Personalisation: name, age, front message and inside message</li>
</ul>
<h3>Delivery</h3>
<p>Sent Royal Mail 1st Class, dispatched the same day, or the next working day at busy times. It's posted flat in a board-backed envelope.</p>
<p>Can't find the design you're after? We can make a custom birthday card: call 01439 771468.</p>
<h3>Please note</h3>
<p class=""disclaimer"">This is an unofficial fan design. It is not endorsed by, or connected with, Black Veil Brides, their management or record label. All names and trademarks belong to their respective owners.</p>"
personalised-blink-1-music-birthday-card-sa,"<p>Our personalised Blink-182 music birthday card is a fun way to wish a music fan happy birthday, with their name and age added to the design.</p>
<h2>Personalised Blink-182 birthday card</h2>
<p>It's a Blink-182 music design, personalised with the name and age of the birthday music fan. We can print inside and out, so add your own inside message when you order. We print exactly what you enter, so please double-check names and spelling.</p>
<h3>Why you'll love it</h3>
<ul>
<li>Printed on 350gsm silk art board, much thicker than the usual 240gsm card</li>
<li>Printed A4 and folded to A5, then machine cut and folded for a crisp finish</li>
<li>Personalised with their name, age and your own message</li>
<li>Printed inside and out if you want a message inside</li>
<li>Comes with a free white envelope</li>
</ul>
<h3>Size &amp; details</h3>
<ul>
<li>Size: printed A4, folded to A5</li>
<li>Card: 350gsm silk art board</li>
<li>Finish: machine cut and folded</li>
<li>Includes: free white envelope</li>
<li>Personalisation: name, age, front message and inside message</li>
</ul>
<h3>Delivery</h3>
<p>Sent Royal Mail 1st Class, dispatched the same day, or the next working day at busy times. It's posted flat in a board-backed envelope.</p>
<p>Pair the personalised Blink-182 music birthday card with a personalised mug for a birthday gift that's sorted in one go. Custom cards on request: call 01439 771468.</p>
<h3>Please note</h3>
<p class=""disclaimer"">This is an unofficial fan design. It is not endorsed by, or connected with, Blink-182, their management or record label. All names and trademarks belong to their respective owners.</p>"
personalised-blink-2-music-birthday-card-sa,"<p>Make their day with a personalised Blink-182 music birthday card, printed on thick card in our North Yorkshire workshop and posted 1st Class.</p>
<h2>Personalised Blink-182 birthday card</h2>
<p>The front shows a Blink-182 music design. Add the birthday name, age and your own front message when you order, and we can print a message inside too. We print exactly what you enter, so please double-check names and spelling.</p>
<h3>Why you'll love it</h3>
<ul>
<li>Printed A4 and folded to A5, then machine cut and folded for a crisp finish</li>
<li>Personalised with their name, age and your own message</li>
<li>Printed inside and out if you want a message inside</li>
<li>Comes with a free white envelope</li>
<li>Posted flat in a board-backed envelope so it arrives uncreased</li>
</ul>
<h3>Size &amp; details</h3>
<ul>
<li>Size: printed A4, folded to A5</li>
<li>Card: 350gsm silk art board</li>
<li>Finish: machine cut and folded</li>
<li>Includes: free white envelope</li>
<li>Personalisation: name, age, front message and inside message</li>
</ul>
<h3>Delivery</h3>
<p>Sent Royal Mail 1st Class, dispatched the same day, or the next working day at busy times. It's posted flat in a board-backed envelope.</p>
<p>Pair the personalised Blink-182 music birthday card with a personalised mug for a birthday gift that's sorted in one go. Custom cards on request: call 01439 771468.</p>
<h3>Please note</h3>
<p class=""disclaimer"">This is an unofficial fan design. It is not endorsed by, or connected with, Blink-182, their management or record label. All names and trademarks belong to their respective owners.</p>"
personalised-blur-1-music-birthday-card-sa,"<p>Make their day with a personalised Blur music birthday card, printed on thick card in our North Yorkshire workshop and posted 1st Class.</p>
<h2>Personalised Blur birthday card</h2>
<p>The front shows a Blur music design (design 1). Add the birthday name, age and your own front message when you order, and we can print a message inside too. We print exactly what you enter, so please double-check names and spelling.</p>
<h3>Why you'll love it</h3>
<ul>
<li>Printed on 350gsm silk art board, much thicker than the usual 240gsm card</li>
<li>Printed A4 and folded to A5, then machine cut and folded for a crisp finish</li>
<li>Personalised with their name, age and your own message</li>
<li>Comes with a free white envelope</li>
<li>Posted flat in a board-backed envelope so it arrives uncreased</li>
</ul>
<h3>Size &amp; details</h3>
<ul>
<li>Size: printed A4, folded to A5</li>
<li>Card: 350gsm silk art board</li>
<li>Finish: machine cut and folded</li>
<li>Includes: free white envelope</li>
<li>Personalisation: name, age, front message and inside message</li>
</ul>
<h3>Delivery</h3>
<p>Sent Royal Mail 1st Class, dispatched the same day, or the next working day at busy times. It's posted flat in a board-backed envelope.</p>
<p>Buying for a music fan? Add a personalised mug or poster for a matching gift. Custom card designs on request: call 01439 771468.</p>
<h3>Please note</h3>
<p class=""disclaimer"">This is an unofficial fan design. It is not endorsed by, or connected with, Blur, their management or record label. All names and trademarks belong to their respective owners.</p>"
personalised-blur-2-music-birthday-card-sa,"<p>Looking for a card for a music fan? This personalised Blur music birthday card is made to order with the name, age and message you choose.</p>
<h2>Personalised Blur birthday card</h2>
<p>It's a Blur music design (design 2), personalised with the name and age of the birthday music fan. We can print inside and out, so add your own inside message when you order. We print exactly what you enter, so please double-check names and spelling.</p>
<h3>Why you'll love it</h3>
<ul>
<li>Printed A4 and folded to A5, then machine cut and folded for a crisp finish</li>
<li>Personalised with their name, age and your own message</li>
<li>Printed inside and out if you want a message inside</li>
<li>Comes with a free white envelope</li>
<li>Posted flat in a board-backed envelope so it arrives uncreased</li>
</ul>
<h3>Size &amp; details</h3>
<ul>
<li>Size: printed A4, folded to A5</li>
<li>Card: 350gsm silk art board</li>
<li>Finish: machine cut and folded</li>
<li>Includes: free white envelope</li>
<li>Personalisation: name, age, front message and inside message</li>
</ul>
<h3>Delivery</h3>
<p>Sent Royal Mail 1st Class, dispatched the same day, or the next working day at busy times. It's posted flat in a board-backed envelope.</p>
<p>Can't find the design you're after? We can make a custom birthday card: call 01439 771468.</p>
<h3>Please note</h3>
<p class=""disclaimer"">This is an unofficial fan design. It is not endorsed by, or connected with, Blur, their management or record label. All names and trademarks belong to their respective owners.</p>"
personalised-bohemian-rhapsody-music-birthday-card-sa,"<p>Make their day with a personalised Queen music birthday card, printed on thick card in our North Yorkshire workshop and posted 1st Class.</p>
<h2>Personalised Queen music birthday card</h2>
<p>You get a Queen music design, printed with the name and age you give us. Want a message inside? Add it when you order and we'll print that as well. We print exactly what you enter, so please double-check names and spelling.</p>
<h3>Why you'll love it</h3>
<ul>
<li>Printed on 350gsm silk art board, much thicker than the usual 240gsm card</li>
<li>Personalised with their name, age and your own message</li>
<li>Printed inside and out if you want a message inside</li>
<li>Comes with a free white envelope</li>
<li>Posted flat in a board-backed envelope so it arrives uncreased</li>
</ul>
<h3>Size &amp; details</h3>
<ul>
<li>Size: printed A4, folded to A5</li>
<li>Card: 350gsm silk art board</li>
<li>Finish: machine cut and folded</li>
<li>Includes: free white envelope</li>
<li>Personalisation: name, age, front message and inside message</li>
</ul>
<h3>Delivery</h3>
<p>Sent Royal Mail 1st Class, dispatched the same day, or the next working day at busy times. It's posted flat in a board-backed envelope.</p>
<p>Can't find the design you're after? We can make a custom birthday card: call 01439 771468.</p>
<h3>Please note</h3>
<p class=""disclaimer"">This is an unofficial fan design. It is not endorsed by, or connected with, Queen, their management or record label. All names and trademarks belong to their respective owners.</p>"
personalised-boyfriend-1-music-birthday-card-sa,"<p>Our personalised Boyfriend music birthday card is a fun way to wish a music fan happy birthday, with their name and age added to the design.</p>
<h2>Personalised Boyfriend music birthday card</h2>
<p>It's a Boyfriend music design (design 1), personalised with the name and age of the birthday music fan. We can print inside and out, so add your own inside message when you order. We print exactly what you enter, so please double-check names and spelling.</p>
<h3>Why you'll love it</h3>
<ul>
<li>Printed on 350gsm silk art board, much thicker than the usual 240gsm card</li>
<li>Printed A4 and folded to A5, then machine cut and folded for a crisp finish</li>
<li>Personalised with their name, age and your own message</li>
<li>Printed inside and out if you want a message inside</li>
<li>Posted flat in a board-backed envelope so it arrives uncreased</li>
</ul>
<h3>Size &amp; details</h3>
<ul>
<li>Size: printed A4, folded to A5</li>
<li>Card: 350gsm silk art board</li>
<li>Finish: machine cut and folded</li>
<li>Includes: free white envelope</li>
<li>Personalisation: name, age, front message and inside message</li>
</ul>
<h3>Delivery</h3>
<p>Sent Royal Mail 1st Class, dispatched the same day, or the next working day at busy times. It's posted flat in a board-backed envelope.</p>
<p>Pair the personalised Boyfriend music birthday card with a personalised mug for a birthday gift that's sorted in one go. Custom cards on request: call 01439 771468.</p>
<h3>Please note</h3>
<p class=""disclaimer"">This is an unofficial fan design. It is not endorsed by, or connected with, Boyfriend, their management or record label. All names and trademarks belong to their respective owners.</p>"
personalised-boyfriend-2-music-birthday-card-sa,"<p>Make their day with a personalised Boyfriend music birthday card, printed on thick card in our North Yorkshire workshop and posted 1st Class.</p>
<h2>Personalised Boyfriend music birthday card</h2>
<p>The front shows a Boyfriend music design (design 2). Add the birthday name, age and your own front message when you order, and we can print a message inside too. We print exactly what you enter, so please double-check names and spelling.</p>
<h3>Why you'll love it</h3>
<ul>
<li>Printed on 350gsm silk art board, much thicker than the usual 240gsm card</li>
<li>Printed A4 and folded to A5, then machine cut and folded for a crisp finish</li>
<li>Personalised with their name, age and your own message</li>
<li>Printed inside and out if you want a message inside</li>
<li>Comes with a free white envelope</li>
</ul>
<h3>Size &amp; details</h3>
<ul>
<li>Size: printed A4, folded to A5</li>
<li>Card: 350gsm silk art board</li>
<li>Finish: machine cut and folded</li>
<li>Includes: free white envelope</li>
<li>Personalisation: name, age, front message and inside message</li>
</ul>
<h3>Delivery</h3>
<p>Sent Royal Mail 1st Class, dispatched the same day, or the next working day at busy times. It's posted flat in a board-backed envelope.</p>
<p>Can't find the design you're after? We can make a custom birthday card: call 01439 771468.</p>
<h3>Please note</h3>
<p class=""disclaimer"">This is an unofficial fan design. It is not endorsed by, or connected with, Boyfriend, their management or record label. All names and trademarks belong to their respective owners.</p>"
personalised-breaking-benjamin-1-music-birthday-card-sa,"<p>Looking for a card for a music fan? This personalised Breaking Benjamin music birthday card is made to order with the name, age and message you choose.</p>
<h2>Breaking Benjamin birthday card with name and age</h2>
<p>It's a Breaking Benjamin music design (design 1), personalised with the name and age of the birthday music fan. We can print inside and out, so add your own inside message when you order. We print exactly what you enter, so please double-check names and spelling.</p>
<h3>Why you'll love it</h3>
<ul>
<li>Printed on 350gsm silk art board, much thicker than the usual 240gsm card</li>
<li>Printed A4 and folded to A5, then machine cut and folded for a crisp finish</li>
<li>Printed inside and out if you want a message inside</li>
<li>Comes with a free white envelope</li>
<li>Posted flat in a board-backed envelope so it arrives uncreased</li>
</ul>
<h3>Size &amp; details</h3>
<ul>
<li>Size: printed A4, folded to A5</li>
<li>Card: 350gsm silk art board</li>
<li>Finish: machine cut and folded</li>
<li>Includes: free white envelope</li>
<li>Personalisation: name, age, front message and inside message</li>
</ul>
<h3>Delivery</h3>
<p>Sent Royal Mail 1st Class, dispatched the same day, or the next working day at busy times. It's posted flat in a board-backed envelope.</p>
<p>Can't find the design you're after? We can make a custom birthday card: call 01439 771468.</p>
<h3>Please note</h3>
<p class=""disclaimer"">This is an unofficial fan design. It is not endorsed by, or connected with, Breaking Benjamin, their management or record label. All names and trademarks belong to their respective owners.</p>"
personalised-breaking-benjamin-2-music-birthday-card-sa,"<p>Our personalised Breaking Benjamin music birthday card is a fun way to wish a music fan happy birthday, with their name and age added to the design.</p>
<h2>Breaking Benjamin birthday card with name and age</h2>
<p>You get a Breaking Benjamin music design (design 2), printed with the name and age you give us. Want a message inside? Add it when you order and we'll print that as well. We print exactly what you enter, so please double-check names and spelling.</p>
<h3>Why you'll love it</h3>
<ul>
<li>Printed on 350gsm silk art board, much thicker than the usual 240gsm card</li>
<li>Printed A4 and folded to A5, then machine cut and folded for a crisp finish</li>
<li>Personalised with their name, age and your own message</li>
<li>Comes with a free white envelope</li>
<li>Posted flat in a board-backed envelope so it arrives uncreased</li>
</ul>
<h3>Size &amp; details</h3>
<ul>
<li>Size: printed A4, folded to A5</li>
<li>Card: 350gsm silk art board</li>
<li>Finish: machine cut and folded</li>
<li>Includes: free white envelope</li>
<li>Personalisation: name, age, front message and inside message</li>
</ul>
<h3>Delivery</h3>
<p>Sent Royal Mail 1st Class, dispatched the same day, or the next working day at busy times. It's posted flat in a board-backed envelope.</p>
<p>Pair the personalised Breaking Benjamin music birthday card with a personalised mug for a birthday gift that's sorted in one go. Custom cards on request: call 01439 771468.</p>
<h3>Please note</h3>
<p class=""disclaimer"">This is an unofficial fan design. It is not endorsed by, or connected with, Breaking Benjamin, their management or record label. All names and trademarks belong to their respective owners.</p>"
personalised-bring-me-the-horizon-1-music-birthday-card-sa,"<p>Looking for a card for a music fan? This personalised Bring Me The Horizon music birthday card is made to order with the name, age and message you choose.</p>
<h2>Personalised Bring Me The Horizon music birthday card</h2>
<p>You get a Bring Me The Horizon music design (design 1), printed with the name and age you give us. Want a message inside? Add it when you order and we'll print that as well. We print exactly what you enter, so please double-check names and spelling.</p>
<h3>Why you'll love it</h3>
<ul>
<li>Printed on 350gsm silk art board, much thicker than the usual 240gsm card</li>
<li>Printed A4 and folded to A5, then machine cut and folded for a crisp finish</li>
<li>Personalised with their name, age and your own message</li>
<li>Printed inside and out if you want a message inside</li>
<li>Comes with a free white envelope</li>
</ul>
<h3>Size &amp; details</h3>
<ul>
<li>Size: printed A4, folded to A5</li>
<li>Card: 350gsm silk art board</li>
<li>Finish: machine cut and folded</li>
<li>Includes: free white envelope</li>
<li>Personalisation: name, age, front message and inside message</li>
</ul>
<h3>Delivery</h3>
<p>Sent Royal Mail 1st Class, dispatched the same day, or the next working day at busy times. It's posted flat in a board-backed envelope.</p>
<p>Pair the personalised Bring Me The Horizon music birthday card with a personalised mug for a birthday gift that's sorted in one go. Custom cards on request: call 01439 771468.</p>
<h3>Please note</h3>
<p class=""disclaimer"">This is an unofficial fan design. It is not endorsed by, or connected with, Bring Me The Horizon, their management or record label. All names and trademarks belong to their respective owners.</p>"
personalised-bring-me-the-horizon-2-music-birthday-card-sa,"<p>Looking for a card for a music fan? This personalised Bring Me The Horizon music birthday card is made to order with the name, age and message you choose.</p>
<h2>Personalised Bring Me The Horizon music birthday card</h2>
<p>The front shows a Bring Me The Horizon music design (design 2). Add the birthday name, age and your own front message when you order, and we can print a message inside too. We print exactly what you enter, so please double-check names and spelling.</p>
<h3>Why you'll love it</h3>
<ul>
<li>Printed on 350gsm silk art board, much thicker than the usual 240gsm card</li>
<li>Printed A4 and folded to A5, then machine cut and folded for a crisp finish</li>
<li>Printed inside and out if you want a message inside</li>
<li>Comes with a free white envelope</li>
<li>Posted flat in a board-backed envelope so it arrives uncreased</li>
</ul>
<h3>Size &amp; details</h3>
<ul>
<li>Size: printed A4, folded to A5</li>
<li>Card: 350gsm silk art board</li>
<li>Finish: machine cut and folded</li>
<li>Includes: free white envelope</li>
<li>Personalisation: name, age, front message and inside message</li>
</ul>
<h3>Delivery</h3>
<p>Sent Royal Mail 1st Class, dispatched the same day, or the next working day at busy times. It's posted flat in a board-backed envelope.</p>
<p>Can't find the design you're after? We can make a custom birthday card: call 01439 771468.</p>
<h3>Please note</h3>
<p class=""disclaimer"">This is an unofficial fan design. It is not endorsed by, or connected with, Bring Me The Horizon, their management or record label. All names and trademarks belong to their respective owners.</p>"
personalised-bts-1-music-birthday-card-sa,"<p>Looking for a card for a music fan? This personalised BTS music birthday card is made to order with the name, age and message you choose.</p>
<h2>Personalised BTS birthday card</h2>
<p>The front shows a BTS music design (design 1). Add the birthday name, age and your own front message when you order, and we can print a message inside too. We print exactly what you enter, so please double-check names and spelling.</p>
<h3>Why you'll love it</h3>
<ul>
<li>Printed on 350gsm silk art board, much thicker than the usual 240gsm card</li>
<li>Printed A4 and folded to A5, then machine cut and folded for a crisp finish</li>
<li>Printed inside and out if you want a message inside</li>
<li>Comes with a free white envelope</li>
<li>Posted flat in a board-backed envelope so it arrives uncreased</li>
</ul>
<h3>Size &amp; details</h3>
<ul>
<li>Size: printed A4, folded to A5</li>
<li>Card: 350gsm silk art board</li>
<li>Finish: machine cut and folded</li>
<li>Includes: free white envelope</li>
<li>Personalisation: name, age, front message and inside message</li>
</ul>
<h3>Delivery</h3>
<p>Sent Royal Mail 1st Class, dispatched the same day, or the next working day at busy times. It's posted flat in a board-backed envelope.</p>
<p>Can't find the design you're after? We can make a custom birthday card: call 01439 771468.</p>
<h3>Please note</h3>
<p class=""disclaimer"">This is an unofficial fan design. It is not endorsed by, or connected with, BTS, their management or record label. All names and trademarks belong to their respective owners.</p>"
personalised-bts-2-music-birthday-card-sa,"<p>Our personalised BTS music birthday card is a fun way to wish a music fan happy birthday, with their name and age added to the design.</p>
<h2>Personalised BTS music birthday card</h2>
<p>The front shows a BTS music design (design 2). Add the birthday name, age and your own front message when you order, and we can print a message inside too. We print exactly what you enter, so please double-check names and spelling.</p>
<h3>Why you'll love it</h3>
<ul>
<li>Printed on 350gsm silk art board, much thicker than the usual 240gsm card</li>
<li>Printed A4 and folded to A5, then machine cut and folded for a crisp finish</li>
<li>Printed inside and out if you want a message inside</li>
<li>Comes with a free white envelope</li>
<li>Posted flat in a board-backed envelope so it arrives uncreased</li>
</ul>
<h3>Size &amp; details</h3>
<ul>
<li>Size: printed A4, folded to A5</li>
<li>Card: 350gsm silk art board</li>
<li>Finish: machine cut and folded</li>
<li>Includes: free white envelope</li>
<li>Personalisation: name, age, front message and inside message</li>
</ul>
<h3>Delivery</h3>
<p>Sent Royal Mail 1st Class, dispatched the same day, or the next working day at busy times. It's posted flat in a board-backed envelope.</p>
<p>Pair the personalised BTS music birthday card with a personalised mug for a birthday gift that's sorted in one go. Custom cards on request: call 01439 771468.</p>
<h3>Please note</h3>
<p class=""disclaimer"">This is an unofficial fan design. It is not endorsed by, or connected with, BTS, their management or record label. All names and trademarks belong to their respective owners.</p>"
personalised-bullet-for-my-valentine-1-music-birthday-card-sa,"<p>Make their day with a personalised Bullet For My Valentine music birthday card, printed on thick card in our North Yorkshire workshop and posted 1st Class.</p>
<h2>Personalised Bullet For My Valentine music birthday card</h2>
<p>The front shows a Bullet For My Valentine music design (design 1). Add the birthday name, age and your own front message when you order, and we can print a message inside too. We print exactly what you enter, so please double-check names and spelling.</p>
<h3>Why you'll love it</h3>
<ul>
<li>Printed on 350gsm silk art board, much thicker than the usual 240gsm card</li>
<li>Printed A4 and folded to A5, then machine cut and folded for a crisp finish</li>
<li>Printed inside and out if you want a message inside</li>
<li>Comes with a free white envelope</li>
<li>Posted flat in a board-backed envelope so it arrives uncreased</li>
</ul>
<h3>Size &amp; details</h3>
<ul>
<li>Size: printed A4, folded to A5</li>
<li>Card: 350gsm silk art board</li>
<li>Finish: machine cut and folded</li>
<li>Includes: free white envelope</li>
<li>Personalisation: name, age, front message and inside message</li>
</ul>
<h3>Delivery</h3>
<p>Sent Royal Mail 1st Class, dispatched the same day, or the next working day at busy times. It's posted flat in a board-backed envelope.</p>
<p>Buying for a music fan? Add a personalised mug or poster for a matching gift. Custom card designs on request: call 01439 771468.</p>
<h3>Please note</h3>
<p class=""disclaimer"">This is an unofficial fan design. It is not endorsed by, or connected with, Bullet For My Valentine, their management or record label. All names and trademarks belong to their respective owners.</p>"
personalised-bullet-for-my-valentine-2-music-birthday-card-sa,"<p>Make their day with a personalised Bullet For My Valentine music birthday card, printed on thick card in our North Yorkshire workshop and posted 1st Class.</p>
<h2>Personalised Bullet For My Valentine birthday card</h2>
<p>It's a Bullet For My Valentine music design (design 2), personalised with the name and age of the birthday music fan. We can print inside and out, so add your own inside message when you order. We print exactly what you enter, so please double-check names and spelling.</p>
<h3>Why you'll love it</h3>
<ul>
<li>Printed on 350gsm silk art board, much thicker than the usual 240gsm card</li>
<li>Printed A4 and folded to A5, then machine cut and folded for a crisp finish</li>
<li>Printed inside and out if you want a message inside</li>
<li>Comes with a free white envelope</li>
<li>Posted flat in a board-backed envelope so it arrives uncreased</li>
</ul>
<h3>Size &amp; details</h3>
<ul>
<li>Size: printed A4, folded to A5</li>
<li>Card: 350gsm silk art board</li>
<li>Finish: machine cut and folded</li>
<li>Includes: free white envelope</li>
<li>Personalisation: name, age, front message and inside message</li>
</ul>
<h3>Delivery</h3>
<p>Sent Royal Mail 1st Class, dispatched the same day, or the next working day at busy times. It's posted flat in a board-backed envelope.</p>
<p>Pair the personalised Bullet For My Valentine music birthday card with a personalised mug for a birthday gift that's sorted in one go. Custom cards on request: call 01439 771468.</p>
<h3>Please note</h3>
<p class=""disclaimer"">This is an unofficial fan design. It is not endorsed by, or connected with, Bullet For My Valentine, their management or record label. All names and trademarks belong to their respective owners.</p>"
personalised-cello-music-birthday-card-sa,"<p>Our personalised Cello music birthday card is a fun way to wish a music fan happy birthday, with their name and age added to the design.</p>
<h2>Personalised Cello birthday card</h2>
<p>You get a Cello music design, printed with the name and age you give us. Want a message inside? Add it when you order and we'll print that as well. We print exactly what you enter, so please double-check names and spelling.</p>
<h3>Why you'll love it</h3>
<ul>
<li>Printed A4 and folded to A5, then machine cut and folded for a crisp finish</li>
<li>Personalised with their name, age and your own message</li>
<li>Printed inside and out if you want a message inside</li>
<li>Comes with a free white envelope</li>
<li>Posted flat in a board-backed envelope so it arrives uncreased</li>
</ul>
<h3>Size &amp; details</h3>
<ul>
<li>Size: printed A4, folded to A5</li>
<li>Card: 350gsm silk art board</li>
<li>Finish: machine cut and folded</li>
<li>Includes: free white envelope</li>
<li>Personalisation: name, age, front message and inside message</li>
</ul>
<h3>Delivery</h3>
<p>Sent Royal Mail 1st Class, dispatched the same day, or the next working day at busy times. It's posted flat in a board-backed envelope.</p>
<p>Buying for a music fan? Add a personalised mug or poster for a matching gift. Custom card designs on request: call 01439 771468.</p>"
personalised-cnblue-1-music-birthday-card-sa,"<p>Looking for a card for a music fan? This personalised CNBLUE music birthday card is made to order with the name, age and message you choose.</p>
<h2>Personalised CNBLUE birthday card</h2>
<p>The front shows a CNBLUE music design (design 1). Add the birthday name, age and your own front message when you order, and we can print a message inside too. We print exactly what you enter, so please double-check names and spelling.</p>
<h3>Why you'll love it</h3>
<ul>
<li>Printed on 350gsm silk art board, much thicker than the usual 240gsm card</li>
<li>Printed A4 and folded to A5, then machine cut and folded for a crisp finish</li>
<li>Printed inside and out if you want a message inside</li>
<li>Comes with a free white envelope</li>
<li>Posted flat in a board-backed envelope so it arrives uncreased</li>
</ul>
<h3>Size &amp; details</h3>
<ul>
<li>Size: printed A4, folded to A5</li>
<li>Card: 350gsm silk art board</li>
<li>Finish: machine cut and folded</li>
<li>Includes: free white envelope</li>
<li>Personalisation: name, age, front message and inside message</li>
</ul>
<h3>Delivery</h3>
<p>Sent Royal Mail 1st Class, dispatched the same day, or the next working day at busy times. It's posted flat in a board-backed envelope.</p>
<p>Pair the personalised CNBLUE music birthday card with a personalised mug for a birthday gift that's sorted in one go. Custom cards on request: call 01439 771468.</p>
<h3>Please note</h3>
<p class=""disclaimer"">This is an unofficial fan design. It is not endorsed by, or connected with, CNBLUE, their management or record label. All names and trademarks belong to their respective owners.</p>"
personalised-cnblue-2-music-birthday-card-sa,"<p>Our personalised CNBLUE music birthday card is a fun way to wish a music fan happy birthday, with their name and age added to the design.</p>
<h2>Personalised CNBLUE birthday card</h2>
<p>You get a CNBLUE music design (design 2), printed with the name and age you give us. Want a message inside? Add it when you order and we'll print that as well. We print exactly what you enter, so please double-check names and spelling.</p>
<h3>Why you'll love it</h3>
<ul>
<li>Printed on 350gsm silk art board, much thicker than the usual 240gsm card</li>
<li>Printed A4 and folded to A5, then machine cut and folded for a crisp finish</li>
<li>Personalised with their name, age and your own message</li>
<li>Comes with a free white envelope</li>
<li>Posted flat in a board-backed envelope so it arrives uncreased</li>
</ul>
<h3>Size &amp; details</h3>
<ul>
<li>Size: printed A4, folded to A5</li>
<li>Card: 350gsm silk art board</li>
<li>Finish: machine cut and folded</li>
<li>Includes: free white envelope</li>
<li>Personalisation: name, age, front message and inside message</li>
</ul>
<h3>Delivery</h3>
<p>Sent Royal Mail 1st Class, dispatched the same day, or the next working day at busy times. It's posted flat in a board-backed envelope.</p>
<p>Pair the personalised CNBLUE music birthday card with a personalised mug for a birthday gift that's sorted in one go. Custom cards on request: call 01439 771468.</p>
<h3>Please note</h3>
<p class=""disclaimer"">This is an unofficial fan design. It is not endorsed by, or connected with, CNBLUE, their management or record label. All names and trademarks belong to their respective owners.</p>"
personalised-coldplay-1-music-birthday-card-sa,"<p>Make their day with a personalised Coldplay music birthday card, printed on thick card in our North Yorkshire workshop and posted 1st Class.</p>
<h2>Coldplay birthday card with name and age</h2>
<p>The front shows a Coldplay music design (design 1). Add the birthday name, age and your own front message when you order, and we can print a message inside too. We print exactly what you enter, so please double-check names and spelling.</p>
<h3>Why you'll love it</h3>
<ul>
<li>Printed on 350gsm silk art board, much thicker than the usual 240gsm card</li>
<li>Printed A4 and folded to A5, then machine cut and folded for a crisp finish</li>
<li>Personalised with their name, age and your own message</li>
<li>Printed inside and out if you want a message inside</li>
<li>Comes with a free white envelope</li>
</ul>
<h3>Size &amp; details</h3>
<ul>
<li>Size: printed A4, folded to A5</li>
<li>Card: 350gsm silk art board</li>
<li>Finish: machine cut and folded</li>
<li>Includes: free white envelope</li>
<li>Personalisation: name, age, front message and inside message</li>
</ul>
<h3>Delivery</h3>
<p>Sent Royal Mail 1st Class, dispatched the same day, or the next working day at busy times. It's posted flat in a board-backed envelope.</p>
<p>Pair the personalised Coldplay music birthday card with a personalised mug for a birthday gift that's sorted in one go. Custom cards on request: call 01439 771468.</p>
<h3>Please note</h3>
<p class=""disclaimer"">This is an unofficial fan design. It is not endorsed by, or connected with, Coldplay, their management or record label. All names and trademarks belong to their respective owners.</p>"
personalised-coldplay-2-music-birthday-card-sa,"<p>Looking for a card for a music fan? This personalised Coldplay music birthday card is made to order with the name, age and message you choose.</p>
<h2>Personalised Coldplay music birthday card</h2>
<p>You get a Coldplay music design (design 2), printed with the name and age you give us. Want a message inside? Add it when you order and we'll print that as well. We print exactly what you enter, so please double-check names and spelling.</p>
<h3>Why you'll love it</h3>
<ul>
<li>Printed on 350gsm silk art board, much thicker than the usual 240gsm card</li>
<li>Printed A4 and folded to A5, then machine cut and folded for a crisp finish</li>
<li>Personalised with their name, age and your own message</li>
<li>Printed inside and out if you want a message inside</li>
<li>Comes with a free white envelope</li>
</ul>
<h3>Size &amp; details</h3>
<ul>
<li>Size: printed A4, folded to A5</li>
<li>Card: 350gsm silk art board</li>
<li>Finish: machine cut and folded</li>
<li>Includes: free white envelope</li>
<li>Personalisation: name, age, front message and inside message</li>
</ul>
<h3>Delivery</h3>
<p>Sent Royal Mail 1st Class, dispatched the same day, or the next working day at busy times. It's posted flat in a board-backed envelope.</p>
<p>Can't find the design you're after? We can make a custom birthday card: call 01439 771468.</p>
<h3>Please note</h3>
<p class=""disclaimer"">This is an unofficial fan design. It is not endorsed by, or connected with, Coldplay, their management or record label. All names and trademarks belong to their respective owners.</p>"
personalised-creed-1-music-birthday-card-sa,"<p>Looking for a card for a music fan? This personalised Creed music birthday card is made to order with the name, age and message you choose.</p>
<h2>Personalised Creed music birthday card</h2>
<p>The front shows a Creed music design (design 1). Add the birthday name, age and your own front message when you order, and we can print a message inside too. We print exactly what you enter, so please double-check names and spelling.</p>
<h3>Why you'll love it</h3>
<ul>
<li>Printed on 350gsm silk art board, much thicker than the usual 240gsm card</li>
<li>Personalised with their name, age and your own message</li>
<li>Printed inside and out if you want a message inside</li>
<li>Comes with a free white envelope</li>
<li>Posted flat in a board-backed envelope so it arrives uncreased</li>
</ul>
<h3>Size &amp; details</h3>
<ul>
<li>Size: printed A4, folded to A5</li>
<li>Card: 350gsm silk art board</li>
<li>Finish: machine cut and folded</li>
<li>Includes: free white envelope</li>
<li>Personalisation: name, age, front message and inside message</li>
</ul>
<h3>Delivery</h3>
<p>Sent Royal Mail 1st Class, dispatched the same day, or the next working day at busy times. It's posted flat in a board-backed envelope.</p>
<p>Buying for a music fan? Add a personalised mug or poster for a matching gift. Custom card designs on request: call 01439 771468.</p>
<h3>Please note</h3>
<p class=""disclaimer"">This is an unofficial fan design. It is not endorsed by, or connected with, Creed, their management or record label. All names and trademarks belong to their respective owners.</p>"
personalised-creed-2-music-birthday-card-sa,"<p>Looking for a card for a music fan? This personalised Creed music birthday card is made to order with the name, age and message you choose.</p>
<h2>Personalised Creed birthday card</h2>
<p>It's a Creed music design (design 2), personalised with the name and age of the birthday music fan. We can print inside and out, so add your own inside message when you order. We print exactly what you enter, so please double-check names and spelling.</p>
<h3>Why you'll love it</h3>
<ul>
<li>Printed on 350gsm silk art board, much thicker than the usual 240gsm card</li>
<li>Printed A4 and folded to A5, then machine cut and folded for a crisp finish</li>
<li>Personalised with their name, age and your own message</li>
<li>Printed inside and out if you want a message inside</li>
<li>Posted flat in a board-backed envelope so it arrives uncreased</li>
</ul>
<h3>Size &amp; details</h3>
<ul>
<li>Size: printed A4, folded to A5</li>
<li>Card: 350gsm silk art board</li>
<li>Finish: machine cut and folded</li>
<li>Includes: free white envelope</li>
<li>Personalisation: name, age, front message and inside message</li>
</ul>
<h3>Delivery</h3>
<p>Sent Royal Mail 1st Class, dispatched the same day, or the next working day at busy times. It's posted flat in a board-backed envelope.</p>
<p>Pair the personalised Creed music birthday card with a personalised mug for a birthday gift that's sorted in one go. Custom cards on request: call 01439 771468.</p>
<h3>Please note</h3>
<p class=""disclaimer"">This is an unofficial fan design. It is not endorsed by, or connected with, Creed, their management or record label. All names and trademarks belong to their respective owners.</p>"
personalised-daft-punk-music-birthday-card-sa,"<p>Looking for a card for a music fan? This personalised Daft Punk music birthday card is made to order with the name, age and message you choose.</p>
<h2>Personalised Daft Punk music birthday card</h2>
<p>You get a Daft Punk music design, printed with the name and age you give us. Want a message inside? Add it when you order and we'll print that as well. We print exactly what you enter, so please double-check names and spelling.</p>
<h3>Why you'll love it</h3>
<ul>
<li>Printed on 350gsm silk art board, much thicker than the usual 240gsm card</li>
<li>Printed A4 and folded to A5, then machine cut and folded for a crisp finish</li>
<li>Personalised with their name, age and your own message</li>
<li>Comes with a free white envelope</li>
<li>Posted flat in a board-backed envelope so it arrives uncreased</li>
</ul>
<h3>Size &amp; details</h3>
<ul>
<li>Size: printed A4, folded to A5</li>
<li>Card: 350gsm silk art board</li>
<li>Finish: machine cut and folded</li>
<li>Includes: free white envelope</li>
<li>Personalisation: name, age, front message and inside message</li>
</ul>
<h3>Delivery</h3>
<p>Sent Royal Mail 1st Class, dispatched the same day, or the next working day at busy times. It's posted flat in a board-backed envelope.</p>
<p>Buying for a music fan? Add a personalised mug or poster for a matching gift. Custom card designs on request: call 01439 771468.</p>
<h3>Please note</h3>
<p class=""disclaimer"">This is an unofficial fan design. It is not endorsed by, or connected with, Daft Punk, their management or record label. All names and trademarks belong to their respective owners.</p>"
personalised-dance-moms-1-music-birthday-card-sa,"<p>Make their day with a personalised Dance Moms music birthday card, printed on thick card in our North Yorkshire workshop and posted 1st Class.</p>
<h2>Personalised Dance Moms birthday card</h2>
<p>It's a Dance Moms music design (design 1), personalised with the name and age of the birthday music fan. We can print inside and out, so add your own inside message when you order. We print exactly what you enter, so please double-check names and spelling.</p>
<h3>Why you'll love it</h3>
<ul>
<li>Printed on 350gsm silk art board, much thicker than the usual 240gsm card</li>
<li>Personalised with their name, age and your own message</li>
<li>Printed inside and out if you want a message inside</li>
<li>Comes with a free white envelope</li>
<li>Posted flat in a board-backed envelope so it arrives uncreased</li>
</ul>
<h3>Size &amp; details</h3>
<ul>
<li>Size: printed A4, folded to A5</li>
<li>Card: 350gsm silk art board</li>
<li>Finish: machine cut and folded</li>
<li>Includes: free white envelope</li>
<li>Personalisation: name, age, front message and inside message</li>
</ul>
<h3>Delivery</h3>
<p>Sent Royal Mail 1st Class, dispatched the same day, or the next working day at busy times. It's posted flat in a board-backed envelope.</p>
<p>Pair the personalised Dance Moms music birthday card with a personalised mug for a birthday gift that's sorted in one go. Custom cards on request: call 01439 771468.</p>
<h3>Please note</h3>
<p class=""disclaimer"">This is an unofficial design inspired by Dance Moms. It is not official merchandise and is not endorsed by, sponsored by, or connected with Dance Moms, its makers or rights holders, or any of their licensees. All names and trademarks belong to their respective owners.</p>"
personalised-dance-moms-2-music-birthday-card-sa,"<p>Our personalised Dance Moms music birthday card is a fun way to wish a music fan happy birthday, with their name and age added to the design.</p>
<h2>Personalised Dance Moms music birthday card</h2>
<p>The front shows a Dance Moms music design (design 2). Add the birthday name, age and your own front message when you order, and we can print a message inside too. We print exactly what you enter, so please double-check names and spelling.</p>
<h3>Why you'll love it</h3>
<ul>
<li>Printed on 350gsm silk art board, much thicker than the usual 240gsm card</li>
<li>Personalised with their name, age and your own message</li>
<li>Printed inside and out if you want a message inside</li>
<li>Comes with a free white envelope</li>
<li>Posted flat in a board-backed envelope so it arrives uncreased</li>
</ul>
<h3>Size &amp; details</h3>
<ul>
<li>Size: printed A4, folded to A5</li>
<li>Card: 350gsm silk art board</li>
<li>Finish: machine cut and folded</li>
<li>Includes: free white envelope</li>
<li>Personalisation: name, age, front message and inside message</li>
</ul>
<h3>Delivery</h3>
<p>Sent Royal Mail 1st Class, dispatched the same day, or the next working day at busy times. It's posted flat in a board-backed envelope.</p>
<p>Buying for a music fan? Add a personalised mug or poster for a matching gift. Custom card designs on request: call 01439 771468.</p>
<h3>Please note</h3>
<p class=""disclaimer"">This is an unofficial design inspired by Dance Moms. It is not official merchandise and is not endorsed by, sponsored by, or connected with Dance Moms, its makers or rights holders, or any of their licensees. All names and trademarks belong to their respective owners.</p>"
personalised-deadmau5-1-music-birthday-card-sa,"<p>Make their day with a personalised deadmau5 music birthday card, printed on thick card in our North Yorkshire workshop and posted 1st Class.</p>
<h2>Personalised deadmau5 music birthday card</h2>
<p>The front shows a deadmau5 music design (design 1). Add the birthday name, age and your own front message when you order, and we can print a message inside too. We print exactly what you enter, so please double-check names and spelling.</p>
<h3>Why you'll love it</h3>
<ul>
<li>Printed on 350gsm silk art board, much thicker than the usual 240gsm card</li>
<li>Printed A4 and folded to A5, then machine cut and folded for a crisp finish</li>
<li>Personalised with their name, age and your own message</li>
<li>Comes with a free white envelope</li>
<li>Posted flat in a board-backed envelope so it arrives uncreased</li>
</ul>
<h3>Size &amp; details</h3>
<ul>
<li>Size: printed A4, folded to A5</li>
<li>Card: 350gsm silk art board</li>
<li>Finish: machine cut and folded</li>
<li>Includes: free white envelope</li>
<li>Personalisation: name, age, front message and inside message</li>
</ul>
<h3>Delivery</h3>
<p>Sent Royal Mail 1st Class, dispatched the same day, or the next working day at busy times. It's posted flat in a board-backed envelope.</p>
<p>Buying for a music fan? Add a personalised mug or poster for a matching gift. Custom card designs on request: call 01439 771468.</p>
<h3>Please note</h3>
<p class=""disclaimer"">This is an unofficial fan design. It is not endorsed by, or connected with, deadmau5, their management or record label. All names and trademarks belong to their respective owners.</p>"
personalised-deadmau5-2-music-birthday-card-sa,"<p>Make their day with a personalised deadmau5 music birthday card, printed on thick card in our North Yorkshire workshop and posted 1st Class.</p>
<h2>Personalised deadmau5 music birthday card</h2>
<p>The front shows a deadmau5 music design (design 2). Add the birthday name, age and your own front message when you order, and we can print a message inside too. We print exactly what you enter, so please double-check names and spelling.</p>
<h3>Why you'll love it</h3>
<ul>
<li>Printed on 350gsm silk art board, much thicker than the usual 240gsm card</li>
<li>Printed A4 and folded to A5, then machine cut and folded for a crisp finish</li>
<li>Personalised with their name, age and your own message</li>
<li>Comes with a free white envelope</li>
<li>Posted flat in a board-backed envelope so it arrives uncreased</li>
</ul>
<h3>Size &amp; details</h3>
<ul>
<li>Size: printed A4, folded to A5</li>
<li>Card: 350gsm silk art board</li>
<li>Finish: machine cut and folded</li>
<li>Includes: free white envelope</li>
<li>Personalisation: name, age, front message and inside message</li>
</ul>
<h3>Delivery</h3>
<p>Sent Royal Mail 1st Class, dispatched the same day, or the next working day at busy times. It's posted flat in a board-backed envelope.</p>
<p>Can't find the design you're after? We can make a custom birthday card: call 01439 771468.</p>
<h3>Please note</h3>
<p class=""disclaimer"">This is an unofficial fan design. It is not endorsed by, or connected with, deadmau5, their management or record label. All names and trademarks belong to their respective owners.</p>"
personalised-def-leppard-1-music-birthday-card-sa,"<p>Our personalised Def Leppard music birthday card is a fun way to wish a music fan happy birthday, with their name and age added to the design.</p>
<h2>Def Leppard birthday card with name and age</h2>
<p>You get a Def Leppard music design (design 1), printed with the name and age you give us. Want a message inside? Add it when you order and we'll print that as well. We print exactly what you enter, so please double-check names and spelling.</p>
<h3>Why you'll love it</h3>
<ul>
<li>Printed on 350gsm silk art board, much thicker than the usual 240gsm card</li>
<li>Printed A4 and folded to A5, then machine cut and folded for a crisp finish</li>
<li>Printed inside and out if you want a message inside</li>
<li>Comes with a free white envelope</li>
<li>Posted flat in a board-backed envelope so it arrives uncreased</li>
</ul>
<h3>Size &amp; details</h3>
<ul>
<li>Size: printed A4, folded to A5</li>
<li>Card: 350gsm silk art board</li>
<li>Finish: machine cut and folded</li>
<li>Includes: free white envelope</li>
<li>Personalisation: name, age, front message and inside message</li>
</ul>
<h3>Delivery</h3>
<p>Sent Royal Mail 1st Class, dispatched the same day, or the next working day at busy times. It's posted flat in a board-backed envelope.</p>
<p>Can't find the design you're after? We can make a custom birthday card: call 01439 771468.</p>
<h3>Please note</h3>
<p class=""disclaimer"">This is an unofficial fan design. It is not endorsed by, or connected with, Def Leppard, their management or record label. All names and trademarks belong to their respective owners.</p>"
personalised-def-leppard-2-music-birthday-card-sa,"<p>Make their day with a personalised Def Leppard music birthday card, printed on thick card in our North Yorkshire workshop and posted 1st Class.</p>
<h2>Def Leppard birthday card with name and age</h2>
<p>The front shows a Def Leppard music design (design 2). Add the birthday name, age and your own front message when you order, and we can print a message inside too. We print exactly what you enter, so please double-check names and spelling.</p>
<h3>Why you'll love it</h3>
<ul>
<li>Printed on 350gsm silk art board, much thicker than the usual 240gsm card</li>
<li>Printed A4 and folded to A5, then machine cut and folded for a crisp finish</li>
<li>Personalised with their name, age and your own message</li>
<li>Comes with a free white envelope</li>
<li>Posted flat in a board-backed envelope so it arrives uncreased</li>
</ul>
<h3>Size &amp; details</h3>
<ul>
<li>Size: printed A4, folded to A5</li>
<li>Card: 350gsm silk art board</li>
<li>Finish: machine cut and folded</li>
<li>Includes: free white envelope</li>
<li>Personalisation: name, age, front message and inside message</li>
</ul>
<h3>Delivery</h3>
<p>Sent Royal Mail 1st Class, dispatched the same day, or the next working day at busy times. It's posted flat in a board-backed envelope.</p>
<p>Buying for a music fan? Add a personalised mug or poster for a matching gift. Custom card designs on request: call 01439 771468.</p>
<h3>Please note</h3>
<p class=""disclaimer"">This is an unofficial fan design. It is not endorsed by, or connected with, Def Leppard, their management or record label. All names and trademarks belong to their respective owners.</p>"
personalised-depeche-mode-1-music-birthday-card-sa,"<p>Our personalised Depeche Mode music birthday card is a fun way to wish a music fan happy birthday, with their name and age added to the design.</p>
<h2>Personalised Depeche Mode birthday card</h2>
<p>You get a Depeche Mode music design (design 1), printed with the name and age you give us. Want a message inside? Add it when you order and we'll print that as well. We print exactly what you enter, so please double-check names and spelling.</p>
<h3>Why you'll love it</h3>
<ul>
<li>Printed A4 and folded to A5, then machine cut and folded for a crisp finish</li>
<li>Personalised with their name, age and your own message</li>
<li>Printed inside and out if you want a message inside</li>
<li>Comes with a free white envelope</li>
<li>Posted flat in a board-backed envelope so it arrives uncreased</li>
</ul>
<h3>Size &amp; details</h3>
<ul>
<li>Size: printed A4, folded to A5</li>
<li>Card: 350gsm silk art board</li>
<li>Finish: machine cut and folded</li>
<li>Includes: free white envelope</li>
<li>Personalisation: name, age, front message and inside message</li>
</ul>
<h3>Delivery</h3>
<p>Sent Royal Mail 1st Class, dispatched the same day, or the next working day at busy times. It's posted flat in a board-backed envelope.</p>
<p>Pair the personalised Depeche Mode music birthday card with a personalised mug for a birthday gift that's sorted in one go. Custom cards on request: call 01439 771468.</p>
<h3>Please note</h3>
<p class=""disclaimer"">This is an unofficial fan design. It is not endorsed by, or connected with, Depeche Mode, their management or record label. All names and trademarks belong to their respective owners.</p>"
personalised-depeche-mode-2-music-birthday-card-sa,"<p>Make their day with a personalised Depeche Mode music birthday card, printed on thick card in our North Yorkshire workshop and posted 1st Class.</p>
<h2>Personalised Depeche Mode music birthday card</h2>
<p>You get a Depeche Mode music design (design 2), printed with the name and age you give us. Want a message inside? Add it when you order and we'll print that as well. We print exactly what you enter, so please double-check names and spelling.</p>
<h3>Why you'll love it</h3>
<ul>
<li>Printed on 350gsm silk art board, much thicker than the usual 240gsm card</li>
<li>Printed A4 and folded to A5, then machine cut and folded for a crisp finish</li>
<li>Printed inside and out if you want a message inside</li>
<li>Comes with a free white envelope</li>
<li>Posted flat in a board-backed envelope so it arrives uncreased</li>
</ul>
<h3>Size &amp; details</h3>
<ul>
<li>Size: printed A4, folded to A5</li>
<li>Card: 350gsm silk art board</li>
<li>Finish: machine cut and folded</li>
<li>Includes: free white envelope</li>
<li>Personalisation: name, age, front message and inside message</li>
</ul>
<h3>Delivery</h3>
<p>Sent Royal Mail 1st Class, dispatched the same day, or the next working day at busy times. It's posted flat in a board-backed envelope.</p>
<p>Can't find the design you're after? We can make a custom birthday card: call 01439 771468.</p>
<h3>Please note</h3>
<p class=""disclaimer"">This is an unofficial fan design. It is not endorsed by, or connected with, Depeche Mode, their management or record label. All names and trademarks belong to their respective owners.</p>"
personalised-destinys-child-1-music-birthday-card-sa,"<p>Make their day with a personalised Destiny's Child music birthday card, printed on thick card in our North Yorkshire workshop and posted 1st Class.</p>
<h2>Personalised Destiny's Child birthday card</h2>
<p>It's a Destiny's Child music design (design 1), personalised with the name and age of the birthday music fan. We can print inside and out, so add your own inside message when you order. We print exactly what you enter, so please double-check names and spelling.</p>
<h3>Why you'll love it</h3>
<ul>
<li>Printed A4 and folded to A5, then machine cut and folded for a crisp finish</li>
<li>Personalised with their name, age and your own message</li>
<li>Printed inside and out if you want a message inside</li>
<li>Comes with a free white envelope</li>
<li>Posted flat in a board-backed envelope so it arrives uncreased</li>
</ul>
<h3>Size &amp; details</h3>
<ul>
<li>Size: printed A4, folded to A5</li>
<li>Card: 350gsm silk art board</li>
<li>Finish: machine cut and folded</li>
<li>Includes: free white envelope</li>
<li>Personalisation: name, age, front message and inside message</li>
</ul>
<h3>Delivery</h3>
<p>Sent Royal Mail 1st Class, dispatched the same day, or the next working day at busy times. It's posted flat in a board-backed envelope.</p>
<p>Can't find the design you're after? We can make a custom birthday card: call 01439 771468.</p>
<h3>Please note</h3>
<p class=""disclaimer"">This is an unofficial fan design. It is not endorsed by, or connected with, Destiny's Child, their management or record label. All names and trademarks belong to their respective owners.</p>"
personalised-die-antwoord-1-music-birthday-card-sa,"<p>Make their day with a personalised Die Antwoord music birthday card, printed on thick card in our North Yorkshire workshop and posted 1st Class.</p>
<h2>Personalised Die Antwoord birthday card</h2>
<p>You get a Die Antwoord music design (design 1), printed with the name and age you give us. Want a message inside? Add it when you order and we'll print that as well. We print exactly what you enter, so please double-check names and spelling.</p>
<h3>Why you'll love it</h3>
<ul>
<li>Printed on 350gsm silk art board, much thicker than the usual 240gsm card</li>
<li>Personalised with their name, age and your own message</li>
<li>Printed inside and out if you want a message inside</li>
<li>Comes with a free white envelope</li>
<li>Posted flat in a board-backed envelope so it arrives uncreased</li>
</ul>
<h3>Size &amp; details</h3>
<ul>
<li>Size: printed A4, folded to A5</li>
<li>Card: 350gsm silk art board</li>
<li>Finish: machine cut and folded</li>
<li>Includes: free white envelope</li>
<li>Personalisation: name, age, front message and inside message</li>
</ul>
<h3>Delivery</h3>
<p>Sent Royal Mail 1st Class, dispatched the same day, or the next working day at busy times. It's posted flat in a board-backed envelope.</p>
<p>Pair the personalised Die Antwoord music birthday card with a personalised mug for a birthday gift that's sorted in one go. Custom cards on request: call 01439 771468.</p>
<h3>Please note</h3>
<p class=""disclaimer"">This is an unofficial fan design. It is not endorsed by, or connected with, Die Antwoord, their management or record label. All names and trademarks belong to their respective owners.</p>"
personalised-die-antwoord-2-music-birthday-card-sa,"<p>Make their day with a personalised Die Antwoord music birthday card, printed on thick card in our North Yorkshire workshop and posted 1st Class.</p>
<h2>Personalised Die Antwoord music birthday card</h2>
<p>You get a Die Antwoord music design (design 2), printed with the name and age you give us. Want a message inside? Add it when you order and we'll print that as well. We print exactly what you enter, so please double-check names and spelling.</p>
<h3>Why you'll love it</h3>
<ul>
<li>Printed A4 and folded to A5, then machine cut and folded for a crisp finish</li>
<li>Personalised with their name, age and your own message</li>
<li>Printed inside and out if you want a message inside</li>
<li>Comes with a free white envelope</li>
<li>Posted flat in a board-backed envelope so it arrives uncreased</li>
</ul>
<h3>Size &amp; details</h3>
<ul>
<li>Size: printed A4, folded to A5</li>
<li>Card: 350gsm silk art board</li>
<li>Finish: machine cut and folded</li>
<li>Includes: free white envelope</li>
<li>Personalisation: name, age, front message and inside message</li>
</ul>
<h3>Delivery</h3>
<p>Sent Royal Mail 1st Class, dispatched the same day, or the next working day at busy times. It's posted flat in a board-backed envelope.</p>
<p>Pair the personalised Die Antwoord music birthday card with a personalised mug for a birthday gift that's sorted in one go. Custom cards on request: call 01439 771468.</p>
<h3>Please note</h3>
<p class=""disclaimer"">This is an unofficial fan design. It is not endorsed by, or connected with, Die Antwoord, their management or record label. All names and trademarks belong to their respective owners.</p>"
personalised-disturbed-1-music-birthday-card-sa,"<p>Our personalised Disturbed music birthday card is a fun way to wish a music fan happy birthday, with their name and age added to the design.</p>
<h2>Personalised Disturbed music birthday card</h2>
<p>The front shows a Disturbed music design (design 1). Add the birthday name, age and your own front message when you order, and we can print a message inside too. We print exactly what you enter, so please double-check names and spelling.</p>
<h3>Why you'll love it</h3>
<ul>
<li>Printed on 350gsm silk art board, much thicker than the usual 240gsm card</li>
<li>Printed A4 and folded to A5, then machine cut and folded for a crisp finish</li>
<li>Printed inside and out if you want a message inside</li>
<li>Comes with a free white envelope</li>
<li>Posted flat in a board-backed envelope so it arrives uncreased</li>
</ul>
<h3>Size &amp; details</h3>
<ul>
<li>Size: printed A4, folded to A5</li>
<li>Card: 350gsm silk art board</li>
<li>Finish: machine cut and folded</li>
<li>Includes: free white envelope</li>
<li>Personalisation: name, age, front message and inside message</li>
</ul>
<h3>Delivery</h3>
<p>Sent Royal Mail 1st Class, dispatched the same day, or the next working day at busy times. It's posted flat in a board-backed envelope.</p>
<p>Buying for a music fan? Add a personalised mug or poster for a matching gift. Custom card designs on request: call 01439 771468.</p>
<h3>Please note</h3>
<p class=""disclaimer"">This is an unofficial fan design. It is not endorsed by, or connected with, Disturbed, their management or record label. All names and trademarks belong to their respective owners.</p>"
personalised-disturbed-2-music-birthday-card-sa,"<p>Our personalised Disturbed music birthday card is a fun way to wish a music fan happy birthday, with their name and age added to the design.</p>
<h2>Personalised Disturbed birthday card</h2>
<p>The front shows a Disturbed music design (design 2). Add the birthday name, age and your own front message when you order, and we can print a message inside too. We print exactly what you enter, so please double-check names and spelling.</p>
<h3>Why you'll love it</h3>
<ul>
<li>Printed on 350gsm silk art board, much thicker than the usual 240gsm card</li>
<li>Printed A4 and folded to A5, then machine cut and folded for a crisp finish</li>
<li>Personalised with their name, age and your own message</li>
<li>Comes with a free white envelope</li>
<li>Posted flat in a board-backed envelope so it arrives uncreased</li>
</ul>
<h3>Size &amp; details</h3>
<ul>
<li>Size: printed A4, folded to A5</li>
<li>Card: 350gsm silk art board</li>
<li>Finish: machine cut and folded</li>
<li>Includes: free white envelope</li>
<li>Personalisation: name, age, front message and inside message</li>
</ul>
<h3>Delivery</h3>
<p>Sent Royal Mail 1st Class, dispatched the same day, or the next working day at busy times. It's posted flat in a board-backed envelope.</p>
<p>Pair the personalised Disturbed music birthday card with a personalised mug for a birthday gift that's sorted in one go. Custom cards on request: call 01439 771468.</p>
<h3>Please note</h3>
<p class=""disclaimer"">This is an unofficial fan design. It is not endorsed by, or connected with, Disturbed, their management or record label. All names and trademarks belong to their respective owners.</p>"
personalised-duran-duran-1-music-birthday-card-sa,"<p>Make their day with a personalised Duran Duran music birthday card, printed on thick card in our North Yorkshire workshop and posted 1st Class.</p>
<h2>Duran Duran birthday card with name and age</h2>
<p>The front shows a Duran Duran music design (design 1). Add the birthday name, age and your own front message when you order, and we can print a message inside too. We print exactly what you enter, so please double-check names and spelling.</p>
<h3>Why you'll love it</h3>
<ul>
<li>Printed on 350gsm silk art board, much thicker than the usual 240gsm card</li>
<li>Personalised with their name, age and your own message</li>
<li>Printed inside and out if you want a message inside</li>
<li>Comes with a free white envelope</li>
<li>Posted flat in a board-backed envelope so it arrives uncreased</li>
</ul>
<h3>Size &amp; details</h3>
<ul>
<li>Size: printed A4, folded to A5</li>
<li>Card: 350gsm silk art board</li>
<li>Finish: machine cut and folded</li>
<li>Includes: free white envelope</li>
<li>Personalisation: name, age, front message and inside message</li>
</ul>
<h3>Delivery</h3>
<p>Sent Royal Mail 1st Class, dispatched the same day, or the next working day at busy times. It's posted flat in a board-backed envelope.</p>
<p>Can't find the design you're after? We can make a custom birthday card: call 01439 771468.</p>
<h3>Please note</h3>
<p class=""disclaimer"">This is an unofficial fan design. It is not endorsed by, or connected with, Duran Duran, their management or record label. All names and trademarks belong to their respective owners.</p>"
personalised-duran-duran-2-music-birthday-card-sa,"<p>Our personalised Duran Duran music birthday card is a fun way to wish a music fan happy birthday, with their name and age added to the design.</p>
<h2>Personalised Duran Duran music birthday card</h2>
<p>You get a Duran Duran music design (design 2), printed with the name and age you give us. Want a message inside? Add it when you order and we'll print that as well. We print exactly what you enter, so please double-check names and spelling.</p>
<h3>Why you'll love it</h3>
<ul>
<li>Printed on 350gsm silk art board, much thicker than the usual 240gsm card</li>
<li>Printed A4 and folded to A5, then machine cut and folded for a crisp finish</li>
<li>Personalised with their name, age and your own message</li>
<li>Comes with a free white envelope</li>
<li>Posted flat in a board-backed envelope so it arrives uncreased</li>
</ul>
<h3>Size &amp; details</h3>
<ul>
<li>Size: printed A4, folded to A5</li>
<li>Card: 350gsm silk art board</li>
<li>Finish: machine cut and folded</li>
<li>Includes: free white envelope</li>
<li>Personalisation: name, age, front message and inside message</li>
</ul>
<h3>Delivery</h3>
<p>Sent Royal Mail 1st Class, dispatched the same day, or the next working day at busy times. It's posted flat in a board-backed envelope.</p>
<p>Buying for a music fan? Add a personalised mug or poster for a matching gift. Custom card designs on request: call 01439 771468.</p>
<h3>Please note</h3>
<p class=""disclaimer"">This is an unofficial fan design. It is not endorsed by, or connected with, Duran Duran, their management or record label. All names and trademarks belong to their respective owners.</p>"
personalised-ellie-goulding-1-music-birthday-card-sa,"<p>Make their day with a personalised Ellie Goulding music birthday card, printed on thick card in our North Yorkshire workshop and posted 1st Class.</p>
<h2>Personalised Ellie Goulding music birthday card</h2>
<p>It's a Ellie Goulding music design (design 1), personalised with the name and age of the birthday music fan. We can print inside and out, so add your own inside message when you order. We print exactly what you enter, so please double-check names and spelling.</p>
<h3>Why you'll love it</h3>
<ul>
<li>Printed on 350gsm silk art board, much thicker than the usual 240gsm card</li>
<li>Personalised with their name, age and your own message</li>
<li>Printed inside and out if you want a message inside</li>
<li>Comes with a free white envelope</li>
<li>Posted flat in a board-backed envelope so it arrives uncreased</li>
</ul>
<h3>Size &amp; details</h3>
<ul>
<li>Size: printed A4, folded to A5</li>
<li>Card: 350gsm silk art board</li>
<li>Finish: machine cut and folded</li>
<li>Includes: free white envelope</li>
<li>Personalisation: name, age, front message and inside message</li>
</ul>
<h3>Delivery</h3>
<p>Sent Royal Mail 1st Class, dispatched the same day, or the next working day at busy times. It's posted flat in a board-backed envelope.</p>
<p>Buying for a music fan? Add a personalised mug or poster for a matching gift. Custom card designs on request: call 01439 771468.</p>
<h3>Please note</h3>
<p class=""disclaimer"">This is an unofficial fan design. It is not endorsed by, or connected with, Ellie Goulding, their management or record label. All names and trademarks belong to their respective owners.</p>"
personalised-ellie-goulding-2-music-birthday-card-sa,"<p>Our personalised Ellie Goulding music birthday card is a fun way to wish a music fan happy birthday, with their name and age added to the design.</p>
<h2>Ellie Goulding birthday card with name and age</h2>
<p>You get a Ellie Goulding music design (design 2), printed with the name and age you give us. Want a message inside? Add it when you order and we'll print that as well. We print exactly what you enter, so please double-check names and spelling.</p>
<h3>Why you'll love it</h3>
<ul>
<li>Printed on 350gsm silk art board, much thicker than the usual 240gsm card</li>
<li>Printed A4 and folded to A5, then machine cut and folded for a crisp finish</li>
<li>Personalised with their name, age and your own message</li>
<li>Printed inside and out if you want a message inside</li>
<li>Comes with a free white envelope</li>
</ul>
<h3>Size &amp; details</h3>
<ul>
<li>Size: printed A4, folded to A5</li>
<li>Card: 350gsm silk art board</li>
<li>Finish: machine cut and folded</li>
<li>Includes: free white envelope</li>
<li>Personalisation: name, age, front message and inside message</li>
</ul>
<h3>Delivery</h3>
<p>Sent Royal Mail 1st Class, dispatched the same day, or the next working day at busy times. It's posted flat in a board-backed envelope.</p>
<p>Buying for a music fan? Add a personalised mug or poster for a matching gift. Custom card designs on request: call 01439 771468.</p>
<h3>Please note</h3>
<p class=""disclaimer"">This is an unofficial fan design. It is not endorsed by, or connected with, Ellie Goulding, their management or record label. All names and trademarks belong to their respective owners.</p>"
personalised-florida-georgia-line-1-music-birthday-card-sa,"<p>Make their day with a personalised Florida Georgia Line music birthday card, printed on thick card in our North Yorkshire workshop and posted 1st Class.</p>
<h2>Personalised Florida Georgia Line birthday card</h2>
<p>The front shows a Florida Georgia Line music design (design 1). Add the birthday name, age and your own front message when you order, and we can print a message inside too. We print exactly what you enter, so please double-check names and spelling.</p>
<h3>Why you'll love it</h3>
<ul>
<li>Printed on 350gsm silk art board, much thicker than the usual 240gsm card</li>
<li>Printed A4 and folded to A5, then machine cut and folded for a crisp finish</li>
<li>Personalised with their name, age and your own message</li>
<li>Comes with a free white envelope</li>
<li>Posted flat in a board-backed envelope so it arrives uncreased</li>
</ul>
<h3>Size &amp; details</h3>
<ul>
<li>Size: printed A4, folded to A5</li>
<li>Card: 350gsm silk art board</li>
<li>Finish: machine cut and folded</li>
<li>Includes: free white envelope</li>
<li>Personalisation: name, age, front message and inside message</li>
</ul>
<h3>Delivery</h3>
<p>Sent Royal Mail 1st Class, dispatched the same day, or the next working day at busy times. It's posted flat in a board-backed envelope.</p>
<p>Pair the personalised Florida Georgia Line music birthday card with a personalised mug for a birthday gift that's sorted in one go. Custom cards on request: call 01439 771468.</p>
<h3>Please note</h3>
<p class=""disclaimer"">This is an unofficial fan design. It is not endorsed by, or connected with, Florida Georgia Line, their management or record label. All names and trademarks belong to their respective owners.</p>"
personalised-florida-georgia-line-2-music-birthday-card-sa,"<p>Make their day with a personalised Florida Georgia Line music birthday card, printed on thick card in our North Yorkshire workshop and posted 1st Class.</p>
<h2>Personalised Florida Georgia Line music birthday card</h2>
<p>The front shows a Florida Georgia Line music design (design 2). Add the birthday name, age and your own front message when you order, and we can print a message inside too. We print exactly what you enter, so please double-check names and spelling.</p>
<h3>Why you'll love it</h3>
<ul>
<li>Printed A4 and folded to A5, then machine cut and folded for a crisp finish</li>
<li>Personalised with their name, age and your own message</li>
<li>Printed inside and out if you want a message inside</li>
<li>Comes with a free white envelope</li>
<li>Posted flat in a board-backed envelope so it arrives uncreased</li>
</ul>
<h3>Size &amp; details</h3>
<ul>
<li>Size: printed A4, folded to A5</li>
<li>Card: 350gsm silk art board</li>
<li>Finish: machine cut and folded</li>
<li>Includes: free white envelope</li>
<li>Personalisation: name, age, front message and inside message</li>
</ul>
<h3>Delivery</h3>
<p>Sent Royal Mail 1st Class, dispatched the same day, or the next working day at busy times. It's posted flat in a board-backed envelope.</p>
<p>Pair the personalised Florida Georgia Line music birthday card with a personalised mug for a birthday gift that's sorted in one go. Custom cards on request: call 01439 771468.</p>
<h3>Please note</h3>
<p class=""disclaimer"">This is an unofficial fan design. It is not endorsed by, or connected with, Florida Georgia Line, their management or record label. All names and trademarks belong to their respective owners.</p>"
personalised-foster-the-people-1-music-birthday-card-sa,"<p>Looking for a card for a music fan? This personalised Foster The People music birthday card is made to order with the name, age and message you choose.</p>
<h2>Personalised Foster The People birthday card</h2>
<p>It's a Foster The People music design (design 1), personalised with the name and age of the birthday music fan. We can print inside and out, so add your own inside message when you order. We print exactly what you enter, so please double-check names and spelling.</p>
<h3>Why you'll love it</h3>
<ul>
<li>Printed on 350gsm silk art board, much thicker than the usual 240gsm card</li>
<li>Printed A4 and folded to A5, then machine cut and folded for a crisp finish</li>
<li>Personalised with their name, age and your own message</li>
<li>Printed inside and out if you want a message inside</li>
<li>Comes with a free white envelope</li>
</ul>
<h3>Size &amp; details</h3>
<ul>
<li>Size: printed A4, folded to A5</li>
<li>Card: 350gsm silk art board</li>
<li>Finish: machine cut and folded</li>
<li>Includes: free white envelope</li>
<li>Personalisation: name, age, front message and inside message</li>
</ul>
<h3>Delivery</h3>
<p>Sent Royal Mail 1st Class, dispatched the same day, or the next working day at busy times. It's posted flat in a board-backed envelope.</p>
<p>Buying for a music fan? Add a personalised mug or poster for a matching gift. Custom card designs on request: call 01439 771468.</p>
<h3>Please note</h3>
<p class=""disclaimer"">This is an unofficial fan design. It is not endorsed by, or connected with, Foster The People, their management or record label. All names and trademarks belong to their respective owners.</p>"
personalised-foster-the-people-2-music-birthday-card-sa,"<p>Our personalised Foster The People music birthday card is a fun way to wish a music fan happy birthday, with their name and age added to the design.</p>
<h2>Personalised Foster The People music birthday card</h2>
<p>The front shows a Foster The People music design (design 2). Add the birthday name, age and your own front message when you order, and we can print a message inside too. We print exactly what you enter, so please double-check names and spelling.</p>
<h3>Why you'll love it</h3>
<ul>
<li>Printed on 350gsm silk art board, much thicker than the usual 240gsm card</li>
<li>Printed A4 and folded to A5, then machine cut and folded for a crisp finish</li>
<li>Personalised with their name, age and your own message</li>
<li>Comes with a free white envelope</li>
<li>Posted flat in a board-backed envelope so it arrives uncreased</li>
</ul>
<h3>Size &amp; details</h3>
<ul>
<li>Size: printed A4, folded to A5</li>
<li>Card: 350gsm silk art board</li>
<li>Finish: machine cut and folded</li>
<li>Includes: free white envelope</li>
<li>Personalisation: name, age, front message and inside message</li>
</ul>
<h3>Delivery</h3>
<p>Sent Royal Mail 1st Class, dispatched the same day, or the next working day at busy times. It's posted flat in a board-backed envelope.</p>
<p>Pair the personalised Foster The People music birthday card with a personalised mug for a birthday gift that's sorted in one go. Custom cards on request: call 01439 771468.</p>
<h3>Please note</h3>
<p class=""disclaimer"">This is an unofficial fan design. It is not endorsed by, or connected with, Foster The People, their management or record label. All names and trademarks belong to their respective owners.</p>"
personalised-gangnam-style-1-music-birthday-card-sa,"<p>Our personalised Psy music birthday card is a fun way to wish a music fan happy birthday, with their name and age added to the design.</p>
<h2>Psy birthday card with name and age</h2>
<p>It's a Psy music design (design 1), personalised with the name and age of the birthday music fan. We can print inside and out, so add your own inside message when you order. We print exactly what you enter, so please double-check names and spelling.</p>
<h3>Why you'll love it</h3>
<ul>
<li>Printed on 350gsm silk art board, much thicker than the usual 240gsm card</li>
<li>Printed A4 and folded to A5, then machine cut and folded for a crisp finish</li>
<li>Personalised with their name, age and your own message</li>
<li>Printed inside and out if you want a message inside</li>
<li>Posted flat in a board-backed envelope so it arrives uncreased</li>
</ul>
<h3>Size &amp; details</h3>
<ul>
<li>Size: printed A4, folded to A5</li>
<li>Card: 350gsm silk art board</li>
<li>Finish: machine cut and folded</li>
<li>Includes: free white envelope</li>
<li>Personalisation: name, age, front message and inside message</li>
</ul>
<h3>Delivery</h3>
<p>Sent Royal Mail 1st Class, dispatched the same day, or the next working day at busy times. It's posted flat in a board-backed envelope.</p>
<p>Can't find the design you're after? We can make a custom birthday card: call 01439 771468.</p>
<h3>Please note</h3>
<p class=""disclaimer"">This is an unofficial fan design. It is not endorsed by, or connected with, Psy, their management or record label. All names and trademarks belong to their respective owners.</p>"
personalised-gangnam-style-2-music-birthday-card-sa,"<p>Looking for a card for a music fan? This personalised Psy music birthday card is made to order with the name, age and message you choose.</p>
<h2>Psy birthday card with name and age</h2>
<p>The front shows a Psy music design (design 2). Add the birthday name, age and your own front message when you order, and we can print a message inside too. We print exactly what you enter, so please double-check names and spelling.</p>
<h3>Why you'll love it</h3>
<ul>
<li>Printed on 350gsm silk art board, much thicker than the usual 240gsm card</li>
<li>Personalised with their name, age and your own message</li>
<li>Printed inside and out if you want a message inside</li>
<li>Comes with a free white envelope</li>
<li>Posted flat in a board-backed envelope so it arrives uncreased</li>
</ul>
<h3>Size &amp; details</h3>
<ul>
<li>Size: printed A4, folded to A5</li>
<li>Card: 350gsm silk art board</li>
<li>Finish: machine cut and folded</li>
<li>Includes: free white envelope</li>
<li>Personalisation: name, age, front message and inside message</li>
</ul>
<h3>Delivery</h3>
<p>Sent Royal Mail 1st Class, dispatched the same day, or the next working day at busy times. It's posted flat in a board-backed envelope.</p>
<p>Pair the personalised Psy music birthday card with a personalised mug for a birthday gift that's sorted in one go. Custom cards on request: call 01439 771468.</p>
<h3>Please note</h3>
<p class=""disclaimer"">This is an unofficial fan design. It is not endorsed by, or connected with, Psy, their management or record label. All names and trademarks belong to their respective owners.</p>"
personalised-gibson-guitar-music-birthday-card-sa,"<p>Make their day with a personalised Gibson birthday card, printed on thick card in our North Yorkshire workshop and posted 1st Class.</p>
<h2>Gibson birthday card with name and age</h2>
<p>The front shows a Gibson inspired design. Add the birthday name, age and your own front message when you order, and we can print a message inside too. We print exactly what you enter, so please double-check names and spelling.</p>
<h3>Why you'll love it</h3>
<ul>
<li>Printed on 350gsm silk art board, much thicker than the usual 240gsm card</li>
<li>Personalised with their name, age and your own message</li>
<li>Printed inside and out if you want a message inside</li>
<li>Comes with a free white envelope</li>
<li>Posted flat in a board-backed envelope so it arrives uncreased</li>
</ul>
<h3>Size &amp; details</h3>
<ul>
<li>Size: printed A4, folded to A5</li>
<li>Card: 350gsm silk art board</li>
<li>Finish: machine cut and folded</li>
<li>Includes: free white envelope</li>
<li>Personalisation: name, age, front message and inside message</li>
</ul>
<h3>Delivery</h3>
<p>Sent Royal Mail 1st Class, dispatched the same day, or the next working day at busy times. It's posted flat in a board-backed envelope.</p>
<p>Can't find the design you're after? We can make a custom birthday card: call 01439 771468.</p>
<h3>Please note</h3>
<p class=""disclaimer"">This is an unofficial product made by Foxy Printing. It is not made, endorsed or approved by Gibson. Gibson is a trademark of its owner and is used only to describe the design theme.</p>"
personalised-gorillaz-music-birthday-card-sa,"<p>Make their day with a personalised Gorillaz music birthday card, printed on thick card in our North Yorkshire workshop and posted 1st Class.</p>
<h2>Personalised Gorillaz birthday card</h2>
<p>The front shows a Gorillaz music design. Add the birthday name, age and your own front message when you order, and we can print a message inside too. We print exactly what you enter, so please double-check names and spelling.</p>
<h3>Why you'll love it</h3>
<ul>
<li>Printed on 350gsm silk art board, much thicker than the usual 240gsm card</li>
<li>Printed A4 and folded to A5, then machine cut and folded for a crisp finish</li>
<li>Personalised with their name, age and your own message</li>
<li>Printed inside and out if you want a message inside</li>
<li>Posted flat in a board-backed envelope so it arrives uncreased</li>
</ul>
<h3>Size &amp; details</h3>
<ul>
<li>Size: printed A4, folded to A5</li>
<li>Card: 350gsm silk art board</li>
<li>Finish: machine cut and folded</li>
<li>Includes: free white envelope</li>
<li>Personalisation: name, age, front message and inside message</li>
</ul>
<h3>Delivery</h3>
<p>Sent Royal Mail 1st Class, dispatched the same day, or the next working day at busy times. It's posted flat in a board-backed envelope.</p>
<p>Pair the personalised Gorillaz music birthday card with a personalised mug for a birthday gift that's sorted in one go. Custom cards on request: call 01439 771468.</p>
<h3>Please note</h3>
<p class=""disclaimer"">This is an unofficial fan design. It is not endorsed by, or connected with, Gorillaz, their management or record label. All names and trademarks belong to their respective owners.</p>"
personalised-green-eyed-music-birthday-card-sa,"<p>Our personalised Green Eyed music birthday card is a fun way to wish a music fan happy birthday, with their name and age added to the design.</p>
<h2>Personalised Green Eyed music birthday card</h2>
<p>You get a Green Eyed music design, printed with the name and age you give us. Want a message inside? Add it when you order and we'll print that as well. We print exactly what you enter, so please double-check names and spelling.</p>
<h3>Why you'll love it</h3>
<ul>
<li>Printed on 350gsm silk art board, much thicker than the usual 240gsm card</li>
<li>Printed A4 and folded to A5, then machine cut and folded for a crisp finish</li>
<li>Personalised with their name, age and your own message</li>
<li>Printed inside and out if you want a message inside</li>
<li>Comes with a free white envelope</li>
</ul>
<h3>Size &amp; details</h3>
<ul>
<li>Size: printed A4, folded to A5</li>
<li>Card: 350gsm silk art board</li>
<li>Finish: machine cut and folded</li>
<li>Includes: free white envelope</li>
<li>Personalisation: name, age, front message and inside message</li>
</ul>
<h3>Delivery</h3>
<p>Sent Royal Mail 1st Class, dispatched the same day, or the next working day at busy times. It's posted flat in a board-backed envelope.</p>
<p>Can't find the design you're after? We can make a custom birthday card: call 01439 771468.</p>"
personalised-hunter-hayes-1-music-birthday-card-sa,"<p>Make their day with a personalised Hunter Hayes music birthday card, printed on thick card in our North Yorkshire workshop and posted 1st Class.</p>
<h2>Personalised Hunter Hayes music birthday card</h2>
<p>The front shows a Hunter Hayes music design (design 1). Add the birthday name, age and your own front message when you order, and we can print a message inside too. We print exactly what you enter, so please double-check names and spelling.</p>
<h3>Why you'll love it</h3>
<ul>
<li>Printed on 350gsm silk art board, much thicker than the usual 240gsm card</li>
<li>Printed A4 and folded to A5, then machine cut and folded for a crisp finish</li>
<li>Personalised with their name, age and your own message</li>
<li>Comes with a free white envelope</li>
<li>Posted flat in a board-backed envelope so it arrives uncreased</li>
</ul>
<h3>Size &amp; details</h3>
<ul>
<li>Size: printed A4, folded to A5</li>
<li>Card: 350gsm silk art board</li>
<li>Finish: machine cut and folded</li>
<li>Includes: free white envelope</li>
<li>Personalisation: name, age, front message and inside message</li>
</ul>
<h3>Delivery</h3>
<p>Sent Royal Mail 1st Class, dispatched the same day, or the next working day at busy times. It's posted flat in a board-backed envelope.</p>
<p>Pair the personalised Hunter Hayes music birthday card with a personalised mug for a birthday gift that's sorted in one go. Custom cards on request: call 01439 771468.</p>
<h3>Please note</h3>
<p class=""disclaimer"">This is an unofficial fan design. It is not endorsed by, or connected with, Hunter Hayes, their management or record label. All names and trademarks belong to their respective owners.</p>"
personalised-hunter-hayes-2-music-birthday-card-sa,"<p>Looking for a card for a music fan? This personalised Hunter Hayes music birthday card is made to order with the name, age and message you choose.</p>
<h2>Hunter Hayes birthday card with name and age</h2>
<p>The front shows a Hunter Hayes music design (design 2). Add the birthday name, age and your own front message when you order, and we can print a message inside too. We print exactly what you enter, so please double-check names and spelling.</p>
<h3>Why you'll love it</h3>
<ul>
<li>Printed on 350gsm silk art board, much thicker than the usual 240gsm card</li>
<li>Printed A4 and folded to A5, then machine cut and folded for a crisp finish</li>
<li>Personalised with their name, age and your own message</li>
<li>Printed inside and out if you want a message inside</li>
<li>Posted flat in a board-backed envelope so it arrives uncreased</li>
</ul>
<h3>Size &amp; details</h3>
<ul>
<li>Size: printed A4, folded to A5</li>
<li>Card: 350gsm silk art board</li>
<li>Finish: machine cut and folded</li>
<li>Includes: free white envelope</li>
<li>Personalisation: name, age, front message and inside message</li>
</ul>
<h3>Delivery</h3>
<p>Sent Royal Mail 1st Class, dispatched the same day, or the next working day at busy times. It's posted flat in a board-backed envelope.</p>
<p>Pair the personalised Hunter Hayes music birthday card with a personalised mug for a birthday gift that's sorted in one go. Custom cards on request: call 01439 771468.</p>
<h3>Please note</h3>
<p class=""disclaimer"">This is an unofficial fan design. It is not endorsed by, or connected with, Hunter Hayes, their management or record label. All names and trademarks belong to their respective owners.</p>"
personalised-justin-timberlake-1-music-birthday-card-sa,"<p>Our personalised Justin Timberlake music birthday card is a fun way to wish a music fan happy birthday, with their name and age added to the design.</p>
<h2>Personalised Justin Timberlake music birthday card</h2>
<p>It's a Justin Timberlake music design (design 1), personalised with the name and age of the birthday music fan. We can print inside and out, so add your own inside message when you order. We print exactly what you enter, so please double-check names and spelling.</p>
<h3>Why you'll love it</h3>
<ul>
<li>Printed on 350gsm silk art board, much thicker than the usual 240gsm card</li>
<li>Personalised with their name, age and your own message</li>
<li>Printed inside and out if you want a message inside</li>
<li>Comes with a free white envelope</li>
<li>Posted flat in a board-backed envelope so it arrives uncreased</li>
</ul>
<h3>Size &amp; details</h3>
<ul>
<li>Size: printed A4, folded to A5</li>
<li>Card: 350gsm silk art board</li>
<li>Finish: machine cut and folded</li>
<li>Includes: free white envelope</li>
<li>Personalisation: name, age, front message and inside message</li>
</ul>
<h3>Delivery</h3>
<p>Sent Royal Mail 1st Class, dispatched the same day, or the next working day at busy times. It's posted flat in a board-backed envelope.</p>
<p>Buying for a music fan? Add a personalised mug or poster for a matching gift. Custom card designs on request: call 01439 771468.</p>
<h3>Please note</h3>
<p class=""disclaimer"">This is an unofficial fan design. It is not endorsed by, or connected with, Justin Timberlake, their management or record label. All names and trademarks belong to their respective owners.</p>"
personalised-justin-timberlake-2-music-birthday-card-sa,"<p>Looking for a card for a music fan? This personalised Justin Timberlake music birthday card is made to order with the name, age and message you choose.</p>
<h2>Justin Timberlake birthday card with name and age</h2>
<p>It's a Justin Timberlake music design (design 2), personalised with the name and age of the birthday music fan. We can print inside and out, so add your own inside message when you order. We print exactly what you enter, so please double-check names and spelling.</p>
<h3>Why you'll love it</h3>
<ul>
<li>Printed on 350gsm silk art board, much thicker than the usual 240gsm card</li>
<li>Printed A4 and folded to A5, then machine cut and folded for a crisp finish</li>
<li>Personalised with their name, age and your own message</li>
<li>Printed inside and out if you want a message inside</li>
<li>Comes with a free white envelope</li>
</ul>
<h3>Size &amp; details</h3>
<ul>
<li>Size: printed A4, folded to A5</li>
<li>Card: 350gsm silk art board</li>
<li>Finish: machine cut and folded</li>
<li>Includes: free white envelope</li>
<li>Personalisation: name, age, front message and inside message</li>
</ul>
<h3>Delivery</h3>
<p>Sent Royal Mail 1st Class, dispatched the same day, or the next working day at busy times. It's posted flat in a board-backed envelope.</p>
<p>Can't find the design you're after? We can make a custom birthday card: call 01439 771468.</p>
<h3>Please note</h3>
<p class=""disclaimer"">This is an unofficial fan design. It is not endorsed by, or connected with, Justin Timberlake, their management or record label. All names and trademarks belong to their respective owners.</p>"
personalised-kiss-heavy-metal-rock-music-birthday-card-sa,"<p>Make their day with a personalised Kiss music birthday card, printed on thick card in our North Yorkshire workshop and posted 1st Class.</p>
<h2>Personalised Kiss music birthday card</h2>
<p>The front shows a Kiss music design. Add the birthday name, age and your own front message when you order, and we can print a message inside too. We print exactly what you enter, so please double-check names and spelling.</p>
<h3>Why you'll love it</h3>
<ul>
<li>Printed A4 and folded to A5, then machine cut and folded for a crisp finish</li>
<li>Personalised with their name, age and your own message</li>
<li>Printed inside and out if you want a message inside</li>
<li>Comes with a free white envelope</li>
<li>Posted flat in a board-backed envelope so it arrives uncreased</li>
</ul>
<h3>Size &amp; details</h3>
<ul>
<li>Size: printed A4, folded to A5</li>
<li>Card: 350gsm silk art board</li>
<li>Finish: machine cut and folded</li>
<li>Includes: free white envelope</li>
<li>Personalisation: name, age, front message and inside message</li>
</ul>
<h3>Delivery</h3>
<p>Sent Royal Mail 1st Class, dispatched the same day, or the next working day at busy times. It's posted flat in a board-backed envelope.</p>
<p>Buying for a music fan? Add a personalised mug or poster for a matching gift. Custom card designs on request: call 01439 771468.</p>
<h3>Please note</h3>
<p class=""disclaimer"">This is an unofficial fan design. It is not endorsed by, or connected with, Kiss, their management or record label. All names and trademarks belong to their respective owners.</p>"
personalised-kurt-cobain-music-birthday-card-sa,"<p>Make their day with a personalised Kurt Cobain music birthday card, printed on thick card in our North Yorkshire workshop and posted 1st Class.</p>
<h2>Personalised Kurt Cobain birthday card</h2>
<p>It's a Kurt Cobain music design, personalised with the name and age of the birthday music fan. We can print inside and out, so add your own inside message when you order. We print exactly what you enter, so please double-check names and spelling.</p>
<h3>Why you'll love it</h3>
<ul>
<li>Printed on 350gsm silk art board, much thicker than the usual 240gsm card</li>
<li>Printed A4 and folded to A5, then machine cut and folded for a crisp finish</li>
<li>Printed inside and out if you want a message inside</li>
<li>Comes with a free white envelope</li>
<li>Posted flat in a board-backed envelope so it arrives uncreased</li>
</ul>
<h3>Size &amp; details</h3>
<ul>
<li>Size: printed A4, folded to A5</li>
<li>Card: 350gsm silk art board</li>
<li>Finish: machine cut and folded</li>
<li>Includes: free white envelope</li>
<li>Personalisation: name, age, front message and inside message</li>
</ul>
<h3>Delivery</h3>
<p>Sent Royal Mail 1st Class, dispatched the same day, or the next working day at busy times. It's posted flat in a board-backed envelope.</p>
<p>Buying for a music fan? Add a personalised mug or poster for a matching gift. Custom card designs on request: call 01439 771468.</p>
<h3>Please note</h3>
<p class=""disclaimer"">This is an unofficial fan design. It is not endorsed by, or connected with, Kurt Cobain, their management or record label. All names and trademarks belong to their respective owners.</p>"
personalised-lady-antebellum-1-music-birthday-card-sa,"<p>Our personalised Lady Antebellum music birthday card is a fun way to wish a music fan happy birthday, with their name and age added to the design.</p>
<h2>Lady Antebellum birthday card with name and age</h2>
<p>You get a Lady Antebellum music design (design 1), printed with the name and age you give us. Want a message inside? Add it when you order and we'll print that as well. We print exactly what you enter, so please double-check names and spelling.</p>
<h3>Why you'll love it</h3>
<ul>
<li>Printed on 350gsm silk art board, much thicker than the usual 240gsm card</li>
<li>Personalised with their name, age and your own message</li>
<li>Printed inside and out if you want a message inside</li>
<li>Comes with a free white envelope</li>
<li>Posted flat in a board-backed envelope so it arrives uncreased</li>
</ul>
<h3>Size &amp; details</h3>
<ul>
<li>Size: printed A4, folded to A5</li>
<li>Card: 350gsm silk art board</li>
<li>Finish: machine cut and folded</li>
<li>Includes: free white envelope</li>
<li>Personalisation: name, age, front message and inside message</li>
</ul>
<h3>Delivery</h3>
<p>Sent Royal Mail 1st Class, dispatched the same day, or the next working day at busy times. It's posted flat in a board-backed envelope.</p>
<p>Buying for a music fan? Add a personalised mug or poster for a matching gift. Custom card designs on request: call 01439 771468.</p>
<h3>Please note</h3>
<p class=""disclaimer"">This is an unofficial fan design. It is not endorsed by, or connected with, Lady Antebellum, their management or record label. All names and trademarks belong to their respective owners.</p>"
personalised-lady-antebellum-2-music-birthday-card-sa,"<p>Our personalised Lady Antebellum music birthday card is a fun way to wish a music fan happy birthday, with their name and age added to the design.</p>
<h2>Lady Antebellum birthday card with name and age</h2>
<p>You get a Lady Antebellum music design (design 2), printed with the name and age you give us. Want a message inside? Add it when you order and we'll print that as well. We print exactly what you enter, so please double-check names and spelling.</p>
<h3>Why you'll love it</h3>
<ul>
<li>Printed on 350gsm silk art board, much thicker than the usual 240gsm card</li>
<li>Printed A4 and folded to A5, then machine cut and folded for a crisp finish</li>
<li>Personalised with their name, age and your own message</li>
<li>Comes with a free white envelope</li>
<li>Posted flat in a board-backed envelope so it arrives uncreased</li>
</ul>
<h3>Size &amp; details</h3>
<ul>
<li>Size: printed A4, folded to A5</li>
<li>Card: 350gsm silk art board</li>
<li>Finish: machine cut and folded</li>
<li>Includes: free white envelope</li>
<li>Personalisation: name, age, front message and inside message</li>
</ul>
<h3>Delivery</h3>
<p>Sent Royal Mail 1st Class, dispatched the same day, or the next working day at busy times. It's posted flat in a board-backed envelope.</p>
<p>Pair the personalised Lady Antebellum music birthday card with a personalised mug for a birthday gift that's sorted in one go. Custom cards on request: call 01439 771468.</p>
<h3>Please note</h3>
<p class=""disclaimer"">This is an unofficial fan design. It is not endorsed by, or connected with, Lady Antebellum, their management or record label. All names and trademarks belong to their respective owners.</p>"
personalised-linkin-park-1-music-birthday-card-sa,"<p>Make their day with a personalised Linkin Park music birthday card, printed on thick card in our North Yorkshire workshop and posted 1st Class.</p>
<h2>Linkin Park birthday card with name and age</h2>
<p>The front shows a Linkin Park music design (design 1). Add the birthday name, age and your own front message when you order, and we can print a message inside too. We print exactly what you enter, so please double-check names and spelling.</p>
<h3>Why you'll love it</h3>
<ul>
<li>Printed on 350gsm silk art board, much thicker than the usual 240gsm card</li>
<li>Personalised with their name, age and your own message</li>
<li>Printed inside and out if you want a message inside</li>
<li>Comes with a free white envelope</li>
<li>Posted flat in a board-backed envelope so it arrives uncreased</li>
</ul>
<h3>Size &amp; details</h3>
<ul>
<li>Size: printed A4, folded to A5</li>
<li>Card: 350gsm silk art board</li>
<li>Finish: machine cut and folded</li>
<li>Includes: free white envelope</li>
<li>Personalisation: name, age, front message and inside message</li>
</ul>
<h3>Delivery</h3>
<p>Sent Royal Mail 1st Class, dispatched the same day, or the next working day at busy times. It's posted flat in a board-backed envelope.</p>
<p>Buying for a music fan? Add a personalised mug or poster for a matching gift. Custom card designs on request: call 01439 771468.</p>
<h3>Please note</h3>
<p class=""disclaimer"">This is an unofficial fan design. It is not endorsed by, or connected with, Linkin Park, their management or record label. All names and trademarks belong to their respective owners.</p>"
personalised-linkin-park-2-music-birthday-card-sa,"<p>Our personalised Linkin Park music birthday card is a fun way to wish a music fan happy birthday, with their name and age added to the design.</p>
<h2>Personalised Linkin Park music birthday card</h2>
<p>You get a Linkin Park music design (design 2), printed with the name and age you give us. Want a message inside? Add it when you order and we'll print that as well. We print exactly what you enter, so please double-check names and spelling.</p>
<h3>Why you'll love it</h3>
<ul>
<li>Printed on 350gsm silk art board, much thicker than the usual 240gsm card</li>
<li>Printed A4 and folded to A5, then machine cut and folded for a crisp finish</li>
<li>Personalised with their name, age and your own message</li>
<li>Comes with a free white envelope</li>
<li>Posted flat in a board-backed envelope so it arrives uncreased</li>
</ul>
<h3>Size &amp; details</h3>
<ul>
<li>Size: printed A4, folded to A5</li>
<li>Card: 350gsm silk art board</li>
<li>Finish: machine cut and folded</li>
<li>Includes: free white envelope</li>
<li>Personalisation: name, age, front message and inside message</li>
</ul>
<h3>Delivery</h3>
<p>Sent Royal Mail 1st Class, dispatched the same day, or the next working day at busy times. It's posted flat in a board-backed envelope.</p>
<p>Buying for a music fan? Add a personalised mug or poster for a matching gift. Custom card designs on request: call 01439 771468.</p>
<h3>Please note</h3>
<p class=""disclaimer"">This is an unofficial fan design. It is not endorsed by, or connected with, Linkin Park, their management or record label. All names and trademarks belong to their respective owners.</p>"
personalised-lorde-1-music-birthday-card-sa,"<p>Our personalised Lorde music birthday card is a fun way to wish a music fan happy birthday, with their name and age added to the design.</p>
<h2>Personalised Lorde birthday card</h2>
<p>You get a Lorde music design (design 1), printed with the name and age you give us. Want a message inside? Add it when you order and we'll print that as well. We print exactly what you enter, so please double-check names and spelling.</p>
<h3>Why you'll love it</h3>
<ul>
<li>Printed A4 and folded to A5, then machine cut and folded for a crisp finish</li>
<li>Personalised with their name, age and your own message</li>
<li>Printed inside and out if you want a message inside</li>
<li>Comes with a free white envelope</li>
<li>Posted flat in a board-backed envelope so it arrives uncreased</li>
</ul>
<h3>Size &amp; details</h3>
<ul>
<li>Size: printed A4, folded to A5</li>
<li>Card: 350gsm silk art board</li>
<li>Finish: machine cut and folded</li>
<li>Includes: free white envelope</li>
<li>Personalisation: name, age, front message and inside message</li>
</ul>
<h3>Delivery</h3>
<p>Sent Royal Mail 1st Class, dispatched the same day, or the next working day at busy times. It's posted flat in a board-backed envelope.</p>
<p>Pair the personalised Lorde music birthday card with a personalised mug for a birthday gift that's sorted in one go. Custom cards on request: call 01439 771468.</p>
<h3>Please note</h3>
<p class=""disclaimer"">This is an unofficial fan design. It is not endorsed by, or connected with, Lorde, their management or record label. All names and trademarks belong to their respective owners.</p>"
personalised-lorde-2-music-birthday-card-sa,"<p>Make their day with a personalised Lorde music birthday card, printed on thick card in our North Yorkshire workshop and posted 1st Class.</p>
<h2>Personalised Lorde birthday card</h2>
<p>You get a Lorde music design (design 2), printed with the name and age you give us. Want a message inside? Add it when you order and we'll print that as well. We print exactly what you enter, so please double-check names and spelling.</p>
<h3>Why you'll love it</h3>
<ul>
<li>Printed on 350gsm silk art board, much thicker than the usual 240gsm card</li>
<li>Printed A4 and folded to A5, then machine cut and folded for a crisp finish</li>
<li>Personalised with their name, age and your own message</li>
<li>Printed inside and out if you want a message inside</li>
<li>Comes with a free white envelope</li>
</ul>
<h3>Size &amp; details</h3>
<ul>
<li>Size: printed A4, folded to A5</li>
<li>Card: 350gsm silk art board</li>
<li>Finish: machine cut and folded</li>
<li>Includes: free white envelope</li>
<li>Personalisation: name, age, front message and inside message</li>
</ul>
<h3>Delivery</h3>
<p>Sent Royal Mail 1st Class, dispatched the same day, or the next working day at busy times. It's posted flat in a board-backed envelope.</p>
<p>Pair the personalised Lorde music birthday card with a personalised mug for a birthday gift that's sorted in one go. Custom cards on request: call 01439 771468.</p>
<h3>Please note</h3>
<p class=""disclaimer"">This is an unofficial fan design. It is not endorsed by, or connected with, Lorde, their management or record label. All names and trademarks belong to their respective owners.</p>"
personalised-luke-bryan-1-music-birthday-card-sa,"<p>Our personalised Luke Bryan music birthday card is a fun way to wish a music fan happy birthday, with their name and age added to the design.</p>
<h2>Personalised Luke Bryan birthday card</h2>
<p>You get a Luke Bryan music design (design 1), printed with the name and age you give us. Want a message inside? Add it when you order and we'll print that as well. We print exactly what you enter, so please double-check names and spelling.</p>
<h3>Why you'll love it</h3>
<ul>
<li>Printed on 350gsm silk art board, much thicker than the usual 240gsm card</li>
<li>Printed A4 and folded to A5, then machine cut and folded for a crisp finish</li>
<li>Printed inside and out if you want a message inside</li>
<li>Comes with a free white envelope</li>
<li>Posted flat in a board-backed envelope so it arrives uncreased</li>
</ul>
<h3>Size &amp; details</h3>
<ul>
<li>Size: printed A4, folded to A5</li>
<li>Card: 350gsm silk art board</li>
<li>Finish: machine cut and folded</li>
<li>Includes: free white envelope</li>
<li>Personalisation: name, age, front message and inside message</li>
</ul>
<h3>Delivery</h3>
<p>Sent Royal Mail 1st Class, dispatched the same day, or the next working day at busy times. It's posted flat in a board-backed envelope.</p>
<p>Buying for a music fan? Add a personalised mug or poster for a matching gift. Custom card designs on request: call 01439 771468.</p>
<h3>Please note</h3>
<p class=""disclaimer"">This is an unofficial fan design. It is not endorsed by, or connected with, Luke Bryan, their management or record label. All names and trademarks belong to their respective owners.</p>"
personalised-luke-bryan-2-music-birthday-card-sa,"<p>Our personalised Luke Bryan music birthday card is a fun way to wish a music fan happy birthday, with their name and age added to the design.</p>
<h2>Personalised Luke Bryan birthday card</h2>
<p>It's a Luke Bryan music design (design 2), personalised with the name and age of the birthday music fan. We can print inside and out, so add your own inside message when you order. We print exactly what you enter, so please double-check names and spelling.</p>
<h3>Why you'll love it</h3>
<ul>
<li>Printed on 350gsm silk art board, much thicker than the usual 240gsm card</li>
<li>Printed A4 and folded to A5, then machine cut and folded for a crisp finish</li>
<li>Printed inside and out if you want a message inside</li>
<li>Comes with a free white envelope</li>
<li>Posted flat in a board-backed envelope so it arrives uncreased</li>
</ul>
<h3>Size &amp; details</h3>
<ul>
<li>Size: printed A4, folded to A5</li>
<li>Card: 350gsm silk art board</li>
<li>Finish: machine cut and folded</li>
<li>Includes: free white envelope</li>
<li>Personalisation: name, age, front message and inside message</li>
</ul>
<h3>Delivery</h3>
<p>Sent Royal Mail 1st Class, dispatched the same day, or the next working day at busy times. It's posted flat in a board-backed envelope.</p>
<p>Pair the personalised Luke Bryan music birthday card with a personalised mug for a birthday gift that's sorted in one go. Custom cards on request: call 01439 771468.</p>
<h3>Please note</h3>
<p class=""disclaimer"">This is an unofficial fan design. It is not endorsed by, or connected with, Luke Bryan, their management or record label. All names and trademarks belong to their respective owners.</p>"
personalised-mariah-carey-music-birthday-card-sa,"<p>Make their day with a personalised Mariah Carey music birthday card, printed on thick card in our North Yorkshire workshop and posted 1st Class.</p>
<h2>Mariah Carey birthday card with name and age</h2>
<p>The front shows a Mariah Carey music design. Add the birthday name, age and your own front message when you order, and we can print a message inside too. We print exactly what you enter, so please double-check names and spelling.</p>
<h3>Why you'll love it</h3>
<ul>
<li>Printed A4 and folded to A5, then machine cut and folded for a crisp finish</li>
<li>Personalised with their name, age and your own message</li>
<li>Printed inside and out if you want a message inside</li>
<li>Comes with a free white envelope</li>
<li>Posted flat in a board-backed envelope so it arrives uncreased</li>
</ul>
<h3>Size &amp; details</h3>
<ul>
<li>Size: printed A4, folded to A5</li>
<li>Card: 350gsm silk art board</li>
<li>Finish: machine cut and folded</li>
<li>Includes: free white envelope</li>
<li>Personalisation: name, age, front message and inside message</li>
</ul>
<h3>Delivery</h3>
<p>Sent Royal Mail 1st Class, dispatched the same day, or the next working day at busy times. It's posted flat in a board-backed envelope.</p>
<p>Can't find the design you're after? We can make a custom birthday card: call 01439 771468.</p>
<h3>Please note</h3>
<p class=""disclaimer"">This is an unofficial fan design. It is not endorsed by, or connected with, Mariah Carey, their management or record label. All names and trademarks belong to their respective owners.</p>"
personalised-maroon-music-birthday-card-sa,"<p>Make their day with a personalised Maroon 5 music birthday card, printed on thick card in our North Yorkshire workshop and posted 1st Class.</p>
<h2>Maroon 5 birthday card with name and age</h2>
<p>It's a Maroon 5 music design, personalised with the name and age of the birthday music fan. We can print inside and out, so add your own inside message when you order. We print exactly what you enter, so please double-check names and spelling.</p>
<h3>Why you'll love it</h3>
<ul>
<li>Printed on 350gsm silk art board, much thicker than the usual 240gsm card</li>
<li>Printed A4 and folded to A5, then machine cut and folded for a crisp finish</li>
<li>Printed inside and out if you want a message inside</li>
<li>Comes with a free white envelope</li>
<li>Posted flat in a board-backed envelope so it arrives uncreased</li>
</ul>
<h3>Size &amp; details</h3>
<ul>
<li>Size: printed A4, folded to A5</li>
<li>Card: 350gsm silk art board</li>
<li>Finish: machine cut and folded</li>
<li>Includes: free white envelope</li>
<li>Personalisation: name, age, front message and inside message</li>
</ul>
<h3>Delivery</h3>
<p>Sent Royal Mail 1st Class, dispatched the same day, or the next working day at busy times. It's posted flat in a board-backed envelope.</p>
<p>Buying for a music fan? Add a personalised mug or poster for a matching gift. Custom card designs on request: call 01439 771468.</p>
<h3>Please note</h3>
<p class=""disclaimer"">This is an unofficial fan design. It is not endorsed by, or connected with, Maroon 5, their management or record label. All names and trademarks belong to their respective owners.</p>"
personalised-metallica-1-music-birthday-card-sa,"<p>Make their day with a personalised Metallica music birthday card, printed on thick card in our North Yorkshire workshop and posted 1st Class.</p>
<h2>Personalised Metallica music birthday card</h2>
<p>It's a Metallica music design (design 1), personalised with the name and age of the birthday music fan. We can print inside and out, so add your own inside message when you order. We print exactly what you enter, so please double-check names and spelling.</p>
<h3>Why you'll love it</h3>
<ul>
<li>Printed on 350gsm silk art board, much thicker than the usual 240gsm card</li>
<li>Printed A4 and folded to A5, then machine cut and folded for a crisp finish</li>
<li>Printed inside and out if you want a message inside</li>
<li>Comes with a free white envelope</li>
<li>Posted flat in a board-backed envelope so it arrives uncreased</li>
</ul>
<h3>Size &amp; details</h3>
<ul>
<li>Size: printed A4, folded to A5</li>
<li>Card: 350gsm silk art board</li>
<li>Finish: machine cut and folded</li>
<li>Includes: free white envelope</li>
<li>Personalisation: name, age, front message and inside message</li>
</ul>
<h3>Delivery</h3>
<p>Sent Royal Mail 1st Class, dispatched the same day, or the next working day at busy times. It's posted flat in a board-backed envelope.</p>
<p>Buying for a music fan? Add a personalised mug or poster for a matching gift. Custom card designs on request: call 01439 771468.</p>
<h3>Please note</h3>
<p class=""disclaimer"">This is an unofficial fan design. It is not endorsed by, or connected with, Metallica, their management or record label. All names and trademarks belong to their respective owners.</p>"
personalised-metallica-2-music-birthday-card-sa,"<p>Looking for a card for a music fan? This personalised Metallica music birthday card is made to order with the name, age and message you choose.</p>
<h2>Personalised Metallica birthday card</h2>
<p>It's a Metallica music design (design 2), personalised with the name and age of the birthday music fan. We can print inside and out, so add your own inside message when you order. We print exactly what you enter, so please double-check names and spelling.</p>
<h3>Why you'll love it</h3>
<ul>
<li>Printed on 350gsm silk art board, much thicker than the usual 240gsm card</li>
<li>Personalised with their name, age and your own message</li>
<li>Printed inside and out if you want a message inside</li>
<li>Comes with a free white envelope</li>
<li>Posted flat in a board-backed envelope so it arrives uncreased</li>
</ul>
<h3>Size &amp; details</h3>
<ul>
<li>Size: printed A4, folded to A5</li>
<li>Card: 350gsm silk art board</li>
<li>Finish: machine cut and folded</li>
<li>Includes: free white envelope</li>
<li>Personalisation: name, age, front message and inside message</li>
</ul>
<h3>Delivery</h3>
<p>Sent Royal Mail 1st Class, dispatched the same day, or the next working day at busy times. It's posted flat in a board-backed envelope.</p>
<p>Buying for a music fan? Add a personalised mug or poster for a matching gift. Custom card designs on request: call 01439 771468.</p>
<h3>Please note</h3>
<p class=""disclaimer"">This is an unofficial fan design. It is not endorsed by, or connected with, Metallica, their management or record label. All names and trademarks belong to their respective owners.</p>"
personalised-musical-music-birthday-card-sa,"<p>Looking for a card for a music fan? This personalised Musical music birthday card is made to order with the name, age and message you choose.</p>
<h2>Musical birthday card with name and age</h2>
<p>It's a Musical music design, personalised with the name and age of the birthday music fan. We can print inside and out, so add your own inside message when you order. We print exactly what you enter, so please double-check names and spelling.</p>
<h3>Why you'll love it</h3>
<ul>
<li>Printed on 350gsm silk art board, much thicker than the usual 240gsm card</li>
<li>Printed A4 and folded to A5, then machine cut and folded for a crisp finish</li>
<li>Personalised with their name, age and your own message</li>
<li>Printed inside and out if you want a message inside</li>
<li>Posted flat in a board-backed envelope so it arrives uncreased</li>
</ul>
<h3>Size &amp; details</h3>
<ul>
<li>Size: printed A4, folded to A5</li>
<li>Card: 350gsm silk art board</li>
<li>Finish: machine cut and folded</li>
<li>Includes: free white envelope</li>
<li>Personalisation: name, age, front message and inside message</li>
</ul>
<h3>Delivery</h3>
<p>Sent Royal Mail 1st Class, dispatched the same day, or the next working day at busy times. It's posted flat in a board-backed envelope.</p>
<p>Pair the personalised Musical music birthday card with a personalised mug for a birthday gift that's sorted in one go. Custom cards on request: call 01439 771468.</p>"
personalised-musician-music-birthday-card-sa,"<p>Make their day with a personalised Musician music birthday card, printed on thick card in our North Yorkshire workshop and posted 1st Class.</p>
<h2>Personalised Musician birthday card</h2>
<p>The front shows a Musician music design. Add the birthday name, age and your own front message when you order, and we can print a message inside too. We print exactly what you enter, so please double-check names and spelling.</p>
<h3>Why you'll love it</h3>
<ul>
<li>Printed A4 and folded to A5, then machine cut and folded for a crisp finish</li>
<li>Personalised with their name, age and your own message</li>
<li>Printed inside and out if you want a message inside</li>
<li>Comes with a free white envelope</li>
<li>Posted flat in a board-backed envelope so it arrives uncreased</li>
</ul>
<h3>Size &amp; details</h3>
<ul>
<li>Size: printed A4, folded to A5</li>
<li>Card: 350gsm silk art board</li>
<li>Finish: machine cut and folded</li>
<li>Includes: free white envelope</li>
<li>Personalisation: name, age, front message and inside message</li>
</ul>
<h3>Delivery</h3>
<p>Sent Royal Mail 1st Class, dispatched the same day, or the next working day at busy times. It's posted flat in a board-backed envelope.</p>
<p>Buying for a music fan? Add a personalised mug or poster for a matching gift. Custom card designs on request: call 01439 771468.</p>"
personalised-nelly-1-music-birthday-card-sa,"<p>Make their day with a personalised Nelly music birthday card, printed on thick card in our North Yorkshire workshop and posted 1st Class.</p>
<h2>Personalised Nelly birthday card</h2>
<p>You get a Nelly music design (design 1), printed with the name and age you give us. Want a message inside? Add it when you order and we'll print that as well. We print exactly what you enter, so please double-check names and spelling.</p>
<h3>Why you'll love it</h3>
<ul>
<li>Printed A4 and folded to A5, then machine cut and folded for a crisp finish</li>
<li>Personalised with their name, age and your own message</li>
<li>Printed inside and out if you want a message inside</li>
<li>Comes with a free white envelope</li>
<li>Posted flat in a board-backed envelope so it arrives uncreased</li>
</ul>
<h3>Size &amp; details</h3>
<ul>
<li>Size: printed A4, folded to A5</li>
<li>Card: 350gsm silk art board</li>
<li>Finish: machine cut and folded</li>
<li>Includes: free white envelope</li>
<li>Personalisation: name, age, front message and inside message</li>
</ul>
<h3>Delivery</h3>
<p>Sent Royal Mail 1st Class, dispatched the same day, or the next working day at busy times. It's posted flat in a board-backed envelope.</p>
<p>Can't find the design you're after? We can make a custom birthday card: call 01439 771468.</p>
<h3>Please note</h3>
<p class=""disclaimer"">This is an unofficial fan design. It is not endorsed by, or connected with, Nelly, their management or record label. All names and trademarks belong to their respective owners.</p>"
personalised-nelly-2-music-birthday-card-sa,"<p>Make their day with a personalised Nelly music birthday card, printed on thick card in our North Yorkshire workshop and posted 1st Class.</p>
<h2>Personalised Nelly birthday card</h2>
<p>You get a Nelly music design (design 2), printed with the name and age you give us. Want a message inside? Add it when you order and we'll print that as well. We print exactly what you enter, so please double-check names and spelling.</p>
<h3>Why you'll love it</h3>
<ul>
<li>Printed on 350gsm silk art board, much thicker than the usual 240gsm card</li>
<li>Printed A4 and folded to A5, then machine cut and folded for a crisp finish</li>
<li>Personalised with their name, age and your own message</li>
<li>Printed inside and out if you want a message inside</li>
<li>Comes with a free white envelope</li>
</ul>
<h3>Size &amp; details</h3>
<ul>
<li>Size: printed A4, folded to A5</li>
<li>Card: 350gsm silk art board</li>
<li>Finish: machine cut and folded</li>
<li>Includes: free white envelope</li>
<li>Personalisation: name, age, front message and inside message</li>
</ul>
<h3>Delivery</h3>
<p>Sent Royal Mail 1st Class, dispatched the same day, or the next working day at busy times. It's posted flat in a board-backed envelope.</p>
<p>Pair the personalised Nelly music birthday card with a personalised mug for a birthday gift that's sorted in one go. Custom cards on request: call 01439 771468.</p>
<h3>Please note</h3>
<p class=""disclaimer"">This is an unofficial fan design. It is not endorsed by, or connected with, Nelly, their management or record label. All names and trademarks belong to their respective owners.</p>"
personalised-papa-roach-1-music-birthday-card-sa,"<p>Make their day with a personalised Papa Roach music birthday card, printed on thick card in our North Yorkshire workshop and posted 1st Class.</p>
<h2>Personalised Papa Roach music birthday card</h2>
<p>You get a Papa Roach music design (design 1), printed with the name and age you give us. Want a message inside? Add it when you order and we'll print that as well. We print exactly what you enter, so please double-check names and spelling.</p>
<h3>Why you'll love it</h3>
<ul>
<li>Printed on 350gsm silk art board, much thicker than the usual 240gsm card</li>
<li>Personalised with their name, age and your own message</li>
<li>Printed inside and out if you want a message inside</li>
<li>Comes with a free white envelope</li>
<li>Posted flat in a board-backed envelope so it arrives uncreased</li>
</ul>
<h3>Size &amp; details</h3>
<ul>
<li>Size: printed A4, folded to A5</li>
<li>Card: 350gsm silk art board</li>
<li>Finish: machine cut and folded</li>
<li>Includes: free white envelope</li>
<li>Personalisation: name, age, front message and inside message</li>
</ul>
<h3>Delivery</h3>
<p>Sent Royal Mail 1st Class, dispatched the same day, or the next working day at busy times. It's posted flat in a board-backed envelope.</p>
<p>Pair the personalised Papa Roach music birthday card with a personalised mug for a birthday gift that's sorted in one go. Custom cards on request: call 01439 771468.</p>
<h3>Please note</h3>
<p class=""disclaimer"">This is an unofficial fan design. It is not endorsed by, or connected with, Papa Roach, their management or record label. All names and trademarks belong to their respective owners.</p>"
personalised-papa-roach-2-music-birthday-card-sa,"<p>Make their day with a personalised Papa Roach music birthday card, printed on thick card in our North Yorkshire workshop and posted 1st Class.</p>
<h2>Personalised Papa Roach birthday card</h2>
<p>The front shows a Papa Roach music design (design 2). Add the birthday name, age and your own front message when you order, and we can print a message inside too. We print exactly what you enter, so please double-check names and spelling.</p>
<h3>Why you'll love it</h3>
<ul>
<li>Printed on 350gsm silk art board, much thicker than the usual 240gsm card</li>
<li>Printed A4 and folded to A5, then machine cut and folded for a crisp finish</li>
<li>Personalised with their name, age and your own message</li>
<li>Comes with a free white envelope</li>
<li>Posted flat in a board-backed envelope so it arrives uncreased</li>
</ul>
<h3>Size &amp; details</h3>
<ul>
<li>Size: printed A4, folded to A5</li>
<li>Card: 350gsm silk art board</li>
<li>Finish: machine cut and folded</li>
<li>Includes: free white envelope</li>
<li>Personalisation: name, age, front message and inside message</li>
</ul>
<h3>Delivery</h3>
<p>Sent Royal Mail 1st Class, dispatched the same day, or the next working day at busy times. It's posted flat in a board-backed envelope.</p>
<p>Buying for a music fan? Add a personalised mug or poster for a matching gift. Custom card designs on request: call 01439 771468.</p>
<h3>Please note</h3>
<p class=""disclaimer"">This is an unofficial fan design. It is not endorsed by, or connected with, Papa Roach, their management or record label. All names and trademarks belong to their respective owners.</p>"
personalised-radiohead-1-music-birthday-card-sa,"<p>Our personalised Radiohead music birthday card is a fun way to wish a music fan happy birthday, with their name and age added to the design.</p>
<h2>Personalised Radiohead birthday card</h2>
<p>The front shows a Radiohead music design (design 1). Add the birthday name, age and your own front message when you order, and we can print a message inside too. We print exactly what you enter, so please double-check names and spelling.</p>
<h3>Why you'll love it</h3>
<ul>
<li>Printed on 350gsm silk art board, much thicker than the usual 240gsm card</li>
<li>Printed A4 and folded to A5, then machine cut and folded for a crisp finish</li>
<li>Personalised with their name, age and your own message</li>
<li>Printed inside and out if you want a message inside</li>
<li>Posted flat in a board-backed envelope so it arrives uncreased</li>
</ul>
<h3>Size &amp; details</h3>
<ul>
<li>Size: printed A4, folded to A5</li>
<li>Card: 350gsm silk art board</li>
<li>Finish: machine cut and folded</li>
<li>Includes: free white envelope</li>
<li>Personalisation: name, age, front message and inside message</li>
</ul>
<h3>Delivery</h3>
<p>Sent Royal Mail 1st Class, dispatched the same day, or the next working day at busy times. It's posted flat in a board-backed envelope.</p>
<p>Pair the personalised Radiohead music birthday card with a personalised mug for a birthday gift that's sorted in one go. Custom cards on request: call 01439 771468.</p>
<h3>Please note</h3>
<p class=""disclaimer"">This is an unofficial fan design. It is not endorsed by, or connected with, Radiohead, their management or record label. All names and trademarks belong to their respective owners.</p>"
personalised-radiohead-2-music-birthday-card-sa,"<p>Make their day with a personalised Radiohead music birthday card, printed on thick card in our North Yorkshire workshop and posted 1st Class.</p>
<h2>Personalised Radiohead music birthday card</h2>
<p>The front shows a Radiohead music design (design 2). Add the birthday name, age and your own front message when you order, and we can print a message inside too. We print exactly what you enter, so please double-check names and spelling.</p>
<h3>Why you'll love it</h3>
<ul>
<li>Printed A4 and folded to A5, then machine cut and folded for a crisp finish</li>
<li>Personalised with their name, age and your own message</li>
<li>Printed inside and out if you want a message inside</li>
<li>Comes with a free white envelope</li>
<li>Posted flat in a board-backed envelope so it arrives uncreased</li>
</ul>
<h3>Size &amp; details</h3>
<ul>
<li>Size: printed A4, folded to A5</li>
<li>Card: 350gsm silk art board</li>
<li>Finish: machine cut and folded</li>
<li>Includes: free white envelope</li>
<li>Personalisation: name, age, front message and inside message</li>
</ul>
<h3>Delivery</h3>
<p>Sent Royal Mail 1st Class, dispatched the same day, or the next working day at busy times. It's posted flat in a board-backed envelope.</p>
<p>Buying for a music fan? Add a personalised mug or poster for a matching gift. Custom card designs on request: call 01439 771468.</p>
<h3>Please note</h3>
<p class=""disclaimer"">This is an unofficial fan design. It is not endorsed by, or connected with, Radiohead, their management or record label. All names and trademarks belong to their respective owners.</p>"
personalised-rammstein-1-music-birthday-card-sa,"<p>Looking for a card for a music fan? This personalised Rammstein music birthday card is made to order with the name, age and message you choose.</p>
<h2>Rammstein birthday card with name and age</h2>
<p>It's a Rammstein music design (design 1), personalised with the name and age of the birthday music fan. We can print inside and out, so add your own inside message when you order. We print exactly what you enter, so please double-check names and spelling.</p>
<h3>Why you'll love it</h3>
<ul>
<li>Printed on 350gsm silk art board, much thicker than the usual 240gsm card</li>
<li>Printed A4 and folded to A5, then machine cut and folded for a crisp finish</li>
<li>Personalised with their name, age and your own message</li>
<li>Comes with a free white envelope</li>
<li>Posted flat in a board-backed envelope so it arrives uncreased</li>
</ul>
<h3>Size &amp; details</h3>
<ul>
<li>Size: printed A4, folded to A5</li>
<li>Card: 350gsm silk art board</li>
<li>Finish: machine cut and folded</li>
<li>Includes: free white envelope</li>
<li>Personalisation: name, age, front message and inside message</li>
</ul>
<h3>Delivery</h3>
<p>Sent Royal Mail 1st Class, dispatched the same day, or the next working day at busy times. It's posted flat in a board-backed envelope.</p>
<p>Buying for a music fan? Add a personalised mug or poster for a matching gift. Custom card designs on request: call 01439 771468.</p>
<h3>Please note</h3>
<p class=""disclaimer"">This is an unofficial fan design. It is not endorsed by, or connected with, Rammstein, their management or record label. All names and trademarks belong to their respective owners.</p>"
personalised-rammstein-2-music-birthday-card-sa,"<p>Our personalised Rammstein music birthday card is a fun way to wish a music fan happy birthday, with their name and age added to the design.</p>
<h2>Personalised Rammstein birthday card</h2>
<p>It's a Rammstein music design (design 2), personalised with the name and age of the birthday music fan. We can print inside and out, so add your own inside message when you order. We print exactly what you enter, so please double-check names and spelling.</p>
<h3>Why you'll love it</h3>
<ul>
<li>Printed A4 and folded to A5, then machine cut and folded for a crisp finish</li>
<li>Personalised with their name, age and your own message</li>
<li>Printed inside and out if you want a message inside</li>
<li>Comes with a free white envelope</li>
<li>Posted flat in a board-backed envelope so it arrives uncreased</li>
</ul>
<h3>Size &amp; details</h3>
<ul>
<li>Size: printed A4, folded to A5</li>
<li>Card: 350gsm silk art board</li>
<li>Finish: machine cut and folded</li>
<li>Includes: free white envelope</li>
<li>Personalisation: name, age, front message and inside message</li>
</ul>
<h3>Delivery</h3>
<p>Sent Royal Mail 1st Class, dispatched the same day, or the next working day at busy times. It's posted flat in a board-backed envelope.</p>
<p>Can't find the design you're after? We can make a custom birthday card: call 01439 771468.</p>
<h3>Please note</h3>
<p class=""disclaimer"">This is an unofficial fan design. It is not endorsed by, or connected with, Rammstein, their management or record label. All names and trademarks belong to their respective owners.</p>"
personalised-res-dj-music-birthday-card-sa,"<p>Make their day with a personalised RES Dj music birthday card, printed on thick card in our North Yorkshire workshop and posted 1st Class.</p>
<h2>Personalised RES Dj music birthday card</h2>
<p>The front shows a RES Dj music design. Add the birthday name, age and your own front message when you order, and we can print a message inside too. We print exactly what you enter, so please double-check names and spelling.</p>
<h3>Why you'll love it</h3>
<ul>
<li>Printed on 350gsm silk art board, much thicker than the usual 240gsm card</li>
<li>Printed A4 and folded to A5, then machine cut and folded for a crisp finish</li>
<li>Printed inside and out if you want a message inside</li>
<li>Comes with a free white envelope</li>
<li>Posted flat in a board-backed envelope so it arrives uncreased</li>
</ul>
<h3>Size &amp; details</h3>
<ul>
<li>Size: printed A4, folded to A5</li>
<li>Card: 350gsm silk art board</li>
<li>Finish: machine cut and folded</li>
<li>Includes: free white envelope</li>
<li>Personalisation: name, age, front message and inside message</li>
</ul>
<h3>Delivery</h3>
<p>Sent Royal Mail 1st Class, dispatched the same day, or the next working day at busy times. It's posted flat in a board-backed envelope.</p>
<p>Can't find the design you're after? We can make a custom birthday card: call 01439 771468.</p>"
personalised-rise-against-1-music-birthday-card-sa,"<p>Our personalised Rise Against music birthday card is a fun way to wish a music fan happy birthday, with their name and age added to the design.</p>
<h2>Rise Against birthday card with name and age</h2>
<p>It's a Rise Against music design (design 1), personalised with the name and age of the birthday music fan. We can print inside and out, so add your own inside message when you order. We print exactly what you enter, so please double-check names and spelling.</p>
<h3>Why you'll love it</h3>
<ul>
<li>Printed on 350gsm silk art board, much thicker than the usual 240gsm card</li>
<li>Printed A4 and folded to A5, then machine cut and folded for a crisp finish</li>
<li>Printed inside and out if you want a message inside</li>
<li>Comes with a free white envelope</li>
<li>Posted flat in a board-backed envelope so it arrives uncreased</li>
</ul>
<h3>Size &amp; details</h3>
<ul>
<li>Size: printed A4, folded to A5</li>
<li>Card: 350gsm silk art board</li>
<li>Finish: machine cut and folded</li>
<li>Includes: free white envelope</li>
<li>Personalisation: name, age, front message and inside message</li>
</ul>
<h3>Delivery</h3>
<p>Sent Royal Mail 1st Class, dispatched the same day, or the next working day at busy times. It's posted flat in a board-backed envelope.</p>
<p>Pair the personalised Rise Against music birthday card with a personalised mug for a birthday gift that's sorted in one go. Custom cards on request: call 01439 771468.</p>
<h3>Please note</h3>
<p class=""disclaimer"">This is an unofficial fan design. It is not endorsed by, or connected with, Rise Against, their management or record label. All names and trademarks belong to their respective owners.</p>"
personalised-rise-against-2-music-birthday-card-sa,"<p>Looking for a card for a music fan? This personalised Rise Against music birthday card is made to order with the name, age and message you choose.</p>
<h2>Rise Against birthday card with name and age</h2>
<p>The front shows a Rise Against music design (design 2). Add the birthday name, age and your own front message when you order, and we can print a message inside too. We print exactly what you enter, so please double-check names and spelling.</p>
<h3>Why you'll love it</h3>
<ul>
<li>Printed on 350gsm silk art board, much thicker than the usual 240gsm card</li>
<li>Personalised with their name, age and your own message</li>
<li>Printed inside and out if you want a message inside</li>
<li>Comes with a free white envelope</li>
<li>Posted flat in a board-backed envelope so it arrives uncreased</li>
</ul>
<h3>Size &amp; details</h3>
<ul>
<li>Size: printed A4, folded to A5</li>
<li>Card: 350gsm silk art board</li>
<li>Finish: machine cut and folded</li>
<li>Includes: free white envelope</li>
<li>Personalisation: name, age, front message and inside message</li>
</ul>
<h3>Delivery</h3>
<p>Sent Royal Mail 1st Class, dispatched the same day, or the next working day at busy times. It's posted flat in a board-backed envelope.</p>
<p>Can't find the design you're after? We can make a custom birthday card: call 01439 771468.</p>
<h3>Please note</h3>
<p class=""disclaimer"">This is an unofficial fan design. It is not endorsed by, or connected with, Rise Against, their management or record label. All names and trademarks belong to their respective owners.</p>"
personalised-rob-zombie-1-music-birthday-card-sa,"<p>Looking for a card for a music fan? This personalised Rob Zombie music birthday card is made to order with the name, age and message you choose.</p>
<h2>Rob Zombie birthday card with name and age</h2>
<p>You get a Rob Zombie music design (design 1), printed with the name and age you give us. Want a message inside? Add it when you order and we'll print that as well. We print exactly what you enter, so please double-check names and spelling.</p>
<h3>Why you'll love it</h3>
<ul>
<li>Printed A4 and folded to A5, then machine cut and folded for a crisp finish</li>
<li>Personalised with their name, age and your own message</li>
<li>Printed inside and out if you want a message inside</li>
<li>Comes with a free white envelope</li>
<li>Posted flat in a board-backed envelope so it arrives uncreased</li>
</ul>
<h3>Size &amp; details</h3>
<ul>
<li>Size: printed A4, folded to A5</li>
<li>Card: 350gsm silk art board</li>
<li>Finish: machine cut and folded</li>
<li>Includes: free white envelope</li>
<li>Personalisation: name, age, front message and inside message</li>
</ul>
<h3>Delivery</h3>
<p>Sent Royal Mail 1st Class, dispatched the same day, or the next working day at busy times. It's posted flat in a board-backed envelope.</p>
<p>Can't find the design you're after? We can make a custom birthday card: call 01439 771468.</p>
<h3>Please note</h3>
<p class=""disclaimer"">This is an unofficial fan design. It is not endorsed by, or connected with, Rob Zombie, their management or record label. All names and trademarks belong to their respective owners.</p>"
personalised-rob-zombie-2-music-birthday-card-sa,"<p>Looking for a card for a music fan? This personalised Rob Zombie music birthday card is made to order with the name, age and message you choose.</p>
<h2>Personalised Rob Zombie music birthday card</h2>
<p>You get a Rob Zombie music design (design 2), printed with the name and age you give us. Want a message inside? Add it when you order and we'll print that as well. We print exactly what you enter, so please double-check names and spelling.</p>
<h3>Why you'll love it</h3>
<ul>
<li>Printed on 350gsm silk art board, much thicker than the usual 240gsm card</li>
<li>Printed A4 and folded to A5, then machine cut and folded for a crisp finish</li>
<li>Personalised with their name, age and your own message</li>
<li>Printed inside and out if you want a message inside</li>
<li>Comes with a free white envelope</li>
</ul>
<h3>Size &amp; details</h3>
<ul>
<li>Size: printed A4, folded to A5</li>
<li>Card: 350gsm silk art board</li>
<li>Finish: machine cut and folded</li>
<li>Includes: free white envelope</li>
<li>Personalisation: name, age, front message and inside message</li>
</ul>
<h3>Delivery</h3>
<p>Sent Royal Mail 1st Class, dispatched the same day, or the next working day at busy times. It's posted flat in a board-backed envelope.</p>
<p>Can't find the design you're after? We can make a custom birthday card: call 01439 771468.</p>
<h3>Please note</h3>
<p class=""disclaimer"">This is an unofficial fan design. It is not endorsed by, or connected with, Rob Zombie, their management or record label. All names and trademarks belong to their respective owners.</p>"
personalised-seether-1-music-birthday-card-sa,"<p>Our personalised Seether music birthday card is a fun way to wish a music fan happy birthday, with their name and age added to the design.</p>
<h2>Seether birthday card with name and age</h2>
<p>The front shows a Seether music design (design 1). Add the birthday name, age and your own front message when you order, and we can print a message inside too. We print exactly what you enter, so please double-check names and spelling.</p>
<h3>Why you'll love it</h3>
<ul>
<li>Printed on 350gsm silk art board, much thicker than the usual 240gsm card</li>
<li>Printed A4 and folded to A5, then machine cut and folded for a crisp finish</li>
<li>Personalised with their name, age and your own message</li>
<li>Printed inside and out if you want a message inside</li>
<li>Posted flat in a board-backed envelope so it arrives uncreased</li>
</ul>
<h3>Size &amp; details</h3>
<ul>
<li>Size: printed A4, folded to A5</li>
<li>Card: 350gsm silk art board</li>
<li>Finish: machine cut and folded</li>
<li>Includes: free white envelope</li>
<li>Personalisation: name, age, front message and inside message</li>
</ul>
<h3>Delivery</h3>
<p>Sent Royal Mail 1st Class, dispatched the same day, or the next working day at busy times. It's posted flat in a board-backed envelope.</p>
<p>Pair the personalised Seether music birthday card with a personalised mug for a birthday gift that's sorted in one go. Custom cards on request: call 01439 771468.</p>
<h3>Please note</h3>
<p class=""disclaimer"">This is an unofficial fan design. It is not endorsed by, or connected with, Seether, their management or record label. All names and trademarks belong to their respective owners.</p>"
personalised-seether-2-music-birthday-card-sa,"<p>Make their day with a personalised Seether music birthday card, printed on thick card in our North Yorkshire workshop and posted 1st Class.</p>
<h2>Personalised Seether birthday card</h2>
<p>It's a Seether music design (design 2), personalised with the name and age of the birthday music fan. We can print inside and out, so add your own inside message when you order. We print exactly what you enter, so please double-check names and spelling.</p>
<h3>Why you'll love it</h3>
<ul>
<li>Printed on 350gsm silk art board, much thicker than the usual 240gsm card</li>
<li>Printed A4 and folded to A5, then machine cut and folded for a crisp finish</li>
<li>Personalised with their name, age and your own message</li>
<li>Printed inside and out if you want a message inside</li>
<li>Comes with a free white envelope</li>
</ul>
<h3>Size &amp; details</h3>
<ul>
<li>Size: printed A4, folded to A5</li>
<li>Card: 350gsm silk art board</li>
<li>Finish: machine cut and folded</li>
<li>Includes: free white envelope</li>
<li>Personalisation: name, age, front message and inside message</li>
</ul>
<h3>Delivery</h3>
<p>Sent Royal Mail 1st Class, dispatched the same day, or the next working day at busy times. It's posted flat in a board-backed envelope.</p>
<p>Can't find the design you're after? We can make a custom birthday card: call 01439 771468.</p>
<h3>Please note</h3>
<p class=""disclaimer"">This is an unofficial fan design. It is not endorsed by, or connected with, Seether, their management or record label. All names and trademarks belong to their respective owners.</p>"
personalised-skillet-1-music-birthday-card-sa,"<p>Looking for a card for a music fan? This personalised Skillet music birthday card is made to order with the name, age and message you choose.</p>
<h2>Personalised Skillet birthday card</h2>
<p>You get a Skillet music design (design 1), printed with the name and age you give us. Want a message inside? Add it when you order and we'll print that as well. We print exactly what you enter, so please double-check names and spelling.</p>
<h3>Why you'll love it</h3>
<ul>
<li>Printed on 350gsm silk art board, much thicker than the usual 240gsm card</li>
<li>Printed A4 and folded to A5, then machine cut and folded for a crisp finish</li>
<li>Personalised with their name, age and your own message</li>
<li>Comes with a free white envelope</li>
<li>Posted flat in a board-backed envelope so it arrives uncreased</li>
</ul>
<h3>Size &amp; details</h3>
<ul>
<li>Size: printed A4, folded to A5</li>
<li>Card: 350gsm silk art board</li>
<li>Finish: machine cut and folded</li>
<li>Includes: free white envelope</li>
<li>Personalisation: name, age, front message and inside message</li>
</ul>
<h3>Delivery</h3>
<p>Sent Royal Mail 1st Class, dispatched the same day, or the next working day at busy times. It's posted flat in a board-backed envelope.</p>
<p>Buying for a music fan? Add a personalised mug or poster for a matching gift. Custom card designs on request: call 01439 771468.</p>
<h3>Please note</h3>
<p class=""disclaimer"">This is an unofficial fan design. It is not endorsed by, or connected with, Skillet, their management or record label. All names and trademarks belong to their respective owners.</p>"
personalised-skillet-2-music-birthday-card-sa,"<p>Looking for a card for a music fan? This personalised Skillet music birthday card is made to order with the name, age and message you choose.</p>
<h2>Personalised Skillet birthday card</h2>
<p>You get a Skillet music design (design 2), printed with the name and age you give us. Want a message inside? Add it when you order and we'll print that as well. We print exactly what you enter, so please double-check names and spelling.</p>
<h3>Why you'll love it</h3>
<ul>
<li>Printed on 350gsm silk art board, much thicker than the usual 240gsm card</li>
<li>Personalised with their name, age and your own message</li>
<li>Printed inside and out if you want a message inside</li>
<li>Comes with a free white envelope</li>
<li>Posted flat in a board-backed envelope so it arrives uncreased</li>
</ul>
<h3>Size &amp; details</h3>
<ul>
<li>Size: printed A4, folded to A5</li>
<li>Card: 350gsm silk art board</li>
<li>Finish: machine cut and folded</li>
<li>Includes: free white envelope</li>
<li>Personalisation: name, age, front message and inside message</li>
</ul>
<h3>Delivery</h3>
<p>Sent Royal Mail 1st Class, dispatched the same day, or the next working day at busy times. It's posted flat in a board-backed envelope.</p>
<p>Buying for a music fan? Add a personalised mug or poster for a matching gift. Custom card designs on request: call 01439 771468.</p>
<h3>Please note</h3>
<p class=""disclaimer"">This is an unofficial fan design. It is not endorsed by, or connected with, Skillet, their management or record label. All names and trademarks belong to their respective owners.</p>"
personalised-skrillex-1-music-birthday-card-sa,"<p>Our personalised Skrillex music birthday card is a fun way to wish a music fan happy birthday, with their name and age added to the design.</p>
<h2>Personalised Skrillex music birthday card</h2>
<p>It's a Skrillex music design (design 1), personalised with the name and age of the birthday music fan. We can print inside and out, so add your own inside message when you order. We print exactly what you enter, so please double-check names and spelling.</p>
<h3>Why you'll love it</h3>
<ul>
<li>Printed on 350gsm silk art board, much thicker than the usual 240gsm card</li>
<li>Personalised with their name, age and your own message</li>
<li>Printed inside and out if you want a message inside</li>
<li>Comes with a free white envelope</li>
<li>Posted flat in a board-backed envelope so it arrives uncreased</li>
</ul>
<h3>Size &amp; details</h3>
<ul>
<li>Size: printed A4, folded to A5</li>
<li>Card: 350gsm silk art board</li>
<li>Finish: machine cut and folded</li>
<li>Includes: free white envelope</li>
<li>Personalisation: name, age, front message and inside message</li>
</ul>
<h3>Delivery</h3>
<p>Sent Royal Mail 1st Class, dispatched the same day, or the next working day at busy times. It's posted flat in a board-backed envelope.</p>
<p>Pair the personalised Skrillex music birthday card with a personalised mug for a birthday gift that's sorted in one go. Custom cards on request: call 01439 771468.</p>
<h3>Please note</h3>
<p class=""disclaimer"">This is an unofficial fan design. It is not endorsed by, or connected with, Skrillex, their management or record label. All names and trademarks belong to their respective owners.</p>"
personalised-skrillex-2-music-birthday-card-sa,"<p>Looking for a card for a music fan? This personalised Skrillex music birthday card is made to order with the name, age and message you choose.</p>
<h2>Personalised Skrillex music birthday card</h2>
<p>The front shows a Skrillex music design (design 2). Add the birthday name, age and your own front message when you order, and we can print a message inside too. We print exactly what you enter, so please double-check names and spelling.</p>
<h3>Why you'll love it</h3>
<ul>
<li>Printed on 350gsm silk art board, much thicker than the usual 240gsm card</li>
<li>Personalised with their name, age and your own message</li>
<li>Printed inside and out if you want a message inside</li>
<li>Comes with a free white envelope</li>
<li>Posted flat in a board-backed envelope so it arrives uncreased</li>
</ul>
<h3>Size &amp; details</h3>
<ul>
<li>Size: printed A4, folded to A5</li>
<li>Card: 350gsm silk art board</li>
<li>Finish: machine cut and folded</li>
<li>Includes: free white envelope</li>
<li>Personalisation: name, age, front message and inside message</li>
</ul>
<h3>Delivery</h3>
<p>Sent Royal Mail 1st Class, dispatched the same day, or the next working day at busy times. It's posted flat in a board-backed envelope.</p>
<p>Buying for a music fan? Add a personalised mug or poster for a matching gift. Custom card designs on request: call 01439 771468.</p>
<h3>Please note</h3>
<p class=""disclaimer"">This is an unofficial fan design. It is not endorsed by, or connected with, Skrillex, their management or record label. All names and trademarks belong to their respective owners.</p>"
personalised-super-junior-1-music-birthday-card-sa,"<p>Our personalised Super Junior music birthday card is a fun way to wish a music fan happy birthday, with their name and age added to the design.</p>
<h2>Super Junior birthday card with name and age</h2>
<p>You get a Super Junior music design (design 1), printed with the name and age you give us. Want a message inside? Add it when you order and we'll print that as well. We print exactly what you enter, so please double-check names and spelling.</p>
<h3>Why you'll love it</h3>
<ul>
<li>Printed on 350gsm silk art board, much thicker than the usual 240gsm card</li>
<li>Printed A4 and folded to A5, then machine cut and folded for a crisp finish</li>
<li>Personalised with their name, age and your own message</li>
<li>Printed inside and out if you want a message inside</li>
<li>Posted flat in a board-backed envelope so it arrives uncreased</li>
</ul>
<h3>Size &amp; details</h3>
<ul>
<li>Size: printed A4, folded to A5</li>
<li>Card: 350gsm silk art board</li>
<li>Finish: machine cut and folded</li>
<li>Includes: free white envelope</li>
<li>Personalisation: name, age, front message and inside message</li>
</ul>
<h3>Delivery</h3>
<p>Sent Royal Mail 1st Class, dispatched the same day, or the next working day at busy times. It's posted flat in a board-backed envelope.</p>
<p>Buying for a music fan? Add a personalised mug or poster for a matching gift. Custom card designs on request: call 01439 771468.</p>
<h3>Please note</h3>
<p class=""disclaimer"">This is an unofficial fan design. It is not endorsed by, or connected with, Super Junior, their management or record label. All names and trademarks belong to their respective owners.</p>"
personalised-super-junior-2-music-birthday-card-sa,"<p>Make their day with a personalised Super Junior music birthday card, printed on thick card in our North Yorkshire workshop and posted 1st Class.</p>
<h2>Personalised Super Junior music birthday card</h2>
<p>The front shows a Super Junior music design (design 2). Add the birthday name, age and your own front message when you order, and we can print a message inside too. We print exactly what you enter, so please double-check names and spelling.</p>
<h3>Why you'll love it</h3>
<ul>
<li>Printed on 350gsm silk art board, much thicker than the usual 240gsm card</li>
<li>Printed A4 and folded to A5, then machine cut and folded for a crisp finish</li>
<li>Personalised with their name, age and your own message</li>
<li>Comes with a free white envelope</li>
<li>Posted flat in a board-backed envelope so it arrives uncreased</li>
</ul>
<h3>Size &amp; details</h3>
<ul>
<li>Size: printed A4, folded to A5</li>
<li>Card: 350gsm silk art board</li>
<li>Finish: machine cut and folded</li>
<li>Includes: free white envelope</li>
<li>Personalisation: name, age, front message and inside message</li>
</ul>
<h3>Delivery</h3>
<p>Sent Royal Mail 1st Class, dispatched the same day, or the next working day at busy times. It's posted flat in a board-backed envelope.</p>
<p>Pair the personalised Super Junior music birthday card with a personalised mug for a birthday gift that's sorted in one go. Custom cards on request: call 01439 771468.</p>
<h3>Please note</h3>
<p class=""disclaimer"">This is an unofficial fan design. It is not endorsed by, or connected with, Super Junior, their management or record label. All names and trademarks belong to their respective owners.</p>"
personalised-swedish-house-mafia-1-music-birthday-card-sa,"<p>Our personalised Swedish House Mafia music birthday card is a fun way to wish a music fan happy birthday, with their name and age added to the design.</p>
<h2>Personalised Swedish House Mafia music birthday card</h2>
<p>You get a Swedish House Mafia music design (design 1), printed with the name and age you give us. Want a message inside? Add it when you order and we'll print that as well. We print exactly what you enter, so please double-check names and spelling.</p>
<h3>Why you'll love it</h3>
<ul>
<li>Printed A4 and folded to A5, then machine cut and folded for a crisp finish</li>
<li>Personalised with their name, age and your own message</li>
<li>Printed inside and out if you want a message inside</li>
<li>Comes with a free white envelope</li>
<li>Posted flat in a board-backed envelope so it arrives uncreased</li>
</ul>
<h3>Size &amp; details</h3>
<ul>
<li>Size: printed A4, folded to A5</li>
<li>Card: 350gsm silk art board</li>
<li>Finish: machine cut and folded</li>
<li>Includes: free white envelope</li>
<li>Personalisation: name, age, front message and inside message</li>
</ul>
<h3>Delivery</h3>
<p>Sent Royal Mail 1st Class, dispatched the same day, or the next working day at busy times. It's posted flat in a board-backed envelope.</p>
<p>Pair the personalised Swedish House Mafia music birthday card with a personalised mug for a birthday gift that's sorted in one go. Custom cards on request: call 01439 771468.</p>
<h3>Please note</h3>
<p class=""disclaimer"">This is an unofficial fan design. It is not endorsed by, or connected with, Swedish House Mafia, their management or record label. All names and trademarks belong to their respective owners.</p>"
personalised-swedish-house-mafia-2-music-birthday-card-sa,"<p>Looking for a card for a music fan? This personalised Swedish House Mafia music birthday card is made to order with the name, age and message you choose.</p>
<h2>Swedish House Mafia birthday card with name and age</h2>
<p>You get a Swedish House Mafia music design (design 2), printed with the name and age you give us. Want a message inside? Add it when you order and we'll print that as well. We print exactly what you enter, so please double-check names and spelling.</p>
<h3>Why you'll love it</h3>
<ul>
<li>Printed on 350gsm silk art board, much thicker than the usual 240gsm card</li>
<li>Personalised with their name, age and your own message</li>
<li>Printed inside and out if you want a message inside</li>
<li>Comes with a free white envelope</li>
<li>Posted flat in a board-backed envelope so it arrives uncreased</li>
</ul>
<h3>Size &amp; details</h3>
<ul>
<li>Size: printed A4, folded to A5</li>
<li>Card: 350gsm silk art board</li>
<li>Finish: machine cut and folded</li>
<li>Includes: free white envelope</li>
<li>Personalisation: name, age, front message and inside message</li>
</ul>
<h3>Delivery</h3>
<p>Sent Royal Mail 1st Class, dispatched the same day, or the next working day at busy times. It's posted flat in a board-backed envelope.</p>
<p>Can't find the design you're after? We can make a custom birthday card: call 01439 771468.</p>
<h3>Please note</h3>
<p class=""disclaimer"">This is an unofficial fan design. It is not endorsed by, or connected with, Swedish House Mafia, their management or record label. All names and trademarks belong to their respective owners.</p>"
personalised-t-a-t-u-1-music-birthday-card-sa,"<p>Make their day with a personalised t.A.T.u. music birthday card, printed on thick card in our North Yorkshire workshop and posted 1st Class.</p>
<h2>t.A.T.u. birthday card with name and age</h2>
<p>It's a t.A.T.u. music design (design 1), personalised with the name and age of the birthday music fan. We can print inside and out, so add your own inside message when you order. We print exactly what you enter, so please double-check names and spelling.</p>
<h3>Why you'll love it</h3>
<ul>
<li>Printed A4 and folded to A5, then machine cut and folded for a crisp finish</li>
<li>Personalised with their name, age and your own message</li>
<li>Printed inside and out if you want a message inside</li>
<li>Comes with a free white envelope</li>
<li>Posted flat in a board-backed envelope so it arrives uncreased</li>
</ul>
<h3>Size &amp; details</h3>
<ul>
<li>Size: printed A4, folded to A5</li>
<li>Card: 350gsm silk art board</li>
<li>Finish: machine cut and folded</li>
<li>Includes: free white envelope</li>
<li>Personalisation: name, age, front message and inside message</li>
</ul>
<h3>Delivery</h3>
<p>Sent Royal Mail 1st Class, dispatched the same day, or the next working day at busy times. It's posted flat in a board-backed envelope.</p>
<p>Pair the personalised t.A.T.u. music birthday card with a personalised mug for a birthday gift that's sorted in one go. Custom cards on request: call 01439 771468.</p>
<h3>Please note</h3>
<p class=""disclaimer"">This is an unofficial fan design. It is not endorsed by, or connected with, t.A.T.u., their management or record label. All names and trademarks belong to their respective owners.</p>"
personalised-t-a-t-u-2-music-birthday-card-sa,"<p>Our personalised t.A.T.u. music birthday card is a fun way to wish a music fan happy birthday, with their name and age added to the design.</p>
<h2>Personalised t.A.T.u. music birthday card</h2>
<p>You get a t.A.T.u. music design (design 2), printed with the name and age you give us. Want a message inside? Add it when you order and we'll print that as well. We print exactly what you enter, so please double-check names and spelling.</p>
<h3>Why you'll love it</h3>
<ul>
<li>Printed on 350gsm silk art board, much thicker than the usual 240gsm card</li>
<li>Printed A4 and folded to A5, then machine cut and folded for a crisp finish</li>
<li>Printed inside and out if you want a message inside</li>
<li>Comes with a free white envelope</li>
<li>Posted flat in a board-backed envelope so it arrives uncreased</li>
</ul>
<h3>Size &amp; details</h3>
<ul>
<li>Size: printed A4, folded to A5</li>
<li>Card: 350gsm silk art board</li>
<li>Finish: machine cut and folded</li>
<li>Includes: free white envelope</li>
<li>Personalisation: name, age, front message and inside message</li>
</ul>
<h3>Delivery</h3>
<p>Sent Royal Mail 1st Class, dispatched the same day, or the next working day at busy times. It's posted flat in a board-backed envelope.</p>
<p>Pair the personalised t.A.T.u. music birthday card with a personalised mug for a birthday gift that's sorted in one go. Custom cards on request: call 01439 771468.</p>
<h3>Please note</h3>
<p class=""disclaimer"">This is an unofficial fan design. It is not endorsed by, or connected with, t.A.T.u., their management or record label. All names and trademarks belong to their respective owners.</p>"
personalised-the-killers-1-music-birthday-card-sa,"<p>Looking for a card for a music fan? This personalised The Killers music birthday card is made to order with the name, age and message you choose.</p>
<h2>Personalised The Killers birthday card</h2>
<p>The front shows a The Killers music design (design 1). Add the birthday name, age and your own front message when you order, and we can print a message inside too. We print exactly what you enter, so please double-check names and spelling.</p>
<h3>Why you'll love it</h3>
<ul>
<li>Printed A4 and folded to A5, then machine cut and folded for a crisp finish</li>
<li>Personalised with their name, age and your own message</li>
<li>Printed inside and out if you want a message inside</li>
<li>Comes with a free white envelope</li>
<li>Posted flat in a board-backed envelope so it arrives uncreased</li>
</ul>
<h3>Size &amp; details</h3>
<ul>
<li>Size: printed A4, folded to A5</li>
<li>Card: 350gsm silk art board</li>
<li>Finish: machine cut and folded</li>
<li>Includes: free white envelope</li>
<li>Personalisation: name, age, front message and inside message</li>
</ul>
<h3>Delivery</h3>
<p>Sent Royal Mail 1st Class, dispatched the same day, or the next working day at busy times. It's posted flat in a board-backed envelope.</p>
<p>Pair the personalised The Killers music birthday card with a personalised mug for a birthday gift that's sorted in one go. Custom cards on request: call 01439 771468.</p>
<h3>Please note</h3>
<p class=""disclaimer"">This is an unofficial fan design. It is not endorsed by, or connected with, The Killers, their management or record label. All names and trademarks belong to their respective owners.</p>"
personalised-the-killers-2-music-birthday-card-sa,"<p>Looking for a card for a music fan? This personalised The Killers music birthday card is made to order with the name, age and message you choose.</p>
<h2>Personalised The Killers music birthday card</h2>
<p>It's a The Killers music design (design 2), personalised with the name and age of the birthday music fan. We can print inside and out, so add your own inside message when you order. We print exactly what you enter, so please double-check names and spelling.</p>
<h3>Why you'll love it</h3>
<ul>
<li>Printed on 350gsm silk art board, much thicker than the usual 240gsm card</li>
<li>Personalised with their name, age and your own message</li>
<li>Printed inside and out if you want a message inside</li>
<li>Comes with a free white envelope</li>
<li>Posted flat in a board-backed envelope so it arrives uncreased</li>
</ul>
<h3>Size &amp; details</h3>
<ul>
<li>Size: printed A4, folded to A5</li>
<li>Card: 350gsm silk art board</li>
<li>Finish: machine cut and folded</li>
<li>Includes: free white envelope</li>
<li>Personalisation: name, age, front message and inside message</li>
</ul>
<h3>Delivery</h3>
<p>Sent Royal Mail 1st Class, dispatched the same day, or the next working day at busy times. It's posted flat in a board-backed envelope.</p>
<p>Pair the personalised The Killers music birthday card with a personalised mug for a birthday gift that's sorted in one go. Custom cards on request: call 01439 771468.</p>
<h3>Please note</h3>
<p class=""disclaimer"">This is an unofficial fan design. It is not endorsed by, or connected with, The Killers, their management or record label. All names and trademarks belong to their respective owners.</p>"
personalised-the-white-stripes-music-birthday-card-sa,"<p>Looking for a card for a music fan? This personalised The White Stripes music birthday card is made to order with the name, age and message you choose.</p>
<h2>Personalised The White Stripes music birthday card</h2>
<p>The front shows a The White Stripes music design. Add the birthday name, age and your own front message when you order, and we can print a message inside too. We print exactly what you enter, so please double-check names and spelling.</p>
<h3>Why you'll love it</h3>
<ul>
<li>Printed A4 and folded to A5, then machine cut and folded for a crisp finish</li>
<li>Personalised with their name, age and your own message</li>
<li>Printed inside and out if you want a message inside</li>
<li>Comes with a free white envelope</li>
<li>Posted flat in a board-backed envelope so it arrives uncreased</li>
</ul>
<h3>Size &amp; details</h3>
<ul>
<li>Size: printed A4, folded to A5</li>
<li>Card: 350gsm silk art board</li>
<li>Finish: machine cut and folded</li>
<li>Includes: free white envelope</li>
<li>Personalisation: name, age, front message and inside message</li>
</ul>
<h3>Delivery</h3>
<p>Sent Royal Mail 1st Class, dispatched the same day, or the next working day at busy times. It's posted flat in a board-backed envelope.</p>
<p>Can't find the design you're after? We can make a custom birthday card: call 01439 771468.</p>
<h3>Please note</h3>
<p class=""disclaimer"">This is an unofficial fan design. It is not endorsed by, or connected with, The White Stripes, their management or record label. All names and trademarks belong to their respective owners.</p>"
personalised-third-eye-blind-1-music-birthday-card-sa,"<p>Our personalised Third Eye Blind music birthday card is a fun way to wish a music fan happy birthday, with their name and age added to the design.</p>
<h2>Third Eye Blind birthday card with name and age</h2>
<p>You get a Third Eye Blind music design (design 1), printed with the name and age you give us. Want a message inside? Add it when you order and we'll print that as well. We print exactly what you enter, so please double-check names and spelling.</p>
<h3>Why you'll love it</h3>
<ul>
<li>Printed on 350gsm silk art board, much thicker than the usual 240gsm card</li>
<li>Personalised with their name, age and your own message</li>
<li>Printed inside and out if you want a message inside</li>
<li>Comes with a free white envelope</li>
<li>Posted flat in a board-backed envelope so it arrives uncreased</li>
</ul>
<h3>Size &amp; details</h3>
<ul>
<li>Size: printed A4, folded to A5</li>
<li>Card: 350gsm silk art board</li>
<li>Finish: machine cut and folded</li>
<li>Includes: free white envelope</li>
<li>Personalisation: name, age, front message and inside message</li>
</ul>
<h3>Delivery</h3>
<p>Sent Royal Mail 1st Class, dispatched the same day, or the next working day at busy times. It's posted flat in a board-backed envelope.</p>
<p>Can't find the design you're after? We can make a custom birthday card: call 01439 771468.</p>
<h3>Please note</h3>
<p class=""disclaimer"">This is an unofficial fan design. It is not endorsed by, or connected with, Third Eye Blind, their management or record label. All names and trademarks belong to their respective owners.</p>"
personalised-third-eye-blind-2-music-birthday-card-sa,"<p>Make their day with a personalised Third Eye Blind music birthday card, printed on thick card in our North Yorkshire workshop and posted 1st Class.</p>
<h2>Third Eye Blind birthday card with name and age</h2>
<p>The front shows a Third Eye Blind music design (design 2). Add the birthday name, age and your own front message when you order, and we can print a message inside too. We print exactly what you enter, so please double-check names and spelling.</p>
<h3>Why you'll love it</h3>
<ul>
<li>Printed on 350gsm silk art board, much thicker than the usual 240gsm card</li>
<li>Printed A4 and folded to A5, then machine cut and folded for a crisp finish</li>
<li>Personalised with their name, age and your own message</li>
<li>Comes with a free white envelope</li>
<li>Posted flat in a board-backed envelope so it arrives uncreased</li>
</ul>
<h3>Size &amp; details</h3>
<ul>
<li>Size: printed A4, folded to A5</li>
<li>Card: 350gsm silk art board</li>
<li>Finish: machine cut and folded</li>
<li>Includes: free white envelope</li>
<li>Personalisation: name, age, front message and inside message</li>
</ul>
<h3>Delivery</h3>
<p>Sent Royal Mail 1st Class, dispatched the same day, or the next working day at busy times. It's posted flat in a board-backed envelope.</p>
<p>Buying for a music fan? Add a personalised mug or poster for a matching gift. Custom card designs on request: call 01439 771468.</p>
<h3>Please note</h3>
<p class=""disclaimer"">This is an unofficial fan design. It is not endorsed by, or connected with, Third Eye Blind, their management or record label. All names and trademarks belong to their respective owners.</p>"
personalised-tool-music-birthday-card-sa,"<p>Make their day with a personalised Tool music birthday card, printed on thick card in our North Yorkshire workshop and posted 1st Class.</p>
<h2>Tool birthday card with name and age</h2>
<p>It's a Tool music design, personalised with the name and age of the birthday music fan. We can print inside and out, so add your own inside message when you order. We print exactly what you enter, so please double-check names and spelling.</p>
<h3>Why you'll love it</h3>
<ul>
<li>Printed on 350gsm silk art board, much thicker than the usual 240gsm card</li>
<li>Printed A4 and folded to A5, then machine cut and folded for a crisp finish</li>
<li>Printed inside and out if you want a message inside</li>
<li>Comes with a free white envelope</li>
<li>Posted flat in a board-backed envelope so it arrives uncreased</li>
</ul>
<h3>Size &amp; details</h3>
<ul>
<li>Size: printed A4, folded to A5</li>
<li>Card: 350gsm silk art board</li>
<li>Finish: machine cut and folded</li>
<li>Includes: free white envelope</li>
<li>Personalisation: name, age, front message and inside message</li>
</ul>
<h3>Delivery</h3>
<p>Sent Royal Mail 1st Class, dispatched the same day, or the next working day at busy times. It's posted flat in a board-backed envelope.</p>
<p>Pair the personalised Tool music birthday card with a personalised mug for a birthday gift that's sorted in one go. Custom cards on request: call 01439 771468.</p>
<h3>Please note</h3>
<p class=""disclaimer"">This is an unofficial fan design. It is not endorsed by, or connected with, Tool, their management or record label. All names and trademarks belong to their respective owners.</p>"
personalised-violinist-1-music-birthday-card-sa,"<p>Our personalised Violinist music birthday card is a fun way to wish a music fan happy birthday, with their name and age added to the design.</p>
<h2>Personalised Violinist birthday card</h2>
<p>The front shows a Violinist music design (design 1). Add the birthday name, age and your own front message when you order, and we can print a message inside too. We print exactly what you enter, so please double-check names and spelling.</p>
<h3>Why you'll love it</h3>
<ul>
<li>Printed on 350gsm silk art board, much thicker than the usual 240gsm card</li>
<li>Printed A4 and folded to A5, then machine cut and folded for a crisp finish</li>
<li>Personalised with their name, age and your own message</li>
<li>Printed inside and out if you want a message inside</li>
<li>Comes with a free white envelope</li>
</ul>
<h3>Size &amp; details</h3>
<ul>
<li>Size: printed A4, folded to A5</li>
<li>Card: 350gsm silk art board</li>
<li>Finish: machine cut and folded</li>
<li>Includes: free white envelope</li>
<li>Personalisation: name, age, front message and inside message</li>
</ul>
<h3>Delivery</h3>
<p>Sent Royal Mail 1st Class, dispatched the same day, or the next working day at busy times. It's posted flat in a board-backed envelope.</p>
<p>Buying for a music fan? Add a personalised mug or poster for a matching gift. Custom card designs on request: call 01439 771468.</p>"
personalised-violinist-2-music-birthday-card-sa,"<p>Make their day with a personalised Violinist music birthday card, printed on thick card in our North Yorkshire workshop and posted 1st Class.</p>
<h2>Personalised Violinist music birthday card</h2>
<p>The front shows a Violinist music design (design 2). Add the birthday name, age and your own front message when you order, and we can print a message inside too. We print exactly what you enter, so please double-check names and spelling.</p>
<h3>Why you'll love it</h3>
<ul>
<li>Printed on 350gsm silk art board, much thicker than the usual 240gsm card</li>
<li>Personalised with their name, age and your own message</li>
<li>Printed inside and out if you want a message inside</li>
<li>Comes with a free white envelope</li>
<li>Posted flat in a board-backed envelope so it arrives uncreased</li>
</ul>
<h3>Size &amp; details</h3>
<ul>
<li>Size: printed A4, folded to A5</li>
<li>Card: 350gsm silk art board</li>
<li>Finish: machine cut and folded</li>
<li>Includes: free white envelope</li>
<li>Personalisation: name, age, front message and inside message</li>
</ul>
<h3>Delivery</h3>
<p>Sent Royal Mail 1st Class, dispatched the same day, or the next working day at busy times. It's posted flat in a board-backed envelope.</p>
<p>Buying for a music fan? Add a personalised mug or poster for a matching gift. Custom card designs on request: call 01439 771468.</p>"
