Handle,SEO Title,SEO Description
uno-free-fall-retro-gaming-keyring,Uno Free Fall Retro Game Boy Advance Keyring | Foxy Printing,This retro gaming keyring is a fun little gift for any gamer. Printed in-house in North Yorkshire in full colour. Order now and make their day.
uno-gameboy-colour-keyring,Uno Retro Game Boy Color Keyring | Foxy Printing,Carry a classic with you on this retro gaming keyring. Made to order in our North Yorkshire workshop. A great gift idea. Add it to your basket today.
uno-retro-gaming-magnet,Uno Retro Game Boy Color Fridge Magnet | Foxy Printing,Add some retro fun to the fridge with this retro gaming fridge magnet. Printed in-house in North Yorkshire in full colour. Order yours today.
uno-skip-bo,Uno Retro Game Boy Advance Fridge Magnet | Foxy Printing,Add some retro fun to the fridge with this retro gaming fridge magnet. Printed in North Yorkshire. A great gift idea. Add it to your basket today.
uno-skip-bo-retro-gaming-keyring,Uno Retro Game Boy Advance Keyring | Foxy Printing,Keep your keys retro with this retro gaming keyring. Made to order in our North Yorkshire workshop. A great gift idea. Add it to your basket today.
unofficial-guinness-8-pint-challenge-glass-with-name-and-message,Unofficial Guinness 8 Pint Challenge Glass,Treat someone special to this printed gift. Add a name to make it theirs. Custom designs on request. Made in North Yorkshire. Order yours today.
unrealtournament-3,Unreal Tournament 3 Retro Dreamcast Fridge Magnet,A nostalgic retro gaming fridge magnet for gamers of all ages. Printed in-house in North Yorkshire in full colour. Add it to your basket today.
unrealtournament-3-sega-dreamcast-game-keyring,Unrealtournament 3 Retro Dreamcast Keyring | Foxy Printing,This retro gaming keyring is a fun little gift for any gamer. Printed in-house in North Yorkshire in full colour. Add it to your basket today.
unspecified-birthday-personalised-birthday-card,Personalised Unspecified Adult Birthday Card | Foxy Printing,This personalised birthday card is a lovely way to mark their big day. Dispatched the same or next working day. Add it to your basket today.
until-dawn-ps4-retro-gaming-keyring,Until Dawn Retro PS4 Keyring | Foxy Printing,Carry a classic with you on this retro gaming keyring. Printed in-house in North Yorkshire in full colour. A great gift idea. Order yours today.
until-dawn-ps4-retro-gaming-magnet,Until Dawn Retro PS4 Fridge Magnet | Foxy Printing,This retro gaming fridge magnet is a fun gift for any retro gamer. Printed in North Yorkshire. A great gift idea. Order now and make their day.
untitled-1,Untitled 1 Baby Grow | Foxy Printing,Untitled 1 Baby Grow: a fun outfit for proud families. Add a name to make it their own. 100% cotton with nickel-free poppers. Add it to your basket today.
untitled-27-football-player-signed-by-autographed-poster-print,Untitled-27 Football Printed Signature Print | Foxy Printing,Untitled-27 Printed Signature Print: a great gift for any fan. A printed reproduction: the signature is part of the print. Add it to your basket today.
untouchables-retro-nes-gaming-fridge-magnet-608,Untouchables Retro NES Fridge Magnet | Foxy Printing,Add some retro fun to the fridge with this retro gaming fridge magnet. Printed in North Yorkshire. A great gift idea. Add it to your basket today.
untouchables-retro-nes-gaming-keyring,Untouchable's Movie Retro NES Keyring | Foxy Printing,A nostalgic retro gaming keyring for retro gaming fans. Printed in-house in North Yorkshire in full colour. A great gift idea. Treat them today.
upgrade-to-a3,Your Poster Is Upgraded to A3 | Foxy Printing,Your Poster Is Upgraded to A3: wall art that adds character to any room. Printed in North Yorkshire. A great gift idea. Add it to your basket today.
uprisingx-ps1-playstation-1-game-keyring,Uprising X Retro PS1 Fridge Magnet | Foxy Printing,This retro gaming fridge magnet is a fun gift for any retro gamer. Printed in North Yorkshire. A great gift idea. Order now and make their day.
urban-champion-retro-nes-gaming-fridge-magnet-609,Urban Champion Retro NES Fridge Magnet | Foxy Printing,A nostalgic retro gaming fridge magnet for gamers of all ages. Printed in-house in North Yorkshire in full colour. Add it to your basket today.
urban-champion-retro-nes-gaming-keyring,Untouchables Retro NES Keyring | Foxy Printing,Carry a classic with you on this retro gaming keyring. Printed in-house in North Yorkshire in full colour. A great gift idea. Add it to your basket today.
urban-strike-replacement-snes-game-case-or-cover,Urban Strike SNES Replacement Case | Foxy Printing,This replacement game case is a neat way to rehouse a loose cartridge or disc. Printed in-house in North Yorkshire. No game included. Treat them today.
urban-strike-retro-gaming-keyring,Urban Strike Retro SNES Keyring | Foxy Printing,Keep your keys retro with this retro gaming keyring. Printed in-house in North Yorkshire in full colour. A great gift idea. Order now and make their day.
urban-strike-retro-gaming-magnet,Urban Strike Retro SNES Fridge Magnet | Foxy Printing,Bring back the classics with this retro gaming fridge magnet. Printed in-house in North Yorkshire in full colour. Add it to your basket today.
urbanchaos-3,Urban Chaos 3 Retro Dreamcast Fridge Magnet | Foxy Printing,Add some retro fun to the fridge with this retro gaming fridge magnet. Printed in North Yorkshire. A great gift idea. Add it to your basket today.
urbanchaos-3-sega-dreamcast-game-keyring,Urbanchaos 3 Retro Dreamcast Keyring | Foxy Printing,Carry a classic with you on this retro gaming keyring. Printed in-house in North Yorkshire in full colour. A great gift idea. Add it to your basket today.
uri-geller-2016-celebrity-face-mask,Uri Gellar Face Mask | Foxy Printing,"Uri Gellar Face Mask: guaranteed laughs at any party. Printed on 350gsm silk card, cut to shape with eye holes and elastic. Order yours today."
uriah-hall-2-mma-wrestling-signed-by-autographed-poster-print,Uriah Hall MMA Wrestler UFC Printed Signature Print Design 2,Uriah Hall MMA Wrestler Printed Signature Print: a striking piece for a fan's wall. Printed in North Yorkshire. Add it to your basket today.
uriah-hall-2-signed-autographed-ufc-star-print,Uriah Hall UFC Printed Signature Print Design 2,Uriah Hall Printed Signature Print: a great gift for any fan. Printed to order in our North Yorkshire workshop. Add it to your basket today.
uriah-hall-mma-wrestling-signed-by-autographed-poster-print,Uriah Hall MMA Wrestler UFC Printed Signature Print,Uriah Hall MMA Wrestler Printed Signature Print: a striking piece for a fan's wall. The signature is printed in the design. Order yours today.
uriah-hall-signed-autographed-ufc-star-print,Uriah Hall UFC Printed Signature Print | Foxy Printing,"Uriah Hall Printed Signature Print: a striking piece for a fan's wall. The signature is printed as part of the design, not added by hand. Treat them today."
urine-black-handle-alchemy-mug,Urine Black Handle Alchemy Gothic Goth Horror Stars Mug,Urine Black Handle Alchemy Gothic Goth Horror Stars Mug: a fun gift for any tea or coffee lover. Dishwasher and microwave safe. Order yours today.
urmila-matondkar-m396-bollywood-autographed-poster-print-photo-signature-gift,Urmila Matondkar Bollywood Printed Signature Print,Urmila Matondkar Bollywood Printed Signature Print: a great gift for any fan. A printed reproduction: the signature is part of the print. Treat them today.
urmila-matondkar-m397-bollywood-autographed-poster-print-photo-signature-gift,Urmila Matondkar Bollywood Printed Signature Print Design 2,Urmila Matondkar Bollywood Printed Signature Print: a lovely gift for a true fan. The signature is printed in the design. Order yours today.
ursula-anders-bond-girl-face-mask,Ursula Anders Bond Girl Face Mask | Foxy Printing,Ursula Anders Bond Girl Face Mask: a fun pick for birthdays and photo booths. Cut to shape with eye holes. Made in North Yorkshire. Order today.
ursula-corbero-money-heist-celebrity-party-face-mask,Úrsula Corberó Face Mask | Foxy Printing,Fancy dress made easy: a Úrsula Corberó face mask on thick card with eye holes and elastic. Perfect for a telly-night quiz and photo booths.
uruguay-copa-america-2021-celebrity-face-mask-pack-1-silva-firmino-alisson,Uruguay Copa America 2021 Celebrity Pack Suarez Face Mask,Uruguay Copa America 2021 Celebrity Pack Suarez Face Mask: a fun pick for birthdays and photo booths. 350gsm card with eye holes and elastic. Order today.
usa-face-mask-olympic-mask,USA Face Mask | Foxy Printing,"USA Face Mask: perfect for stag dos, hen parties and fancy dress. Printed on 350gsm silk card, cut to shape with eye holes and elastic. Order yours today."
usa-flag-fully-customisable-dcd-trerrace-flags,USA Flag – Fully Customisable Dcd Trerrace Flags,"USA Flag Fully Customisable Dcd Trerrace Flags: a thoughtful gift, made to order. Add a name to make it theirs. Custom designs on request. Order today."
usa-gotg-chi-rocket-personalised-birthday-card-sa060917,Personalised Usa Gotg Chi Rocket Birthday Card,"Send a smile with this personalised birthday card. Add their name, age and your own message inside. Thick 350gsm card with a free envelope. Order today."
usa-soccer-stars-face-mask-multipack-6-usa-football-player-inspired-masks-funny-soccer-fan-party-accessories-match-day-decorations-sports-photo-booth-props-usa-supporter-gifts,USA Soccer Face Mask | Foxy Printing,USA Soccer card face mask for a stag do before the cup final. Printed on 350gsm silk card cut to shape with eye holes and elastic. Order yours today.
usain-bolt-2-athletics-autographed-poster-print-photo-signature-gift,Usain Bolt Athletics Printed Signature Print Design 2,Usain Bolt Athletics Printed Signature Print: a great gift for any fan. Printed in North Yorkshire. A great gift idea. Add it to your basket today.
usain-bolt-2-signed-autographed-athletics-star-print,Usain Bolt Athletics Printed Signature Print Design 4,Usain Bolt Printed Signature Print: a lovely gift for a true fan. The signature is printed in the design. A great gift idea. Add it to your basket today.
usain-bolt-3-signed-autographed-athletics-star-print,Usain Bolt Athletics Printed Signature Print Design 5,Usain Bolt Printed Signature Print: a lovely gift for a true fan. Printed to order in our North Yorkshire workshop. Order now and make their day.
usain-bolt-athletics-autographed-poster-print-photo-signature-gift,Usain Bolt Athletics Printed Signature Print | Foxy Printing,Usain Bolt Athletics Printed Signature Print: a striking piece for a fan's wall. A printed reproduction: the signature is part of the print. Order today.
usain-bolt-gift-framed-autographed-print-landscape,Usain Bolt Athletics Printed Signature Print Design 6,Usain Bolt Printed Signature Print: a striking piece for a fan's wall. The signature is printed in the design. Order now and make their day.
usain-bolt-jb-athletics-fancy-dress-cardboard-celebrity-party-stag-birthday-idea-fancy-dress-face-mask,Usain Bolt Face Mask Jb | Foxy Printing,Usain Bolt card face mask for a big-game watch party. Printed on 350gsm silk card cut to shape with eye holes and elastic. Order yours today.
usain-bolt-olympians-framed-autographed-print,Usain Bolt Olympians Printed Signature Print | Foxy Printing,Usain Bolt Olympians Printed Signature Print: a striking piece for a fan's wall. A printed reproduction: the signature is part of the print. Order today.
usain-bolt-signed-autographed-athletics-star-print,Usain Bolt Athletics Printed Signature Print Design 3,Usain Bolt Printed Signature Print: a lovely gift for a true fan. Printed in North Yorkshire. A great gift idea. Add it to your basket today.
usain-bolt-sports-face-mask,Usain Bolt Face Mask | Foxy Printing,Usain Bolt card face mask for a sports-themed birthday. Printed on 350gsm silk card cut to shape with eye holes and elastic. Order yours today.
use-the-force-dad-personalised-baby-boy-girl-unisex-short-sleeve-bodysuit,Use the Force Dad Personalised Baby Grow | Foxy Printing,Use the Force Dad Personalised Baby Grow: a sweet gift for a new arrival. Add a name to make it their own. Wash and iron inside out. Treat them today.
usher-1-signed-autographed-music-star-print,Usher Music Printed Signature Print | Foxy Printing,"Usher Printed Signature Print: a great gift for any fan. The signature is printed as part of the design, not added by hand. Order now and make their day."
usher-2-signed-autographed-music-star-print,Usher Music Printed Signature Print Design 2 | Foxy Printing,Usher Printed Signature Print: a striking piece for a fan's wall. Printed in North Yorkshire. A great gift idea. Order now and make their day.
usher-jb-music-star-fancy-dress-cardboard-celebrity-party-stag-birthday-idea-fancy-dress-face-mask,Usher Face Mask | Foxy Printing,"Usher Face Mask: a fun pick for birthdays and photo booths. A4 size on 350gsm card, with eye holes cut and elastic included. Add it to your basket today."
usman-khawaja-2-cricket-signed-by-autographed-poster-print,Usman Khawaja Printed Signature Print Design 2,Usman Khawaja Printed Signature Print: a lovely gift for a true fan. The signature is printed in the design. Made in North Yorkshire. Order yours today.
usman-khawaja-2-signed-autographed-cricket-star-print,Usman Khawaja Printed Signature Print Design 4,Usman Khawaja Printed Signature Print: a striking piece for a fan's wall. Printed to order in our North Yorkshire workshop. Add it to your basket today.
usman-khawaja-cricket-signed-by-autographed-poster-print,Usman Khawaja Printed Signature Print | Foxy Printing,"Usman Khawaja Printed Signature Print: a great gift for any fan. The signature is printed as part of the design, not added by hand. Treat them today."
usman-khawaja-signed-autographed-cricket-star-print,Usman Khawaja Printed Signature Print Design 3,Usman Khawaja Printed Signature Print: a striking piece for a fan's wall. Printed in North Yorkshire. A great gift idea. Order now and make their day.
uterus-personalised-birthday-card,Personalised Uterus Adult Birthday Card | Foxy Printing,"Send a smile with this personalised birthday card. Add their name, age and your own message inside. Thick 350gsm card with a free envelope. Order today."
utopia-creation-of-a-nation-replacement-snes-game-case-or-cover,Utopia Creation of a Nation SNES Replacement Case,Give your game a fresh look with this replacement game case. It's a printed case or cover only; no game is included. Add it to your basket today.
utopia-creation-of-a-nation-retro-gaming-keyring,Utopia Creation of a Nation Retro SNES Keyring,This retro gaming keyring is a fun little gift for any gamer. Made to order in our North Yorkshire workshop. A great gift idea. Treat them today.
utopia-creation-of-a-nation-retro-gaming-magnet,Utopia Creation of a Nation Retro SNES Fridge Magnet,A nostalgic retro gaming fridge magnet for gamers of all ages. Printed in-house in North Yorkshire in full colour. Add it to your basket today.
uwe-rosler-1-football-player-signed-by-autographed-poster-print,Uwe Rosler Football Printed Signature Print | Foxy Printing,"Uwe Rosler Printed Signature Print: a striking piece for a fan's wall. The signature is printed as part of the design, not added by hand. Order today."
uwe-rosler-1-signed-autographed-footballers-star-print,Uwe Rosler Football Printed Signature Print Design 1,Uwe Rosler Printed Signature Print: a striking piece for a fan's wall. Printed to order in our North Yorkshire workshop. Add it to your basket today.
uwe-rosler-2-football-player-signed-by-autographed-poster-print,Uwe Rosler Football Printed Signature Print Design 2,"Uwe Rosler Printed Signature Print: a lovely gift for a true fan. The signature is printed as part of the design, not added by hand. Order yours today."
uwe-rosler-2-signed-autographed-footballers-star-print,Uwe Rosler Football Printed Signature Print Design 4,"Uwe Rosler Printed Signature Print: a lovely gift for a true fan. The signature is printed as part of the design, not added by hand. Order today."
v-vendetta-2017-celebrity-face-mask,V Vendetta Face Mask | Foxy Printing,V Vendetta Face Mask: a crowd-pleaser for fancy dress and nights out. Cut to shape with eye holes. A great gift idea. Add it to your basket today.
vacky-pattinson-short-hair-tv-stars-face-mask,Vicky Pattinson Face Mask Short | Foxy Printing,Vicky Pattinson Short Hair Face Mask: a fun pick for birthdays and photo booths. Posted in a board-backed envelope so it arrives flat. Treat them today.
vagrantstory-2-ps1-playstation-1-game-keyring,Vagrant Story 2 Retro PS1 Fridge Magnet | Foxy Printing,This retro gaming fridge magnet is a fun gift for any retro gamer. Printed in North Yorkshire. A great gift idea. Add it to your basket today.
vagrantstory-ps1-playstation-1-game-keyring,Vagrant Story Retro PS1 Fridge Magnet | Foxy Printing,Add some retro fun to the fridge with this retro gaming fridge magnet. Printed in-house in North Yorkshire in full colour. Add it to your basket today.
vags-are-for-fags-bumper-window-sticker,Vags Are for Fags Novelty Vinyl Car Sticker | Foxy Printing,Vags Are for Fags Novelty Vinyl Car Sticker: a quick way to add some personality. Custom designs are available on request. Order yours today.
val-de-sir-skiing-and-snowboarding-jaguar-cd-retro-gaming-magnet,Val De Sir Skiing Retro Atari Jaguar Fridge Magnet,This retro gaming fridge magnet is a fun gift for any retro gamer. Made to order in our North Yorkshire workshop. Add it to your basket today.
val-kilmer-batman-forever-printed-autograph-poster-batman-1995-dc-movie-wall-art-superhero-memorabilia-collectible-print-for-fans,Val Kilmer Batman Forever Athletics Printed Signature Print,Val Kilmer Forever Printed Signature Print: a striking piece for a fan's wall. A printed reproduction: the signature is part of the print. Order today.
val-kilmer-batman-forever-signed-framed-poster-print-special-edition-a4-to-a1,Val Kilmer Batman Forever Movie Printed Signature Print,Val Kilmer Forever Printed Signature Print: a striking piece for a fan's wall. Printed in North Yorkshire. A great gift idea. Add it to your basket today.
val-kilmer-batman-forever-sonar-suit-printed-autograph-poster-batman-1995-movie-memorabilia-wall-art-dc-superhero-collectible-print-for-fans,Val Kilmer Batman Forever Sonar Suit Printed Signature Print,Val Kilmer Forever Sonar Suit Printed Signature Print: a lovely gift for a true fan. Printed in North Yorkshire. Order now and make their day.
val-kilmer-young-celebrity-face-mask,Val Kilmer Face Mask | Foxy Printing,Val Kilmer Face Mask: guaranteed laughs at any party. 350gsm card with eye holes and elastic. Made in North Yorkshire. Order now and make their day.
val-printed-mug,Personalised Val Mug | Foxy Printing,Personalised Val Mug: a smile with every cuppa. Personalise it with a name before you order. Dishwasher and microwave safe. Add it to your basket today.
valbuena-football-2015-celebrity-face-mask,Valbuena Face Mask | Foxy Printing,"Get the party started with a Valbuena face mask. Full-colour print on 350gsm card, cut to shape with elastic. Great for a football-themed birthday."
valdes-barcelona-footballer-celebrity-face-mask,Valdes Barcelona Face Mask | Foxy Printing,"Valdes Face Mask: guaranteed laughs at any party. Printed on 350gsm silk card, cut to shape with eye holes and elastic. Order now and make their day."
valdisere-skiing-and-snowboarding-retro-gaming-keyring,Valdisere Skiing and Snowboarding Retro Atari Jaguar Keyring,A nostalgic retro gaming keyring for retro gaming fans. Printed in-house in North Yorkshire in full colour. A great gift idea. Order yours today.
valdisere-skiing-and-snowboarding-retro-gaming-magnet,Valdisere Skiing Retro Atari Jaguar Fridge Magnet,Add some retro fun to the fridge with this retro gaming fridge magnet. Printed in North Yorkshire. A great gift idea. Add it to your basket today.
valentina-vezzali-olympians-framed-autographed-print,Valentina Vezzali Olympians Printed Signature Print,Valentina Vezzali Olympians Printed Signature Print: a striking piece for a fan's wall. Printed in North Yorkshire. Add it to your basket today.
valentine-movie-birthday-card-sa,Personalised Valentine's Card | Foxy Printing,Our personalised Valentine's card is made to make someone feel special. Sent 1st Class in a board-backed envelope so it arrives flat. Order yours today.
valentine-printed-mug,Personalised Valentine Mug | Foxy Printing,"Personalised Valentine Mug: a smile with every cuppa. Add any name to make it unique. Sublimation printed, so the design is part of the glaze. Order today."
valentines-day-cartoon-picture-personalised-romantic-ceramic-mug-gift,Valentines Day Cartoon Picture Personalised Mug,"Valentines Day Cartoon Picture Personalised Mug: a mug that brightens every brew. 11oz ceramic, dishwasher safe. Add it to your basket today."
valentines-day-f-valentines-day-personalised-romantic-ceramic-mug-gift,Valentines Day F*** Valentines Day Romantic Ceramic Gift Mug,Valentines Day F*** Valentines Day Romantic Ceramic Gift Mug: a cheerful gift for home or the office. Dishwasher and microwave safe. Treat them today.
valentines-day-future-dilf-romantic-ceramic-mug-gift,Valentines Day Future Dilf Romantic Ceramic Gift Mug,"A cheeky novelty printed mug for someone with a wicked sense of humour. Sublimation printed, so the design is part of the glaze. Treat them today."
valentines-day-future-milf-romantic-ceramic-mug-gift,Valentines Day Future Milf Romantic Ceramic Gift Mug,"This tongue-in-cheek printed mug is a gift for friends who like a laugh. Sublimation printed, so the design is part of the glaze. Treat them today."
valentines-day-happy-me-and-you-personalised-romantic-ceramic-mug-gift,Valentines Day Happy Me and You Personalised Mug,"Valentines Day Happy Me and You Personalised Mug: a mug that brightens every brew. Sublimation printed, so the design is part of the glaze. Order today."
valentines-day-happy-valentines-day-f-wit-romantic-ceramic-mug-gift-copy,Valentines Day Happy Valentines Day F***wit Mug,"A naughty-but-nice printed mug for adults with a sense of humour. 11oz ceramic, dishwasher safe. Made in North Yorkshire. Add it to your basket today."
valentines-day-hers-romantic-ceramic-mug-gift,Valentines Day Hers Romantic Ceramic Gift Mug,"Valentines Day Hers Romantic Ceramic Gift Mug: a mug that brightens every brew. 11oz ceramic, dishwasher safe. Order now and make their day."
valentines-day-his-romantic-ceramic-mug-gift,Valentines Day His Romantic Ceramic Gift Mug | Foxy Printing,"Valentines Day His Romantic Ceramic Gift Mug: a cheerful gift for home or the office. 11oz ceramic, dishwasher safe. Add it to your basket today."
valentines-day-hubby-romantic-ceramic-mug-gift,Valentines Day Hubby Romantic Ceramic Gift Mug,Valentines Day Hubby Romantic Ceramic Gift Mug: a fun gift for any tea or coffee lover. Dishwasher and microwave safe. Order now and make their day.
valentines-day-i-belong-to-personalised-romantic-ceramic-mug-gift,Valentines Day I Belong to Personalised Mug | Foxy Printing,Valentines Day I Belong to Personalised Mug: a smile with every cuppa. Add their name to make it their own. Dishwasher and microwave safe. Order today.
valentines-day-i-love-bear-romantic-ceramic-mug-gift,Valentines Day I Love Bear Romantic Ceramic Gift Mug,"Valentines Day I Love Bear Romantic Ceramic Gift Mug: a smile with every cuppa. Sublimation printed, so the design is part of the glaze. Treat them today."
valentines-day-i-love-you-a-latte-romantic-ceramic-mug-gift,Valentines Day I Love You a Latte Romantic Ceramic Gift Mug,Valentines Day I Love You a Latte Romantic Ceramic Gift Mug: a fun gift for any tea or coffee lover. Dishwasher and microwave safe. Treat them today.
valentines-day-i-love-you-for-your-personality-romantic-ceramic-mug-gift,Valentines Day I Love You for Your Personality Mug,"Valentines Day I Love You for Your Personality Mug: a mug that brightens every brew. Sublimation printed, so the design is part of the glaze. Order today."
valentines-day-i-love-you-so-much-personalised-romantic-ceramic-mug-gift,Valentines Day I Love You So Much Personalised Mug,Valentines Day I Love You So Much Personalised Mug: a cheerful gift for home or the office. Dishwasher and microwave safe. Add it to your basket today.
valentines-day-i-only-have-eyes-for-you-romantic-ceramic-mug-gift,Valentines Day I Only Have Eyes for You Mug | Foxy Printing,"Valentines Day I Only Have Eyes for You Mug: a smile with every cuppa. Sublimation printed, so the design is part of the glaze. Order yours today."
valentines-day-im-yours-romantic-ceramic-mug-gift,Valentines Day I'm Yours Romantic Ceramic Gift Mug,Valentines Day I'm Yours Romantic Ceramic Gift Mug: a fun gift for any tea or coffee lover. Dishwasher and microwave safe. Add it to your basket today.
valentines-day-love-birds-romantic-ceramic-mug-gift,Valentines Day Knight in Shining Armour Mug | Foxy Printing,"Valentines Day Knight in Shining Armour Mug: a fun gift for any tea or coffee lover. 11oz ceramic, dishwasher safe. Add it to your basket today."
valentines-day-love-birds-romantic-ceramic-mug-gift-1,Valentines Day Love Birds Romantic Ceramic Gift Mug,Valentines Day Love Birds Romantic Ceramic Gift Mug: a mug that brightens every brew. Dishwasher and microwave safe. Order now and make their day.
valentines-day-love-heart-personalised-romantic-ceramic-mug-gift,Valentines Day Love Heart Personalised Mug | Foxy Printing,"Valentines Day Love Heart Personalised Mug: a fun gift for any tea or coffee lover. Sublimation printed, so the design is part of the glaze. Order today."
valentines-day-love-heart-romantic-ceramic-mug-gift,Valentines Day Love Heart Romantic Ceramic Gift Mug,Valentines Day Love Heart Romantic Ceramic Gift Mug: a cheerful gift for home or the office. Dishwasher and microwave safe. Order now and make their day.
valentines-day-man-and-dog-personalised-mug-gift,Valentines Day Woman and Dog Personalised Mug,Valentines Day Woman and Dog Personalised Mug: a smile with every cuppa. Add their name to make it their own. Dishwasher and microwave safe. Order today.
valentines-day-man-and-dog-personalised-romantic-ceramic-mug-gift,Valentines Day Man and Dog Personalised Mug | Foxy Printing,"Valentines Day Man and Dog Personalised Mug: a fun gift for any tea or coffee lover. Sublimation printed, so the design is part of the glaze. Order today."
valentines-day-my-boyfriend-is-hotter-romantic-ceramic-mug-gift,Valentines Day My Boyfriend Is Hotter Mug | Foxy Printing,"Valentines Day My Boyfriend Is Hotter Mug: a cheerful gift for home or the office. Sublimation printed, so the design is part of the glaze. Order today."
valentines-day-my-girlfriend-is-hotter-romantic-ceramic-mug-gift,Valentines Day My Girlfriend Is Hotter Mug | Foxy Printing,"Valentines Day My Girlfriend Is Hotter Mug: a mug that brightens every brew. Sublimation printed, so the design is part of the glaze. Treat them today."
valentines-day-personalised-teddy-design-10-thoughtful-gift-for-him-her-22cm-teddy-bear-toy,Valentines Day Personalised Teddy 10 Thoughtful for Him/ Her,"Valentines Day Personalised Teddy 10 Thoughtful for Him/ Her: a great gift idea for any occasion. Printed in-house in North Yorkshire, UK. Order today."
valentines-day-personalised-teddy-design-5-thoughtful-gift-for-him-her-22cm-teddy-bear-toy-copy,Valentines Day Personalised Teddy 6 Thoughtful for Him/ Her,Valentines Day Personalised Teddy 6 Thoughtful for Him/ Her: a fun gift for someone special. Made to order in North Yorkshire. Order yours today.
valentines-day-personalised-teddy-design-7-thoughtful-gift-for-him-her-22cm-teddy-bear-toy-copy,Valentines Day Personalised Teddy 7 Thoughtful for Him/ Her,Valentines Day Personalised Teddy 7 Thoughtful for Him/ Her: a great gift idea for any occasion. Custom designs are available on request. Treat them today.
valentines-day-personalised-teddy-design-8-thoughtful-gift-for-him-her-22cm-teddy-bear-toy,Valentines Day Personalised Teddy 8 Thoughtful for Him/ Her,Valentines Day Personalised Teddy 8 Thoughtful for Him/ Her: a fun gift for someone special. Custom designs are available on request. Order yours today.
valentines-day-record-design-1-romantic-gift-special-custom-anniversary-print,Record Design Valentine's Card | Foxy Printing,"Record Design Valentine's Card: a card with a personal touch. Add their name, age and your own message inside. Folded to A5 on 350gsm card. Order today."
valentines-day-record-design-2-romantic-gift-special-custom-anniversary-print,Record Design Valentine's Card 2 | Foxy Printing,"Record Design Valentine's Card 2: a card with a personal touch. Add their name, age and your own message inside. Folded to A5 on 350gsm card. Order today."
valentines-day-record-design-3-romantic-gift-special-custom-anniversary-print,Record Design Valentine's Card 1 | Foxy Printing,"Record Design Valentine's Card 1: made to make their day. Personalise it with a name, age and message. Thick 350gsm card with a free envelope. Order today."
valentines-day-tree-romantic-ceramic-mug-gift,Valentines Day Wifey Romantic Ceramic Gift Mug,Valentines Day Wifey Romantic Ceramic Gift Mug: a cheerful gift for home or the office. Dishwasher and microwave safe. Add it to your basket today.
valentines-day-two-arrow-heart-personalised-romantic-ceramic-mug-gift,Valentines Day Two Arrow Heart Personalised Mug,Valentines Day Two Arrow Heart Personalised Mug: a smile with every cuppa. Add their name to make it their own. Dishwasher and microwave safe. Order today.
valentines-day-you-are-mine-personalised-romantic-ceramic-mug-gift,Valentines Day You Are Mine Personalised Mug | Foxy Printing,"Valentines Day You Are Mine Personalised Mug: a mug that brightens every brew. Add any name to make it unique. 11oz ceramic, dishwasher safe. Order today."
valentines-day-you-are-mine-romantic-ceramic-mug-gift,Valentines Day You Are Happily Ever After Mug,"Valentines Day You Are Happily Ever After Mug: a mug that brightens every brew. Sublimation printed, so the design is part of the glaze. Treat them today."
valentino-rossi-2-signed-autographed-formula1-star-print,Valentino Rossi F1 Printed Signature Print Design 2,Valentino Rossi Printed Signature Print: a great gift for any fan. The signature is printed in the design. Made in North Yorkshire. Treat them today.
valentino-rossi-limited-edition-signed-print,Valentino Rossi Printed Signature Print | Foxy Printing,Valentino Rossi Printed Signature Print: a striking piece for a fan's wall. Printed in North Yorkshire. A great gift idea. Add it to your basket today.
valentino-rossi-signed-autographed-formula1-star-print,Valentino Rossi F1 Printed Signature Print | Foxy Printing,Valentino Rossi Printed Signature Print: a great gift for any fan. A printed reproduction: the signature is part of the print. Add it to your basket today.
valeri-bure-2-ice-hockey-autographed-poster-print-photo-signature-gift,Valeri Bure Ice Hockey Printed Signature Print Design 2,Valeri Bure Ice Hockey Printed Signature Print: a striking piece for a fan's wall. A printed reproduction: the signature is part of the print. Order today.
valeri-bure-ice-hockey-autographed-poster-print-photo-signature-gift,Valeri Bure Ice Hockey Printed Signature Print,Valeri Bure Ice Hockey Printed Signature Print: a lovely gift for a true fan. The signature is printed in the design. Order now and make their day.
valeri-kamensky-2-ice-hockey-autographed-poster-print-photo-signature-gift,Valeri Kamensky Ice Hockey Printed Signature Print Design 2,Valeri Kamensky Ice Hockey Printed Signature Print: a striking piece for a fan's wall. Printed to order in our North Yorkshire workshop. Order yours today.
valeri-kamensky-ice-hockey-autographed-poster-print-photo-signature-gift,Valeri Kamensky Ice Hockey Printed Signature Print,Valeri Kamensky Ice Hockey Printed Signature Print: a lovely gift for a true fan. Printed to order in our North Yorkshire workshop. Treat them today.
valeri-kharlamov-2-ice-hockey-autographed-poster-print-photo-signature-gift,Valeri Kharlamov Ice Hockey Printed Signature Print Design 2,Valeri Kharlamov Ice Hockey Printed Signature Print: a striking piece for a fan's wall. Printed to order in our North Yorkshire workshop. Order today.
valeri-kharlamov-ice-hockey-autographed-poster-print-photo-signature-gift,Valeri Kharlamov Ice Hockey Printed Signature Print,Valeri Kharlamov Ice Hockey Printed Signature Print: a striking piece for a fan's wall. Printed to order in our North Yorkshire workshop. Order today.
valerian-and-the-city-of-a-thousand-planets-hd-movie-birthday-card-sa,Personalised Valerian and the City Birthday Card,"A personalised birthday card they'll want to keep. Personalise it with a name, age and message. Thick 350gsm card with a free envelope. Treat them today."
valis-2-sega-megadrive-retro-gaming-magnet,Valis 2 Video Retro Mega Drive Fridge Magnet | Foxy Printing,This retro gaming fridge magnet is a fun gift for any retro gamer. Printed in-house in North Yorkshire in full colour. Add it to your basket today.
valis-3-sega-megadrive-retro-gaming-magnet,Valis 3 Video Retro Mega Drive Fridge Magnet | Foxy Printing,Add some retro fun to the fridge with this retro gaming fridge magnet. Printed in North Yorkshire. A great gift idea. Add it to your basket today.
valis-sega-megadrive-retro-gaming-magnet,Valis Video Retro Mega Drive Fridge Magnet | Foxy Printing,This retro gaming fridge magnet is a fun gift for any retro gamer. Made to order in our North Yorkshire workshop. Order now and make their day.
valkyrie-bm1-personalised-birthday-card,Personalised Valkyrie Bm1 Funny Birthday Card,"Our personalised birthday card is made to make someone feel special. Personalise it with a name, age and message. Folded to A5 on 350gsm card. Order today."
valkyrieprofile-ps1-playstation-1-game-keyring,Valkyrie Profile Retro PS1 Fridge Magnet | Foxy Printing,Bring back the classics with this retro gaming fridge magnet. Printed in-house in North Yorkshire in full colour. Add it to your basket today.
valtteri-bottas-celebrity-face-mask,Valtteri Bottas Face Mask | Foxy Printing,"Get the party started with a Valtteri Bottas face mask. Full-colour print on 350gsm card, cut to shape with elastic. Great for a race-day watch party."
valtteri-bottas-f1-driver-limited-edition-signed-gift-poster-print-artwork-display,Valtteri Bottas F1 Driver Printed Signature Print,Valtteri Bottas Driver Printed Signature Print: a lovely gift for a true fan. Printed in North Yorkshire. A great gift idea. Treat them today.
valtteri-bottas-face-mask-f1-motorsport-celebrity-card-face-mask-celebrity-mask-for-stag-do-hen-night-fancy-dress-costume-parties-funny-adult-card-mask,Valtteri Bottas Face Mask F1 | Foxy Printing,"Get the party started with a Valtteri Bottas face mask. Full-colour print on 350gsm card, cut to shape with elastic. Great for a trip to the Grand Prix."
valtteri-bottas-jb-formula-1-driver-fancy-dress-cardboard-celebrity-party-stag-birthday-idea-fancy-dress-face-mask,Valtteri Bottas Face Mask 1 | Foxy Printing,"Get the party started with a Valtteri Bottas face mask. Full-colour print on 350gsm card, cut to shape with elastic. Great for a race-day watch party."
valtteri-bottas-lewis-hamilton-formula-1-gift-framed-autographed-print-landscape,Valtteri Bottas & Lewis Hamilton Printed Signature Print,Valtteri Bottas & Lewis Hamilton Formula Printed Signature Print: a great gift for any fan. The signature is printed in the design. Order yours today.
valtteri-bottas-mc1720-signed-autographed-formula-1-print,Valtteri Bottas F1 Printed Signature Print | Foxy Printing,"Valtteri Bottas Printed Signature Print: a great gift for any fan. The signature is printed as part of the design, not added by hand. Treat them today."
valve-gaming-mugs,Valve Mug | Foxy Printing,"Valve Mug: a fun gift for any tea or coffee lover. Printed on an 11oz glossy ceramic mug, safe in the dishwasher and microwave. Order yours today."
vampire-weekend-1-signed-autographed-music-star-print,Vampire Weekend Printed Signature Print | Foxy Printing,Vampire Weekend Printed Signature Print: a striking piece for a fan's wall. Printed in North Yorkshire. A great gift idea. Add it to your basket today.
vampire-weekend-2-signed-autographed-music-star-print,Vampire Weekend Printed Signature Print Design 2,Vampire Weekend Printed Signature Print: a striking piece for a fan's wall. The signature is printed in the design. Add it to your basket today.
vampire-weekend-3-signed-autographed-music-landscape-star-print,Vampire Weekend Printed Signature Print Design 3,Vampire Weekend Printed Signature Print: a lovely gift for a true fan. Printed to order in our North Yorkshire workshop. Order now and make their day.
vampire-weekend-signed-autographed-music-landscape-star-print,Vampire Weekend Printed Signature Print Design 4,"Vampire Weekend Printed Signature Print: a great gift for any fan. The signature is printed as part of the design, not added by hand. Order yours today."
vampirechroniclefms-4,Vampire Chronicle Fms 4 Retro Dreamcast Fridge Magnet,Add some retro fun to the fridge with this retro gaming fridge magnet. Made to order in our North Yorkshire workshop. Add it to your basket today.
vampirechroniclefms-4-sega-dreamcast-game-keyring,Vampirechroniclefms 4 Retro Dreamcast Keyring,This retro gaming keyring is a fun little gift for any gamer. Printed in-house in North Yorkshire in full colour. Order now and make their day.
vampirehunterd-ps1-playstation-1-game-keyring,Vampire Hunterd Retro PS1 Fridge Magnet | Foxy Printing,This retro gaming fridge magnet is a fun gift for any retro gamer. Printed in North Yorkshire. A great gift idea. Add it to your basket today.
van-damme-celebrity-face-mask,Van Damme Face Mask | Foxy Printing,"Van Damme Face Mask: guaranteed laughs at any party. A4 size on 350gsm card, with eye holes cut and elastic included. Order now and make their day."
van-damme-movie-gift-framed-autographed-print-landscape,Van Damme Movie Printed Signature Print | Foxy Printing,Van Damme Movie Printed Signature Print: a great gift for any fan. Printed in North Yorkshire. A great gift idea. Order now and make their day.
van-persie-bm2-personalised-birthday-card,Personalised Van Persie BM2 Birthday Card | Foxy Printing,"Send a smile with this personalised birthday card. Personalise it with a name, age and message. Thick 350gsm card with a free envelope. Order today."
van-persie-sports-birthday-card-sa,Personalised Van Persie Sports Birthday Card | Foxy Printing,"Make their day with this personalised birthday card. Personalise it with a name, age and message. Thick 350gsm card with a free envelope. Order today."
van-printed-mug,Personalised Van Mug | Foxy Printing,Personalised Van Mug: a fun gift for any tea or coffee lover. Add any name to make it unique. Dishwasher and microwave safe. Order now and make their day.
vanashingpoint,Vanashing Point Retro Dreamcast Fridge Magnet,Bring back the classics with this retro gaming fridge magnet. Made to order in our North Yorkshire workshop. A great gift idea. Treat them today.
vanashingpoint-sega-dreamcast-game-keyring,Vanashingpoint Retro Dreamcast Keyring | Foxy Printing,Carry a classic with you on this retro gaming keyring. Printed in-house in North Yorkshire in full colour. A great gift idea. Treat them today.
vance-mcdonald-2-signed-autographed-nfl-star-print,Vance Mcdonald NFL Printed Signature Print Design 2,Vance Mcdonald Printed Signature Print: a lovely gift for a true fan. Printed in North Yorkshire. A great gift idea. Order now and make their day.
vance-mcdonald-signed-autographed-nfl-star-print,Vance Mcdonald NFL Printed Signature Print | Foxy Printing,Vance Mcdonald Printed Signature Print: a lovely gift for a true fan. Printed in North Yorkshire. A great gift idea. Order now and make their day.
vandalhearts-ps1-playstation-1-game-keyring,Vandal Hearts Retro PS1 Fridge Magnet | Foxy Printing,Bring back the classics with this retro gaming fridge magnet. Printed in-house in North Yorkshire in full colour. Order now and make their day.
vandalhearts2-ps1-playstation-1-game-keyring,Vandal Hearts 2 Retro PS1 Fridge Magnet | Foxy Printing,A nostalgic retro gaming fridge magnet for gamers of all ages. Printed in-house in North Yorkshire in full colour. Add it to your basket today.
vanessa-hudgens-bad-boys-celebrity-party-face-mask,Vanessa Hudgens Face Mask Bad | Foxy Printing,Vanessa Hudgens card face mask for an Oscars-style party. Printed on 350gsm silk card cut to shape with eye holes and elastic. Order yours today.
vanessa-hudgens-mh-2-2017-celebrity-face-mask,Vanessa Hudgens Face Mask 2 | Foxy Printing,"Get the party started with a Vanessa Hudgens face mask. Full-colour print on 350gsm card, cut to shape with elastic. Great for an Oscars-style party."
vanessa-hudgens-mh-2017-celebrity-face-mask,Vanessa Hudgens Face Mask | Foxy Printing,Vanessa Hudgens card face mask for an Oscars-style party. Printed on 350gsm silk card cut to shape with eye holes and elastic. Order yours today.
vanessa-kirby-crown-celebrity-face-mask,Vanessa Kirby Face Mask | Foxy Printing,Fancy dress made easy: a Vanessa Kirby face mask on thick card with eye holes and elastic. Perfect for a soap-themed birthday and photo booths.
vanessa-marano-mh-2017-celebrity-face-mask,Vanessa Marano Face Mask | Foxy Printing,Fancy dress made easy: a Vanessa Marano face mask on thick card with eye holes and elastic. Perfect for a series finale watch party and photo booths.
vanessa-redgrave-celebrity-face-mask-fancy-dress-cardboard-costume-mask,Vanessa Redgrave Face Mask | Foxy Printing,Vanessa Redgrave card face mask for a stag or hen do. Printed on 350gsm silk card cut to shape with eye holes and elastic. Order yours today.
vanessa-woodfield-emmerdale-fancy-dress-cardboard-celebrity-party-face-mask,Vanessa Woodfield Face Mask | Foxy Printing,"Get the party started with a Vanessa Woodfield face mask. Full-colour print on 350gsm card, cut to shape with elastic. Great for a series finale watch."
vanguard-2-atari-2600-case-or-cover,Vanguard 2 Atari 2600 Replacement Case | Foxy Printing,Give your game a fresh look with this replacement game case. Printed in-house in North Yorkshire. No game included. Order now and make their day.
vanguard-2-retro-gaming-magnet,Vanguard 2 Retro Atari 2600 Fridge Magnet | Foxy Printing,Add some retro fun to the fridge with this retro gaming fridge magnet. Printed in-house in North Yorkshire in full colour. Add it to your basket today.
vanilla-ice-jb-music-star-fancy-dress-cardboard-celebrity-party-stag-birthday-idea-fancy-dress-face-mask,Vanilla Ice Face Mask | Foxy Printing,"Get the party started with a Vanilla Ice face mask. Full-colour print on 350gsm card, cut to shape with elastic. Great for a concert pre-party."
vapor-trail-sega-megadrive-retro-gaming-magnet,Vapor Trail Video Retro Mega Drive Fridge Magnet,A nostalgic retro gaming fridge magnet for gamers of all ages. Printed in-house in North Yorkshire in full colour. Order now and make their day.
vardys-barmy-army-leicester-champions-2024-football-scarf,Vardy's Barmy Army – Leicester Champions 2024 Football Scarf,Brighten someone's day with this printed top. Made to order in our North Yorkshire workshop. A great gift idea. Add it to your basket today.
vasiliy-lomachenko-top-boxer-autographed-print-landscape,Vasiliy Lomachenko Top Boxing Printed Signature Print,Vasiliy Lomachenko Top Printed Signature Print: a great gift for any fan. Printed to order in our North Yorkshire workshop. Add it to your basket today.
vaughn-printed-mug,Personalised Vaughn Mug | Foxy Printing,Personalised Vaughn Mug: a mug that brightens every brew. Add their name to make it their own. Dishwasher and microwave safe. Treat them today.
vay-3-retro-gaming-case,Vay 3 Mega CD Replacement Case | Foxy Printing,This replacement game case is a neat way to rehouse a loose cartridge or disc. No game included. Printed in North Yorkshire. Add it to your basket today.
ve-day-80th-anniversary-50mm-custom-name-round-stickers-design-1-pack-of-40-special-edition,VE Day 80th Anniversary Custom Name Round Stickers Design 1,"VE Day 80th Anniversary Custom Name Round Stickers Design 1: printed to order for your home, car or business. Custom designs on request. Order today."
ve-day-80th-anniversary-50mm-custom-name-round-stickers-design-2-pack-of-40-special-editio,VE Day 80th Anniversary Custom Name Round Stickers Design 2,VE Day 80th Anniversary Custom Name Round Stickers Design 2: a quick way to add some personality. Custom designs on request. Add it to your basket today.
ve-day-80th-anniversary-50mm-custom-name-round-stickers-design-3-pack-of-40-special-edition,VE Day 80th Anniversary Custom Name Round Stickers Design 3,VE Day 80th Anniversary Custom Name Round Stickers Design 3: a quick way to add some personality. Custom designs are available on request. Order today.
ve-day-80th-anniversary-50mm-custom-name-round-stickers-design-4-pack-of-40-special-edition,VE Day 80th Anniversary Custom Name Round Stickers Design 4,"VE Day 80th Anniversary Custom Name Round Stickers Design 4: printed to order for your home, car or business. Custom designs on request. Treat them today."
ve-day-80th-anniversary-50mm-custom-name-round-stickers-design-5-pack-of-40-special-edition,VE Day 80th Anniversary Custom Name Round Stickers Design 5,"VE Day 80th Anniversary Custom Name Round Stickers Design 5: printed to order for your home, car or business. Custom designs on request. Order today."
ve-day-80th-anniversary-50mm-custom-name-round-stickers-design-6-pack-of-40-special-edition,VE Day 80th Anniversary Custom Name Round Stickers Design 6,"VE Day 80th Anniversary Custom Name Round Stickers Design 6: printed to order for your home, car or business. Custom designs on request. Treat them today."
ve-day-80th-anniversary-50mm-custom-name-round-stickers-design-7-pack-of-40-special-edition,VE Day 80th Anniversary Custom Name Round Stickers Design 7,VE Day 80th Anniversary Custom Name Round Stickers Design 7: a quick way to add some personality. Made to order in North Yorkshire. Treat them today.
ve-day-80th-anniversary-50mm-round-stickers-design-1-pack-of-40-special-edition,VE Day 80th Anniversary Round Stickers Design 1,VE Day 80th Anniversary Round Stickers Design 1: a quick way to add some personality. Custom designs are available on request. Add it to your basket today.
ve-day-80th-anniversary-50mm-round-stickers-design-2-pack-of-40-special-edition,VE Day 80th Anniversary Round Stickers Design 2,"VE Day 80th Anniversary Round Stickers Design 2: printed to order for your home, car or business. Made to order in North Yorkshire. Treat them today."
ve-day-80th-anniversary-50mm-round-stickers-design-3-pack-of-40-special-edition,VE Day 80th Anniversary Round Stickers Design 3,VE Day 80th Anniversary Round Stickers Design 3: a quick way to add some personality. Custom designs on request. Order now and make their day.
ve-day-80th-anniversary-50mm-round-stickers-design-4-pack-of-40-special-edition,VE Day 80th Anniversary Round Stickers Design 4,"VE Day 80th Anniversary Round Stickers Design 4: a quick way to add some personality. Printed in-house in North Yorkshire, UK. Add it to your basket today."
ve-day-80th-anniversary-50mm-round-stickers-design-5-pack-of-40-special-edition,VE Day 80th Anniversary Round Stickers Design 5,VE Day 80th Anniversary Round Stickers Design 5: a quick way to add some personality. Custom designs on request. Order now and make their day.
ve-day-80th-anniversary-50mm-round-stickers-design-6-pack-of-40-special-edition,VE Day 80th Anniversary Round Stickers Design 6,"VE Day 80th Anniversary Round Stickers Design 6: printed to order for your home, car or business. Custom designs on request. Order now and make their day."
ve-day-80th-anniversary-50mm-round-stickers-design-7-pack-of-40-special-edition,VE Day 80th Anniversary Round Stickers Design 7,"VE Day 80th Anniversary Round Stickers Design 7: printed to order for your home, car or business. Made to order in North Yorkshire. Treat them today."
ve-day-80th-anniversary-babygrow-design-1-special-edition,VE Day 80th Anniversary Babygrow Design 1 Baby Grow,VE Day 80th Anniversary Babygrow Design 1 Baby Grow: a sweet gift for a new arrival. 100% cotton with nickel-free poppers. Order now and make their day.
ve-day-80th-anniversary-babygrow-design-2-special-edition-copy,VE Day 80th Anniversary Babygrow Design 2 Baby Grow,VE Day 80th Anniversary Babygrow Design 2 Baby Grow: a cute pick for baby showers. 100% cotton with nickel-free poppers. Add it to your basket today.
ve-day-80th-anniversary-babygrow-design-3-special-edition,VE Day 80th Anniversary Babygrow Design 3 Baby Grow,VE Day 80th Anniversary Babygrow Design 3 Baby Grow: a sweet gift for a new arrival. 100% cotton with nickel-free poppers. Add it to your basket today.
ve-day-80th-anniversary-babygrow-design-4-special-edition,VE Day 80th Anniversary Babygrow Design 4 Baby Grow,VE Day 80th Anniversary Babygrow Design 4 Baby Grow: a cute pick for baby showers. Wash and iron inside out. A great gift idea. Treat them today.
ve-day-80th-anniversary-babygrow-design-5-special-edition,VE Day 80th Anniversary Babygrow Design 5 Baby Grow,VE Day 80th Anniversary Babygrow Design 5 Baby Grow: a fun outfit for proud families. 100% cotton with nickel-free poppers. Treat them today.
ve-day-80th-anniversary-babygrow-design-6-special-edition,VE Day 80th Anniversary Babygrow Design 6 Baby Grow,VE Day 80th Anniversary Babygrow Design 6 Baby Grow: a fun outfit for proud families. 100% cotton with nickel-free poppers. Add it to your basket today.
ve-day-80th-anniversary-babygrow-design-7-poppy-special-edition,VE Day 80th Anniversary Babygrow Design 7 Baby Grow,VE Day 80th Anniversary Babygrow Design 7 Baby Grow: a cute pick for baby showers. Wash and iron inside out. Made in North Yorkshire. Treat them today.
ve-day-80th-anniversary-bar-mat-runner-design-1-special-edition,VE Day 80th Anniversary Bar Mat Runner Design 1,VE Day 80th Anniversary Bar Mat Runner Design 1: a fun little gift for the home or office. Made to order in our North Yorkshire workshop. Order today.
ve-day-80th-anniversary-bar-mat-runner-design-2-special-edition,VE Day 80th Anniversary Bar Mat Runner Design 2,VE Day 80th Anniversary Bar Mat Runner Design 2: a cheerful gift for anyone who loves a cuppa. Made to order in our North Yorkshire workshop. Order today.
ve-day-80th-anniversary-bar-mat-runner-design-3-special-edition,VE Day 80th Anniversary Bar Mat Runner Design 3,VE Day 80th Anniversary Bar Mat Runner Design 3: a fun little gift for the home or office. Made to order in our North Yorkshire workshop. Order today.
ve-day-80th-anniversary-bar-mat-runner-design-4-special-edition,VE Day 80th Anniversary Bar Mat Runner Design 4,VE Day 80th Anniversary Bar Mat Runner Design 4: a fun gift for the home bar. Custom designs on request. Made in North Yorkshire. Order today.
ve-day-80th-anniversary-bar-mat-runner-design-5-special-edition,VE Day 80th Anniversary Bar Mat Runner Design 5,VE Day 80th Anniversary Bar Mat Runner Design 5: a cheerful gift for anyone who loves a cuppa. Custom designs are available on request. Treat them today.
ve-day-80th-anniversary-cap-design-1-6-colours-special-edition,VE Day 80th Anniversary Cap Design 1 | Foxy Printing,"VE Day 80th Anniversary Cap Design 1: a fun top for parties, gifts and days out. Made to order in our North Yorkshire workshop. Treat them today."
ve-day-80th-anniversary-cap-design-2-6-colours-special-edition,VE Day 80th Anniversary Cap Design 2 | Foxy Printing,VE Day 80th Anniversary Cap Design 2: a great gift that's made to order. Made to order in North Yorkshire. A great gift idea. Add it to your basket today.
ve-day-80th-anniversary-cap-design-3-6-colours-special-edition,VE Day 80th Anniversary Cap Design 3 | Foxy Printing,"VE Day 80th Anniversary Cap Design 3: a great gift that's made to order. Printed in-house in North Yorkshire, UK. Order now and make their day."
ve-day-80th-anniversary-cap-design-4-6-colours-special-edition,VE Day 80th Anniversary Cap Design 4 | Foxy Printing,"VE Day 80th Anniversary Cap Design 4: a fun top for parties, gifts and days out. Printed in-house in North Yorkshire, UK. Order now and make their day."
ve-day-80th-anniversary-cap-design-5-6-colours-special-edition,VE Day 80th Anniversary Cap Design 5 | Foxy Printing,VE Day 80th Anniversary Cap Design 5: a great gift that's made to order. Custom designs on request. Made in North Yorkshire. Add it to your basket today.
ve-day-80th-anniversary-cap-design-6-6-colours-special-edition,VE Day 80th Anniversary Cap Design 6 | Foxy Printing,"VE Day 80th Anniversary Cap Design 6: a fun top for parties, gifts and days out. Made to order in North Yorkshire. Add it to your basket today."
ve-day-80th-anniversary-cap-design-7-6-colours-special-edition,VE Day 80th Anniversary Cap Design 7 | Foxy Printing,VE Day 80th Anniversary Cap Design 7: a great gift that's made to order. Made to order in North Yorkshire. Custom designs on request. Treat them today.
ve-day-80th-anniversary-clutch-pin-badge-design-1-special-edition,VE Day 80th Anniversary Clutch Pin Badge Design 1,"VE Day 80th Anniversary Clutch Pin Badge Design 1: a great gift idea for any occasion. Printed in-house in North Yorkshire, UK. Order today."
ve-day-80th-anniversary-clutch-pin-badge-design-2-special-edition,VE Day 80th Anniversary Clutch Pin Badge Design 2,"VE Day 80th Anniversary Clutch Pin Badge Design 2: a thoughtful gift, made to order. Made to order in our North Yorkshire workshop. Order yours today."
ve-day-80th-anniversary-clutch-pin-badge-design-3-special-edition,VE Day 80th Anniversary Clutch Pin Badge Design 3,"VE Day 80th Anniversary Clutch Pin Badge Design 3: a fun gift for someone special. Printed in-house in North Yorkshire, UK. Add it to your basket today."
ve-day-80th-anniversary-clutch-pin-badge-design-4-special-edition,VE Day 80th Anniversary Clutch Pin Badge Design 4,VE Day 80th Anniversary Clutch Pin Badge Design 4: a fun gift for someone special. Made to order in our North Yorkshire workshop. Order yours today.
ve-day-80th-anniversary-clutch-pin-badge-design-5-special-edition,VE Day 80th Anniversary Clutch Pin Badge Design 5,"VE Day 80th Anniversary Clutch Pin Badge Design 5: a thoughtful gift, made to order. Custom designs on request. Order now and make their day."
ve-day-80th-anniversary-clutch-pin-badge-design-6-special-edition,VE Day 80th Anniversary Clutch Pin Badge Design 6,"VE Day 80th Anniversary Clutch Pin Badge Design 6: a thoughtful gift, made to order. Custom designs on request. Order now and make their day."
ve-day-80th-anniversary-clutch-pin-badge-design-7-special-edition,VE Day 80th Anniversary Clutch Pin Badge Design 7,VE Day 80th Anniversary Clutch Pin Badge Design 7: a fun gift for someone special. Made to order in our North Yorkshire workshop. Order yours today.
ve-day-80th-anniversary-colour-in-yourself-small-paper-banners-set-of-2-design-1-special-edition,VE Day 80th Anniversary Colour in Yourself Small Paper,VE Day 80th Anniversary Colour in Yourself Small Paper: made to make the party. Made to order in North Yorkshire. Add it to your basket today.
ve-day-80th-anniversary-colour-in-yourself-small-paper-banners-set-of-2-design-2-special-edition,VE Day 80th Anniversary Colour in Yourself Small Paper 2,VE Day 80th Anniversary Colour in Yourself Small Paper 2: made to make the party. Made to order in North Yorkshire. Order now and make their day.
ve-day-80th-anniversary-colour-in-yourself-small-paper-banners-set-of-2-design-3-special-edition,VE Day 80th Anniversary Colour in Yourself Small Banners,VE Day 80th Anniversary Colour in Yourself Small Banners: a fun finishing touch for any celebration. Custom designs on request. Order yours today.
ve-day-80th-anniversary-colour-it-yourself-handwaving-flags-pack-of-10-special-edition,VE Day 80th Anniversary Colour IT Yourself Flags 10,VE Day 80th Anniversary Colour IT Yourself Flags 10: a fun gift for someone special. Made to order in North Yorkshire. Order now and make their day.
ve-day-80th-anniversary-colour-it-yourself-handwaving-flags-pack-of-5-special-edition,VE Day 80th Anniversary Colour IT Yourself Handwaving Flags,VE Day 80th Anniversary Colour IT Yourself Handwaving Flags: a great gift idea for any occasion. Custom designs on request. Order now and make their day.
ve-day-80th-anniversary-colour-it-yourself-large-paper-banner-6ft-x-1-5-ft-design-1-special-edition,VE Day 80th Anniversary Colour IT Yourself Large Paper,VE Day 80th Anniversary Colour IT Yourself Large Paper: made to make the party. Made to order in North Yorkshire. Order now and make their day.
ve-day-80th-anniversary-colour-it-yourself-large-paper-banner-6ft-x-1-5-ft-design-2-special-edition,VE Day 80th Anniversary Colour IT Yourself Large Paper 1,VE Day 80th Anniversary Colour IT Yourself Large Paper 1: made to make the party. Printed in-house in our North Yorkshire workshop. Order yours today.
ve-day-80th-anniversary-colour-it-yourself-large-paper-banner-6ft-x-1-5-ft-design-3-special-edition,VE Day 80th Anniversary Colour IT Yourself Large Banner,VE Day 80th Anniversary Colour IT Yourself Large Banner: a fun finishing touch for any celebration. Made to order in North Yorkshire. Treat them today.
ve-day-80th-anniversary-colour-it-yourself-party-bunting-design-1-special-edition,VE Day 80th Anniversary Colour IT Yourself Party Bunting 1,VE Day 80th Anniversary Colour IT Yourself Party Bunting 1: made to make the party. Ready to thread and hang. Made in North Yorkshire. Order today.
ve-day-80th-anniversary-colour-it-yourself-party-bunting-design-2-special-edition,VE Day 80th Anniversary Colour IT Yourself Party Bunting 2,VE Day 80th Anniversary Colour IT Yourself Party Bunting 2: a fun finishing touch for any celebration. Ready to thread and hang. Order yours today.
ve-day-80th-anniversary-colour-it-yourself-party-bunting-design-3-special-edition,VE Day 80th Anniversary Colour IT Yourself Party Bunting 3,VE Day 80th Anniversary Colour IT Yourself Party Bunting 3: made to make the party. Ready to thread and hang. Made in North Yorkshire. Treat them today.
ve-day-80th-anniversary-commemorative-plate-design-1-special-edition,VE Day 80th Anniversary 8 Commemorative Plate Design 1,VE Day 80th Anniversary 8 Commemorative Plate Design 1: a thoughtful gift and a great talking point. Custom designs are available on request. Order today.
ve-day-80th-anniversary-commemorative-plate-design-2-special-edition,VE Day 80th Anniversary 8 Commemorative Plate Design 2,VE Day 80th Anniversary 8 Commemorative Plate Design 2: a thoughtful gift and a great talking point. Custom designs on request. Treat them today.
ve-day-80th-anniversary-commemorative-plate-design-3-special-edition,VE Day 80th Anniversary 8 Commemorative Plate Design 3,VE Day 80th Anniversary 8 Commemorative Plate Design 3: a thoughtful gift and a great talking point. Custom designs on request. Order today.
ve-day-80th-anniversary-commemorative-plate-design-4-special-edition,VE Day 80th Anniversary 8 Commemorative Plate Design 4,VE Day 80th Anniversary 8 Commemorative Plate Design 4: a fun finishing touch for the home. Made to order in North Yorkshire. Order yours today.
ve-day-80th-anniversary-commemorative-plate-design-5-special-edition,VE Day 80th Anniversary 8 Commemorative Plate Design 5,"VE Day 80th Anniversary 8 Commemorative Plate Design 5: a thoughtful gift and a great talking point. Printed in-house in North Yorkshire, UK. Order today."
ve-day-80th-anniversary-commemorative-plate-design-6-poppy-special-edition,VE Day 80th Anniversary 8 Commemorative Plate Design 6,"VE Day 80th Anniversary 8 Commemorative Plate Design 6: a fun finishing touch for the home. Printed in-house in North Yorkshire, UK. Treat them today."
ve-day-80th-anniversary-commemorative-plate-design-7-poppy-special-edition,VE Day 80th Anniversary 8 Commemorative Plate Design 7,VE Day 80th Anniversary 8 Commemorative Plate Design 7: a fun finishing touch for the home. Custom designs on request. Add it to your basket today.
ve-day-80th-anniversary-custom-large-paper-banner-6ft-x-1-5-ft-design-1-special-edition,VE Day 80th Anniversary Name Large Paper Banner 1,VE Day 80th Anniversary Name Large Paper Banner 1: made to make the party. Add the name or text you'd like. Made to order in North Yorkshire. Order today.
ve-day-80th-anniversary-custom-name-clutch-pin-design-1-special-edition,VE Day 80th Anniversary Name Clutch Pin Badge 1,"VE Day 80th Anniversary Name Clutch Pin Badge 1: a thoughtful gift, made to order. Add the name or text you'd like. Custom designs on request. Order today."
ve-day-80th-anniversary-custom-name-clutch-pin-design-2-special-edition,VE Day 80th Anniversary Name Clutch Pin Badge 2,"VE Day 80th Anniversary Name Clutch Pin Badge 2: a thoughtful gift, made to order. Add the name or text you'd like. Custom designs on request. Order today."
ve-day-80th-anniversary-custom-name-clutch-pin-design-3-special-edition,VE Day 80th Anniversary Name Clutch Pin Badge 3,VE Day 80th Anniversary Name Clutch Pin Badge 3: a fun gift for someone special. Add the name or text you'd like. Custom designs on request. Order today.
ve-day-80th-anniversary-custom-name-clutch-pin-design-4-special-edition,VE Day 80th Anniversary Name Clutch Pin Badge 4,"VE Day 80th Anniversary Name Clutch Pin Badge 4: a thoughtful gift, made to order. Add the name or text you'd like. Custom designs on request. Order today."
ve-day-80th-anniversary-custom-name-clutch-pin-design-5-special-edition,VE Day 80th Anniversary Name Clutch Pin Badge 5,VE Day 80th Anniversary Name Clutch Pin Badge 5: a great gift idea for any occasion. Add a name to make it theirs. Custom designs on request. Order today.
ve-day-80th-anniversary-custom-name-clutch-pin-design-6-special-edition,VE Day 80th Anniversary Name Clutch Pin Badge 6,VE Day 80th Anniversary Name Clutch Pin Badge 6: a great gift idea for any occasion. Add a name to make it theirs. Custom designs on request. Order today.
ve-day-80th-anniversary-custom-name-clutch-pin-design-7-special-edition,VE Day 80th Anniversary Name Clutch Pin Badge 7,VE Day 80th Anniversary Name Clutch Pin Badge 7: a great gift idea for any occasion. Add a name to make it theirs. Custom designs on request. Order today.
ve-day-80th-anniversary-custom-name-large-paper-banner-6ft-x-1-5-ft-design-2-special-edition,VE Day 80th Anniversary Name Large Paper Banner 2,VE Day 80th Anniversary Name Large Paper Banner 2: a fun finishing touch for any celebration. Custom designs on request. Add it to your basket today.
ve-day-80th-anniversary-custom-name-large-paper-banner-6ft-x-1-5-ft-design-3-special-edition,VE Day 80th Anniversary Name Large Paper Banner 3,VE Day 80th Anniversary Name Large Paper Banner 3: a fun finishing touch for any celebration. Made to order in North Yorkshire. Order yours today.
ve-day-80th-anniversary-custom-name-large-paper-banner-6ft-x-1-5-ft-design-4-special-edition,VE Day 80th Anniversary Name Large Paper Banner 4,VE Day 80th Anniversary Name Large Paper Banner 4: made to make the party. Add the name or text you'd like. Made to order in North Yorkshire. Order today.
ve-day-80th-anniversary-custom-name-large-paper-banner-6ft-x-1-5-ft-design-5-special-edition,VE Day 80th Anniversary Name Large Paper Banner 5,VE Day 80th Anniversary Name Large Paper Banner 5: a fun finishing touch for any celebration. Made to order in North Yorkshire. Order yours today.
ve-day-80th-anniversary-custom-name-large-paper-banner-6ft-x-1-5-ft-design-6-special-edition,VE Day 80th Anniversary Name Large Paper Banner 6,VE Day 80th Anniversary Name Large Paper Banner 6: made to make the party. Add a name to make it theirs. Made to order in North Yorkshire. Order today.
ve-day-80th-anniversary-custom-name-large-paper-banner-6ft-x-1-5-ft-design-7-special-edition,VE Day 80th Anniversary Name Large Paper Banner 7,VE Day 80th Anniversary Name Large Paper Banner 7: made to make the party. Add the name or text you'd like. Made to order in North Yorkshire. Order today.
ve-day-80th-anniversary-custom-name-large-paper-banner-6ft-x-1-5-ft-design-8-special-edition,VE Day 80th Anniversary Name Large Paper Banner 8,VE Day 80th Anniversary Name Large Paper Banner 8: a fun finishing touch for any celebration. Made to order in North Yorkshire. Order today.
ve-day-80th-anniversary-custom-name-small-paper-banners-set-of-2-design-1-special-edition,VE Day 80th Anniversary Name Small Paper Banners 1,VE Day 80th Anniversary Name Small Paper Banners 1: a fun finishing touch for any celebration. Custom designs on request. Order now and make their day.
ve-day-80th-anniversary-custom-name-small-paper-banners-set-of-2-design-2-special-edition,VE Day 80th Anniversary Name Small Paper Banners 2,VE Day 80th Anniversary Name Small Paper Banners 2: a fun finishing touch for any celebration. Made to order in North Yorkshire. Treat them today.
ve-day-80th-anniversary-custom-name-small-paper-banners-set-of-2-design-3-special-edition,VE Day 80th Anniversary Name Small Paper Banners 3,VE Day 80th Anniversary Name Small Paper Banners 3: a fun finishing touch for any celebration. Made to order in North Yorkshire. Treat them today.
ve-day-80th-anniversary-custom-name-small-paper-banners-set-of-2-design-4-special-edition,VE Day 80th Anniversary Name Small Paper Banners 4,VE Day 80th Anniversary Name Small Paper Banners 4: a fun finishing touch for any celebration. Custom designs on request. Add it to your basket today.
ve-day-80th-anniversary-custom-name-small-paper-banners-set-of-2-design-5-special-edition,VE Day 80th Anniversary Name Small Paper Banners 5,VE Day 80th Anniversary Name Small Paper Banners 5: made to make the party. Add the name or text you'd like. Made to order in North Yorkshire. Order today.
ve-day-80th-anniversary-custom-name-small-paper-banners-set-of-2-design-6-special-edition,VE Day 80th Anniversary Name Small Paper Banners 6,VE Day 80th Anniversary Name Small Paper Banners 6: a fun finishing touch for any celebration. Made to order in North Yorkshire. Order today.
ve-day-80th-anniversary-custom-name-small-paper-banners-set-of-2-design-7-special-edition,VE Day 80th Anniversary Name Small Paper Banners 7,VE Day 80th Anniversary Name Small Paper Banners 7: a fun finishing touch for any celebration. Made to order in North Yorkshire. Treat them today.
ve-day-80th-anniversary-custom-name-small-paper-banners-set-of-2-design-8-special-edition,VE Day 80th Anniversary Name Small Paper Banners 8,VE Day 80th Anniversary Name Small Paper Banners 8: made to make the party. Add the name or text you'd like. Custom designs on request. Treat them today.
ve-day-80th-anniversary-custom-name-standard-pin-badge-design-1-special-edition,VE Day 80th Anniversary Name Pin Badge 1 | Foxy Printing,VE Day 80th Anniversary Name Pin Badge 1: a fun gift for someone special. Add a name to make it theirs. Made to order in North Yorkshire. Order today.
ve-day-80th-anniversary-custom-name-standard-pin-badge-design-2-special-edition,VE Day 80th Anniversary Name Pin Badge 2 | Foxy Printing,VE Day 80th Anniversary Name Pin Badge 2: a fun gift for someone special. Add a name to make it theirs. Made to order in North Yorkshire. Order today.
ve-day-80th-anniversary-custom-name-standard-pin-badge-design-3-special-edition,VE Day 80th Anniversary Name Pin Badge 3 | Foxy Printing,"VE Day 80th Anniversary Name Pin Badge 3: a thoughtful gift, made to order. Add the name or text you'd like. Made to order in North Yorkshire. Order today."
ve-day-80th-anniversary-custom-name-standard-pin-badge-design-4-special-edition,VE Day 80th Anniversary Name Pin Badge 4 | Foxy Printing,VE Day 80th Anniversary Name Pin Badge 4: a great gift idea for any occasion. Add a name to make it theirs. Made to order in North Yorkshire. Order today.
ve-day-80th-anniversary-custom-name-standard-pin-badge-design-5-special-edition,VE Day 80th Anniversary Name Pin Badge 5 | Foxy Printing,VE Day 80th Anniversary Name Pin Badge 5: a great gift idea for any occasion. Add the name or text you'd like. Custom designs on request. Order today.
ve-day-80th-anniversary-custom-name-standard-pin-badge-design-6-special-edition,VE Day 80th Anniversary Name Pin Badge 6 | Foxy Printing,"VE Day 80th Anniversary Name Pin Badge 6: a thoughtful gift, made to order. Add the name or text you'd like. Made to order in North Yorkshire. Order today."
ve-day-80th-anniversary-custom-name-standard-pin-badge-design-7-special-edition,VE Day 80th Anniversary Name Pin Badge 7 | Foxy Printing,VE Day 80th Anniversary Name Pin Badge 7: a fun gift for someone special. Add the name or text you'd like. Made to order in North Yorkshire. Order today.
ve-day-80th-anniversary-drinks-coaster-design-1-navy-special-edition,VE Day 80th Anniversary Drinks Coaster Design 1,"VE Day 80th Anniversary Drinks Coaster Design 1: a fun little gift for the home or office. Printed in-house in North Yorkshire, UK. Treat them today."
ve-day-80th-anniversary-drinks-coaster-design-1-red-special-edition,VE Day 80th Anniversary Drinks Coaster Design 2 Red,VE Day 80th Anniversary Drinks Coaster Design 2 Red: a fun little gift for the home or office. Made to order in North Yorkshire. Treat them today.
ve-day-80th-anniversary-drinks-coaster-design-1-standar-special-edition,VE Day 80th Anniversary Drinks Coaster Design 1 Standard,VE Day 80th Anniversary Drinks Coaster Design 1 Standard: a cheerful gift for anyone who loves a cuppa. Made to order in North Yorkshire. Order today.
ve-day-80th-anniversary-drinks-coaster-design-1-union-jack-special-edition,VE Day 80th Anniversary Drinks Coaster Design 1 Union,VE Day 80th Anniversary Drinks Coaster Design 1 Union: a fun gift for the home bar. Custom designs are available on request. Order now and make their day.
ve-day-80th-anniversary-drinks-coaster-design-2-navy-special-edition,VE Day 80th Anniversary Drinks Coaster Design 2,VE Day 80th Anniversary Drinks Coaster Design 2: a fun little gift for the home or office. Made to order in North Yorkshire. Order now and make their day.
ve-day-80th-anniversary-drinks-coaster-design-2-red-special-edition,VE Day 80th Anniversary Drinks Coaster Design 1 Red,VE Day 80th Anniversary Drinks Coaster Design 1 Red: a cheerful gift for anyone who loves a cuppa. Custom designs on request. Add it to your basket today.
ve-day-80th-anniversary-drinks-coaster-design-2-standard-special-edition,VE Day 80th Anniversary Drinks Coaster Design 2 Standard,VE Day 80th Anniversary Drinks Coaster Design 2 Standard: a fun little gift for the home or office. Custom designs on request. Add it to your basket today.
ve-day-80th-anniversary-drinks-coaster-design-2-union-jack-special-edition,VE Day 80th Anniversary Drinks Coaster Design 2 Union,VE Day 80th Anniversary Drinks Coaster Design 2 Union: a fun gift for the home bar. Made to order in our North Yorkshire workshop. Order yours today.
ve-day-80th-anniversary-drinks-coaster-design-3-navy-special-edition,VE Day 80th Anniversary Drinks Coaster Design 3,VE Day 80th Anniversary Drinks Coaster Design 3: a fun little gift for the home or office. Made to order in North Yorkshire. Order now and make their day.
ve-day-80th-anniversary-drinks-coaster-design-3-red-special-edition,VE Day 80th Anniversary Drinks Coaster Design 3 Red,VE Day 80th Anniversary Drinks Coaster Design 3 Red: a cheerful gift for anyone who loves a cuppa. Custom designs on request. Add it to your basket today.
ve-day-80th-anniversary-drinks-coaster-design-3-standard-special-edition,VE Day 80th Anniversary Drinks Coaster Design 3 Standard,"VE Day 80th Anniversary Drinks Coaster Design 3 Standard: a fun gift for the home bar. Printed in-house in North Yorkshire, UK. Treat them today."
ve-day-80th-anniversary-drinks-coaster-design-3-union-jack-special-edition,VE Day 80th Anniversary Drinks Coaster Design 3 Union,VE Day 80th Anniversary Drinks Coaster Design 3 Union: a fun gift for the home bar. Custom designs on request. Order now and make their day.
ve-day-80th-anniversary-drinks-coaster-design-4-navy-special-edition,VE Day 80th Anniversary Drinks Coaster Design 4,VE Day 80th Anniversary Drinks Coaster Design 4: a fun little gift for the home or office. Made to order in North Yorkshire. Order now and make their day.
ve-day-80th-anniversary-drinks-coaster-design-4-red-special-edition,VE Day 80th Anniversary Drinks Coaster Design 4 Red,"VE Day 80th Anniversary Drinks Coaster Design 4 Red: a cheerful gift for anyone who loves a cuppa. Printed in-house in North Yorkshire, UK. Order today."
ve-day-80th-anniversary-drinks-coaster-design-4-standard-special-edition,VE Day 80th Anniversary Drinks Coaster Design 4 Standard,VE Day 80th Anniversary Drinks Coaster Design 4 Standard: a fun little gift for the home or office. Custom designs are available on request. Order today.
ve-day-80th-anniversary-drinks-coaster-design-4-union-jack-special-edition,VE Day 80th Anniversary Drinks Coaster Design 4 Union,"VE Day 80th Anniversary Drinks Coaster Design 4 Union: a fun little gift for the home or office. Printed in-house in North Yorkshire, UK. Order today."
ve-day-80th-anniversary-drinks-coaster-design-5-navy-special-edition-copy,VE Day 80th Anniversary Drinks Coaster Design 5,VE Day 80th Anniversary Drinks Coaster Design 5: a cheerful gift for anyone who loves a cuppa. Custom designs on request. Order now and make their day.
ve-day-80th-anniversary-drinks-coaster-design-5-red-special-edition,VE Day 80th Anniversary Drinks Coaster Design 5 Red,VE Day 80th Anniversary Drinks Coaster Design 5 Red: a fun little gift for the home or office. Made to order in North Yorkshire. Order yours today.
ve-day-80th-anniversary-drinks-coaster-design-5-standard-special-edition,VE Day 80th Anniversary Drinks Coaster Design 5 Standard,VE Day 80th Anniversary Drinks Coaster Design 5 Standard: a fun little gift for the home or office. Custom designs are available on request. Order today.
ve-day-80th-anniversary-drinks-coaster-design-5-union-jack-special-edition,VE Day 80th Anniversary Drinks Coaster Design 5 Union,"VE Day 80th Anniversary Drinks Coaster Design 5 Union: a fun little gift for the home or office. Printed in-house in North Yorkshire, UK. Treat them today."
ve-day-80th-anniversary-drinks-coaster-design-6-navy-special-edition,VE Day 80th Anniversary Drinks Coaster Design 6,VE Day 80th Anniversary Drinks Coaster Design 6: a cheerful gift for anyone who loves a cuppa. Custom designs are available on request. Order yours today.
ve-day-80th-anniversary-drinks-coaster-design-6-red-special-edition,VE Day 80th Anniversary Drinks Coaster Design 6 Red,VE Day 80th Anniversary Drinks Coaster Design 6 Red: a fun little gift for the home or office. Custom designs are available on request. Treat them today.
ve-day-80th-anniversary-drinks-coaster-design-6-standard-special-edition,VE Day 80th Anniversary Drinks Coaster Design 6 Standard,"VE Day 80th Anniversary Drinks Coaster Design 6 Standard: a fun gift for the home bar. Printed in-house in North Yorkshire, UK. Order today."
ve-day-80th-anniversary-drinks-coaster-design-6-standard-special-edition-copy,VE Day 80th Anniversary Drinks Coaster Design 7 Standard,"VE Day 80th Anniversary Drinks Coaster Design 7 Standard: a fun gift for the home bar. Printed in-house in North Yorkshire, UK. Order yours today."
ve-day-80th-anniversary-drinks-coaster-design-6-union-jack-special-edition,VE Day 80th Anniversary Drinks Coaster Design 6 Union,"VE Day 80th Anniversary Drinks Coaster Design 6 Union: a fun little gift for the home or office. Printed in-house in North Yorkshire, UK. Order today."
ve-day-80th-anniversary-drinks-coaster-design-7-navy-special-edition,VE Day 80th Anniversary Drinks Coaster Design 7,VE Day 80th Anniversary Drinks Coaster Design 7: a fun little gift for the home or office. Custom designs are available on request. Order yours today.
ve-day-80th-anniversary-drinks-coaster-design-7-red-special-edition,VE Day 80th Anniversary Drinks Coaster Design 7 Red,VE Day 80th Anniversary Drinks Coaster Design 7 Red: a fun gift for the home bar. Custom designs are available on request. Add it to your basket today.
ve-day-80th-anniversary-drinks-coaster-design-7-union-jack-special-edition,VE Day 80th Anniversary Drinks Coaster Design 7 Union,VE Day 80th Anniversary Drinks Coaster Design 7 Union: a cheerful gift for anyone who loves a cuppa. Made to order in North Yorkshire. Order yours today.
ve-day-80th-anniversary-flag-design-1-special-edition,VE Day 80th Anniversary Flag Design 1 | Foxy Printing,"VE Day 80th Anniversary Flag Design 1: a thoughtful gift, made to order. Printed in-house in North Yorkshire, UK. Order now and make their day."
ve-day-80th-anniversary-flag-design-2-special-edition,VE Day 80th Anniversary Flag Design 2 | Foxy Printing,"VE Day 80th Anniversary Flag Design 2: a thoughtful gift, made to order. Custom designs on request. Made to order in North Yorkshire. Order today."
ve-day-80th-anniversary-flag-design-3-special-edition,VE Day 80th Anniversary Flag Design 3 | Foxy Printing,"VE Day 80th Anniversary Flag Design 3: a great gift idea for any occasion. Printed in-house in North Yorkshire, UK. Order now and make their day."
ve-day-80th-anniversary-flag-design-4-special-edition,VE Day 80th Anniversary Flag Design 4 | Foxy Printing,VE Day 80th Anniversary Flag Design 4: a fun gift for someone special. Custom designs are available on request. Add it to your basket today.
ve-day-80th-anniversary-flag-design-5-special-edition,VE Day 80th Anniversary Flag Design 5 | Foxy Printing,"VE Day 80th Anniversary Flag Design 5: a thoughtful gift, made to order. Printed in-house in North Yorkshire, UK. Order now and make their day."
ve-day-80th-anniversary-flag-design-6-special-edition,VE Day 80th Anniversary Flag Design 6 | Foxy Printing,"VE Day 80th Anniversary Flag Design 6: a thoughtful gift, made to order. Custom designs on request. Made in North Yorkshire. Add it to your basket today."
ve-day-80th-anniversary-flag-design-7-special-edition,VE Day 80th Anniversary Flag Design 7 | Foxy Printing,VE Day 80th Anniversary Flag Design 7: a fun gift for someone special. Made to order in our North Yorkshire workshop. Add it to your basket today.
ve-day-80th-anniversary-flag-design-t1-3-sizes-special-edition,VE Day 80th Anniversary Flag Design T1 | Foxy Printing,"VE Day 80th Anniversary Flag Design T1: a thoughtful gift, made to order. Custom designs on request. A great gift idea. Add it to your basket today."
ve-day-80th-anniversary-flag-design-t2-3-sizes-special-edition,VE Day 80th Anniversary Flag Design T2 | Foxy Printing,"VE Day 80th Anniversary Flag Design T2: a fun gift for someone special. Printed in-house in North Yorkshire, UK. Add it to your basket today."
ve-day-80th-anniversary-flag-design-t3-3-sizes-special-edition,VE Day 80th Anniversary Flag Design T3 | Foxy Printing,"VE Day 80th Anniversary Flag Design T3: a thoughtful gift, made to order. Custom designs on request. A great gift idea. Add it to your basket today."
ve-day-80th-anniversary-flag-design-t4-3-sizes-special-edition,VE Day 80th Anniversary Flag Design T4 | Foxy Printing,"VE Day 80th Anniversary Flag Design T4: a great gift idea for any occasion. Printed in-house in North Yorkshire, UK. Order now and make their day."
ve-day-80th-anniversary-handwaving-flags-design-1-pack-of-10-special-edition,VE Day 80th Anniversary Handwaving Flags Design 1 Pack,"VE Day 80th Anniversary Handwaving Flags Design 1 Pack: a thoughtful gift, made to order. Made to order in our North Yorkshire workshop. Treat them today."
ve-day-80th-anniversary-handwaving-flags-design-1-pack-of-5-special-edition,VE Day 80th Anniversary Handwaving Flags Design 1,VE Day 80th Anniversary Handwaving Flags Design 1: a great gift idea for any occasion. Custom designs are available on request. Order yours today.
ve-day-80th-anniversary-handwaving-flags-design-2-pack-of-10-special-edition,VE Day 80th Anniversary Handwaving Flags Design 2 Pack,"VE Day 80th Anniversary Handwaving Flags Design 2 Pack: a thoughtful gift, made to order. Made to order in our North Yorkshire workshop. Treat them today."
ve-day-80th-anniversary-handwaving-flags-design-2-pack-of-5-special-edition,VE Day 80th Anniversary Handwaving Flags Design 2,"VE Day 80th Anniversary Handwaving Flags Design 2: a thoughtful gift, made to order. Custom designs on request. Add it to your basket today."
ve-day-80th-anniversary-handwaving-flags-design-3-pack-of-10-special-edition,VE Day 80th Anniversary Handwaving Flags Design 3 Pack,"VE Day 80th Anniversary Handwaving Flags Design 3 Pack: a fun gift for someone special. Printed in-house in North Yorkshire, UK. Treat them today."
ve-day-80th-anniversary-handwaving-flags-design-3-pack-of-5-special-edition,VE Day 80th Anniversary Handwaving Flags Design 3,"VE Day 80th Anniversary Handwaving Flags Design 3: a thoughtful gift, made to order. Made to order in North Yorkshire. Add it to your basket today."
ve-day-80th-anniversary-handwaving-flags-design-4-pack-of-10-special-edition,VE Day 80th Anniversary Handwaving Flags Design 4 Pack,VE Day 80th Anniversary Handwaving Flags Design 4 Pack: a fun gift for someone special. Custom designs on request. Order now and make their day.
ve-day-80th-anniversary-handwaving-flags-design-4-pack-of-5-special-edition,VE Day 80th Anniversary Handwaving Flags Design 4,VE Day 80th Anniversary Handwaving Flags Design 4: a great gift idea for any occasion. Custom designs are available on request. Order yours today.
ve-day-80th-anniversary-hip-flask-design-1-special-edition,VE Day 80th Anniversary Hip Flask Design 1 | Foxy Printing,VE Day 80th Anniversary Hip Flask Design 1: a fun gift for someone special. Custom designs are available on request. Add it to your basket today.
ve-day-80th-anniversary-hip-flask-design-2-special-edition,VE Day 80th Anniversary Hip Flask Design 2 | Foxy Printing,"VE Day 80th Anniversary Hip Flask Design 2: a thoughtful gift, made to order. Made to order in North Yorkshire. Order now and make their day."
ve-day-80th-anniversary-hip-flask-design-3-special-edition,VE Day 80th Anniversary Hip Flask Design 3 | Foxy Printing,VE Day 80th Anniversary Hip Flask Design 3: a great gift idea for any occasion. Custom designs are available on request. Add it to your basket today.
ve-day-80th-anniversary-hip-flask-design-4-special-edition,VE Day 80th Anniversary Hip Flask Design 4 | Foxy Printing,VE Day 80th Anniversary Hip Flask Design 4: a fun gift for someone special. Made to order in our North Yorkshire workshop. Order yours today.
ve-day-80th-anniversary-hip-flask-design-5-special-edition,VE Day 80th Anniversary Hip Flask Design 5 | Foxy Printing,VE Day 80th Anniversary Hip Flask Design 5: a great gift idea for any occasion. Custom designs are available on request. Add it to your basket today.
ve-day-80th-anniversary-hip-flask-design-6-special-edition,VE Day 80th Anniversary Hip Flask Design 6 | Foxy Printing,"VE Day 80th Anniversary Hip Flask Design 6: a thoughtful gift, made to order. Made to order in North Yorkshire. Order now and make their day."
ve-day-80th-anniversary-hip-flask-design-7-special-edition,VE Day 80th Anniversary Hip Flask Design 7 | Foxy Printing,"VE Day 80th Anniversary Hip Flask Design 7: a thoughtful gift, made to order. Made to order in our North Yorkshire workshop. Add it to your basket today."
ve-day-80th-anniversary-kids-t-shirt-design-1-6-colours-special-edition,VE Day 80th Anniversary Kids T-Shirt Design 1,"VE Day 80th Anniversary Kids T-Shirt Design 1: a fun top for parties, gifts and days out. Made to order in North Yorkshire. Treat them today."
ve-day-80th-anniversary-kids-t-shirt-design-2-6-colours-special-edition,VE Day 80th Anniversary Kids T-Shirt Design 2,"VE Day 80th Anniversary Kids T-Shirt Design 2: made to stand out. Printed in-house in North Yorkshire, UK. A great gift idea. Add it to your basket today."
ve-day-80th-anniversary-kids-t-shirt-design-3-6-colours-special-edition,VE Day 80th Anniversary Kids T-Shirt Design 3,VE Day 80th Anniversary Kids T-Shirt Design 3: made to stand out. Custom designs are available on request. Made in North Yorkshire. Order today.
ve-day-80th-anniversary-kids-t-shirt-design-4-6-colours-special-edition,VE Day 80th Anniversary Kids T-Shirt Design 4,VE Day 80th Anniversary Kids T-Shirt Design 4: made to stand out. Made to order in our North Yorkshire workshop. Order now and make their day.
ve-day-80th-anniversary-kids-t-shirt-design-5-6-colours-special-edition,VE Day 80th Anniversary Kids T-Shirt Design 5,VE Day 80th Anniversary Kids T-Shirt Design 5: a great gift that's made to order. Custom designs on request. A great gift idea. Treat them today.
ve-day-80th-anniversary-kids-t-shirt-design-6-6-colours-special-edition,VE Day 80th Anniversary Kids T-Shirt Design 6,"VE Day 80th Anniversary Kids T-Shirt Design 6: a fun top for parties, gifts and days out. Made to order in our North Yorkshire workshop. Treat them today."
ve-day-80th-anniversary-kids-t-shirt-design-7-6-colours-special-edition,VE Day 80th Anniversary Kids T-Shirt Design 7,"VE Day 80th Anniversary Kids T-Shirt Design 7: a fun top for parties, gifts and days out. Made to order in our North Yorkshire workshop. Order today."
ve-day-80th-anniversary-mug-design-1-3-colours-special-edition,VE Day 80th Anniversary Design 1 Mug | Foxy Printing,"VE Day 80th Anniversary Design 1 Mug: a cheerful gift for home or the office. Sublimation printed, so the design is part of the glaze. Order today."
ve-day-80th-anniversary-mug-design-2-special-edition-colour-options,VE Day 80th Anniversary Design 2 Mug | Foxy Printing,VE Day 80th Anniversary Design 2 Mug: a mug that brightens every brew. An 11oz white ceramic mug that's dishwasher and microwave safe. Treat them today.
ve-day-80th-anniversary-mug-design-23-special-edition-colour-options,VE Day 80th Anniversary Design 3 Mug | Foxy Printing,VE Day 80th Anniversary Design 3 Mug: a fun gift for any tea or coffee lover. An 11oz white ceramic mug that's dishwasher and microwave safe. Order today.
ve-day-80th-anniversary-mug-design-4-special-edition-colour-options,VE Day 80th Anniversary Design 4 Mug | Foxy Printing,"VE Day 80th Anniversary Design 4 Mug: a fun gift for any tea or coffee lover. 11oz ceramic, dishwasher safe. Made in North Yorkshire. Order yours today."
ve-day-80th-anniversary-mug-design-5-special-edition-colour-options,VE Day 80th Anniversary Design 5 Mug | Foxy Printing,"VE Day 80th Anniversary Design 5 Mug: a smile with every cuppa. 11oz ceramic, dishwasher safe. Made in North Yorkshire. Order now and make their day."
ve-day-80th-anniversary-mug-design-6-special-edition-colour-options,VE Day 80th Anniversary Design 6 Mug | Foxy Printing,"VE Day 80th Anniversary Design 6 Mug: a fun gift for any tea or coffee lover. Sublimation printed, so the design is part of the glaze. Order yours today."
ve-day-80th-anniversary-mug-design-7-special-edition-colour-options,VE Day 80th Anniversary Design 7 Mug | Foxy Printing,"VE Day 80th Anniversary Design 7 Mug: a cheerful gift for home or the office. 11oz ceramic, dishwasher safe. A great gift idea. Treat them today."
ve-day-80th-anniversary-paint-it-yourself-kids-t-shirt-design-1-special-edition,VE Day 80th Anniversary Paint IT Yourself Kids T-Shirt 1,VE Day 80th Anniversary Paint IT Yourself Kids T-Shirt 1: a great gift that's made to order. Made to order in our North Yorkshire workshop. Order today.
ve-day-80th-anniversary-paint-it-yourself-kids-t-shirt-design-2-special-edition,VE Day 80th Anniversary Paint IT Yourself Kids T-Shirt 2,"VE Day 80th Anniversary Paint IT Yourself Kids T-Shirt 2: made to stand out. Printed in-house in North Yorkshire, UK. Order now and make their day."
ve-day-80th-anniversary-paint-it-yourself-kids-t-shirt-design-3-special-edition,VE Day 80th Anniversary Paint IT Yourself Kids T-Shirt 3,"VE Day 80th Anniversary Paint IT Yourself Kids T-Shirt 3: a fun top for parties, gifts and days out. Custom designs are available on request. Order today."
ve-day-80th-anniversary-paint-it-yourself-kids-t-shirt-design-4-special-edition,VE Day 80th Anniversary Paint IT Yourself Kids T-Shirt 4,"VE Day 80th Anniversary Paint IT Yourself Kids T-Shirt 4: a fun top for parties, gifts and days out. Custom designs on request. Order today."
ve-day-80th-anniversary-paint-it-yourself-t-shirt-design-1-special-edition,VE Day 80th Anniversary Paint IT Yourself T-Shirt Design 1,VE Day 80th Anniversary Paint IT Yourself T-Shirt Design 1: a great gift that's made to order. Custom designs are available on request. Order today.
ve-day-80th-anniversary-paint-it-yourself-t-shirt-design-2-special-edition,VE Day 80th Anniversary Paint IT Yourself T-Shirt Design 2,"VE Day 80th Anniversary Paint IT Yourself T-Shirt Design 2: a fun top for parties, gifts and days out. Custom designs on request. Treat them today."
ve-day-80th-anniversary-paint-it-yourself-t-shirt-design-3-special-edition,VE Day 80th Anniversary Paint IT Yourself T-Shirt Design 3,"VE Day 80th Anniversary Paint IT Yourself T-Shirt Design 3: made to stand out. Printed in-house in North Yorkshire, UK. Add it to your basket today."
ve-day-80th-anniversary-paint-it-yourself-t-shirt-design4-special-edition,VE Day 80th Anniversary Paint IT Yourself T-Shirt Design 4,VE Day 80th Anniversary Paint IT Yourself T-Shirt Design 4: a great gift that's made to order. Custom designs are available on request. Order yours today.
ve-day-80th-anniversary-party-bunting-design-1-special-edition,VE Day 80th Anniversary Party Bunting Design 1,VE Day 80th Anniversary Party Bunting Design 1: made to make the party. Semi-waterproof 300gsm card. Ready to thread and hang. Treat them today.
ve-day-80th-anniversary-party-bunting-design-2-street-party-special-edition,VE Day 80th Anniversary Party Bunting Design 2,"VE Day 80th Anniversary Party Bunting Design 2: made to make the party. Semi-waterproof 300gsm card flags, simply thread and hang. Order yours today."
ve-day-80th-anniversary-party-bunting-design-3-union-jack-special-edition,VE Day 80th Anniversary Party Bunting Design 3,VE Day 80th Anniversary Party Bunting Design 3: made to make the party. Ready to thread and hang. Semi-waterproof 300gsm card. Add it to your basket today.
ve-day-80th-anniversary-party-bunting-design-4-special-edition,VE Day 80th Anniversary Party Bunting Design 4,VE Day 80th Anniversary Party Bunting Design 4: made to make the party. Semi-waterproof 300gsm card. Made in North Yorkshire. Treat them today.
ve-day-80th-anniversary-party-bunting-design-5-poppy-special-edition,VE Day 80th Anniversary Party Bunting Design 5,VE Day 80th Anniversary Party Bunting Design 5: made to make the party. Ready to thread and hang. A great gift idea. Add it to your basket today.
ve-day-80th-anniversary-party-bunting-design-6-poppy-special-edition,VE Day 80th Anniversary Party Bunting Design 6,"VE Day 80th Anniversary Party Bunting Design 6: made to make the party. A5 flags on 300gsm silk card, ready to thread and hang. Order yours today."
ve-day-80th-anniversary-party-bunting-design-7-gold-special-edition,VE Day 80th Anniversary Party Bunting Design 7,VE Day 80th Anniversary Party Bunting Design 7: a fun finishing touch for any celebration. Ready to thread and hang. Order now and make their day.
ve-day-80th-anniversary-radial-medals-design-1-special-edition,VE Day 80th Anniversary Radial Medals Design 1,VE Day 80th Anniversary Radial Medals Design 1: a thoughtful gift and a great talking point. Custom designs on request. Add it to your basket today.
ve-day-80th-anniversary-radial-medals-design-2-special-edition,VE Day 80th Anniversary Radial Medals Design 2,"VE Day 80th Anniversary Radial Medals Design 2: a thoughtful gift and a great talking point. Printed in-house in North Yorkshire, UK. Order yours today."
ve-day-80th-anniversary-radial-medals-design-3-special-edition,VE Day 80th Anniversary Radial Medals Design 3,"VE Day 80th Anniversary Radial Medals Design 3: a fun finishing touch for the home. Printed in-house in North Yorkshire, UK. Add it to your basket today."
ve-day-80th-anniversary-radial-medals-design-4-special-edition,VE Day 80th Anniversary Radial Medals Design 4,VE Day 80th Anniversary Radial Medals Design 4: a thoughtful gift and a great talking point. Custom designs on request. Add it to your basket today.
ve-day-80th-anniversary-radial-medals-design-5-special-edition,VE Day 80th Anniversary Radial Medals Design 5,VE Day 80th Anniversary Radial Medals Design 5: a thoughtful gift and a great talking point. Custom designs on request. Order now and make their day.
ve-day-80th-anniversary-radial-medals-design-6-special-edition,VE Day 80th Anniversary Radial Medals Design 6,VE Day 80th Anniversary Radial Medals Design 6: a fun finishing touch for the home. Custom designs are available on request. Add it to your basket today.
ve-day-80th-anniversary-radial-medals-design-7-special-edition,VE Day 80th Anniversary Radial Medals Design 7,"VE Day 80th Anniversary Radial Medals Design 7: a thoughtful gift and a great talking point. Printed in-house in North Yorkshire, UK. Order yours today."
ve-day-80th-anniversary-standard-pin-badge-design-1-special-edition,VE Day 80th Anniversary Standard Pin Badge Design 1,"VE Day 80th Anniversary Standard Pin Badge Design 1: a great gift idea for any occasion. Printed in-house in North Yorkshire, UK. Treat them today."
ve-day-80th-anniversary-standard-pin-badge-design-2-special-edition,VE Day 80th Anniversary Standard Pin Badge Design 2,"VE Day 80th Anniversary Standard Pin Badge Design 2: a thoughtful gift, made to order. Custom designs on request. Order now and make their day."
ve-day-80th-anniversary-standard-pin-badge-design-3-special-edition,VE Day 80th Anniversary Standard Pin Badge Design 3,VE Day 80th Anniversary Standard Pin Badge Design 3: a fun gift for someone special. Made to order in North Yorkshire. Order now and make their day.
ve-day-80th-anniversary-standard-pin-badge-design-4-special-edition,VE Day 80th Anniversary Standard Pin Badge Design 4,"VE Day 80th Anniversary Standard Pin Badge Design 4: a great gift idea for any occasion. Printed in-house in North Yorkshire, UK. Treat them today."
ve-day-80th-anniversary-standard-pin-badge-design-5-special-edition,VE Day 80th Anniversary Standard Pin Badge Design 5,VE Day 80th Anniversary Standard Pin Badge Design 5: a fun gift for someone special. Custom designs on request. Add it to your basket today.
ve-day-80th-anniversary-standard-pin-badge-design-6-special-edition,VE Day 80th Anniversary Standard Pin Badge Design 6,VE Day 80th Anniversary Standard Pin Badge Design 6: a great gift idea for any occasion. Custom designs are available on request. Order yours today.
ve-day-80th-anniversary-standard-pin-badge-design-7-special-edition,VE Day 80th Anniversary Standard Pin Badge Design 7,VE Day 80th Anniversary Standard Pin Badge Design 7: a great gift idea for any occasion. Made to order in North Yorkshire. Add it to your basket today.
ve-day-80th-anniversary-t-shirt-design-1-6-colours-special-edition,VE Day 80th Anniversary T-Shirt Design 1 | Foxy Printing,VE Day 80th Anniversary T-Shirt Design 1: made to stand out. Custom designs on request. Made to order in North Yorkshire. Order now and make their day.
ve-day-80th-anniversary-t-shirt-design-2-6-colours-special-edition,VE Day 80th Anniversary T-Shirt Design 2 | Foxy Printing,"VE Day 80th Anniversary T-Shirt Design 2: a fun top for parties, gifts and days out. Custom designs are available on request. Add it to your basket today."
ve-day-80th-anniversary-t-shirt-design-3-6-colours-special-edition,VE Day 80th Anniversary T-Shirt Design 3 | Foxy Printing,VE Day 80th Anniversary T-Shirt Design 3: a great gift that's made to order. Made to order in our North Yorkshire workshop. Order now and make their day.
ve-day-80th-anniversary-t-shirt-design-3-6-colours-special-edition-1,VE Day 80th Anniversary T-Shirt Design 5 | Foxy Printing,VE Day 80th Anniversary T-Shirt Design 5: made to stand out. Made to order in North Yorkshire. Custom designs on request. Order now and make their day.
ve-day-80th-anniversary-t-shirt-design-4-6-colours-special-edition,VE Day 80th Anniversary T-Shirt Design 4 | Foxy Printing,"VE Day 80th Anniversary T-Shirt Design 4: a fun top for parties, gifts and days out. Made to order in North Yorkshire. Add it to your basket today."
ve-day-80th-anniversary-t-shirt-design-6-6-colours-special-edition,VE Day 80th Anniversary T-Shirt Design 6 | Foxy Printing,"VE Day 80th Anniversary T-Shirt Design 6: a great gift that's made to order. Printed in-house in North Yorkshire, UK. Order now and make their day."
ve-day-80th-anniversary-t-shirt-design-7-6-colours-special-edition,VE Day 80th Anniversary T-Shirt Design 7 | Foxy Printing,"VE Day 80th Anniversary T-Shirt Design 7: a fun top for parties, gifts and days out. Custom designs on request. Add it to your basket today."
ve-day-80th-anniversary-tea-towel-design-1-special-edition,VE Day 80th Anniversary Tea Towel Design 1 | Foxy Printing,"VE Day 80th Anniversary Tea Towel Design 1: a handy gift for holidays and the gym. Printed in-house in North Yorkshire, UK. Treat them today."
ve-day-80th-anniversary-tea-towel-design-2-special-edition,VE Day 80th Anniversary Tea Towel Design 2 | Foxy Printing,VE Day 80th Anniversary Tea Towel Design 2: a handy gift for holidays and the gym. Custom designs are available on request. Order yours today.
ve-day-80th-anniversary-tea-towel-design-3-special-edition,VE Day 80th Anniversary Tea Towel Design 3 | Foxy Printing,VE Day 80th Anniversary Tea Towel Design 3: a handy gift for holidays and the gym. Custom designs on request. Made in North Yorkshire. Order today.
ve-day-80th-anniversary-tea-towel-design-4-special-edition,VE Day 80th Anniversary Tea Towel Design 4 | Foxy Printing,"VE Day 80th Anniversary Tea Towel Design 4: a great gift for the beach, gym or bathroom. Custom designs are available on request. Order yours today."
ve-day-80th-anniversary-tea-towel-design-5-special-edition,VE Day 80th Anniversary Tea Towel Design 5 | Foxy Printing,"VE Day 80th Anniversary Tea Towel Design 5: a great gift for the beach, gym or bathroom. Printed in-house in North Yorkshire, UK. Order today."
ve-day-80th-anniversary-tea-towel-design-6-special-edition,VE Day 80th Anniversary Tea Towel Design 6 | Foxy Printing,"VE Day 80th Anniversary Tea Towel Design 6: a handy gift for holidays and the gym. Printed in-house in North Yorkshire, UK. Order yours today."
ve-day-80th-anniversary-tea-towel-design-7-special-edition,VE Day 80th Anniversary Tea Towel Design 7 | Foxy Printing,"VE Day 80th Anniversary Tea Towel Design 7: a great gift for the beach, gym or bathroom. Made to order in North Yorkshire. Treat them today."
ve-day-80th-anniversary-tote-bag-design-1-6-colours-special-edition,VE Day 80th Anniversary Tote Bag Design 1 | Foxy Printing,"VE Day 80th Anniversary Tote Bag Design 1: a thoughtful gift, made to order. Made to order in our North Yorkshire workshop. Order yours today."
ve-day-80th-anniversary-tote-bag-design-2-6-colours-special-edition,VE Day 80th Anniversary Tote Bag Design 2 | Foxy Printing,VE Day 80th Anniversary Tote Bag Design 2: a great gift idea for any occasion. Made to order in our North Yorkshire workshop. Treat them today.
ve-day-80th-anniversary-tote-bag-design-3-6-colours-special-edition,VE Day 80th Anniversary Tote Bag Design 3 | Foxy Printing,VE Day 80th Anniversary Tote Bag Design 3: a fun gift for someone special. Made to order in North Yorkshire. Custom designs on request. Order today.
ve-day-80th-anniversary-tote-bag-design-4-6-colours-special-edition,VE Day 80th Anniversary Tote Bag Design 4 | Foxy Printing,"VE Day 80th Anniversary Tote Bag Design 4: a thoughtful gift, made to order. Made to order in our North Yorkshire workshop. Add it to your basket today."
ve-day-80th-anniversary-tote-bag-design-5-6-colours-special-edition,VE Day 80th Anniversary Tote Bag Design 5 | Foxy Printing,"VE Day 80th Anniversary Tote Bag Design 5: a great gift idea for any occasion. Printed in-house in North Yorkshire, UK. Add it to your basket today."
ve-day-80th-anniversary-tote-bag-design-6-6-colours-special-edition,VE Day 80th Anniversary Tote Bag Design 6 | Foxy Printing,VE Day 80th Anniversary Tote Bag Design 6: a great gift idea for any occasion. Custom designs on request. Made in North Yorkshire. Order today.
ve-day-80th-anniversary-tote-bag-design-7-6-colours-special-edition,VE Day 80th Anniversary Tote Bag Design 7 | Foxy Printing,"VE Day 80th Anniversary Tote Bag Design 7: a thoughtful gift, made to order. Made to order in our North Yorkshire workshop. Add it to your basket today."
ve-day-80th-anniversary-v-tech-medals-design-1-special-edition,VE Day 80th Anniversary V-Tech Medals Design 1,VE Day 80th Anniversary V-Tech Medals Design 1: a thoughtful gift and a great talking point. Custom designs are available on request. Order today.
ve-day-80th-anniversary-v-tech-medals-design-2-special-edition,VE Day 80th Anniversary V-Tech Medals Design 2,VE Day 80th Anniversary V-Tech Medals Design 2: a thoughtful gift and a great talking point. Made to order in North Yorkshire. Order yours today.
ve-day-80th-anniversary-v-tech-medals-design-3-special-edition,VE Day 80th Anniversary V-Tech Medals Design 3,VE Day 80th Anniversary V-Tech Medals Design 3: a thoughtful gift and a great talking point. Made to order in North Yorkshire. Order yours today.
ve-day-80th-anniversary-v-tech-medals-design-4-special-edition,VE Day 80th Anniversary V-Tech Medals Design 4,VE Day 80th Anniversary V-Tech Medals Design 4: a fun finishing touch for the home. Made to order in North Yorkshire. Add it to your basket today.
ve-day-80th-anniversary-v-tech-medals-design-5-special-edition,VE Day 80th Anniversary V-Tech Medals Design 5,"VE Day 80th Anniversary V-Tech Medals Design 5: a thoughtful gift and a great talking point. Printed in-house in North Yorkshire, UK. Treat them today."
ve-day-80th-anniversary-v-tech-medals-design-6-special-edition,VE Day 80th Anniversary V-Tech Medals Design 6,VE Day 80th Anniversary V-Tech Medals Design 6: a thoughtful gift and a great talking point. Made to order in North Yorkshire. Add it to your basket today.
ve-day-80th-anniversary-v-tech-medals-design-7-special-edition,VE Day 80th Anniversary V-Tech Medals Design 7,VE Day 80th Anniversary V-Tech Medals Design 7: a fun finishing touch for the home. Custom designs are available on request. Order now and make their day.
vecna-stranger-things-celebrity-face-mask-fancy-dress-cardboard-costume-mask,Vecna Face Mask | Foxy Printing,"Vecna Face Mask: perfect for stag dos, hen parties and fancy dress. A4 size on 350gsm card, with eye holes cut and elastic included. Order today."
vector-man-eu-sega-megadrive-retro-gaming-magnet,Vector Man Video Retro Mega Drive Fridge Magnet,A nostalgic retro gaming fridge magnet for gamers of all ages. Printed in-house in North Yorkshire in full colour. Add it to your basket today.
vector-man-sega-megadrive-retro-gaming-magnet,Vector Man Video Retro Mega Drive Fridge Magnet Sega,Bring back the classics with this retro gaming fridge magnet. Printed in-house in North Yorkshire in full colour. Add it to your basket today.
vector-man2-sega-megadrive-retro-gaming-magnet,Vector Man2 Video Retro Mega Drive Fridge Magnet,Add some retro fun to the fridge with this retro gaming fridge magnet. Made to order in our North Yorkshire workshop. Add it to your basket today.
vectorman-pal-sega-megadrive-retro-gaming-magnet,Vectorman Video Retro Mega Drive Fridge Magnet,This retro gaming fridge magnet is a fun gift for any retro gamer. Printed in North Yorkshire. A great gift idea. Add it to your basket today.
vegas-dream-retro-nes-gaming-fridge-magnet-610,Vegas Dream Retro NES Fridge Magnet | Foxy Printing,This retro gaming fridge magnet is a fun gift for any retro gamer. Printed in North Yorkshire. A great gift idea. Order now and make their day.
vegas-dream-retro-nes-gaming-keyring,Urban Champion Retro NES Keyring | Foxy Printing,Carry a classic with you on this retro gaming keyring. Made to order in our North Yorkshire workshop. A great gift idea. Add it to your basket today.
vegas-stakes-replacement-snes-game-case-or-cover,Vegas Stakes SNES Replacement Case | Foxy Printing,Give your game a fresh look with this replacement game case. It's a printed case or cover only; no game is included. Order now and make their day.
vegas-stakes-retro-gaming-keyring,Vegas Stakes Retro SNES Keyring | Foxy Printing,Keep your keys retro with this retro gaming keyring. Printed in-house in North Yorkshire in full colour. A great gift idea. Treat them today.
vegas-stakes-retro-gaming-magnet,Vegas Stakes Retro SNES Fridge Magnet | Foxy Printing,This retro gaming fridge magnet is a fun gift for any retro gamer. Made to order in our North Yorkshire workshop. Add it to your basket today.
vegetarians-personalised-baby-boy-girl-unisex-short-sleeve-bodysuit,Vegetarians Personalised Baby Grow | Foxy Printing,Vegetarians Personalised Baby Grow: a sweet gift for a new arrival. Personalise it with the baby's name. 100% cotton with nickel-free poppers. Order today.
veloso-football-2015-celebrity-face-mask,Veloso Face Mask | Foxy Printing,Fancy dress made easy: a Veloso face mask on thick card with eye holes and elastic. Perfect for a football-themed birthday and photo booths.
venbee-music-star-fancy-dress-cardboard-celebrity-party-face-mask,Venbee Face Mask | Foxy Printing,"Venbee Face Mask: perfect for stag dos, hen parties and fancy dress. Posted in a board-backed envelope so it arrives flat. Add it to your basket today."
venom-comic-personalised-card,Personalised Venom Comic Funny Birthday Card | Foxy Printing,"Send a smile with this personalised birthday card. Add their name, age and your own message inside. Thick 350gsm card with a free envelope. Order today."
venom-movie-gift-framed-autographed-print-landscape,Venom Movie Printed Signature Print | Foxy Printing,Venom Movie Printed Signature Print: a lovely gift for a true fan. Printed in North Yorkshire. A great gift idea. Add it to your basket today.
venom-personalised-card,Personalised Venom Funny Birthday Card | Foxy Printing,"This personalised birthday card is a lovely way to mark their big day. Posted Royal Mail 1st Class, dispatched the same or next working day. Order today."
venom-personalised-card-2,Personalised Venom Funny Birthday Card 2 | Foxy Printing,"Our personalised birthday card is made to make someone feel special. Personalise it with a name, age and message. Folded to A5 on 350gsm card. Order today."
venture-2-atari-2600-case-or-cover,Venture 2 Atari 2600 Replacement Case | Foxy Printing,This replacement game case is a neat way to rehouse a loose cartridge or disc. No game included. Made in North Yorkshire. Add it to your basket today.
venture-2-retro-gaming-magnet,Venture 2 Retro Atari 2600 Fridge Magnet | Foxy Printing,Bring back the classics with this retro gaming fridge magnet. Made to order in our North Yorkshire workshop. A great gift idea. Treat them today.
venus-williams-jb-tennis-fancy-dress-cardboard-celebrity-party-stag-birthday-idea-fancy-dress-face-mask,Venus Williams Face Mask Jb | Foxy Printing,"Get the party started with a Venus Williams face mask. Full-colour print on 350gsm card, cut to shape with elastic. Great for a summer tennis party."
venus-williams-m650-tennis-player-autographed-poster-print-photo-signature-gift,Venus Williams Tennis Printed Signature Print,Venus Williams Tennis Printed Signature Print: a striking piece for a fan's wall. A printed reproduction: the signature is part of the print. Order today.
venus-williams-m651-tennis-player-autographed-poster-print-photo-signature-gift,Venus Williams Tennis Printed Signature Print Design 2,Venus Williams Tennis Printed Signature Print: a great gift for any fan. The signature is printed in the design. Order now and make their day.
venus-williams-tennis-celebrity-face-mask,Venus Williams Face Mask | Foxy Printing,"Get the party started with a Venus Williams face mask. Full-colour print on 350gsm card, cut to shape with elastic. Great for a strawberries-and-cream."
vera-lynn-2-signed-autographed-music-star-print,Vera Lynn Music Printed Signature Print Design 2,Vera Lynn Printed Signature Print: a striking piece for a fan's wall. Printed to order in our North Yorkshire workshop. Order now and make their day.
vera-lynn-2-tv-show-signed-by-autographed-poster-print,Vera Lynn TV Show Printed Signature Print Design 2,Vera Lynn TV Show Printed Signature Print: a great gift for any fan. The signature is printed in the design. A great gift idea. Order yours today.
vera-lynn-movie-face-mask,Vera Lynn Face Mask | Foxy Printing,Vera Lynn Face Mask: guaranteed laughs at any party. Posted in a board-backed envelope so it arrives flat. Cut to shape with eye holes. Order yours today.
vera-lynn-signed-autographed-music-star-print,Vera Lynn Music Printed Signature Print | Foxy Printing,"Vera Lynn Printed Signature Print: a striking piece for a fan's wall. The signature is printed as part of the design, not added by hand. Order today."
vera-lynn-tv-show-signed-by-autographed-poster-print,Vera Lynn TV Show Printed Signature Print | Foxy Printing,Vera Lynn TV Show Printed Signature Print: a striking piece for a fan's wall. Printed to order in our North Yorkshire workshop. Order today.
verdigris-black-handle-alchemy-mug,Verdigris Black Handle Alchemy Gothic Goth Horror Stars Mug,Verdigris Black Handle Alchemy Gothic Goth Horror Stars Mug: a smile with every cuppa. Dishwasher and microwave safe. Order now and make their day.
vergil-ortiz-jr-top-boxer-autographed-print-landscape,Vergil Ortiz Jr. Top Printed Signature Print | Foxy Printing,Vergil Ortiz Jr. Top Printed Signature Print: a striking piece for a fan's wall. A printed reproduction: the signature is part of the print. Order today.
vern-mikkelsen-m126-basketball-player-autographed-poster-print-photo-signature-gift,Vern Mikkelsen Basketball Printed Signature Print,Vern Mikkelsen Basketball Printed Signature Print: a lovely gift for a true fan. A printed reproduction: the signature is part of the print. Order today.
vern-mikkelsen-m127-basketball-player-autographed-poster-print-photo-signature-gift,Vern Mikkelsen Basketball Printed Signature Print Design 2,Vern Mikkelsen Basketball Printed Signature Print: a lovely gift for a true fan. The signature is printed in the design. Order now and make their day.
verne-troyer-austin-powers-fancy-dress-cardboard-celebrity-party-face-mask,Verne Troyer Face Mask | Foxy Printing,Fancy dress made easy: a Verne Troyer face mask on thick card with eye holes and elastic. Perfect for an Oscars-style party and photo booths.
vernon-davis-2-signed-autographed-nfl-star-print,Vernon Davis NFL Printed Signature Print Design 2,"Vernon Davis Printed Signature Print: a great gift for any fan. The signature is printed as part of the design, not added by hand. Order today."
vernon-davis-signed-autographed-nfl-star-print,Vernon Davis NFL Printed Signature Print | Foxy Printing,"Vernon Davis Printed Signature Print: a great gift for any fan. The signature is printed as part of the design, not added by hand. Treat them today."
vernon-printed-mug,Personalised Vernon Mug | Foxy Printing,"Personalised Vernon Mug: a fun gift for any tea or coffee lover. Add their name to make it their own. 11oz ceramic, dishwasher safe. Order yours today."
vernon-seventeen-celebrity-face-mask-k-pop-idol-face-mask-funny-mask-for-stag-do-hen-night-tv-events-fancy-dress-costume-parties-ready-to-wear,Vernon Face Mask | Foxy Printing,Vernon Face Mask: guaranteed laughs at any party. 350gsm card with eye holes and elastic. Made in North Yorkshire. Order now and make their day.
verstappen-2-formula-1-rugby-gift-framed-autographed-print-landscape,Verstappen Formula Printed Signature Print | Foxy Printing,"Verstappen Formula Printed Signature Print: a lovely gift for a true fan. The signature is printed as part of the design, not added by hand. Order today."
verstappen-formula-1-rugby-gift-framed-autographed-print-landscape,Verstappen Formula Printed Signature Print Design 1,Verstappen Formula Printed Signature Print: a striking piece for a fan's wall. A printed reproduction: the signature is part of the print. Order today.
vertical-template-copy-retro-gaming-keyring,Vertical Template Retro SNES Keyring | Foxy Printing,Keep your keys retro with this retro gaming keyring. Printed in-house in North Yorkshire in full colour. A great gift idea. Order yours today.
vertical-template-copy-retro-gaming-magnet,Vertical Template Retro SNES Fridge Magnet | Foxy Printing,A nostalgic retro gaming fridge magnet for gamers of all ages. Printed in-house in North Yorkshire in full colour. Order now and make their day.
verytex-jp-sega-megadrive-retro-gaming-magnet,Verytex Video Retro Mega Drive Fridge Magnet | Foxy Printing,A nostalgic retro gaming fridge magnet for gamers of all ages. Printed in-house in North Yorkshire in full colour. Add it to your basket today.
vespa-celebrity-face-mask,Vespa Face Mask | Foxy Printing,Vespa Face Mask: a crowd-pleaser for fancy dress and nights out. Cut to shape with eye holes. A great gift idea. Add it to your basket today.
vespa-printed-mug,Vespa Personalised Mug | Foxy Printing,Vespa Personalised Mug: a mug that brightens every brew. Personalise it with a name before you order. Dishwasher and microwave safe. Order yours today.
vespablack-printed-mug,Vespa Black Personalised Mug | Foxy Printing,Vespa Black Personalised Mug: a mug that brightens every brew. Add their name to make it their own. Dishwasher and microwave safe. Treat them today.
viacheslav-fetisov-2-ice-hockey-autographed-poster-print-photo-signature-gift,Viacheslav Fetisov Ice Hockey Signature Print Design 2,Viacheslav Fetisov Ice Hockey Printed Signature Print: a great gift for any fan. A printed reproduction: the signature is part of the print. Order today.
viacheslav-fetisov-ice-hockey-autographed-poster-print-photo-signature-gift,Viacheslav Fetisov Ice Hockey Printed Signature Print,Viacheslav Fetisov Ice Hockey Printed Signature Print: a striking piece for a fan's wall. Printed to order in our North Yorkshire workshop. Order today.
vic-beasley-1-american-footballer-signed-by-autographed-poster-print,Vic Beasley NFL Printed Signature Print | Foxy Printing,"Vic Beasley Printed Signature Print: a great gift for any fan. The signature is printed as part of the design, not added by hand. Order today."
vic-beasley-1-signed-autographed-nfl-star-print,Vic Beasley NFL Printed Signature Print Design 1,Vic Beasley Printed Signature Print: a great gift for any fan. Printed to order in our North Yorkshire workshop. Add it to your basket today.
vic-beasley-2-american-footballer-signed-by-autographed-poster-print,Vic Beasley NFL Printed Signature Print Design 2,"Vic Beasley Printed Signature Print: a lovely gift for a true fan. The signature is printed as part of the design, not added by hand. Order yours today."
vic-beasley-2-signed-autographed-nfl-star-print,Vic Beasley NFL Printed Signature Print Design 4,"Vic Beasley Printed Signature Print: a great gift for any fan. The signature is printed as part of the design, not added by hand. Order today."
vic-reeves-comedian-face-mask,Vic Reeves Face Mask | Foxy Printing,"Vic Reeves Face Mask: perfect for stag dos, hen parties and fancy dress. 350gsm card with eye holes and elastic. Add it to your basket today."
vice-project-doom-retro-nes-gaming-fridge-magnet-611,Vice Project Doom Retro NES Fridge Magnet | Foxy Printing,Add some retro fun to the fridge with this retro gaming fridge magnet. Made to order in our North Yorkshire workshop. Order now and make their day.
vice-project-doom-retro-nes-gaming-keyring,Vegas Dream Retro NES Keyring | Foxy Printing,A nostalgic retro gaming keyring for retro gaming fans. Made to order in our North Yorkshire workshop. A great gift idea. Order now and make their day.
vickie-guerrero-m1101-wrestling-autographed-poster-print-photo-signature-gift,Vickie Guerrero Wrestling Printed Signature Print,Vickie Guerrero Wrestling Printed Signature Print: a striking piece for a fan's wall. Printed to order in our North Yorkshire workshop. Treat them today.
vickie-guerrero-m1102-wrestling-autographed-poster-print-photo-signature-gift,Vickie Guerrero Wrestling Printed Signature Print Design 2,Vickie Guerrero Wrestling Printed Signature Print: a lovely gift for a true fan. The signature is printed in the design. Order now and make their day.
vicky-mcclure-celebrity-face-mask-fancy-dress-cardboard-costume-mask,Vicky McClure Face Mask | Foxy Printing,Fancy dress made easy: a Vicky McClure face mask on thick card with eye holes and elastic. Perfect for a wedding photo booth and photo booths.
vicky-pattinson-2015-celebrity-face-mask,Vicky Pattinson Face Mask | Foxy Printing,Vicky Pattinson Face Mask: guaranteed laughs at any party. Posted in a board-backed envelope so it arrives flat. Add it to your basket today.
vicky-pollard-face-mask,Vicky Pollard Face Mask | Foxy Printing,"Get the party started with a Vicky Pollard face mask. Full-colour print on 350gsm card, cut to shape with elastic. Great for a stag or hen do."
victor-anichebe-2-football-player-signed-by-autographed-poster-print,Victor Anichebe Printed Signature Print Design 2,Victor Anichebe Printed Signature Print: a lovely gift for a true fan. Printed in North Yorkshire. A great gift idea. Add it to your basket today.
victor-anichebe-2-signed-autographed-footballers-star-print,Victor Anichebe Printed Signature Print Design 4,"Victor Anichebe Printed Signature Print: a lovely gift for a true fan. The signature is printed as part of the design, not added by hand. Treat them today."
victor-anichebe-football-player-signed-by-autographed-poster-print,Victor Anichebe Printed Signature Print | Foxy Printing,Victor Anichebe Printed Signature Print: a lovely gift for a true fan. Printed in North Yorkshire. A great gift idea. Order now and make their day.
victor-anichebe-signed-autographed-footballers-star-print,Victor Anichebe Printed Signature Print Design 3,Victor Anichebe Printed Signature Print: a lovely gift for a true fan. A printed reproduction: the signature is part of the print. Order yours today.
victor-bolden-jr-signed-autographed-nfl-star-print,Victor Bolden Jr. Printed Signature Print | Foxy Printing,Victor Bolden Jr. Printed Signature Print: a lovely gift for a true fan. The signature is printed in the design. Add it to your basket today.
victor-boniface-top-footballer-autographed-print-landscape,Victor Boniface Top Printed Signature Print | Foxy Printing,Victor Boniface Top Printed Signature Print: a lovely gift for a true fan. Printed in North Yorkshire. A great gift idea. Add it to your basket today.
victor-dubuisson-2-golfer-signed-by-autographed-poster-print,Victor Dubuisson Printed Signature Print Design 2,Victor Dubuisson Printed Signature Print: a lovely gift for a true fan. A printed reproduction: the signature is part of the print. Order yours today.
victor-dubuisson-2-signed-autographed-golfer-star-print,Victor Dubuisson Printed Signature Print Design 4,Victor Dubuisson Printed Signature Print: a striking piece for a fan's wall. Printed to order in our North Yorkshire workshop. Order yours today.
victor-dubuisson-golf-stars-face-mask,Victor Dubuisson Face Mask | Foxy Printing,Fancy dress made easy: a Victor Dubuisson face mask on thick card with eye holes and elastic. Perfect for a golf society dinner and photo booths.
victor-dubuisson-golfer-signed-by-autographed-poster-print,Victor Dubuisson Printed Signature Print | Foxy Printing,Victor Dubuisson Printed Signature Print: a great gift for any fan. A printed reproduction: the signature is part of the print. Treat them today.
victor-dubuisson-signed-autographed-golfer-star-print,Victor Dubuisson Printed Signature Print Design 3,Victor Dubuisson Printed Signature Print: a striking piece for a fan's wall. Printed in North Yorkshire. A great gift idea. Add it to your basket today.
victor-lindelof-2-footballer-autographed-poster-print-photo-signature-gift,Victor Lindelof Printed Signature Print Design 2,Victor Lindelof Printed Signature Print: a great gift for any fan. Printed to order in our North Yorkshire workshop. Add it to your basket today.
victor-lindelof-2-signed-autographed-footballers-star-print,Victor Lindelof Printed Signature Print Design 5,Victor Lindelof Printed Signature Print: a striking piece for a fan's wall. A printed reproduction: the signature is part of the print. Treat them today.
victor-lindelof-football-gift-mc1675-framed-autographed-print,Victor Lindelof Printed Signature Print Design 3,Victor Lindelof Printed Signature Print: a great gift for any fan. Printed to order in our North Yorkshire workshop. Order now and make their day.
victor-lindelof-footballer-autographed-poster-print-photo-signature-gift,Victor Lindelof Printed Signature Print | Foxy Printing,Victor Lindelof Printed Signature Print: a great gift for any fan. Printed to order in our North Yorkshire workshop. Order now and make their day.
victor-lindelof-mc1675-black-frame-black-frame-black-frame-autographed-football-poster,Victor Lindelof Printed Signature Poster | Foxy Printing,Victor Lindelof Printed Signature Print: a great gift for any fan. Printed in North Yorkshire. A great gift idea. Order now and make their day.
victor-lindelof-signed-autographed-footballers-star-print,Victor Lindelof Printed Signature Print Design 4,Victor Lindelof Printed Signature Print: a lovely gift for a true fan. Printed to order in our North Yorkshire workshop. Order now and make their day.
victor-moses-1-football-player-signed-by-autographed-poster-print,Victor Moses Printed Signature Print | Foxy Printing,Victor Moses Printed Signature Print: a striking piece for a fan's wall. The signature is printed in the design. Add it to your basket today.
victor-moses-1-signed-autographed-footballers-star-print,Victor Moses Printed Signature Print Design 1,Victor Moses Printed Signature Print: a great gift for any fan. The signature is printed in the design. Made in North Yorkshire. Treat them today.
victor-moses-2-football-player-signed-by-autographed-poster-print,Victor Moses Printed Signature Print Design 2,Victor Moses Printed Signature Print: a lovely gift for a true fan. The signature is printed in the design. Made in North Yorkshire. Treat them today.
victor-moses-2-signed-autographed-footballers-star-print,Victor Moses Printed Signature Print Design 4,Victor Moses Printed Signature Print: a lovely gift for a true fan. Printed to order in our North Yorkshire workshop. Add it to your basket today.
victor-valdes-2-football-player-signed-by-autographed-poster-print,Victor Valdes Printed Signature Print Design 2,Victor Valdes Printed Signature Print: a great gift for any fan. A printed reproduction: the signature is part of the print. Add it to your basket today.
victor-valdes-2-signed-autographed-footballers-star-print,Victor Valdes Printed Signature Print Design 4,Victor Valdes Printed Signature Print: a striking piece for a fan's wall. Printed to order in our North Yorkshire workshop. Order now and make their day.
victor-valdes-barcelona-footballer-celebrity-face-mask,Víctor Valdés Face Mask | Foxy Printing,"Get the party started with a Víctor Valdés face mask. Full-colour print on 350gsm card, cut to shape with elastic. Great for a big match watch party."
victor-valdes-football-player-signed-by-autographed-poster-print,Victor Valdes Printed Signature Print | Foxy Printing,"Victor Valdes Printed Signature Print: a striking piece for a fan's wall. The signature is printed as part of the design, not added by hand. Order today."
victor-valdes-signed-autographed-footballers-star-print,Victor Valdes Printed Signature Print Design 3,"Victor Valdes Printed Signature Print: a great gift for any fan. The signature is printed as part of the design, not added by hand. Order yours today."
victor-wanyama-2-footballer-autographed-poster-print-photo-signature-gift,Victor Wanyama Printed Signature Print Design 2,Victor Wanyama Printed Signature Print: a lovely gift for a true fan. A printed reproduction: the signature is part of the print. Order today.
victor-wanyama-2-signed-autographed-footballers-star-print,Victor Wanyama Printed Signature Print Design 4,Victor Wanyama Printed Signature Print: a great gift for any fan. The signature is printed in the design. Made in North Yorkshire. Treat them today.
victor-wanyama-footballer-autographed-poster-print-photo-signature-gift,Victor Wanyama Printed Signature Print | Foxy Printing,Victor Wanyama Printed Signature Print: a striking piece for a fan's wall. Printed to order in our North Yorkshire workshop. Add it to your basket today.
victor-wanyama-signed-autographed-footballers-star-print,Victor Wanyama Printed Signature Print Design 3,Victor Wanyama Printed Signature Print: a great gift for any fan. The signature is printed in the design. Made in North Yorkshire. Treat them today.
victoria-1,Queen Victoria Dog Portrait Poster,Queen Victoria Dog Portrait Poster: a thoughtful gift and an easy way to brighten a wall. Made to order in-house. Add it to your basket today.
victoria-and-david-beckham-celebrity-couple-face-mask-fancy-dress-high-quality-cardboard-masks-for-any-occasion,David Beckham Face Mask Couple | Foxy Printing,David Beckham card face mask for a five-a-side end-of-season do. Printed on 350gsm silk card cut to shape with eye holes and elastic. Order yours today.
victoria-azarenka-jb-tennis-fancy-dress-cardboard-celebrity-party-stag-birthday-idea-fancy-dress-face-mask,Victoria Azarenka Face Mask | Foxy Printing,Fancy dress made easy: a Victoria Azarenka face mask on thick card with eye holes and elastic. Perfect for a tennis club social and photo booths.
victoria-azarenka-m651-tennis-player-autographed-poster-print-photo-signature-gift,Victoria Azarenka Tennis Printed Signature Print,Victoria Azarenka Tennis Printed Signature Print: a great gift for any fan. A printed reproduction: the signature is part of the print. Order yours today.
victoria-azarenka-m652-tennis-player-autographed-poster-print-photo-signature-gift,Victoria Azarenka Tennis Printed Signature Print Design 2,Victoria Azarenka Tennis Printed Signature Print: a striking piece for a fan's wall. The signature is printed in the design. Order yours today.
victoria-baker-harbour-made-in-chelsea-celebrity-face-mask,Victoria Baker-Harber Face Mask | Foxy Printing,"Get the party started with a Victoria Baker-Harber face mask. Full-colour print on 350gsm card, cut to shape with elastic. Great for a hen do."
victoria-beckham-spice-girls-poster-signed-autographed-music-star-print,Victoria Beckham Printed Signature Print | Foxy Printing,Victoria Beckham Printed Signature Print: a striking piece for a fan's wall. Printed in North Yorkshire. A great gift idea. Treat them today.
victoria-friends-3-tv-celebrity-face-mask,Victoria Friends 3 TV Face Mask | Foxy Printing,Victoria 3 TV Face Mask: a fun pick for birthdays and photo booths. Cut to shape with eye holes. A great gift idea. Add it to your basket today.
victoria-friends-4-tv-celebrity-face-mask,Victoria Friends 4 TV Face Mask | Foxy Printing,Victoria 4 TV Face Mask: guaranteed laughs at any party. Posted in a board-backed envelope so it arrives flat. Order now and make their day.
victoria-hamilton-crown-celebrity-face-mask,Victoria Hamilton Face Mask | Foxy Printing,"Get the party started with a Victoria Hamilton face mask. Full-colour print on 350gsm card, cut to shape with elastic. Great for a telly-night quiz."
victoria-justice-mh-2-2017-tv-celebrity-face-mask,Victoria Justice Face Mask 2 | Foxy Printing,Fancy dress made easy: a Victoria Justice face mask on thick card with eye holes and elastic. Perfect for a telly-night quiz and photo booths.
victoria-justice-mh-2017-tv-celebrity-face-mask,Victoria Justice Face Mask | Foxy Printing,Fancy dress made easy: a Victoria Justice face mask on thick card with eye holes and elastic. Perfect for a telly-night quiz and photo booths.
victoria-monet-celebrity-face-mask-fancy-dress-cardboard-costume-mask,Victoria Monet Face Mask | Foxy Printing,"Get the party started with a Victoria Monet face mask. Full-colour print on 350gsm card, cut to shape with elastic. Great for a tribute-act birthday."
victoria-pelova-arsenal-womens-football-face-mask-fancy-dress-cardboard-costume-mask,Victoria Pelova Face Mask | Foxy Printing,"Get the party started with a Victoria Pelova face mask. Full-colour print on 350gsm card, cut to shape with elastic. Great for a five-a-side."
victoria-pendleton-01-jb-athletics-fancy-dress-cardboard-celebrity-party-stag-birthday-idea-fancy-dress-face-mask,Victoria Pendleton Face Mask 01 | Foxy Printing,"Get the party started with a Victoria Pendleton face mask. Full-colour print on 350gsm card, cut to shape with elastic. Great for a sports-themed birthday."
victoria-pendleton-jb-athletics-fancy-dress-cardboard-celebrity-party-stag-birthday-idea-fancy-dress-face-mask,Victoria Pendleton Face Mask Jb | Foxy Printing,"Get the party started with a Victoria Pendleton face mask. Full-colour print on 350gsm card, cut to shape with elastic. Great for a sports-themed birthday."
victoria-pendleton-jb-cycling-fancy-dress-cardboard-celebrity-party-stag-birthday-idea-fancy-dress-face-mask,Victoria Pendleton Face Mask | Foxy Printing,Fancy dress made easy: a Victoria Pendleton face mask on thick card with eye holes and elastic. Perfect for a big-game watch party and photo booths.
victoria-sugden-emmerdale-fancy-dress-cardboard-celebrity-party-face-mask,Victoria Sugden Face Mask | Foxy Printing,"Get the party started with a Victoria Sugden face mask. Full-colour print on 350gsm card, cut to shape with elastic. Great for a series finale watch party."
victoria-wood-jb-actor-movie-tv-celebrity-party-stag-birthday-idea-fancy-dress-face-mask,Victoria Wood Face Mask | Foxy Printing,"Get the party started with a Victoria Wood face mask. Full-colour print on 350gsm card, cut to shape with elastic. Great for a birthday roast."
victoria-wood-jb-funny-comedian-fancy-dress-cardboard-celebrity-party-stag-birthday-idea-fancy-dress-face-mask,Victoria Wood Face Mask Jb | Foxy Printing,"Get the party started with a Victoria Wood face mask. Full-colour print on 350gsm card, cut to shape with elastic. Great for a birthday roast."
victoria-yeates-celebrity-face-mask-fancy-dress-cardboard-costume-mask,Victoria Yeates Face Mask | Foxy Printing,"Victoria Yeates Face Mask: a crowd-pleaser for fancy dress and nights out. A4 size on 350gsm card, with eye holes cut and elastic included. Order today."
video-olympics-atari-2600-case-or-cover,Video Olympics Atari 2600 Replacement Case | Foxy Printing,Restore your shelf with this replacement game case. Printed in-house in North Yorkshire. No game included. A great gift idea. Treat them today.
video-olympics-retro-gaming-magnet,Video Olympics Retro Atari 2600 Fridge Magnet,This retro gaming fridge magnet is a fun gift for any retro gamer. Printed in North Yorkshire. A great gift idea. Add it to your basket today.
video-pinball-atari-2600-case-or-cover,Video Pinball Atari 2600 Replacement Case | Foxy Printing,This replacement game case is a neat way to rehouse a loose cartridge or disc. No game included. Printed in North Yorkshire. Order yours today.
video-pinball-retro-gaming-magnet,Video Pinball Retro Atari 2600 Fridge Magnet | Foxy Printing,Add some retro fun to the fridge with this retro gaming fridge magnet. Made to order in our North Yorkshire workshop. Order now and make their day.
vidya-balan-m398-bollywood-autographed-poster-print-photo-signature-gift,Vidya Balan Bollywood Printed Signature Print,Vidya Balan Bollywood Printed Signature Print: a lovely gift for a true fan. The signature is printed in the design. Add it to your basket today.
vidya-balan-m399-bollywood-autographed-poster-print-photo-signature-gift,Vidya Balan Bollywood Printed Signature Print Design 2,Vidya Balan Bollywood Printed Signature Print: a striking piece for a fan's wall. Printed to order in our North Yorkshire workshop. Order today.
viewpoint-neo-geo-cd-retro-gaming-keyring,Viewpoint CD Retro Neo Geo Keyring | Foxy Printing,Keep your keys retro with this retro gaming keyring. Printed in-house in North Yorkshire in full colour. A great gift idea. Order yours today.
viewpoint-neo-geo-cd-retro-gaming-magnet,Viewpoint Cd Retro Neo Geo Fridge Magnet | Foxy Printing,A nostalgic retro gaming fridge magnet for gamers of all ages. Printed in-house in North Yorkshire in full colour. Add it to your basket today.
viewpoint-sega-megadrive-retro-gaming-magnet,Viewpoint Video Retro Mega Drive Fridge Magnet,A nostalgic retro gaming fridge magnet for gamers of all ages. Printed in-house in North Yorkshire in full colour. Order now and make their day.
viewtifuljoe,View Tiful Joe Video Retro GameCube Fridge Magnet,Add some retro fun to the fridge with this retro gaming fridge magnet. Printed in-house in North Yorkshire in full colour. Add it to your basket today.
viewtifuljoe1and2,View Tiful Joe 1 and 2 Video Retro GameCube Fridge Magnet,Bring back the classics with this retro gaming fridge magnet. Made to order in our North Yorkshire workshop. A great gift idea. Treat them today.
viewtifuljoe2,View Tiful Joe 2 Video Retro GameCube Fridge Magnet,Add some retro fun to the fridge with this retro gaming fridge magnet. Made to order in our North Yorkshire workshop. Order now and make their day.
vigilante-eu-sega-master-system-case-or-cover,Vigilante Master System Replacement Case | Foxy Printing,This replacement game case is a neat way to rehouse a loose cartridge or disc. No game included. Printed in North Yorkshire. Order yours today.
vigilante-sega-master-system-fridge-magnet,Vigilante Retro Master System Fridge Magnet | Foxy Printing,Bring back the classics with this retro gaming fridge magnet. Printed in-house in North Yorkshire in full colour. Order now and make their day.
vigilante-sega-mastersystem-keyring,Vigilante Retro Master System Keyring | Foxy Printing,This retro gaming keyring is a fun little gift for any gamer. Printed in-house in North Yorkshire in full colour. Add it to your basket today.
vigilante82ndoffense,Vigilante 82nd Offense Retro Dreamcast Fridge Magnet,This retro gaming fridge magnet is a fun gift for any retro gamer. Made to order in our North Yorkshire workshop. Add it to your basket today.
vigilante82ndoffense-ps1-playstation-1-game-keyring,Vigilante 82nd Offense Retro PS1 Fridge Magnet,Add some retro fun to the fridge with this retro gaming fridge magnet. Printed in North Yorkshire. A great gift idea. Order now and make their day.
vigilante82ndoffense-sega-dreamcast-game-keyring,Vigilante82ndoffense Retro Dreamcast Keyring | Foxy Printing,A nostalgic retro gaming keyring for retro gaming fans. Printed in-house in North Yorkshire in full colour. A great gift idea. Add it to your basket today.
vikkstar-face-mask-sidemen-member-novelty-mask-funny-fancy-dress-mask-for-stag-do-parties-events-adult-card-mask,Vikkstar Face Mask | Foxy Printing,"Vikkstar Face Mask: a crowd-pleaser for fancy dress and nights out. A4 size on 350gsm card, with eye holes cut and elastic included. Order yours today."
vikstar-sidemen-realistic-cardboard-celebrity-mask-for-stag-do-hen-do-fancy-dress-costume-parties-fun-party-disguise,Vikstar Sidemen Face Mask | Foxy Printing,Vikstar Sidemen Face Mask: a crowd-pleaser for fancy dress and nights out. Posted in a board-backed envelope so it arrives flat. Order yours today.
viktor-gyokeres-arsenal-face-mask-arsenal-manager-celebrity-card-mask-celebrity-mask-for-stag-do-hen-night-fancy-dress-costume-parties-funny-adult-card-mask,Viktor Gyökeres Arsenal Face Mask | Foxy Printing,"Viktor Gyökeres Face Mask: perfect for stag dos, hen parties and fancy dress. 350gsm card with eye holes and elastic. Add it to your basket today."
viktor-gyokeres-printed-signed-poster-arsenal-fc-sweden-striker-tribute-wall-art-with-jersey-bio-plaque-premier-league-football-memorabilia-for-fans-collectors,Viktor Gyökeres Printed Signature Poster | Foxy Printing,"Viktor Gyökeres Printed Signature Print: a striking piece for a fan's wall. The signature is printed as part of the design, not added by hand. Order today."
viktor-gyokeres-signed-autograph-poster-print-arsenal-f-c-striker-soccer-memorabilia-gift-for-fans,Viktor Gyökeres Printed Signature Print | Foxy Printing,Viktor Gyökeres Printed Signature Print: a great gift for any fan. Printed to order in our North Yorkshire workshop. Add it to your basket today.
viktor-hovland-golf-fancy-dress-cardboard-celebrity-party-face-mask,Viktor Hovland Face Mask | Foxy Printing,"Get the party started with a Viktor Hovland face mask. Full-colour print on 350gsm card, cut to shape with elastic. Great for a golf society dinner."
viktor-promo-personalised-birthday-card-sa060917,Personalised Viktor Promo Birthday Card | Foxy Printing,"A personalised birthday card they'll want to keep. Add their name, age and your own message inside. Posted 1st Class with a free envelope. Order today."
vin-diesel-fast-furious-celebrity-face-mask,Vin Diesel Face Mask | Foxy Printing,Vin Diesel Face Mask: a fun pick for birthdays and photo booths. 350gsm card with eye holes and elastic. Made in North Yorkshire. Order yours today.
vin-diesel-jb-actor-movie-tv-celebrity-party-stag-birthday-idea-fancy-dress-face-mask,Vin Diesel Face Mask Jb | Foxy Printing,"Get the party started with a Vin Diesel face mask. Full-colour print on 350gsm card, cut to shape with elastic. Great for a themed birthday."
vince-cable-politician-face-mask,Vince Cable Face Mask | Foxy Printing,Fancy dress made easy: a Vince Cable face mask on thick card with eye holes and elastic. Perfect for a jubilee-style garden party and photo booths.
vince-carter-m128-basketball-player-autographed-poster-print-photo-signature-gift,Vince Carter Basketball Printed Signature Print,Vince Carter Basketball Printed Signature Print: a great gift for any fan. Printed in North Yorkshire. A great gift idea. Order now and make their day.
vince-carter-m129-basketball-player-autographed-poster-print-photo-signature-gift,Vince Carter Basketball Printed Signature Print Design 2,Vince Carter Basketball Printed Signature Print: a lovely gift for a true fan. A printed reproduction: the signature is part of the print. Order today.
vince-mayle-1-american-footballer-signed-by-autographed-poster-print,Vince Mayle NFL Printed Signature Print | Foxy Printing,Vince Mayle Printed Signature Print: a striking piece for a fan's wall. A printed reproduction: the signature is part of the print. Order yours today.
vince-mayle-1-signed-autographed-nfl-star-print,Vince Mayle NFL Printed Signature Print Design 1,Vince Mayle Printed Signature Print: a striking piece for a fan's wall. The signature is printed in the design. Add it to your basket today.
vince-mayle-2-american-footballer-signed-by-autographed-poster-print,Vince Mayle NFL Printed Signature Print Design 2,Vince Mayle Printed Signature Print: a great gift for any fan. Printed to order in our North Yorkshire workshop. Order now and make their day.
vince-mayle-2-signed-autographed-nfl-star-print,Vince Mayle NFL Printed Signature Print Design 4,Vince Mayle Printed Signature Print: a striking piece for a fan's wall. Printed to order in our North Yorkshire workshop. Add it to your basket today.
vince-printed-mug,Personalised Vince Mug | Foxy Printing,Personalised Vince Mug: a smile with every cuppa. Add their name to make it their own. Dishwasher and microwave safe. Add it to your basket today.
vince-vaughn-2-celebrity-face-mask,Vince Vaughn Face Mask 2 | Foxy Printing,"Get the party started with a Vince Vaughn face mask. Full-colour print on 350gsm card, cut to shape with elastic. Great for a themed birthday."
vince-vaughn-movie-face-mask,Vince Vaughn Face Mask | Foxy Printing,Vince Vaughn Face Mask: a crowd-pleaser for fancy dress and nights out. Posted in a board-backed envelope so it arrives flat. Order yours today.
vince-williams-2-signed-autographed-nfl-star-print,Vince Williams NFL Printed Signature Print Design 2,Vince Williams Printed Signature Print: a lovely gift for a true fan. The signature is printed in the design. Made in North Yorkshire. Treat them today.
vince-williams-signed-autographed-nfl-star-print,Vince Williams NFL Printed Signature Print | Foxy Printing,Vince Williams Printed Signature Print: a great gift for any fan. Printed in North Yorkshire. A great gift idea. Add it to your basket today.
vincent-donofrio-celebrity-face-mask-fancy-dress-cardboard-costume-mask,Vincent Donofrio Face Mask | Foxy Printing,"Get the party started with a Vincent Donofrio face mask. Full-colour print on 350gsm card, cut to shape with elastic. Great for a themed birthday."
vincent-janssen-2-footballer-autographed-poster-print-photo-signature-gift,Vincent Janssen Printed Signature Print Design 2,Vincent Janssen Printed Signature Print: a great gift for any fan. Printed to order in our North Yorkshire workshop. Add it to your basket today.
vincent-janssen-2-signed-autographed-footballers-star-print,Vincent Janssen Printed Signature Print Design 4,Vincent Janssen Printed Signature Print: a striking piece for a fan's wall. A printed reproduction: the signature is part of the print. Treat them today.
vincent-janssen-footballer-autographed-poster-print-photo-signature-gift,Vincent Janssen Printed Signature Print | Foxy Printing,Vincent Janssen Printed Signature Print: a lovely gift for a true fan. Printed in North Yorkshire. A great gift idea. Order now and make their day.
vincent-janssen-signed-autographed-footballers-star-print,Vincent Janssen Printed Signature Print Design 3,Vincent Janssen Printed Signature Print: a lovely gift for a true fan. Printed in North Yorkshire. A great gift idea. Order now and make their day.
vincent-kartheiser-pete-campbell-madmen-face-mask,Pete Campbell Face Mask | Foxy Printing,Pete Campbell Face Mask: a fun pick for birthdays and photo booths. Posted in a board-backed envelope so it arrives flat. Order now and make their day.
vincent-kompany-2-footballer-autographed-poster-print-photo-signature-gift,Vincent Kompany Printed Signature Print Design 2,Vincent Kompany Printed Signature Print: a lovely gift for a true fan. Printed in North Yorkshire. A great gift idea. Order now and make their day.
vincent-kompany-2-signed-autographed-footballers-star-print,Vincent Kompany Printed Signature Print Design 4,Vincent Kompany Printed Signature Print: a striking piece for a fan's wall. Printed to order in our North Yorkshire workshop. Add it to your basket today.
vincent-kompany-face-mask,Vincent Kompany Face Mask Design 2 | Foxy Printing,Vincent Kompany card face mask for a stag do before the cup final. Printed on 350gsm silk card cut to shape with eye holes and elastic. Order yours today.
vincent-kompany-footballer-autographed-poster-print-photo-signature-gift,Vincent Kompany Printed Signature Print | Foxy Printing,"Vincent Kompany Printed Signature Print: a striking piece for a fan's wall. The signature is printed as part of the design, not added by hand. Order today."
vincent-kompany-manchester-city-mancity-face-mask,Vincent Kompany Face Mask | Foxy Printing,Fancy dress made easy: a Vincent Kompany face mask on thick card with eye holes and elastic. Perfect for a five-a-side end-of-season do and photo booths.
vincent-kompany-signed-autographed-footballers-star-print,Vincent Kompany Printed Signature Print Design 3,"Vincent Kompany Printed Signature Print: a striking piece for a fan's wall. The signature is printed as part of the design, not added by hand. Order today."
vincent-londez-lupin-celebrity-face-mask-fancy-dress-cardboard-costume-mask,Vincent Londez Lupin Face Mask | Foxy Printing,"Get the party started with a Vincent Londez Lupin face mask. Full-colour print on 350gsm card, cut to shape with elastic. Great for a soap-themed birthday."
vincent-rey-2-american-footballer-signed-by-autographed-poster-print,Vincent Rey NFL Printed Signature Print Design 2,Vincent Rey Printed Signature Print: a lovely gift for a true fan. The signature is printed in the design. A great gift idea. Order yours today.
vincent-rey-2-signed-autographed-nfl-star-print,Vincent Rey NFL Printed Signature Print Design 4,"Vincent Rey Printed Signature Print: a lovely gift for a true fan. The signature is printed as part of the design, not added by hand. Treat them today."
vincent-rey-american-footballer-signed-by-autographed-poster-print,Vincent Rey NFL Printed Signature Print | Foxy Printing,Vincent Rey Printed Signature Print: a striking piece for a fan's wall. The signature is printed in the design. Order now and make their day.
vincent-rey-signed-autographed-nfl-star-print,Vincent Rey NFL Printed Signature Print Design 3,"Vincent Rey Printed Signature Print: a great gift for any fan. The signature is printed as part of the design, not added by hand. Order yours today."
vincent-simone-flavia-strictly-2017-tv-celebrity-face-mask,Vincent Simone Face Mask | Foxy Printing,Fancy dress made easy: a Vincent Simone face mask on thick card with eye holes and elastic. Perfect for a series finale watch party and photo booths.
vincent-van-der-voort-2-signed-autographed-darts-star-print,Vincent Van Der Voort Darts Printed Signature Print Design 2,Vincent Van Der Voort Printed Signature Print: a lovely gift for a true fan. The signature is printed in the design. Order now and make their day.
vincent-van-der-voort-signed-autographed-darts-star-print,Vincent Van Der Voort Darts Printed Signature Print,Vincent Van Der Voort Printed Signature Print: a striking piece for a fan's wall. Printed in North Yorkshire. A great gift idea. Order yours today.
vincent-vega-2-celebrity-face-mask,Vincent Vega Face Mask 2 | Foxy Printing,"Vincent Vega Face Mask: perfect for stag dos, hen parties and fancy dress. A4 size on 350gsm card, with eye holes cut and elastic included. Order today."
vincent-vega-celebrity-face-mask,Vincent Vega Face Mask | Foxy Printing,"Get the party started with a Vincent Vega face mask. Full-colour print on 350gsm card, cut to shape with elastic. Great for a stag or hen do."
vincenzo-nibali-cycling-celebrity-face-mask,Vincenzo Nibali Face Mask | Foxy Printing,Vincenzo Nibali card face mask for a sports-themed birthday. Printed on 350gsm silk card cut to shape with eye holes and elastic. Order yours today.
vincius-jnior-signed-autograph-poster-print-real-madrid-brazil-football-superstar-football-gift-memorabilia,Vinícius Júnior Printed Signature Print | Foxy Printing,Vinícius Júnior Printed Signature Print: a great gift for any fan. Printed to order in our North Yorkshire workshop. Add it to your basket today.
vinegar-black-handle-alchemy-mug,Vinegar Black Handle Alchemy Gothic Goth Horror Stars Mug,Vinegar Black Handle Alchemy Gothic Goth Horror Stars Mug: a mug that brightens every brew. Dishwasher and microwave safe. Treat them today.
vinicius-junior-face-mask-brazil-football-star-inspired-card-face-mask-soccer-fan-party-accessory-match-day-supporter-prop-sports-fan-gift,Vinicius Junior Face Mask | Foxy Printing,Fancy dress made easy: a Vinicius Junior face mask on thick card with eye holes and elastic. Perfect for a big match watch party and photo booths.
vinicius-junior-real-madrid-signed-poster-print-real-madrid-football-wall-art-printed-autograph-soccer-memorabilia-vinicius-jr-fan-gift-decor,Vinicius Junior Real Madrid Printed Signature Print,"Celebrate a favourite with this printed signature print. The signature is printed as part of the design, not added by hand. Order yours today."
vinnie-jones-face-mask,Vinnie Jones Face Mask | Foxy Printing,Fancy dress made easy: a Vinnie Jones face mask on thick card with eye holes and elastic. Perfect for a big match watch party and photo booths.
vinnie-printed-mug,Personalised Vinnie Mug | Foxy Printing,"Personalised Vinnie Mug: a smile with every cuppa. Add any name to make it unique. Sublimation printed, so the design is part of the glaze. Order today."
vinny-curry-2-signed-autographed-nfl-star-print,Vinny Curry NFL Printed Signature Print Design 2,Vinny Curry Printed Signature Print: a striking piece for a fan's wall. The signature is printed in the design. Order now and make their day.
vinny-curry-signed-autographed-nfl-star-print,Vinny Curry NFL Printed Signature Print | Foxy Printing,Vinny Curry Printed Signature Print: a lovely gift for a true fan. Printed to order in our North Yorkshire workshop. Add it to your basket today.
vinny-jones-2025-celebrity-face-mask-fancy-dress-cardboard-costume-mask,Vinny Jones Face Mask | Foxy Printing,"Get the party started with a Vinny Jones face mask. Full-colour print on 350gsm card, cut to shape with elastic. Great for a telly-night quiz."
vinston-painter-1-signed-autographed-nfl-star-print,Vinston Painter NFL Printed Signature Print | Foxy Printing,Vinston Painter Printed Signature Print: a striking piece for a fan's wall. Printed to order in our North Yorkshire workshop. Treat them today.
vinston-painter-2-signed-autographed-nfl-star-print,Vinston Painter NFL Printed Signature Print Design 2,Vinston Painter Printed Signature Print: a striking piece for a fan's wall. A printed reproduction: the signature is part of the print. Order yours today.
vintage-football-stadium-poster-print-set-6-stadium-wall-art-prints-wembley-allianz-arena-estadio-azteca-camp-nou-santiago-bernabeu-la-bombonera-football-fan-gift-home-decor,Vintage Football Stadium Poster Print Set,Vintage Football Stadium Poster Print Set: a great gift for their wall. Printed in North Yorkshire. Made to order in-house. Add it to your basket today.
vintage-shopping-personalised-birthday-card,Personalised Vintage Shopping Adult Birthday Card,"Our personalised birthday card is made to make someone feel special. Personalise it with a name, age and message. Folded to A5 on 350gsm card. Order today."
viola-davis-actors-framed-autographed-print,Viola Davis Actors Printed Signature Print | Foxy Printing,Viola Davis Actors Printed Signature Print: a lovely gift for a true fan. The signature is printed in the design. Add it to your basket today.
viola-davis-and-julius-tennon-celebrity-couple-face-mask-fancy-dress-high-quality-cardboard-masks-for-any-occasion,Viola Davis and Julius Tennon Face Masks | Foxy Printing,"Viola Davis and Julius Tennon Face Masks: perfect for stag dos, hen parties and fancy dress. 350gsm card with eye holes and elastic. Treat them today."
viper-and-logan-movie-birthday-card-sa,Personalised Viper and Logan Birthday Card | Foxy Printing,"A personalised birthday card they'll want to keep. Add their name, age and your own message inside. Thick 350gsm card with a free envelope. Order today."
viper-and-logan-movie-personalised-birthday-card-sa060917,Personalised Viper and Logan Birthday Card Movie,"Send a smile with this personalised birthday card. Personalise it with a name, age and message. Thick 350gsm card with a free envelope. Order yours today."
virat-kohli-2-cricket-signed-by-autographed-poster-print,Virat Kohli Cricket Printed Signature Print Design 2,"Virat Kohli Printed Signature Print: a great gift for any fan. The signature is printed as part of the design, not added by hand. Treat them today."
virat-kohli-2-signed-autographed-cricket-star-print,Virat Kohli Cricket Printed Signature Print Design 4,Virat Kohli Printed Signature Print: a striking piece for a fan's wall. The signature is printed in the design. Order now and make their day.
virat-kohli-cricket-signed-by-autographed-poster-print,Virat Kohli Cricket Printed Signature Print | Foxy Printing,Virat Kohli Printed Signature Print: a striking piece for a fan's wall. The signature is printed in the design. Add it to your basket today.
virat-kohli-india-bm-personalised-birthday-card,Personalised Virat Kohli India Birthday Card | Foxy Printing,This personalised birthday card is a lovely way to mark their big day. Thick 350gsm card with a free envelope. Order now and make their day.
virat-kohli-signed-autographed-cricket-star-print,Virat Kohli Cricket Printed Signature Print Design 3,Virat Kohli Printed Signature Print: a striking piece for a fan's wall. A printed reproduction: the signature is part of the print. Treat them today.
virat-kohli-sports-birthday-card-sa,Personalised Virat Kohli Sports Birthday Card,"A personalised birthday card they'll want to keep. Personalise it with a name, age and message. Thick 350gsm card with a free envelope. Treat them today."
virgil-hill-m792-boxing-autographed-poster-print-photo-signature-gift,Virgil Hill Boxing Printed Signature Print | Foxy Printing,"Virgil Hill Printed Signature Print: a great gift for any fan. The signature is printed as part of the design, not added by hand. Treat them today."
virgil-hill-m793-boxing-autographed-poster-print-photo-signature-gift,Virgil Hill Boxing Printed Signature Print Design 2,"Virgil Hill Printed Signature Print: a great gift for any fan. The signature is printed as part of the design, not added by hand. Treat them today."
virgil-van-dijk-2-footballer-autographed-poster-print-photo-signature-gift,Virgil Van Dijk Printed Signature Print Design 3,"Virgil Van Dijk Printed Signature Print: a lovely gift for a true fan. The signature is printed as part of the design, not added by hand. Treat them today."
virgil-van-dijk-2-signed-autographed-footballers-star-print,Virgil Van Dijk Printed Signature Print Design 6,Virgil Van Dijk Printed Signature Print: a striking piece for a fan's wall. Printed in North Yorkshire. A great gift idea. Order now and make their day.
virgil-van-dijk-3-footballer-autographed-poster-print-photo-signature-gift,Virgil Van Dijk Printed Signature Print | Foxy Printing,Virgil Van Dijk Printed Signature Print: a great gift for any fan. Printed to order in our North Yorkshire workshop. Order now and make their day.
virgil-van-dijk-6-signed-autographed-footballers-star-print,Virgil Van Dijk Printed Signature Print Design 7,"Virgil Van Dijk Printed Signature Print: a lovely gift for a true fan. The signature is printed as part of the design, not added by hand. Order today."
virgil-van-dijk-face-mask-netherlands-football-captain-inspired-card-face-mask-dutch-soccer-fan-party-accessory-sports-supporter-fancy-dress-prop,Virgil van Dijk Face Mask Netherlands | Foxy Printing,Virgil van Dijk card face mask for a stag do before the cup final. Printed on 350gsm silk card cut to shape with eye holes and elastic. Order yours today.
virgil-van-dijk-football-gift-mc1676-framed-autographed-print,Virgil Van Dijk Printed Signature Print Design 4,Virgil Van Dijk Printed Signature Print: a striking piece for a fan's wall. A printed reproduction: the signature is part of the print. Order today.
virgil-van-dijk-footballer-autographed-poster-print-photo-signature-gift,Virgil Van Dijk Printed Signature Print Design 2,Virgil Van Dijk Printed Signature Print: a striking piece for a fan's wall. Printed in North Yorkshire. A great gift idea. Add it to your basket today.
virgil-van-dijk-liverpool-face-mask-football-player-celebrity-card-mask-celebrity-mask-for-stag-do-hen-night-fancy-dress-costume-parties-funny-adult-card-mask,Virgil van Dijk Face Mask | Foxy Printing,"Get the party started with a Virgil van Dijk face mask. Full-colour print on 350gsm card, cut to shape with elastic. Great for a football-themed birthday."
virgil-van-dijk-liverpool-signed-poster-print-liverpool-fc-football-wall-art-printed-autograph-soccer-memorabilia-virgil-van-dijk-fan-gift-decor,Virgil Van Dijk Liverpool Athletics Printed Signature Print,"Celebrate a favourite with this printed signature print. The signature is printed as part of the design, not added by hand. Order now and make their day."
virgil-van-dijk-mc1676-black-frame-black-frame-black-frame-autographed-football-poster,Virgil Van Dijk Printed Signature Poster | Foxy Printing,Virgil Van Dijk Printed Signature Print: a lovely gift for a true fan. A printed reproduction: the signature is part of the print. Treat them today.
virgil-van-dijk-signed-autographed-footballers-star-print,Virgil Van Dijk Printed Signature Print Design 5,Virgil Van Dijk Printed Signature Print: a great gift for any fan. Printed in North Yorkshire. A great gift idea. Add it to your basket today.
virgil-van-dijk-signed-football-memorabilia-framed-autograph-display-with-liverpool-captain-netherlands-tribute-collector-s-gift,Virgil Van Dijk Printed Signature Print Design 8,Virgil Van Dijk Printed Signature Print: a great gift for any fan. The signature is printed in the design. Made in North Yorkshire. Treat them today.
virtua-fighter-2-sega-megadrive-retro-gaming-magnet,Virtua Fighter 2 Video Retro Mega Drive Fridge Magnet,Bring back the classics with this retro gaming fridge magnet. Printed in-house in North Yorkshire in full colour. Add it to your basket today.
virtua-fighter-sega-32x-games-case-or-cover,Virtua Fighter 32x Games Master System Replacement Case,Give your game a fresh look with this replacement game case. It's a printed case or cover only; no game is included. Order now and make their day.
virtua-racing-2-sega-megadrive-retro-gaming-magnet,Virtua Racing 2 Video Retro Mega Drive Fridge Magnet,A nostalgic retro gaming fridge magnet for gamers of all ages. Made to order in our North Yorkshire workshop. A great gift idea. Order yours today.
virtua-racing-pal-sega-megadrive-retro-gaming-magnet,Virtua Racing Video Retro Mega Drive Fridge Magnet,This retro gaming fridge magnet is a fun gift for any retro gamer. Printed in-house in North Yorkshire in full colour. Order now and make their day.
virtua-racing-sega-32x-games-case-or-cover,Virtua Racing 32x Games Master System Replacement Case,This replacement game case is a neat way to rehouse a loose cartridge or disc. Printed in North Yorkshire. No game included. Add it to your basket today.
virtuaathlete2k,Virtua Athlete 2k Retro Dreamcast Fridge Magnet,Bring back the classics with this retro gaming fridge magnet. Printed in-house in North Yorkshire in full colour. Add it to your basket today.
virtuaathlete2k-sega-dreamcast-game-keyring,Virtuaathlete2k Retro Dreamcast Keyring | Foxy Printing,A nostalgic retro gaming keyring for retro gaming fans. Made to order in our North Yorkshire workshop. A great gift idea. Order yours today.
virtuafighter3tb-6,Virtua Fighter 3tB 6 Retro Dreamcast Fridge Magnet,Add some retro fun to the fridge with this retro gaming fridge magnet. Made to order in our North Yorkshire workshop. Order now and make their day.
virtuafighter3tb-6-sega-dreamcast-game-keyring,Virtuafighter3tb 6 Retro Dreamcast Keyring | Foxy Printing,This retro gaming keyring is a fun little gift for any gamer. Printed in-house in North Yorkshire in full colour. Order now and make their day.
virtual-bart-sega-megadrive-retro-gaming-magnet,Virtual Bart Video Retro Mega Drive Fridge Magnet,A nostalgic retro gaming fridge magnet for gamers of all ages. Made to order in our North Yorkshire workshop. A great gift idea. Treat them today.
virtualon-8,Virtualon 8 Retro Dreamcast Fridge Magnet | Foxy Printing,A nostalgic retro gaming fridge magnet for gamers of all ages. Printed in-house in North Yorkshire in full colour. Add it to your basket today.
virtualon-8-sega-dreamcast-game-keyring,Virtualon 8 Retro Dreamcast Keyring | Foxy Printing,This retro gaming keyring is a fun little gift for any gamer. Made to order in our North Yorkshire workshop. A great gift idea. Order yours today.
virtuastriker2,Virtua Striker 2 Retro Dreamcast Fridge Magnet,Bring back the classics with this retro gaming fridge magnet. Printed in-house in North Yorkshire in full colour. Add it to your basket today.
virtuastriker2-sega-dreamcast-game-keyring,Virtuastriker2 Retro Dreamcast Keyring | Foxy Printing,A nostalgic retro gaming keyring for retro gaming fans. Printed in-house in North Yorkshire in full colour. A great gift idea. Treat them today.
virtuastriker2002,Virtua Striker2002 Video Retro GameCube Fridge Magnet,Add some retro fun to the fridge with this retro gaming fridge magnet. Printed in-house in North Yorkshire in full colour. Add it to your basket today.
virtuatennis,Virtua Tennis Retro Dreamcast Fridge Magnet | Foxy Printing,Bring back the classics with this retro gaming fridge magnet. Made to order in our North Yorkshire workshop. A great gift idea. Order today.
virtuatennis-sega-dreamcast-game-keyring,Virtuatennis Retro Dreamcast Keyring | Foxy Printing,Carry a classic with you on this retro gaming keyring. Made to order in our North Yorkshire workshop. A great gift idea. Order now and make their day.
visor-quake-champions-game-birthday-card-sa,Visor Quake Champions Birthday Card | Foxy Printing,A printed card they'll want to keep. Posted 1st Class with a free envelope. Dispatched the same or next working day. Add it to your basket today.
visor-quake-champions-game-personalised-birthday-card-sa060917,Personalised Visor Quake Champions Birthday Card,This personalised birthday card is a lovely way to mark their big day. Thick 350gsm card with a free envelope. Order now and make their day.
vita-sidorkina-2017-tv-celebrity-face-mask,Vita Sidorkina Face Mask | Foxy Printing,"Get the party started with a Vita Sidorkina face mask. Full-colour print on 350gsm card, cut to shape with elastic. Great for a stag or hen do."
vitali-klitschko-2-boxing-signed-by-autographed-poster-print,Vitali Klitschko Printed Signature Print Design 2,Vitali Klitschko Printed Signature Print: a lovely gift for a true fan. Printed in North Yorkshire. A great gift idea. Add it to your basket today.
vitali-klitschko-2-signed-autographed-boxing-star-print,Vitali Klitschko Printed Signature Print Design 4,"Vitali Klitschko Printed Signature Print: a lovely gift for a true fan. The signature is printed as part of the design, not added by hand. Order today."
vitali-klitschko-boxing-signed-by-autographed-poster-print,Vitali Klitschko Printed Signature Print | Foxy Printing,Vitali Klitschko Printed Signature Print: a lovely gift for a true fan. Printed to order in our North Yorkshire workshop. Add it to your basket today.
vitali-klitschko-jb-tv-star-fancy-dress-cardboard-celebrity-party-stag-birthday-idea-fancy-dress-face-mask,Vitali Klitschko Face Mask | Foxy Printing,Vitali Klitschko card face mask for a fight-night watch party. Printed on 350gsm silk card cut to shape with eye holes and elastic. Order yours today.
vitali-klitschko-signed-autographed-boxing-star-print,Vitali Klitschko Printed Signature Print Design 3,"Vitali Klitschko Printed Signature Print: a lovely gift for a true fan. The signature is printed as part of the design, not added by hand. Order today."
vitas-gerulaitis-m653-tennis-player-autographed-poster-print-photo-signature-gift,Vitas Gerulaitis Tennis Printed Signature Print,Vitas Gerulaitis Tennis Printed Signature Print: a striking piece for a fan's wall. Printed to order in our North Yorkshire workshop. Treat them today.
vitas-gerulaitis-m654-tennis-player-autographed-poster-print-photo-signature-gift,Vitas Gerulaitis Tennis Printed Signature Print Design 2,Vitas Gerulaitis Tennis Printed Signature Print: a striking piece for a fan's wall. Printed in North Yorkshire. Add it to your basket today.
vitinha-face-mask-portugal-football-midfielder-inspired-card-face-mask-soccer-fan-party-accessory-sports-supporter-fancy-dress-prop,Vitinha Face Mask | Foxy Printing,Vitinha card face mask for a five-a-side end-of-season do. Printed on 350gsm silk card cut to shape with eye holes and elastic. Order yours today.
vitriol-black-handle-alchemy-mug,Vitriol Black Handle Alchemy Gothic Goth Horror Stars Mug,Vitriol Black Handle Alchemy Gothic Goth Horror Stars Mug: a fun gift for any tea or coffee lover. Dishwasher and microwave safe. Order yours today.
viv-anderson-2-football-player-signed-by-autographed-poster-print,Viv Anderson Printed Signature Print Design 2,"Viv Anderson Printed Signature Print: a striking piece for a fan's wall. The signature is printed as part of the design, not added by hand. Order today."
viv-anderson-2-signed-autographed-footballers-star-print,Viv Anderson Printed Signature Print Design 4,Viv Anderson Printed Signature Print: a great gift for any fan. A printed reproduction: the signature is part of the print. Order now and make their day.
viv-anderson-football-player-signed-by-autographed-poster-print,Viv Anderson Printed Signature Print | Foxy Printing,"Viv Anderson Printed Signature Print: a striking piece for a fan's wall. The signature is printed as part of the design, not added by hand. Order today."
viv-anderson-signed-autographed-footballers-star-print,Viv Anderson Printed Signature Print Design 3,"Viv Anderson Printed Signature Print: a striking piece for a fan's wall. The signature is printed as part of the design, not added by hand. Order today."
vivian-printed-mug,Personalised Vivian Mug | Foxy Printing,Personalised Vivian Mug: a mug that brightens every brew. Add any name to make it unique. Dishwasher and microwave safe. Add it to your basket today.
vivianne-miedema-arsenal-womens-football-face-mask-fancy-dress-cardboard-costume-mask,Vivianne Miedema Face Mask | Foxy Printing,Vivianne Miedema card face mask for a stag do before the cup final. Printed on 350gsm silk card cut to shape with eye holes and elastic. Order yours today.
viviano-arsenal-celebrity-face-mask,Viviano Arsenal Face Mask | Foxy Printing,Viviano Face Mask: guaranteed laughs at any party. 350gsm card with eye holes and elastic. Made in North Yorkshire. Order now and make their day.
vivien-leigh-actors-framed-autographed-print,Vivien Leigh Actors Printed Signature Print | Foxy Printing,Vivien Leigh Actors Printed Signature Print: a great gift for any fan. The signature is printed in the design. Order now and make their day.
viviene-westwood-2-fashion-designer-autographed-poster-print-photo-signature-gift,Viviene Westwood Fashion Designer Signature Print Design 2,Viviene Westwood Fashion Designer Printed Signature Print: a striking piece for a fan's wall. The signature is printed in the design. Order yours today.
viviene-westwood-fashion-designer-autographed-poster-print-photo-signature-gift,Viviene Westwood Fashion Designer Printed Signature Print,Viviene Westwood Fashion Designer Printed Signature Print: a great gift for any fan. Printed in North Yorkshire. Add it to your basket today.
vixen-legends-of-tomorrow-movie-birthday-card-sa,Personalised Vixen Legends of Tomorrow Birthday Card,"Send a smile with this personalised birthday card. Add a name, age and a message inside before you order. Folded to A5 on 350gsm card. Order yours today."
vladimir-darida-signed-poster-print-czech-republic-national-team-midfield-tribute-wall-art-with-signature-jersey-number-22-captain-memorabilia-for-football-fans-collectors,Vladimír Darida Printed Signature Print | Foxy Printing,Vladimír Darida Printed Signature Print: a striking piece for a fan's wall. A printed reproduction: the signature is part of the print. Treat them today.
vladimir-ducasse-1-american-footballer-signed-by-autographed-poster-print,Vladimir Ducasse NFL Printed Signature Print | Foxy Printing,Vladimir Ducasse Printed Signature Print: a lovely gift for a true fan. Printed in North Yorkshire. A great gift idea. Add it to your basket today.
vladimir-ducasse-1-signed-autographed-nfl-star-print,Vladimir Ducasse NFL Printed Signature Print Design 1,Vladimir Ducasse Printed Signature Print: a striking piece for a fan's wall. A printed reproduction: the signature is part of the print. Treat them today.
vladimir-ducasse-2-american-footballer-signed-by-autographed-poster-print,Vladimir Ducasse NFL Printed Signature Print Design 2,Vladimir Ducasse Printed Signature Print: a striking piece for a fan's wall. Printed in North Yorkshire. A great gift idea. Treat them today.
vladimir-ducasse-2-signed-autographed-nfl-star-print,Vladimir Ducasse NFL Printed Signature Print Design 4,Vladimir Ducasse Printed Signature Print: a lovely gift for a true fan. The signature is printed in the design. Order now and make their day.
vladimir-krutov-2-ice-hockey-autographed-poster-print-photo-signature-gift,Vladimir Krutov Ice Hockey Printed Signature Print Design 2,Vladimir Krutov Ice Hockey Printed Signature Print: a lovely gift for a true fan. Printed in North Yorkshire. A great gift idea. Order yours today.
vladimir-krutov-ice-hockey-autographed-poster-print-photo-signature-gift,Vladimir Krutov Ice Hockey Printed Signature Print,Vladimir Krutov Ice Hockey Printed Signature Print: a great gift for any fan. Printed in North Yorkshire. A great gift idea. Treat them today.
vladimir-tarasenko-2-ice-hockey-autographed-poster-print-photo-signature-gift,Vladimir Tarasenko Ice Hockey Signature Print Design 2,Vladimir Tarasenko Ice Hockey Printed Signature Print: a great gift for any fan. The signature is printed in the design. Add it to your basket today.
vladimir-tarasenko-ice-hockey-autographed-poster-print-photo-signature-gift,Vladimir Tarasenko Ice Hockey Printed Signature Print,Vladimir Tarasenko Ice Hockey Printed Signature Print: a lovely gift for a true fan. Printed to order in our North Yorkshire workshop. Order today.
vladislav-tretiak-2-ice-hockey-autographed-poster-print-photo-signature-gift,Vladislav Tretiak Ice Hockey Signature Print Design 2,Vladislav Tretiak Ice Hockey Printed Signature Print: a great gift for any fan. A printed reproduction: the signature is part of the print. Order today.
vladislav-tretiak-ice-hockey-autographed-poster-print-photo-signature-gift,Vladislav Tretiak Ice Hockey Printed Signature Print,Vladislav Tretiak Ice Hockey Printed Signature Print: a lovely gift for a true fan. Printed to order in our North Yorkshire workshop. Order yours today.
vmu-eu,Vmu Retro Dreamcast Fridge Magnet | Foxy Printing,A nostalgic retro gaming fridge magnet for gamers of all ages. Made to order in our North Yorkshire workshop. A great gift idea. Treat them today.
vmu-eu-sega-dreamcast-game-keyring,Vmu Retro Dreamcast Keyring | Foxy Printing,Keep your keys retro with this retro gaming keyring. Printed in-house in North Yorkshire in full colour. A great gift idea. Order yours today.
vodka-induced-bliss-drinks-coaster,Vodka-Induced Bliss Drinks Coaster | Foxy Printing,"Vodka-Induced Bliss Drinks Coaster: a fun little gift for the home or office. Printed in-house in North Yorkshire, UK. Order now and make their day."
vodka-slut-girl-drinks-coaster,Vodka S*** Drinks Coaster Girl | Foxy Printing,"This tongue-in-cheek drinks coaster is a gift for friends who like a laugh. Printed in-house in North Yorkshire, UK. Add it to your basket today."
vodka-slut-guy-drinks-coaster,Vodka S*** Drinks Coaster | Foxy Printing,A naughty-but-nice drinks coaster for adults with a sense of humour. Custom designs are available on request. Made in North Yorkshire. Order today.
vodka-sponge-drinks-coaster,Vodka Sponge Drinks Coaster | Foxy Printing,Vodka Sponge Drinks Coaster: a fun little gift for the home or office. Custom designs are available on request. Order now and make their day.
vohue-williams-towie-2015-celebrity-face-mask,Vohue Williams Face Mask | Foxy Printing,"Vohue Williams Face Mask: a crowd-pleaser for fancy dress and nights out. A4 size on 350gsm card, with eye holes cut and elastic included. Order today."
volibear-runeguard-personalised-birthday-card-sa060917,Personalised Volibear Runeguard Birthday Card,"Send a smile with this personalised birthday card. Add a name, age and a message inside before you order. Folded to A5 on 350gsm card. Treat them today."
volkan-oezdemir-2-mma-wrestling-signed-by-autographed-poster-print,Volkan Oezdemir MMA Wrestler UFC Signature Print Design 2,Volkan Oezdemir MMA Wrestler Printed Signature Print: a striking piece for a fan's wall. Printed to order in our North Yorkshire workshop. Order today.
volkan-oezdemir-2-signed-autographed-ufc-star-print,Volkan Oezdemir UFC Printed Signature Print Design 2,Volkan Oezdemir Printed Signature Print: a lovely gift for a true fan. A printed reproduction: the signature is part of the print. Order yours today.
volkan-oezdemir-mma-wrestling-signed-by-autographed-poster-print,Volkan Oezdemir MMA Wrestler UFC Printed Signature Print,Volkan Oezdemir MMA Wrestler Printed Signature Print: a lovely gift for a true fan. Printed to order in our North Yorkshire workshop. Order yours today.
volkan-oezdemir-signed-autographed-ufc-star-print,Volkan Oezdemir UFC Printed Signature Print | Foxy Printing,Volkan Oezdemir Printed Signature Print: a striking piece for a fan's wall. The signature is printed in the design. Add it to your basket today.
volker-bertelmann-golden-globes-2025-celebrity-face-masks-hollywood-themed-fancy-dress-party-accessories,Volker Bertelmann Golden Globes 2025 Celebrity Face Masks,Volker Bertelmann Golden Globes 2025 Celebrity Face Masks: a fun pick for birthdays and photo booths. 350gsm card with eye holes and elastic. Order today.
volkswagen-bumper-window-sticker,Volkswagen Novelty Vinyl Car Sticker | Foxy Printing,Brighten someone's day with this sticker. Made to order in our North Yorkshire workshop. Custom designs on request. Order now and make their day.
volleyball-retro-nes-gaming-fridge-magnet-612,Volleyball Retro NES Fridge Magnet | Foxy Printing,This retro gaming fridge magnet is a fun gift for any retro gamer. Printed in North Yorkshire. A great gift idea. Add it to your basket today.
volleyball-retro-nes-gaming-keyring,Vice Project Doom Retro NES Keyring | Foxy Printing,A nostalgic retro gaming keyring for retro gaming fans. Made to order in our North Yorkshire workshop. A great gift idea. Order now and make their day.
voltage-fighter-gowcaizer-neo-geo-cd-retro-gaming-keyring,Voltage Fighter Gowcaizer CD Retro Neo Geo Keyring,A nostalgic retro gaming keyring for retro gaming fans. Printed in-house in North Yorkshire in full colour. A great gift idea. Order yours today.
voltage-fighter-gowcaizer-neo-geo-cd-retro-gaming-magnet,Voltage Fighter Gowcaizer Cd Retro Neo Geo Fridge Magnet,Bring back the classics with this retro gaming fridge magnet. Printed in-house in North Yorkshire in full colour. Order now and make their day.
voltron-1-kidshows-birthday-card-sa,Personalised Voltron Birthday Card | Foxy Printing,"A personalised birthday card they'll want to keep. Add their name, age and your own message inside. Posted 1st Class with a free envelope. Order today."
voltron-2-shiro-kidshows-birthday-card-sa,Personalised Voltron 2 Shiro Birthday Card | Foxy Printing,This personalised birthday card is a lovely way to mark their big day. Dispatched the same or next working day. Order now and make their day.
voltron-3-keith-kidshows-birthday-card-sa,Personalised Voltron 3 Keith Birthday Card | Foxy Printing,This personalised birthday card is a lovely way to mark their big day. Posted 1st Class with a free envelope. Folded to A5 on 350gsm card. Order today.
voltron-4-lance-kidshows-birthday-card-sa,Personalised Voltron 4 Lance Birthday Card | Foxy Printing,"Our personalised birthday card is made to make someone feel special. Personalise it with a name, age and message. Folded to A5 on 350gsm card. Order today."
voltron-5-hunk-kidshows-birthday-card-sa,Personalised Voltron 5 Hunk Birthday Card | Foxy Printing,"A personalised birthday card they'll want to keep. Personalise it with a name, age and message. Thick 350gsm card with a free envelope. Order today."
voltron-6-pidge-kidshows-birthday-card-sa,Personalised Voltron 6 Pidge Birthday Card | Foxy Printing,"A personalised birthday card they'll want to keep. Add their name, age and your own message inside. Thick 350gsm card with a free envelope. Order today."
voltron-7-allura-kidshows-birthday-card-sa,Personalised Voltron 7 Allura Birthday Card | Foxy Printing,"Send a smile with this personalised birthday card. Add a name, age and a message inside before you order. Folded to A5 on 350gsm card. Order yours today."
voltron-8-zarkon-kidshows-birthday-card-sa,Personalised Voltron 8 Zarkon Birthday Card | Foxy Printing,"A personalised birthday card they'll want to keep. Add their name, age and your own message inside. Posted 1st Class with a free envelope. Order today."
voltron-9-sendak-kidshows-birthday-card-sa,Personalised Voltron 9 Sendak Birthday Card | Foxy Printing,"A personalised birthday card they'll want to keep. Add a name, age and a message inside before you order. Folded to A5 on 350gsm card. Treat them today."
von-miller-2-american-footballer-signed-by-autographed-poster-print,Von Miller NFL Printed Signature Print Design 2,"Von Miller Printed Signature Print: a great gift for any fan. The signature is printed as part of the design, not added by hand. Order today."
von-miller-2-signed-autographed-nfl-star-print,Von Miller NFL Printed Signature Print Design 4,"Von Miller Printed Signature Print: a great gift for any fan. The signature is printed as part of the design, not added by hand. Order yours today."
von-miller-american-footballer-signed-by-autographed-poster-print,Von Miller NFL Printed Signature Print | Foxy Printing,Von Miller Printed Signature Print: a striking piece for a fan's wall. The signature is printed in the design. Order now and make their day.
von-miller-peyton-manning-1-american-footballer-signed-by-autographed-poster-print,Von Miller Peyton Manning NFL Printed Signature Print,Von Miller Peyton Manning Printed Signature Print: a lovely gift for a true fan. Printed in North Yorkshire. A great gift idea. Order yours today.
von-miller-peyton-manning-1-signed-autographed-nfl-star-print,Von Miller Peyton Manning NFL Signature Print Design 1,Von Miller Peyton Manning Printed Signature Print: a lovely gift for a true fan. A printed reproduction: the signature is part of the print. Order today.
von-miller-peyton-manning-2-american-footballer-signed-by-autographed-poster-print,Von Miller Peyton Manning NFL Signature Print Design 2,Von Miller Peyton Manning Printed Signature Print: a great gift for any fan. Printed in North Yorkshire. A great gift idea. Order yours today.
von-miller-peyton-manning-2-signed-autographed-nfl-star-print,Von Miller Peyton Manning NFL Signature Print Design 4,Von Miller Peyton Manning Printed Signature Print: a lovely gift for a true fan. A printed reproduction: the signature is part of the print. Order today.
von-miller-signed-autographed-nfl-star-print,Von Miller NFL Printed Signature Print Design 3,Von Miller Printed Signature Print: a lovely gift for a true fan. The signature is printed in the design. Made in North Yorkshire. Treat them today.
vontae-davis-1-american-footballer-signed-by-autographed-poster-print,Vontae Davis NFL Printed Signature Print | Foxy Printing,"Vontae Davis Printed Signature Print: a great gift for any fan. The signature is printed as part of the design, not added by hand. Order yours today."
vontae-davis-1-signed-autographed-nfl-star-print,Vontae Davis NFL Printed Signature Print Design 1,Vontae Davis Printed Signature Print: a striking piece for a fan's wall. Printed in North Yorkshire. A great gift idea. Add it to your basket today.
vontae-davis-2-american-footballer-signed-by-autographed-poster-print,Vontae Davis NFL Printed Signature Print Design 2,"Vontae Davis Printed Signature Print: a great gift for any fan. The signature is printed as part of the design, not added by hand. Order yours today."
vontae-davis-2-signed-autographed-nfl-star-print,Vontae Davis NFL Printed Signature Print Design 4,"Vontae Davis Printed Signature Print: a lovely gift for a true fan. The signature is printed as part of the design, not added by hand. Treat them today."
vontaze-burfict-2-american-footballer-signed-by-autographed-poster-print,Vontaze Burfict NFL Printed Signature Print Design 2,Vontaze Burfict Printed Signature Print: a striking piece for a fan's wall. Printed to order in our North Yorkshire workshop. Add it to your basket today.
vontaze-burfict-2-signed-autographed-nfl-star-print,Vontaze Burfict NFL Printed Signature Print Design 4,Vontaze Burfict Printed Signature Print: a striking piece for a fan's wall. Printed in North Yorkshire. A great gift idea. Order yours today.
vontaze-burfict-american-footballer-signed-by-autographed-poster-print,Vontaze Burfict NFL Printed Signature Print | Foxy Printing,"Vontaze Burfict Printed Signature Print: a great gift for any fan. The signature is printed as part of the design, not added by hand. Order yours today."
vontaze-burfict-signed-autographed-nfl-star-print,Vontaze Burfict NFL Printed Signature Print Design 3,Vontaze Burfict Printed Signature Print: a great gift for any fan. Printed in North Yorkshire. A great gift idea. Add it to your basket today.
vortex-gaming-t-shirt,VorteX – Gaming T-Shirt | Foxy Printing,VorteX Gaming T-Shirt: a great gift that's made to order. Custom designs are available on request. Made to order in North Yorkshire. Order today.
vortex-replacement-snes-game-case-or-cover,Vortex SNES Replacement Case | Foxy Printing,This replacement game case is a neat way to rehouse a loose cartridge or disc. Printed in North Yorkshire. No game included. Add it to your basket today.
vortex-retro-gaming-keyring,Vortex Retro SNES Keyring | Foxy Printing,A nostalgic retro gaming keyring for retro gaming fans. Made to order in our North Yorkshire workshop. A great gift idea. Order yours today.
vortex-retro-gaming-magnet,Vortex Retro SNES Fridge Magnet | Foxy Printing,This retro gaming fridge magnet is a fun gift for any retro gamer. Made to order in our North Yorkshire workshop. Add it to your basket today.
vossen-blue-lexus-personalised-birthday-card,Personalised Vossen Blue Lexus Funny Birthday Card,"This personalised birthday card is a lovely way to mark their big day. Printed on thick 350gsm card, folded to A5, with a free white envelope. Order today."
vrally2championshipedition-eu-ps1-playstation-1-game-keyring,Vrally 2 Championship Edition Retro PS1 Fridge Magnet,A nostalgic retro gaming fridge magnet for gamers of all ages. Made to order in our North Yorkshire workshop. A great gift idea. Treat them today.
vrally3_eu,V Rally 3 Video Retro GameCube Fridge Magnet | Foxy Printing,A nostalgic retro gaming fridge magnet for gamers of all ages. Printed in-house in North Yorkshire in full colour. Order now and make their day.
vulture-and-spiderman-homecoming-movie-birthday-card-sa,Personalised Vulture and Spiderman Homecoming Birthday Card,This personalised birthday card is a lovely way to mark their big day. Sent 1st Class in a board-backed envelope so it arrives flat. Order yours today.
vulture-and-spiderman-homecoming-movie-personalised-birthday-card-sa060917,Personalised Vulture and Spiderman Homecoming Card Movie,"A personalised birthday card they'll want to keep. Add a name, age and a message inside before you order. Folded to A5 on 350gsm card. Treat them today."
vulture-spiderman-homecoming-movie-birthday-card-sa,Personalised Vulture Spiderman Homecoming Birthday Card,This personalised birthday card is a lovely way to mark their big day. Thick 350gsm card with a free envelope. Order now and make their day.
vurnon-anita-1-football-player-signed-by-autographed-poster-print,Vurnon Anita Printed Signature Print | Foxy Printing,Vurnon Anita Printed Signature Print: a great gift for any fan. Printed to order in our North Yorkshire workshop. Add it to your basket today.
vurnon-anita-1-signed-autographed-footballers-star-print,Vurnon Anita Printed Signature Print Design 1,Vurnon Anita Printed Signature Print: a lovely gift for a true fan. The signature is printed in the design. Made in North Yorkshire. Order yours today.
vurnon-anita-2-football-player-signed-by-autographed-poster-print,Vurnon Anita Printed Signature Print Design 2,Vurnon Anita Printed Signature Print: a striking piece for a fan's wall. A printed reproduction: the signature is part of the print. Treat them today.
vurnon-anita-2-signed-autographed-footballers-star-print,Vurnon Anita Printed Signature Print Design 4,Vurnon Anita Printed Signature Print: a lovely gift for a true fan. The signature is printed in the design. Made in North Yorkshire. Order yours today.
vw-dope-bumper-window-sticker,VW Dope Novelty Vinyl Car Sticker | Foxy Printing,Treat someone special to this sticker. Made to order in our North Yorkshire workshop. Custom designs on request. Add it to your basket today.
vw-performance-bumper-window-sticker,VW Performance Novelty Vinyl Car Sticker | Foxy Printing,Brighten someone's day with this sticker. Custom designs are available on request. Made to order in North Yorkshire. Add it to your basket today.
vw7-personalised-birthday-card-sa060917,Personalised Vw7 Birthday Card | Foxy Printing,"A personalised birthday card they'll want to keep. Add a name, age and a message inside before you order. Folded to A5 on 350gsm card. Order yours today."
w-g-grace-2-cricket-signed-by-autographed-poster-print,W G Grace Cricket Printed Signature Print Design 2,"W G Grace Printed Signature Print: a lovely gift for a true fan. The signature is printed as part of the design, not added by hand. Order today."
w-g-grace-2-signed-autographed-cricket-star-print,W G Grace Cricket Printed Signature Print Design 4,W G Grace Printed Signature Print: a striking piece for a fan's wall. The signature is printed in the design. Made in North Yorkshire. Treat them today.
w-g-grace-cricket-signed-by-autographed-poster-print,W G Grace Cricket Printed Signature Print | Foxy Printing,W G Grace Printed Signature Print: a lovely gift for a true fan. The signature is printed in the design. A great gift idea. Order now and make their day.
w-g-grace-signed-autographed-cricket-star-print,W G Grace Cricket Printed Signature Print Design 3,W G Grace Printed Signature Print: a striking piece for a fan's wall. Printed in North Yorkshire. A great gift idea. Add it to your basket today.
w-magazine-2017-movie-birthday-card-sa,Personalised W Magazine 2017 Birthday Card | Foxy Printing,"A personalised birthday card they'll want to keep. Personalise it with a name, age and message. Thick 350gsm card with a free envelope. Treat them today."
wacky-races-retro-nes-gaming-fridge-magnet-613,Wacky Races Retro NES Fridge Magnet | Foxy Printing,Add some retro fun to the fridge with this retro gaming fridge magnet. Printed in-house in North Yorkshire in full colour. Add it to your basket today.
wacky-races-retro-nes-gaming-keyring,Volleyball Retro NES Keyring | Foxy Printing,Carry a classic with you on this retro gaming keyring. Printed in-house in North Yorkshire in full colour. A great gift idea. Add it to your basket today.
wackyraces,Wacky Races Retro Dreamcast Fridge Magnet | Foxy Printing,Bring back the classics with this retro gaming fridge magnet. Made to order in our North Yorkshire workshop. A great gift idea. Treat them today.
wackyraces-sega-dreamcast-game-keyring,Wackyraces Retro Dreamcast Keyring | Foxy Printing,This retro gaming keyring is a fun little gift for any gamer. Made to order in our North Yorkshire workshop. A great gift idea. Order today.
wade-barrett-m1103-wrestling-autographed-poster-print-photo-signature-gift,Wade Barrett Wrestling Printed Signature Print,Wade Barrett Wrestling Printed Signature Print: a striking piece for a fan's wall. Printed in North Yorkshire. Order now and make their day.
wade-barrett-m1104-wrestling-autographed-poster-print-photo-signature-gift,Wade Barrett Wrestling Printed Signature Print Design 2,Wade Barrett Wrestling Printed Signature Print: a great gift for any fan. A printed reproduction: the signature is part of the print. Order yours today.
wade-boggs-copy-2-baseball-player-autographed-poster-print-photo-signature-gift,Wade Boggs Baseball Printed Signature Print Design 2,Wade Boggs Baseball Printed Signature Print: a striking piece for a fan's wall. A printed reproduction: the signature is part of the print. Order today.
wade-boggs-copy-baseball-player-autographed-poster-print-photo-signature-gift,Wade Boggs Baseball Printed Signature Print | Foxy Printing,Wade Boggs Baseball Printed Signature Print: a great gift for any fan. A printed reproduction: the signature is part of the print. Treat them today.
wade-printed-mug,Personalised Wade Mug | Foxy Printing,Personalised Wade Mug: a smile with every cuppa. Personalise it with a name before you order. Dishwasher and microwave safe. Order yours today.
waffle-the-wonder-dog-childrens-birthday-banner-thick,Waffle the Wonder Dog Children's Birthday Banner Thick,Waffle the Wonder Dog Children's Birthday Banner Thick: a fun finishing touch for any celebration. Made to order in North Yorkshire. Treat them today.
waffle-the-wonder-dog-childrens-birthday-banner-thin,Waffle the Wonder Dog Children's Birthday Banner Thin,Waffle the Wonder Dog Children's Birthday Banner Thin: a fun finishing touch for any celebration. Made to order in North Yorkshire. Treat them today.
wagner-moura-narcos-celebrity-face-mask-fancy-dress-cardboard-costume-mask,Wagner Moura Narcos Face Mask | Foxy Printing,"Get the party started with a Wagner Moura Narcos face mask. Full-colour print on 350gsm card, cut to shape with elastic. Great for a wedding photo booth."
wahab-riaz-2-cricket-signed-by-autographed-poster-print,Wahab Riaz Cricket Printed Signature Print Design 2,"Wahab Riaz Printed Signature Print: a lovely gift for a true fan. The signature is printed as part of the design, not added by hand. Treat them today."
wahab-riaz-2-signed-autographed-cricket-star-print,Wahab Riaz Cricket Printed Signature Print Design 4,Wahab Riaz Printed Signature Print: a lovely gift for a true fan. The signature is printed in the design. Made in North Yorkshire. Order yours today.
wahab-riaz-cricket-signed-by-autographed-poster-print,Wahab Riaz Cricket Printed Signature Print | Foxy Printing,Wahab Riaz Printed Signature Print: a great gift for any fan. The signature is printed in the design. Made in North Yorkshire. Order yours today.
wahab-riaz-signed-autographed-cricket-star-print,Wahab Riaz Cricket Printed Signature Print Design 3,Wahab Riaz Printed Signature Print: a lovely gift for a true fan. Printed to order in our North Yorkshire workshop. Order now and make their day.
wait-pause-bumper-window-sticker,Wait Pause Novelty Vinyl Car Sticker | Foxy Printing,Wait Pause Novelty Vinyl Car Sticker: a quick way to add some personality. Custom designs on request. Made in North Yorkshire. Add it to your basket today.
wake-up-rules-drinks-coaster,Wake Up Rules Drinks Coaster | Foxy Printing,Wake Up Rules Drinks Coaster: a fun little gift for the home or office. Made to order in our North Yorkshire workshop. Add it to your basket today.
wakefield-1989-personalised-rugby-bath-towel,Wakefield 1989 Personalised Rugby Bath Towel | Foxy Printing,Wakefield 1989 Personalised Rugby Bath Towel: a handy gift for holidays and the gym. Add a name to make it theirs. Custom designs on request. Order today.
wakefield-1992-personalised-rugby-bath-towel,Wakefield 1992 Personalised Rugby Bath Towel | Foxy Printing,Wakefield 1992 Personalised Rugby Bath Towel: a handy gift for holidays and the gym. Add a name to make it theirs. Custom designs on request. Order today.
wakeup-printed-mug,Personalised Wakeup Mug | Foxy Printing,"Personalised Wakeup Mug: a smile with every cuppa. Personalise it with a name before you order. 11oz ceramic, dishwasher safe. Treat them today."
waking-up-personalised-birthday-card,Personalised Waking Up Adult Birthday Card | Foxy Printing,"Our personalised birthday card is made to make someone feel special. Personalise it with a name, age and message. Folded to A5 on 350gsm card. Order today."
walder-printed-mug,Personalised Walder Mug | Foxy Printing,Personalised Walder Mug: a cheerful gift for home or the office. Add any name to make it unique. Dishwasher and microwave safe. Order yours today.
wales-euro-2021-celebrity-face-mask-pack-bale-ramsey-davies-free-allen,Wales Euro 2021 Celebrity Pack Bale Face Mask,Wales Euro 2021 Celebrity Pack Bale Face Mask: guaranteed laughs at any party. Cut to shape with eye holes. Made in North Yorkshire. Treat them today.
wales-flag-fully-customisable-dcd-trerrace-flags,Wales Flag – Fully Customisable Dcd Trerrace Flags,Wales Flag Fully Customisable Dcd Trerrace Flags: a fun gift for someone special. Add a name to make it theirs. Custom designs on request. Order today.
wales-football-team-mug-personalised-birthday-age-and-name,Wales Football Team – Personalised Birthday Age and Name Mug,"Wales Football Team Personalised Birthday Age and Name Mug: a smile with every cuppa. Sublimation printed, so the design is part of the glaze. Order today."
wales-rugby-2012-grand-slam-squad-1-rugby-signed-by-autographed-poster-print,Wales Rugby 2012 Grand Slam Squad Printed Signature Print,Wales Rugby 2012 Grand Slam Squad Printed Signature Print: a lovely gift for a true fan. Printed to order in our North Yorkshire workshop. Order today.
wales-rugby-2012-grand-slam-squad-1-signed-autographed-rugby-star-print,Wales Rugby 2012 Grand Slam Squad Signature Print Design 3,Wales Rugby 2012 Grand Slam Squad Printed Signature Print: a striking piece for a fan's wall. The signature is printed in the design. Treat them today.
wales-rugby-2012-grand-slam-squad-2-rugby-signed-by-autographed-poster-print,Wales Rugby 2012 Grand Slam Squad Signature Print Design 2,Wales Rugby 2012 Grand Slam Squad Printed Signature Print: a great gift for any fan. Printed to order in our North Yorkshire workshop. Order yours today.
wales-rugby-2012-grand-slam-squad-2-signed-autographed-rugby-star-print,Wales Rugby 2012 Grand Slam Squad Signature Print Design 4,Wales Rugby 2012 Grand Slam Squad Printed Signature Print: a striking piece for a fan's wall. The signature is printed in the design. Treat them today.
wales-rugby-face-mask-pack-six-nations-wales-player-coach-celebrity-card-mask-for-fancy-dress-sports-fans-match-days-six-nations-events-parties-stag-hen-nights-adult-costume-mask,Wales Rugby Pack Face Mask | Foxy Printing,"Wales Rugby Pack Face Mask: a fun pick for birthdays and photo booths. Printed on 350gsm silk card, cut to shape with eye holes and elastic. Order today."
walker-printed-mug,Personalised Walker Mug | Foxy Printing,"Personalised Walker Mug: a smile with every cuppa. Add any name to make it unique. Sublimation printed, so the design is part of the glaze. Order today."
walking-dead-2-birthday-card,Walking Dead Birthday Card 2 | Foxy Printing,This printed card is a lovely way to mark their big day. It's printed on 350gsm silk art board and comes with a white envelope. Order yours today.
walking-dead-birthday-card,Walking Dead Birthday Card | Foxy Printing,This printed card is a lovely way to mark their big day. Posted 1st Class with a free envelope. Made in North Yorkshire. Order now and make their day.
walking-dead-bm1-personalised-birthday-card,Personalised Walking Dead Bm1 Funny Birthday Card,"Make their day with this personalised birthday card. Add a name, age and a message inside before you order. Folded to A5 on 350gsm card. Order yours today."
walking-dead-personalised-birthday-card,Personalised Walking Dead Adult Birthday Card,"A personalised birthday card they'll want to keep. Add their name, age and your own message inside. Posted 1st Class with a free envelope. Order today."
wall-street-kid-retro-nes-gaming-fridge-magnet-614,Wall Street Kid Retro NES Fridge Magnet | Foxy Printing,This retro gaming fridge magnet is a fun gift for any retro gamer. Made to order in our North Yorkshire workshop. Add it to your basket today.
wall-street-kid-retro-nes-gaming-keyring,Wacky Races Retro NES Keyring | Foxy Printing,This retro gaming keyring is a fun little gift for any gamer. Made to order in our North Yorkshire workshop. A great gift idea. Order yours today.
wallace-printed-mug,Personalised Wallace Mug | Foxy Printing,Personalised Wallace Mug: a mug that brightens every brew. Personalise it with a name before you order. Dishwasher and microwave safe. Order yours today.
wallsall-signs-for-football-mug-personalised-birthday-age-and-name,Personalised Signs for Wallsall Football Birthday Mug,"Personalised Signs for Wallsall Football Birthday Mug: a cheerful gift for home or the office. 11oz ceramic, dishwasher safe. Add it to your basket today."
wally-printed-mug,Personalised Wally Mug | Foxy Printing,"Personalised Wally Mug: a smile with every cuppa. Add any name to make it unique. Sublimation printed, so the design is part of the glaze. Order today."
walsall-football-club-gift-the-saddlers-tiny-men-big-balls-poster,Walsall Football Club Gift – The Saddlers Poster,This poster print makes a thoughtful gift. Printed to order in our North Yorkshire workshop. A great gift idea. Add it to your basket today.
walsall-football-team-mug-personalised-birthday-age-and-name,Walsall Football Team Personalised Mug | Foxy Printing,"This printed mug makes a fun gift for any tea or coffee lover. Add their name to make it their own. 11oz ceramic, dishwasher safe. Order yours today."
walt-bellamy-m130-basketball-player-autographed-poster-print-photo-signature-gift,Walt Bellamy Basketball Printed Signature Print,Walt Bellamy Basketball Printed Signature Print: a striking piece for a fan's wall. The signature is printed in the design. Treat them today.
walt-bellamy-m131-basketball-player-autographed-poster-print-photo-signature-gift,Walt Bellamy Basketball Printed Signature Print Design 2,Walt Bellamy Basketball Printed Signature Print: a lovely gift for a true fan. A printed reproduction: the signature is part of the print. Order today.
walt-frazier-m132-basketball-player-autographed-poster-print-photo-signature-gift,Walt Frazier Basketball Printed Signature Print,Walt Frazier Basketball Printed Signature Print: a lovely gift for a true fan. A printed reproduction: the signature is part of the print. Order today.
walt-frazier-m133-basketball-player-autographed-poster-print-photo-signature-gift,Walt Frazier Basketball Printed Signature Print Design 2,Walt Frazier Basketball Printed Signature Print: a lovely gift for a true fan. A printed reproduction: the signature is part of the print. Order today.
walt-hazzard-m134-basketball-player-autographed-poster-print-photo-signature-gift,Walt Hazzard Basketball Printed Signature Print,Walt Hazzard Basketball Printed Signature Print: a striking piece for a fan's wall. Printed in North Yorkshire. Add it to your basket today.
walt-hazzard-m135-basketball-player-autographed-poster-print-photo-signature-gift,Walt Hazzard Basketball Printed Signature Print Design 2,Walt Hazzard Basketball Printed Signature Print: a great gift for any fan. Printed to order in our North Yorkshire workshop. Order now and make their day.
waltdisneyworldquestmagicalracingtour-sega-dreamcast-game-keyring,Retro Dreamcast Keyring,Keep your keys retro with this retro gaming keyring. Made to order in our North Yorkshire workshop. A great gift idea. Add it to your basket today.
walter-davis-m136-basketball-player-autographed-poster-print-photo-signature-gift,Walter Davis Basketball Printed Signature Print,Walter Davis Basketball Printed Signature Print: a striking piece for a fan's wall. Printed to order in our North Yorkshire workshop. Order yours today.
walter-davis-m137-basketball-player-autographed-poster-print-photo-signature-gift,Walter Davis Basketball Printed Signature Print Design 2,Walter Davis Basketball Printed Signature Print: a great gift for any fan. Printed to order in our North Yorkshire workshop. Treat them today.
walter-johnson-copy-2-baseball-player-autographed-poster-print-photo-signature-gift,Walter Johnson Baseball Printed Signature Print Design 2,Walter Johnson Baseball Printed Signature Print: a striking piece for a fan's wall. Printed to order in our North Yorkshire workshop. Treat them today.
walter-johnson-copy-baseball-player-autographed-poster-print-photo-signature-gift,Walter Johnson Baseball Printed Signature Print,"Walter Johnson Baseball Printed Signature Print: a great gift for any fan. The signature is printed as part of the design, not added by hand. Order today."
walter-junior-breaking-bad-tv-stars-2015-celebrity-face-mask,Walter Junior Face Mask | Foxy Printing,Walter Junior Face Mask: guaranteed laughs at any party. Posted in a board-backed envelope so it arrives flat. Order now and make their day.
walter-printed-mug,Personalised Walter Mug | Foxy Printing,Personalised Walter Mug: a mug that brightens every brew. Personalise it with a name before you order. Dishwasher and microwave safe. Order yours today.
walter-swinburn-2-horse-racing-signed-by-autographed-poster-print,Walter Swinburn Horse Racer Printed Signature Print Design 2,Walter Swinburn Horse Racer Printed Signature Print: a great gift for any fan. Printed in North Yorkshire. A great gift idea. Treat them today.
walter-swinburn-2-signed-autographed-horse-racing-star-print,Walter Swinburn Printed Signature Print Design 2,"Walter Swinburn Printed Signature Print: a striking piece for a fan's wall. The signature is printed as part of the design, not added by hand. Order today."
walter-swinburn-horse-racing-signed-by-autographed-poster-print,Walter Swinburn Horse Racer Printed Signature Print,Walter Swinburn Horse Racer Printed Signature Print: a lovely gift for a true fan. Printed in North Yorkshire. Order now and make their day.
walter-swinburn-signed-autographed-horse-racing-star-print,Walter Swinburn Printed Signature Print | Foxy Printing,"Walter Swinburn Printed Signature Print: a great gift for any fan. The signature is printed as part of the design, not added by hand. Order today."
walton-goggins-fallout-celebrity-face-mask-fancy-dress-cardboard-costume-mask,Walton Goggins Face Mask | Foxy Printing,Fancy dress made easy: a Walton Goggins face mask on thick card with eye holes and elastic. Perfect for a telly-night quiz and photo booths.
walton-printed-mug,Personalised Walton Mug | Foxy Printing,Personalised Walton Mug: a fun gift for any tea or coffee lover. Add any name to make it unique. Dishwasher and microwave safe. Order yours today.
waluigi-1-super-mario-personalised-birthday-card-sa060917,Personalised Waluigi 1 Super Mario Birthday Card,"Send a smile with this personalised birthday card. Personalise it with a name, age and message. Posted 1st Class with a free envelope. Order today."
waluigi-2-super-mario-personalised-birthday-card-sa060917,Personalised Waluigi 2 Super Mario Birthday Card,"Send a smile with this personalised birthday card. Add a name, age and a message inside before you order. Folded to A5 on 350gsm card. Order today."
waniwani-world-jp-sega-megadrive-retro-gaming-magnet,Waniwani World Video Retro Mega Drive Fridge Magnet,This retro gaming fridge magnet is a fun gift for any retro gamer. Printed in-house in North Yorkshire in full colour. Order now and make their day.
wanker-personalised-birthday-card,Personalised W***er Adult Birthday Card | Foxy Printing,A naughty-but-nice personalised birthday card for adults with a sense of humour. Sent 1st Class in a board-backed envelope so it arrives flat. Order today.
war-for-the-planet-of-the-apes-1-movie-birthday-card-sa,Personalised War for the Planet of the Apes Birthday Card,"Our personalised birthday card is made to make someone feel special. Personalise it with a name, age and message. Folded to A5 on 350gsm card. Order today."
war-for-the-planet-of-the-apes-1-movie-personalised-birthday-card-sa060917,Personalised War for the Planet of the Apes Birthday Card 1,This personalised birthday card is a lovely way to mark their big day. It's printed on 350gsm silk art board and comes with a white envelope. Order today.
war-for-the-planet-of-the-apes-2-movie-birthday-card-sa,Personalised War for the Planet of the Apes Birthday Card 2,"Send a smile with this personalised birthday card. Add their name, age and your own message inside. Dispatched the same or next working day. Order today."
war-for-the-planet-of-the-apes-2-movie-personalised-birthday-card-sa060917,Personalised War for the Planet of the Apes Card Design 5,"A personalised birthday card they'll want to keep. Personalise it with a name, age and message. Thick 350gsm card with a free envelope. Treat them today."
war-for-the-planet-of-the-apes-movie-birthday-card-sa,Personalised War for the Planet of the Apes Card Movie,"Make their day with this personalised birthday card. Add their name, age and your own message inside. Posted 1st Class with a free envelope. Order today."
war-for-the-planet-of-the-apes-movie-personalised-birthday-card-sa060917,Personalised War for the Planet of the Apes Card Design 6,"Our personalised birthday card is made to make someone feel special. Personalise it with a name, age and message. Folded to A5 on 350gsm card. Order today."
war-lords-2-atari-2600-case-or-cover,War Lords 2 Atari 2600 Replacement Case | Foxy Printing,Tidy up your collection with this replacement game case. Printed in-house in North Yorkshire. No game included. Add it to your basket today.
war-machine-personalised-card,Personalised War Machine Funny Birthday Card | Foxy Printing,"A personalised birthday card they'll want to keep. Add their name, age and your own message inside. Thick 350gsm card with a free envelope. Order today."
war-of-nerves-oddesey-game-case-or-cover,War of Nerves Oddesey Odyssey 2 Replacement Case,Tidy up your collection with this replacement game case. It's a printed case or cover only; no game is included. Order now and make their day.
war-peace-2016-bm-personalised-birthday-card,Personalised War Peace 2016 Bm Funny Birthday Card,This personalised birthday card is a lovely way to mark their big day. Folded to A5 on 350gsm card. Dispatched the same or next working day. Order today.
war-peace-2016-movie-birthday-card-sa,Personalised War Peace 2016 Birthday Card | Foxy Printing,"Our personalised birthday card is made to make someone feel special. Personalise it with a name, age and message. Folded to A5 on 350gsm card. Order today."
war-song-sega-megadrive-retro-gaming-magnet,War Song Video Retro Mega Drive Fridge Magnet,Bring back the classics with this retro gaming fridge magnet. Printed in-house in North Yorkshire in full colour. Add it to your basket today.
warcraftii-2-ps1-playstation-1-game-keyring,Warcraft Ii 2 Retro PS1 Fridge Magnet | Foxy Printing,This retro gaming fridge magnet is a fun gift for any retro gamer. Printed in North Yorkshire. A great gift idea. Add it to your basket today.
wardell-printed-mug,Personalised Wardell Mug | Foxy Printing,"Personalised Wardell Mug: a cheerful gift for home or the office. Add their name to make it their own. 11oz ceramic, dishwasher safe. Order yours today."
wario-1-super-mario-personalised-birthday-card-sa060917,Personalised Wario 1 Super Mario Birthday Card,"A personalised birthday card they'll want to keep. Add a name, age and a message inside before you order. Folded to A5 on 350gsm card. Order today."
wario-2-super-mario-personalised-birthday-card-sa060917,Personalised Wario 2 Super Mario Birthday Card,"Send a smile with this personalised birthday card. Personalise it with a name, age and message. Thick 350gsm card with a free envelope. Order yours today."
wario-3-super-mario-personalised-birthday-card-sa060917,Personalised Wario 3 Super Mario Birthday Card,"This personalised birthday card is a lovely way to mark their big day. Posted Royal Mail 1st Class, dispatched the same or next working day. Order today."
wario-land-ii,Wario Land Ii Retro Game Boy Fridge Magnet | Foxy Printing,This retro gaming fridge magnet is a fun gift for any retro gamer. Printed in-house in North Yorkshire in full colour. Add it to your basket today.
wario-land-super-mario-land-3-2,Wario Land Super Mario Land 3 2 Retro Game Boy Fridge Magnet,Bring back the classics with this retro gaming fridge magnet. Printed in-house in North Yorkshire in full colour. Order now and make their day.
wario-land-super-mario-land-3-ds,Wario Land Retro Game Boy Fridge Magnet | Foxy Printing,A nostalgic retro gaming fridge magnet for gamers of all ages. Printed in-house in North Yorkshire in full colour. Add it to your basket today.
wario-land-super-mario-land-3-ds-retro-gaming-case,Wario Land Super Mario Land 3 DS Game Boy Replacement Case,Give your game a fresh look with this replacement game case. It's a printed case or cover only; no game is included. Add it to your basket today.
warioblast-retro-gaming-case,Wario Blast Game Boy Replacement Case | Foxy Printing,Give your game a fresh look with this replacement game case. It's a printed case or cover only; no game is included. Add it to your basket today.
warioland2,Warioland2 Retro Game Boy Fridge Magnet | Foxy Printing,Add some retro fun to the fridge with this retro gaming fridge magnet. Printed in-house in North Yorkshire in full colour. Order now and make their day.
warioland2-retro-gaming-case,Wario Land 2 Game Boy Replacement Case | Foxy Printing,Restore your shelf with this replacement game case. It's a printed case or cover only; no game is included. Printed in North Yorkshire. Order yours today.
warioland2-retro-gaming-magnet,Wario Land 2 Retro Game Boy Color Fridge Magnet,Bring back the classics with this retro gaming fridge magnet. Made to order in our North Yorkshire workshop. A great gift idea. Order yours today.
warioland3-retro-gaming-magnet,Wario Land 3 Retro Game Boy Color Fridge Magnet,A nostalgic retro gaming fridge magnet for gamers of all ages. Made to order in our North Yorkshire workshop. A great gift idea. Order today.
warioland3_au-retro-gaming-magnet,Wario Land 3 Retro Game Boy Color Fridge Magnet AU,This retro gaming fridge magnet is a fun gift for any retro gamer. Printed in North Yorkshire. A great gift idea. Add it to your basket today.
wariolandii-retro-gaming-case,Wario Land Ii Game Boy Replacement Case | Foxy Printing,Restore your shelf with this replacement game case. Printed in-house in North Yorkshire. No game included. A great gift idea. Add it to your basket today.
wariolandsupermarioland3-2-retro-gaming-case,Wario Land Super Mario Land 3 2 Game Boy Replacement Case,Restore your shelf with this replacement game case. Printed in-house in North Yorkshire. No game included. A great gift idea. Add it to your basket today.
wariolandsupermarioland3-retro-gaming-case,Wario Land Super Mario Land 3 Game Boy Replacement Case,Tidy up your collection with this replacement game case. Printed in-house in North Yorkshire. No game included. Order now and make their day.
warios-woods-replacement-snes-game-case-or-cover,Wario's Woods SNES Replacement Case | Foxy Printing,Restore your shelf with this replacement game case. Made to order in our North Yorkshire workshop; no game included. Order now and make their day.
warios-woods-retro-gaming-keyring,Wario's Woods Retro SNES Keyring | Foxy Printing,This retro gaming keyring is a fun little gift for any gamer. Printed in-house in North Yorkshire in full colour. Order now and make their day.
warios-woods-retro-gaming-magnet,Wario's Woods Retro SNES Fridge Magnet | Foxy Printing,This retro gaming fridge magnet is a fun gift for any retro gamer. Printed in North Yorkshire. A great gift idea. Add it to your basket today.
wariowareincmegapartygames,Wario Ware Inc Mega Party Games Retro GameCube Fridge Magnet,Bring back the classics with this retro gaming fridge magnet. Made to order in our North Yorkshire workshop. A great gift idea. Order yours today.
warioworld,Wario World Video Retro GameCube Fridge Magnet,This retro gaming fridge magnet is a fun gift for any retro gamer. Made to order in our North Yorkshire workshop. Order now and make their day.
warlock-destiny-2-game-birthday-card-sa,Warlock Destiny Birthday Card | Foxy Printing,Our printed card is made to make someone feel special. Sent 1st Class in a board-backed envelope so it arrives flat. Add it to your basket today.
warlock-destiny-2-game-personalised-birthday-card-sa060917,Personalised Warlock Destiny Birthday Card 2 | Foxy Printing,"A personalised birthday card they'll want to keep. Add a name, age and a message inside before you order. Folded to A5 on 350gsm card. Treat them today."
warlock-replacement-snes-game-case-or-cover,Warlock SNES Replacement Case | Foxy Printing,Restore your shelf with this replacement game case. It's a printed case or cover only; no game is included. Made in North Yorkshire. Treat them today.
warlock-retro-gaming-keyring,Warlock Retro SNES Keyring | Foxy Printing,A nostalgic retro gaming keyring for retro gaming fans. Printed in-house in North Yorkshire in full colour. A great gift idea. Order yours today.
warlock-retro-gaming-magnet,Warlock Retro SNES Fridge Magnet | Foxy Printing,A nostalgic retro gaming fridge magnet for gamers of all ages. Printed in-house in North Yorkshire in full colour. Order now and make their day.
warlocked-retro-gaming-magnet,Warlocked Retro Game Boy Color Fridge Magnet | Foxy Printing,Bring back the classics with this retro gaming fridge magnet. Printed in-house in North Yorkshire in full colour. Add it to your basket today.
warlords-2-retro-gaming-magnet,Warlords 2 Retro Atari 2600 Fridge Magnet | Foxy Printing,Add some retro fun to the fridge with this retro gaming fridge magnet. Printed in North Yorkshire. A great gift idea. Add it to your basket today.
warner-printed-mug,Personalised Warner Mug | Foxy Printing,Personalised Warner Mug: a mug that brightens every brew. Add any name to make it unique. Dishwasher and microwave safe. Order now and make their day.
warning-dont-check-out-my-daddy-personalised-baby-boy-girl-unisex-short-sleeve-bodysuit,Warning Don't Check Out My Daddy Personalised Baby Grow,Warning Don't Check Out My Daddy Personalised Baby Grow: a fun outfit for proud families. 100% cotton with nickel-free poppers. Order today.
warp-speed-sega-megadrive-retro-gaming-magnet,Warp Speed Video Retro Mega Drive Fridge Magnet,Bring back the classics with this retro gaming fridge magnet. Made to order in our North Yorkshire workshop. A great gift idea. Treat them today.
warpspeed-replacement-snes-game-case-or-cover,Warpspeed SNES Replacement Case | Foxy Printing,This replacement game case is a neat way to rehouse a loose cartridge or disc. It's a printed case or cover only; no game is included. Order yours today.
warpspeed-retro-gaming-keyring,Warpspeed Retro SNES Keyring | Foxy Printing,Carry a classic with you on this retro gaming keyring. Printed in-house in North Yorkshire in full colour. A great gift idea. Add it to your basket today.
warpspeed-retro-gaming-magnet,Warpspeed Retro SNES Fridge Magnet | Foxy Printing,Bring back the classics with this retro gaming fridge magnet. Made to order in our North Yorkshire workshop. A great gift idea. Order today.
warren-brown-celebrity-face-mask-fancy-dress-cardboard-costume-mask,Warren Brown Face Mask | Foxy Printing,Fancy dress made easy: a Warren Brown face mask on thick card with eye holes and elastic. Perfect for a wedding photo booth and photo booths.
warren-buffett-2-famous-businessmen-autographed-poster-print-photo-signature-gift,Warren Buffett Famous Businessmen Signature Print Design 2,Warren Buffett Famous Businessmen Printed Signature Print: a great gift for any fan. Printed to order in our North Yorkshire workshop. Order today.
warren-buffett-famous-businessmen-autographed-poster-print-photo-signature-gift,Warren Buffett Famous Businessmen Printed Signature Print,Warren Buffett Famous Businessmen Printed Signature Print: a great gift for any fan. Printed to order in our North Yorkshire workshop. Order today.
warren-gatland-1-rugby-signed-by-autographed-poster-print,Warren Gatland Rugby Printed Signature Print | Foxy Printing,Warren Gatland Printed Signature Print: a striking piece for a fan's wall. Printed in North Yorkshire. A great gift idea. Order yours today.
warren-gatland-1-signed-autographed-rugby-star-print,Warren Gatland Rugby Printed Signature Print Design 1,Warren Gatland Printed Signature Print: a great gift for any fan. Printed in North Yorkshire. A great gift idea. Order now and make their day.
warren-gatland-2-rugby-signed-by-autographed-poster-print,Warren Gatland Rugby Printed Signature Print Design 2,Warren Gatland Printed Signature Print: a lovely gift for a true fan. Printed in North Yorkshire. A great gift idea. Order now and make their day.
warren-gatland-2-signed-autographed-rugby-star-print,Warren Gatland Rugby Printed Signature Print Design 4,"Warren Gatland Printed Signature Print: a striking piece for a fan's wall. The signature is printed as part of the design, not added by hand. Order today."
warren-moon-1-american-footballer-signed-by-autographed-poster-print,Warren Moon NFL Printed Signature Print | Foxy Printing,Warren Moon Printed Signature Print: a lovely gift for a true fan. Printed to order in our North Yorkshire workshop. Add it to your basket today.
warren-moon-1-signed-autographed-nfl-star-print,Warren Moon NFL Printed Signature Print Design 1,"Warren Moon Printed Signature Print: a lovely gift for a true fan. The signature is printed as part of the design, not added by hand. Order yours today."
warren-moon-2-american-footballer-signed-by-autographed-poster-print,Warren Moon NFL Printed Signature Print Design 2,"Warren Moon Printed Signature Print: a great gift for any fan. The signature is printed as part of the design, not added by hand. Order today."
warren-moon-2-signed-autographed-nfl-star-print,Warren Moon NFL Printed Signature Print Design 4,"Warren Moon Printed Signature Print: a striking piece for a fan's wall. The signature is printed as part of the design, not added by hand. Order today."
warren-printed-mug,Personalised Warren Mug | Foxy Printing,Personalised Warren Mug: a fun gift for any tea or coffee lover. Add any name to make it unique. Dishwasher and microwave safe. Treat them today.
warren-weir-jb-athletics-fancy-dress-cardboard-celebrity-party-stag-birthday-idea-fancy-dress-face-mask,Warren Weir Face Mask | Foxy Printing,Fancy dress made easy: a Warren Weir face mask on thick card with eye holes and elastic. Perfect for a big-game watch party and photo booths.
warren-zaire-emery-football-celebrity-face-mask-fancy-dress-cardboard-costume-mask,Warren Zaire-Emery Face Mask | Foxy Printing,Warren Zaire-Emery card face mask for a stag do before the cup final. Printed on 350gsm silk card cut to shape with eye holes and elastic. Order yours.
warrington-1992-home-personalised-rugby-bath-towel,Warrington 1992 Home Personalised Rugby Bath Towel,Brighten someone's day with this printed towel. Add a name to make it theirs. Made to order in our North Yorkshire workshop. Order now and make their day.
warrington-1992-personalised-rugby-bath-towel,Warrington 1992 Personalised Rugby Bath Towel,Add a personal touch with this printed towel. Add the name or text you'd like. Custom designs are available on request. Order now and make their day.
warrington-1992-retro-rugby-lightweight-beach-gym-towel,West Brom 1984 Retro Football Beach Towel | Foxy Printing,"Treat someone special to this printed towel. Personalise it with your own name or text. Printed in-house in North Yorkshire, UK. Order yours today."
warrington-1992-retro-rugby-lightweight-beach-gym-towel-1,Warrington 1992 Retro Rugby Beach Towel | Foxy Printing,Add a personal touch with this printed towel. Add a name to make it theirs. Custom designs on request. Made in North Yorkshire. Order yours today.
warrior-fantasy-girl-game-birthday-card-sa,Warrior Fantasy Girl Birthday Card | Foxy Printing,Our printed card is made to make someone feel special. Folded to A5 on 350gsm card. Posted 1st Class with a free envelope. Order now and make their day.
warrior-fantasy-girl-game-personalised-birthday-card-sa060917,Personalised Warrior Fantasy Girl Birthday Card,"Make their day with this personalised birthday card. Personalise it with a name, age and message. Dispatched the same or next working day. Order today."
warrior-girl-red-game-birthday-card-sa,Warrior Girl Red Birthday Card | Foxy Printing,Make their day with this printed card. It's printed on 350gsm silk art board and comes with a white envelope. Made in North Yorkshire. Treat them today.
warrior-girl-red-game-personalised-birthday-card-sa060917,Personalised Warrior Girl Red Birthday Card | Foxy Printing,"A personalised birthday card they'll want to keep. Personalise it with a name, age and message. Thick 350gsm card with a free envelope. Treat them today."
warrior-the-huntsman-winters-war-movie-birthday-card-sa,Personalised Warrior the Huntsman Winters War Birthday Card,"Our personalised birthday card is made to make someone feel special. Personalise it with a name, age and message. Folded to A5 on 350gsm card. Order today."
wash-buckler-spyro-personalised-birthday-card-sa060917,Personalised Wash Buckler Spyro Birthday Card,"A personalised birthday card they'll want to keep. Add their name, age and your own message inside. Thick 350gsm card with a free envelope. Order today."
wash-your-hands-keep-your-social-distancing-at-1m-3ft-social-distancing-floor-stickers,Wash Your Hands & Keep Your Social Distancing at 1m Stickers,Wash Your Hands & Keep Your Social Distancing at 1m Stickers: a quick way to add some personality. Made to order in North Yorkshire. Order today.
washed-for-you-personalised-birthday-card,Personalised Washed for You Adult Birthday Card,"A personalised birthday card they'll want to keep. Personalise it with a name, age and message. Thick 350gsm card with a free envelope. Order yours today."
watch-dogs-2a-game-birthday-card-sa,Watch Dogs 2a Birthday Card | Foxy Printing,This printed card is a lovely way to mark their big day. Sent 1st Class in a board-backed envelope so it arrives flat. Add it to your basket today.
watch-dogs-2a-game-personalised-birthday-card-sa060917,Personalised Watch Dogs 2a Birthday Card | Foxy Printing,"Send a smile with this personalised birthday card. Add their name, age and your own message inside. Dispatched the same or next working day. Order today."
watch-dogs-2b-game-birthday-card-sa,Watch Dogs 2b Birthday Card | Foxy Printing,"Make their day with this printed card. Printed on thick 350gsm card, folded to A5, with a free white envelope. Order now and make their day."
watch-dogs-2b-game-personalised-birthday-card-sa060917,Personalised Watch Dogs 2b Birthday Card | Foxy Printing,"Our personalised birthday card is made to make someone feel special. Personalise it with a name, age and message. Folded to A5 on 350gsm card. Order today."
watch-dogs-game-birthday-card-sa,Watch Dogs Birthday Card | Foxy Printing,This printed card is a lovely way to mark their big day. Dispatched the same or next working day. Folded to A5 on 350gsm card. Add it to your basket today.
watch-dogs-game-personalised-birthday-card-sa060917,Personalised Watch Dogs Birthday Card | Foxy Printing,"A personalised birthday card they'll want to keep. Add their name, age and your own message inside. Thick 350gsm card with a free envelope. Order today."
watch-men-movie-birthday-card-sa,Personalised Watch Men Birthday Card | Foxy Printing,"Our personalised birthday card is made to make someone feel special. Personalise it with a name, age and message. Folded to A5 on 350gsm card. Order today."
watch-sports-personalised-birthday-card,Personalised Watch Sports Adult Birthday Card,This personalised birthday card is a lovely way to mark their big day. Dispatched the same or next working day. Order now and make their day.
watchdogs-ps4-retro-gaming-keyring,Watchdogs Retro PS4 Keyring | Foxy Printing,A nostalgic retro gaming keyring for retro gaming fans. Printed in-house in North Yorkshire in full colour. A great gift idea. Order yours today.
watchdogs-ps4-retro-gaming-magnet,Watchdogs Retro PS4 Fridge Magnet | Foxy Printing,Bring back the classics with this retro gaming fridge magnet. Printed in-house in North Yorkshire in full colour. Order now and make their day.
watching-sports-personalised-birthday-card,Personalised Watching Sports Adult Birthday Card,"Make their day with this personalised birthday card. Add a name, age and a message inside before you order. Folded to A5 on 350gsm card. Order yours today."
watford-born-to-play-football-fan-baby-grow-bodysuit,Watford Born to Play Football Fan Baby Grow | Foxy Printing,This baby grow makes a sweet gift for a new arrival. Personalise it with the baby's name. 100% cotton with nickel-free poppers. Order yours today.
watford-eat-sleep-repeat-football-fan-baby-grow-bodysuit,Watford Eat Sleep Repeat Football Fan Baby Grow,A cute baby grow for proud families. Add a name to make it their own. 100% cotton with nickel-free poppers. A great gift idea. Add it to your basket today.
watford-fan-starting-football-fan-baby-grow-bodysuit,Watford Fan Starting Football Fan Baby Grow | Foxy Printing,This baby grow makes a sweet gift for a new arrival. Personalise it with the baby's name. 100% cotton with nickel-free poppers. Treat them today.
watford-football-club-gift-tiny-men-big-balls-poster,Watford Football Club Gift – Tiny Men Big Balls Poster,Give a room some character with this poster print. Printed to order in our North Yorkshire workshop. Made to order in-house. Add it to your basket today.
watford-football-team-face-covering-mask,Watford Football Team Face Covering Mask | Foxy Printing,Treat someone special to this printed gift. Custom designs are available on request. Made to order in North Yorkshire. Add it to your basket today.
watford-football-team-mug-personalised-birthday-age-and-name,Watford Football Team Mug,"Our printed mug is a cheerful gift for the office or home. Add any name to make it unique. 11oz ceramic, dishwasher safe. Order yours today."
watford-football-vests,Watford Football Vests Baby Grow | Foxy Printing,Our baby grow is a fun pick for baby showers and new babies. Add a name to make it their own. 100% cotton with nickel-free poppers. Treat them today.
watford-hate-football-fan-baby-grow-bodysuit,Watford Hate Football Fan Baby Grow | Foxy Printing,A cute baby grow for proud families. Personalise it with the baby's name. 100% cotton with nickel-free poppers. Order now and make their day.
watford-in-training-football-fan-baby-grow-bodysuit,Watford in Training Football Fan Baby Grow | Foxy Printing,Dress the little one in this baby grow. Add a name to make it their own. Made from 100% cotton with nickel-free poppers. Wash inside out. Order today.
watford-me-and-my-daddy-football-fan-baby-grow-bodysuit,Watford Me and My Daddy Football Fan Baby Grow,Our baby grow is a fun pick for baby showers and new babies. Add a name to make it their own. 100% cotton with nickel-free poppers. Order today.
watford-signs-for-football-mug-personalised-birthday-age-and-name,Personalised Signs for Watford Football Birthday Mug,"Our printed mug is a cheerful gift for the office or home. Add any name to make it unique. 11oz ceramic, dishwasher safe. Order now and make their day."
watford-team-player-autographed-poster-print-photo-signature-gift,Watford Team Printed Signature Print | Foxy Printing,Add this printed signature print to your wall or give it as a gift. Printed to order in our North Yorkshire workshop. Add it to your basket today.
waverace-2-retro-gaming-case,Waverace 2 Game Boy Replacement Case | Foxy Printing,Give your game a fresh look with this replacement game case. It's a printed case or cover only; no game is included. Order now and make their day.
waverace-3-retro-gaming-case,Waverace 3 Game Boy Replacement Case | Foxy Printing,Tidy up your collection with this replacement game case. Printed in-house in North Yorkshire. No game included. Add it to your basket today.
waverace-retro-gaming-case,Waverace Game Boy Replacement Case | Foxy Printing,Tidy up your collection with this replacement game case. Made to order in our North Yorkshire workshop; no game included. Order yours today.
waveracebluestorm,Wave Race Blue Storm Video Retro GameCube Fridge Magnet,A nostalgic retro gaming fridge magnet for gamers of all ages. Printed in-house in North Yorkshire in full colour. Order now and make their day.
wayne-gretzky-hockey-retro-nes-gaming-fridge-magnet-616,Wayne Gretzky Hockey Retro NES Fridge Magnet | Foxy Printing,This retro gaming fridge magnet is a fun gift for any retro gamer. Printed in-house in North Yorkshire in full colour. Order now and make their day.
wayne-gretzky-hockey-retro-nes-gaming-keyring,Wario's Woods Retro NES Keyring | Foxy Printing,This retro gaming keyring is a fun little gift for any gamer. Printed in-house in North Yorkshire in full colour. Add it to your basket today.
wayne-hennessey-mask-wales-jb-actor-movie-tv-celebrity-party-stag-birthday-idea-fancy-dress-face-mask,Wayne Hennessey Face Mask | Foxy Printing,"Get the party started with a Wayne Hennessey face mask. Full-colour print on 350gsm card, cut to shape with elastic. Great for a football-themed birthday."
wayne-jones-2-signed-autographed-darts-star-print,Wayne Jones Darts Printed Signature Print Design 2,"Wayne Jones Printed Signature Print: a great gift for any fan. The signature is printed as part of the design, not added by hand. Treat them today."
wayne-jones-signed-autographed-darts-star-print,Wayne Jones Darts Printed Signature Print | Foxy Printing,Wayne Jones Printed Signature Print: a lovely gift for a true fan. A printed reproduction: the signature is part of the print. Order yours today.
wayne-knight-jurassic-park-celebrity-face-mask,Wayne Knight Jurassic Park Face Mask | Foxy Printing,Wayne Knight Jurassic Park Face Mask: a fun pick for birthdays and photo booths. Cut to shape with eye holes. Made in North Yorkshire. Treat them today.
wayne-lineker-celebrity-face-mask-fancy-dress-cardboard-costume-mask,Wayne Lineker Face Mask | Foxy Printing,"Wayne Lineker Face Mask: a fun pick for birthdays and photo booths. Printed on 350gsm silk card, cut to shape with eye holes and elastic. Order today."
wayne-mardle-2-signed-autographed-darts-star-print,Wayne Mardle Darts Printed Signature Print Design 2,Wayne Mardle Printed Signature Print: a lovely gift for a true fan. A printed reproduction: the signature is part of the print. Order yours today.
wayne-mardle-darts-face-mask,Wayne Mardle Face Mask | Foxy Printing,Fancy dress made easy: a Wayne Mardle face mask on thick card with eye holes and elastic. Perfect for a darts night down the pub and photo booths.
wayne-mardle-signed-autographed-darts-star-print,Wayne Mardle Darts Printed Signature Print | Foxy Printing,"Wayne Mardle Printed Signature Print: a striking piece for a fan's wall. The signature is printed as part of the design, not added by hand. Order today."
wayne-printed-mug,Personalised Wayne Mug | Foxy Printing,Personalised Wayne Mug: a mug that brightens every brew. Add any name to make it unique. Dishwasher and microwave safe. Add it to your basket today.
wayne-rainey-m530-motor-racer-autographed-poster-print-photo-signature-gift,Wayne Rainey Motor Racer Printed Signature Print,Wayne Rainey Motor Racer Printed Signature Print: a great gift for any fan. Printed in North Yorkshire. A great gift idea. Treat them today.
wayne-rainey-m531-motor-racer-autographed-poster-print-photo-signature-gift,Wayne Rainey Motor Racer Printed Signature Print Design 2,Wayne Rainey Motor Racer Printed Signature Print: a great gift for any fan. Printed to order in our North Yorkshire workshop. Add it to your basket today.
wayne-rooney-1-signed-autographed-footballers-star-print,Wayne Rooney Printed Signature Print Design 1,"Wayne Rooney Printed Signature Print: a striking piece for a fan's wall. The signature is printed as part of the design, not added by hand. Order today."
wayne-rooney-2-signed-autographed-footballers-star-print,Wayne Rooney Printed Signature Print Design 2,Wayne Rooney Printed Signature Print: a great gift for any fan. Printed to order in our North Yorkshire workshop. Order now and make their day.
wayne-rooney-everton-personalised-football-card,Personalised Wayne Rooney Toffees Football Birthday Card,"A personalised birthday card they'll want to keep. Add their name, age and your own message inside. Posted 1st Class with a free envelope. Order today."
wayne-rooney-face-mask,Wayne Rooney Face Mask | Foxy Printing,"Get the party started with a Wayne Rooney face mask. Full-colour print on 350gsm card, cut to shape with elastic. Great for a stag do before the cup final."
wayne-rooney-football-2015-celebrity-face-mask,Wayne Rooney Face Mask Design 2 | Foxy Printing,Wayne Rooney card face mask for a football-themed birthday. Printed on 350gsm silk card cut to shape with eye holes and elastic. Order yours today.
wayne-rooney-football-gift-framed-autographed-print-landscape,Wayne Rooney Printed Signature Print Design 4,Wayne Rooney Printed Signature Print: a great gift for any fan. Printed in North Yorkshire. A great gift idea. Order now and make their day.
wayne-rooney-jb-footballer-fancy-dress-cardboard-celebrity-party-stag-birthday-idea-fancy-dress-face-mask,Wayne Rooney Face Mask Jb | Foxy Printing,Wayne Rooney card face mask for a stag do before the cup final. Printed on 350gsm silk card cut to shape with eye holes and elastic. Order yours today.
wayne-rooney-juan-mata-1-football-player-signed-by-autographed-poster-print,Wayne Rooney + Juan Mata Football Printed Signature Print,Wayne Rooney + Juan Mata Printed Signature Print: a lovely gift for a true fan. Printed to order in our North Yorkshire workshop. Order today.
wayne-rooney-juan-mata-1-football-player-signed-by-autographed-poster-print-1,Wayne Rooney + Juan Mata Football Signature Print Design 1,Wayne Rooney + Juan Mata Printed Signature Print: a lovely gift for a true fan. The signature is printed in the design. Add it to your basket today.
wayne-rooney-juan-mata-1-football-player-signed-by-autographed-poster-print-2,Wayne Rooney + Juan Mata Football Signature Print Design 5,Wayne Rooney + Juan Mata Printed Signature Print: a great gift for any fan. Printed to order in our North Yorkshire workshop. Order now and make their day.
wayne-rooney-juan-mata-1-signed-autographed-footballers-star-print,Wayne Rooney + Juan Mata Football Signature Print Design 7,"Wayne Rooney + Juan Mata Printed Signature Print: a great gift for any fan. The signature is printed as part of the design, not added by hand. Order today."
wayne-rooney-juan-mata-2-football-player-signed-by-autographed-poster-print,Wayne Rooney + Juan Mata Football Signature Print Design 2,Wayne Rooney + Juan Mata Printed Signature Print: a striking piece for a fan's wall. Printed in North Yorkshire. Order now and make their day.
wayne-rooney-juan-mata-2-football-player-signed-by-autographed-poster-print-1,Wayne Rooney + Juan Mata Football Signature Print Design 4,Wayne Rooney + Juan Mata Printed Signature Print: a lovely gift for a true fan. The signature is printed in the design. Order now and make their day.
wayne-rooney-juan-mata-2-football-player-signed-by-autographed-poster-print-2,Wayne Rooney + Juan Mata Football Signature Print Design 6,Wayne Rooney + Juan Mata Printed Signature Print: a lovely gift for a true fan. A printed reproduction: the signature is part of the print. Order today.
wayne-rooney-juan-mata-2-signed-autographed-footballers-star-print,Wayne Rooney + Juan Mata Football Signature Print Design 8,Wayne Rooney + Juan Mata Printed Signature Print: a lovely gift for a true fan. Printed to order in our North Yorkshire workshop. Order today.
wayne-rooney-limited-edition-signed-print,Wayne Rooney Printed Signature Print | Foxy Printing,Wayne Rooney Printed Signature Print: a striking piece for a fan's wall. Printed to order in our North Yorkshire workshop. Add it to your basket today.
wayne-rooney-sports-birthday-card-sa,Personalised Wayne Rooney Sports Birthday Card,"Our personalised birthday card is made to make someone feel special. Personalise it with a name, age and message. Folded to A5 on 350gsm card. Order today."
waynes-world-replacement-snes-game-case-or-cover,Wayne's World SNES Replacement Case | Foxy Printing,Tidy up your collection with this replacement game case. It's a printed case or cover only; no game is included. Order now and make their day.
waynes-world-retro-gaming-keyring,Wayne's World Retro SNES Keyring | Foxy Printing,Carry a classic with you on this retro gaming keyring. Printed in-house in North Yorkshire in full colour. A great gift idea. Treat them today.
waynes-world-retro-gaming-magnet,Wayne's World Retro SNES Fridge Magnet | Foxy Printing,A nostalgic retro gaming fridge magnet for gamers of all ages. Made to order in our North Yorkshire workshop. A great gift idea. Order yours today.
waynes-world-sega-megadrive-retro-gaming-magnet,Waynes World Video Retro Mega Drive Fridge Magnet,Add some retro fun to the fridge with this retro gaming fridge magnet. Made to order in our North Yorkshire workshop. Add it to your basket today.
wc-leaderboard-sega-master-system-fridge-magnet,Wc Leaderboard Retro Master System Fridge Magnet,Add some retro fun to the fridge with this retro gaming fridge magnet. Printed in North Yorkshire. A great gift idea. Add it to your basket today.
wc-leaderboard-sega-mastersystem-keyring,WC Leaderboard Retro Master System Keyring | Foxy Printing,Keep your keys retro with this retro gaming keyring. Printed in-house in North Yorkshire in full colour. A great gift idea. Add it to your basket today.
wc94-sega-master-system-fridge-magnet,Wc94 Retro Master System Fridge Magnet | Foxy Printing,A nostalgic retro gaming fridge magnet for gamers of all ages. Made to order in our North Yorkshire workshop. A great gift idea. Order yours today.
wc94-sega-mastersystem-keyring,Wc94 Retro Master System Keyring | Foxy Printing,Keep your keys retro with this retro gaming keyring. Printed in-house in North Yorkshire in full colour. A great gift idea. Order yours today.
wcw-super-brawl-wreslting-replacement-snes-game-case-or-cover,Wcw Super Brawl Wreslting SNES Replacement Case,Tidy up your collection with this replacement game case. Printed in-house in North Yorkshire. No game included. Order now and make their day.
wcw-super-brawl-wreslting-retro-gaming-keyring,Wcw Super Brawl Wreslting Retro SNES Keyring | Foxy Printing,Keep your keys retro with this retro gaming keyring. Made to order in our North Yorkshire workshop. A great gift idea. Add it to your basket today.
wcw-super-brawl-wreslting-retro-gaming-magnet,Wcw Super Brawl Wreslting Retro SNES Fridge Magnet,This retro gaming fridge magnet is a fun gift for any retro gamer. Made to order in our North Yorkshire workshop. Add it to your basket today.
wcw-super-brawl-wrestling-gaming-t-shirt,Wcw Super Brawl Wrestling – Gaming T-Shirt | Foxy Printing,Wcw Super Brawl Wrestling Gaming T-Shirt: made to stand out. Made to order in North Yorkshire. A great gift idea. Order now and make their day.
wcw-wrestling-retro-nes-gaming-fridge-magnet-618,Wcw Wrestling Retro NES Fridge Magnet | Foxy Printing,Add some retro fun to the fridge with this retro gaming fridge magnet. Printed in North Yorkshire. A great gift idea. Add it to your basket today.
wcw-wrestling-retro-nes-gaming-keyring,Wayne's World Retro NES Keyring | Foxy Printing,This retro gaming keyring is a fun little gift for any gamer. Printed in-house in North Yorkshire in full colour. Add it to your basket today.
wdlthundertanks-retro-gaming-magnet,Wdl Thunder Tanks Retro Game Boy Color Fridge Magnet,Add some retro fun to the fridge with this retro gaming fridge magnet. Printed in-house in North Yorkshire in full colour. Add it to your basket today.
we-are-here-we-are-queer-pride-lgbt-gay-lesbian-tee,We Are Here We Are Queer Pride LGBT Gay Lesbian Tee,We Are Here We Are Queer Pride LGBT Gay Lesbian Tee: made to stand out. Made to order in our North Yorkshire workshop. Add it to your basket today.
we-only-need-love-pride-lgbt-gay-lesbian-tee,We Only Need Love Pride LGBT Gay Lesbian Tee | Foxy Printing,"We Only Need Love Pride LGBT Gay Lesbian Tee: a fun top for parties, gifts and days out. Made to order in our North Yorkshire workshop. Order yours today."
wealdstone-raider-you-got-no-fans-face-mask,Wealdstone Raider Face Mask | Foxy Printing,Wealdstone Raider card face mask for a birthday party. Printed on 350gsm silk card cut to shape with eye holes and elastic. Order yours today.
weapon-lord-sega-megadrive-retro-gaming-magnet,Weapon Lord Video Retro Mega Drive Fridge Magnet,Add some retro fun to the fridge with this retro gaming fridge magnet. Printed in North Yorkshire. A great gift idea. Order now and make their day.
weaponlord-replacement-snes-game-case-or-cover,Weaponlord SNES Replacement Case | Foxy Printing,This replacement game case is a neat way to rehouse a loose cartridge or disc. No game included. Printed in North Yorkshire. Add it to your basket today.
weaponlord-retro-gaming-keyring,Weaponlord Retro SNES Keyring | Foxy Printing,Keep your keys retro with this retro gaming keyring. Printed in-house in North Yorkshire in full colour. A great gift idea. Add it to your basket today.
weaponlord-retro-gaming-magnet,Weaponlord Retro SNES Fridge Magnet | Foxy Printing,This retro gaming fridge magnet is a fun gift for any retro gamer. Printed in-house in North Yorkshire in full colour. Add it to your basket today.
webb-simpson-golf-stars-face-mask,Webb Simpson Face Mask | Foxy Printing,Webb Simpson card face mask for a 19th-hole celebration. Printed on 350gsm silk card cut to shape with eye holes and elastic. Order yours today.
webbrowser,Web Browser Retro Dreamcast Fridge Magnet | Foxy Printing,Add some retro fun to the fridge with this retro gaming fridge magnet. Made to order in our North Yorkshire workshop. Order now and make their day.
webbrowser-sega-dreamcast-game-keyring,Webbrowser Retro Dreamcast Keyring | Foxy Printing,Carry a classic with you on this retro gaming keyring. Made to order in our North Yorkshire workshop. A great gift idea. Add it to your basket today.
webbrowser2,Web Browser 2 Retro Dreamcast Fridge Magnet | Foxy Printing,Add some retro fun to the fridge with this retro gaming fridge magnet. Printed in-house in North Yorkshire in full colour. Order yours today.
webbrowser2-sega-dreamcast-game-keyring,Webbrowser2 Retro Dreamcast Keyring | Foxy Printing,This retro gaming keyring is a fun little gift for any gamer. Printed in-house in North Yorkshire in full colour. Add it to your basket today.
wedding-gifts,Wedding Gifts | Foxy Printing,Wedding Gifts: a great gift idea for any occasion. Custom designs on request. Made to order in North Yorkshire. Order now and make their day.
wedding-invite-no-better-offers-personalised-birthday-card,Wedding Invite No Better Offers Adult Personalised Card,Treat someone special to this party piece. Add the name or text you'd like. Custom designs on request. Made in North Yorkshire. Order today.
wei-wuxian-celebrity-face-mask-the-untamed-tv-drama-character-fancy-dress-costume-party-prop-for-cosplay-hen-stag-do-accessory,Wei Wuxian Face Mask | Foxy Printing,"Get the party started with a Wei Wuxian face mask. Full-colour print on 350gsm card, cut to shape with elastic. Great for a series finale watch party."
weird-al-yankovic-celebrity-face-mask-fancy-dress-cardboard-costume-mask-1,"""Weird Al"" Yankovic Face Mask | Foxy Printing","""Weird Al"" Yankovic card face mask for a concert pre-party. Printed on 350gsm silk card cut to shape with eye holes and elastic. Order yours today."
welcome-back-to-your-hair-salon-social-distance-floor-stickers-silver-social-distancing-floor-stickers,Welcome Back to Your Hair Salon Social Distance Stickers,"Welcome Back to Your Hair Salon Social Distance Stickers: printed to order for your home, car or business. Made to order in North Yorkshire. Order today."
welcome-back-to-your-hair-salon-social-distance-floor-stickers-social-distancing-floor-stickers,Welcome Back to Your Hair Salon Social Stickers Distancing,Welcome Back to Your Hair Salon Social Stickers Distancing: a quick way to add some personality. Custom designs on request. Add it to your basket today.
welcome-back-to-your-hair-salon-social-distance-floor-stickers-yellow-social-distancing-floor-stickers,Welcome Back to Your Hair Salon Social Stickers Floor,"Welcome Back to Your Hair Salon Social Stickers Floor: a quick way to add some personality. Printed in-house in North Yorkshire, UK. Order yours today."
well-done-for-living-personalised-birthday-card,Personalised Well Done for Living Adult Birthday Card,"Make their day with this personalised birthday card. Add their name, age and your own message inside. Thick 350gsm card with a free envelope. Order today."
well-done-party-stickers,Well Done Reward Stickers | Foxy Printing,"Well Done Reward Stickers: printed to order for your home, car or business. Custom designs are available on request. Order now and make their day."
well-driven-bumper-window-sticker,Well Driven Novelty Vinyl Car Sticker | Foxy Printing,Well Driven Novelty Vinyl Car Sticker: a quick way to add some personality. Custom designs are available on request. Add it to your basket today.
well-im-a-lawyer-drinks-coaster,Well Coaster | Foxy Printing,Well Coaster: a fun little gift for the home or office. Custom designs are available on request. A great gift idea. Order now and make their day.
welsh-gold-tudor-rose-queens-platinum-jubilee-medal-50mm-2,Welsh Gold Tudor Rose Queen's Platinum Jubilee Medal,Welsh Gold Tudor Rose Queen's Platinum Jubilee Medal: a thoughtful gift and a great talking point. Custom designs are available on request. Order today.
welsh-queens-platinum-jubilee-gold-classic-medal-52mm-2,Welsh Queen's Platinum Jubilee Gold Classic Medal,Welsh Queen's Platinum Jubilee Gold Classic Medal: a thoughtful gift and a great talking point. Custom designs are available on request. Order yours today.
welsh-queens-platinum-jubilee-grand-voyager-purple-gold-detailed-trophy-cup-31-5cm-12-1-2,Welsh Queen's Platinum Jubilee Grand Voyager Purple & Gold,Welsh Queen's Platinum Jubilee Grand Voyager Purple & Gold: a fun gift for someone special. Custom designs are available on request. Treat them today.
wembley-stadium-vintage-travel-poster-london-england-football-stadium-wall-art-print-retro-sports-stadium-artwork-gift-for-football-fans-stadium-collectors,Wembley Stadium Vintage Travel Poster,Wembley Stadium Vintage Travel Poster: wall art that adds character to any room. Made to order in-house. Made in North Yorkshire. Order yours today.
wen-ning-celebrity-face-mask-the-untamed-tv-drama-character-fancy-dress-costume-party-prop-for-cosplay-hen-stag-do-accessory,Wen Ning Face Mask | Foxy Printing,Fancy dress made easy: a Wen Ning face mask on thick card with eye holes and elastic. Perfect for a series finale watch party and photo booths.
wen-qing-celebrity-face-mask-the-untamed-tv-drama-character-fancy-dress-costume-party-prop-for-cosplay-hen-stag-do-accessory,Wen Qing Face Mask | Foxy Printing,Fancy dress made easy: a Wen Qing face mask on thick card with eye holes and elastic. Perfect for a series finale watch party and photo booths.
wendell-smallwood-1-american-footballer-signed-by-autographed-poster-print,Wendell Smallwood Printed Signature Print | Foxy Printing,Wendell Smallwood Printed Signature Print: a striking piece for a fan's wall. The signature is printed in the design. Order now and make their day.
wendell-smallwood-1-signed-autographed-nfl-star-print,Wendell Smallwood Printed Signature Print Design 1,Wendell Smallwood Printed Signature Print: a great gift for any fan. A printed reproduction: the signature is part of the print. Order yours today.
wendell-smallwood-2-american-footballer-signed-by-autographed-poster-print,Wendell Smallwood Printed Signature Print Design 2,Wendell Smallwood Printed Signature Print: a striking piece for a fan's wall. A printed reproduction: the signature is part of the print. Treat them today.
wendell-smallwood-2-signed-autographed-nfl-star-print,Wendell Smallwood Printed Signature Print Design 5,Wendell Smallwood Printed Signature Print: a great gift for any fan. Printed in North Yorkshire. A great gift idea. Order now and make their day.
wendell-smallwood-signed-autographed-nfl-star-print,Wendell Smallwood Printed Signature Print Design 3,Wendell Smallwood Printed Signature Print: a striking piece for a fan's wall. Printed to order in our North Yorkshire workshop. Order yours today.
wendi-mclendon-covey-celebrity-face-mask,Wendi McLendon-Covey Face Mask | Foxy Printing,Fancy dress made easy: a Wendi McLendon-Covey face mask on thick card with eye holes and elastic. Perfect for a stag or hen do and photo booths.
wendy-o-koopa-super-mario-personalised-birthday-card-sa060917,Personalised Wendy O Koopa Super Mario Birthday Card,"Send a smile with this personalised birthday card. Personalise it with a name, age and message. Folded to A5 on 350gsm card. Order yours today."
wendy-willlams-celebrity-face-mask-fancy-dress-cardboard-costume-mask,Wendy Willlams Face Mask | Foxy Printing,Fancy dress made easy: a Wendy Willlams face mask on thick card with eye holes and elastic. Perfect for a wedding photo booth and photo booths.
were-like-a-really-small-gang-drinks-coaster,We're Like a Really Small Gang Drinks Coaster,"We're Like a Really Small Gang Drinks Coaster: a fun little gift for the home or office. Printed in-house in North Yorkshire, UK. Treat them today."
were-like-a-really-small-gang-drinks-coaster-2,We're Like a Really Small Gang Drinks Coaster 2,We're Like a Really Small Gang Drinks Coaster 2: a cheerful gift for anyone who loves a cuppa. Made to order in North Yorkshire. Treat them today.
werewolf-comic-retro-nes-gaming-fridge-magnet-619,Werewolf Comic Retro NES Fridge Magnet | Foxy Printing,This retro gaming fridge magnet is a fun gift for any retro gamer. Made to order in our North Yorkshire workshop. Order now and make their day.
werewolf-comic-retro-nes-gaming-keyring,Wcw Wrestling Retro NES Keyring | Foxy Printing,A nostalgic retro gaming keyring for retro gaming fans. Made to order in our North Yorkshire workshop. A great gift idea. Order now and make their day.
werewolf-retro-nes-gaming-fridge-magnet-620,Werewolf Retro NES Fridge Magnet | Foxy Printing,This retro gaming fridge magnet is a fun gift for any retro gamer. Printed in North Yorkshire. A great gift idea. Add it to your basket today.
werewolf-retro-nes-gaming-keyring,Werewolf Comic Retro NES Keyring | Foxy Printing,This retro gaming keyring is a fun little gift for any gamer. Made to order in our North Yorkshire workshop. A great gift idea. Order yours today.
wes-anderson-movies-a6-poster-pack-6-film-and-movie-poster-card-pack,Wes Anderson Movies and Film Poster Print Packs – 6 Posters,Wes Anderson Movies and Film Poster Print Packs 6 Posters: a thoughtful gift and an easy way to brighten a wall. Printed in North Yorkshire. Order today.
wes-hoolahan-jb-footballer-fancy-dress-cardboard-celebrity-party-stag-birthday-idea-fancy-dress-face-mask,Wes Hoolahan Face Mask | Foxy Printing,Wes Hoolahan card face mask for a football-themed birthday. Printed on 350gsm silk card cut to shape with eye holes and elastic. Order yours today.
wes-horton-1-american-footballer-signed-by-autographed-poster-print,Wes Horton NFL Printed Signature Print | Foxy Printing,Wes Horton Printed Signature Print: a great gift for any fan. A printed reproduction: the signature is part of the print. Order now and make their day.
wes-horton-1-signed-autographed-nfl-star-print,Wes Horton NFL Printed Signature Print Design 1,Wes Horton Printed Signature Print: a lovely gift for a true fan. Printed in North Yorkshire. A great gift idea. Add it to your basket today.
wes-horton-2-american-footballer-signed-by-autographed-poster-print,Wes Horton NFL Printed Signature Print Design 2,Wes Horton Printed Signature Print: a great gift for any fan. Printed to order in our North Yorkshire workshop. Add it to your basket today.
wes-horton-2-signed-autographed-nfl-star-print,Wes Horton NFL Printed Signature Print Design 4,"Wes Horton Printed Signature Print: a great gift for any fan. The signature is printed as part of the design, not added by hand. Order yours today."
wes-morgan-jb-footballer-fancy-dress-cardboard-celebrity-party-stag-birthday-idea-fancy-dress-face-mask,Wes Morgan Face Mask | Foxy Printing,"Get the party started with a Wes Morgan face mask. Full-colour print on 350gsm card, cut to shape with elastic. Great for a five-a-side end-of-season do."
wes-newton-2-signed-autographed-darts-star-print,Wes Newton Darts Printed Signature Print Design 2,Wes Newton Printed Signature Print: a striking piece for a fan's wall. Printed in North Yorkshire. A great gift idea. Order now and make their day.
wes-newton-celebrity-face-mask,Wes Newton Face Mask | Foxy Printing,Fancy dress made easy: a Wes Newton face mask on thick card with eye holes and elastic. Perfect for a darts night down the pub and photo booths.
wes-newton-signed-autographed-darts-star-print,Wes Newton Darts Printed Signature Print | Foxy Printing,"Wes Newton Printed Signature Print: a striking piece for a fan's wall. The signature is printed as part of the design, not added by hand. Order today."
wes-unseld-m138-basketball-player-autographed-poster-print-photo-signature-gift,Wes Unseld Basketball Printed Signature Print,Wes Unseld Basketball Printed Signature Print: a lovely gift for a true fan. A printed reproduction: the signature is part of the print. Order yours today.
wes-unseld-m139-basketball-player-autographed-poster-print-photo-signature-gift,Wes Unseld Basketball Printed Signature Print Design 2,Wes Unseld Basketball Printed Signature Print: a lovely gift for a true fan. Printed in North Yorkshire. A great gift idea. Add it to your basket today.
wesley-harms-2-signed-autographed-darts-star-print,Wesley Harms Darts Printed Signature Print Design 2,Wesley Harms Printed Signature Print: a great gift for any fan. Printed in North Yorkshire. A great gift idea. Order now and make their day.
wesley-harms-signed-autographed-darts-star-print,Wesley Harms Darts Printed Signature Print | Foxy Printing,Wesley Harms Printed Signature Print: a lovely gift for a true fan. Printed in North Yorkshire. A great gift idea. Order now and make their day.
wesley-johnson-2-american-footballer-signed-by-autographed-poster-print,Wesley Johnson NFL Printed Signature Print Design 2,Wesley Johnson Printed Signature Print: a striking piece for a fan's wall. Printed in North Yorkshire. A great gift idea. Order now and make their day.
wesley-johnson-2-signed-autographed-nfl-star-print,Wesley Johnson NFL Printed Signature Print Design 4,"Wesley Johnson Printed Signature Print: a great gift for any fan. The signature is printed as part of the design, not added by hand. Order today."
wesley-johnson-american-footballer-signed-by-autographed-poster-print,Wesley Johnson NFL Printed Signature Print | Foxy Printing,Wesley Johnson Printed Signature Print: a striking piece for a fan's wall. Printed in North Yorkshire. A great gift idea. Order now and make their day.
wesley-johnson-signed-autographed-nfl-star-print,Wesley Johnson NFL Printed Signature Print Design 3,"Wesley Johnson Printed Signature Print: a lovely gift for a true fan. The signature is printed as part of the design, not added by hand. Order today."
wesley-printed-mug,Personalised Wesley Mug | Foxy Printing,"Personalised Wesley Mug: a cheerful gift for home or the office. Add their name to make it their own. 11oz ceramic, dishwasher safe. Order yours today."
wesley-sneijder-football-2015-celebrity-face-mask,Wesley Sneijder Face Mask | Foxy Printing,Wesley Sneijder card face mask for a football-themed birthday. Printed on 350gsm silk card cut to shape with eye holes and elastic. Order yours today.
wesley-sneijder-sports-birthday-card-sa,Personalised Wesley Sneijder Sports Birthday Card,This personalised birthday card is a lovely way to mark their big day. Sent 1st Class in a board-backed envelope so it arrives flat. Order yours today.
wesley-woodyard-2-signed-autographed-nfl-star-print,Wesley Woodyard NFL Printed Signature Print Design 2,Wesley Woodyard Printed Signature Print: a great gift for any fan. Printed to order in our North Yorkshire workshop. Add it to your basket today.
wesley-woodyard-signed-autographed-nfl-star-print,Wesley Woodyard NFL Printed Signature Print | Foxy Printing,"Wesley Woodyard Printed Signature Print: a lovely gift for a true fan. The signature is printed as part of the design, not added by hand. Order today."
west-brom-1992-retro-football-lightweight-beach-gym-towel,West Brom 1992 Retro Football Beach Towel | Foxy Printing,Add a personal touch with this printed towel. Add the name or text you'd like. Custom designs are available on request. Order now and make their day.
west-brom-1992-yellow-retro-football-lightweight-beach-gym-towel,West Brom 1992 Yellow Retro Football Beach Towel,Add a personal touch with this printed towel. Add a name to make it theirs. Made to order in our North Yorkshire workshop. Add it to your basket today.
west-brom-football-club-gift-the-baggies-tiny-men-big-balls-poster,West Brom Football Club Gift – The Baggies Poster,Brighten up a wall with this poster print. Printed to order in our North Yorkshire workshop. A great gift idea. Add it to your basket today.
west-brom-football-club-gift-tiny-men-big-balls-poster,West Brom Football Club Gift – Tiny Men Big Balls Poster,Give a room some character with this poster print. Printed to order in our North Yorkshire workshop. Made to order in-house. Add it to your basket today.
west-brom-football-team-face-covering-mask,West Brom Football Team Face Covering Mask | Foxy Printing,Treat someone special to this printed gift. Made to order in our North Yorkshire workshop. Custom designs on request. Add it to your basket today.
west-brom-personalised-football-dream-team-beach-towel,West Brom Personalised Football Dream Team Beach Towel,Brighten someone's day with this printed towel. Add a name to make it theirs. Custom designs on request. Made in North Yorkshire. Order yours today.
west-bromwich-born-to-play-football-fan-baby-grow-bodysuit,West Bromwich Born to Play Football Fan Baby Grow,West Bromwich Born to Play Football Fan Baby Grow: a fun outfit for proud families. Add a name to make it their own. Wash and iron inside out. Order today.
west-bromwich-eat-sleep-repeat-football-fan-baby-grow-bodysuit,West Bromwich Eat Sleep Repeat Football Fan Baby Grow,West Bromwich Eat Sleep Repeat Football Fan Baby Grow: a cute pick for baby showers. 100% cotton with nickel-free poppers. Order yours today.
west-bromwich-fan-starting-football-fan-baby-grow-bodysuit,West Bromwich Fan Starting Football Fan Baby Grow,West Bromwich Fan Starting Football Fan Baby Grow: a sweet gift for a new arrival. Add a name to make it their own. Wash and iron inside out. Order today.
west-bromwich-hate-football-fan-baby-grow-bodysuit,West Bromwich Hate Football Fan Baby Grow | Foxy Printing,West Bromwich Hate Football Fan Baby Grow: a cute pick for baby showers. Personalise it with the baby's name. Wash and iron inside out. Order yours today.
west-bromwich-in-training-football-fan-baby-grow-bodysuit,West Bromwich in Training Football Fan Baby Grow,West Bromwich in Training Football Fan Baby Grow: a cute pick for baby showers. Personalise it with the baby's name. Wash and iron inside out. Order today.
west-ham-1976-retro-football-lightweight-beach-gym-towel,West Ham 1976 Retro Football Beach Towel | Foxy Printing,Add a personal touch with this printed towel. Add a name to make it theirs. Custom designs on request. A great gift idea. Order now and make their day.
west-ham-1984-retro-football-lightweight-beach-gym-towel,West Ham 1984 Retro Football Beach Towel | Foxy Printing,"Brighten someone's day with this printed towel. Personalise it with your own name or text. Printed in-house in North Yorkshire, UK. Treat them today."
west-ham-1991-away-retro-football-lightweight-beach-gym-towel,West Ham 1991 Away Retro Football Beach Towel,Brighten someone's day with this printed towel. Personalise it with your own name or text. Made to order in our North Yorkshire workshop. Order today.
west-ham-1993-retro-football-lightweight-beach-gym-towel,West Ham 1993 Retro Football Beach Towel | Foxy Printing,Add a personal touch with this printed towel. Personalise it with your own name or text. Custom designs on request. Add it to your basket today.
west-ham-fan-happy-birthday-football,Personalised West Ham Fan Football Team Birthday Card,"Send a smile with this personalised birthday card. Personalise it with a name, age and message. Thick 350gsm card with a free envelope. Treat them today."
west-ham-football-club-gift-the-hammers-tiny-men-big-balls-poster,West Ham Football Club Gift – The Hammers Poster,Brighten up a wall with this poster print. Printed to order in our North Yorkshire workshop. A great gift idea. Add it to your basket today.
west-ham-football-club-gift-tiny-men-big-balls-poster,West Ham Football Club Gift – Tiny Men Big Balls Poster,Brighten up a wall with this poster print. Printed to order in our North Yorkshire workshop. A great gift idea. Order now and make their day.
west-ham-football-team-face-covering-mask,West Ham Football Team Face Covering Mask | Foxy Printing,Brighten someone's day with this printed gift. Made to order in our North Yorkshire workshop. Custom designs on request. Add it to your basket today.
west-ham-personalised-football-dream-team-beach-towel,West Ham Personalised Football Dream Team Beach Towel,Brighten someone's day with this printed towel. Add a name to make it theirs. Made to order in our North Yorkshire workshop. Order yours today.
west-ham-personalised-football-flag-2-fully-customisable-dcd-trerrace-flags,West Ham Personalised Football Flag 2,Treat someone special to this printed gift. Personalise it with your own name or text. Custom designs on request. Order now and make their day.
west-ham-personalised-football-flag-2-fully-customisable-dcd-trerrace-flags-1,West Ham Personalised Football Flag 2 Fully | Foxy Printing,Add a personal touch with this printed gift. Add the name or text you'd like. Made to order in our North Yorkshire workshop. Add it to your basket today.
west-ham-personalised-football-flag-fully-customisable-dcd-trerrace-flags,West Ham Personalised Football Flag,"Brighten someone's day with this printed gift. Add a name to make it theirs. Printed in-house in North Yorkshire, UK. Order now and make their day."
west-ham-play-off-final-winners-squad-1-football-player-signed-by-autographed-poster-print,West Ham Play Off Final Winners Signature Print Design 1,Show your support with this printed signature print. The signature is printed in the design. Made in North Yorkshire. Add it to your basket today.
west-ham-play-off-final-winners-squad-1-signed-autographed-footballers-star-print,West Ham Play Off Final Winners Signature Print Design 3,"This printed signature print makes a great gift for fans. The signature is printed as part of the design, not added by hand. Order now and make their day."
west-ham-play-off-final-winners-squad-2-football-player-signed-by-autographed-poster-print,West Ham Play Off Final Winners Printed Signature Print,"Our printed signature print is a lovely gift for any fan. The signature is printed as part of the design, not added by hand. Order now and make their day."
west-ham-play-off-final-winners-squad-2-signed-autographed-footballers-star-print,West Ham Play Off Final Winners Signature Print Design 2,"Celebrate a favourite with this printed signature print. The signature is printed as part of the design, not added by hand. Add it to your basket today."
west-ham-players-signed-a6-poster-pack-6-signed-autographed-poster-print-cards,West Ham Players Signature A6 Poster Pack – 6 Print Cards,Give a room some character with this poster print. Printed to order in our North Yorkshire workshop. A great gift idea. Add it to your basket today.
west-ham-players-signed-a6-poster-pack-6-signed-autographed-poster-print-cards-2,West Ham Players Signature A6 Poster Pack 2 – 6 Print Cards,Our poster print adds a personal touch to any room. Printed to order in our North Yorkshire workshop. Made to order in-house. Order yours today.
west-ham-snodgrass-pelagrini-noble-team-player-autographed-poster-print-photo-signature-gift,West Ham Snodgrass Pelagrini Noble Printed Signature Print,Our printed signature print is a lovely gift for any fan. The signature is printed in the design. Made in North Yorkshire. Order now and make their day.
west-ham-united-fc-team-2026-poster-print-hammers-football-club-wall-art-featuring-jarrod-bowen-adama-traore-crysencio-summerville-west-ham-supporters-memorabilia-gift,West Ham United FC Team 2026 Poster Print,Give a room some character with this poster print. Printed to order in our North Yorkshire workshop. Made to order in-house. Add it to your basket today.
west-ham-united-football-team-mug-personalised-birthday-age-and-name,West Ham United Football Team Mug,"Give them a laugh with this printed mug. Add their name to make it their own. Sublimation printed, so the design is part of the glaze. Treat them today."
west-ham-united-premier-league-football-team-framed-autographed-print,West Ham United Premier League Printed Signature Print,This printed signature print makes a great gift for fans. Printed to order in our North Yorkshire workshop. A great gift idea. Order yours today.
west-indies-1992-cricket-world-cup-retro-lightweight-beach-gym-towel,West Indies 1992 Cricket World Cup Retro Beach Towel,"West Indies 1992 Cricket World Cup Retro Beach Towel: a handy gift for holidays and the gym. Printed in-house in North Yorkshire, UK. Treat them today."
west-indies-catcher-personalised-card,Personalised West Indies Catcher Funny Birthday Card,"A personalised birthday card they'll want to keep. Personalise it with a name, age and message. Dispatched the same or next working day. Treat them today."
west-indies-personalised-card,Personalised West Indies Funny Birthday Card | Foxy Printing,"Make their day with this personalised birthday card. Add a name, age and a message inside before you order. Folded to A5 on 350gsm card. Order today."
west-indies-personalised-card-2,Personalised West Indies Funny Birthday Card 2,"A personalised birthday card they'll want to keep. Add a name, age and a message inside before you order. Folded to A5 on 350gsm card. Order today."
westham-signs-for-football-mug-personalised-birthday-age-and-name,Personalised Signs for West Ham Football Birthday Mug,Our printed mug is a cheerful gift for the office or home. Add any name to make it unique. Dishwasher and microwave safe. Add it to your basket today.
westie-puppy-cute-birthday-card,Westie Puppy Cute Birthday Card | Foxy Printing,Westie Puppy Cute Birthday Card: a lovely way to mark the occasion. Sent 1st Class in a board-backed envelope so it arrives flat. Order yours today.
westley-printed-mug,Personalised Westley Mug | Foxy Printing,Personalised Westley Mug: a cheerful gift for home or the office. Add any name to make it unique. Dishwasher and microwave safe. Order yours today.
westlife-1-signed-autographed-music-star-print,Westlife Music Printed Signature Print | Foxy Printing,Westlife Printed Signature Print: a striking piece for a fan's wall. Printed to order in our North Yorkshire workshop. Order now and make their day.
westlife-2-fujistsu-pcs-conflicted-copy-2019-04-08-signed-autographed-music-star-print,Westlife Fujistsu-Pc's CoNFLicted Printed Signature Print,Westlife Fujistsu-Pc's CoNFLicted Printed Signature Print: a striking piece for a fan's wall. The signature is printed in the design. Order yours today.
westlife-2-signed-autographed-music-star-print,Westlife Music Printed Signature Print Design 2,"Westlife Printed Signature Print: a great gift for any fan. The signature is printed as part of the design, not added by hand. Order yours today."
westlife-3-signed-autographed-music-landscape-star-print,Westlife Music Printed Signature Print Design 4,"Westlife Printed Signature Print: a great gift for any fan. The signature is printed as part of the design, not added by hand. Add it to your basket today."
westlife-signed-autographed-music-landscape-star-print,Westlife Music Printed Signature Print Design 3,Westlife Printed Signature Print: a lovely gift for a true fan. Printed in North Yorkshire. A great gift idea. Order now and make their day.
westlife-the-twenty-tour-2019-signed-autographed-music-landscape-star-print,Westlife the Twenty Tour 2019 Music Printed Signature Print,Westlife the Twenty Tour 2019 Printed Signature Print: a striking piece for a fan's wall. The signature is printed in the design. Order today.
weston-printed-mug,Personalised Weston Mug | Foxy Printing,"Personalised Weston Mug: a smile with every cuppa. Add any name to make it unique. 11oz ceramic, dishwasher safe. Order now and make their day."
weston-richburg-2-signed-autographed-nfl-star-print,Weston Richburg NFL Printed Signature Print Design 2,Weston Richburg Printed Signature Print: a great gift for any fan. Printed to order in our North Yorkshire workshop. Order now and make their day.
weston-richburg-signed-autographed-nfl-star-print,Weston Richburg NFL Printed Signature Print | Foxy Printing,Weston Richburg Printed Signature Print: a great gift for any fan. Printed to order in our North Yorkshire workshop. Add it to your basket today.
westworld-2-signed-autographed-movie-star-print,Westworld Movie Printed Signature Print Design 2,Westworld Printed Signature Print: a great gift for any fan. Printed to order in our North Yorkshire workshop. Order now and make their day.
westworld-signed-autographed-movie-star-print,Westworld Movie Printed Signature Print | Foxy Printing,Westworld Movie Printed Signature Print: a great gift for any fan. Printed to order in our North Yorkshire workshop. Order now and make their day.
westworld-tv-series-2017-movie-birthday-card-sa,Personalised Westworld TV Series 2017 Birthday Card,"A personalised birthday card they'll want to keep. Personalise it with a name, age and message. Thick 350gsm card with a free envelope. Order yours today."
wetrix,Wetrix Retro Dreamcast Fridge Magnet | Foxy Printing,Bring back the classics with this retro gaming fridge magnet. Printed in-house in North Yorkshire in full colour. Add it to your basket today.
wetrix-sega-dreamcast-game-keyring,Wetrix Retro Dreamcast Keyring | Foxy Printing,A nostalgic retro gaming keyring for retro gaming fans. Printed in-house in North Yorkshire in full colour. A great gift idea. Treat them today.
wham-celebrity-face-mask-fancy-dress-cardboard-costume-mask,Wham Face Mask | Foxy Printing,Wham Face Mask: guaranteed laughs at any party. Posted in a board-backed envelope so it arrives flat. A great gift idea. Order now and make their day.
what-a-difference-a-dave-makes-drinks-coaster,What a Difference a Dave Makes Drinks Coaster,What a Difference a Dave Makes Drinks Coaster: a cheerful gift for anyone who loves a cuppa. Made to order in North Yorkshire. Order yours today.
what-is-this-word-no-personalised-baby-boy-girl-unisex-short-sleeve-bodysuit,What Is This Word No Personalised Baby Grow | Foxy Printing,What Is This Word No Personalised Baby Grow: a fun outfit for proud families. Add a name to make it their own. Wash and iron inside out. Treat them today.
whats-your-superpower-drinks-coaster,What's Your Superpower? Drinks Coaster | Foxy Printing,What's Your Superpower? Drinks Coaster: a cheerful gift for anyone who loves a cuppa. Made to order in North Yorkshire. Add it to your basket today.
wheel-of-fortune-deluxe-edition-replacement-snes-game-case-or-cover,Wheel of Fortune Deluxe Edition SNES Replacement Case,Tidy up your collection with this replacement game case. Made to order in our North Yorkshire workshop; no game included. Add it to your basket today.
wheel-of-fortune-deluxe-edition-retro-gaming-keyring,Wheel of Fortune Deluxe Edition Retro SNES Keyring,Carry a classic with you on this retro gaming keyring. Made to order in our North Yorkshire workshop. A great gift idea. Add it to your basket today.
wheel-of-fortune-deluxe-edition-retro-gaming-magnet,Wheel of Fortune Deluxe Edition Retro SNES Fridge Magnet,A nostalgic retro gaming fridge magnet for gamers of all ages. Printed in-house in North Yorkshire in full colour. Order now and make their day.
wheel-of-fortune-ds,Wheel of Fortune DS Retro Game Boy Fridge Magnet,Add some retro fun to the fridge with this retro gaming fridge magnet. Printed in North Yorkshire. A great gift idea. Add it to your basket today.
wheel-of-fortune-ds-gameboy-gaming-keyring,Wheel of Fortune DS Retro Game Boy Keyring | Foxy Printing,Keep your keys retro with this retro gaming keyring. Printed in-house in North Yorkshire in full colour. A great gift idea. Add it to your basket today.
wheel-of-fortune-ds-retro-gaming-case,Wheel of Fortune DS Game Boy Replacement Case,Tidy up your collection with this replacement game case. Printed in-house in North Yorkshire. No game included. Order now and make their day.
wheel-of-fortune-family-edition-retro-nes-gaming-fridge-magnet-622,Wheel of Fortune Family Edition Retro NES Fridge Magnet,This retro gaming fridge magnet is a fun gift for any retro gamer. Made to order in our North Yorkshire workshop. Order now and make their day.
wheel-of-fortune-family-edition-retro-nes-gaming-keyring,Werewolf Retro NES Keyring | Foxy Printing,Carry a classic with you on this retro gaming keyring. Printed in-house in North Yorkshire in full colour. A great gift idea. Add it to your basket today.
wheel-of-fortune-junior-edition-retro-nes-gaming-fridge-magnet-623,Wheel of Fortune Junior Edition Retro NES Fridge Magnet,Add some retro fun to the fridge with this retro gaming fridge magnet. Made to order in our North Yorkshire workshop. Order now and make their day.
wheel-of-fortune-junior-edition-retro-nes-gaming-keyring,Wheel of Fortune Family Edition Retro NES Keyring,Keep your keys retro with this retro gaming keyring. Made to order in our North Yorkshire workshop. A great gift idea. Order now and make their day.
wheel-of-fortune-retro-gaming-keyring,Wheel of Fortune Retro Mega CD Keyring | Foxy Printing,This retro gaming keyring is a fun little gift for any gamer. Made to order in our North Yorkshire workshop. A great gift idea. Order yours today.
wheel-of-fortune-retro-gaming-magnet,Wheel of Fortune Retro Mega CD Fridge Magnet | Foxy Printing,This retro gaming fridge magnet is a fun gift for any retro gamer. Made to order in our North Yorkshire workshop. Add it to your basket today.
wheel-of-fortune-retro-nes-gaming-fridge-magnet-621,Wheel of Fortune Retro NES Fridge Magnet | Foxy Printing,This retro gaming fridge magnet is a fun gift for any retro gamer. Printed in North Yorkshire. A great gift idea. Order now and make their day.
wheel-of-fortune-retro-nes-gaming-keyring,Wheel of Fortune Junior Edition Retro NES Keyring,This retro gaming keyring is a fun little gift for any gamer. Printed in-house in North Yorkshire in full colour. Add it to your basket today.
wheeloffortune-retro-gaming-case,Wheel of Fortune Mega CD Replacement Case | Foxy Printing,Give your game a fresh look with this replacement game case. It's a printed case or cover only; no game is included. Add it to your basket today.
when-i-can-walk-personalised-baby-boy-girl-unisex-short-sleeve-bodysuit,When I Can Walk Personalised Baby Grow | Foxy Printing,When I Can Walk Personalised Baby Grow: a cute pick for baby showers. Add a name to make it their own. 100% cotton with nickel-free poppers. Order today.
when-in-doubt-fuck-it-bumper-window-sticker,When in Doubt – F*** It Novelty Vinyl Car Sticker,This tongue-in-cheek sticker is a gift for friends who like a laugh. Custom designs are available on request. Made in North Yorkshire. Order yours today.
when-ive-drunk-my-coffee-adult-mug,When Ive Drunk My Coffee Mug | Foxy Printing,When Ive Drunk My Coffee Mug: a smile with every cuppa. An 11oz white ceramic mug that's dishwasher and microwave safe. Add it to your basket today.
when-ive-drunk-my-coffee-funny-mug,When Ive Drunk MY Coffee Mug Design 2 | Foxy Printing,"When Ive Drunk MY Coffee Mug Design 2: a smile with every cuppa. 11oz ceramic, dishwasher safe. Made in North Yorkshire. Add it to your basket today."
when-ive-drunk-my-tea-adult-mug,When Ive Drunk My Tea Mug | Foxy Printing,"When Ive Drunk My Tea Mug: a mug that brightens every brew. Sublimation printed, so the design is part of the glaze. Add it to your basket today."
when-ive-drunk-my-tea-funny-mug,When Ive Drunk MY Tea Mug Design 2 | Foxy Printing,When Ive Drunk MY Tea Mug Design 2: a mug that brightens every brew. An 11oz white ceramic mug that's dishwasher and microwave safe. Treat them today.
when-life-gives-you-lemons-grab-tequila-and-salt-personalised-birthday-card,Personalised When Life Gives You Lemons Grab Birthday Card,"A personalised birthday card they'll want to keep. Add their name, age and your own message inside. Thick 350gsm card with a free envelope. Order today."
when-life-hands-you-lemons-drinks-coaster,When Life Hands You Lemons Drinks Coaster | Foxy Printing,"When Life Hands You Lemons Drinks Coaster: a cheerful gift for anyone who loves a cuppa. Printed in-house in North Yorkshire, UK. Order today."
when-they-see-us-netflix-shows-framed-autographed-print,When They See Us Netflix Shows Printed Signature Print,When They See Us Netflix Shows Printed Signature Print: a striking piece for a fan's wall. Printed to order in our North Yorkshire workshop. Order today.
when-your-legs-dont-work-personalised-birthday-card,Personalised When Your Legs Don't Work Adult Birthday Card,"Our personalised birthday card is made to make someone feel special. Personalise it with a name, age and message. Folded to A5 on 350gsm card. Order today."
where-in-time-is-carmen-sandiego-replacement-snes-game-case-or-cover,Where in Time Is Carmen Sandiego SNES Replacement Case,This replacement game case is a neat way to rehouse a loose cartridge or disc. It's a printed case or cover only; no game is included. Order yours today.
where-in-time-is-carmen-sandiego-retro-gaming-keyring,Where in Time Is Carmen Sandiego Retro SNES Keyring,Carry a classic with you on this retro gaming keyring. Printed in-house in North Yorkshire in full colour. A great gift idea. Treat them today.
where-in-time-is-carmen-sandiego-retro-gaming-magnet,Where in Time Is Carmen Sandiego Retro SNES Fridge Magnet,A nostalgic retro gaming fridge magnet for gamers of all ages. Made to order in our North Yorkshire workshop. A great gift idea. Treat them today.
where-in-time-is-carmen-sandiego-retro-nes-gaming-fridge-magnet-624,Where in Time Is Carmen Sandiego Retro NES Fridge Magnet,A nostalgic retro gaming fridge magnet for gamers of all ages. Made to order in our North Yorkshire workshop. A great gift idea. Treat them today.
where-in-time-is-carmen-sandiego-retro-nes-gaming-keyring,Wheel of Fortune Retro NES Keyring | Foxy Printing,Carry a classic with you on this retro gaming keyring. Made to order in our North Yorkshire workshop. A great gift idea. Order now and make their day.
whinmoor-warriors-personalised-rugby-bath-towel,Whinmoor Warriors Personalised Rugby Bath Towel,Whinmoor Warriors Personalised Rugby Bath Towel: a handy gift for holidays and the gym. Made to order in North Yorkshire. Order yours today.
whip-rush-sega-megadrive-retro-gaming-magnet,Whip Rush Video Retro Mega Drive Fridge Magnet,This retro gaming fridge magnet is a fun gift for any retro gamer. Made to order in our North Yorkshire workshop. Order now and make their day.
whiplash-personalised-card,Personalised Whiplash Funny Birthday Card | Foxy Printing,"Make their day with this personalised birthday card. Add their name, age and your own message inside. Posted 1st Class with a free envelope. Order today."
whiplash-personalised-card-2,Personalised Whiplash Funny Birthday Card 2 | Foxy Printing,"A personalised birthday card they'll want to keep. Add a name, age and a message inside before you order. Folded to A5 on 350gsm card. Order yours today."
white-lies-signed-autographed-music-landscape-star-print,Lies Music Printed Signature Print | Foxy Printing,Lies Printed Signature Print: a striking piece for a fan's wall. A printed reproduction: the signature is part of the print. Treat them today.
white-platinum-jubilee-bunting-street-party-decorative-flags,White Platinum Jubilee Bunting,"White Platinum Jubilee Bunting: a fun finishing touch for any celebration. A5 flags on 300gsm silk card, ready to thread and hang. Order today."
white-puppy-dogs-and-puppies-happy-birthday,Personalised White Puppy Dogs and Funny Puppy Birthday Card,Personalised White Puppy Dogs and Funny Puppy Birthday Card: a card with a personal touch. Thick 350gsm card with a free envelope. Order today.
white-rabbit-bumper-window-sticker,White Rabbit Novelty Vinyl Car Sticker | Foxy Printing,"White Rabbit Novelty Vinyl Car Sticker: printed to order for your home, car or business. Custom designs on request. Add it to your basket today."
white-school-rucksack-high-quality-bag-rrp-29,White School Rucksack – Bag Rrp £29 | Foxy Printing,"White School Rucksack Bag Rrp £29: a thoughtful gift, made to order. Custom designs on request. Made in North Yorkshire. Add it to your basket today."
white-tiger-mask-jb-actor-movie-tv-celebrity-party-stag-birthday-idea-fancy-dress-face-mask,White Tiger Face Mask | Foxy Printing,"White Tiger Face Mask: guaranteed laughs at any party. Printed on 350gsm silk card, cut to shape with eye holes and elastic. Order yours today."
white-yoshi-super-mario-personalised-birthday-card-sa060917,Personalised White Yoshi Super Mario Birthday Card,"Our personalised birthday card is made to make someone feel special. Personalise it with a name, age and message. Folded to A5 on 350gsm card. Order today."
whitehaven-retro-rugby-lightweight-beach-gym-towel,Whitehaven Retro Rugby Beach Towel | Foxy Printing,Whitehaven Retro Rugby Beach Towel: a handy gift for holidays and the gym. Add a name to make it theirs. Made to order in North Yorkshire. Order today.
whitey-ford-copy-2-baseball-player-autographed-poster-print-photo-signature-gift,Whitey Ford Baseball Printed Signature Print Design 2,Whitey Ford Baseball Printed Signature Print: a striking piece for a fan's wall. The signature is printed in the design. Order now and make their day.
whitey-ford-copy-baseball-player-autographed-poster-print-photo-signature-gift,Whitey Ford Baseball Printed Signature Print | Foxy Printing,Whitey Ford Baseball Printed Signature Print: a lovely gift for a true fan. A printed reproduction: the signature is part of the print. Order yours today.
whitney-adebayo-face-mask-reality-tv-inspired-novelty-mask-funny-fancy-dress-costume-for-parties-events-photos-adult-card-mask,Whitney Adebayo Face Mask | Foxy Printing,Whitney Adebayo card face mask for a stag or hen do. Printed on 350gsm silk card cut to shape with eye holes and elastic. Order yours today.
whitney-houston-1-signed-autographed-music-star-print,Whitney Houston Printed Signature Print Design 1,Whitney Houston Printed Signature Print: a great gift for any fan. The signature is printed in the design. Made in North Yorkshire. Order today.
whitney-houston-2-signed-autographed-music-star-print,Whitney Houston Printed Signature Print Design 2,Whitney Houston Printed Signature Print: a lovely gift for a true fan. Printed in North Yorkshire. A great gift idea. Order now and make their day.
whitney-houston-limited-edition-signed-print,Whitney Houston Printed Signature Print | Foxy Printing,Whitney Houston Printed Signature Print: a lovely gift for a true fan. Printed to order in our North Yorkshire workshop. Add it to your basket today.
whitney-houston-singers-framed-autographed-print,Whitney Houston Singers Music Printed Signature Print,Whitney Houston Singers Printed Signature Print: a striking piece for a fan's wall. Printed to order in our North Yorkshire workshop. Treat them today.
whitney-mercilus-2-signed-autographed-nfl-star-print,Whitney Mercilus NFL Printed Signature Print Design 2,"Whitney Mercilus Printed Signature Print: a great gift for any fan. The signature is printed as part of the design, not added by hand. Order yours today."
whitney-mercilus-signed-autographed-nfl-star-print,Whitney Mercilus NFL Printed Signature Print | Foxy Printing,Whitney Mercilus Printed Signature Print: a great gift for any fan. A printed reproduction: the signature is part of the print. Treat them today.
whitney-printed-mug,Personalised Whitney Mug | Foxy Printing,Personalised Whitney Mug: a smile with every cuppa. Personalise it with a name before you order. Dishwasher and microwave safe. Order yours today.
whizz-gaming-t-shirt,Whizz – Gaming T-Shirt | Foxy Printing,"Whizz Gaming T-Shirt: a fun top for parties, gifts and days out. Custom designs on request. Made in North Yorkshire. Add it to your basket today."
whizz-replacement-snes-game-case-or-cover,Whizz SNES Replacement Case | Foxy Printing,Tidy up your collection with this replacement game case. Printed in-house in North Yorkshire. No game included. Add it to your basket today.
whizz-retro-gaming-keyring,Whizz Retro SNES Keyring | Foxy Printing,Keep your keys retro with this retro gaming keyring. Printed in-house in North Yorkshire in full colour. A great gift idea. Order now and make their day.
whizz-retro-gaming-magnet,Whizz Retro SNES Fridge Magnet | Foxy Printing,Bring back the classics with this retro gaming fridge magnet. Printed in-house in North Yorkshire in full colour. Order now and make their day.
who-needs-a-super-hero-personalised-baby-boy-girl-unisex-short-sleeve-bodysuit,Who Needs a Super Hero Personalised Baby Grow,This baby grow makes a sweet gift for a new arrival. Personalise it with the baby's name. 100% cotton with nickel-free poppers. Treat them today.
who-needs-santa-ive-got-daddy-baby-grow-bodysuit,Who Needs Santa I've Got Daddy Baby Grow | Foxy Printing,Who Needs Santa I've Got Daddy Baby Grow: a sweet gift for a new arrival. Add a name to make it their own. Wash and iron inside out. Order yours today.
who-needs-santa-ive-got-grandad-baby-grow-bodysuit,Who Needs Santa I've Got Grandad Baby Grow | Foxy Printing,Who Needs Santa I've Got Grandad Baby Grow: a fun outfit for proud families. Add a name to make it their own. Wash and iron inside out. Order yours today.
who-needs-santa-ive-got-grandma-baby-grow-bodysuit,Who Needs Santa I've Got Grandma Baby Grow | Foxy Printing,Who Needs Santa I've Got Grandma Baby Grow: a cute pick for baby showers. Add a name to make it their own. Wash and iron inside out. Order yours today.
who-needs-santa-ive-got-mummy-baby-grow-bodysuit,Who Needs Santa I've Got Mummy Baby Grow | Foxy Printing,Who Needs Santa I've Got Mummy Baby Grow: a fun outfit for proud families. Add a name to make it their own. Wash and iron inside out. Order yours today.
who-needs-santa-ive-got-my-auntie-baby-grow-bodysuit,Who Needs Santa I've Got My Auntie Baby Grow | Foxy Printing,Who Needs Santa I've Got My Auntie Baby Grow: a sweet gift for a new arrival. Add a name to make it their own. Wash and iron inside out. Order yours today.
who-needs-santa-ive-got-my-godfather-baby-grow-bodysuit,Who Needs Santa I've Got My Godfather Baby Grow,Who Needs Santa I've Got My Godfather Baby Grow: a sweet gift for a new arrival. 100% cotton with nickel-free poppers. Get it ordered for Christmas.
who-needs-santa-ive-got-my-godmother-baby-grow-bodysuit,Who Needs Santa I've Got My Godmother Baby Grow,Who Needs Santa I've Got My Godmother Baby Grow: a fun outfit for proud families. 100% cotton with nickel-free poppers. Get it ordered for Christmas.
who-needs-santa-ive-got-my-uncle-baby-grow-bodysuit,Who Needs Santa I've Got My Uncle Baby Grow | Foxy Printing,Who Needs Santa I've Got My Uncle Baby Grow: a cute pick for baby showers. Add a name to make it their own. Wash and iron inside out. Order yours today.
who-needs-santa-ive-got-nana-baby-grow-bodysuit,Who Needs Santa I've Got Nana Baby Grow | Foxy Printing,Who Needs Santa I've Got Nana Baby Grow: a sweet gift for a new arrival. Personalise it with the baby's name. Wash and iron inside out. Order yours today.
whompem-retro-nes-gaming-fridge-magnet-627,Whompem Retro NES Fridge Magnet | Foxy Printing,Bring back the classics with this retro gaming fridge magnet. Made to order in our North Yorkshire workshop. A great gift idea. Treat them today.
whompem-retro-nes-gaming-keyring,Where's Waldo Retro NES Keyring | Foxy Printing,A nostalgic retro gaming keyring for retro gaming fans. Made to order in our North Yorkshire workshop. A great gift idea. Add it to your basket today.
whoopi-goldberg-celebrity-face-mask-fancy-dress-cardboard-costume-mask,Whoopi Goldberg Face Mask | Foxy Printing,"Get the party started with a Whoopi Goldberg face mask. Full-colour print on 350gsm card, cut to shape with elastic. Great for a themed birthday."
whoopi-goldberg-m281-authors-autographed-poster-print-photo-signature-gift,Whoopi Goldberg Authors Printed Signature Print,Whoopi Goldberg Authors Printed Signature Print: a great gift for any fan. Printed in North Yorkshire. A great gift idea. Order now and make their day.
whoopi-goldberg-m282-authors-autographed-poster-print-photo-signature-gift,Whoopi Goldberg Authors Printed Signature Print Design 2,Whoopi Goldberg Authors Printed Signature Print: a striking piece for a fan's wall. Printed in North Yorkshire. Add it to your basket today.
whos-hot-johnny-rock-retro-gaming-keyring,Whos Hot Johnny Rock Retro Mega CD Keyring | Foxy Printing,Keep your keys retro with this retro gaming keyring. Printed in-house in North Yorkshire in full colour. A great gift idea. Add it to your basket today.
whos-hot-johnny-rock-retro-gaming-magnet,Whos Hot Johnny Rock Retro Mega CD Fridge Magnet,This retro gaming fridge magnet is a fun gift for any retro gamer. Printed in North Yorkshire. A great gift idea. Order now and make their day.
whoshotjohnnyrock-retro-gaming-case,Who Shot Johnny Rock Mega CD Replacement Case,This replacement game case is a neat way to rehouse a loose cartridge or disc. Printed in North Yorkshire. A great gift idea. Add it to your basket today.
whowantstobeatupamillionaire,Who Wants to Beat Up Retro Dreamcast Fridge Magnet,This retro gaming fridge magnet is a fun gift for any retro gamer. Made to order in our North Yorkshire workshop. Add it to your basket today.
whowantstobeatupamillionaire-sega-dreamcast-game-keyring,Whowantstobeatupamillionaire Retro Dreamcast Keyring,Keep your keys retro with this retro gaming keyring. Printed in-house in North Yorkshire in full colour. A great gift idea. Add it to your basket today.
why-fall-in-love-personalised-baby-boy-girl-unisex-short-sleeve-bodysuit,Why Fall in Love Personalised Baby Grow | Foxy Printing,Why Fall in Love Personalised Baby Grow: a sweet gift for a new arrival. Personalise it with the baby's name. Wash and iron inside out. Treat them today.
wi-ha-joon-squid-game-celebrity-party-face-mask,Wi Ha-joon Face Mask | Foxy Printing,Wi Ha-joon Face Mask: guaranteed laughs at any party. Posted in a board-backed envelope so it arrives flat. Made in North Yorkshire. Treat them today.
wick-black-handle-alchemy-mug,Wick Black Handle Alchemy Gothic Goth Horror Stars Mug,Wick Black Handle Alchemy Gothic Goth Horror Stars Mug: a mug that brightens every brew. Dishwasher and microwave safe. Add it to your basket today.
widget-retro-nes-gaming-fridge-magnet-628,Widget Retro NES Fridge Magnet | Foxy Printing,A nostalgic retro gaming fridge magnet for gamers of all ages. Made to order in our North Yorkshire workshop. A great gift idea. Treat them today.
widget-retro-nes-gaming-keyring,Whompem Retro NES Keyring | Foxy Printing,A nostalgic retro gaming keyring for retro gaming fans. Made to order in our North Yorkshire workshop. A great gift idea. Add it to your basket today.
widnes-1989-retro-rugby-lightweight-beach-gym-towel,Widnes 1989 Retro Rugby Beach Towel | Foxy Printing,"Widnes 1989 Retro Rugby Beach Towel: a great gift for the beach, gym or bathroom. Add a name to make it theirs. Custom designs on request. Order today."
widnes-1992-away-personalised-rugby-bath-towel,Widnes 1992 Away Personalised Rugby Bath Towel,"Widnes 1992 Away Personalised Rugby Bath Towel: a great gift for the beach, gym or bathroom. Made to order in our North Yorkshire workshop. Order today."
widnes-1992-home-personalised-rugby-bath-towel,Widnes 1992 Home Personalised Rugby Bath Towel,Widnes 1992 Home Personalised Rugby Bath Towel: a handy gift for holidays and the gym. Made to order in North Yorkshire. Order now and make their day.
widnes-retro-rugby-lightweight-beach-gym-towel,Widnes Retro Rugby Beach Towel | Foxy Printing,Widnes Retro Rugby Beach Towel: a handy gift for holidays and the gym. Add a name to make it theirs. Made to order in North Yorkshire. Order today.
widowmaker-noir-personalised-birthday-card-sa060917,Personalised Widowmaker Noir Birthday Card | Foxy Printing,"Make their day with this personalised birthday card. Add a name, age and a message inside before you order. Folded to A5 on 350gsm card. Order today."
widowmaker-personalised-birthday-card-sa060917,Personalised Widowmaker Birthday Card | Foxy Printing,"Make their day with this personalised birthday card. Add their name, age and your own message inside. Thick 350gsm card with a free envelope. Order today."
wifey-thanks-for-putting-up-with-my-shit-all-these-years,Personalised Wifey Thanks for Putting Up Birthday Card,This tongue-in-cheek personalised birthday card is a gift for friends who like a laugh. Thick 350gsm card with a free envelope. Treat them today.
wifey-you-are-fucking-amazing,Personalised Wifey You Are F***ing Amazing! Birthday Card,A cheeky novelty personalised birthday card for someone with a wicked sense of humour. Thick 350gsm card with a free envelope. Order yours today.
wigan-1982-retro-football-lightweight-beach-gym-towel,Wigan 1982 Retro Football Beach Towel | Foxy Printing,Add a personal touch with this printed towel. Personalise it with your own name or text. Made to order in North Yorkshire. Order now and make their day.
wigan-1990-away-personalised-rugby-bath-towel,Wigan 1990 Away Personalised Rugby Bath Towel,Brighten someone's day with this printed towel. Add a name to make it theirs. Custom designs on request. Made to order in North Yorkshire. Order today.
wigan-1990-home-personalised-rugby-bath-towel,Wigan 1990 Home Personalised Rugby Bath Towel,Treat someone special to this printed towel. Add a name to make it theirs. Custom designs are available on request. Add it to your basket today.
wigan-1995-retro-football-lightweight-beach-gym-towel,Wigan 1995 Retro Football Beach Towel | Foxy Printing,"Treat someone special to this printed towel. Add the name or text you'd like. Printed in-house in North Yorkshire, UK. Add it to your basket today."
wigan-athletic-football-team-mug-personalised-birthday-age-and-name,Wigan Athletic Football Team Mug,Start the day with a smile thanks to this printed mug. Add their name to make it their own. Dishwasher and microwave safe. Add it to your basket today.
wigan-football-team-face-covering-mask,Wigan Football Team Face Covering Mask | Foxy Printing,Add a personal touch with this printed gift. Made to order in our North Yorkshire workshop. A great gift idea. Order now and make their day.
wigan-warriors-retro-rugby-lightweight-beach-gym-towel,Wigan Warriors Retro Rugby Beach Towel | Foxy Printing,Add a personal touch with this printed towel. Personalise it with your own name or text. Made to order in our North Yorkshire workshop. Order yours today.
wild-and-free-personalised-baby-boy-girl-unisex-short-sleeve-bodysuit,Wild and Free Personalised Baby Grow | Foxy Printing,Wild and Free Personalised Baby Grow: a cute pick for baby showers. Personalise it with the baby's name. 100% cotton with nickel-free poppers. Order today.
wild-gunman-retro-nes-gaming-fridge-magnet-629,Wild Gunman Retro NES Fridge Magnet | Foxy Printing,Add some retro fun to the fridge with this retro gaming fridge magnet. Printed in-house in North Yorkshire in full colour. Order yours today.
wild-gunman-retro-nes-gaming-keyring,Widget Retro NES Keyring | Foxy Printing,A nostalgic retro gaming keyring for retro gaming fans. Made to order in our North Yorkshire workshop. A great gift idea. Order now and make their day.
wild-guns-gaming-t-shirt,Wild Guns – Gaming T-Shirt | Foxy Printing,Wild Guns Gaming T-Shirt: a great gift that's made to order. Custom designs on request. Made in North Yorkshire. Order now and make their day.
wild-guns-replacement-snes-game-case-or-cover,Wild Guns SNES Replacement Case | Foxy Printing,Give your game a fresh look with this replacement game case. It's a printed case or cover only; no game is included. Add it to your basket today.
wild-guns-retro-gaming-keyring,Wild Guns Retro SNES Keyring | Foxy Printing,Keep your keys retro with this retro gaming keyring. Made to order in our North Yorkshire workshop. A great gift idea. Order now and make their day.
wild-guns-retro-gaming-magnet,Wild Guns Retro SNES Fridge Magnet | Foxy Printing,A nostalgic retro gaming fridge magnet for gamers of all ages. Printed in-house in North Yorkshire in full colour. Add it to your basket today.
wild-woody-retro-gaming-keyring,Wild Woody Retro Mega CD Keyring | Foxy Printing,Keep your keys retro with this retro gaming keyring. Printed in-house in North Yorkshire in full colour. A great gift idea. Order now and make their day.
wild-woody-retro-gaming-magnet,Wild Woody Retro Mega CD Fridge Magnet | Foxy Printing,This retro gaming fridge magnet is a fun gift for any retro gamer. Made to order in our North Yorkshire workshop. Order now and make their day.
wildarms-2-ps1-playstation-1-game-keyring,Wild Arms 2 Retro PS1 Fridge Magnet | Foxy Printing,Add some retro fun to the fridge with this retro gaming fridge magnet. Made to order in our North Yorkshire workshop. Add it to your basket today.
wildarms-ps1-playstation-1-game-keyring,Wild Arms Retro PS1 Fridge Magnet | Foxy Printing,This retro gaming fridge magnet is a fun gift for any retro gamer. Printed in-house in North Yorkshire in full colour. Add it to your basket today.
wildarms2-ps1-playstation-1-game-keyring,Wild Arms2 Retro PS1 Fridge Magnet | Foxy Printing,A nostalgic retro gaming fridge magnet for gamers of all ages. Made to order in our North Yorkshire workshop. A great gift idea. Order yours today.
wildcats-covert-action-team-replacement-snes-game-case-or-cover,Wildcats Covert Action Team SNES Replacement Case,This replacement game case is a neat way to rehouse a loose cartridge or disc. Printed in-house in North Yorkshire. No game included. Order yours today.
wildcats-covert-action-team-retro-gaming-keyring,Wildcats Covert Action Team Retro SNES Keyring,This retro gaming keyring is a fun little gift for any gamer. Made to order in our North Yorkshire workshop. A great gift idea. Order yours today.
wildcats-covert-action-team-retro-gaming-magnet,Wildcats Covert Action Team Retro SNES Fridge Magnet,Add some retro fun to the fridge with this retro gaming fridge magnet. Made to order in our North Yorkshire workshop. Add it to your basket today.
wildling-personalised-baby-boy-girl-unisex-short-sleeve-bodysuit,Wildling Personalised Baby Grow | Foxy Printing,Wildling Personalised Baby Grow: a cute pick for baby showers. Add a name to make it their own. 100% cotton with nickel-free poppers. Order today.
wildmetal,Wild Metal Retro Dreamcast Fridge Magnet | Foxy Printing,Bring back the classics with this retro gaming fridge magnet. Printed in-house in North Yorkshire in full colour. Add it to your basket today.
wildmetal-sega-dreamcast-game-keyring,Wildmetal Retro Dreamcast Keyring | Foxy Printing,This retro gaming keyring is a fun little gift for any gamer. Printed in-house in North Yorkshire in full colour. Order now and make their day.
wildred-printed-mug,Personalised Wildred Mug | Foxy Printing,Personalised Wildred Mug: a mug that brightens every brew. Personalise it with a name before you order. Dishwasher and microwave safe. Treat them today.
wildsnake-replacement-snes-game-case-or-cover,Wildsnake SNES Replacement Case | Foxy Printing,Give your game a fresh look with this replacement game case. Printed in-house in North Yorkshire. No game included. Add it to your basket today.
wildsnake-retro-gaming-keyring,Wildsnake Retro SNES Keyring | Foxy Printing,Keep your keys retro with this retro gaming keyring. Made to order in our North Yorkshire workshop. A great gift idea. Add it to your basket today.
wildsnake-retro-gaming-magnet,Wildsnake Retro SNES Fridge Magnet | Foxy Printing,A nostalgic retro gaming fridge magnet for gamers of all ages. Printed in-house in North Yorkshire in full colour. Order now and make their day.
wildwoody-retro-gaming-case,Wild Woody Mega CD Replacement Case | Foxy Printing,Restore your shelf with this replacement game case. It's a printed case or cover only; no game is included. Made in North Yorkshire. Order yours today.
wiley-printed-mug,Personalised Wiley Mug | Foxy Printing,Personalised Wiley Mug: a cheerful gift for home or the office. Add any name to make it unique. Dishwasher and microwave safe. Order yours today.
wilfred-benitez-m794-boxing-autographed-poster-print-photo-signature-gift,Wilfred Benítez Printed Signature Print | Foxy Printing,Wilfred Benítez Printed Signature Print: a striking piece for a fan's wall. Printed in North Yorkshire. A great gift idea. Order yours today.
wilfred-benitez-m795-boxing-autographed-poster-print-photo-signature-gift,Wilfred Benítez Printed Signature Print Design 2,Wilfred Benítez Printed Signature Print: a striking piece for a fan's wall. Printed in North Yorkshire. A great gift idea. Order now and make their day.
wilfredo-gomez-m796-boxing-autographed-poster-print-photo-signature-gift,Wilfredo Gómez Printed Signature Print | Foxy Printing,Wilfredo Gómez Printed Signature Print: a lovely gift for a true fan. Printed to order in our North Yorkshire workshop. Add it to your basket today.
wilfredo-gomez-m797-boxing-autographed-poster-print-photo-signature-gift,Wilfredo Gómez Printed Signature Print Design 2,"Wilfredo Gómez Printed Signature Print: a striking piece for a fan's wall. The signature is printed as part of the design, not added by hand. Order today."
wilfrid-printed-mug,Personalised Wilfrid Mug | Foxy Printing,Personalised Wilfrid Mug: a mug that brightens every brew. Add any name to make it unique. Dishwasher and microwave safe. Order now and make their day.
wilfried-gnonto-leeds-united-face-mask-leeds-football-player-celebrity-card-mask-celebrity-mask-for-stag-do-hen-night-fancy-dress-costume-parties-funny-adult-card-mask,Wilfried Gnonto Face Mask | Foxy Printing,Fancy dress made easy: a Wilfried Gnonto face mask on thick card with eye holes and elastic. Perfect for a football-themed birthday and photo booths.
wilfried-zaha-2-football-player-signed-by-autographed-poster-print,Wilfried Zaha Printed Signature Print Design 2,Wilfried Zaha Printed Signature Print: a striking piece for a fan's wall. The signature is printed in the design. Add it to your basket today.
wilfried-zaha-2-signed-autographed-footballers-star-print,Wilfried Zaha Printed Signature Print Design 4,"Wilfried Zaha Printed Signature Print: a lovely gift for a true fan. The signature is printed as part of the design, not added by hand. Order today."
wilfried-zaha-football-player-signed-by-autographed-poster-print,Wilfried Zaha Printed Signature Print | Foxy Printing,Wilfried Zaha Printed Signature Print: a great gift for any fan. The signature is printed in the design. Made in North Yorkshire. Treat them today.
wilfried-zaha-signed-autographed-footballers-star-print,Wilfried Zaha Printed Signature Print Design 3,Wilfried Zaha Printed Signature Print: a lovely gift for a true fan. The signature is printed in the design. Made in North Yorkshire. Order yours today.
wilkie-printed-mug,Personalised Wilkie Mug | Foxy Printing,Personalised Wilkie Mug: a fun gift for any tea or coffee lover. Add their name to make it their own. Dishwasher and microwave safe. Order today.
will-ferrell-1-movie-signed-by-autographed-poster-print,Will Ferrell Movie Printed Signature Print | Foxy Printing,Will Ferrell Movie Printed Signature Print: a great gift for any fan. A printed reproduction: the signature is part of the print. Treat them today.
will-ferrell-1-signed-autographed-television-star-print,Will Ferrell TV Printed Signature Print | Foxy Printing,Will Ferrell Printed Signature Print: a lovely gift for a true fan. Printed in North Yorkshire. A great gift idea. Add it to your basket today.
will-ferrell-2-movie-signed-by-autographed-poster-print,Will Ferrell Movie Printed Signature Print Design 2,Will Ferrell Movie Printed Signature Print: a striking piece for a fan's wall. A printed reproduction: the signature is part of the print. Order today.
will-ferrell-2-signed-autographed-television-star-print,Will Ferrell TV Printed Signature Print Design 2,Will Ferrell Printed Signature Print: a striking piece for a fan's wall. Printed in North Yorkshire. A great gift idea. Add it to your basket today.
will-ferrell-3-movie-signed-by-autographed-poster-print,Will Ferrell Movie Printed Signature Print Design 3,"Will Ferrell Movie Printed Signature Print: a lovely gift for a true fan. The signature is printed as part of the design, not added by hand. Order today."
will-ferrell-3-signed-autographed-television-star-print,Will Ferrell TV Printed Signature Print Design 3,Will Ferrell Printed Signature Print: a great gift for any fan. Printed to order in our North Yorkshire workshop. Order now and make their day.
will-gao-heartstopper-celebrity-face-mask-fancy-dress-cardboard-costume-mask,Will Gao Face Mask | Foxy Printing,"Get the party started with a Will Gao face mask. Full-colour print on 350gsm card, cut to shape with elastic. Great for a soap-themed birthday."
will-harrison-celebrity-face-mask-fancy-dress-cardboard-costume-mask,Will Harrison Face Mask | Foxy Printing,"Get the party started with a Will Harrison face mask. Full-colour print on 350gsm card, cut to shape with elastic. Great for a stag or hen do."
will-i-am-2-signed-autographed-music-star-print,Will I Am Music Printed Signature Print Design 2,Will I Am Printed Signature Print: a great gift for any fan. A printed reproduction: the signature is part of the print. Add it to your basket today.
will-i-am-3-signed-autographed-music-star-print,Will I Am Music Printed Signature Print Design 3,Will I Am Printed Signature Print: a great gift for any fan. A printed reproduction: the signature is part of the print. Add it to your basket today.
will-i-am-4-signed-autographed-music-star-print,Will I Am Music Printed Signature Print Design 4,"Will I Am Printed Signature Print: a striking piece for a fan's wall. The signature is printed as part of the design, not added by hand. Order yours today."
will-i-am-birthday-card,Will I Am Music Style Funny Birthday Card | Foxy Printing,This printed card is a lovely way to mark their big day. Posted 1st Class with a free envelope. A great gift idea. Add it to your basket today.
will-i-am-jb-music-star-fancy-dress-cardboard-celebrity-party-stag-birthday-idea-fancy-dress-face-mask,will.i.am Face Mask | Foxy Printing,"Get the party started with a will.i.am face mask. Full-colour print on 350gsm card, cut to shape with elastic. Great for a festival weekend."
will-i-am-music-gift-framed-autographed-print-landscape,Will.i.am Music Printed Signature Print | Foxy Printing,Will.i.am Music Printed Signature Print: a striking piece for a fan's wall. Printed to order in our North Yorkshire workshop. Add it to your basket today.
will-i-am-signed-autographed-music-star-print,Will I Am Music Printed Signature Print | Foxy Printing,Will I Am Printed Signature Print: a lovely gift for a true fan. The signature is printed in the design. A great gift idea. Treat them today.
will-mellor-lee-castleton-mr-bates-vs-the-post-office-celebrity-face-mask-fancy-dress-cardboard-costume-mask,Will Mellor Face Mask | Foxy Printing,"Will Mellor Face Mask: perfect for stag dos, hen parties and fancy dress. A4 size on 350gsm card, with eye holes cut and elastic included. Order today."
will-osula-newcastle-united-face-mask-newcastle-football-player-celebrity-card-mask-celebrity-mask-for-stag-do-hen-night-fancy-dress-costume-parties-funny-adult-card-mask,Will Osula Face Mask | Foxy Printing,Will Osula card face mask for a big match watch party. Printed on 350gsm silk card cut to shape with eye holes and elastic. Order yours today.
will-show-knickers-coaster,Will Show Knickers Drinks Coaster | Foxy Printing,"Will Show Knickers Drinks Coaster: a cheerful gift for anyone who loves a cuppa. Printed in-house in North Yorkshire, UK. Add it to your basket today."
will-simon-bird-2-ok-2017-tv-celebrity-face-mask,Simon Bird Face Mask | Foxy Printing,Simon Bird Face Mask: guaranteed laughs at any party. 350gsm card with eye holes and elastic. A great gift idea. Add it to your basket today.
will-smith-2025-celebrity-face-mask-fancy-dress-cardboard-costume-mask,Will Smith Face Mask Design 4 | Foxy Printing,"Will Smith Face Mask: a fun pick for birthdays and photo booths. Printed on 350gsm silk card, cut to shape with eye holes and elastic. Order today."
will-smith-and-jada-pinkett-smith-celebrity-couple-face-mask-fancy-dress-high-quality-cardboard-masks-for-any-occasion,Jada Pinkett Smith Face Mask Couple | Foxy Printing,"Will Smith and Jada Pinkett Smith Face Mask: perfect for stag dos, hen parties and fancy dress. 350gsm card with eye holes and elastic. Order yours today."
will-smith-bad-boys-celebrity-party-face-mask,Will Smith Face Mask Bad | Foxy Printing,Will Smith Bad Boys Face Mask: a fun pick for birthdays and photo booths. 350gsm card with eye holes and elastic. Order now and make their day.
will-smith-deadshot-suicide-squad-celebrity-face-mask,Will Smith Face Mask | Foxy Printing,"Will Smith Face Mask: guaranteed laughs at any party. A4 size on 350gsm card, with eye holes cut and elastic included. Order now and make their day."
will-smith-kiss-birthday-card,Will Smith Kiss Birthday Card | Foxy Printing,"This printed card is a lovely way to mark their big day. Printed on thick 350gsm card, folded to A5, with a free white envelope. Order today."
will-smith-mask-jb-actor-movie-tv-celebrity-party-stag-birthday-idea-fancy-dress-face-mask,Will Smith Face Mask Jb | Foxy Printing,"Will Smith Face Mask: perfect for stag dos, hen parties and fancy dress. Printed on 350gsm silk card, cut to shape with eye holes and elastic. Order today."
will-smith-signed-autographed-television-star-print,Will Smith Movie Printed Signature Print | Foxy Printing,"Will Smith Printed Signature Print: a great gift for any fan. The signature is printed as part of the design, not added by hand. Order today."
will-you-be-my-godfather-personalised-baby-boy-girl-unisex-short-sleeve-bodysuit,Will You Be My Godfather Personalised Baby Grow,Will You Be My Godfather Personalised Baby Grow: a fun outfit for proud families. Add a name to make it their own. Wash and iron inside out. Order today.
will-young-1-signed-autographed-music-star-print,Will Young Music Printed Signature Print | Foxy Printing,"Will Young Printed Signature Print: a striking piece for a fan's wall. The signature is printed as part of the design, not added by hand. Treat them today."
will-young-2-signed-autographed-music-star-print,Will Young Music Printed Signature Print Design 2,Will Young Printed Signature Print: a great gift for any fan. A printed reproduction: the signature is part of the print. Add it to your basket today.
willa-ford-mh-2017-celebrity-face-mask,Willa Ford Face Mask | Foxy Printing,"Get the party started with a Willa Ford face mask. Full-colour print on 350gsm card, cut to shape with elastic. Great for a tribute-act birthday."
willam-holden-1-signed-autographed-nfl-star-print,Willam Holden NFL Printed Signature Print | Foxy Printing,Willam Holden Printed Signature Print: a striking piece for a fan's wall. The signature is printed in the design. Add it to your basket today.
willam-holden-2-signed-autographed-nfl-star-print,Willam Holden NFL Printed Signature Print Design 2,Willam Holden Printed Signature Print: a striking piece for a fan's wall. Printed to order in our North Yorkshire workshop. Add it to your basket today.
willard-printed-mug,Personalised Willard Mug | Foxy Printing,Personalised Willard Mug: a mug that brightens every brew. Personalise it with a name before you order. Dishwasher and microwave safe. Treat them today.
willard-scott-m936-television-autographed-poster-print-photo-signature-gift,Willard Scott Television TV Printed Signature Print,Willard Scott Television Printed Signature Print: a striking piece for a fan's wall. The signature is printed in the design. Add it to your basket today.
willard-scott-m937-television-autographed-poster-print-photo-signature-gift,Willard Scott Television TV Printed Signature Print Design 2,Willard Scott Television Printed Signature Print: a striking piece for a fan's wall. Printed in North Yorkshire. Order now and make their day.
willem-dafoe-1-movie-signed-by-autographed-poster-print,Willem Dafoe Movie Printed Signature Print | Foxy Printing,Willem Dafoe Movie Printed Signature Print: a great gift for any fan. Printed to order in our North Yorkshire workshop. Order now and make their day.
willem-dafoe-1-signed-autographed-television-star-print,Willem Dafoe TV Printed Signature Print | Foxy Printing,Willem Dafoe Printed Signature Print: a lovely gift for a true fan. Printed to order in our North Yorkshire workshop. Order now and make their day.
willem-dafoe-2-movie-signed-by-autographed-poster-print,Willem Dafoe Movie Printed Signature Print Design 2,Willem Dafoe Movie Printed Signature Print: a lovely gift for a true fan. The signature is printed in the design. Add it to your basket today.
willem-dafoe-2-signed-autographed-television-star-print,Willem Dafoe TV Printed Signature Print Design 2,Willem Dafoe Printed Signature Print: a great gift for any fan. A printed reproduction: the signature is part of the print. Treat them today.
willem-dafoe-3-movie-signed-by-autographed-poster-print,Willem Dafoe Movie Printed Signature Print Design 3,Willem Dafoe Movie Printed Signature Print: a great gift for any fan. The signature is printed in the design. A great gift idea. Order today.
willem-dafoe-3-signed-autographed-television-star-print,Willem Dafoe TV Printed Signature Print Design 3,Willem Dafoe Printed Signature Print: a lovely gift for a true fan. Printed to order in our North Yorkshire workshop. Add it to your basket today.
willem-dafoe-spider-man-celebrity-party-face-mask,Spider-Man Face Mask Willem | Foxy Printing,Willem Dafoe Face Mask: a crowd-pleaser for fancy dress and nights out. Posted in a board-backed envelope so it arrives flat. Treat them today.
willi-carlisle-music-star-celebrity-face-mask-fancy-dress-cardboard-costume-mask,Willi Carlisle Face Mask | Foxy Printing,"Get the party started with a Willi Carlisle face mask. Full-colour print on 350gsm card, cut to shape with elastic. Great for a festival weekend."
william-abadie-emily-in-paris-celebrity-face-mask,William Abadie Emily in Paris Face Mask | Foxy Printing,William Abadie Emily in Paris Face Mask: guaranteed laughs at any party. Posted in a board-backed envelope so it arrives flat. Treat them today.
william-gao-heartstopper-celebrity-face-mask,William Gao Heartstopper Face Mask | Foxy Printing,"Get the party started with a William Gao Heartstopper face mask. Full-colour print on 350gsm card, cut to shape with elastic. Great for a movie night."
william-hague-politician-face-mask,William Hague Face Mask | Foxy Printing,"Get the party started with a William Hague face mask. Full-colour print on 350gsm card, cut to shape with elastic. Great for a street party."
william-hartnell-the-first-doctor-doctor-who-celebrity-face-mask-fancy-dress-cardboard-costume-mask,William Hartnell Face Mask | Foxy Printing,"Get the party started with a William Hartnell face mask. Full-colour print on 350gsm card, cut to shape with elastic. Great for a soap-themed birthday."
william-jackson-iii-2-american-footballer-signed-by-autographed-poster-print,William Jackson III Printed Signature Print Design 2,William Jackson III Printed Signature Print: a lovely gift for a true fan. The signature is printed in the design. Add it to your basket today.
william-jackson-iii-2-signed-autographed-nfl-star-print,William Jackson Iii Printed Signature Print Design 4,William Jackson Iii Printed Signature Print: a striking piece for a fan's wall. Printed in North Yorkshire. A great gift idea. Order yours today.
william-jackson-iii-american-footballer-signed-by-autographed-poster-print,William Jackson III Printed Signature Print | Foxy Printing,William Jackson III Printed Signature Print: a lovely gift for a true fan. Printed in North Yorkshire. A great gift idea. Order now and make their day.
william-jackson-iii-signed-autographed-nfl-star-print,William Jackson Iii Printed Signature Print Design 3,William Jackson Iii Printed Signature Print: a lovely gift for a true fan. Printed in North Yorkshire. A great gift idea. Order now and make their day.
william-osula-limited-edition-signed-football-poster-print,William Osula Printed Signature Print | Foxy Printing,William Osula Printed Signature Print: a great gift for any fan. Printed to order in our North Yorkshire workshop. Order now and make their day.
william-osula-printed-signed-poster-newcastle-united-fc-striker-tribute-wall-art-with-jersey-bio-plaque-premier-league-football-memorabilia-for-fans-collectors,William Osula Printed Signature Poster | Foxy Printing,William Osula Printed Signature Print: a great gift for any fan. Printed to order in our North Yorkshire workshop. Add it to your basket today.
william-porterfield-2-cricket-signed-by-autographed-poster-print,William Porterfield Printed Signature Print Design 2,William Porterfield Printed Signature Print: a lovely gift for a true fan. Printed in North Yorkshire. A great gift idea. Order now and make their day.
william-porterfield-2-signed-autographed-cricket-star-print,William Porterfield Printed Signature Print Design 4,William Porterfield Printed Signature Print: a great gift for any fan. Printed in North Yorkshire. A great gift idea. Add it to your basket today.
william-porterfield-cricket-signed-by-autographed-poster-print,William Porterfield Printed Signature Print | Foxy Printing,William Porterfield Printed Signature Print: a striking piece for a fan's wall. The signature is printed in the design. Order now and make their day.
william-porterfield-signed-autographed-cricket-star-print,William Porterfield Printed Signature Print Design 3,William Porterfield Printed Signature Print: a striking piece for a fan's wall. A printed reproduction: the signature is part of the print. Order today.
william-printed-mug,Personalised William Mug | Foxy Printing,Personalised William Mug: a smile with every cuppa. Add any name to make it unique. Dishwasher and microwave safe. Add it to your basket today.
william-roache-celebrity-cardboard-party-face-mask-coronation-street-star-funny-soap-star-party-prop-fancy-dress-costume-accessory-for-hen-do-stag-do-birthdays-tv-theme-events,William Roache Face Mask Design 2 | Foxy Printing,"Get the party started with a William Roache face mask. Full-colour print on 350gsm card, cut to shape with elastic. Great for a telly-night quiz."
william-roache-jb-coronation-street-actors-fancy-dress-cardboard-celebrity-party-stag-birthday-idea-fancy-dress-face-mask,William Roache Face Mask | Foxy Printing,"Get the party started with a William Roache face mask. Full-colour print on 350gsm card, cut to shape with elastic. Great for a soap-themed birthday."
william-saliba-arsenal-face-mask-arsenal-manager-celebrity-card-mask-celebrity-mask-for-stag-do-hen-night-fancy-dress-costume-parties-funny-adult-card-mask,William Saliba Face Mask | Foxy Printing,"Get the party started with a William Saliba face mask. Full-colour print on 350gsm card, cut to shape with elastic. Great for a five-a-side."
william-saliba-top-footballer-autographed-print-landscape,William Saliba Top Printed Signature Print | Foxy Printing,William Saliba Top Printed Signature Print: a striking piece for a fan's wall. A printed reproduction: the signature is part of the print. Order today.
william-shakespeare-m283-authors-autographed-poster-print-photo-signature-gift,William Shakespeare Authors Printed Signature Print,William Shakespeare Authors Printed Signature Print: a great gift for any fan. Printed to order in our North Yorkshire workshop. Treat them today.
william-shakespeare-m284-authors-autographed-poster-print-photo-signature-gift,William Shakespeare Authors Printed Signature Print Design 2,William Shakespeare Authors Printed Signature Print: a great gift for any fan. Printed to order in our North Yorkshire workshop. Treat them today.
william-shatner-leonard-nimoy-1-signed-autographed-television-star-print,William Shatner Leonard Nimoy TV Signature Print Design 1,William Shatner Leonard Nimoy Printed Signature Print: a striking piece for a fan's wall. Printed to order in our North Yorkshire workshop. Order today.
william-shatner-leonard-nimoy-1-tv-show-signed-by-autographed-poster-print,William Shatner Leonard Nimoy TV Printed Signature Print,William Shatner Leonard Nimoy TV Show Printed Signature Print: a striking piece for a fan's wall. The signature is printed in the design. Treat them today.
william-shatner-leonard-nimoy-2-signed-autographed-television-star-print,William Shatner Leonard Nimoy TV Signature Print Design 4,William Shatner Leonard Nimoy Printed Signature Print: a striking piece for a fan's wall. Printed to order in our North Yorkshire workshop. Order today.
william-shatner-leonard-nimoy-2-tv-show-signed-by-autographed-poster-print,William Shatner Leonard Nimoy TV Signature Print Design 2,William Shatner Leonard Nimoy TV Show Printed Signature Print: a lovely gift for a true fan. Printed to order in our North Yorkshire workshop. Order today.
william-shatner-mh-2017-celebrity-face-mask,William Shatner Face Mask | Foxy Printing,"Get the party started with a William Shatner face mask. Full-colour print on 350gsm card, cut to shape with elastic. Great for a series finale watch party."
william-zabka-cobra-kai-celebrity-face-mask,William Zabka Face Mask | Foxy Printing,"Get the party started with a William Zabka face mask. Full-colour print on 350gsm card, cut to shape with elastic. Great for a soap-themed birthday."
williams-arcades-greatest-hits-replacement-snes-game-case-or-cover,Williams Arcade's Greatest Hits SNES Replacement Case,This replacement game case is a neat way to rehouse a loose cartridge or disc. No game included. Made in North Yorkshire. Add it to your basket today.
williams-arcades-greatest-hits-retro-gaming-keyring,Williams Arcade's Greatest Hits Retro SNES Keyring,Carry a classic with you on this retro gaming keyring. Printed in-house in North Yorkshire in full colour. A great gift idea. Order yours today.
williams-arcades-greatest-hits-retro-gaming-magnet,Williams Arcade's Greatest Hits Retro SNES Fridge Magnet,Bring back the classics with this retro gaming fridge magnet. Printed in-house in North Yorkshire in full colour. Add it to your basket today.
willian-2-footballer-autographed-poster-print-photo-signature-gift,Willian Football Printed Signature Print Design 3,Willian Printed Signature Print: a great gift for any fan. The signature is printed in the design. Made in North Yorkshire. Order now and make their day.
willian-2-signed-autographed-footballers-star-print,Willian Football Printed Signature Print Design 6,Willian Printed Signature Print: a striking piece for a fan's wall. The signature is printed in the design. Made in North Yorkshire. Order yours today.
willian-3-footballer-autographed-poster-print-photo-signature-gift,Willian Football Printed Signature Print | Foxy Printing,"Willian Printed Signature Print: a striking piece for a fan's wall. The signature is printed as part of the design, not added by hand. Order yours today."
willian-5-signed-autographed-footballers-star-print,Willian Football Printed Signature Print Design 7,Willian Printed Signature Print: a lovely gift for a true fan. A printed reproduction: the signature is part of the print. Order yours today.
willian-chelsea-personalised-football-card,Personalised Willian Football Birthday Card | Foxy Printing,"Send a smile with this personalised birthday card. Add a name, age and a message inside before you order. Folded to A5 on 350gsm card. Order yours today."
willian-football-gift-mc1677-framed-autographed-print,Willian Football Printed Signature Print Design 4,Willian Printed Signature Print: a striking piece for a fan's wall. A printed reproduction: the signature is part of the print. Order today.
willian-footballer-autographed-poster-print-photo-signature-gift,Willian Football Printed Signature Print Design 2,Willian Printed Signature Print: a striking piece for a fan's wall. A printed reproduction: the signature is part of the print. Treat them today.
willian-pacho-limited-edition-signed-football-poster-print,Willian Pacho Printed Signature Print | Foxy Printing,Willian Pacho Printed Signature Print: a great gift for any fan. Printed in North Yorkshire. A great gift idea. Order now and make their day.
willian-signed-autographed-footballers-star-print,Willian Football Printed Signature Print Design 5,Willian Printed Signature Print: a striking piece for a fan's wall. The signature is printed in the design. Made in North Yorkshire. Treat them today.
willie-carson-2-horse-racing-signed-by-autographed-poster-print,Willie Carson Horse Racer Printed Signature Print Design 2,Willie Carson Horse Racer Printed Signature Print: a great gift for any fan. Printed to order in our North Yorkshire workshop. Order yours today.
willie-carson-2-signed-autographed-horse-racing-star-print,Willie Carson Printed Signature Print Design 2,Willie Carson Printed Signature Print: a lovely gift for a true fan. Printed to order in our North Yorkshire workshop. Add it to your basket today.
willie-carson-horse-racing-signed-by-autographed-poster-print,Willie Carson Horse Racer Printed Signature Print,Willie Carson Horse Racer Printed Signature Print: a great gift for any fan. Printed in North Yorkshire. A great gift idea. Order now and make their day.
willie-carson-signed-autographed-horse-racing-star-print,Willie Carson Printed Signature Print | Foxy Printing,Willie Carson Printed Signature Print: a striking piece for a fan's wall. The signature is printed in the design. Add it to your basket today.
willie-henry-1-american-footballer-signed-by-autographed-poster-print,Willie Henry NFL Printed Signature Print | Foxy Printing,"Willie Henry Printed Signature Print: a great gift for any fan. The signature is printed as part of the design, not added by hand. Treat them today."
willie-henry-1-signed-autographed-nfl-star-print,Willie Henry NFL Printed Signature Print Design 1,"Willie Henry Printed Signature Print: a lovely gift for a true fan. The signature is printed as part of the design, not added by hand. Treat them today."
willie-henry-2-american-footballer-signed-by-autographed-poster-print,Willie Henry NFL Printed Signature Print Design 2,"Willie Henry Printed Signature Print: a lovely gift for a true fan. The signature is printed as part of the design, not added by hand. Order today."
willie-henry-2-signed-autographed-nfl-star-print,Willie Henry NFL Printed Signature Print Design 4,Willie Henry Printed Signature Print: a striking piece for a fan's wall. Printed in North Yorkshire. A great gift idea. Add it to your basket today.
willie-mays-copy-2-baseball-player-autographed-poster-print-photo-signature-gift,Willie Mays Baseball Printed Signature Print Design 2,Willie Mays Baseball Printed Signature Print: a striking piece for a fan's wall. A printed reproduction: the signature is part of the print. Order today.
willie-mays-copy-baseball-player-autographed-poster-print-photo-signature-gift,Willie Mays Baseball Printed Signature Print | Foxy Printing,Willie Mays Baseball Printed Signature Print: a great gift for any fan. Printed in North Yorkshire. A great gift idea. Order now and make their day.
willie-mccovey-copy-2-baseball-player-autographed-poster-print-photo-signature-gift,Willie McCovey Baseball Printed Signature Print Design 2,Willie McCovey Baseball Printed Signature Print: a striking piece for a fan's wall. Printed to order in our North Yorkshire workshop. Order yours today.
willie-mccovey-copy-baseball-player-autographed-poster-print-photo-signature-gift,Willie McCovey Baseball Printed Signature Print,"Willie McCovey Baseball Printed Signature Print: a great gift for any fan. The signature is printed as part of the design, not added by hand. Order today."
willie-pastrano-m798-boxing-autographed-poster-print-photo-signature-gift,Willie Pastrano Printed Signature Print | Foxy Printing,Willie Pastrano Printed Signature Print: a lovely gift for a true fan. Printed in North Yorkshire. A great gift idea. Add it to your basket today.
willie-pep-m799-boxing-autographed-poster-print-photo-signature-gift,Willie Pep Boxing Printed Signature Print | Foxy Printing,Willie Pep Printed Signature Print: a striking piece for a fan's wall. Printed to order in our North Yorkshire workshop. Add it to your basket today.
willie-pep-m800-boxing-autographed-poster-print-photo-signature-gift,Willie Pep Boxing Printed Signature Print Design 2,Willie Pep Printed Signature Print: a lovely gift for a true fan. Printed to order in our North Yorkshire workshop. Add it to your basket today.
willie-salim-face-mask-social-media-influencer-novelty-mask-funny-fancy-dress-costume-for-parties-events-stag-do-adult-card-mask,Willie Salim Face Mask Social | Foxy Printing,Fancy dress made easy: a Willie Salim face mask on thick card with eye holes and elastic. Perfect for a sports-themed birthday and photo booths.
willie-salim-realistic-cardboard-celebrity-mask-for-stag-do-hen-do-fancy-dress-costume-parties-fun-party-disguise,Willie Salim Face Mask | Foxy Printing,Willie Salim Face Mask: guaranteed laughs at any party. Posted in a board-backed envelope so it arrives flat. Made in North Yorkshire. Order yours today.
willie-snead-1-american-footballer-signed-by-autographed-poster-print,Willie Snead NFL Printed Signature Print | Foxy Printing,Willie Snead Printed Signature Print: a lovely gift for a true fan. Printed to order in our North Yorkshire workshop. Add it to your basket today.
willie-snead-1-signed-autographed-nfl-star-print,Willie Snead NFL Printed Signature Print Design 1,Willie Snead Printed Signature Print: a striking piece for a fan's wall. A printed reproduction: the signature is part of the print. Order yours today.
willie-snead-2-american-footballer-signed-by-autographed-poster-print,Willie Snead NFL Printed Signature Print Design 2,Willie Snead Printed Signature Print: a great gift for any fan. Printed to order in our North Yorkshire workshop. Add it to your basket today.
willie-snead-2-signed-autographed-nfl-star-print,Willie Snead NFL Printed Signature Print Design 4,Willie Snead Printed Signature Print: a great gift for any fan. A printed reproduction: the signature is part of the print. Add it to your basket today.
willie-thorne-2-snooker-signed-by-autographed-poster-print,Willie Thorne Snooker Printed Signature Print Design 2,"Willie Thorne Snooker Printed Signature Print: a great gift for any fan. The signature is printed as part of the design, not added by hand. Order today."
willie-thorne-snooker-signed-by-autographed-poster-print,Willie Thorne Snooker Printed Signature Print,Willie Thorne Snooker Printed Signature Print: a lovely gift for a true fan. Printed to order in our North Yorkshire workshop. Order yours today.
willis-reed-m140-basketball-player-autographed-poster-print-photo-signature-gift,Willis Reed Basketball Printed Signature Print,Willis Reed Basketball Printed Signature Print: a lovely gift for a true fan. A printed reproduction: the signature is part of the print. Treat them today.
willis-reed-m141-basketball-player-autographed-poster-print-photo-signature-gift,Willis Reed Basketball Printed Signature Print Design 2,Willis Reed Basketball Printed Signature Print: a lovely gift for a true fan. A printed reproduction: the signature is part of the print. Order today.
willow-retro-nes-gaming-fridge-magnet-630,Willow Retro NES Fridge Magnet | Foxy Printing,This retro gaming fridge magnet is a fun gift for any retro gamer. Printed in-house in North Yorkshire in full colour. Add it to your basket today.
willow-retro-nes-gaming-keyring,Wild Gunman Retro NES Keyring | Foxy Printing,A nostalgic retro gaming keyring for retro gaming fans. Made to order in our North Yorkshire workshop. A great gift idea. Order now and make their day.
willow-rosenberg-alyson-hannigan-buffy-the-vampire-slayer-celebrity-face-mask-fancy-dress-cardboard-costume-mask,Alyson Hannigan Face Mask Willow | Foxy Printing,"Willow Rosenberg Face Mask: guaranteed laughs at any party. Printed on 350gsm silk card, cut to shape with eye holes and elastic. Treat them today."
willy-caballero-2-footballer-autographed-poster-print-photo-signature-gift,Willy Caballero Printed Signature Print Design 2,Willy Caballero Printed Signature Print: a great gift for any fan. The signature is printed in the design. A great gift idea. Add it to your basket today.
willy-caballero-2-signed-autographed-footballers-star-print,Willy Caballero Printed Signature Print Design 4,Willy Caballero Printed Signature Print: a striking piece for a fan's wall. Printed to order in our North Yorkshire workshop. Order yours today.
willy-caballero-footballer-autographed-poster-print-photo-signature-gift,Willy Caballero Printed Signature Print | Foxy Printing,Willy Caballero Printed Signature Print: a great gift for any fan. Printed to order in our North Yorkshire workshop. Add it to your basket today.
willy-caballero-signed-autographed-footballers-star-print,Willy Caballero Printed Signature Print Design 3,Willy Caballero Printed Signature Print: a great gift for any fan. Printed in North Yorkshire. A great gift idea. Order now and make their day.
willy-wonka-gene-movies-stars-2015-celebrity-face-mask,Willy Wonka Gene Face Mask | Foxy Printing,"Get the party started with a Willy Wonka Gene face mask. Full-colour print on 350gsm card, cut to shape with elastic. Great for a movie night."
willybeamish-retro-gaming-case,Willy Beamish Mega CD Replacement Case | Foxy Printing,This tongue-in-cheek replacement game case is a gift for friends who like a laugh. No game included. Made in North Yorkshire. Add it to your basket today.
willybeamish-retro-gaming-keyring,Willy Beamish Retro Mega CD Keyring | Foxy Printing,A cheeky novelty retro gaming keyring for someone with a wicked sense of humour. Made to order in our North Yorkshire workshop. Order today.
willybeamish-retro-gaming-magnet,Willybeamish Retro Mega CD Fridge Magnet | Foxy Printing,Bring back the classics with this retro gaming fridge magnet. Printed in-house in North Yorkshire in full colour. Add it to your basket today.
wilmer-printed-mug,Personalised Wilmer Mug | Foxy Printing,Personalised Wilmer Mug: a cheerful gift for home or the office. Add their name to make it their own. Dishwasher and microwave safe. Order yours today.
wilson-isidor-signed-autograph-poster-print-football-star-collectible-gift-for-football-fans,Wilson Isidor Printed Signature Print | Foxy Printing,Wilson Isidor Printed Signature Print: a great gift for any fan. A printed reproduction: the signature is part of the print. Treat them today.
wilson-isidor-signed-football-memorabilia-framed-autograph-display-with-sunderland-tribute-collector-s-gift-for-fans,Wilson Isidor Printed Signature Print Design 2,Wilson Isidor Printed Signature Print: a striking piece for a fan's wall. Printed to order in our North Yorkshire workshop. Add it to your basket today.
wilson-odobert-limited-edition-signed-football-poster-print,Wilson Odobert Printed Signature Print | Foxy Printing,"Wilson Odobert Printed Signature Print: a striking piece for a fan's wall. The signature is printed as part of the design, not added by hand. Order today."
wilson-odobert-signed-poster-print-tottenham-hotspur-tribute-wall-art-with-autograph-panel-french-forward-memorabilia-for-fans-collectors,Wilson Odobert Printed Signature Print Design 2,Wilson Odobert Printed Signature Print: a great gift for any fan. The signature is printed in the design. Made in North Yorkshire. Order yours today.
wilson-printed-mug,Personalised Wilson Mug | Foxy Printing,Personalised Wilson Mug: a mug that brightens every brew. Add any name to make it unique. Dishwasher and microwave safe. Order now and make their day.
wilt-chamberlain-m142-basketball-player-autographed-poster-print-photo-signature-gift,Wilt Chamberlain Basketball Printed Signature Print,Wilt Chamberlain Basketball Printed Signature Print: a lovely gift for a true fan. The signature is printed in the design. Add it to your basket today.
wilt-chamberlain-m143-basketball-player-autographed-poster-print-photo-signature-gift,Wilt Chamberlain Basketball Printed Signature Print Design 2,Wilt Chamberlain Basketball Printed Signature Print: a great gift for any fan. The signature is printed in the design. Order now and make their day.
wilton-printed-mug,Personalised Wilton Mug | Foxy Printing,"Personalised Wilton Mug: a cheerful gift for home or the office. Personalise it with a name before you order. 11oz ceramic, dishwasher safe. Order today."
wimbledon-1986-retro-football-lightweight-beach-gym-towel,Wimbledon 1986 Retro Football Beach Towel | Foxy Printing,Brighten someone's day with this printed towel. Add a name to make it theirs. Custom designs on request. Made to order in North Yorkshire. Order today.
wimbledon-football-club-gift-the-wombles-tiny-men-big-balls-poster,Wimbledon Football Club Gift – The Wombles Poster,Brighten up a wall with this poster print. Printed to order in our North Yorkshire workshop. A great gift idea. Add it to your basket today.
win-lose-or-draw-retro-nes-gaming-fridge-magnet-631,Win Lose or Draw Retro NES Fridge Magnet | Foxy Printing,A nostalgic retro gaming fridge magnet for gamers of all ages. Printed in-house in North Yorkshire in full colour. Add it to your basket today.
win-lose-or-draw-retro-nes-gaming-keyring,Willow Retro NES Keyring | Foxy Printing,Carry a classic with you on this retro gaming keyring. Printed in-house in North Yorkshire in full colour. A great gift idea. Add it to your basket today.
windjammers-neo-geo-cd-retro-gaming-keyring,Windjammers CD Retro Neo Geo Keyring | Foxy Printing,A nostalgic retro gaming keyring for retro gaming fans. Printed in-house in North Yorkshire in full colour. A great gift idea. Add it to your basket today.
windjammers-neo-geo-cd-retro-gaming-magnet,Windjammers Cd Retro Neo Geo Fridge Magnet | Foxy Printing,This retro gaming fridge magnet is a fun gift for any retro gamer. Printed in-house in North Yorkshire in full colour. Order now and make their day.
windsurfing-party-bunting-personalised-custom-bunting-premium-party-decorations,Windsurfing Party Bunting | Foxy Printing,"Windsurfing Party Bunting: a fun finishing touch for any celebration. A5 flags on 300gsm silk card, ready to thread and hang. Add it to your basket today."
wine-o-clock-drinks-coaster,Wine O' Clock Drinks Coaster | Foxy Printing,Wine O' Clock Drinks Coaster: a fun gift for the home bar. Custom designs on request. Made to order in North Yorkshire. Add it to your basket today.
wine-spirit-black-handle-alchemy-mug,Wine Spirit Black Handle Alchemy Gothic Goth Horror Mug,Wine Spirit Black Handle Alchemy Gothic Goth Horror Mug: a fun gift for any tea or coffee lover. Dishwasher and microwave safe. Treat them today.
wine-swine-girl-drinks-coaster,Wine Swine Drinks Coaster | Foxy Printing,Wine Swine Drinks Coaster: a cheerful gift for anyone who loves a cuppa. Made to order in our North Yorkshire workshop. Add it to your basket today.
wine-swine-guy-drinks-coaster,Wine Swine Drinks Coaster Guy | Foxy Printing,Wine Swine Drinks Coaster Guy: a fun little gift for the home or office. Made to order in North Yorkshire. A great gift idea. Add it to your basket today.
wine-warning-drinks-coaster,Wine Warning Drinks Coaster | Foxy Printing,Wine Warning Drinks Coaster: a cheerful gift for anyone who loves a cuppa. Made to order in North Yorkshire. A great gift idea. Treat them today.
winfred-printed-mug,Personalised Winfred Mug | Foxy Printing,"Personalised Winfred Mug: a smile with every cuppa. Personalise it with a name before you order. 11oz ceramic, dishwasher safe. Order yours today."
wing-commander-gaming-t-shirt,Wing Commander – Gaming T-Shirt | Foxy Printing,Wing Commander Gaming T-Shirt: made to stand out. Custom designs on request. Made to order in North Yorkshire. Order now and make their day.
wing-commander-replacement-snes-game-case-or-cover,Wing Commander the Secret Missions SNES Replacement Case,Give your game a fresh look with this replacement game case. Made to order in our North Yorkshire workshop; no game included. Add it to your basket today.
wing-commander-retro-gaming-keyring,Wing Commander Retro SNES Keyring | Foxy Printing,A nostalgic retro gaming keyring for retro gaming fans. Made to order in our North Yorkshire workshop. A great gift idea. Order now and make their day.
wing-commander-retro-gaming-magnet,Wing Commander Retro SNES Fridge Magnet | Foxy Printing,Bring back the classics with this retro gaming fridge magnet. Made to order in our North Yorkshire workshop. A great gift idea. Order yours today.
wing-commander-the-secret-missions-replacement-snes-game-case-or-cover,Wing Commander SNES Replacement Case | Foxy Printing,Restore your shelf with this replacement game case. It's a printed case or cover only; no game is included. Printed in North Yorkshire. Order today.
wing-commander-the-secret-missions-retro-gaming-keyring,Wing Commander the Secret Missions Retro SNES Keyring,This retro gaming keyring is a fun little gift for any gamer. Printed in-house in North Yorkshire in full colour. Order now and make their day.
wing-commander-the-secret-missions-retro-gaming-magnet,Wing Commander the Secret Missions Retro SNES Fridge Magnet,A nostalgic retro gaming fridge magnet for gamers of all ages. Printed in-house in North Yorkshire in full colour. Order now and make their day.
wingcommander-retro-gaming-case,Wing Commander Mega CD Replacement Case | Foxy Printing,Tidy up your collection with this replacement game case. Printed in-house in North Yorkshire. No game included. Add it to your basket today.
wings-2-aces-high-gaming-t-shirt,Wings 2 – Aces High | Foxy Printing,Wings 2 Aces High: made to stand out. Made to order in our North Yorkshire workshop. Custom designs on request. Add it to your basket today.
wings-2-replacement-snes-game-case-or-cover,Wings 2 SNES Replacement Case | Foxy Printing,Tidy up your collection with this replacement game case. Made to order in our North Yorkshire workshop; no game included. Order yours today.
wings-2-retro-gaming-keyring,Wings 2 Retro SNES Keyring | Foxy Printing,This retro gaming keyring is a fun little gift for any gamer. Made to order in our North Yorkshire workshop. A great gift idea. Order yours today.
wings-2-retro-gaming-magnet,Wings 2 Retro SNES Fridge Magnet | Foxy Printing,A nostalgic retro gaming fridge magnet for gamers of all ages. Printed in-house in North Yorkshire in full colour. Add it to your basket today.
winifred-printed-mug,Personalised Winifred Mug | Foxy Printing,Personalised Winifred Mug: a fun gift for any tea or coffee lover. Add their name to make it their own. Dishwasher and microwave safe. Order yours today.
winniethepoohandventuresinthe100acrewood-retro-gaming-magnet,Winnie the Pooh Retro Game Boy Color Fridge Magnet,A nostalgic retro gaming fridge magnet for gamers of all ages. Made to order in our North Yorkshire workshop. A great gift idea. Order yours today.
winniethepoohrumblytumblyadventure_eu,Winnie the Pooh Rumbly Tumbly Retro GameCube Fridge Magnet,Add some retro fun to the fridge with this retro gaming fridge magnet. Printed in North Yorkshire. A great gift idea. Order now and make their day.
winning-bumper-window-sticker,#Winning Novelty Vinyl Car Sticker | Foxy Printing,"#Winning Novelty Vinyl Car Sticker: printed to order for your home, car or business. Made to order in North Yorkshire. Add it to your basket today."
winning-post-jp-retro-gaming-keyring,Winning Post Retro Mega CD Keyring | Foxy Printing,This retro gaming keyring is a fun little gift for any gamer. Made to order in our North Yorkshire workshop. A great gift idea. Order yours today.
winning-post-jp-retro-gaming-magnet,Winning Post Retro Mega CD Fridge Magnet | Foxy Printing,Add some retro fun to the fridge with this retro gaming fridge magnet. Printed in-house in North Yorkshire in full colour. Add it to your basket today.
winningpost-jp-retro-gaming-case,Winning Post Mega CD Replacement Case | Foxy Printing,Restore your shelf with this replacement game case. Printed in-house in North Yorkshire. No game included. A great gift idea. Treat them today.
winona-ryder-celebrity-face-mask,Winona Ryder Face Mask | Foxy Printing,Winona Ryder card face mask for an Oscars-style party. Printed on 350gsm silk card cut to shape with eye holes and elastic. Order yours today.
winona-ryder-stranger-things-celebrity-party-face-mask,Winona Ryder Face Mask Stranger | Foxy Printing,Winona Ryder card face mask for an Oscars-style party. Printed on 350gsm silk card cut to shape with eye holes and elastic. Order yours today.
winslet-2017-celebrity-face-mask,Winslet Face Mask | Foxy Printing,Winslet Face Mask: a fun pick for birthdays and photo booths. Cut to shape with eye holes. Made in North Yorkshire. Add it to your basket today.
winston-churchill-face-mask,Winston Churchill Face Mask | Foxy Printing,Winston Churchill card face mask for an election-night get-together. Printed on 350gsm silk card cut to shape with eye holes and elastic. Order yours.
winston-personalised-birthday-card-sa060917,Personalised Winston Birthday Card | Foxy Printing,"Make their day with this personalised birthday card. Add a name, age and a message inside before you order. Folded to A5 on 350gsm card. Order today."
winston-reid-1-football-player-signed-by-autographed-poster-print,Winston Reid Printed Signature Print | Foxy Printing,Winston Reid Printed Signature Print: a great gift for any fan. Printed to order in our North Yorkshire workshop. Add it to your basket today.
winston-reid-1-signed-autographed-footballers-star-print,Winston Reid Printed Signature Print Design 1,Winston Reid Printed Signature Print: a lovely gift for a true fan. The signature is printed in the design. Made in North Yorkshire. Treat them today.
winston-reid-2-football-player-signed-by-autographed-poster-print,Winston Reid Printed Signature Print Design 2,"Winston Reid Printed Signature Print: a striking piece for a fan's wall. The signature is printed as part of the design, not added by hand. Order today."
winston-reid-2-signed-autographed-footballers-star-print,Winston Reid Printed Signature Print Design 4,Winston Reid Printed Signature Print: a striking piece for a fan's wall. Printed to order in our North Yorkshire workshop. Order yours today.
winter-birthday-personalised-birthday-card,Personalised Winter Adult Birthday Card | Foxy Printing,"Send a smile with this personalised birthday card. Personalise it with a name, age and message. Thick 350gsm card with a free envelope. Treat them today."
winter-black-handle-alchemy-mug,Winter Black Handle Alchemy Gothic Goth Horror Stars Mug,"Winter Black Handle Alchemy Gothic Goth Horror Stars Mug: a smile with every cuppa. Sublimation printed, so the design is part of the glaze. Order today."
winter-coat-personalised-birthday-card,Personalised Winter Coat Adult Birthday Card | Foxy Printing,"Our personalised birthday card is made to make someone feel special. Personalise it with a name, age and message. Folded to A5 on 350gsm card. Order today."
winter-games-atari-2600-case-or-cover,Winter Games Atari 2600 Replacement Case | Foxy Printing,Tidy up your collection with this replacement game case. It's a printed case or cover only; no game is included. Add it to your basket today.
winter-games-retro-gaming-magnet,Winter Games Retro Atari 7800 Fridge Magnet | Foxy Printing,Add some retro fun to the fridge with this retro gaming fridge magnet. Printed in North Yorkshire. A great gift idea. Add it to your basket today.
winter-games-retro-nes-gaming-fridge-magnet-632,Winter Games Retro NES Fridge Magnet | Foxy Printing,A nostalgic retro gaming fridge magnet for gamers of all ages. Printed in-house in North Yorkshire in full colour. Add it to your basket today.
winter-games-retro-nes-gaming-keyring,Win Lose or Draw Retro NES Keyring | Foxy Printing,This retro gaming keyring is a fun little gift for any gamer. Printed in-house in North Yorkshire in full colour. Add it to your basket today.
winter-olympic-games-lille-hammer-94-sega-megadrive-retro-gaming-magnet,Winter Olympic Games Lille Retro Mega Drive Fridge Magnet,Add some retro fun to the fridge with this retro gaming fridge magnet. Made to order in our North Yorkshire workshop. Order now and make their day.
wintergold-gaming-t-shirt,Wintergold – Gaming T-Shirt | Foxy Printing,Wintergold Gaming T-Shirt: a great gift that's made to order. Made to order in our North Yorkshire workshop. Custom designs on request. Treat them today.
wipe-my-bum-you-must-personalised-baby-boy-girl-unisex-short-sleeve-bodysuit,Wipe My Bum You Must Personalised Baby Grow | Foxy Printing,Wipe My Bum You Must Personalised Baby Grow: a cute pick for baby showers. Add a name to make it their own. Wash and iron inside out. Order yours today.
wipeout-eu-ps1-playstation-1-game-keyring,Wipe Out Retro PS1 Fridge Magnet | Foxy Printing,This retro gaming fridge magnet is a fun gift for any retro gamer. Printed in North Yorkshire. A great gift idea. Add it to your basket today.
wipeout2097-eu-ps1-playstation-1-game-keyring,Wipe Out 2097 Retro PS1 Fridge Magnet | Foxy Printing,Bring back the classics with this retro gaming fridge magnet. Made to order in our North Yorkshire workshop. A great gift idea. Order today.
wipeout3-ps1-playstation-1-game-keyring,Wipe Out3 Retro PS1 Fridge Magnet | Foxy Printing,Add some retro fun to the fridge with this retro gaming fridge magnet. Made to order in our North Yorkshire workshop. Add it to your basket today.
wipeout3specialedition-eu-ps1-playstation-1-game-keyring,Wipe Out 3 Retro PS1 Fridge Magnet | Foxy Printing,A nostalgic retro gaming fridge magnet for gamers of all ages. Printed in-house in North Yorkshire in full colour. Add it to your basket today.
wirehead-retro-gaming-case,Wirehead Mega CD Replacement Case | Foxy Printing,Give your game a fresh look with this replacement game case. It's a printed case or cover only; no game is included. Add it to your basket today.
wirehead-retro-gaming-keyring,Wire Head Retro Mega CD Keyring | Foxy Printing,This retro gaming keyring is a fun little gift for any gamer. Printed in-house in North Yorkshire in full colour. Add it to your basket today.
wirehead-retro-gaming-magnet,Wirehead Retro Mega CD Fridge Magnet | Foxy Printing,A nostalgic retro gaming fridge magnet for gamers of all ages. Printed in-house in North Yorkshire in full colour. Add it to your basket today.
wisdomtree-bible-adventures-retro-nes-gaming-fridge-magnet-680,Wisdomtree Bible Adventures Retro NES Fridge Magnet,Bring back the classics with this retro gaming fridge magnet. Made to order in our North Yorkshire workshop. A great gift idea. Order today.
wisdomtree-bible-adventures-retro-nes-gaming-keyring,Winter Games Retro NES Keyring | Foxy Printing,Keep your keys retro with this retro gaming keyring. Printed in-house in North Yorkshire in full colour. A great gift idea. Add it to your basket today.
wisdomtree-bible-buffet-retro-nes-gaming-fridge-magnet-681,Wisdomtree Bible Buffet Retro NES Fridge Magnet,Add some retro fun to the fridge with this retro gaming fridge magnet. Printed in North Yorkshire. A great gift idea. Order now and make their day.
wisdomtree-bible-buffet-retro-nes-gaming-keyring,Wisdomtree Bible Adventures Retro NES Keyring,Carry a classic with you on this retro gaming keyring. Printed in-house in North Yorkshire in full colour. A great gift idea. Order now and make their day.
wisdomtree-exodus-retro-nes-gaming-fridge-magnet-682,Wisdomtree Exodus Retro NES Fridge Magnet | Foxy Printing,Bring back the classics with this retro gaming fridge magnet. Printed in-house in North Yorkshire in full colour. Add it to your basket today.
wisdomtree-exodus-retro-nes-gaming-keyring,Wisdomtree Bible Buffet Retro NES Keyring | Foxy Printing,Carry a classic with you on this retro gaming keyring. Made to order in our North Yorkshire workshop. A great gift idea. Order now and make their day.
wisdomtree-joshua-retro-nes-gaming-fridge-magnet-683,Wisdomtree Joshua Retro NES Fridge Magnet | Foxy Printing,This retro gaming fridge magnet is a fun gift for any retro gamer. Printed in-house in North Yorkshire in full colour. Order now and make their day.
wisdomtree-joshua-retro-nes-gaming-keyring,Wisdomtree Exodus Retro NES Keyring | Foxy Printing,A nostalgic retro gaming keyring for retro gaming fans. Made to order in our North Yorkshire workshop. A great gift idea. Order now and make their day.
wisdomtree-king-of-kings-retro-nes-gaming-fridge-magnet-684,Wisdomtree King of Kings Retro NES Fridge Magnet,Bring back the classics with this retro gaming fridge magnet. Printed in-house in North Yorkshire in full colour. Add it to your basket today.
wisdomtree-king-of-kings-retro-nes-gaming-keyring,Wisdomtree Joshua Retro NES Keyring | Foxy Printing,Carry a classic with you on this retro gaming keyring. Made to order in our North Yorkshire workshop. A great gift idea. Order now and make their day.
wisdomtree-spiritual-warfare-retro-nes-gaming-fridge-magnet-685,Wisdomtree Spiritual Warfare Retro NES Fridge Magnet,This retro gaming fridge magnet is a fun gift for any retro gamer. Printed in-house in North Yorkshire in full colour. Add it to your basket today.
wisdomtree-spiritual-warfare-retro-nes-gaming-keyring,Wisdomtree King of Kings Retro NES Keyring | Foxy Printing,Keep your keys retro with this retro gaming keyring. Printed in-house in North Yorkshire in full colour. A great gift idea. Treat them today.
wisdomtree-sunday-funday-retro-nes-gaming-fridge-magnet-686,Wisdomtree Sunday Funday Retro NES Fridge Magnet,This retro gaming fridge magnet is a fun gift for any retro gamer. Printed in North Yorkshire. A great gift idea. Add it to your basket today.
wisdomtree-sunday-funday-retro-nes-gaming-keyring,Wisdomtree Spiritual Warfare Retro NES Keyring,A nostalgic retro gaming keyring for retro gaming fans. Printed in-house in North Yorkshire in full colour. A great gift idea. Add it to your basket today.
witch-cat-gaming-mouse-mat-extra-large-800x300mm-desk-pad-mystical-cat-magic-design-non-slip-rubber-base-aesthetic-desk-decor-for-gamers-cat-lovers,Witch Cat Gaming Mouse Mat – Extra Large Desk Pad,Witch Cat Gaming Mouse Mat Extra Large Desk Pad: a fun gift for gamers and home workers. Made to order in our North Yorkshire workshop. Order today.
witch-in-training-personalised-baby-boy-girl-unisex-short-sleeve-bodysuit,Witch in Training Personalised Baby Grow | Foxy Printing,Witch in Training Personalised Baby Grow: a sweet gift for a new arrival. Personalise it with the baby's name. Wash and iron inside out. Order today.
witch-pastel-gaming-mouse-mat-extra-large-800x300mm-desk-pad-cute-pastel-witch-aesthetic-mousepad-for-gamers-artists-students-non-slip-rubber-base-spooky-cute-desk-decor,Witch Pastel Gaming Mouse Mat – Extra Large Desk Pad,"Witch Pastel Gaming Mouse Mat Extra Large Desk Pad: a great upgrade for any desk or gaming setup. Printed in-house in North Yorkshire, UK. Order today."
with-love-personalised-birthday-card,Personalised With Love Adult Birthday Card | Foxy Printing,"Send a smile with this personalised birthday card. Add their name, age and your own message inside. Thick 350gsm card with a free envelope. Order today."
withnail-i-2-signed-autographed-movie-star-print,Withnail I Movie Printed Signature Print Design 2,"Withnail I Printed Signature Print: a striking piece for a fan's wall. The signature is printed as part of the design, not added by hand. Order today."
withnail-i-signed-autographed-movie-star-print,Withnail I Movie Printed Signature Print | Foxy Printing,Withnail I Printed Signature Print: a lovely gift for a true fan. The signature is printed in the design. A great gift idea. Order yours today.
wiz-khalifa-1-signed-autographed-music-star-print,Wiz Khalifa Music Printed Signature Print | Foxy Printing,Wiz Khalifa Printed Signature Print: a striking piece for a fan's wall. Printed to order in our North Yorkshire workshop. Order yours today.
wiz-khalifa-2-signed-autographed-music-star-print,Wiz Khalifa Music Printed Signature Print Design 2,Wiz Khalifa Printed Signature Print: a striking piece for a fan's wall. Printed in North Yorkshire. A great gift idea. Order now and make their day.
wiz-khalifa-2025-celebrity-face-mask-fancy-dress-cardboard-costume-mask,Wiz Khalifa Face Mask | Foxy Printing,Wiz Khalifa card face mask for a tribute-act birthday. Printed on 350gsm silk card cut to shape with eye holes and elastic. Order yours today.
wizard-in-training-personalised-baby-boy-girl-unisex-short-sleeve-bodysuit,Wizard in Training Personalised Baby Grow | Foxy Printing,Wizard in Training Personalised Baby Grow: a sweet gift for a new arrival. Personalise it with the baby's name. Wash and iron inside out. Treat them today.
wizard-of-oz-replacement-snes-game-case-or-cover,Wizard of Oz SNES Replacement Case | Foxy Printing,This replacement game case is a neat way to rehouse a loose cartridge or disc. No game included. A great gift idea. Add it to your basket today.
wizard-of-oz-retro-gaming-keyring,Wizard of Oz Retro SNES Keyring | Foxy Printing,This retro gaming keyring is a fun little gift for any gamer. Printed in-house in North Yorkshire in full colour. Order now and make their day.
wizard-of-oz-retro-gaming-magnet,Wizard of Oz Retro SNES Fridge Magnet | Foxy Printing,A nostalgic retro gaming fridge magnet for gamers of all ages. Printed in-house in North Yorkshire in full colour. Order now and make their day.
wizardry-knight-of-diamonds-retro-nes-gaming-fridge-magnet-634,Wizardry Knight of Diamonds Retro NES Fridge Magnet,A nostalgic retro gaming fridge magnet for gamers of all ages. Made to order in our North Yorkshire workshop. A great gift idea. Treat them today.
wizardry-knight-of-diamonds-retro-nes-gaming-keyring,Wisdomtree Sunday Funday Retro NES Keyring | Foxy Printing,A nostalgic retro gaming keyring for retro gaming fans. Made to order in our North Yorkshire workshop. A great gift idea. Order now and make their day.
wizardry-retro-nes-gaming-fridge-magnet-633,Wizardry Retro NES Fridge Magnet | Foxy Printing,This retro gaming fridge magnet is a fun gift for any retro gamer. Printed in-house in North Yorkshire in full colour. Add it to your basket today.
wizardry-retro-nes-gaming-keyring,Wizardry Knight of Diamonds Retro NES Keyring,A nostalgic retro gaming keyring for retro gaming fans. Printed in-house in North Yorkshire in full colour. A great gift idea. Add it to your basket today.
wizardry-v-heart-of-the-maelstrom-replacement-snes-game-case-or-cover,Wizardry V Heart of the Maelstrom SNES Replacement Case,This replacement game case is a neat way to rehouse a loose cartridge or disc. No game included. Made in North Yorkshire. Add it to your basket today.
wizardry-v-heart-of-the-maelstrom-retro-gaming-keyring,Wizardry V Heart of the Maelstrom Retro SNES Keyring,This retro gaming keyring is a fun little gift for any gamer. Printed in-house in North Yorkshire in full colour. Order now and make their day.
wizardry-v-heart-of-the-maelstrom-retro-gaming-magnet,Wizardry V Heart of the Maelstrom Retro SNES Fridge Magnet,Add some retro fun to the fridge with this retro gaming fridge magnet. Printed in North Yorkshire. A great gift idea. Add it to your basket today.
wizardry-vi-gaming-t-shirt,Wizardry VI – Gaming T-Shirt | Foxy Printing,"Wizardry VI Gaming T-Shirt: a fun top for parties, gifts and days out. Custom designs are available on request. Order now and make their day."
wizards-and-warriors-retro-nes-gaming-fridge-magnet-635,Wizards and Warriors Retro NES Fridge Magnet | Foxy Printing,A nostalgic retro gaming fridge magnet for gamers of all ages. Printed in-house in North Yorkshire in full colour. Add it to your basket today.
wizards-and-warriors-retro-nes-gaming-fridge-magnet-636,Wizards and Warriors Retro NES Fridge Magnet 636,Bring back the classics with this retro gaming fridge magnet. Made to order in our North Yorkshire workshop. A great gift idea. Treat them today.
wizards-and-warriors-x-fortress-of-fear-au,Wizards and Warriors X Fortress Retro Game Boy Fridge Magnet,Bring back the classics with this retro gaming fridge magnet. Printed in-house in North Yorkshire in full colour. Add it to your basket today.
wizards-and-warriors1-retro-nes-gaming-keyring,Wizardry Retro NES Keyring | Foxy Printing,Keep your keys retro with this retro gaming keyring. Made to order in our North Yorkshire workshop. A great gift idea. Order now and make their day.
wizards-and-warriors2-retro-nes-gaming-keyring,Wizards and Warriors1 Retro NES Keyring | Foxy Printing,Carry a classic with you on this retro gaming keyring. Printed in-house in North Yorkshire in full colour. A great gift idea. Treat them today.
wizardsandwarriorsxfortressoffear-au-retro-gaming-case,Wizards and Warriors X Fortress Game Boy Replacement Case,This replacement game case is a neat way to rehouse a loose cartridge or disc. It's a printed case or cover only; no game is included. Order today.
wiznliz-eu-sega-megadrive-retro-gaming-magnet,Wiznliz Video Retro Mega Drive Fridge Magnet | Foxy Printing,Bring back the classics with this retro gaming fridge magnet. Printed in-house in North Yorkshire in full colour. Order now and make their day.
wiznliz-sega-megadrive-retro-gaming-magnet,Wiznliz Video Retro Mega Drive Fridge Magnet Sega,This retro gaming fridge magnet is a fun gift for any retro gamer. Made to order in our North Yorkshire workshop. Add it to your basket today.
wladimir-klitschko-2-boxing-signed-by-autographed-poster-print,Wladimir Klitschko Printed Signature Print Design 2,Wladimir Klitschko Printed Signature Print: a great gift for any fan. Printed to order in our North Yorkshire workshop. Add it to your basket today.
wladimir-klitschko-2-signed-autographed-boxing-star-print,Wladimir Klitschko Printed Signature Print Design 4,Wladimir Klitschko Printed Signature Print: a lovely gift for a true fan. Printed to order in our North Yorkshire workshop. Add it to your basket today.
wladimir-klitschko-boxing-signed-by-autographed-poster-print,Wladimir Klitschko Printed Signature Print | Foxy Printing,Wladimir Klitschko Printed Signature Print: a striking piece for a fan's wall. The signature is printed in the design. Add it to your basket today.
wladimir-klitschko-jb-cycling-fancy-dress-cardboard-celebrity-party-stag-birthday-idea-fancy-dress-face-mask,Wladimir Klitschko Face Mask | Foxy Printing,"Get the party started with a Wladimir Klitschko face mask. Full-colour print on 350gsm card, cut to shape with elastic. Great for a big-fight."
wladimir-klitschko-signed-autographed-boxing-star-print,Wladimir Klitschko Printed Signature Print Design 3,Wladimir Klitschko Printed Signature Print: a lovely gift for a true fan. Printed to order in our North Yorkshire workshop. Order now and make their day.
wobbufet-2-pokemon-go-personalised-birthday-card,Personalised Umbreon Pokemon Go Birthday Card,"Our personalised birthday card is made to make someone feel special. Personalise it with a name, age and message. Folded to A5 on 350gsm card. Order today."
wojciech-szczesny-celebrity-face-mask,Wojciech Szczesny Face Mask | Foxy Printing,"Get the party started with a Wojciech Szczesny face mask. Full-colour print on 350gsm card, cut to shape with elastic. Great for a big match watch party."
woking-football-team-mug-personalised-birthday-age-and-name,Woking Football Team Personalised Mug | Foxy Printing,Brighten their brew with this printed mug. Add any name to make it unique. Dishwasher and microwave safe. Made in North Yorkshire. Treat them today.
wolf-child-eu-sega-master-system-case-or-cover,Wolf Child Master System Replacement Case | Foxy Printing,Tidy up your collection with this replacement game case. It's a printed case or cover only; no game is included. Order now and make their day.
wolfchild-3-retro-gaming-case,Wolfchild 3 Mega CD Replacement Case | Foxy Printing,Tidy up your collection with this replacement game case. Made to order in our North Yorkshire workshop; no game included. Add it to your basket today.
wolfchild-3-retro-gaming-keyring,Wolfchild 3 Retro Mega CD Keyring | Foxy Printing,This retro gaming keyring is a fun little gift for any gamer. Printed in-house in North Yorkshire in full colour. Add it to your basket today.
wolfchild-3-retro-gaming-magnet,Wolfchild 3 Retro Mega CD Fridge Magnet | Foxy Printing,Bring back the classics with this retro gaming fridge magnet. Printed in-house in North Yorkshire in full colour. Add it to your basket today.
wolfchild-gaming-t-shirt,Wolfchild – Gaming T-Shirt | Foxy Printing,"Wolfchild Gaming T-Shirt: a great gift that's made to order. Printed in-house in North Yorkshire, UK. Custom designs on request. Treat them today."
wolfchild-replacement-snes-game-case-or-cover,Wolfchild SNES Replacement Case | Foxy Printing,Tidy up your collection with this replacement game case. Made to order in our North Yorkshire workshop; no game included. Order yours today.
wolfchild-retro-gaming-keyring,Wolfchild Retro SNES Keyring | Foxy Printing,A nostalgic retro gaming keyring for retro gaming fans. Printed in-house in North Yorkshire in full colour. A great gift idea. Order yours today.
wolfchild-retro-gaming-magnet,Wolfchild Retro SNES Fridge Magnet | Foxy Printing,Add some retro fun to the fridge with this retro gaming fridge magnet. Made to order in our North Yorkshire workshop. Add it to your basket today.
wolfchild_eu-sega-master-system-fridge-magnet,Wolfchild Retro Master System Fridge Magnet | Foxy Printing,This retro gaming fridge magnet is a fun gift for any retro gamer. Printed in North Yorkshire. A great gift idea. Order now and make their day.
wolfchild_eu-sega-mastersystem-keyring,Wolfchild Retro Master System Keyring | Foxy Printing,This retro gaming keyring is a fun little gift for any gamer. Made to order in our North Yorkshire workshop. A great gift idea. Order yours today.
wolfenstein-3d,Wolfenstein 3D Retro Game Boy Advance Fridge Magnet,This retro gaming fridge magnet is a fun gift for any retro gamer. Printed in North Yorkshire. A great gift idea. Add it to your basket today.
wolfenstein-3d-replacement-snes-game-case-or-cover,Wolfenstein 3D SNES Replacement Case | Foxy Printing,Tidy up your collection with this replacement game case. It's a printed case or cover only; no game is included. Add it to your basket today.
wolfenstein-3d-retro-gaming-keyring,Wolfenstein 3D Retro Game Boy Advance Keyring,A nostalgic retro gaming keyring for retro gaming fans. Printed in-house in North Yorkshire in full colour. A great gift idea. Order yours today.
wolfenstein-3d-retro-gaming-magnet,Wolfenstein 3d Retro SNES Fridge Magnet | Foxy Printing,A nostalgic retro gaming fridge magnet for gamers of all ages. Made to order in our North Yorkshire workshop. A great gift idea. Treat them today.
wolfenstein-jaguar-cd-retro-gaming-magnet,Wolfenstein Cd Retro Atari Jaguar Fridge Magnet,A nostalgic retro gaming fridge magnet for gamers of all ages. Printed in-house in North Yorkshire in full colour. Add it to your basket today.
wolfgang-puck-m937-television-autographed-poster-print-photo-signature-gift,Wolfgang Puck Television TV Printed Signature Print,Wolfgang Puck Television Printed Signature Print: a lovely gift for a true fan. Printed to order in our North Yorkshire workshop. Order yours today.
wolfgang-puck-m938-television-autographed-poster-print-photo-signature-gift,Wolfgang Puck Television TV Printed Signature Print Design 2,Wolfgang Puck Television Printed Signature Print: a great gift for any fan. Printed to order in our North Yorkshire workshop. Treat them today.
wolverhampton-team-player-autographed-poster-print-photo-signature-gift,Wolverhampton Team Printed Signature Print | Foxy Printing,Add this printed signature print to your wall or give it as a gift. Printed in North Yorkshire. A great gift idea. Order now and make their day.
wolverhampton-wanderers-fc-team-2026-poster-print-wolves-football-club-wall-art-featuring-adam-armstrong-joao-gomes-rob-edwards-wolves-supporters-memorabilia-gift,Wolverhampton Wanderers FC Team 2026 Poster Print,Our poster print adds a personal touch to any room. Printed to order in our North Yorkshire workshop. Made to order in-house. Add it to your basket today.
wolverhampton-wanderers-football-team-face-covering-mask,Wolverhampton Wanderers Football Team Face Covering Mask,Brighten someone's day with this printed gift. Made to order in our North Yorkshire workshop. A great gift idea. Add it to your basket today.
wolverhampton-wanderers-football-team-mug-personalised-birthday-age-and-name,Wolverhampton Wanderers Football Team Mug,This printed mug makes a fun gift for any tea or coffee lover. Personalise it with a name before you order. Dishwasher and microwave safe. Order today.
wolverhampton-wanderers-players-signed-a6-poster-pack-6-signed-autographed-poster-print-cards,Wolverhampton Wanderers Players Printed Signature A6 Poster,This poster print makes a thoughtful gift. Printed to order in our North Yorkshire workshop. A great gift idea. Add it to your basket today.
wolverhampton-wanderers-players-signed-a6-poster-pack-6-signed-autographed-poster-print-cards-2,Wolverhampton Wanderers Players Signature A6 Poster 2,Our poster print adds a personal touch to any room. Printed to order in our North Yorkshire workshop. Made to order in-house. Order now and make their day.
wolverhampton-wanderers-premier-league-football-team-framed-autographed-print,Wolverhampton Wanderers Premier Printed Signature Print,"This printed signature print makes a great gift for fans. The signature is printed as part of the design, not added by hand. Order yours today."
wolverine-adamanium-rage-gaming-t-shirt,Wolverine Adamanium Rage – Gaming T-Shirt | Foxy Printing,"Wolverine Adamanium Rage Gaming T-Shirt: a great gift that's made to order. Printed in-house in North Yorkshire, UK. Add it to your basket today."
wolves-1991-retro-football-lightweight-beach-gym-towel,Wolves 1991 Retro Football Beach Towel | Foxy Printing,"Add a personal touch with this printed towel. Add a name to make it theirs. Printed in-house in North Yorkshire, UK. Add it to your basket today."
wolves-1992-retro-football-lightweight-beach-gym-towel,Wolves 1992 Retro Football Beach Towel | Foxy Printing,Treat someone special to this printed towel. Add the name or text you'd like. Made to order in North Yorkshire. Add it to your basket today.
wolves-1996-away-retro-football-lightweight-beach-gym-towel,Wolves 1996 Away Retro Football Beach Towel | Foxy Printing,"Add a personal touch with this printed towel. Add the name or text you'd like. Printed in-house in North Yorkshire, UK. Order now and make their day."
wolves-1996-away-retro-football-lightweight-beach-gym-towel-1,Workington Town Retro Rugby Beach Towel | Foxy Printing,"Workington Town Retro Rugby Beach Towel: a great gift for the beach, gym or bathroom. Add a name to make it theirs. Custom designs on request. Order today."
wolves-football-club-gift-the-wolves-tiny-men-big-balls-poster,Wolves Football Club Gift – The Wolves Poster,Our poster print adds a personal touch to any room. Printed to order in our North Yorkshire workshop. A great gift idea. Add it to your basket today.
wolves-football-club-gift-tiny-men-big-balls-poster,Wolves Football Club Gift – Tiny Men Big Balls Poster,Our poster print adds a personal touch to any room. Printed to order in our North Yorkshire workshop. Made to order in-house. Add it to your basket today.
wolves-personalised-football-dream-team-beach-towel,Wolves Personalised Football Dream Team Beach Towel,Brighten someone's day with this printed towel. Add the name or text you'd like. Made to order in our North Yorkshire workshop. Treat them today.
wolves-personalised-football-flag-2-fully-customisable-dcd-trerrace-flags,Wolves Personalised Football Flag 2,Add a personal touch with this printed gift. Personalise it with your own name or text. Made to order in North Yorkshire. Order now and make their day.
wolves-personalised-football-flag-fully-customisable-dcd-trerrace-flags,Wolves Personalised Football Flag,Treat someone special to this printed gift. Add a name to make it theirs. Custom designs on request. Made in North Yorkshire. Order now and make their day.
wolves-signs-for-football-mug-personalised-birthday-age-and-name,Personalised Signs for Wolves Football Birthday Mug,This printed mug makes a fun gift for any tea or coffee lover. Add any name to make it unique. Dishwasher and microwave safe. Order yours today.
women-get-it-right-first-time-drinks-coaster,Women Get It Right First Time Drinks Coaster | Foxy Printing,Women Get It Right First Time Drinks Coaster: a cheerful gift for anyone who loves a cuppa. Made to order in North Yorkshire. Treat them today.
womens-fine-jersey-t-shirt,Women's Fine Jersey T Shirt | Foxy Printing,Women's Fine Jersey T Shirt: a great gift that's made to order. Custom designs on request. Made to order in North Yorkshire. Add it to your basket today.
wonder-boy-au-sega-master-system-case-or-cover,Wonder Boy Master System Replacement Case | Foxy Printing,Restore your shelf with this replacement game case. It's a printed case or cover only; no game is included. Made in North Yorkshire. Order yours today.
wonder-boy-iii-the-dragon-strap-au-sega-master-system-case-or-cover,Wonder Boy Iii the Dragon Master System Replacement Case,Tidy up your collection with this replacement game case. It's a printed case or cover only; no game is included. Add it to your basket today.
wonder-boy-in-monster-land-eu-sega-master-system-case-or-cover,Wonder Boy in Monster Land Master System Replacement Case,Tidy up your collection with this replacement game case. Printed in-house in North Yorkshire. No game included. Order now and make their day.
wonder-boy-in-monster-land-eu-sega-mastersystem-keyring,Wonder Boy in Monster Land Retro Master System Keyring,A nostalgic retro gaming keyring for retro gaming fans. Made to order in our North Yorkshire workshop. A great gift idea. Order yours today.
wonder-boy-in-monster-world-au-sega-master-system-case-or-cover,Wonder Boy in Monster World Master System Replacement Case,Give your game a fresh look with this replacement game case. Made to order in our North Yorkshire workshop; no game included. Add it to your basket today.
wonder-boy-in-monster-world-sega-megadrive-retro-gaming-magnet,Wonder Boy in Monster World Retro Mega Drive Fridge Magnet,This retro gaming fridge magnet is a fun gift for any retro gamer. Printed in North Yorkshire. A great gift idea. Add it to your basket today.
wonder-woman-2-bm2-personalised-birthday-card,Personalised Wonder Woman 2 Bm2 Funny Birthday Card,"Send a smile with this personalised birthday card. Personalise it with a name, age and message. Folded to A5 on 350gsm card. Order yours today."
wonder-woman-3-bm2-personalised-birthday-card,Personalised Wonder Woman 3 Bm2 Funny Birthday Card,"This personalised birthday card is a lovely way to mark their big day. Posted Royal Mail 1st Class, dispatched the same or next working day. Order today."
wonder-woman-5k-movie-birthday-card-sa,Personalised Wonder Woman 5k Birthday Card | Foxy Printing,This personalised birthday card is a lovely way to mark their big day. Dispatched the same or next working day. Add it to your basket today.
wonder-woman-bm-personalised-birthday-card,Personalised Wonder Woman Bm Funny Birthday Card,"Make their day with this personalised birthday card. Add a name, age and a message inside before you order. Folded to A5 on 350gsm card. Order today."
wonder-woman-bm2-personalised-birthday-card,Personalised Wonder Woman Bm2 Funny Birthday Card,"A personalised birthday card they'll want to keep. Add a name, age and a message inside before you order. Folded to A5 on 350gsm card. Order today."
wonder-woman-emblem-lego-display-case-minifigure-display-background-and-frames,Wonder Woman Emblem Minifigure Display Case | Foxy Printing,"Brighten someone's day with this minifigure display case. Printed in-house in North Yorkshire, UK. A great gift idea. Order now and make their day."
wonder-woman-hd-movie-birthday-card-sa,Personalised Wonder Woman Hd Birthday Card | Foxy Printing,"Send a smile with this personalised birthday card. Add a name, age and a message inside before you order. Folded to A5 on 350gsm card. Order yours today."
wonder-woman-hd-movie-personalised-birthday-card-sa060917,Personalised Wonder Woman Hd Birthday Card Movie,This personalised birthday card is a lovely way to mark their big day. Dispatched the same or next working day. Order now and make their day.
wonder-woman-movie-birthday-card-sa,Personalised Wonder Woman Birthday Card Movie,"Send a smile with this personalised birthday card. Personalise it with a name, age and message. Dispatched the same or next working day. Treat them today."
wonder-woman-movie-gift-framed-autographed-print-landscape,Wonder Woman Movie Printed Signature Print | Foxy Printing,"Wonder Woman Movie Printed Signature Print: a lovely gift for a true fan. The signature is printed as part of the design, not added by hand. Order today."
wonderboy-au-sega-master-system-fridge-magnet,Wonderboy Retro Master System Fridge Magnet | Foxy Printing,This retro gaming fridge magnet is a fun gift for any retro gamer. Made to order in our North Yorkshire workshop. Order now and make their day.
wonderboy-au-sega-mastersystem-keyring,Wonderboy Retro Master System Keyring | Foxy Printing,Keep your keys retro with this retro gaming keyring. Printed in-house in North Yorkshire in full colour. A great gift idea. Order now and make their day.
wonderboy-iii-the-dragons-trap-au-sega-master-system-fridge-magnet,Wonderboy Iii the Dragons Retro Master System Fridge Magnet,This retro gaming fridge magnet is a fun gift for any retro gamer. Made to order in our North Yorkshire workshop. Add it to your basket today.
wonderboy-iii-the-dragons-trap-au-sega-mastersystem-keyring,Wonderboy Iii the Dragons Trap Retro Master System Keyring,This retro gaming keyring is a fun little gift for any gamer. Made to order in our North Yorkshire workshop. A great gift idea. Order today.
wonderboy-iiimonsterlair-eu-sega-megadrive-retro-gaming-magnet,Wonderboy Iiimonsterlair Retro Mega Drive Fridge Magnet,Add some retro fun to the fridge with this retro gaming fridge magnet. Printed in-house in North Yorkshire in full colour. Add it to your basket today.
wonderboy-in-monster-world-au-sega-master-system-fridge-magnet,Wonderboy in Monster World Retro Master System Fridge Magnet,A nostalgic retro gaming fridge magnet for gamers of all ages. Printed in-house in North Yorkshire in full colour. Add it to your basket today.
wonderboy-in-monster-world-au-sega-mastersystem-keyring,Wonderboy in Monster World Retro Master System Keyring,Keep your keys retro with this retro gaming keyring. Made to order in our North Yorkshire workshop. A great gift idea. Add it to your basket today.
wonderboy-in-monster-world-eu-sega-megadrive-retro-gaming-magnet,Wonderboy in Monster World Retro Mega Drive Fridge Magnet,Bring back the classics with this retro gaming fridge magnet. Printed in-house in North Yorkshire in full colour. Add it to your basket today.
wonderboy-monsterland-sega-master-system-fridge-magnet,Wonderboy Monsterland Retro Master System Fridge Magnet,A nostalgic retro gaming fridge magnet for gamers of all ages. Printed in-house in North Yorkshire in full colour. Add it to your basket today.
wonderboy-monsterland-sega-mastersystem-keyring,Wonderboy Monsterland Retro Master System Keyring,Keep your keys retro with this retro gaming keyring. Printed in-house in North Yorkshire in full colour. A great gift idea. Add it to your basket today.
wonderdog-retro-gaming-case,Wonderdog Mega CD Replacement Case | Foxy Printing,This replacement game case is a neat way to rehouse a loose cartridge or disc. It's a printed case or cover only; no game is included. Order today.
wonderdog-retro-gaming-keyring,Wonderdog Retro Mega CD Keyring | Foxy Printing,A nostalgic retro gaming keyring for retro gaming fans. Printed in-house in North Yorkshire in full colour. A great gift idea. Order yours today.
wonderdog-retro-gaming-magnet,Wonderdog Retro Mega CD Fridge Magnet | Foxy Printing,Add some retro fun to the fridge with this retro gaming fridge magnet. Printed in-house in North Yorkshire in full colour. Order now and make their day.
wonderwoman-bm-1-personalised-birthday-card,Personalised Wonderwoman Bm 1 Funny Birthday Card,"Send a smile with this personalised birthday card. Add a name, age and a message inside before you order. Folded to A5 on 350gsm card. Treat them today."
wonwoo-seventeen-celebrity-face-mask-k-pop-idol-face-mask-funny-mask-for-stag-do-hen-night-tv-events-fancy-dress-costume-parties-ready-to-wear,Wonwoo Face Mask | Foxy Printing,"Wonwoo Face Mask: a crowd-pleaser for fancy dress and nights out. Printed on 350gsm silk card, cut to shape with eye holes and elastic. Order yours today."
wood-black-handle-alchemy-mug,Wood Black Handle Alchemy Gothic Goth Horror Stars Mug,Wood Black Handle Alchemy Gothic Goth Horror Stars Mug: a smile with every cuppa. Dishwasher and microwave safe. Order now and make their day.
woody-harrelson-movies-stars-2015-celebrity-face-mask,Woody Harrelson Face Mask | Foxy Printing,Woody Harrelson card face mask for an Oscars-style party. Printed on 350gsm silk card cut to shape with eye holes and elastic. Order yours today.
woody-printed-mug,Personalised Woody Mug | Foxy Printing,Personalised Woody Mug: a fun gift for any tea or coffee lover. Add any name to make it unique. Dishwasher and microwave safe. Add it to your basket today.
wooyoung-ateez-facemask-k-pop-idol-face-mask-funny-mask-for-stag-do-hen-night-tv-events-fancy-dress-costume-parties-ready-to-wear,Wooyoung Facemask Face Mask | Foxy Printing,Wooyoung Facemask Face Mask: guaranteed laughs at any party. Posted in a board-backed envelope so it arrives flat. Order now and make their day.
woozi-seventeen-celebrity-face-mask-k-pop-idol-face-mask-funny-mask-for-stag-do-hen-night-tv-events-fancy-dress-costume-parties-ready-to-wear,Woozi Face Mask | Foxy Printing,"Woozi Face Mask: perfect for stag dos, hen parties and fancy dress. Printed on 350gsm silk card, cut to shape with eye holes and elastic. Treat them today."
worcester-city-football-team-mug-personalised-birthday-age-and-name,Worcester City Football Team Personalised Mug,Our printed mug is a cheerful gift for the office or home. Personalise it with a name before you order. Dishwasher and microwave safe. Treat them today.
word-zapper-atari-2600-case-or-cover,Word Zapper Atari 2600 Replacement Case | Foxy Printing,Restore your shelf with this replacement game case. Printed in-house in North Yorkshire. No game included. A great gift idea. Order now and make their day.
word-zapper-retro-gaming-magnet,Word Zapper Retro Atari 2600 Fridge Magnet | Foxy Printing,Add some retro fun to the fridge with this retro gaming fridge magnet. Printed in-house in North Yorkshire in full colour. Add it to your basket today.
wordtris-gaming-t-shirt,Wordtris – Gaming T-Shirt | Foxy Printing,Wordtris Gaming T-Shirt: made to stand out. Custom designs are available on request. Made to order in North Yorkshire. Order now and make their day.
wordtris-replacement-snes-game-case-or-cover,Wordtris SNES Replacement Case | Foxy Printing,Restore your shelf with this replacement game case. It's a printed case or cover only; no game is included. A great gift idea. Add it to your basket today.
wordtris-retro-gaming-keyring,Wordtris Retro SNES Keyring | Foxy Printing,Keep your keys retro with this retro gaming keyring. Made to order in our North Yorkshire workshop. A great gift idea. Order now and make their day.
wordtris-retro-gaming-magnet,Wordtris Retro SNES Fridge Magnet | Foxy Printing,This retro gaming fridge magnet is a fun gift for any retro gamer. Printed in-house in North Yorkshire in full colour. Order now and make their day.
worf-2-star-trek-face-mask,Worf 2 Star Trek Face Mask | Foxy Printing,"Worf 2 Face Mask: perfect for stag dos, hen parties and fancy dress. Cut to shape with eye holes. Made in North Yorkshire. Add it to your basket today."
work-in-progress-bumper-window-sticker,Work in Progress Novelty Vinyl Car Sticker | Foxy Printing,Work in Progress Novelty Vinyl Car Sticker: a quick way to add some personality. Custom designs are available on request. Order now and make their day.
world-champ-retro-nes-gaming-fridge-magnet-638,World Champ Retro NES Fridge Magnet | Foxy Printing,Bring back the classics with this retro gaming fridge magnet. Printed in-house in North Yorkshire in full colour. Add it to your basket today.
world-championship-nigel-mansell-retro-nes-gaming-fridge-magnet-639,World Championship Nigel Mansell Retro NES Fridge Magnet,Bring back the classics with this retro gaming fridge magnet. Printed in-house in North Yorkshire in full colour. Add it to your basket today.
world-championship-nigel-mansell-retro-nes-gaming-keyring,World Champ Retro NES Keyring | Foxy Printing,Carry a classic with you on this retro gaming keyring. Made to order in our North Yorkshire workshop. A great gift idea. Add it to your basket today.
world-championship-poker,World Championship Retro Game Boy Advance Fridge Magnet,Add some retro fun to the fridge with this retro gaming fridge magnet. Printed in-house in North Yorkshire in full colour. Add it to your basket today.
world-championship-poker-retro-gaming-keyring,World Championship Poker Retro Game Boy Advance Keyring,This retro gaming keyring is a fun little gift for any gamer. Printed in-house in North Yorkshire in full colour. Order now and make their day.
world-class-leader-board-eu-sega-master-system-case-or-cover,World Class Leader Board Master System Replacement Case,Give your game a fresh look with this replacement game case. Printed in-house in North Yorkshire. No game included. Order now and make their day.
world-class-leaderboard-eu-sega-master-system-fridge-magnet,World Class Leaderboard Retro Master System Fridge Magnet,Bring back the classics with this retro gaming fridge magnet. Printed in-house in North Yorkshire in full colour. Order now and make their day.
world-class-leaderboard-eu-sega-mastersystem-keyring,World Class Leaderboard Retro Master System Keyring,Keep your keys retro with this retro gaming keyring. Printed in-house in North Yorkshire in full colour. A great gift idea. Add it to your basket today.
world-class-leaderboard-golf-sega-megadrive-retro-gaming-magnet,World Class Leaderboard Golf Retro Mega Drive Fridge Magnet,This retro gaming fridge magnet is a fun gift for any retro gamer. Made to order in our North Yorkshire workshop. Order now and make their day.
world-class-rack-meet-retro-nes-gaming-fridge-magnet-640,World Class Rack Meet Retro NES Fridge Magnet,Add some retro fun to the fridge with this retro gaming fridge magnet. Printed in-house in North Yorkshire in full colour. Add it to your basket today.
world-class-rack-meet-retro-nes-gaming-keyring,World Championship Nigel Mansell Retro NES Keyring,This retro gaming keyring is a fun little gift for any gamer. Printed in-house in North Yorkshire in full colour. Add it to your basket today.
world-cup-1996-celebrating-50-years-1-signed-autographed-footballers-star-print,World Cup 1996 Celebrating 50 Years Printed Signature Print,World Cup 1996 Celebrating 50 Years Printed Signature Print: a great gift for any fan. Printed in North Yorkshire. Order now and make their day.
world-cup-1996-celebrating-50-years-2-signed-autographed-footballers-star-print,World Cup 1996 Celebrating 50 Years Signature Print Design 2,World Cup 1996 Celebrating 50 Years Printed Signature Print: a striking piece for a fan's wall. The signature is printed in the design. Order yours today.
world-cup-retro-nes-gaming-fridge-magnet-641,World Cup Retro NES Fridge Magnet | Foxy Printing,A nostalgic retro gaming fridge magnet for gamers of all ages. Made to order in our North Yorkshire workshop. A great gift idea. Order today.
world-cup-retro-nes-gaming-keyring,World Class Rack Meet Retro NES Keyring | Foxy Printing,Keep your keys retro with this retro gaming keyring. Printed in-house in North Yorkshire in full colour. A great gift idea. Add it to your basket today.
world-cup-usa-94-replacement-snes-game-case-or-cover,World Cup USA 94 SNES Replacement Case | Foxy Printing,Give your game a fresh look with this replacement game case. Made to order in our North Yorkshire workshop; no game included. Add it to your basket today.
world-cup-usa-94-retro-gaming-keyring,World Cup USA Retro SNES Keyring | Foxy Printing,This retro gaming keyring is a fun little gift for any gamer. Made to order in our North Yorkshire workshop. A great gift idea. Order today.
world-cup-usa-94-retro-gaming-magnet,World Cup Usa 94 Retro SNES Fridge Magnet | Foxy Printing,Bring back the classics with this retro gaming fridge magnet. Printed in-house in North Yorkshire in full colour. Order now and make their day.
world-games-au-sega-master-system-case-or-cover,World Games Master System Replacement Case | Foxy Printing,Restore your shelf with this replacement game case. Printed in-house in North Yorkshire. No game included. A great gift idea. Order now and make their day.
world-games-retro-nes-gaming-fridge-magnet-642,World Games Retro NES Fridge Magnet | Foxy Printing,A nostalgic retro gaming fridge magnet for gamers of all ages. Printed in-house in North Yorkshire in full colour. Order now and make their day.
world-games-retro-nes-gaming-keyring,World Cup Retro NES Keyring | Foxy Printing,Carry a classic with you on this retro gaming keyring. Made to order in our North Yorkshire workshop. A great gift idea. Order now and make their day.
world-games-sega-master-system-fridge-magnet,World Games Retro Master System Fridge Magnet,Add some retro fun to the fridge with this retro gaming fridge magnet. Made to order in our North Yorkshire workshop. Order now and make their day.
world-games-sega-mastersystem-keyring,World Games Retro Master System Keyring | Foxy Printing,A nostalgic retro gaming keyring for retro gaming fans. Made to order in our North Yorkshire workshop. A great gift idea. Order now and make their day.
world-heoes-2-replacement-snes-game-case-or-cover,World Heoes 2 SNES Replacement Case | Foxy Printing,Tidy up your collection with this replacement game case. Made to order in our North Yorkshire workshop; no game included. Order now and make their day.
world-heoes-2-retro-gaming-keyring,World Heoes 2 Retro SNES Keyring | Foxy Printing,A nostalgic retro gaming keyring for retro gaming fans. Printed in-house in North Yorkshire in full colour. A great gift idea. Treat them today.
world-heoes-2-retro-gaming-magnet,World Heoes 2 Retro SNES Fridge Magnet | Foxy Printing,Bring back the classics with this retro gaming fridge magnet. Printed in-house in North Yorkshire in full colour. Order now and make their day.
world-heroes-gaming-t-shirt,World Heroes – Gaming T-Shirt | Foxy Printing,World Heroes Gaming T-Shirt: made to stand out. Custom designs are available on request. Made in North Yorkshire. Order now and make their day.
world-heroes-replacement-snes-game-case-or-cover,World Heroes SNES Replacement Case | Foxy Printing,Give your game a fresh look with this replacement game case. It's a printed case or cover only; no game is included. Order now and make their day.
world-heroes-retro-gaming-keyring,World Heroes Retro SNES Keyring | Foxy Printing,A nostalgic retro gaming keyring for retro gaming fans. Made to order in our North Yorkshire workshop. A great gift idea. Order now and make their day.
world-heroes-retro-gaming-magnet,World Heroes Retro SNES Fridge Magnet | Foxy Printing,This retro gaming fridge magnet is a fun gift for any retro gamer. Printed in-house in North Yorkshire in full colour. Add it to your basket today.
world-league-soccer-gaming-t-shirt,World League Soccer – Gaming T-Shirt | Foxy Printing,"World League Soccer Gaming T-Shirt: a great gift that's made to order. Printed in-house in North Yorkshire, UK. Add it to your basket today."
world-league-soccer-replacement-snes-game-case-or-cover,World League Soccer SNES Replacement Case | Foxy Printing,Tidy up your collection with this replacement game case. It's a printed case or cover only; no game is included. Add it to your basket today.
world-league-soccer-retro-gaming-keyring,World League Soccer Retro SNES Keyring | Foxy Printing,A nostalgic retro gaming keyring for retro gaming fans. Printed in-house in North Yorkshire in full colour. A great gift idea. Add it to your basket today.
world-league-soccer-retro-gaming-magnet,World League Soccer Retro SNES Fridge Magnet | Foxy Printing,Bring back the classics with this retro gaming fridge magnet. Made to order in our North Yorkshire workshop. A great gift idea. Order yours today.
world-of-illusion-eu-sega-megadrive-retro-gaming-magnet,World of Illusion Video Retro Mega Drive Fridge Magnet,A nostalgic retro gaming fridge magnet for gamers of all ages. Made to order in our North Yorkshire workshop. A great gift idea. Order yours today.
world-of-illusion-sega-megadrive-retro-gaming-magnet,World of Illusion Video Retro Mega Drive Fridge Magnet Sega,Add some retro fun to the fridge with this retro gaming fridge magnet. Printed in-house in North Yorkshire in full colour. Order now and make their day.
world-of-warcraft-game-birthday-card-sa,World of Warcraft Birthday Card | Foxy Printing,This printed card is a lovely way to mark their big day. Folded to A5 on 350gsm card. Posted 1st Class with a free envelope. Add it to your basket today.
world-of-warcraft-game-personalised-birthday-card-sa060917,Personalised World of Warcraft Birthday Card | Foxy Printing,"Send a smile with this personalised birthday card. Personalise it with a name, age and message. Posted 1st Class with a free envelope. Order today."
world-poker-tour,World Poker Tour Retro Game Boy Advance Fridge Magnet,A nostalgic retro gaming fridge magnet for gamers of all ages. Made to order in our North Yorkshire workshop. A great gift idea. Order today.
world-poker-tour-retro-gaming-keyring,World Poker Tour Retro Game Boy Advance Keyring,This retro gaming keyring is a fun little gift for any gamer. Made to order in our North Yorkshire workshop. A great gift idea. Order today.
world-s-best-dad-mug-personalised-football-gift-customise-with-club-logo-ceramic-coffee-cup-for-dad-father-s-day-present-for-him-unique-gift-for-football-fans,World's No.1 Dad – Personalised Football Gift Mug,World's No.1 Dad Personalised Football Gift Mug: a fun gift for any tea or coffee lover. Dishwasher and microwave safe. Add it to your basket today.
world-series-baseball-2-sega-megadrive-retro-gaming-magnet,World Series Baseball 2 Video Retro Mega Drive Fridge Magnet,This retro gaming fridge magnet is a fun gift for any retro gamer. Printed in North Yorkshire. A great gift idea. Add it to your basket today.
world-series-baseball-96-sega-megadrive-retro-gaming-magnet,World Series Baseball 96 Retro Mega Drive Fridge Magnet,A nostalgic retro gaming fridge magnet for gamers of all ages. Printed in-house in North Yorkshire in full colour. Add it to your basket today.
world-series-baseball-98-sega-megadrive-retro-gaming-magnet,World Series Baseball 98 Retro Mega Drive Fridge Magnet,This retro gaming fridge magnet is a fun gift for any retro gamer. Printed in-house in North Yorkshire in full colour. Add it to your basket today.
world-series-baseball-sega-megadrive-retro-gaming-magnet,World Series Baseball Video Retro Mega Drive Fridge Magnet,A nostalgic retro gaming fridge magnet for gamers of all ages. Printed in-house in North Yorkshire in full colour. Add it to your basket today.
world-soccer-94-road-to-glory-replacement-snes-game-case-or-cover,World Soccer 94 Road to Glory SNES Replacement Case,Restore your shelf with this replacement game case. It's a printed case or cover only; no game is included. A great gift idea. Add it to your basket today.
world-soccer-94-road-to-glory-retro-gaming-keyring,World Soccer 94 Road to Glory Retro SNES Keyring,Keep your keys retro with this retro gaming keyring. Printed in-house in North Yorkshire in full colour. A great gift idea. Order now and make their day.
world-soccer-94-road-to-glory-retro-gaming-magnet,World Soccer 94 Road to Glory Retro SNES Fridge Magnet,Bring back the classics with this retro gaming fridge magnet. Made to order in our North Yorkshire workshop. A great gift idea. Treat them today.
world-war-z-2,World War Z Birthday Card | Foxy Printing,Make their day with this printed card. Posted 1st Class with a free envelope. Dispatched the same or next working day. Add it to your basket today.
worlds-best,World's No.1 Mug | Foxy Printing,"World's No.1 Mug: a fun gift for any tea or coffee lover. 11oz ceramic, dishwasher safe. Made in North Yorkshire. Order now and make their day."
worlds-best-able-seamen,World's No.1 Able Seamen Mug | Foxy Printing,"World's No.1 Able Seamen Mug: a smile with every cuppa. 11oz ceramic, dishwasher safe. Made in North Yorkshire. Order now and make their day."
worlds-best-academic-librarian,World's No.1 Academic Librarian Mug | Foxy Printing,World's No.1 Academic Librarian Mug: a fun gift for any tea or coffee lover. Dishwasher and microwave safe. Made in North Yorkshire. Order yours today.
worlds-best-account-manager,World's No.1 Account Manager Mug | Foxy Printing,"World's No.1 Account Manager Mug: a smile with every cuppa. Sublimation printed, so the design is part of the glaze. Add it to your basket today."
worlds-best-accountant,World's No.1 Accountant Mug | Foxy Printing,"World's No.1 Accountant Mug: a smile with every cuppa. Printed on an 11oz glossy ceramic mug, safe in the dishwasher and microwave. Order yours today."
worlds-best-accounting-technician,World's No.1 Accounting Technician Mug | Foxy Printing,"World's No.1 Accounting Technician Mug: a mug that brightens every brew. Sublimation printed, so the design is part of the glaze. Treat them today."
worlds-best-actor,World's No.1 Actor Mug | Foxy Printing,"World's No.1 Actor Mug: a fun gift for any tea or coffee lover. 11oz ceramic, dishwasher safe. Made in North Yorkshire. Add it to your basket today."
worlds-best-actuary,World's No.1 Actuary Mug | Foxy Printing,World's No.1 Actuary Mug: a mug that brightens every brew. An 11oz white ceramic mug that's dishwasher and microwave safe. Treat them today.
worlds-best-adjustment-clerk,World's No.1 Adjustment Clerk Mug | Foxy Printing,"World's No.1 Adjustment Clerk Mug: a fun gift for any tea or coffee lover. Sublimation printed, so the design is part of the glaze. Order yours today."
worlds-best-admin,World's No.1 Admin Mug | Foxy Printing,"World's No.1 Admin Mug: a fun gift for any tea or coffee lover. 11oz ceramic, dishwasher safe. Made in North Yorkshire. Add it to your basket today."
worlds-best-administrative-law-judge,World's No.1 Administrative Law Judge Mug | Foxy Printing,"World's No.1 Administrative Law Judge Mug: a fun gift for any tea or coffee lover. Sublimation printed, so the design is part of the glaze. Order today."
worlds-best-administrative-services-manager,World's No.1 Administrative Services Manager Mug,"World's No.1 Administrative Services Manager Mug: a cheerful gift for home or the office. 11oz ceramic, dishwasher safe. Order now and make their day."
worlds-best-administrative-support-supervisor,World's No.1 Administrative Support Supervisor Mug,World's No.1 Administrative Support Supervisor Mug: a cheerful gift for home or the office. Dishwasher and microwave safe. Order yours today.
worlds-best-adult-nurse,World's No.1 Adult Nurse Mug | Foxy Printing,World's No.1 Adult Nurse Mug: a smile with every cuppa. An 11oz white ceramic mug that's dishwasher and microwave safe. Add it to your basket today.
worlds-best-advertising-account-executive,World's No.1 Advertising Account Executive Mug,"World's No.1 Advertising Account Executive Mug: a cheerful gift for home or the office. 11oz ceramic, dishwasher safe. Order now and make their day."
worlds-best-advertising-account-planner,World's No.1 Advertising Account Planner Mug | Foxy Printing,"World's No.1 Advertising Account Planner Mug: a cheerful gift for home or the office. Sublimation printed, so the design is part of the glaze. Order today."
worlds-best-advertising-copywriter,World's No.1 Advertising Writer Mug | Foxy Printing,"World's No.1 Advertising Writer Mug: a cheerful gift for home or the office. 11oz ceramic, dishwasher safe. Made in North Yorkshire. Order yours today."
worlds-best-advertising-manager,World's No.1 Advertising Manager Mug | Foxy Printing,"World's No.1 Advertising Manager Mug: a smile with every cuppa. 11oz ceramic, dishwasher safe. Made in North Yorkshire. Order now and make their day."
worlds-best-advertising-sales-agent,World's No.1 Advertising Sales Agent Mug | Foxy Printing,World's No.1 Advertising Sales Agent Mug: a fun gift for any tea or coffee lover. Dishwasher and microwave safe. Add it to your basket today.
worlds-best-advice-worker,World's No.1 Advice Worker Mug | Foxy Printing,"World's No.1 Advice Worker Mug: a cheerful gift for home or the office. 11oz ceramic, dishwasher safe. Made in North Yorkshire. Treat them today."
worlds-best-advocate,World's No.1 Advocate Mug | Foxy Printing,World's No.1 Advocate Mug: a fun gift for any tea or coffee lover. An 11oz white ceramic mug that's dishwasher and microwave safe. Treat them today.
worlds-best-aeronautical-engineer,World's No.1 Aeronautical Engineer Mug | Foxy Printing,"World's No.1 Aeronautical Engineer Mug: a mug that brightens every brew. Sublimation printed, so the design is part of the glaze. Order yours today."
worlds-best-aerospace-engineer,World's No.1 Aerospace Engineer Mug | Foxy Printing,"World's No.1 Aerospace Engineer Mug: a cheerful gift for home or the office. 11oz ceramic, dishwasher safe. Made in North Yorkshire. Order yours today."
worlds-best-agricultural-consultant,World's No.1 Agricultural Consultant Mug | Foxy Printing,"World's No.1 Agricultural Consultant Mug: a fun gift for any tea or coffee lover. Sublimation printed, so the design is part of the glaze. Order today."
worlds-best-agricultural-crop-farm-manager,World's No.1 Agricultural Crop Farm Manager Mug,World's No.1 Agricultural Crop Farm Manager Mug: a cheerful gift for home or the office. Dishwasher and microwave safe. Add it to your basket today.
worlds-best-agricultural-crop-worker,World's No.1 Agricultural Crop Worker Mug | Foxy Printing,"World's No.1 Agricultural Crop Worker Mug: a smile with every cuppa. 11oz ceramic, dishwasher safe. Made in North Yorkshire. Add it to your basket today."
worlds-best-agricultural-engineer,World's No.1 Agricultural Engineer Mug | Foxy Printing,"World's No.1 Agricultural Engineer Mug: a fun gift for any tea or coffee lover. Sublimation printed, so the design is part of the glaze. Order yours today."
worlds-best-agricultural-equipment-operator,World's No.1 Agricultural Equipment Operator Mug,World's No.1 Agricultural Equipment Operator Mug: a fun gift for any tea or coffee lover. Dishwasher and microwave safe. Order now and make their day.
worlds-best-agricultural-inspector,World's No.1 Agricultural Inspector Mug | Foxy Printing,"World's No.1 Agricultural Inspector Mug: a mug that brightens every brew. Sublimation printed, so the design is part of the glaze. Treat them today."
worlds-best-agricultural-manager,World's No.1 Agricultural Manager Mug | Foxy Printing,"World's No.1 Agricultural Manager Mug: a cheerful gift for home or the office. Sublimation printed, so the design is part of the glaze. Treat them today."
worlds-best-agricultural-product-grader-sorter,World's No.1 Agricultural Product Grader Sorter Mug,World's No.1 Agricultural Product Grader Sorter Mug: a smile with every cuppa. An 11oz white ceramic mug that's dishwasher and microwave safe. Order today.
worlds-best-agricultural-sales-representative,World's No.1 Agricultural Sales Representative Mug,"World's No.1 Agricultural Sales Representative Mug: a mug that brightens every brew. Sublimation printed, so the design is part of the glaze. Order today."
worlds-best-agricultural-science-technician,World's No.1 Agricultural Science Technician Mug,"World's No.1 Agricultural Science Technician Mug: a mug that brightens every brew. 11oz ceramic, dishwasher safe. Add it to your basket today."
worlds-best-agricultural-sciences-teacher,World's No.1 Agricultural Sciences Teacher Mug,World's No.1 Agricultural Sciences Teacher Mug: a cheerful gift for home or the office. Dishwasher and microwave safe. Add it to your basket today.
worlds-best-agricultural-technician,World's No.1 Agricultural Technician Mug | Foxy Printing,"World's No.1 Agricultural Technician Mug: a cheerful gift for home or the office. Sublimation printed, so the design is part of the glaze. Order today."
worlds-best-agricultural-worker,World's No.1 Agricultural Worker Mug | Foxy Printing,"World's No.1 Agricultural Worker Mug: a cheerful gift for home or the office. Sublimation printed, so the design is part of the glaze. Treat them today."
worlds-best-air-crew-member,World's No.1 Air Crew Member Mug | Foxy Printing,"World's No.1 Air Crew Member Mug: a mug that brightens every brew. Sublimation printed, so the design is part of the glaze. Add it to your basket today."
worlds-best-air-crew-officer,World's No.1 Air Crew Officer Mug | Foxy Printing,"World's No.1 Air Crew Officer Mug: a smile with every cuppa. 11oz ceramic, dishwasher safe. A great gift idea. Order now and make their day."
worlds-best-air-traffic-controller,World's No.1 Air Traffic Controller Mug | Foxy Printing,"World's No.1 Air Traffic Controller Mug: a fun gift for any tea or coffee lover. Sublimation printed, so the design is part of the glaze. Treat them today."
worlds-best-aircraft-assembler,World's No.1 Aircraft Assembler Mug | Foxy Printing,World's No.1 Aircraft Assembler Mug: a smile with every cuppa. Dishwasher and microwave safe. Made in North Yorkshire. Add it to your basket today.
worlds-best-aircraft-body-repairer,World's No.1 Aircraft Body Repairer Mug | Foxy Printing,World's No.1 Aircraft Body Repairer Mug: a smile with every cuppa. Dishwasher and microwave safe. Made in North Yorkshire. Add it to your basket today.
worlds-best-aircraft-cargo-handling-supervisor,World's No.1 Aircraft Cargo Handling Supervisor Mug,World's No.1 Aircraft Cargo Handling Supervisor Mug: a cheerful gift for home or the office. Dishwasher and microwave safe. Add it to your basket today.
worlds-best-aircraft-engine-specialist,World's No.1 Aircraft Engine Specialist Mug | Foxy Printing,World's No.1 Aircraft Engine Specialist Mug: a fun gift for any tea or coffee lover. Dishwasher and microwave safe. Add it to your basket today.
worlds-best-aircraft-launch-and-recovery-officer,World's No.1 Aircraft Launch and Recovery Officer Mug,"World's No.1 Aircraft Launch and Recovery Officer Mug: a fun gift for any tea or coffee lover. 11oz ceramic, dishwasher safe. Treat them today."
worlds-best-aircraft-launch-specialist,World's No.1 Aircraft Launch Specialist Mug | Foxy Printing,World's No.1 Aircraft Launch Specialist Mug: a mug that brightens every brew. Dishwasher and microwave safe. Made in North Yorkshire. Order yours today.
worlds-best-aircraft-mechanic,World's No.1 Aircraft Mechanic Mug | Foxy Printing,World's No.1 Aircraft Mechanic Mug: a cheerful gift for home or the office. An 11oz white ceramic mug that's dishwasher and microwave safe. Order today.
worlds-best-aircraft-rigging-assembler,World's No.1 Aircraft Rigging Assembler Mug | Foxy Printing,World's No.1 Aircraft Rigging Assembler Mug: a cheerful gift for home or the office. Dishwasher and microwave safe. Add it to your basket today.
worlds-best-aircraft-structure-assembler,World's No.1 Aircraft Structure Assembler Mug,World's No.1 Aircraft Structure Assembler Mug: a smile with every cuppa. An 11oz white ceramic mug that's dishwasher and microwave safe. Treat them today.
worlds-best-airfield-operations-specialist,World's No.1 Airfield Operations Specialist Mug,"World's No.1 Airfield Operations Specialist Mug: a smile with every cuppa. 11oz ceramic, dishwasher safe. Made in North Yorkshire. Order yours today."
worlds-best-airframe-mechanic,World's No.1 Airframe Mechanic Mug | Foxy Printing,World's No.1 Airframe Mechanic Mug: a cheerful gift for home or the office. An 11oz white ceramic mug that's dishwasher and microwave safe. Order today.
worlds-best-airline-cabin-crew,World's No.1 Airline Cabin Crew Mug | Foxy Printing,World's No.1 Airline Cabin Crew Mug: a fun gift for any tea or coffee lover. Dishwasher and microwave safe. Made in North Yorkshire. Order yours today.
worlds-best-airline-pilot,World's No.1 Airline Pilot Mug | Foxy Printing,World's No.1 Airline Pilot Mug: a fun gift for any tea or coffee lover. Dishwasher and microwave safe. Made in North Yorkshire. Treat them today.
worlds-best-algorithm-developer,World's No.1 Algorithm Developer Mug | Foxy Printing,"World's No.1 Algorithm Developer Mug: a fun gift for any tea or coffee lover. Sublimation printed, so the design is part of the glaze. Treat them today."
worlds-best-alteration-tailor,World's No.1 Alteration Tailor Mug | Foxy Printing,"World's No.1 Alteration Tailor Mug: a smile with every cuppa. Printed on an 11oz glossy ceramic mug, safe in the dishwasher and microwave. Order today."
worlds-best-ambulance-driver,World's No.1 Ambulance Driver Mug | Foxy Printing,"World's No.1 Ambulance Driver Mug: a fun gift for any tea or coffee lover. Sublimation printed, so the design is part of the glaze. Treat them today."
worlds-best-amenity-horticulturist,World's No.1 Amenity Horticulturist Mug | Foxy Printing,"World's No.1 Amenity Horticulturist Mug: a fun gift for any tea or coffee lover. 11oz ceramic, dishwasher safe. Add it to your basket today."
worlds-best-amusement-attendant,World's No.1 Amusement Attendant Mug | Foxy Printing,World's No.1 Amusement Attendant Mug: a smile with every cuppa. An 11oz white ceramic mug that's dishwasher and microwave safe. Treat them today.
worlds-best-analytical-chemist,World's No.1 Analytical Chemist Mug | Foxy Printing,"World's No.1 Analytical Chemist Mug: a mug that brightens every brew. Sublimation printed, so the design is part of the glaze. Treat them today."
worlds-best-anesthesiologist,World's No.1 Anesthesiologist Mug | Foxy Printing,World's No.1 Anesthesiologist Mug: a mug that brightens every brew. Dishwasher and microwave safe. Made in North Yorkshire. Order now and make their day.
worlds-best-animal-breeder,World's No.1 Animal Breeder Mug | Foxy Printing,"World's No.1 Animal Breeder Mug: a fun gift for any tea or coffee lover. Sublimation printed, so the design is part of the glaze. Order today."
worlds-best-animal-care-worker,World's No.1 Animal Care Worker Mug | Foxy Printing,World's No.1 Animal Care Worker Mug: a mug that brightens every brew. Dishwasher and microwave safe. Made in North Yorkshire. Add it to your basket today.
worlds-best-animal-control-worker,World's No.1 Animal Control Worker Mug | Foxy Printing,"World's No.1 Animal Control Worker Mug: a smile with every cuppa. 11oz ceramic, dishwasher safe. Made in North Yorkshire. Add it to your basket today."
worlds-best-animal-husbandry-worker,World's No.1 Animal Husbandry Worker Mug | Foxy Printing,World's No.1 Animal Husbandry Worker Mug: a fun gift for any tea or coffee lover. Dishwasher and microwave safe. Add it to your basket today.
worlds-best-animal-nutritionist,World's No.1 Animal Nutritionist Mug | Foxy Printing,"World's No.1 Animal Nutritionist Mug: a cheerful gift for home or the office. Sublimation printed, so the design is part of the glaze. Order yours today."
worlds-best-animal-scientist,World's No.1 Animal Scientist Mug | Foxy Printing,World's No.1 Animal Scientist Mug: a fun gift for any tea or coffee lover. Dishwasher and microwave safe. Made in North Yorkshire. Order yours today.
worlds-best-animal-trainer,World's No.1 Animal Trainer Mug | Foxy Printing,"World's No.1 Animal Trainer Mug: a cheerful gift for home or the office. 11oz ceramic, dishwasher safe. Made in North Yorkshire. Order yours today."
worlds-best-animator,World's No.1 Animator Mug | Foxy Printing,"World's No.1 Animator Mug: a mug that brightens every brew. Printed on an 11oz glossy ceramic mug, safe in the dishwasher and microwave. Treat them today."
worlds-best-annealing-machine-operator,World's No.1 Annealing Machine Operator Mug | Foxy Printing,"World's No.1 Annealing Machine Operator Mug: a fun gift for any tea or coffee lover. Sublimation printed, so the design is part of the glaze. Order today."
worlds-best-announcer,World's No.1 Announcer Mug | Foxy Printing,"World's No.1 Announcer Mug: a fun gift for any tea or coffee lover. Sublimation printed, so the design is part of the glaze. Add it to your basket today."
worlds-best-answering-service,World's No.1 Answering Service Mug | Foxy Printing,"World's No.1 Answering Service Mug: a cheerful gift for home or the office. Sublimation printed, so the design is part of the glaze. Order yours today."
worlds-best-anthropologist,World's No.1 Anthropologist Mug | Foxy Printing,"World's No.1 Anthropologist Mug: a fun gift for any tea or coffee lover. Sublimation printed, so the design is part of the glaze. Order yours today."
worlds-best-anthropology-teacher,World's No.1 Anthropology Teacher Mug | Foxy Printing,World's No.1 Anthropology Teacher Mug: a mug that brightens every brew. An 11oz white ceramic mug that's dishwasher and microwave safe. Treat them today.
worlds-best-appliance-repairer,World's No.1 Appliance Repairer Mug | Foxy Printing,"World's No.1 Appliance Repairer Mug: a mug that brightens every brew. 11oz ceramic, dishwasher safe. Made in North Yorkshire. Order yours today."
worlds-best-applications-programmer,World's No.1 Applications Programmer Mug | Foxy Printing,"World's No.1 Applications Programmer Mug: a cheerful gift for home or the office. Sublimation printed, so the design is part of the glaze. Order today."
worlds-best-arbitrator,World's No.1 Arbitrator Mug | Foxy Printing,"World's No.1 Arbitrator Mug: a mug that brightens every brew. Printed on an 11oz glossy ceramic mug, safe in the dishwasher and microwave. Order today."
worlds-best-archaeologist,World's No.1 Archaeologist Mug | Foxy Printing,"World's No.1 Archaeologist Mug: a smile with every cuppa. Sublimation printed, so the design is part of the glaze. Order now and make their day."
worlds-best-archeologist,World's No.1 Archeologist Mug | Foxy Printing,"World's No.1 Archeologist Mug: a cheerful gift for home or the office. Sublimation printed, so the design is part of the glaze. Treat them today."
worlds-best-architect,World's No.1 Architect Mug | Foxy Printing,"World's No.1 Architect Mug: a mug that brightens every brew. 11oz ceramic, dishwasher safe. Made in North Yorkshire. Add it to your basket today."
worlds-best-architectural-drafter,World's No.1 Architectural Drafter Mug | Foxy Printing,"World's No.1 Architectural Drafter Mug: a fun gift for any tea or coffee lover. Sublimation printed, so the design is part of the glaze. Treat them today."
worlds-best-architectural-technologist,World's No.1 Architectural Technologist Mug | Foxy Printing,"World's No.1 Architectural Technologist Mug: a fun gift for any tea or coffee lover. Sublimation printed, so the design is part of the glaze. Order today."
worlds-best-architecture-teacher,World's No.1 Architecture Teacher Mug | Foxy Printing,"World's No.1 Architecture Teacher Mug: a fun gift for any tea or coffee lover. 11oz ceramic, dishwasher safe. Made in North Yorkshire. Treat them today."
worlds-best-archivist,World's No.1 Archivist Mug | Foxy Printing,World's No.1 Archivist Mug: a smile with every cuppa. An 11oz white ceramic mug that's dishwasher and microwave safe. Order now and make their day.
worlds-best-armed-forces-officer,World's No.1 Armed Forces Officer Mug | Foxy Printing,"World's No.1 Armed Forces Officer Mug: a cheerful gift for home or the office. 11oz ceramic, dishwasher safe. Made in North Yorkshire. Order yours today."
worlds-best-armored-assault-vehicle-crew-member,World's No.1 Armored Assault Vehicle Crew Member Mug,World's No.1 Armored Assault Vehicle Crew Member Mug: a fun gift for any tea or coffee lover. Dishwasher and microwave safe. Add it to your basket today.
worlds-best-armored-assault-vehicle-officer,World's No.1 Armored Assault Vehicle Officer Mug,"World's No.1 Armored Assault Vehicle Officer Mug: a mug that brightens every brew. Sublimation printed, so the design is part of the glaze. Order today."
worlds-best-aromatherapist,World's No.1 Aromatherapist Mug | Foxy Printing,"World's No.1 Aromatherapist Mug: a fun gift for any tea or coffee lover. 11oz ceramic, dishwasher safe. Made in North Yorkshire. Order today."
worlds-best-art-director,World's No.1 Art Director Mug | Foxy Printing,"World's No.1 Art Director Mug: a smile with every cuppa. Sublimation printed, so the design is part of the glaze. Order now and make their day."
worlds-best-art-teacher,World's No.1 Art Teacher Mug | Foxy Printing,"World's No.1 Art Teacher Mug: a mug that brightens every brew. 11oz ceramic, dishwasher safe. Made in North Yorkshire. Add it to your basket today."
worlds-best-art-therapist,World's No.1 Art Therapist Mug | Foxy Printing,World's No.1 Art Therapist Mug: a mug that brightens every brew. Dishwasher and microwave safe. Made in North Yorkshire. Add it to your basket today.
worlds-best-artillery-crew-member,World's No.1 Artillery Crew Member Mug | Foxy Printing,World's No.1 Artillery Crew Member Mug: a fun gift for any tea or coffee lover. Dishwasher and microwave safe. Order now and make their day.
worlds-best-artillery-officer,World's No.1 Artillery Officer Mug | Foxy Printing,"World's No.1 Artillery Officer Mug: a mug that brightens every brew. Sublimation printed, so the design is part of the glaze. Order yours today."
worlds-best-artist,World's No.1 Artist Mug | Foxy Printing,"World's No.1 Artist Mug: a smile with every cuppa. Sublimation printed, so the design is part of the glaze. 11oz ceramic, dishwasher safe. Order today."
worlds-best-arts-administrator,World's No.1 Arts Administrator Mug | Foxy Printing,"World's No.1 Arts Administrator Mug: a cheerful gift for home or the office. Sublimation printed, so the design is part of the glaze. Treat them today."
worlds-best-assembler,World's No.1 Assembler Mug | Foxy Printing,"World's No.1 Assembler Mug: a cheerful gift for home or the office. 11oz ceramic, dishwasher safe. Made in North Yorkshire. Order now and make their day."
worlds-best-assessor,World's No.1 Assessor Mug | Foxy Printing,"World's No.1 Assessor Mug: a fun gift for any tea or coffee lover. Sublimation printed, so the design is part of the glaze. Add it to your basket today."
worlds-best-astronomer,World's No.1 Astronomer Mug | Foxy Printing,World's No.1 Astronomer Mug: a smile with every cuppa. Dishwasher and microwave safe. Made in North Yorkshire. Order now and make their day.
worlds-best-athletes-and-sports-competitor,World's No.1 Athletes and Sports Competitor Mug,"World's No.1 Athletes and Sports Competitor Mug: a smile with every cuppa. Sublimation printed, so the design is part of the glaze. Treat them today."
worlds-best-athletic-trainer,World's No.1 Athletic Trainer Mug | Foxy Printing,"World's No.1 Athletic Trainer Mug: a fun gift for any tea or coffee lover. 11oz ceramic, dishwasher safe. Made in North Yorkshire. Treat them today."
worlds-best-atmospheric-and-space-scientist,World's No.1 Atmospheric and Space Scientist Mug,World's No.1 Atmospheric and Space Scientist Mug: a smile with every cuppa. An 11oz white ceramic mug that's dishwasher and microwave safe. Order today.
worlds-best-audio-and-video-equipment-technician,World's No.1 Audio and Video Equipment Technician Mug,World's No.1 Audio and Video Equipment Technician Mug: a fun gift for any tea or coffee lover. Dishwasher and microwave safe. Order now and make their day.
worlds-best-audio-visual-collections-specialist,World's No.1 Audio Visual Collections Specialist Mug,"World's No.1 Audio Visual Collections Specialist Mug: a smile with every cuppa. Sublimation printed, so the design is part of the glaze. Treat them today."
worlds-best-audiologist,World's No.1 Audiologist Mug | Foxy Printing,World's No.1 Audiologist Mug: a mug that brightens every brew. Dishwasher and microwave safe. A great gift idea. Order now and make their day.
worlds-best-auditor,World's No.1 Auditor Mug | Foxy Printing,World's No.1 Auditor Mug: a cheerful gift for home or the office. Dishwasher and microwave safe. A great gift idea. Order now and make their day.
worlds-best-automatic-teller-machine-servicer,World's No.1 Automatic Teller Machine Servicer Mug,"World's No.1 Automatic Teller Machine Servicer Mug: a smile with every cuppa. Sublimation printed, so the design is part of the glaze. Order today."
worlds-best-automotive-body-repairer,World's No.1 Automotive Body Repairer Mug | Foxy Printing,"World's No.1 Automotive Body Repairer Mug: a smile with every cuppa. Sublimation printed, so the design is part of the glaze. Order yours today."
worlds-best-automotive-engineer,World's No.1 Automotive Engineer Mug | Foxy Printing,World's No.1 Automotive Engineer Mug: a smile with every cuppa. An 11oz white ceramic mug that's dishwasher and microwave safe. Order today.
worlds-best-automotive-glass-installer,World's No.1 Automotive Glass Installer Mug | Foxy Printing,World's No.1 Automotive Glass Installer Mug: a cheerful gift for home or the office. Dishwasher and microwave safe. Order now and make their day.
worlds-best-automotive-master-mechanic,World's No.1 Automotive Master Mechanic Mug | Foxy Printing,"World's No.1 Automotive Master Mechanic Mug: a smile with every cuppa. 11oz ceramic, dishwasher safe. Made in North Yorkshire. Add it to your basket today."
worlds-best-automotive-mechanic,World's No.1 Automotive Mechanic Mug | Foxy Printing,"World's No.1 Automotive Mechanic Mug: a mug that brightens every brew. 11oz ceramic, dishwasher safe. Made in North Yorkshire. Add it to your basket today."
worlds-best-automotive-specialty-technician,World's No.1 Automotive Specialty Technician Mug,World's No.1 Automotive Specialty Technician Mug: a fun gift for any tea or coffee lover. Dishwasher and microwave safe. Order now and make their day.
worlds-best-automotive-technician,World's No.1 Automotive Technician Mug | Foxy Printing,"World's No.1 Automotive Technician Mug: a smile with every cuppa. 11oz ceramic, dishwasher safe. Made in North Yorkshire. Add it to your basket today."
worlds-best-auxiliary-equipment-operator,World's No.1 Auxiliary Equipment Operator Mug,World's No.1 Auxiliary Equipment Operator Mug: a mug that brightens every brew. Dishwasher and microwave safe. Order now and make their day.
worlds-best-aviation-inspector,World's No.1 Aviation Inspector Mug | Foxy Printing,"World's No.1 Aviation Inspector Mug: a smile with every cuppa. Sublimation printed, so the design is part of the glaze. Order now and make their day."
worlds-best-avionics-technician,World's No.1 Avionics Technician Mug | Foxy Printing,"World's No.1 Avionics Technician Mug: a cheerful gift for home or the office. Sublimation printed, so the design is part of the glaze. Order yours today."
worlds-best-bailiff,World's No.1 Bailiff Mug | Foxy Printing,"World's No.1 Bailiff Mug: a fun gift for any tea or coffee lover. Sublimation printed, so the design is part of the glaze. Add it to your basket today."
worlds-best-baker,World's No.1 Baker Mug | Foxy Printing,World's No.1 Baker Mug: a cheerful gift for home or the office. An 11oz white ceramic mug that's dishwasher and microwave safe. Treat them today.
worlds-best-barber,World's No.1 Barber Mug | Foxy Printing,World's No.1 Barber Mug: a fun gift for any tea or coffee lover. An 11oz white ceramic mug that's dishwasher and microwave safe. Treat them today.
worlds-best-barrister,World's No.1 Barrister Mug | Foxy Printing,"World's No.1 Barrister Mug: a smile with every cuppa. Sublimation printed, so the design is part of the glaze. Order now and make their day."
worlds-best-barristers-clerk,World's No.1 Barrister's Clerk Mug | Foxy Printing,"World's No.1 Barrister's Clerk Mug: a smile with every cuppa. 11oz ceramic, dishwasher safe. Made in North Yorkshire. Add it to your basket today."
worlds-best-bartender,World's No.1 Bartender Mug | Foxy Printing,World's No.1 Bartender Mug: a smile with every cuppa. An 11oz white ceramic mug that's dishwasher and microwave safe. Add it to your basket today.
worlds-best-bartender-helper,World's No.1 Bartender Helper Mug | Foxy Printing,"World's No.1 Bartender Helper Mug: a smile with every cuppa. Printed on an 11oz glossy ceramic mug, safe in the dishwasher and microwave. Treat them today."
worlds-best-battery-repairer,World's No.1 Battery Repairer Mug | Foxy Printing,World's No.1 Battery Repairer Mug: a cheerful gift for home or the office. Dishwasher and microwave safe. Made in North Yorkshire. Treat them today.
worlds-best-bellhop,World's No.1 Bellhop Mug | Foxy Printing,World's No.1 Bellhop Mug: a fun gift for any tea or coffee lover. Dishwasher and microwave safe. Made in North Yorkshire. Add it to your basket today.
worlds-best-bench-jeweler,World's No.1 Bench Jeweler Mug | Foxy Printing,"World's No.1 Bench Jeweler Mug: a fun gift for any tea or coffee lover. 11oz ceramic, dishwasher safe. Made in North Yorkshire. Order yours today."
worlds-best-benefits-specialist,World's No.1 Benefits Specialist Mug | Foxy Printing,"World's No.1 Benefits Specialist Mug: a smile with every cuppa. 11oz ceramic, dishwasher safe. Made in North Yorkshire. Order now and make their day."
worlds-best-bicycle-repairer,World's No.1 Bicycle Repairer Mug | Foxy Printing,"World's No.1 Bicycle Repairer Mug: a fun gift for any tea or coffee lover. Sublimation printed, so the design is part of the glaze. Order today."
worlds-best-bilingual-secretary,World's No.1 Bilingual Secretary Mug | Foxy Printing,World's No.1 Bilingual Secretary Mug: a smile with every cuppa. An 11oz white ceramic mug that's dishwasher and microwave safe. Treat them today.
worlds-best-bill-and-account-collector,World's No.1 Bill and Account Collector Mug | Foxy Printing,World's No.1 Bill and Account Collector Mug: a cheerful gift for home or the office. Dishwasher and microwave safe. Add it to your basket today.
worlds-best-bindery-machine-operator,World's No.1 Bindery Machine Operator Mug | Foxy Printing,"World's No.1 Bindery Machine Operator Mug: a smile with every cuppa. Sublimation printed, so the design is part of the glaze. Order yours today."
worlds-best-bindery-worker,World's No.1 Bindery Worker Mug | Foxy Printing,"World's No.1 Bindery Worker Mug: a smile with every cuppa. Printed on an 11oz glossy ceramic mug, safe in the dishwasher and microwave. Order yours today."
worlds-best-biochemist,World's No.1 Biochemist Mug | Foxy Printing,"World's No.1 Biochemist Mug: a mug that brightens every brew. 11oz ceramic, dishwasher safe. Made in North Yorkshire. Order now and make their day."
worlds-best-biochemist-or-biophysicist,World's No.1 Biochemist or Biophysicist Mug | Foxy Printing,"World's No.1 Biochemist or Biophysicist Mug: a fun gift for any tea or coffee lover. Sublimation printed, so the design is part of the glaze. Order today."
worlds-best-biological-science-teacher,World's No.1 Biological Science Teacher Mug | Foxy Printing,"World's No.1 Biological Science Teacher Mug: a smile with every cuppa. Sublimation printed, so the design is part of the glaze. Order today."
worlds-best-biological-scientist,World's No.1 Biological Scientist Mug | Foxy Printing,"World's No.1 Biological Scientist Mug: a mug that brightens every brew. Sublimation printed, so the design is part of the glaze. Treat them today."
worlds-best-biological-technician,World's No.1 Biological Technician Mug | Foxy Printing,"World's No.1 Biological Technician Mug: a cheerful gift for home or the office. Sublimation printed, so the design is part of the glaze. Treat them today."
worlds-best-biologist,World's No.1 Biologist Mug | Foxy Printing,"World's No.1 Biologist Mug: a fun gift for any tea or coffee lover. 11oz ceramic, dishwasher safe. Made in North Yorkshire. Add it to your basket today."
worlds-best-biomedical-engineer,World's No.1 Biomedical Engineer Mug | Foxy Printing,World's No.1 Biomedical Engineer Mug: a smile with every cuppa. Dishwasher and microwave safe. A great gift idea. Add it to your basket today.
worlds-best-biomedical-scientist,World's No.1 Biomedical Scientist Mug | Foxy Printing,World's No.1 Biomedical Scientist Mug: a cheerful gift for home or the office. Dishwasher and microwave safe. Made in North Yorkshire. Order today.
worlds-best-biophysicist,World's No.1 Biophysicist Mug | Foxy Printing,"World's No.1 Biophysicist Mug: a mug that brightens every brew. 11oz ceramic, dishwasher safe. Made in North Yorkshire. Add it to your basket today."
worlds-best-board-of-director,World's No.1 Board of Director Mug | Foxy Printing,World's No.1 Board of Director Mug: a fun gift for any tea or coffee lover. An 11oz white ceramic mug that's dishwasher and microwave safe. Order today.
worlds-best-boat-builder-and-shipwright,World's No.1 Boat Builder and Shipwright Mug | Foxy Printing,World's No.1 Boat Builder and Shipwright Mug: a mug that brightens every brew. An 11oz white ceramic mug that's dishwasher and microwave safe. Order today.
worlds-best-boiler-operator,World's No.1 Boiler Operator Mug | Foxy Printing,"World's No.1 Boiler Operator Mug: a mug that brightens every brew. Sublimation printed, so the design is part of the glaze. Order yours today."
worlds-best-boilermaker,World's No.1 Boilermaker Mug | Foxy Printing,World's No.1 Boilermaker Mug: a mug that brightens every brew. Dishwasher and microwave safe. Made in North Yorkshire. Add it to your basket today.
worlds-best-bookbinder,World's No.1 Bookbinder Mug | Foxy Printing,"World's No.1 Bookbinder Mug: a smile with every cuppa. Printed on an 11oz glossy ceramic mug, safe in the dishwasher and microwave. Treat them today."
worlds-best-bookkeeper,World's No.1 Bookkeeper Mug | Foxy Printing,World's No.1 Bookkeeper Mug: a mug that brightens every brew. An 11oz white ceramic mug that's dishwasher and microwave safe. Treat them today.
worlds-best-brake-machine-setter,World's No.1 Brake Machine Setter Mug | Foxy Printing,"World's No.1 Brake Machine Setter Mug: a mug that brightens every brew. 11oz ceramic, dishwasher safe. Made in North Yorkshire. Order yours today."
worlds-best-brattice-builder,World's No.1 Brattice Builder Mug | Foxy Printing,World's No.1 Brattice Builder Mug: a mug that brightens every brew. Dishwasher and microwave safe. Made in North Yorkshire. Treat them today.
worlds-best-brazer,World's No.1 Brazer Mug | Foxy Printing,"World's No.1 Brazer Mug: a cheerful gift for home or the office. Printed on an 11oz glossy ceramic mug, safe in the dishwasher and microwave. Order today."
worlds-best-brazing-machine-operator,World's No.1 Brazing Machine Operator Mug | Foxy Printing,"World's No.1 Brazing Machine Operator Mug: a smile with every cuppa. 11oz ceramic, dishwasher safe. Made in North Yorkshire. Treat them today."
worlds-best-brickmason,World's No.1 Brickmason Mug | Foxy Printing,"World's No.1 Brickmason Mug: a fun gift for any tea or coffee lover. 11oz ceramic, dishwasher safe. A great gift idea. Add it to your basket today."
worlds-best-bridge-tender,World's No.1 Bridge Tender Mug | Foxy Printing,"World's No.1 Bridge Tender Mug: a cheerful gift for home or the office. 11oz ceramic, dishwasher safe. Made in North Yorkshire. Order yours today."
worlds-best-broadcast-news-analyst,World's No.1 Broadcast News Analyst Mug | Foxy Printing,World's No.1 Broadcast News Analyst Mug: a cheerful gift for home or the office. Dishwasher and microwave safe. Order now and make their day.
worlds-best-broadcast-technician,World's No.1 Broadcast Technician Mug | Foxy Printing,"World's No.1 Broadcast Technician Mug: a smile with every cuppa. Sublimation printed, so the design is part of the glaze. Order yours today."
worlds-best-broadcasting-presenter,World's No.1 Broadcasting Presenter Mug | Foxy Printing,World's No.1 Broadcasting Presenter Mug: a fun gift for any tea or coffee lover. Dishwasher and microwave safe. Order now and make their day.
worlds-best-brokerage-clerk,World's No.1 Brokerage Clerk Mug | Foxy Printing,"World's No.1 Brokerage Clerk Mug: a smile with every cuppa. Printed on an 11oz glossy ceramic mug, safe in the dishwasher and microwave. Order yours today."
worlds-best-budget-analyst,World's No.1 Budget Analyst Mug | Foxy Printing,World's No.1 Budget Analyst Mug: a smile with every cuppa. Dishwasher and microwave safe. Made in North Yorkshire. Order now and make their day.
worlds-best-buffing-and-polishing-operator,World's No.1 Buffing and Polishing Operator Mug,World's No.1 Buffing and Polishing Operator Mug: a fun gift for any tea or coffee lover. Dishwasher and microwave safe. Add it to your basket today.
worlds-best-building-cleaning-worker,World's No.1 Building Cleaning Worker Mug | Foxy Printing,World's No.1 Building Cleaning Worker Mug: a mug that brightens every brew. An 11oz white ceramic mug that's dishwasher and microwave safe. Order today.
worlds-best-building-inspector,World's No.1 Building Inspector Mug | Foxy Printing,"World's No.1 Building Inspector Mug: a mug that brightens every brew. 11oz ceramic, dishwasher safe. A great gift idea. Order now and make their day."
worlds-best-building-services-engineer,World's No.1 Building Services Engineer Mug | Foxy Printing,"World's No.1 Building Services Engineer Mug: a fun gift for any tea or coffee lover. Sublimation printed, so the design is part of the glaze. Order today."
worlds-best-building-surveyor,World's No.1 Building Surveyor Mug | Foxy Printing,"World's No.1 Building Surveyor Mug: a mug that brightens every brew. Sublimation printed, so the design is part of the glaze. Order yours today."
worlds-best-bulldozer-operator,World's No.1 Bulldozer Operator Mug | Foxy Printing,"World's No.1 Bulldozer Operator Mug: a cheerful gift for home or the office. Sublimation printed, so the design is part of the glaze. Order yours today."
worlds-best-bus-driver,World's No.1 Bus Driver Mug | Foxy Printing,World's No.1 Bus Driver Mug: a fun gift for any tea or coffee lover. An 11oz white ceramic mug that's dishwasher and microwave safe. Treat them today.
worlds-best-business-development-manager,World's No.1 Business Development Manager Mug,World's No.1 Business Development Manager Mug: a cheerful gift for home or the office. Dishwasher and microwave safe. Add it to your basket today.
worlds-best-business-manager,World's No.1 Business Manager Mug | Foxy Printing,"World's No.1 Business Manager Mug: a mug that brightens every brew. Sublimation printed, so the design is part of the glaze. Treat them today."
worlds-best-business-operations-specialist,World's No.1 Business Operations Specialist Mug,World's No.1 Business Operations Specialist Mug: a mug that brightens every brew. Dishwasher and microwave safe. Add it to your basket today.
worlds-best-business-teacher,World's No.1 Business Teacher Mug | Foxy Printing,"World's No.1 Business Teacher Mug: a smile with every cuppa. Sublimation printed, so the design is part of the glaze. Add it to your basket today."
worlds-best-butcher,World's No.1 Butcher Mug | Foxy Printing,World's No.1 Butcher Mug: a smile with every cuppa. An 11oz white ceramic mug that's dishwasher and microwave safe. Add it to your basket today.
worlds-best-buyer,World's No.1 Buyer Mug | Foxy Printing,World's No.1 Buyer Mug: a smile with every cuppa. An 11oz white ceramic mug that's dishwasher and microwave safe. Add it to your basket today.
worlds-best-cabinetmaker,World's No.1 Cabinetmaker Mug | Foxy Printing,World's No.1 Cabinetmaker Mug: a fun gift for any tea or coffee lover. Dishwasher and microwave safe. Made in North Yorkshire. Add it to your basket today.
worlds-best-cafeteria-cook,World's No.1 Cafeteria Cook Mug | Foxy Printing,World's No.1 Cafeteria Cook Mug: a cheerful gift for home or the office. Dishwasher and microwave safe. A great gift idea. Order yours today.
worlds-best-calibration-technician,World's No.1 Calibration Technician Mug | Foxy Printing,"World's No.1 Calibration Technician Mug: a fun gift for any tea or coffee lover. 11oz ceramic, dishwasher safe. Order now and make their day."
worlds-best-camera-operator,World's No.1 Camera Operator Mug | Foxy Printing,"World's No.1 Camera Operator Mug: a fun gift for any tea or coffee lover. 11oz ceramic, dishwasher safe. A great gift idea. Treat them today."
worlds-best-camera-repairer,World's No.1 Camera Repairer Mug | Foxy Printing,"World's No.1 Camera Repairer Mug: a smile with every cuppa. Sublimation printed, so the design is part of the glaze. Order now and make their day."
worlds-best-captain,World's No.1 Captain Mug | Foxy Printing,"World's No.1 Captain Mug: a cheerful gift for home or the office. Printed on an 11oz glossy ceramic mug, safe in the dishwasher and microwave. Order today."
worlds-best-caption-writer,World's No.1 Caption Writer Mug | Foxy Printing,"World's No.1 Caption Writer Mug: a smile with every cuppa. 11oz ceramic, dishwasher safe. Made in North Yorkshire. Add it to your basket today."
worlds-best-cardiovascular-technologist,World's No.1 Cardiovascular Technologist Mug | Foxy Printing,"World's No.1 Cardiovascular Technologist Mug: a cheerful gift for home or the office. Sublimation printed, so the design is part of the glaze. Order today."
worlds-best-career-counselor,World's No.1 Career Counselor Mug | Foxy Printing,World's No.1 Career Counselor Mug: a smile with every cuppa. Dishwasher and microwave safe. Made in North Yorkshire. Order now and make their day.
worlds-best-careers-adviser,World's No.1 Careers Adviser Mug | Foxy Printing,World's No.1 Careers Adviser Mug: a smile with every cuppa. An 11oz white ceramic mug that's dishwasher and microwave safe. Treat them today.
worlds-best-careers-consultant,World's No.1 Careers Consultant Mug | Foxy Printing,"World's No.1 Careers Consultant Mug: a smile with every cuppa. Printed on an 11oz glossy ceramic mug, safe in the dishwasher and microwave. Order today."
worlds-best-carpenter,World's No.1 Carpenter Mug | Foxy Printing,World's No.1 Carpenter Mug: a mug that brightens every brew. An 11oz white ceramic mug that's dishwasher and microwave safe. Order now and make their day.
worlds-best-carpenter-assembler-and-repairer,World's No.1 Carpenter Assembler and Repairer Mug,"World's No.1 Carpenter Assembler and Repairer Mug: a fun gift for any tea or coffee lover. 11oz ceramic, dishwasher safe. Order now and make their day."
worlds-best-carpet-installer,World's No.1 Carpet Installer Mug | Foxy Printing,"World's No.1 Carpet Installer Mug: a mug that brightens every brew. Sublimation printed, so the design is part of the glaze. Order yours today."
worlds-best-carrot-polisher-funny-rude-ceramic-mug-gift,World's No.1 Carrot Polisher – Funny Rude Ceramic Gift Mug,"A cheeky novelty printed mug for someone with a wicked sense of humour. Sublimation printed, so the design is part of the glaze. Order today."
worlds-best-cartographer,World's No.1 Cartographer Mug | Foxy Printing,"World's No.1 Cartographer Mug: a cheerful gift for home or the office. Sublimation printed, so the design is part of the glaze. Order today."
worlds-best-cartoonist,World's No.1 Cartoonist Mug | Foxy Printing,"World's No.1 Cartoonist Mug: a cheerful gift for home or the office. 11oz ceramic, dishwasher safe. A great gift idea. Order now and make their day."
worlds-best-carver,World's No.1 Carver Mug | Foxy Printing,"World's No.1 Carver Mug: a fun gift for any tea or coffee lover. Sublimation printed, so the design is part of the glaze. Add it to your basket today."
worlds-best-cashier,World's No.1 Cashier Mug | Foxy Printing,World's No.1 Cashier Mug: a smile with every cuppa. An 11oz white ceramic mug that's dishwasher and microwave safe. Add it to your basket today.
worlds-best-casting-machine-operator,World's No.1 Casting Machine Operator Mug | Foxy Printing,"World's No.1 Casting Machine Operator Mug: a fun gift for any tea or coffee lover. Sublimation printed, so the design is part of the glaze. Order today."
worlds-best-casting-machine-set-up-operator,World's No.1 Casting Machine Set Up Operator Mug,"World's No.1 Casting Machine Set Up Operator Mug: a smile with every cuppa. Sublimation printed, so the design is part of the glaze. Treat them today."
worlds-best-catering-manager,World's No.1 Catering Manager Mug | Foxy Printing,"World's No.1 Catering Manager Mug: a cheerful gift for home or the office. Sublimation printed, so the design is part of the glaze. Order today."
worlds-best-ccc,World's No.1 Ccc Mug | Foxy Printing,"World's No.1 Ccc Mug: a cheerful gift for home or the office. 11oz ceramic, dishwasher safe. Made in North Yorkshire. Add it to your basket today."
worlds-best-ceiling-tile-installer,World's No.1 Ceiling Tile Installer Mug | Foxy Printing,World's No.1 Ceiling Tile Installer Mug: a mug that brightens every brew. Dishwasher and microwave safe. A great gift idea. Order yours today.
worlds-best-cement-mason-and-concrete-finisher,World's No.1 Cement Mason and Concrete Finisher Mug,"World's No.1 Cement Mason and Concrete Finisher Mug: a cheerful gift for home or the office. 11oz ceramic, dishwasher safe. Add it to your basket today."
worlds-best-central-office,World's No.1 Central Mug | Foxy Printing,"World's No.1 Central Mug: a mug that brightens every brew. Printed on an 11oz glossy ceramic mug, safe in the dishwasher and microwave. Treat them today."
worlds-best-central-office-and-pbx-installer,World's No.1 Central Office and Pbx Installer Mug,World's No.1 Central Office and Pbx Installer Mug: a cheerful gift for home or the office. Dishwasher and microwave safe. Order now and make their day.
worlds-best-central-office-operator,World's No.1 Central Office Operator Mug | Foxy Printing,World's No.1 Central Office Operator Mug: a fun gift for any tea or coffee lover. Dishwasher and microwave safe. Order now and make their day.
worlds-best-ceo,World's No.1 Ceo Mug | Foxy Printing,"World's No.1 Ceo Mug: a fun gift for any tea or coffee lover. Sublimation printed, so the design is part of the glaze. Order now and make their day."
worlds-best-cfo,World's No.1 Cfo Mug | Foxy Printing,World's No.1 Cfo Mug: a fun gift for any tea or coffee lover. An 11oz white ceramic mug that's dishwasher and microwave safe. Add it to your basket today.
worlds-best-charities-administrator,World's No.1 Charities Administrator Mug | Foxy Printing,World's No.1 Charities Administrator Mug: a smile with every cuppa. An 11oz white ceramic mug that's dishwasher and microwave safe. Treat them today.
worlds-best-charities-fundraiser,World's No.1 Charities Fundraiser Mug | Foxy Printing,"World's No.1 Charities Fundraiser Mug: a fun gift for any tea or coffee lover. Sublimation printed, so the design is part of the glaze. Order yours today."
worlds-best-chef,World's No.1 Chef Mug | Foxy Printing,World's No.1 Chef Mug: a fun gift for any tea or coffee lover. Dishwasher and microwave safe. Made in North Yorkshire. Order now and make their day.
worlds-best-chemical,World's No.1 Chemical Mug | Foxy Printing,"World's No.1 Chemical Mug: a smile with every cuppa. Printed on an 11oz glossy ceramic mug, safe in the dishwasher and microwave. Order yours today."
worlds-best-chemical-engineer,World's No.1 Chemical Engineer Mug | Foxy Printing,"World's No.1 Chemical Engineer Mug: a mug that brightens every brew. Sublimation printed, so the design is part of the glaze. Order yours today."
worlds-best-chemical-equipment-controller,World's No.1 Chemical Equipment Controller Mug,World's No.1 Chemical Equipment Controller Mug: a fun gift for any tea or coffee lover. Dishwasher and microwave safe. Add it to your basket today.
worlds-best-chemical-equipment-operator,World's No.1 Chemical Equipment Operator Mug | Foxy Printing,World's No.1 Chemical Equipment Operator Mug: a smile with every cuppa. Dishwasher and microwave safe. Made in North Yorkshire. Treat them today.
worlds-best-chemical-equipment-tender,World's No.1 Chemical Equipment Tender Mug | Foxy Printing,"World's No.1 Chemical Equipment Tender Mug: a cheerful gift for home or the office. Sublimation printed, so the design is part of the glaze. Order today."
worlds-best-chemical-plant-operator,World's No.1 Chemical Plant Operator Mug | Foxy Printing,"World's No.1 Chemical Plant Operator Mug: a mug that brightens every brew. Sublimation printed, so the design is part of the glaze. Order today."
worlds-best-chemical-technician,World's No.1 Chemical Technician Mug | Foxy Printing,"World's No.1 Chemical Technician Mug: a mug that brightens every brew. Sublimation printed, so the design is part of the glaze. Treat them today."
worlds-best-chemist,World's No.1 Chemist Mug | Foxy Printing,"World's No.1 Chemist Mug: a fun gift for any tea or coffee lover. 11oz ceramic, dishwasher safe. A great gift idea. Add it to your basket today."
worlds-best-chemistry-teacher,World's No.1 Chemistry Teacher Mug | Foxy Printing,"World's No.1 Chemistry Teacher Mug: a cheerful gift for home or the office. 11oz ceramic, dishwasher safe. Made in North Yorkshire. Order yours today."
worlds-best-chicken-choker-funny-rude-ceramic-mug-gift,World's No.1 Chicken Choker – Funny Rude Ceramic Gift Mug,This tongue-in-cheek printed mug is a gift for friends who like a laugh. Dishwasher and microwave safe. Made in North Yorkshire. Order yours today.
worlds-best-child-care,World's No.1 Child Care Mug | Foxy Printing,"World's No.1 Child Care Mug: a mug that brightens every brew. 11oz ceramic, dishwasher safe. Made in North Yorkshire. Add it to your basket today."
worlds-best-child-care-worker,World's No.1 Child Care Worker Mug | Foxy Printing,World's No.1 Child Care Worker Mug: a fun gift for any tea or coffee lover. An 11oz white ceramic mug that's dishwasher and microwave safe. Order today.
worlds-best-child-psychotherapist,World's No.1 Child Psychotherapist Mug | Foxy Printing,World's No.1 Child Psychotherapist Mug: a smile with every cuppa. An 11oz white ceramic mug that's dishwasher and microwave safe. Order yours today.
worlds-best-childrens-nurse,World's No.1 Children's Nurse Mug | Foxy Printing,World's No.1 Children's Nurse Mug: a smile with every cuppa. An 11oz white ceramic mug that's dishwasher and microwave safe. Add it to your basket today.
worlds-best-chiropractor,World's No.1 Chiropractor Mug | Foxy Printing,"World's No.1 Chiropractor Mug: a smile with every cuppa. 11oz ceramic, dishwasher safe. Made in North Yorkshire. Add it to your basket today."
worlds-best-choreographer,World's No.1 Choreographer Mug | Foxy Printing,"World's No.1 Choreographer Mug: a fun gift for any tea or coffee lover. Sublimation printed, so the design is part of the glaze. Order yours today."
worlds-best-city,World's No.1 City Mug | Foxy Printing,World's No.1 City Mug: a mug that brightens every brew. Dishwasher and microwave safe. Made in North Yorkshire. Order now and make their day.
worlds-best-city-planning-aide,World's No.1 City Planning Aide Mug | Foxy Printing,"World's No.1 City Planning Aide Mug: a fun gift for any tea or coffee lover. Sublimation printed, so the design is part of the glaze. Treat them today."
worlds-best-civil-drafter,World's No.1 Civil Drafter Mug | Foxy Printing,"World's No.1 Civil Drafter Mug: a cheerful gift for home or the office. Sublimation printed, so the design is part of the glaze. Order yours today."
worlds-best-civil-engineer,World's No.1 Civil Engineer Mug | Foxy Printing,World's No.1 Civil Engineer Mug: a smile with every cuppa. Dishwasher and microwave safe. Made in North Yorkshire. Order now and make their day.
worlds-best-civil-engineering-technician,World's No.1 Civil Engineering Technician Mug,World's No.1 Civil Engineering Technician Mug: a mug that brightens every brew. Dishwasher and microwave safe. Order now and make their day.
worlds-best-civil-service-administrator,World's No.1 Civil Service Administrator Mug | Foxy Printing,World's No.1 Civil Service Administrator Mug: a mug that brightens every brew. Dishwasher and microwave safe. Made in North Yorkshire. Treat them today.
worlds-best-claims-adjuster,World's No.1 Claims Adjuster Mug | Foxy Printing,World's No.1 Claims Adjuster Mug: a fun gift for any tea or coffee lover. An 11oz white ceramic mug that's dishwasher and microwave safe. Treat them today.
worlds-best-claims-examiner,World's No.1 Claims Examiner Mug | Foxy Printing,"World's No.1 Claims Examiner Mug: a fun gift for any tea or coffee lover. Sublimation printed, so the design is part of the glaze. Order today."
worlds-best-claims-taker,World's No.1 Claims Taker Mug | Foxy Printing,"World's No.1 Claims Taker Mug: a cheerful gift for home or the office. Sublimation printed, so the design is part of the glaze. Order yours today."
worlds-best-cleaners-of-vehicle,World's No.1 Cleaners of Vehicle Mug | Foxy Printing,"World's No.1 Cleaners of Vehicle Mug: a mug that brightens every brew. 11oz ceramic, dishwasher safe. Made in North Yorkshire. Add it to your basket today."
worlds-best-clergy,World's No.1 Clergy Mug | Foxy Printing,World's No.1 Clergy Mug: a smile with every cuppa. An 11oz white ceramic mug that's dishwasher and microwave safe. Add it to your basket today.
worlds-best-clerk,World's No.1 Clerk Mug | Foxy Printing,World's No.1 Clerk Mug: a fun gift for any tea or coffee lover. Dishwasher and microwave safe. Made in North Yorkshire. Order now and make their day.
worlds-best-clinical-biochemist,World's No.1 Clinical Biochemist Mug | Foxy Printing,"World's No.1 Clinical Biochemist Mug: a smile with every cuppa. Printed on an 11oz glossy ceramic mug, safe in the dishwasher and microwave. Order today."
worlds-best-clinical-cytogeneticist,World's No.1 Clinical Cytogeneticist Mug | Foxy Printing,"World's No.1 Clinical Cytogeneticist Mug: a fun gift for any tea or coffee lover. Sublimation printed, so the design is part of the glaze. Order today."
worlds-best-clinical-laboratory-technician,World's No.1 Clinical Laboratory Technician Mug,World's No.1 Clinical Laboratory Technician Mug: a fun gift for any tea or coffee lover. Dishwasher and microwave safe. Order now and make their day.
worlds-best-clinical-microbiologist,World's No.1 Clinical Microbiologist Mug | Foxy Printing,World's No.1 Clinical Microbiologist Mug: a mug that brightens every brew. An 11oz white ceramic mug that's dishwasher and microwave safe. Order today.
worlds-best-clinical-molecular-geneticist,World's No.1 Clinical Molecular Geneticist Mug,World's No.1 Clinical Molecular Geneticist Mug: a cheerful gift for home or the office. Dishwasher and microwave safe. Add it to your basket today.
worlds-best-clinical-psychologist,World's No.1 Clinical Psychologist Mug | Foxy Printing,"World's No.1 Clinical Psychologist Mug: a mug that brightens every brew. Sublimation printed, so the design is part of the glaze. Treat them today."
worlds-best-clinical-research-associate,World's No.1 Clinical Research Associate Mug | Foxy Printing,"World's No.1 Clinical Research Associate Mug: a fun gift for any tea or coffee lover. Sublimation printed, so the design is part of the glaze. Order today."
worlds-best-clinical-school-psychologist,World's No.1 Clinical School Psychologist Mug,World's No.1 Clinical School Psychologist Mug: a cheerful gift for home or the office. Dishwasher and microwave safe. Order now and make their day.
worlds-best-clinical-scientist-tissue-typing,World's No.1 Clinical Scientist Tissue Typing Mug,"World's No.1 Clinical Scientist Tissue Typing Mug: a fun gift for any tea or coffee lover. 11oz ceramic, dishwasher safe. Order yours today."
worlds-best-clothing-and-textile-technologist,World's No.1 Clothing and Textile Technologist Mug,World's No.1 Clothing and Textile Technologist Mug: a fun gift for any tea or coffee lover. Dishwasher and microwave safe. Order yours today.
worlds-best-coaches-and-scout,World's No.1 Coaches and Scout Mug | Foxy Printing,"World's No.1 Coaches and Scout Mug: a cheerful gift for home or the office. 11oz ceramic, dishwasher safe. A great gift idea. Add it to your basket today."
worlds-best-coating-machine-operator,World's No.1 Coating Machine Operator Mug | Foxy Printing,"World's No.1 Coating Machine Operator Mug: a mug that brightens every brew. Sublimation printed, so the design is part of the glaze. Order yours today."
worlds-best-coil-winder,World's No.1 Coil Winder Mug | Foxy Printing,World's No.1 Coil Winder Mug: a cheerful gift for home or the office. Dishwasher and microwave safe. Made in North Yorkshire. Add it to your basket today.
worlds-best-colour-technologist,World's No.1 Colour Technologist Mug | Foxy Printing,"World's No.1 Colour Technologist Mug: a smile with every cuppa. Sublimation printed, so the design is part of the glaze. Order now and make their day."
worlds-best-command-control-center-officer,World's No.1 Command Control Center Officer Mug,"World's No.1 Command Control Center Officer Mug: a smile with every cuppa. 11oz ceramic, dishwasher safe. Made in North Yorkshire. Order today."
worlds-best-command-control-center-specialist,World's No.1 Command Control Center Specialist Mug,World's No.1 Command Control Center Specialist Mug: a cheerful gift for home or the office. Dishwasher and microwave safe. Add it to your basket today.
worlds-best-commercial-and-industrial-designer,World's No.1 Commercial and Industrial Designer Mug,World's No.1 Commercial and Industrial Designer Mug: a fun gift for any tea or coffee lover. Dishwasher and microwave safe. Add it to your basket today.
worlds-best-commercial-diver,World's No.1 Commercial Diver Mug | Foxy Printing,"World's No.1 Commercial Diver Mug: a smile with every cuppa. Printed on an 11oz glossy ceramic mug, safe in the dishwasher and microwave. Order today."
worlds-best-commercial-horticulturist,World's No.1 Commercial Horticulturist Mug | Foxy Printing,World's No.1 Commercial Horticulturist Mug: a smile with every cuppa. An 11oz white ceramic mug that's dishwasher and microwave safe. Treat them today.
worlds-best-commercial-pilot,World's No.1 Commercial Pilot Mug | Foxy Printing,World's No.1 Commercial Pilot Mug: a cheerful gift for home or the office. An 11oz white ceramic mug that's dishwasher and microwave safe. Order today.
worlds-best-commissioning-editor,World's No.1 Commissioning Editor Mug | Foxy Printing,"World's No.1 Commissioning Editor Mug: a mug that brightens every brew. Sublimation printed, so the design is part of the glaze. Order yours today."
worlds-best-commissioning-engineer,World's No.1 Commissioning Engineer Mug | Foxy Printing,"World's No.1 Commissioning Engineer Mug: a smile with every cuppa. Sublimation printed, so the design is part of the glaze. Treat them today."
worlds-best-commodity-broker,World's No.1 Commodity Broker Mug | Foxy Printing,World's No.1 Commodity Broker Mug: a cheerful gift for home or the office. An 11oz white ceramic mug that's dishwasher and microwave safe. Order today.
worlds-best-communication-equipment-repairer,World's No.1 Communication Equipment Repairer Mug,World's No.1 Communication Equipment Repairer Mug: a cheerful gift for home or the office. Dishwasher and microwave safe. Add it to your basket today.
worlds-best-communication-equipment-worker,World's No.1 Communication Equipment Worker Mug,"World's No.1 Communication Equipment Worker Mug: a mug that brightens every brew. Sublimation printed, so the design is part of the glaze. Order today."
worlds-best-communications-engineer,World's No.1 Communications Engineer Mug | Foxy Printing,"World's No.1 Communications Engineer Mug: a mug that brightens every brew. Sublimation printed, so the design is part of the glaze. Treat them today."
worlds-best-communications-equipment-operator,World's No.1 Communications Equipment Operator Mug,"World's No.1 Communications Equipment Operator Mug: a cheerful gift for home or the office. 11oz ceramic, dishwasher safe. Order yours today."
worlds-best-communications-teacher,World's No.1 Communications Teacher Mug | Foxy Printing,"World's No.1 Communications Teacher Mug: a fun gift for any tea or coffee lover. Sublimation printed, so the design is part of the glaze. Treat them today."
worlds-best-community-arts-worker,World's No.1 Community Arts Worker Mug | Foxy Printing,"World's No.1 Community Arts Worker Mug: a fun gift for any tea or coffee lover. 11oz ceramic, dishwasher safe. Order now and make their day."
worlds-best-community-education-officer,World's No.1 Community Education Officer Mug | Foxy Printing,"World's No.1 Community Education Officer Mug: a smile with every cuppa. 11oz ceramic, dishwasher safe. Made in North Yorkshire. Order today."
worlds-best-community-service-manager,World's No.1 Community Service Manager Mug | Foxy Printing,"World's No.1 Community Service Manager Mug: a smile with every cuppa. Sublimation printed, so the design is part of the glaze. Order yours today."
worlds-best-community-worker,World's No.1 Community Worker Mug | Foxy Printing,World's No.1 Community Worker Mug: a smile with every cuppa. An 11oz white ceramic mug that's dishwasher and microwave safe. Order yours today.
worlds-best-compacting-machine-operator,World's No.1 Compacting Machine Operator Mug | Foxy Printing,"World's No.1 Compacting Machine Operator Mug: a mug that brightens every brew. Sublimation printed, so the design is part of the glaze. Treat them today."
worlds-best-company-secretary,World's No.1 Company Secretary Mug | Foxy Printing,"World's No.1 Company Secretary Mug: a fun gift for any tea or coffee lover. Sublimation printed, so the design is part of the glaze. Order yours today."
worlds-best-compensation-and-benefits-manager,World's No.1 Compensation and Benefits Manager Mug,"World's No.1 Compensation and Benefits Manager Mug: a mug that brightens every brew. Sublimation printed, so the design is part of the glaze. Order today."
worlds-best-compliance-officer,World's No.1 Compliance Officer Mug | Foxy Printing,"World's No.1 Compliance Officer Mug: a mug that brightens every brew. Sublimation printed, so the design is part of the glaze. Add it to your basket today."
worlds-best-composer,World's No.1 Composer Mug | Foxy Printing,World's No.1 Composer Mug: a smile with every cuppa. An 11oz white ceramic mug that's dishwasher and microwave safe. Add it to your basket today.
worlds-best-computer,World's No.1 Computer Mug | Foxy Printing,"World's No.1 Computer Mug: a cheerful gift for home or the office. Sublimation printed, so the design is part of the glaze. Order now and make their day."
worlds-best-computer-controlled-machine-tool-operator,World's No.1 Computer Controlled Machine Tool Operator Mug,World's No.1 Computer Controlled Machine Tool Operator Mug: a fun gift for any tea or coffee lover. Dishwasher and microwave safe. Treat them today.
worlds-best-computer-hardware-engineer,World's No.1 Computer Hardware Engineer Mug | Foxy Printing,"World's No.1 Computer Hardware Engineer Mug: a mug that brightens every brew. Sublimation printed, so the design is part of the glaze. Order yours today."
worlds-best-computer-operator,World's No.1 Computer Operator Mug | Foxy Printing,World's No.1 Computer Operator Mug: a mug that brightens every brew. An 11oz white ceramic mug that's dishwasher and microwave safe. Order today.
worlds-best-computer-programmer,World's No.1 Computer Programmer Mug | Foxy Printing,"World's No.1 Computer Programmer Mug: a mug that brightens every brew. 11oz ceramic, dishwasher safe. Made in North Yorkshire. Add it to your basket today."
worlds-best-computer-repairer,World's No.1 Computer Repairer Mug | Foxy Printing,"World's No.1 Computer Repairer Mug: a smile with every cuppa. 11oz ceramic, dishwasher safe. Made in North Yorkshire. Add it to your basket today."
worlds-best-computer-sales-support,World's No.1 Computer Sales Support Mug | Foxy Printing,World's No.1 Computer Sales Support Mug: a mug that brightens every brew. An 11oz white ceramic mug that's dishwasher and microwave safe. Order today.
worlds-best-computer-science-teacher,World's No.1 Computer Science Teacher Mug | Foxy Printing,"World's No.1 Computer Science Teacher Mug: a fun gift for any tea or coffee lover. Sublimation printed, so the design is part of the glaze. Order today."
worlds-best-computer-scientist,World's No.1 Computer Scientist Mug | Foxy Printing,"World's No.1 Computer Scientist Mug: a smile with every cuppa. 11oz ceramic, dishwasher safe. Made in North Yorkshire. Add it to your basket today."
worlds-best-computer-security-specialist,World's No.1 Computer Security Specialist Mug,"World's No.1 Computer Security Specialist Mug: a fun gift for any tea or coffee lover. 11oz ceramic, dishwasher safe. Order now and make their day."
worlds-best-computer-software-engineer,World's No.1 Computer Software Engineer Mug | Foxy Printing,"World's No.1 Computer Software Engineer Mug: a fun gift for any tea or coffee lover. Sublimation printed, so the design is part of the glaze. Order today."
worlds-best-computer-specialist,World's No.1 Computer Specialist Mug | Foxy Printing,World's No.1 Computer Specialist Mug: a smile with every cuppa. Dishwasher and microwave safe. Made in North Yorkshire. Order now and make their day.
worlds-best-computer-support-specialist,World's No.1 Computer Support Specialist Mug | Foxy Printing,"World's No.1 Computer Support Specialist Mug: a fun gift for any tea or coffee lover. 11oz ceramic, dishwasher safe. Add it to your basket today."
worlds-best-computer-systems-analyst,World's No.1 Computer Systems Analyst Mug | Foxy Printing,"World's No.1 Computer Systems Analyst Mug: a smile with every cuppa. 11oz ceramic, dishwasher safe. Made in North Yorkshire. Treat them today."
worlds-best-concierge,World's No.1 Concierge Mug | Foxy Printing,"World's No.1 Concierge Mug: a smile with every cuppa. Sublimation printed, so the design is part of the glaze. Order now and make their day."
worlds-best-conference-organiser,World's No.1 Conference Organiser Mug | Foxy Printing,World's No.1 Conference Organiser Mug: a cheerful gift for home or the office. Dishwasher and microwave safe. Made in North Yorkshire. Order yours today.
worlds-best-conservation-scientist,World's No.1 Conservation Scientist Mug | Foxy Printing,"World's No.1 Conservation Scientist Mug: a mug that brightens every brew. 11oz ceramic, dishwasher safe. A great gift idea. Add it to your basket today."
worlds-best-construction,World's No.1 Construction Mug | Foxy Printing,World's No.1 Construction Mug: a mug that brightens every brew. Dishwasher and microwave safe. Made in North Yorkshire. Add it to your basket today.
worlds-best-construction-carpenter,World's No.1 Construction Carpenter Mug | Foxy Printing,"World's No.1 Construction Carpenter Mug: a fun gift for any tea or coffee lover. Sublimation printed, so the design is part of the glaze. Treat them today."
worlds-best-construction-driller,World's No.1 Construction Driller Mug | Foxy Printing,"World's No.1 Construction Driller Mug: a fun gift for any tea or coffee lover. Sublimation printed, so the design is part of the glaze. Treat them today."
worlds-best-construction-equipment-operator,World's No.1 Construction Equipment Operator Mug,"World's No.1 Construction Equipment Operator Mug: a mug that brightens every brew. Sublimation printed, so the design is part of the glaze. Order today."
worlds-best-construction-laborer,World's No.1 Construction Laborer Mug | Foxy Printing,"World's No.1 Construction Laborer Mug: a fun gift for any tea or coffee lover. Sublimation printed, so the design is part of the glaze. Order yours today."
worlds-best-construction-manager,World's No.1 Construction Manager Mug | Foxy Printing,World's No.1 Construction Manager Mug: a mug that brightens every brew. An 11oz white ceramic mug that's dishwasher and microwave safe. Order today.
worlds-best-consumer-rights-adviser,World's No.1 Consumer Rights Adviser Mug | Foxy Printing,"World's No.1 Consumer Rights Adviser Mug: a smile with every cuppa. Sublimation printed, so the design is part of the glaze. Order now and make their day."
worlds-best-continuous-mining-machine-operator,World's No.1 Continuous Mining Machine Operator Mug,"World's No.1 Continuous Mining Machine Operator Mug: a mug that brightens every brew. Sublimation printed, so the design is part of the glaze. Order today."
worlds-best-control-and-instrumentation-engineer,World's No.1 Control and Instrumentation Engineer Mug,World's No.1 Control and Instrumentation Engineer Mug: a mug that brightens every brew. Dishwasher and microwave safe. Add it to your basket today.
worlds-best-control-valve-installer,World's No.1 Control Valve Installer Mug | Foxy Printing,World's No.1 Control Valve Installer Mug: a smile with every cuppa. An 11oz white ceramic mug that's dishwasher and microwave safe. Treat them today.
worlds-best-conveyor-operator,World's No.1 Conveyor Operator Mug | Foxy Printing,World's No.1 Conveyor Operator Mug: a cheerful gift for home or the office. An 11oz white ceramic mug that's dishwasher and microwave safe. Order today.
worlds-best-cook,World's No.1 Cook Mug | Foxy Printing,"World's No.1 Cook Mug: a mug that brightens every brew. 11oz ceramic, dishwasher safe. Made in North Yorkshire. Add it to your basket today."
worlds-best-cooling-and-freezing-equipment-operator,World's No.1 Cooling and Freezing Equipment Operator Mug,World's No.1 Cooling and Freezing Equipment Operator Mug: a fun gift for any tea or coffee lover. Dishwasher and microwave safe. Treat them today.
worlds-best-copy-machine-operator,World's No.1 Machine Operator Mug | Foxy Printing,World's No.1 Machine Operator Mug: a mug that brightens every brew. Dishwasher and microwave safe. A great gift idea. Add it to your basket today.
worlds-best-copy-writer,World's No.1 Writer Mug | Foxy Printing,World's No.1 Writer Mug: a smile with every cuppa. An 11oz white ceramic mug that's dishwasher and microwave safe. Order now and make their day.
worlds-best-coremaking-machine-operator,World's No.1 Coremaking Machine Operator Mug | Foxy Printing,"World's No.1 Coremaking Machine Operator Mug: a mug that brightens every brew. 11oz ceramic, dishwasher safe. Made in North Yorkshire. Treat them today."
worlds-best-coroner,World's No.1 Coroner Mug | Foxy Printing,World's No.1 Coroner Mug: a mug that brightens every brew. An 11oz white ceramic mug that's dishwasher and microwave safe. Order yours today.
worlds-best-corporate-banker,World's No.1 Corporate Banker Mug | Foxy Printing,"World's No.1 Corporate Banker Mug: a cheerful gift for home or the office. Sublimation printed, so the design is part of the glaze. Treat them today."
worlds-best-corporate-trainer,World's No.1 Corporate Trainer Mug | Foxy Printing,"World's No.1 Corporate Trainer Mug: a smile with every cuppa. Sublimation printed, so the design is part of the glaze. Order now and make their day."
worlds-best-corporate-treasurer,World's No.1 Corporate Treasurer Mug | Foxy Printing,"World's No.1 Corporate Treasurer Mug: a mug that brightens every brew. Sublimation printed, so the design is part of the glaze. Order yours today."
worlds-best-correctional-officer,World's No.1 Correctional Officer Mug | Foxy Printing,"World's No.1 Correctional Officer Mug: a cheerful gift for home or the office. Sublimation printed, so the design is part of the glaze. Order yours today."
worlds-best-correspondence-clerk,World's No.1 Correspondence Clerk Mug | Foxy Printing,World's No.1 Correspondence Clerk Mug: a mug that brightens every brew. An 11oz white ceramic mug that's dishwasher and microwave safe. Treat them today.
worlds-best-cost-estimator,World's No.1 Cost Estimator Mug | Foxy Printing,"World's No.1 Cost Estimator Mug: a fun gift for any tea or coffee lover. 11oz ceramic, dishwasher safe. Made in North Yorkshire. Order today."
worlds-best-costume-attendant,World's No.1 Costume Attendant Mug | Foxy Printing,"World's No.1 Costume Attendant Mug: a mug that brightens every brew. 11oz ceramic, dishwasher safe. Made in North Yorkshire. Treat them today."
worlds-best-counseling-psychologist,World's No.1 Counseling Psychologist Mug | Foxy Printing,World's No.1 Counseling Psychologist Mug: a fun gift for any tea or coffee lover. Dishwasher and microwave safe. Add it to your basket today.
worlds-best-counsellor,World's No.1 Counsellor Mug | Foxy Printing,World's No.1 Counsellor Mug: a smile with every cuppa. An 11oz white ceramic mug that's dishwasher and microwave safe. Order now and make their day.
worlds-best-counselor,World's No.1 Counselor Mug | Foxy Printing,World's No.1 Counselor Mug: a mug that brightens every brew. An 11oz white ceramic mug that's dishwasher and microwave safe. Order yours today.
worlds-best-counsil,World's No.1 Counsil Mug | Foxy Printing,World's No.1 Counsil Mug: a smile with every cuppa. An 11oz white ceramic mug that's dishwasher and microwave safe. Order now and make their day.
worlds-best-courier,World's No.1 Courier Mug | Foxy Printing,World's No.1 Courier Mug: a smile with every cuppa. An 11oz white ceramic mug that's dishwasher and microwave safe. Order now and make their day.
worlds-best-court-clerk,World's No.1 Court Clerk Mug | Foxy Printing,World's No.1 Court Clerk Mug: a smile with every cuppa. Dishwasher and microwave safe. Made in North Yorkshire. Add it to your basket today.
worlds-best-court-reporter,World's No.1 Court Reporter Mug | Foxy Printing,World's No.1 Court Reporter Mug: a smile with every cuppa. Dishwasher and microwave safe. Made in North Yorkshire. Add it to your basket today.
worlds-best-craft-artist,World's No.1 Craft Artist Mug | Foxy Printing,World's No.1 Craft Artist Mug: a smile with every cuppa. An 11oz white ceramic mug that's dishwasher and microwave safe. Add it to your basket today.
worlds-best-crane-and-tower-operator,World's No.1 Crane and Tower Operator Mug | Foxy Printing,"World's No.1 Crane and Tower Operator Mug: a mug that brightens every brew. Sublimation printed, so the design is part of the glaze. Treat them today."
worlds-best-creative-writer,World's No.1 Creative Writer Mug | Foxy Printing,World's No.1 Creative Writer Mug: a fun gift for any tea or coffee lover. An 11oz white ceramic mug that's dishwasher and microwave safe. Order today.
worlds-best-credit-analyst,World's No.1 Credit Analyst Mug | Foxy Printing,World's No.1 Credit Analyst Mug: a smile with every cuppa. An 11oz white ceramic mug that's dishwasher and microwave safe. Treat them today.
worlds-best-credit-authorizer,World's No.1 Credit Authorizer Mug | Foxy Printing,"World's No.1 Credit Authorizer Mug: a smile with every cuppa. Printed on an 11oz glossy ceramic mug, safe in the dishwasher and microwave. Order today."
worlds-best-credit-checker,World's No.1 Credit Checker Mug | Foxy Printing,"World's No.1 Credit Checker Mug: a mug that brightens every brew. Sublimation printed, so the design is part of the glaze. Add it to your basket today."
worlds-best-credit-checkers-clerk,World's No.1 Credit Checkers Clerk Mug | Foxy Printing,World's No.1 Credit Checkers Clerk Mug: a fun gift for any tea or coffee lover. Dishwasher and microwave safe. Order now and make their day.
worlds-best-criminal-investigator,World's No.1 Criminal Investigator Mug | Foxy Printing,"World's No.1 Criminal Investigator Mug: a mug that brightens every brew. 11oz ceramic, dishwasher safe. Made in North Yorkshire. Order yours today."
worlds-best-crossing-guard,World's No.1 Crossing Guard Mug | Foxy Printing,World's No.1 Crossing Guard Mug: a smile with every cuppa. An 11oz white ceramic mug that's dishwasher and microwave safe. Add it to your basket today.
worlds-best-crown-prosecution-service-lawyer,World's No.1 Crown Prosecution Service Lawyer Mug,World's No.1 Crown Prosecution Service Lawyer Mug: a fun gift for any tea or coffee lover. Dishwasher and microwave safe. Order now and make their day.
worlds-best-crushing-grinding-machine-operator,World's No.1 Crushing Grinding Machine Operator Mug,World's No.1 Crushing Grinding Machine Operator Mug: a fun gift for any tea or coffee lover. Dishwasher and microwave safe. Order now and make their day.
worlds-best-csi,World's No.1 Csi Mug | Foxy Printing,"World's No.1 Csi Mug: a smile with every cuppa. Printed on an 11oz glossy ceramic mug, safe in the dishwasher and microwave. Treat them today."
worlds-best-cto,World's No.1 Cto Mug | Foxy Printing,"World's No.1 Cto Mug: a mug that brightens every brew. 11oz ceramic, dishwasher safe. Made in North Yorkshire. Order now and make their day."
worlds-best-cultural-studies-teacher,World's No.1 Cultural Studies Teacher Mug | Foxy Printing,"World's No.1 Cultural Studies Teacher Mug: a cheerful gift for home or the office. 11oz ceramic, dishwasher safe. Add it to your basket today."
worlds-best-curator,World's No.1 Curator Mug | Foxy Printing,World's No.1 Curator Mug: a cheerful gift for home or the office. An 11oz white ceramic mug that's dishwasher and microwave safe. Treat them today.
worlds-best-custom-tailor,World's No.1 Custom Tailor Mug | Foxy Printing,World's No.1 Custom Tailor Mug: a mug that brightens every brew. Personalise it with a name before you order. Dishwasher and microwave safe. Order today.
worlds-best-customer-service-representative,World's No.1 Customer Service Representative Mug,World's No.1 Customer Service Representative Mug: a fun gift for any tea or coffee lover. Dishwasher and microwave safe. Order now and make their day.
worlds-best-customs-and-excise-officer,World's No.1 Customs and Excise Officer Mug | Foxy Printing,World's No.1 Customs and Excise Officer Mug: a mug that brightens every brew. Add any name to make it unique. Dishwasher and microwave safe. Order today.
worlds-best-customs-officer,World's No.1 Customs Officer Mug | Foxy Printing,World's No.1 Customs Officer Mug: a smile with every cuppa. Add their name to make it their own. Dishwasher and microwave safe. Order yours today.
worlds-best-cutting-machine-operator,World's No.1 Cutting Machine Operator Mug | Foxy Printing,World's No.1 Cutting Machine Operator Mug: a mug that brightens every brew. An 11oz white ceramic mug that's dishwasher and microwave safe. Order today.
worlds-best-cyclops-puller-funny-rude-ceramic-mug-gift,World's No.1 Cyclops Puller – Funny Rude Ceramic Gift Mug,A naughty-but-nice printed mug for adults with a sense of humour. Dishwasher and microwave safe. A great gift idea. Add it to your basket today.
worlds-best-dad-drinks-coaster,World's No.1 Dad Drinks Coaster | Foxy Printing,World's No.1 Dad Drinks Coaster: a fun gift for the home bar. Made to order in our North Yorkshire workshop. A great gift idea. Order yours today.
worlds-best-dad-drinks-coaster-1,World's No.1 Fart... Father Drinks Coaster | Foxy Printing,World's No.1 Fart... Father Drinks Coaster: a fun little gift for the home or office. Custom designs on request. Add it to your basket today.
worlds-best-dance-movement-therapist,World's No.1 Dance Movement Therapist Mug | Foxy Printing,"World's No.1 Dance Movement Therapist Mug: a cheerful gift for home or the office. 11oz ceramic, dishwasher safe. Add it to your basket today."
worlds-best-dancer,World's No.1 Dancer Mug | Foxy Printing,World's No.1 Dancer Mug: a mug that brightens every brew. An 11oz white ceramic mug that's dishwasher and microwave safe. Order yours today.
worlds-best-data-entry-operator,World's No.1 Data Entry Operator Mug | Foxy Printing,"World's No.1 Data Entry Operator Mug: a fun gift for any tea or coffee lover. Sublimation printed, so the design is part of the glaze. Order yours today."
worlds-best-data-processing-equipment-repairer,World's No.1 Data Processing Equipment Repairer Mug,"World's No.1 Data Processing Equipment Repairer Mug: a mug that brightens every brew. Sublimation printed, so the design is part of the glaze. Order today."
worlds-best-database-administrator,World's No.1 Database Administrator Mug | Foxy Printing,"World's No.1 Database Administrator Mug: a cheerful gift for home or the office. 11oz ceramic, dishwasher safe. Add it to your basket today."
worlds-best-database-manager,World's No.1 Database Manager Mug | Foxy Printing,World's No.1 Database Manager Mug: a smile with every cuppa. An 11oz white ceramic mug that's dishwasher and microwave safe. Add it to your basket today.
worlds-best-deburring-machine-operator,World's No.1 Deburring Machine Operator Mug | Foxy Printing,World's No.1 Deburring Machine Operator Mug: a cheerful gift for home or the office. Dishwasher and microwave safe. Order now and make their day.
worlds-best-decorator,World's No.1 Decorator Mug | Foxy Printing,World's No.1 Decorator Mug: a cheerful gift for home or the office. An 11oz white ceramic mug that's dishwasher and microwave safe. Order yours today.
worlds-best-dental-assistant,World's No.1 Dental Assistant Mug | Foxy Printing,World's No.1 Dental Assistant Mug: a fun gift for any tea or coffee lover. Dishwasher and microwave safe. A great gift idea. Add it to your basket today.
worlds-best-dental-hygienist,World's No.1 Dental Hygienist Mug | Foxy Printing,"World's No.1 Dental Hygienist Mug: a fun gift for any tea or coffee lover. Sublimation printed, so the design is part of the glaze. Order yours today."
worlds-best-dental-laboratory-technician,World's No.1 Dental Laboratory Technician Mug,"World's No.1 Dental Laboratory Technician Mug: a mug that brightens every brew. Sublimation printed, so the design is part of the glaze. Treat them today."
worlds-best-dentist,World's No.1 Dentist Mug | Foxy Printing,"World's No.1 Dentist Mug: a smile with every cuppa. Sublimation printed, so the design is part of the glaze. Dishwasher and microwave safe. Order today."
worlds-best-designer,World's No.1 Designer Mug | Foxy Printing,World's No.1 Designer Mug: a fun gift for any tea or coffee lover. An 11oz white ceramic mug that's dishwasher and microwave safe. Treat them today.
worlds-best-desktop-publisher,World's No.1 Desktop Publisher Mug | Foxy Printing,"World's No.1 Desktop Publisher Mug: a mug that brightens every brew. Sublimation printed, so the design is part of the glaze. Order now and make their day."
worlds-best-detective,World's No.1 Detective Mug | Foxy Printing,"World's No.1 Detective Mug: a mug that brightens every brew. 11oz ceramic, dishwasher safe. Made in North Yorkshire. Order now and make their day."
worlds-best-diagnostic-medical-sonographer,World's No.1 Diagnostic Medical Sonographer Mug,World's No.1 Diagnostic Medical Sonographer Mug: a fun gift for any tea or coffee lover. Dishwasher and microwave safe. Add it to your basket today.
worlds-best-diamond-worker,World's No.1 Diamond Worker Mug | Foxy Printing,World's No.1 Diamond Worker Mug: a mug that brightens every brew. Dishwasher and microwave safe. Made in North Yorkshire. Add it to your basket today.
worlds-best-diesel-engine-specialist,World's No.1 Diesel Engine Specialist Mug | Foxy Printing,"World's No.1 Diesel Engine Specialist Mug: a cheerful gift for home or the office. Sublimation printed, so the design is part of the glaze. Order today."
worlds-best-dietetic-technician,World's No.1 Dietetic Technician Mug | Foxy Printing,"World's No.1 Dietetic Technician Mug: a mug that brightens every brew. Sublimation printed, so the design is part of the glaze. Order yours today."
worlds-best-dietitian,World's No.1 Dietitian Mug | Foxy Printing,World's No.1 Dietitian Mug: a mug that brightens every brew. Dishwasher and microwave safe. A great gift idea. Order now and make their day.
worlds-best-diplomatic-service,World's No.1 Diplomatic Service Mug | Foxy Printing,"World's No.1 Diplomatic Service Mug: a fun gift for any tea or coffee lover. 11oz ceramic, dishwasher safe. Made in North Yorkshire. Treat them today."
worlds-best-director-of-business-development,World's No.1 Director of Business Development Mug,World's No.1 Director of Business Development Mug: a cheerful gift for home or the office. Dishwasher and microwave safe. Order yours today.
worlds-best-director-of-marketing,World's No.1 Director of Marketing Mug | Foxy Printing,"World's No.1 Director of Marketing Mug: a fun gift for any tea or coffee lover. Sublimation printed, so the design is part of the glaze. Order yours today."
worlds-best-director-of-social-media-marketing,World's No.1 Director of Social Media Marketing Mug,World's No.1 Director of Social Media Marketing Mug: a mug that brightens every brew. Dishwasher and microwave safe. Add it to your basket today.
worlds-best-director-of-talent-acquisition,World's No.1 Director of Talent Acquisition Mug,World's No.1 Director of Talent Acquisition Mug: a smile with every cuppa. Dishwasher and microwave safe. Made in North Yorkshire. Treat them today.
worlds-best-director-religious-activitie,World's No.1 Director Religious Activitie Mug,World's No.1 Director Religious Activitie Mug: a fun gift for any tea or coffee lover. Dishwasher and microwave safe. Add it to your basket today.
worlds-best-directory-assistance-operator,World's No.1 Directory Assistance Operator Mug,"World's No.1 Directory Assistance Operator Mug: a mug that brightens every brew. Sublimation printed, so the design is part of the glaze. Treat them today."
worlds-best-dishwasher,World's No.1 Dishwasher Mug | Foxy Printing,"World's No.1 Dishwasher Mug: a mug that brightens every brew. 11oz ceramic, dishwasher safe. A great gift idea. Add it to your basket today."
worlds-best-dispatcher,World's No.1 Dispatcher Mug | Foxy Printing,"World's No.1 Dispatcher Mug: a fun gift for any tea or coffee lover. Sublimation printed, so the design is part of the glaze. Add it to your basket today."
worlds-best-distribution-manager,World's No.1 Distribution Manager Mug Worlds | Foxy Printing,World's No.1 Distribution Manager Mug Worlds: a mug that brightens every brew. An 11oz white ceramic mug that's dishwasher and microwave safe. Order today.
worlds-best-distribution-manager-printed-mug,World's No.1 Distribution Manager Mug | Foxy Printing,"World's No.1 Distribution Manager Mug: a cheerful gift for home or the office. Sublimation printed, so the design is part of the glaze. Order yours today."
worlds-best-doctor,World's No.1 Doctor Mug | Foxy Printing,"World's No.1 Doctor Mug: a mug that brightens every brew. 11oz ceramic, dishwasher safe. Made in North Yorkshire. Order now and make their day."
worlds-best-door-to-door-sale,World's No.1 Door to Door Sale Mug | Foxy Printing,World's No.1 Door to Door Sale Mug: a cheerful gift for home or the office. Dishwasher and microwave safe. A great gift idea. Order now and make their day.
worlds-best-dot-etcher,World's No.1 Dot Etcher Mug | Foxy Printing,World's No.1 Dot Etcher Mug: a smile with every cuppa. An 11oz white ceramic mug that's dishwasher and microwave safe. Order now and make their day.
worlds-best-drafter,World's No.1 Drafter Mug | Foxy Printing,"World's No.1 Drafter Mug: a smile with every cuppa. Sublimation printed, so the design is part of the glaze. 11oz ceramic, dishwasher safe. Order today."
worlds-best-dragline-operator,World's No.1 Dragline Operator Mug | Foxy Printing,"World's No.1 Dragline Operator Mug: a mug that brightens every brew. Sublimation printed, so the design is part of the glaze. Add it to your basket today."
worlds-best-dramatherapist,World's No.1 Dramatherapist Mug | Foxy Printing,World's No.1 Dramatherapist Mug: a smile with every cuppa. An 11oz white ceramic mug that's dishwasher and microwave safe. Add it to your basket today.
worlds-best-dredge-operator,World's No.1 Dredge Operator Mug | Foxy Printing,"World's No.1 Dredge Operator Mug: a mug that brightens every brew. 11oz ceramic, dishwasher safe. A great gift idea. Add it to your basket today."
worlds-best-drilling-and-boring-machine-tool-setter,World's No.1 Drilling and Boring Machine Tool Setter Mug,World's No.1 Drilling and Boring Machine Tool Setter Mug: a cheerful gift for home or the office. Dishwasher and microwave safe. Order yours today.
worlds-best-driver-sales-worker,World's No.1 Driver Sales Worker Mug | Foxy Printing,World's No.1 Driver Sales Worker Mug: a cheerful gift for home or the office. Dishwasher and microwave safe. Made in North Yorkshire. Order yours today.
worlds-best-drycleaning-machine-operator,World's No.1 Drycleaning Machine Operator Mug,"World's No.1 Drycleaning Machine Operator Mug: a smile with every cuppa. 11oz ceramic, dishwasher safe. Made in North Yorkshire. Order yours today."
worlds-best-drywall-installer,World's No.1 Drywall Installer Mug | Foxy Printing,World's No.1 Drywall Installer Mug: a cheerful gift for home or the office. Dishwasher and microwave safe. Made in North Yorkshire. Order today.
worlds-best-earth-driller,World's No.1 Earth Driller Mug | Foxy Printing,"World's No.1 Earth Driller Mug: a smile with every cuppa. 11oz ceramic, dishwasher safe. Made in North Yorkshire. Order now and make their day."
worlds-best-economics-teacher,World's No.1 Economics Teacher Mug | Foxy Printing,World's No.1 Economics Teacher Mug: a mug that brightens every brew. An 11oz white ceramic mug that's dishwasher and microwave safe. Order yours today.
worlds-best-economist,World's No.1 Economist Mug | Foxy Printing,"World's No.1 Economist Mug: a fun gift for any tea or coffee lover. 11oz ceramic, dishwasher safe. Made in North Yorkshire. Add it to your basket today."
worlds-best-editor,World's No.1 Editor Mug | Foxy Printing,"World's No.1 Editor Mug: a fun gift for any tea or coffee lover. 11oz ceramic, dishwasher safe. A great gift idea. Add it to your basket today."
worlds-best-editorial-assistant,World's No.1 Editorial Assistant Mug | Foxy Printing,World's No.1 Editorial Assistant Mug: a fun gift for any tea or coffee lover. An 11oz white ceramic mug that's dishwasher and microwave safe. Order today.
worlds-best-education-administrator,World's No.1 Education Administrator Mug | Foxy Printing,World's No.1 Education Administrator Mug: a mug that brightens every brew. An 11oz white ceramic mug that's dishwasher and microwave safe. Order today.
worlds-best-education-teacher,World's No.1 Education Teacher Mug | Foxy Printing,World's No.1 Education Teacher Mug: a mug that brightens every brew. An 11oz white ceramic mug that's dishwasher and microwave safe. Treat them today.
worlds-best-educational-counselor,World's No.1 Educational Counselor Mug | Foxy Printing,"World's No.1 Educational Counselor Mug: a cheerful gift for home or the office. 11oz ceramic, dishwasher safe. Order now and make their day."
worlds-best-educational-psychologist,World's No.1 Educational Psychologist Mug | Foxy Printing,"World's No.1 Educational Psychologist Mug: a smile with every cuppa. Sublimation printed, so the design is part of the glaze. Order now and make their day."
worlds-best-eel-wrestler-funny-rude-ceramic-mug-gift,World's No.1 Eel Wrestler – Funny Rude Ceramic Gift Mug,"A naughty-but-nice printed mug for adults with a sense of humour. Sublimation printed, so the design is part of the glaze. Order yours today."
worlds-best-electric-meter-installer,World's No.1 Electric Meter Installer Mug | Foxy Printing,"World's No.1 Electric Meter Installer Mug: a cheerful gift for home or the office. Sublimation printed, so the design is part of the glaze. Order today."
worlds-best-electric-motor-repairer,World's No.1 Electric Motor Repairer Mug | Foxy Printing,"World's No.1 Electric Motor Repairer Mug: a fun gift for any tea or coffee lover. 11oz ceramic, dishwasher safe. Add it to your basket today."
worlds-best-electrical-and-electronic-inspector-and-tester,World's No.1 Electrical and Electronic Inspector Mug,"World's No.1 Electrical and Electronic Inspector Mug: a smile with every cuppa. Sublimation printed, so the design is part of the glaze. Order yours today."
worlds-best-electrical-and-electronics-drafter,World's No.1 Electrical and Electronics Drafter Mug,"World's No.1 Electrical and Electronics Drafter Mug: a mug that brightens every brew. Sublimation printed, so the design is part of the glaze. Order today."
worlds-best-electrical-drafter,World's No.1 Electrical Drafter Mug | Foxy Printing,World's No.1 Electrical Drafter Mug: a cheerful gift for home or the office. An 11oz white ceramic mug that's dishwasher and microwave safe. Order today.
worlds-best-electrical-engineer,World's No.1 Electrical Engineer Mug | Foxy Printing,"World's No.1 Electrical Engineer Mug: a cheerful gift for home or the office. Sublimation printed, so the design is part of the glaze. Order today."
worlds-best-electrical-engineering-technician,World's No.1 Electrical Engineering Technician Mug,World's No.1 Electrical Engineering Technician Mug: a fun gift for any tea or coffee lover. Dishwasher and microwave safe. Order now and make their day.
worlds-best-electrical-parts-reconditioner,World's No.1 Electrical Parts Reconditioner Mug,World's No.1 Electrical Parts Reconditioner Mug: a fun gift for any tea or coffee lover. Dishwasher and microwave safe. Order now and make their day.
worlds-best-electrical-power-line-installer,World's No.1 Electrical Power Line Installer Mug,"World's No.1 Electrical Power Line Installer Mug: a fun gift for any tea or coffee lover. 11oz ceramic, dishwasher safe. Add it to your basket today."
worlds-best-electrical-sales-representative,World's No.1 Electrical Sales Representative Mug,World's No.1 Electrical Sales Representative Mug: a cheerful gift for home or the office. Dishwasher and microwave safe. Add it to your basket today.
worlds-best-electrician,World's No.1 Electrician Mug | Foxy Printing,"World's No.1 Electrician Mug: a fun gift for any tea or coffee lover. 11oz ceramic, dishwasher safe. Made in North Yorkshire. Add it to your basket today."
worlds-best-electro-mechanical-technician,World's No.1 Electro Mechanical Technician Mug,World's No.1 Electro Mechanical Technician Mug: a smile with every cuppa. Dishwasher and microwave safe. A great gift idea. Order yours today.
worlds-best-electrolytic-plating-machine-operator,World's No.1 Electrolytic Plating Machine Operator Mug,World's No.1 Electrolytic Plating Machine Operator Mug: a mug that brightens every brew. Dishwasher and microwave safe. Order now and make their day.
worlds-best-electromechanical-equipment-assembler,World's No.1 Electromechanical Equipment Assembler Mug,World's No.1 Electromechanical Equipment Assembler Mug: a cheerful gift for home or the office. Dishwasher and microwave safe. Add it to your basket today.
worlds-best-electronic-drafter,World's No.1 Electronic Drafter Mug | Foxy Printing,"World's No.1 Electronic Drafter Mug: a cheerful gift for home or the office. 11oz ceramic, dishwasher safe. Made in North Yorkshire. Treat them today."
worlds-best-electronic-engineering-technician,World's No.1 Electronic Engineering Technician Mug,World's No.1 Electronic Engineering Technician Mug: a cheerful gift for home or the office. Dishwasher and microwave safe. Order now and make their day.
worlds-best-electronic-equipment-assembler,World's No.1 Electronic Equipment Assembler Mug,World's No.1 Electronic Equipment Assembler Mug: a cheerful gift for home or the office. Dishwasher and microwave safe. Add it to your basket today.
worlds-best-electronic-masking-system-operator,World's No.1 Electronic Masking System Operator Mug,World's No.1 Electronic Masking System Operator Mug: a fun gift for any tea or coffee lover. Dishwasher and microwave safe. Order now and make their day.
worlds-best-electronics-engineer,World's No.1 Electronics Engineer Mug | Foxy Printing,"World's No.1 Electronics Engineer Mug: a smile with every cuppa. Printed on an 11oz glossy ceramic mug, safe in the dishwasher and microwave. Order today."
worlds-best-electronics-engineering-technician,World's No.1 Electronics Engineering Technician Mug,"World's No.1 Electronics Engineering Technician Mug: a mug that brightens every brew. 11oz ceramic, dishwasher safe. Order now and make their day."
worlds-best-electrotyper,World's No.1 Electrotyper Mug | Foxy Printing,"World's No.1 Electrotyper Mug: a cheerful gift for home or the office. Sublimation printed, so the design is part of the glaze. Treat them today."
worlds-best-elementary-and-secondary-school-administrator,World's No.1 Elementary and Secondary School Mug,World's No.1 Elementary and Secondary School Mug: a mug that brightens every brew. Dishwasher and microwave safe. Add it to your basket today.
worlds-best-elementary-school-teacher,World's No.1 Elementary School Teacher Mug | Foxy Printing,"World's No.1 Elementary School Teacher Mug: a cheerful gift for home or the office. Sublimation printed, so the design is part of the glaze. Order today."
worlds-best-elevator-installer-and-repairer,World's No.1 Elevator Installer and Repairer Mug,"World's No.1 Elevator Installer and Repairer Mug: a mug that brightens every brew. Sublimation printed, so the design is part of the glaze. Order today."
worlds-best-eligibility-interviewer,World's No.1 Eligibility Interviewer Mug | Foxy Printing,"World's No.1 Eligibility Interviewer Mug: a cheerful gift for home or the office. Sublimation printed, so the design is part of the glaze. Order today."
worlds-best-embalmer,World's No.1 Embalmer Mug | Foxy Printing,World's No.1 Embalmer Mug: a fun gift for any tea or coffee lover. An 11oz white ceramic mug that's dishwasher and microwave safe. Order yours today.
worlds-best-embossing-machine-operator,World's No.1 Embossing Machine Operator Mug | Foxy Printing,"World's No.1 Embossing Machine Operator Mug: a mug that brightens every brew. 11oz ceramic, dishwasher safe. A great gift idea. Treat them today."
worlds-best-emergency-management-specialist,World's No.1 Emergency Management Specialist Mug,"World's No.1 Emergency Management Specialist Mug: a mug that brightens every brew. Sublimation printed, so the design is part of the glaze. Order today."
worlds-best-emergency-medical-technician-and-paramedic,World's No.1 Emergency Medical Technician and Paramedic Mug,"World's No.1 Emergency Medical Technician and Paramedic Mug: a smile with every cuppa. 11oz ceramic, dishwasher safe. Add it to your basket today."
worlds-best-employment-advice-worker,World's No.1 Employment Advice Worker Mug | Foxy Printing,World's No.1 Employment Advice Worker Mug: a fun gift for any tea or coffee lover. Dishwasher and microwave safe. Add it to your basket today.
worlds-best-employment-interviewer,World's No.1 Employment Interviewer Mug | Foxy Printing,"World's No.1 Employment Interviewer Mug: a cheerful gift for home or the office. Sublimation printed, so the design is part of the glaze. Treat them today."
worlds-best-energy-conservation-officer,World's No.1 Energy Conservation Officer Mug | Foxy Printing,World's No.1 Energy Conservation Officer Mug: a fun gift for any tea or coffee lover. Dishwasher and microwave safe. Add it to your basket today.
worlds-best-engine-assembler,World's No.1 Engine Assembler Mug | Foxy Printing,"World's No.1 Engine Assembler Mug: a cheerful gift for home or the office. 11oz ceramic, dishwasher safe. Made in North Yorkshire. Order yours today."
worlds-best-engineer,World's No.1 Engineer Mug | Foxy Printing,"World's No.1 Engineer Mug: a fun gift for any tea or coffee lover. Sublimation printed, so the design is part of the glaze. Add it to your basket today."
worlds-best-engineering,World's No.1 Engineering Mug | Foxy Printing,World's No.1 Engineering Mug: a fun gift for any tea or coffee lover. Dishwasher and microwave safe. Made in North Yorkshire. Order yours today.
worlds-best-engineering-geologist,World's No.1 Engineering Geologist Mug | Foxy Printing,"World's No.1 Engineering Geologist Mug: a cheerful gift for home or the office. 11oz ceramic, dishwasher safe. Order now and make their day."
worlds-best-engineering-manager,World's No.1 Engineering Manager Mug | Foxy Printing,"World's No.1 Engineering Manager Mug: a smile with every cuppa. Printed on an 11oz glossy ceramic mug, safe in the dishwasher and microwave. Order today."
worlds-best-engineering-teacher,World's No.1 Engineering Teacher Mug | Foxy Printing,World's No.1 Engineering Teacher Mug: a smile with every cuppa. Dishwasher and microwave safe. Made in North Yorkshire. Add it to your basket today.
worlds-best-engineering-technician,World's No.1 Engineering Technician Mug | Foxy Printing,"World's No.1 Engineering Technician Mug: a smile with every cuppa. Sublimation printed, so the design is part of the glaze. Treat them today."
worlds-best-english-language-teacher,World's No.1 English Language Teacher Mug | Foxy Printing,World's No.1 English Language Teacher Mug: a smile with every cuppa. Dishwasher and microwave safe. Made in North Yorkshire. Add it to your basket today.
worlds-best-engraver,World's No.1 Engraver Mug | Foxy Printing,"World's No.1 Engraver Mug: a cheerful gift for home or the office. Sublimation printed, so the design is part of the glaze. Order yours today."
worlds-best-entertainer-and-performer,World's No.1 Entertainer and Performer Mug | Foxy Printing,"World's No.1 Entertainer and Performer Mug: a smile with every cuppa. Sublimation printed, so the design is part of the glaze. Order yours today."
worlds-best-entertainment-attendant,World's No.1 Entertainment Attendant Mug | Foxy Printing,"World's No.1 Entertainment Attendant Mug: a smile with every cuppa. 11oz ceramic, dishwasher safe. Made in North Yorkshire. Order now and make their day."
worlds-best-environmental-compliance-inspector,World's No.1 Environmental Compliance Inspector Mug,"World's No.1 Environmental Compliance Inspector Mug: a mug that brightens every brew. 11oz ceramic, dishwasher safe. Add it to your basket today."
worlds-best-environmental-education-officer,World's No.1 Environmental Education Officer Mug,"World's No.1 Environmental Education Officer Mug: a smile with every cuppa. Sublimation printed, so the design is part of the glaze. Order yours today."
worlds-best-environmental-engineer,World's No.1 Environmental Engineer Mug | Foxy Printing,"World's No.1 Environmental Engineer Mug: a cheerful gift for home or the office. Sublimation printed, so the design is part of the glaze. Order today."
worlds-best-environmental-engineering-technician,World's No.1 Environmental Engineering Technician Mug,"World's No.1 Environmental Engineering Technician Mug: a fun gift for any tea or coffee lover. 11oz ceramic, dishwasher safe. Order now and make their day."
worlds-best-environmental-health-officer,World's No.1 Environmental Health Officer Mug,World's No.1 Environmental Health Officer Mug: a mug that brightens every brew. Dishwasher and microwave safe. Order now and make their day.
worlds-best-environmental-manager,World's No.1 Environmental Manager Mug | Foxy Printing,World's No.1 Environmental Manager Mug: a fun gift for any tea or coffee lover. Dishwasher and microwave safe. Order now and make their day.
worlds-best-environmental-science-teacher,World's No.1 Environmental Science Teacher Mug,"World's No.1 Environmental Science Teacher Mug: a fun gift for any tea or coffee lover. 11oz ceramic, dishwasher safe. Order now and make their day."
worlds-best-environmental-science-technician,World's No.1 Environmental Science Technician Mug,World's No.1 Environmental Science Technician Mug: a fun gift for any tea or coffee lover. Dishwasher and microwave safe. Add it to your basket today.
worlds-best-environmental-scientist,World's No.1 Environmental Scientist Mug | Foxy Printing,World's No.1 Environmental Scientist Mug: a cheerful gift for home or the office. Dishwasher and microwave safe. Add it to your basket today.
worlds-best-epidemiologist,World's No.1 Epidemiologist Mug | Foxy Printing,"World's No.1 Epidemiologist Mug: a smile with every cuppa. Printed on an 11oz glossy ceramic mug, safe in the dishwasher and microwave. Order yours today."
worlds-best-equal-opportunities-officer,World's No.1 Equal Opportunities Officer Mug | Foxy Printing,"World's No.1 Equal Opportunities Officer Mug: a cheerful gift for home or the office. 11oz ceramic, dishwasher safe. Order now and make their day."
worlds-best-equal-opportunity-representative,World's No.1 Equal Opportunity Representative Mug,World's No.1 Equal Opportunity Representative Mug: a cheerful gift for home or the office. Dishwasher and microwave safe. Add it to your basket today.
worlds-best-ergonomist,World's No.1 Ergonomist Mug | Foxy Printing,"World's No.1 Ergonomist Mug: a smile with every cuppa. Printed on an 11oz glossy ceramic mug, safe in the dishwasher and microwave. Order yours today."
worlds-best-estate-agent,World's No.1 Estate Agent Mug | Foxy Printing,"World's No.1 Estate Agent Mug: a smile with every cuppa. 11oz ceramic, dishwasher safe. Made in North Yorkshire. Add it to your basket today."
worlds-best-etcher,World's No.1 Etcher Mug | Foxy Printing,"World's No.1 Etcher Mug: a cheerful gift for home or the office. Printed on an 11oz glossy ceramic mug, safe in the dishwasher and microwave. Order today."
worlds-best-etcher-and-engraver,World's No.1 Etcher and Engraver Mug | Foxy Printing,"World's No.1 Etcher and Engraver Mug: a mug that brightens every brew. Sublimation printed, so the design is part of the glaze. Treat them today."
worlds-best-european-commission-administrator,World's No.1 European Commission Administrator Mug,World's No.1 European Commission Administrator Mug: a fun gift for any tea or coffee lover. Dishwasher and microwave safe. Add it to your basket today.
worlds-best-event-planner,World's No.1 Event Planner Mug | Foxy Printing,"World's No.1 Event Planner Mug: a fun gift for any tea or coffee lover. Sublimation printed, so the design is part of the glaze. Treat them today."
worlds-best-excavating-machine-operator,World's No.1 Excavating Machine Operator Mug | Foxy Printing,"World's No.1 Excavating Machine Operator Mug: a smile with every cuppa. Sublimation printed, so the design is part of the glaze. Order yours today."
worlds-best-executive-secretary,World's No.1 Executive Secretary Mug | Foxy Printing,World's No.1 Executive Secretary Mug: a cheerful gift for home or the office. Dishwasher and microwave safe. Made in North Yorkshire. Treat them today.
worlds-best-exhibit-designer,World's No.1 Exhibit Designer Mug | Foxy Printing,"World's No.1 Exhibit Designer Mug: a cheerful gift for home or the office. Sublimation printed, so the design is part of the glaze. Treat them today."
worlds-best-exhibition-display-designer,World's No.1 Exhibition Display Designer Mug | Foxy Printing,"World's No.1 Exhibition Display Designer Mug: a mug that brightens every brew. Sublimation printed, so the design is part of the glaze. Treat them today."
worlds-best-exhibition-organiser,World's No.1 Exhibition Organiser Mug | Foxy Printing,"World's No.1 Exhibition Organiser Mug: a smile with every cuppa. 11oz ceramic, dishwasher safe. A great gift idea. Add it to your basket today."
worlds-best-exploration-geologist,World's No.1 Exploration Geologist Mug | Foxy Printing,World's No.1 Exploration Geologist Mug: a smile with every cuppa. Dishwasher and microwave safe. Made in North Yorkshire. Order now and make their day.
worlds-best-explosives-expert,World's No.1 Explosives Expert Mug | Foxy Printing,"World's No.1 Explosives Expert Mug: a mug that brightens every brew. Sublimation printed, so the design is part of the glaze. Treat them today."
worlds-best-extraction-worker,World's No.1 Extraction Worker Mug | Foxy Printing,"World's No.1 Extraction Worker Mug: a fun gift for any tea or coffee lover. Sublimation printed, so the design is part of the glaze. Order today."
worlds-best-extruding-and-drawing-machine-operator,World's No.1 Extruding and Drawing Machine Operator Mug,"World's No.1 Extruding and Drawing Machine Operator Mug: a fun gift for any tea or coffee lover. 11oz ceramic, dishwasher safe. Treat them today."
worlds-best-extruding-machine-operator,World's No.1 Extruding Machine Operator Mug | Foxy Printing,"World's No.1 Extruding Machine Operator Mug: a mug that brightens every brew. Sublimation printed, so the design is part of the glaze. Order yours today."
worlds-best-fabric-mender,World's No.1 Fabric Mender Mug | Foxy Printing,"World's No.1 Fabric Mender Mug: a cheerful gift for home or the office. Sublimation printed, so the design is part of the glaze. Order today."
worlds-best-fabric-presser,World's No.1 Fabric Presser Mug | Foxy Printing,World's No.1 Fabric Presser Mug: a smile with every cuppa. Dishwasher and microwave safe. Made in North Yorkshire. Add it to your basket today.
worlds-best-facilities-manager,World's No.1 Facilities Manager Mug | Foxy Printing,"World's No.1 Facilities Manager Mug: a smile with every cuppa. Sublimation printed, so the design is part of the glaze. Add it to your basket today."
worlds-best-farm-and-home-management-advisor,World's No.1 Farm and Home Management Advisor Mug,World's No.1 Farm and Home Management Advisor Mug: a fun gift for any tea or coffee lover. Dishwasher and microwave safe. Order now and make their day.
worlds-best-farm-equipment-mechanic,World's No.1 Farm Equipment Mechanic Mug | Foxy Printing,World's No.1 Farm Equipment Mechanic Mug: a mug that brightens every brew. Dishwasher and microwave safe. Made in North Yorkshire. Treat them today.
worlds-best-farm-labor-contractor,World's No.1 Farm Labor Contractor Mug | Foxy Printing,"World's No.1 Farm Labor Contractor Mug: a mug that brightens every brew. Sublimation printed, so the design is part of the glaze. Treat them today."
worlds-best-farmer,World's No.1 Farmer Mug | Foxy Printing,"World's No.1 Farmer Mug: a smile with every cuppa. Printed on an 11oz glossy ceramic mug, safe in the dishwasher and microwave. Order yours today."
worlds-best-farmworker,World's No.1 Farmworker Mug | Foxy Printing,"World's No.1 Farmworker Mug: a mug that brightens every brew. 11oz ceramic, dishwasher safe. Made in North Yorkshire. Add it to your basket today."
worlds-best-fashion-designer,World's No.1 Fashion Designer Mug | Foxy Printing,World's No.1 Fashion Designer Mug: a fun gift for any tea or coffee lover. Dishwasher and microwave safe. Made in North Yorkshire. Order yours today.
worlds-best-fashion-model,World's No.1 Fashion Model Mug | Foxy Printing,World's No.1 Fashion Model Mug: a mug that brightens every brew. Dishwasher and microwave safe. Made in North Yorkshire. Add it to your basket today.
worlds-best-fast-food-cook,World's No.1 Fast Food Cook Mug | Foxy Printing,World's No.1 Fast Food Cook Mug: a fun gift for any tea or coffee lover. An 11oz white ceramic mug that's dishwasher and microwave safe. Treat them today.
worlds-best-fence-erector,World's No.1 Fence Erector Mug | Foxy Printing,"World's No.1 Fence Erector Mug: a cheerful gift for home or the office. Sublimation printed, so the design is part of the glaze. Treat them today."
worlds-best-fiber-product-cutting-machine-operator,World's No.1 Fiber Product Cutting Machine Operator Mug,World's No.1 Fiber Product Cutting Machine Operator Mug: a fun gift for any tea or coffee lover. Dishwasher and microwave safe. Treat them today.
worlds-best-fiberglass-laminator-and-fabricator,World's No.1 Fiberglass Laminator and Fabricator Mug,World's No.1 Fiberglass Laminator and Fabricator Mug: a cheerful gift for home or the office. Dishwasher and microwave safe. Order yours today.
worlds-best-field-trials-officer,World's No.1 Field Trials Officer Mug | Foxy Printing,"World's No.1 Field Trials Officer Mug: a cheerful gift for home or the office. Sublimation printed, so the design is part of the glaze. Treat them today."
worlds-best-file-clerk,World's No.1 File Clerk Mug | Foxy Printing,"World's No.1 File Clerk Mug: a mug that brightens every brew. Sublimation printed, so the design is part of the glaze. Order now and make their day."
worlds-best-film-laboratory-technician,World's No.1 Film Laboratory Technician Mug | Foxy Printing,"World's No.1 Film Laboratory Technician Mug: a fun gift for any tea or coffee lover. Sublimation printed, so the design is part of the glaze. Order today."
worlds-best-finance-adviser,World's No.1 Finance Adviser Mug | Foxy Printing,"World's No.1 Finance Adviser Mug: a fun gift for any tea or coffee lover. Sublimation printed, so the design is part of the glaze. Order yours today."
worlds-best-financial-analyst,World's No.1 Financial Analyst Mug | Foxy Printing,"World's No.1 Financial Analyst Mug: a cheerful gift for home or the office. Sublimation printed, so the design is part of the glaze. Order yours today."
worlds-best-financial-examiner,World's No.1 Financial Examiner Mug | Foxy Printing,"World's No.1 Financial Examiner Mug: a fun gift for any tea or coffee lover. Sublimation printed, so the design is part of the glaze. Order yours today."
worlds-best-financial-manager,World's No.1 Financial Manager Mug | Foxy Printing,"World's No.1 Financial Manager Mug: a smile with every cuppa. Printed on an 11oz glossy ceramic mug, safe in the dishwasher and microwave. Order today."
worlds-best-financial-services-sales-agent,World's No.1 Financial Services Sales Agent Mug,World's No.1 Financial Services Sales Agent Mug: a cheerful gift for home or the office. Dishwasher and microwave safe. Order now and make their day.
worlds-best-financial-specialist,World's No.1 Financial Specialist Mug | Foxy Printing,"World's No.1 Financial Specialist Mug: a cheerful gift for home or the office. Sublimation printed, so the design is part of the glaze. Treat them today."
worlds-best-fire-fighter,World's No.1 Fire Fighter Mug | Foxy Printing,"World's No.1 Fire Fighter Mug: a cheerful gift for home or the office. 11oz ceramic, dishwasher safe. Made in North Yorkshire. Add it to your basket today."
worlds-best-fire-inspector,World's No.1 Fire Inspector Mug | Foxy Printing,"World's No.1 Fire Inspector Mug: a smile with every cuppa. 11oz ceramic, dishwasher safe. Made in North Yorkshire. Order now and make their day."
worlds-best-fire-investigator,World's No.1 Fire Investigator Mug | Foxy Printing,"World's No.1 Fire Investigator Mug: a cheerful gift for home or the office. Sublimation printed, so the design is part of the glaze. Treat them today."
worlds-best-fire-prevention-engineer,World's No.1 Fire Prevention Engineer Mug | Foxy Printing,World's No.1 Fire Prevention Engineer Mug: a mug that brightens every brew. Dishwasher and microwave safe. Made in North Yorkshire. Order yours today.
worlds-best-firefighter,World's No.1 Firefighter Mug | Foxy Printing,"World's No.1 Firefighter Mug: a cheerful gift for home or the office. Sublimation printed, so the design is part of the glaze. Add it to your basket today."
worlds-best-fish-game-warden,World's No.1 Fish Game Warden Mug | Foxy Printing,World's No.1 Fish Game Warden Mug: a fun gift for any tea or coffee lover. Dishwasher and microwave safe. Made in North Yorkshire. Order today.
worlds-best-fish-hatchery-manager,World's No.1 Fish Hatchery Manager Mug | Foxy Printing,World's No.1 Fish Hatchery Manager Mug: a cheerful gift for home or the office. Dishwasher and microwave safe. Order now and make their day.
worlds-best-fisheries-officer,World's No.1 Fisheries Officer Mug | Foxy Printing,"World's No.1 Fisheries Officer Mug: a fun gift for any tea or coffee lover. 11oz ceramic, dishwasher safe. Made in North Yorkshire. Order yours today."
worlds-best-fishery-worker,World's No.1 Fishery Worker Mug | Foxy Printing,World's No.1 Fishery Worker Mug: a mug that brightens every brew. An 11oz white ceramic mug that's dishwasher and microwave safe. Treat them today.
worlds-best-fitness-centre-manager,World's No.1 Fitness Centre Manager Mug | Foxy Printing,"World's No.1 Fitness Centre Manager Mug: a cheerful gift for home or the office. Sublimation printed, so the design is part of the glaze. Order today."
worlds-best-fitness-trainer,World's No.1 Fitness Trainer Mug | Foxy Printing,"World's No.1 Fitness Trainer Mug: a smile with every cuppa. Sublimation printed, so the design is part of the glaze. Add it to your basket today."
worlds-best-fitter,World's No.1 Fitter Mug | Foxy Printing,"World's No.1 Fitter Mug: a fun gift for any tea or coffee lover. 11oz ceramic, dishwasher safe. Made in North Yorkshire. Add it to your basket today."
worlds-best-flight-attendant,World's No.1 Flight Attendant Mug | Foxy Printing,"World's No.1 Flight Attendant Mug: a mug that brightens every brew. Sublimation printed, so the design is part of the glaze. Order yours today."
worlds-best-floor-finisher,World's No.1 Floor Finisher Mug | Foxy Printing,"World's No.1 Floor Finisher Mug: a cheerful gift for home or the office. Sublimation printed, so the design is part of the glaze. Treat them today."
worlds-best-floor-layer,World's No.1 Floor Layer Mug | Foxy Printing,"World's No.1 Floor Layer Mug: a fun gift for any tea or coffee lover. 11oz ceramic, dishwasher safe. Made in North Yorkshire. Order yours today."
worlds-best-floral-designer,World's No.1 Floral Designer Mug | Foxy Printing,"World's No.1 Floral Designer Mug: a cheerful gift for home or the office. 11oz ceramic, dishwasher safe. Made in North Yorkshire. Treat them today."
worlds-best-food-batchmaker,World's No.1 Food Batchmaker Mug | Foxy Printing,World's No.1 Food Batchmaker Mug: a fun gift for any tea or coffee lover. An 11oz white ceramic mug that's dishwasher and microwave safe. Treat them today.
worlds-best-food-cooking-machine-operator,World's No.1 Food Cooking Machine Operator Mug,World's No.1 Food Cooking Machine Operator Mug: a mug that brightens every brew. Dishwasher and microwave safe. Order now and make their day.
worlds-best-food-preparation,World's No.1 Food Preparation Mug | Foxy Printing,"World's No.1 Food Preparation Mug: a smile with every cuppa. Sublimation printed, so the design is part of the glaze. Add it to your basket today."
worlds-best-food-preparation-and-serving-worker,World's No.1 Food Preparation and Serving Worker Mug,"World's No.1 Food Preparation and Serving Worker Mug: a smile with every cuppa. 11oz ceramic, dishwasher safe. Order now and make their day."
worlds-best-food-preparation-worker,World's No.1 Food Preparation Worker Mug | Foxy Printing,World's No.1 Food Preparation Worker Mug: a fun gift for any tea or coffee lover. Dishwasher and microwave safe. Add it to your basket today.
worlds-best-food-science-technician,World's No.1 Food Science Technician Mug | Foxy Printing,"World's No.1 Food Science Technician Mug: a cheerful gift for home or the office. Sublimation printed, so the design is part of the glaze. Order today."
worlds-best-food-scientist,World's No.1 Food Scientist Mug | Foxy Printing,"World's No.1 Food Scientist Mug: a smile with every cuppa. Sublimation printed, so the design is part of the glaze. Add it to your basket today."
worlds-best-food-scientists-and-technologist,World's No.1 Food Scientists and Technologist Mug,World's No.1 Food Scientists and Technologist Mug: a smile with every cuppa. An 11oz white ceramic mug that's dishwasher and microwave safe. Order today.
worlds-best-food-server,World's No.1 Food Server Mug | Foxy Printing,"World's No.1 Food Server Mug: a mug that brightens every brew. 11oz ceramic, dishwasher safe. A great gift idea. Order now and make their day."
worlds-best-food-service-manager,World's No.1 Food Service Manager Mug | Foxy Printing,World's No.1 Food Service Manager Mug: a fun gift for any tea or coffee lover. An 11oz white ceramic mug that's dishwasher and microwave safe. Order today.
worlds-best-food-technologist,World's No.1 Food Technologist Mug | Foxy Printing,"World's No.1 Food Technologist Mug: a smile with every cuppa. Sublimation printed, so the design is part of the glaze. Add it to your basket today."
worlds-best-food-tobacco-roasting,World's No.1 Food Tobacco Roasting Mug | Foxy Printing,"World's No.1 Food Tobacco Roasting Mug: a smile with every cuppa. 11oz ceramic, dishwasher safe. Made in North Yorkshire. Add it to your basket today."
worlds-best-foreign-language-teacher,World's No.1 Foreign Language Teacher Mug | Foxy Printing,"World's No.1 Foreign Language Teacher Mug: a smile with every cuppa. Sublimation printed, so the design is part of the glaze. Add it to your basket today."
worlds-best-forensic-investigator,World's No.1 Forensic Investigator Mug | Foxy Printing,World's No.1 Forensic Investigator Mug: a fun gift for any tea or coffee lover. Dishwasher and microwave safe. Order now and make their day.
worlds-best-forensic-science-technician,World's No.1 Forensic Science Technician Mug | Foxy Printing,World's No.1 Forensic Science Technician Mug: a fun gift for any tea or coffee lover. Dishwasher and microwave safe. Order now and make their day.
worlds-best-forensic-scientist,World's No.1 Forensic Scientist Mug | Foxy Printing,World's No.1 Forensic Scientist Mug: a cheerful gift for home or the office. Dishwasher and microwave safe. Made in North Yorkshire. Order today.
worlds-best-forest-and-conservation-technician,World's No.1 Forest and Conservation Technician Mug,"Give them a laugh with this printed mug. Printed on an 11oz glossy ceramic mug, safe in the dishwasher and microwave. Add it to your basket today."
worlds-best-forest-and-conservation-worker,World's No.1 Forest and Conservation Worker Mug,"Brighten their brew with this printed mug. Printed on an 11oz glossy ceramic mug, safe in the dishwasher and microwave. Add it to your basket today."
worlds-best-forest-fire-fighter,World's No.1 Forest Fire Fighter Mug | Foxy Printing,"Give them a laugh with this printed mug. Printed on an 11oz glossy ceramic mug, safe in the dishwasher and microwave. Add it to your basket today."
worlds-best-forest-fire-fighting-supervisor,World's No.1 Forest Fire Fighting Supervisor Mug,Give them a laugh with this printed mug. An 11oz white ceramic mug that's dishwasher and microwave safe. Made in North Yorkshire. Treat them today.
worlds-best-forest-fire-inspector,World's No.1 Forest Fire Inspector Mug | Foxy Printing,"Give them a laugh with this printed mug. Printed on an 11oz glossy ceramic mug, safe in the dishwasher and microwave. Add it to your basket today."
worlds-best-forester,World's No.1 Forester Mug | Foxy Printing,"World's No.1 Forester Mug: a cheerful gift for home or the office. Sublimation printed, so the design is part of the glaze. Treat them today."
worlds-best-forestry-conservation-science-teacher,World's No.1 Forestry Conservation Science Teacher Mug,"World's No.1 Forestry Conservation Science Teacher Mug: a smile with every cuppa. Sublimation printed, so the design is part of the glaze. Order today."
worlds-best-forging-machine-setter,World's No.1 Forging Machine Setter Mug | Foxy Printing,World's No.1 Forging Machine Setter Mug: a smile with every cuppa. Dishwasher and microwave safe. A great gift idea. Add it to your basket today.
worlds-best-forming-machine-operator,World's No.1 Forming Machine Operator Mug | Foxy Printing,"World's No.1 Forming Machine Operator Mug: a smile with every cuppa. Sublimation printed, so the design is part of the glaze. Add it to your basket today."
worlds-best-foundry-mold-and-coremaker,World's No.1 Foundry Mold and Coremaker Mug | Foxy Printing,"World's No.1 Foundry Mold and Coremaker Mug: a smile with every cuppa. Sublimation printed, so the design is part of the glaze. Order today."
worlds-best-fraud-investigator,World's No.1 Fraud Investigator Mug | Foxy Printing,"World's No.1 Fraud Investigator Mug: a mug that brightens every brew. Sublimation printed, so the design is part of the glaze. Order yours today."
worlds-best-freight-agent,World's No.1 Freight Agent Mug | Foxy Printing,"World's No.1 Freight Agent Mug: a cheerful gift for home or the office. 11oz ceramic, dishwasher safe. Made in North Yorkshire. Order yours today."
worlds-best-freight-and-material-mover,World's No.1 Freight and Material Mover Mug | Foxy Printing,"World's No.1 Freight and Material Mover Mug: a fun gift for any tea or coffee lover. Sublimation printed, so the design is part of the glaze. Order today."
worlds-best-freight-inspector,World's No.1 Freight Inspector Mug | Foxy Printing,World's No.1 Freight Inspector Mug: a fun gift for any tea or coffee lover. An 11oz white ceramic mug that's dishwasher and microwave safe. Order today.
worlds-best-funeral-attendant,World's No.1 Funeral Attendant Mug | Foxy Printing,World's No.1 Funeral Attendant Mug: a cheerful gift for home or the office. An 11oz white ceramic mug that's dishwasher and microwave safe. Order today.
worlds-best-funeral-director,World's No.1 Funeral Director Mug | Foxy Printing,"World's No.1 Funeral Director Mug: a cheerful gift for home or the office. Sublimation printed, so the design is part of the glaze. Order yours today."
worlds-best-furnace-operator,World's No.1 Furnace Operator Mug | Foxy Printing,"World's No.1 Furnace Operator Mug: a cheerful gift for home or the office. Sublimation printed, so the design is part of the glaze. Treat them today."
worlds-best-furniture-finisher,World's No.1 Furniture Finisher Mug | Foxy Printing,World's No.1 Furniture Finisher Mug: a smile with every cuppa. Dishwasher and microwave safe. Made in North Yorkshire. Add it to your basket today.
worlds-best-gallery-exhibition-officer,World's No.1 Gallery Exhibition Officer Mug | Foxy Printing,"World's No.1 Gallery Exhibition Officer Mug: a cheerful gift for home or the office. 11oz ceramic, dishwasher safe. Order now and make their day."
worlds-best-gaming-cage-worker,World's No.1 Gaming Cage Worker Mug | Foxy Printing,World's No.1 Gaming Cage Worker Mug: a fun gift for any tea or coffee lover. An 11oz white ceramic mug that's dishwasher and microwave safe. Order today.
worlds-best-gaming-dealer,World's No.1 Gaming Dealer Mug | Foxy Printing,World's No.1 Gaming Dealer Mug: a cheerful gift for home or the office. Dishwasher and microwave safe. Made in North Yorkshire. Order yours today.
worlds-best-gaming-manager,World's No.1 Gaming Manager Mug | Foxy Printing,"World's No.1 Gaming Manager Mug: a cheerful gift for home or the office. 11oz ceramic, dishwasher safe. A great gift idea. Order now and make their day."
worlds-best-gaming-service-worker,World's No.1 Gaming Service Worker Mug | Foxy Printing,"World's No.1 Gaming Service Worker Mug: a cheerful gift for home or the office. Sublimation printed, so the design is part of the glaze. Treat them today."
worlds-best-gaming-supervisor,World's No.1 Gaming Supervisor Mug | Foxy Printing,"World's No.1 Gaming Supervisor Mug: a mug that brightens every brew. Sublimation printed, so the design is part of the glaze. Order yours today."
worlds-best-gaming-surveillance-officer,World's No.1 Gaming Surveillance Officer Mug | Foxy Printing,"World's No.1 Gaming Surveillance Officer Mug: a smile with every cuppa. 11oz ceramic, dishwasher safe. Made in North Yorkshire. Order yours today."
worlds-best-garment,World's No.1 Garment Mug | Foxy Printing,World's No.1 Garment Mug: a mug that brightens every brew. Dishwasher and microwave safe. Made in North Yorkshire. Add it to your basket today.
worlds-best-gas-appliance-repairer,World's No.1 Gas Appliance Repairer Mug | Foxy Printing,"World's No.1 Gas Appliance Repairer Mug: a cheerful gift for home or the office. 11oz ceramic, dishwasher safe. Add it to your basket today."
worlds-best-gas-compressor-operator,World's No.1 Gas Compressor Operator Mug | Foxy Printing,World's No.1 Gas Compressor Operator Mug: a mug that brightens every brew. Dishwasher and microwave safe. Made in North Yorkshire. Order today.
worlds-best-gas-distribution-plant-operator,World's No.1 Gas Distribution Plant Operator Mug,World's No.1 Gas Distribution Plant Operator Mug: a mug that brightens every brew. Dishwasher and microwave safe. Add it to your basket today.
worlds-best-gas-plant-operator,World's No.1 Gas Plant Operator Mug | Foxy Printing,"World's No.1 Gas Plant Operator Mug: a cheerful gift for home or the office. 11oz ceramic, dishwasher safe. Made in North Yorkshire. Order today."
worlds-best-gas-processing-plant-operator,World's No.1 Gas Processing Plant Operator Mug,"World's No.1 Gas Processing Plant Operator Mug: a mug that brightens every brew. 11oz ceramic, dishwasher safe. Add it to your basket today."
worlds-best-gas-pumping-station-operator,World's No.1 Gas Pumping Station Operator Mug,World's No.1 Gas Pumping Station Operator Mug: a fun gift for any tea or coffee lover. Dishwasher and microwave safe. Order now and make their day.
worlds-best-gauger,World's No.1 Gauger Mug | Foxy Printing,World's No.1 Gauger Mug: a smile with every cuppa. An 11oz white ceramic mug that's dishwasher and microwave safe. Add it to your basket today.
worlds-best-ged-teacher,World's No.1 Ged Teacher Mug | Foxy Printing,World's No.1 Ged Teacher Mug: a cheerful gift for home or the office. Dishwasher and microwave safe. A great gift idea. Order now and make their day.
worlds-best-general-farmworker,World's No.1 General Farmworker Mug | Foxy Printing,"World's No.1 General Farmworker Mug: a smile with every cuppa. 11oz ceramic, dishwasher safe. Made in North Yorkshire. Add it to your basket today."
worlds-best-general-manager,World's No.1 General Manager Mug | Foxy Printing,World's No.1 General Manager Mug: a fun gift for any tea or coffee lover. An 11oz white ceramic mug that's dishwasher and microwave safe. Treat them today.
worlds-best-general-practitioner,World's No.1 General Practitioner Mug | Foxy Printing,World's No.1 General Practitioner Mug: a fun gift for any tea or coffee lover. An 11oz white ceramic mug that's dishwasher and microwave safe. Order today.
worlds-best-geographer,World's No.1 Geographer Mug | Foxy Printing,"World's No.1 Geographer Mug: a smile with every cuppa. Sublimation printed, so the design is part of the glaze. Add it to your basket today."
worlds-best-geographical-information-systems-manager,World's No.1 Geographical Information Systems Manager Mug,"World's No.1 Geographical Information Systems Manager Mug: a cheerful gift for home or the office. 11oz ceramic, dishwasher safe. Treat them today."
worlds-best-geography-teacher,World's No.1 Geography Teacher Mug | Foxy Printing,"World's No.1 Geography Teacher Mug: a fun gift for any tea or coffee lover. Sublimation printed, so the design is part of the glaze. Order yours today."
worlds-best-geological-data-technician,World's No.1 Geological Data Technician Mug | Foxy Printing,"World's No.1 Geological Data Technician Mug: a cheerful gift for home or the office. 11oz ceramic, dishwasher safe. Order now and make their day."
worlds-best-geological-sample-test-technician,World's No.1 Geological Sample Test Technician Mug,"World's No.1 Geological Sample Test Technician Mug: a smile with every cuppa. 11oz ceramic, dishwasher safe. Made in North Yorkshire. Order today."
worlds-best-geologist,World's No.1 Geologist Mug | Foxy Printing,World's No.1 Geologist Mug: a cheerful gift for home or the office. An 11oz white ceramic mug that's dishwasher and microwave safe. Treat them today.
worlds-best-geoscientist,World's No.1 Geoscientist Mug | Foxy Printing,"World's No.1 Geoscientist Mug: a mug that brightens every brew. Printed on an 11oz glossy ceramic mug, safe in the dishwasher and microwave. Order today."
worlds-best-glass-blower,World's No.1 Glass Blower Mug | Foxy Printing,World's No.1 Glass Blower Mug: a cheerful gift for home or the office. Dishwasher and microwave safe. A great gift idea. Add it to your basket today.
worlds-best-glass-cutting-machine-operator,World's No.1 Glass Cutting Machine Operator Mug,World's No.1 Glass Cutting Machine Operator Mug: a fun gift for any tea or coffee lover. Dishwasher and microwave safe. Order now and make their day.
worlds-best-glazier,World's No.1 Glazier Mug | Foxy Printing,World's No.1 Glazier Mug: a smile with every cuppa. An 11oz white ceramic mug that's dishwasher and microwave safe. Order now and make their day.
worlds-best-gluing-machine-operator,World's No.1 Gluing Machine Operator Mug | Foxy Printing,"World's No.1 Gluing Machine Operator Mug: a cheerful gift for home or the office. Sublimation printed, so the design is part of the glaze. Order today."
worlds-best-government,World's No.1 Government Mug | Foxy Printing,"World's No.1 Government Mug: a smile with every cuppa. 11oz ceramic, dishwasher safe. Made in North Yorkshire. Order now and make their day."
worlds-best-government-lawyer,World's No.1 Government Lawyer Mug | Foxy Printing,"World's No.1 Government Lawyer Mug: a mug that brightens every brew. Sublimation printed, so the design is part of the glaze. Treat them today."
worlds-best-government-property-inspector,World's No.1 Government Property Inspector Mug,World's No.1 Government Property Inspector Mug: a cheerful gift for home or the office. Dishwasher and microwave safe. Order now and make their day.
worlds-best-government-research-officer,World's No.1 Government Research Officer Mug | Foxy Printing,"World's No.1 Government Research Officer Mug: a cheerful gift for home or the office. Sublimation printed, so the design is part of the glaze. Order today."
worlds-best-government-service-executive,World's No.1 Government Service Executive Mug,"World's No.1 Government Service Executive Mug: a smile with every cuppa. 11oz ceramic, dishwasher safe. Made in North Yorkshire. Order today."
worlds-best-graduate-teaching-assistant,World's No.1 Graduate Teaching Assistant Mug | Foxy Printing,World's No.1 Graduate Teaching Assistant Mug: a mug that brightens every brew. An 11oz white ceramic mug that's dishwasher and microwave safe. Order today.
worlds-best-graphic-designer,World's No.1 Graphic Designer Mug | Foxy Printing,"World's No.1 Graphic Designer Mug: a cheerful gift for home or the office. 11oz ceramic, dishwasher safe. Made in North Yorkshire. Order yours today."
worlds-best-grinder,World's No.1 Grinder Mug | Foxy Printing,"World's No.1 Grinder Mug: a mug that brightens every brew. Sublimation printed, so the design is part of the glaze. Order now and make their day."
worlds-best-grinding-machine-operator,World's No.1 Grinding Machine Operator Mug | Foxy Printing,World's No.1 Grinding Machine Operator Mug: a cheerful gift for home or the office. Dishwasher and microwave safe. Add it to your basket today.
worlds-best-grip,World's No.1 Grip Mug | Foxy Printing,"World's No.1 Grip Mug: a smile with every cuppa. Printed on an 11oz glossy ceramic mug, safe in the dishwasher and microwave. Order yours today."
worlds-best-grounds-maintenance-worker,World's No.1 Grounds Maintenance Worker Mug | Foxy Printing,"World's No.1 Grounds Maintenance Worker Mug: a smile with every cuppa. Sublimation printed, so the design is part of the glaze. Order yours today."
worlds-best-hairdresser,World's No.1 Hairdresser Mug | Foxy Printing,"World's No.1 Hairdresser Mug: a fun gift for any tea or coffee lover. Sublimation printed, so the design is part of the glaze. Order yours today."
worlds-best-hand-presser,World's No.1 Hand Presser Mug | Foxy Printing,World's No.1 Hand Presser Mug: a smile with every cuppa. Dishwasher and microwave safe. Made in North Yorkshire. Add it to your basket today.
worlds-best-hand-sewer,World's No.1 Hand Sewer Mug | Foxy Printing,"World's No.1 Hand Sewer Mug: a mug that brightens every brew. Sublimation printed, so the design is part of the glaze. Order now and make their day."
worlds-best-hand-trimmer,World's No.1 Hand Trimmer Mug | Foxy Printing,World's No.1 Hand Trimmer Mug: a mug that brightens every brew. An 11oz white ceramic mug that's dishwasher and microwave safe. Order yours today.
worlds-best-hazardous-materials-removal-worker,World's No.1 Hazardous Materials Removal Worker Mug,"World's No.1 Hazardous Materials Removal Worker Mug: a fun gift for any tea or coffee lover. 11oz ceramic, dishwasher safe. Add it to your basket today."
worlds-best-head-nurse,World's No.1 Head Nurse Mug | Foxy Printing,"World's No.1 Head Nurse Mug: a mug that brightens every brew. Printed on an 11oz glossy ceramic mug, safe in the dishwasher and microwave. Order today."
worlds-best-health-and-safety-adviser,World's No.1 Health and Safety Adviser Mug | Foxy Printing,"World's No.1 Health and Safety Adviser Mug: a cheerful gift for home or the office. Sublimation printed, so the design is part of the glaze. Order today."
worlds-best-health-and-safety-inspector,World's No.1 Health and Safety Inspector Mug | Foxy Printing,"World's No.1 Health and Safety Inspector Mug: a fun gift for any tea or coffee lover. Sublimation printed, so the design is part of the glaze. Order today."
worlds-best-health-educator,World's No.1 Health Educator Mug | Foxy Printing,World's No.1 Health Educator Mug: a mug that brightens every brew. An 11oz white ceramic mug that's dishwasher and microwave safe. Order today.
worlds-best-health-practitioner,World's No.1 Health Practitioner Mug | Foxy Printing,World's No.1 Health Practitioner Mug: a smile with every cuppa. An 11oz white ceramic mug that's dishwasher and microwave safe. Order yours today.
worlds-best-health-promotion-specialist,World's No.1 Health Promotion Specialist Mug | Foxy Printing,World's No.1 Health Promotion Specialist Mug: a mug that brightens every brew. An 11oz white ceramic mug that's dishwasher and microwave safe. Order today.
worlds-best-health-service-manager,World's No.1 Health Service Manager Mug | Foxy Printing,World's No.1 Health Service Manager Mug: a mug that brightens every brew. Dishwasher and microwave safe. A great gift idea. Add it to your basket today.
worlds-best-health-services-manager,World's No.1 Health Services Manager Mug | Foxy Printing,World's No.1 Health Services Manager Mug: a smile with every cuppa. An 11oz white ceramic mug that's dishwasher and microwave safe. Order today.
worlds-best-health-specialties-teacher,World's No.1 Health Specialties Teacher Mug | Foxy Printing,"World's No.1 Health Specialties Teacher Mug: a fun gift for any tea or coffee lover. 11oz ceramic, dishwasher safe. Order now and make their day."
worlds-best-health-technologist,World's No.1 Health Technologist Mug | Foxy Printing,"World's No.1 Health Technologist Mug: a smile with every cuppa. Sublimation printed, so the design is part of the glaze. Add it to your basket today."
worlds-best-health-visitor,World's No.1 Health Visitor Mug | Foxy Printing,"World's No.1 Health Visitor Mug: a mug that brightens every brew. Sublimation printed, so the design is part of the glaze. Treat them today."
worlds-best-healthcare,World's No.1 Healthcare Mug | Foxy Printing,"World's No.1 Healthcare Mug: a fun gift for any tea or coffee lover. 11oz ceramic, dishwasher safe. Made in North Yorkshire. Add it to your basket today."
worlds-best-healthcare-practitioner,World's No.1 Healthcare Practitioner Mug | Foxy Printing,World's No.1 Healthcare Practitioner Mug: a smile with every cuppa. Dishwasher and microwave safe. A great gift idea. Order now and make their day.
worlds-best-healthcare-support-worker,World's No.1 Healthcare Support Worker Mug | Foxy Printing,"World's No.1 Healthcare Support Worker Mug: a smile with every cuppa. 11oz ceramic, dishwasher safe. A great gift idea. Order now and make their day."
worlds-best-heat-treating-equipment-operator,World's No.1 Heat Treating Equipment Operator Mug,"World's No.1 Heat Treating Equipment Operator Mug: a cheerful gift for home or the office. 11oz ceramic, dishwasher safe. Order now and make their day."
worlds-best-heater,World's No.1 Heater Mug | Foxy Printing,World's No.1 Heater Mug: a mug that brightens every brew. Dishwasher and microwave safe. Made in North Yorkshire. Add it to your basket today.
worlds-best-heating-and-air-conditioning-mechanic,World's No.1 Heating and Air Conditioning Mechanic Mug,World's No.1 Heating and Air Conditioning Mechanic Mug: a mug that brightens every brew. Dishwasher and microwave safe. Add it to your basket today.
worlds-best-heating-equipment-operator,World's No.1 Heating Equipment Operator Mug | Foxy Printing,"World's No.1 Heating Equipment Operator Mug: a cheerful gift for home or the office. Sublimation printed, so the design is part of the glaze. Order today."
worlds-best-heavy-equipment-mechanic,World's No.1 Heavy Equipment Mechanic Mug | Foxy Printing,"World's No.1 Heavy Equipment Mechanic Mug: a smile with every cuppa. 11oz ceramic, dishwasher safe. Made in North Yorkshire. Add it to your basket today."
worlds-best-herbalist,World's No.1 Herbalist Mug | Foxy Printing,"World's No.1 Herbalist Mug: a mug that brightens every brew. Printed on an 11oz glossy ceramic mug, safe in the dishwasher and microwave. Order today."
worlds-best-heritage-manager,World's No.1 Heritage Manager Mug | Foxy Printing,World's No.1 Heritage Manager Mug: a fun gift for any tea or coffee lover. Dishwasher and microwave safe. A great gift idea. Order now and make their day.
worlds-best-higher-education-administrator,World's No.1 Higher Education Administrator Mug,"World's No.1 Higher Education Administrator Mug: a mug that brightens every brew. Sublimation printed, so the design is part of the glaze. Order today."
worlds-best-higher-education-advice-worker,World's No.1 Higher Education Advice Worker Mug,World's No.1 Higher Education Advice Worker Mug: a cheerful gift for home or the office. Dishwasher and microwave safe. Add it to your basket today.
worlds-best-highway-maintenance-worker,World's No.1 Highway Maintenance Worker Mug | Foxy Printing,"World's No.1 Highway Maintenance Worker Mug: a smile with every cuppa. Sublimation printed, so the design is part of the glaze. Treat them today."
worlds-best-highway-patrol-pilot,World's No.1 Highway Patrol Pilot Mug | Foxy Printing,World's No.1 Highway Patrol Pilot Mug: a mug that brightens every brew. An 11oz white ceramic mug that's dishwasher and microwave safe. Treat them today.
worlds-best-historian,World's No.1 Historian Mug | Foxy Printing,"World's No.1 Historian Mug: a smile with every cuppa. Printed on an 11oz glossy ceramic mug, safe in the dishwasher and microwave. Order yours today."
worlds-best-history-teacher,World's No.1 History Teacher Mug | Foxy Printing,"World's No.1 History Teacher Mug: a mug that brightens every brew. 11oz ceramic, dishwasher safe. Made in North Yorkshire. Add it to your basket today."
worlds-best-hoist-and-winch-operator,World's No.1 Hoist and Winch Operator Mug | Foxy Printing,"World's No.1 Hoist and Winch Operator Mug: a mug that brightens every brew. Sublimation printed, so the design is part of the glaze. Treat them today."
worlds-best-home,World's No.1 Home Mug | Foxy Printing,"World's No.1 Home Mug: a mug that brightens every brew. Printed on an 11oz glossy ceramic mug, safe in the dishwasher and microwave. Order yours today."
worlds-best-home-appliance-installer,World's No.1 Home Appliance Installer Mug | Foxy Printing,"World's No.1 Home Appliance Installer Mug: a mug that brightens every brew. Sublimation printed, so the design is part of the glaze. Order yours today."
worlds-best-home-appliance-repairer,World's No.1 Home Appliance Repairer Mug | Foxy Printing,World's No.1 Home Appliance Repairer Mug: a mug that brightens every brew. An 11oz white ceramic mug that's dishwasher and microwave safe. Order today.
worlds-best-home-economics-teacher,World's No.1 Home Economics Teacher Mug | Foxy Printing,"World's No.1 Home Economics Teacher Mug: a fun gift for any tea or coffee lover. Sublimation printed, so the design is part of the glaze. Order today."
worlds-best-home-entertainment-equipment-installer,World's No.1 Home Entertainment Equipment Installer Mug,"World's No.1 Home Entertainment Equipment Installer Mug: a smile with every cuppa. 11oz ceramic, dishwasher safe. Add it to your basket today."
worlds-best-home-health-aide,World's No.1 Home Health Aide Mug | Foxy Printing,World's No.1 Home Health Aide Mug: a cheerful gift for home or the office. Dishwasher and microwave safe. Made in North Yorkshire. Treat them today.
worlds-best-homeland-security,World's No.1 Homeland Security Mug | Foxy Printing,World's No.1 Homeland Security Mug: a smile with every cuppa. Dishwasher and microwave safe. Made in North Yorkshire. Add it to your basket today.
worlds-best-homeless-worker,World's No.1 Homeless Worker Mug | Foxy Printing,"World's No.1 Homeless Worker Mug: a cheerful gift for home or the office. Sublimation printed, so the design is part of the glaze. Treat them today."
worlds-best-horticultural-consultant,World's No.1 Horticultural Consultant Mug | Foxy Printing,"World's No.1 Horticultural Consultant Mug: a smile with every cuppa. 11oz ceramic, dishwasher safe. A great gift idea. Add it to your basket today."
worlds-best-horticultural-worker,World's No.1 Horticultural Worker Mug | Foxy Printing,World's No.1 Horticultural Worker Mug: a cheerful gift for home or the office. An 11oz white ceramic mug that's dishwasher and microwave safe. Order today.
worlds-best-host-and-hostes,World's No.1 Host and Hostes Mug | Foxy Printing,"World's No.1 Host and Hostes Mug: a smile with every cuppa. Sublimation printed, so the design is part of the glaze. Add it to your basket today."
worlds-best-hotel-desk-clerk,World's No.1 Hotel Desk Clerk Mug | Foxy Printing,World's No.1 Hotel Desk Clerk Mug: a smile with every cuppa. Dishwasher and microwave safe. Made in North Yorkshire. Add it to your basket today.
worlds-best-hotel-manager,World's No.1 Hotel Manager Mug | Foxy Printing,World's No.1 Hotel Manager Mug: a cheerful gift for home or the office. Dishwasher and microwave safe. Made in North Yorkshire. Order yours today.
worlds-best-house-cleaner,World's No.1 House Cleaner Mug | Foxy Printing,World's No.1 House Cleaner Mug: a smile with every cuppa. Dishwasher and microwave safe. Made in North Yorkshire. Order now and make their day.
worlds-best-housekeeper,World's No.1 Housekeeper Mug | Foxy Printing,World's No.1 Housekeeper Mug: a fun gift for any tea or coffee lover. An 11oz white ceramic mug that's dishwasher and microwave safe. Order yours today.
worlds-best-housekeeping-supervisor,World's No.1 Housekeeping Supervisor Mug | Foxy Printing,World's No.1 Housekeeping Supervisor Mug: a mug that brightens every brew. Dishwasher and microwave safe. Made in North Yorkshire. Treat them today.
worlds-best-housing-adviser,World's No.1 Housing Adviser Mug | Foxy Printing,World's No.1 Housing Adviser Mug: a cheerful gift for home or the office. Dishwasher and microwave safe. Made in North Yorkshire. Order today.
worlds-best-hr-manager,World's No.1 Hr Manager Mug | Foxy Printing,"World's No.1 Hr Manager Mug: a fun gift for any tea or coffee lover. Sublimation printed, so the design is part of the glaze. Treat them today."
worlds-best-hr-specialist,World's No.1 Hr Specialist Mug | Foxy Printing,World's No.1 Hr Specialist Mug: a smile with every cuppa. An 11oz white ceramic mug that's dishwasher and microwave safe. Order now and make their day.
worlds-best-human-resource-director,World's No.1 Human Resource Director Mug | Foxy Printing,World's No.1 Human Resource Director Mug: a mug that brightens every brew. Dishwasher and microwave safe. A great gift idea. Order yours today.
worlds-best-human-resource-manager,World's No.1 Human Resource Manager Mug | Foxy Printing,"World's No.1 Human Resource Manager Mug: a smile with every cuppa. Sublimation printed, so the design is part of the glaze. Order now and make their day."
worlds-best-human-resources-assistant,World's No.1 Human Resources Assistant Mug | Foxy Printing,"World's No.1 Human Resources Assistant Mug: a fun gift for any tea or coffee lover. Sublimation printed, so the design is part of the glaze. Order today."
worlds-best-human-resources-manager,World's No.1 Human Resources Manager Mug | Foxy Printing,"World's No.1 Human Resources Manager Mug: a mug that brightens every brew. Sublimation printed, so the design is part of the glaze. Order yours today."
worlds-best-human-resources-specialist,World's No.1 Human Resources Specialist Mug | Foxy Printing,"World's No.1 Human Resources Specialist Mug: a smile with every cuppa. Sublimation printed, so the design is part of the glaze. Order yours today."
worlds-best-humanitarian-worker,World's No.1 Humanitarian Worker Mug | Foxy Printing,"World's No.1 Humanitarian Worker Mug: a smile with every cuppa. 11oz ceramic, dishwasher safe. A great gift idea. Add it to your basket today."
worlds-best-hunter-and-trapper,World's No.1 Hunter and Trapper Mug | Foxy Printing,World's No.1 Hunter and Trapper Mug: a fun gift for any tea or coffee lover. An 11oz white ceramic mug that's dishwasher and microwave safe. Order today.
worlds-best-hvac-mechanic,World's No.1 Hvac Mechanic Mug | Foxy Printing,"World's No.1 Hvac Mechanic Mug: a cheerful gift for home or the office. 11oz ceramic, dishwasher safe. Made in North Yorkshire. Order yours today."
worlds-best-hydrologist,World's No.1 Hydrologist Mug | Foxy Printing,"World's No.1 Hydrologist Mug: a cheerful gift for home or the office. 11oz ceramic, dishwasher safe. Made in North Yorkshire. Treat them today."
worlds-best-illustrator,World's No.1 Illustrator Mug | Foxy Printing,World's No.1 Illustrator Mug: a smile with every cuppa. An 11oz white ceramic mug that's dishwasher and microwave safe. Order now and make their day.
worlds-best-immigration-inspector,World's No.1 Immigration Inspector Mug | Foxy Printing,"World's No.1 Immigration Inspector Mug: a cheerful gift for home or the office. 11oz ceramic, dishwasher safe. Order now and make their day."
worlds-best-immigration-officer,World's No.1 Immigration Officer Mug | Foxy Printing,"World's No.1 Immigration Officer Mug: a cheerful gift for home or the office. Sublimation printed, so the design is part of the glaze. Order today."
worlds-best-immunologist,World's No.1 Immunologist Mug | Foxy Printing,World's No.1 Immunologist Mug: a mug that brightens every brew. Dishwasher and microwave safe. Made in North Yorkshire. Add it to your basket today.
worlds-best-industrial-engineer,World's No.1 Industrial Engineer Mug | Foxy Printing,"World's No.1 Industrial Engineer Mug: a cheerful gift for home or the office. 11oz ceramic, dishwasher safe. Made in North Yorkshire. Order yours today."
worlds-best-industrial-engineering-technician,World's No.1 Industrial Engineering Technician Mug,"World's No.1 Industrial Engineering Technician Mug: a mug that brightens every brew. Sublimation printed, so the design is part of the glaze. Order today."
worlds-best-industrial-machinery-mechanic,World's No.1 Industrial Machinery Mechanic Mug,"World's No.1 Industrial Machinery Mechanic Mug: a mug that brightens every brew. Sublimation printed, so the design is part of the glaze. Treat them today."
worlds-best-industrial-organizational-psychologist,World's No.1 Industrial Organizational Psychologist Mug,World's No.1 Industrial Organizational Psychologist Mug: a mug that brightens every brew. Dishwasher and microwave safe. Order now and make their day.
worlds-best-industrial-production-manager,World's No.1 Industrial Production Manager Mug,World's No.1 Industrial Production Manager Mug: a cheerful gift for home or the office. Dishwasher and microwave safe. Order now and make their day.
worlds-best-industrial-safety-engineer,World's No.1 Industrial Safety Engineer Mug | Foxy Printing,"World's No.1 Industrial Safety Engineer Mug: a smile with every cuppa. Sublimation printed, so the design is part of the glaze. Order today."
worlds-best-infantry,World's No.1 Infantry Mug | Foxy Printing,"World's No.1 Infantry Mug: a mug that brightens every brew. Printed on an 11oz glossy ceramic mug, safe in the dishwasher and microwave. Order yours today."
worlds-best-infantry-officer,World's No.1 Infantry Officer Mug | Foxy Printing,World's No.1 Infantry Officer Mug: a cheerful gift for home or the office. An 11oz white ceramic mug that's dishwasher and microwave safe. Order today.
worlds-best-information-scientist,World's No.1 Information Scientist Mug | Foxy Printing,World's No.1 Information Scientist Mug: a mug that brightens every brew. An 11oz white ceramic mug that's dishwasher and microwave safe. Order today.
worlds-best-information-systems-manager,World's No.1 Information Systems Manager Mug | Foxy Printing,"World's No.1 Information Systems Manager Mug: a fun gift for any tea or coffee lover. Sublimation printed, so the design is part of the glaze. Order today."
worlds-best-inspector,World's No.1 Inspector Mug | Foxy Printing,"World's No.1 Inspector Mug: a mug that brightens every brew. Printed on an 11oz glossy ceramic mug, safe in the dishwasher and microwave. Treat them today."
worlds-best-installation-and-repair-technician,World's No.1 Installation and Repair Technician Mug,"World's No.1 Installation and Repair Technician Mug: a smile with every cuppa. 11oz ceramic, dishwasher safe. Made in North Yorkshire. Order today."
worlds-best-instructional-coordinator,World's No.1 Instructional Coordinator Mug | Foxy Printing,"World's No.1 Instructional Coordinator Mug: a mug that brightens every brew. 11oz ceramic, dishwasher safe. Made in North Yorkshire. Order yours today."
worlds-best-instrument-sales-representative,World's No.1 Instrument Sales Representative Mug,"World's No.1 Instrument Sales Representative Mug: a mug that brightens every brew. Sublimation printed, so the design is part of the glaze. Order today."
worlds-best-insulation-installer,World's No.1 Insulation Installer Mug | Foxy Printing,World's No.1 Insulation Installer Mug: a fun gift for any tea or coffee lover. Dishwasher and microwave safe. Made in North Yorkshire. Order today.
worlds-best-insulation-worker,World's No.1 Insulation Worker Mug | Foxy Printing,World's No.1 Insulation Worker Mug: a mug that brightens every brew. An 11oz white ceramic mug that's dishwasher and microwave safe. Order today.
worlds-best-insurance-appraiser,World's No.1 Insurance Appraiser Mug | Foxy Printing,World's No.1 Insurance Appraiser Mug: a smile with every cuppa. Dishwasher and microwave safe. Made in North Yorkshire. Order now and make their day.
worlds-best-insurance-broker,World's No.1 Insurance Broker Mug | Foxy Printing,"World's No.1 Insurance Broker Mug: a smile with every cuppa. 11oz ceramic, dishwasher safe. Made in North Yorkshire. Order now and make their day."
worlds-best-insurance-claims-clerk,World's No.1 Insurance Claims Clerk Mug | Foxy Printing,"World's No.1 Insurance Claims Clerk Mug: a smile with every cuppa. Sublimation printed, so the design is part of the glaze. Add it to your basket today."
worlds-best-insurance-claims-inspector,World's No.1 Insurance Claims Inspector Mug | Foxy Printing,"World's No.1 Insurance Claims Inspector Mug: a fun gift for any tea or coffee lover. 11oz ceramic, dishwasher safe. Add it to your basket today."
worlds-best-insurance-investigator,World's No.1 Insurance Investigator Mug | Foxy Printing,World's No.1 Insurance Investigator Mug: a cheerful gift for home or the office. Dishwasher and microwave safe. Add it to your basket today.
worlds-best-insurance-policy-processing-clerk,World's No.1 Insurance Policy Processing Clerk Mug,"World's No.1 Insurance Policy Processing Clerk Mug: a smile with every cuppa. Sublimation printed, so the design is part of the glaze. Order today."
worlds-best-insurance-risk-surveyor,World's No.1 Insurance Risk Surveyor Mug | Foxy Printing,World's No.1 Insurance Risk Surveyor Mug: a smile with every cuppa. An 11oz white ceramic mug that's dishwasher and microwave safe. Treat them today.
worlds-best-insurance-sales-agent,World's No.1 Insurance Sales Agent Mug | Foxy Printing,"World's No.1 Insurance Sales Agent Mug: a fun gift for any tea or coffee lover. Sublimation printed, so the design is part of the glaze. Order yours today."
worlds-best-insurance-underwriter,World's No.1 Insurance Underwriter Mug | Foxy Printing,"World's No.1 Insurance Underwriter Mug: a smile with every cuppa. Sublimation printed, so the design is part of the glaze. Treat them today."
worlds-best-interaction-designer,World's No.1 Interaction Designer Mug | Foxy Printing,World's No.1 Interaction Designer Mug: a fun gift for any tea or coffee lover. Dishwasher and microwave safe. A great gift idea. Treat them today.
worlds-best-interior-designer,World's No.1 Interior Designer Mug | Foxy Printing,World's No.1 Interior Designer Mug: a cheerful gift for home or the office. Dishwasher and microwave safe. Made in North Yorkshire. Order today.
worlds-best-internist,World's No.1 Internist Mug | Foxy Printing,World's No.1 Internist Mug: a cheerful gift for home or the office. Dishwasher and microwave safe. Made in North Yorkshire. Order now and make their day.
worlds-best-interpreter,World's No.1 Interpreter Mug | Foxy Printing,"World's No.1 Interpreter Mug: a mug that brightens every brew. 11oz ceramic, dishwasher safe. Made in North Yorkshire. Order now and make their day."
worlds-best-interviewer,World's No.1 Interviewer Mug | Foxy Printing,"World's No.1 Interviewer Mug: a cheerful gift for home or the office. Sublimation printed, so the design is part of the glaze. Add it to your basket today."
worlds-best-investment-analyst,World's No.1 Investment Analyst Mug | Foxy Printing,"World's No.1 Investment Analyst Mug: a mug that brightens every brew. 11oz ceramic, dishwasher safe. Made in North Yorkshire. Order now and make their day."
worlds-best-investment-banker,World's No.1 Investment Banker Mug | Foxy Printing,"World's No.1 Investment Banker Mug: a smile with every cuppa. 11oz ceramic, dishwasher safe. Made in North Yorkshire. Add it to your basket today."
worlds-best-investment-banker-corporate-finance,World's No.1 Investment Banker Corporate Finance Mug,World's No.1 Investment Banker Corporate Finance Mug: a mug that brightens every brew. Dishwasher and microwave safe. Order now and make their day.
worlds-best-investment-fund-manager,World's No.1 Investment Fund Manager Mug | Foxy Printing,World's No.1 Investment Fund Manager Mug: a cheerful gift for home or the office. Dishwasher and microwave safe. Add it to your basket today.
worlds-best-irradiated-fuel-handler,World's No.1 Irradiated Fuel Handler Mug | Foxy Printing,"World's No.1 Irradiated Fuel Handler Mug: a fun gift for any tea or coffee lover. Sublimation printed, so the design is part of the glaze. Order today."
worlds-best-it-consultant,World's No.1 It Consultant Mug | Foxy Printing,"World's No.1 It Consultant Mug: a cheerful gift for home or the office. 11oz ceramic, dishwasher safe. Made in North Yorkshire. Order yours today."
worlds-best-it-technical-support-officer,World's No.1 It Technical Support Officer Mug,World's No.1 It Technical Support Officer Mug: a fun gift for any tea or coffee lover. Dishwasher and microwave safe. Order now and make their day.
worlds-best-janitor,World's No.1 Janitor Mug | Foxy Printing,"World's No.1 Janitor Mug: a cheerful gift for home or the office. Printed on an 11oz glossy ceramic mug, safe in the dishwasher and microwave. Order today."
worlds-best-janitorial-supervisor,World's No.1 Janitorial Supervisor Mug | Foxy Printing,World's No.1 Janitorial Supervisor Mug: a mug that brightens every brew. Dishwasher and microwave safe. Made in North Yorkshire. Treat them today.
worlds-best-jeweler,World's No.1 Jeweler Mug | Foxy Printing,World's No.1 Jeweler Mug: a fun gift for any tea or coffee lover. An 11oz white ceramic mug that's dishwasher and microwave safe. Order today.
worlds-best-jewelry-model,World's No.1 Jewelry Model Mug | Foxy Printing,World's No.1 Jewelry Model Mug: a mug that brightens every brew. An 11oz white ceramic mug that's dishwasher and microwave safe. Order yours today.
worlds-best-job-printer,World's No.1 Job Printer Mug | Foxy Printing,"World's No.1 Job Printer Mug: a cheerful gift for home or the office. 11oz ceramic, dishwasher safe. A great gift idea. Add it to your basket today."
worlds-best-journalist,World's No.1 Journalist Mug | Foxy Printing,World's No.1 Journalist Mug: a smile with every cuppa. Dishwasher and microwave safe. Made in North Yorkshire. Order now and make their day.
worlds-best-judge,World's No.1 Judge Mug | Foxy Printing,"World's No.1 Judge Mug: a fun gift for any tea or coffee lover. 11oz ceramic, dishwasher safe. A great gift idea. Add it to your basket today."
worlds-best-keyboard-instrument-repairer-and-tuner,World's No.1 Keyboard Instrument Repairer and Tuner Mug,"World's No.1 Keyboard Instrument Repairer and Tuner Mug: a smile with every cuppa. Sublimation printed, so the design is part of the glaze. Order today."
worlds-best-kindergarten-teacher,World's No.1 Kindergarten Teacher Mug | Foxy Printing,"World's No.1 Kindergarten Teacher Mug: a smile with every cuppa. Printed on an 11oz glossy ceramic mug, safe in the dishwasher and microwave. Order today."
worlds-best-land-based-engineer,World's No.1 Land Based Engineer Mug | Foxy Printing,"World's No.1 Land Based Engineer Mug: a smile with every cuppa. Sublimation printed, so the design is part of the glaze. Order now and make their day."
worlds-best-land-surveyor,World's No.1 Land Surveyor Mug | Foxy Printing,"World's No.1 Land Surveyor Mug: a cheerful gift for home or the office. Sublimation printed, so the design is part of the glaze. Treat them today."
worlds-best-landscape-architect,World's No.1 Landscape Architect Mug | Foxy Printing,"World's No.1 Landscape Architect Mug: a mug that brightens every brew. Sublimation printed, so the design is part of the glaze. Order today."
worlds-best-landscape-artist,World's No.1 Landscape Artist Mug | Foxy Printing,World's No.1 Landscape Artist Mug: a cheerful gift for home or the office. An 11oz white ceramic mug that's dishwasher and microwave safe. Order today.
worlds-best-landscaper,World's No.1 Landscaper Mug | Foxy Printing,"World's No.1 Landscaper Mug: a mug that brightens every brew. Printed on an 11oz glossy ceramic mug, safe in the dishwasher and microwave. Order today."
worlds-best-landscaping,World's No.1 Landscaping Mug | Foxy Printing,"World's No.1 Landscaping Mug: a mug that brightens every brew. 11oz ceramic, dishwasher safe. Made in North Yorkshire. Add it to your basket today."
worlds-best-lathe-operator,World's No.1 Lathe Operator Mug | Foxy Printing,"World's No.1 Lathe Operator Mug: a mug that brightens every brew. Sublimation printed, so the design is part of the glaze. Add it to your basket today."
worlds-best-laundry,World's No.1 Laundry Mug | Foxy Printing,World's No.1 Laundry Mug: a smile with every cuppa. An 11oz white ceramic mug that's dishwasher and microwave safe. Add it to your basket today.
worlds-best-law-clerk,World's No.1 Law Clerk Mug | Foxy Printing,World's No.1 Law Clerk Mug: a smile with every cuppa. An 11oz white ceramic mug that's dishwasher and microwave safe. Order now and make their day.
worlds-best-law-enforcement-teacher,World's No.1 Law Enforcement Teacher Mug | Foxy Printing,"World's No.1 Law Enforcement Teacher Mug: a fun gift for any tea or coffee lover. Sublimation printed, so the design is part of the glaze. Order today."
worlds-best-law-teacher,World's No.1 Law Teacher Mug | Foxy Printing,"World's No.1 Law Teacher Mug: a smile with every cuppa. Printed on an 11oz glossy ceramic mug, safe in the dishwasher and microwave. Treat them today."
worlds-best-lawn-service-manager,World's No.1 Lawn Service Manager Mug | Foxy Printing,World's No.1 Lawn Service Manager Mug: a smile with every cuppa. Dishwasher and microwave safe. A great gift idea. Add it to your basket today.
worlds-best-lawyer,World's No.1 Lawyer Mug | Foxy Printing,"World's No.1 Lawyer Mug: a cheerful gift for home or the office. 11oz ceramic, dishwasher safe. Made in North Yorkshire. Add it to your basket today."
worlds-best-lay-out-worker,World's No.1 Lay Out Worker Mug | Foxy Printing,"World's No.1 Lay Out Worker Mug: a smile with every cuppa. Printed on an 11oz glossy ceramic mug, safe in the dishwasher and microwave. Order yours today."
worlds-best-learning-disability-nurse,World's No.1 Learning Disability Nurse Mug | Foxy Printing,"World's No.1 Learning Disability Nurse Mug: a fun gift for any tea or coffee lover. 11oz ceramic, dishwasher safe. Add it to your basket today."
worlds-best-learning-mentor,World's No.1 Learning Mentor Mug | Foxy Printing,World's No.1 Learning Mentor Mug: a mug that brightens every brew. Dishwasher and microwave safe. Made in North Yorkshire. Order now and make their day.
worlds-best-lecturer,World's No.1 Lecturer Mug | Foxy Printing,"World's No.1 Lecturer Mug: a mug that brightens every brew. Sublimation printed, so the design is part of the glaze. Order now and make their day."
worlds-best-legal-executive,World's No.1 Legal Executive Mug | Foxy Printing,"World's No.1 Legal Executive Mug: a cheerful gift for home or the office. Sublimation printed, so the design is part of the glaze. Treat them today."
worlds-best-legal-secretary,World's No.1 Legal Secretary Mug | Foxy Printing,"World's No.1 Legal Secretary Mug: a smile with every cuppa. 11oz ceramic, dishwasher safe. Made in North Yorkshire. Add it to your basket today."
worlds-best-legal-support-worker,World's No.1 Legal Support Worker Mug | Foxy Printing,World's No.1 Legal Support Worker Mug: a mug that brightens every brew. Dishwasher and microwave safe. Made in North Yorkshire. Order today.
worlds-best-legislator,World's No.1 Legislator Mug | Foxy Printing,World's No.1 Legislator Mug: a smile with every cuppa. An 11oz white ceramic mug that's dishwasher and microwave safe. Order now and make their day.
worlds-best-leisure-centre-manager,World's No.1 Leisure Centre Manager Mug | Foxy Printing,"World's No.1 Leisure Centre Manager Mug: a cheerful gift for home or the office. Sublimation printed, so the design is part of the glaze. Order today."
worlds-best-letterpress-setters-operator,World's No.1 Letterpress Setters Operator Mug,World's No.1 Letterpress Setters Operator Mug: a fun gift for any tea or coffee lover. Dishwasher and microwave safe. Add it to your basket today.
worlds-best-librarian,World's No.1 Librarian Mug | Foxy Printing,"World's No.1 Librarian Mug: a mug that brightens every brew. Sublimation printed, so the design is part of the glaze. Add it to your basket today."
worlds-best-library-assistant,World's No.1 Library Assistant Mug | Foxy Printing,World's No.1 Library Assistant Mug: a mug that brightens every brew. Dishwasher and microwave safe. A great gift idea. Add it to your basket today.
worlds-best-library-science-teacher,World's No.1 Library Science Teacher Mug | Foxy Printing,World's No.1 Library Science Teacher Mug: a smile with every cuppa. An 11oz white ceramic mug that's dishwasher and microwave safe. Treat them today.
worlds-best-library-technician,World's No.1 Library Technician Mug | Foxy Printing,World's No.1 Library Technician Mug: a mug that brightens every brew. An 11oz white ceramic mug that's dishwasher and microwave safe. Treat them today.
worlds-best-library-worker,World's No.1 Library Worker Mug | Foxy Printing,"World's No.1 Library Worker Mug: a smile with every cuppa. Printed on an 11oz glossy ceramic mug, safe in the dishwasher and microwave. Order yours today."
worlds-best-license-clerk,World's No.1 License Clerk Mug | Foxy Printing,"World's No.1 License Clerk Mug: a mug that brightens every brew. Printed on an 11oz glossy ceramic mug, safe in the dishwasher and microwave. Order today."
worlds-best-licensed-conveyancer,World's No.1 Conveyancer Mug | Foxy Printing,World's No.1 Conveyancer Mug: a smile with every cuppa. Dishwasher and microwave safe. Made in North Yorkshire. Add it to your basket today.
worlds-best-licensed-practical-nurse,World's No.1 Practical Nurse Mug | Foxy Printing,World's No.1 Practical Nurse Mug: a smile with every cuppa. An 11oz white ceramic mug that's dishwasher and microwave safe. Treat them today.
worlds-best-licensing-examiner-and-inspector,World's No.1 Licensing Examiner and Inspector Mug,World's No.1 Licensing Examiner and Inspector Mug: a mug that brightens every brew. Dishwasher and microwave safe. Order now and make their day.
worlds-best-life-science-technician,World's No.1 Life Science Technician Mug | Foxy Printing,"World's No.1 Life Science Technician Mug: a smile with every cuppa. Sublimation printed, so the design is part of the glaze. Add it to your basket today."
worlds-best-life-scientist,World's No.1 Life Scientist Mug | Foxy Printing,"World's No.1 Life Scientist Mug: a fun gift for any tea or coffee lover. Sublimation printed, so the design is part of the glaze. Order yours today."
worlds-best-lifeguard,World's No.1 Lifeguard Mug | Foxy Printing,"World's No.1 Lifeguard Mug: a fun gift for any tea or coffee lover. Sublimation printed, so the design is part of the glaze. Order now and make their day."
worlds-best-loading-machine-operator,World's No.1 Loading Machine Operator Mug | Foxy Printing,World's No.1 Loading Machine Operator Mug: a cheerful gift for home or the office. Dishwasher and microwave safe. Order now and make their day.
worlds-best-loan-counselor,World's No.1 Loan Counselor Mug | Foxy Printing,World's No.1 Loan Counselor Mug: a fun gift for any tea or coffee lover. Dishwasher and microwave safe. Made in North Yorkshire. Order yours today.
worlds-best-loan-interviewer,World's No.1 Loan Interviewer Mug | Foxy Printing,World's No.1 Loan Interviewer Mug: a mug that brightens every brew. Dishwasher and microwave safe. Made in North Yorkshire. Order yours today.
worlds-best-loan-officer,World's No.1 Loan Officer Mug | Foxy Printing,World's No.1 Loan Officer Mug: a mug that brightens every brew. Dishwasher and microwave safe. Made in North Yorkshire. Order now and make their day.
worlds-best-local-government-administrator,World's No.1 Local Government Administrator Mug,World's No.1 Local Government Administrator Mug: a fun gift for any tea or coffee lover. Dishwasher and microwave safe. Order now and make their day.
worlds-best-local-government-lawyer,World's No.1 Local Government Lawyer Mug | Foxy Printing,"World's No.1 Local Government Lawyer Mug: a mug that brightens every brew. 11oz ceramic, dishwasher safe. A great gift idea. Add it to your basket today."
worlds-best-locker-room-attendant,World's No.1 Locker Room Attendant Mug | Foxy Printing,"World's No.1 Locker Room Attendant Mug: a mug that brightens every brew. 11oz ceramic, dishwasher safe. A great gift idea. Add it to your basket today."
worlds-best-locksmith,World's No.1 Locksmith Mug | Foxy Printing,World's No.1 Locksmith Mug: a smile with every cuppa. An 11oz white ceramic mug that's dishwasher and microwave safe. Add it to your basket today.
worlds-best-locomotive-engineer,World's No.1 Locomotive Engineer Mug | Foxy Printing,World's No.1 Locomotive Engineer Mug: a cheerful gift for home or the office. An 11oz white ceramic mug that's dishwasher and microwave safe. Order today.
worlds-best-locomotive-firer,World's No.1 Locomotive Firer Mug | Foxy Printing,"World's No.1 Locomotive Firer Mug: a smile with every cuppa. Printed on an 11oz glossy ceramic mug, safe in the dishwasher and microwave. Order today."
worlds-best-lodging-manager,World's No.1 Lodging Manager Mug | Foxy Printing,"World's No.1 Lodging Manager Mug: a smile with every cuppa. Sublimation printed, so the design is part of the glaze. Add it to your basket today."
worlds-best-log-grader-and-scaler,World's No.1 Log Grader and Scaler Mug | Foxy Printing,"World's No.1 Log Grader and Scaler Mug: a cheerful gift for home or the office. Sublimation printed, so the design is part of the glaze. Order today."
worlds-best-logging-equipment-operator,World's No.1 Logging Equipment Operator Mug | Foxy Printing,World's No.1 Logging Equipment Operator Mug: a cheerful gift for home or the office. Dishwasher and microwave safe. Add it to your basket today.
worlds-best-logging-supervisor,World's No.1 Logging Supervisor Mug | Foxy Printing,World's No.1 Logging Supervisor Mug: a cheerful gift for home or the office. Dishwasher and microwave safe. A great gift idea. Add it to your basket today.
worlds-best-logging-tractor-operator,World's No.1 Logging Tractor Operator Mug | Foxy Printing,"World's No.1 Logging Tractor Operator Mug: a fun gift for any tea or coffee lover. Sublimation printed, so the design is part of the glaze. Order today."
worlds-best-logging-worker,World's No.1 Logging Worker Mug | Foxy Printing,"World's No.1 Logging Worker Mug: a fun gift for any tea or coffee lover. Sublimation printed, so the design is part of the glaze. Order yours today."
worlds-best-logistician,World's No.1 Logistician Mug | Foxy Printing,"World's No.1 Logistician Mug: a mug that brightens every brew. 11oz ceramic, dishwasher safe. A great gift idea. Add it to your basket today."
worlds-best-loss-adjuster,World's No.1 Loss Adjuster Mug | Foxy Printing,"World's No.1 Loss Adjuster Mug: a fun gift for any tea or coffee lover. Sublimation printed, so the design is part of the glaze. Treat them today."
worlds-best-machine-feeder,World's No.1 Machine Feeder Mug | Foxy Printing,"World's No.1 Machine Feeder Mug: a smile with every cuppa. Printed on an 11oz glossy ceramic mug, safe in the dishwasher and microwave. Treat them today."
worlds-best-machine-operator,World's No.1 Machine Operator Mug Worlds | Foxy Printing,World's No.1 Machine Operator Mug Worlds: a cheerful gift for home or the office. Dishwasher and microwave safe. Add it to your basket today.
worlds-best-machine-tool-operator,World's No.1 Machine Tool Operator Mug | Foxy Printing,"World's No.1 Machine Tool Operator Mug: a smile with every cuppa. Sublimation printed, so the design is part of the glaze. Order yours today."
worlds-best-machinery-maintenance,World's No.1 Machinery Maintenance Mug | Foxy Printing,"World's No.1 Machinery Maintenance Mug: a cheerful gift for home or the office. Sublimation printed, so the design is part of the glaze. Treat them today."
worlds-best-machinist,World's No.1 Machinist Mug | Foxy Printing,World's No.1 Machinist Mug: a mug that brightens every brew. Dishwasher and microwave safe. A great gift idea. Order now and make their day.
worlds-best-magazine-features-editor,World's No.1 Magazine Features Editor Mug | Foxy Printing,"World's No.1 Magazine Features Editor Mug: a cheerful gift for home or the office. 11oz ceramic, dishwasher safe. Add it to your basket today."
worlds-best-magazine-journalist,World's No.1 Magazine Journalist Mug | Foxy Printing,"World's No.1 Magazine Journalist Mug: a fun gift for any tea or coffee lover. Sublimation printed, so the design is part of the glaze. Order yours today."
worlds-best-maid,World's No.1 Maid Mug | Foxy Printing,"World's No.1 Maid Mug: a mug that brightens every brew. Sublimation printed, so the design is part of the glaze. Order now and make their day."
worlds-best-mail-clerk,World's No.1 Mail Clerk Mug | Foxy Printing,"World's No.1 Mail Clerk Mug: a cheerful gift for home or the office. Sublimation printed, so the design is part of the glaze. Add it to your basket today."
worlds-best-mail-machine-operator,World's No.1 Mail Machine Operator Mug | Foxy Printing,"World's No.1 Mail Machine Operator Mug: a mug that brightens every brew. Sublimation printed, so the design is part of the glaze. Order yours today."
worlds-best-maintenance-and-repair-worker,World's No.1 Maintenance and Repair Worker Mug,"World's No.1 Maintenance and Repair Worker Mug: a fun gift for any tea or coffee lover. 11oz ceramic, dishwasher safe. Order now and make their day."
worlds-best-maintenance-engineer,World's No.1 Maintenance Engineer Mug | Foxy Printing,World's No.1 Maintenance Engineer Mug: a fun gift for any tea or coffee lover. Dishwasher and microwave safe. Made in North Yorkshire. Treat them today.
worlds-best-maintenance-equipment-operator,World's No.1 Maintenance Equipment Operator Mug,World's No.1 Maintenance Equipment Operator Mug: a fun gift for any tea or coffee lover. Dishwasher and microwave safe. Order now and make their day.
worlds-best-maintenance-supervisor,World's No.1 Maintenance Supervisor Mug | Foxy Printing,World's No.1 Maintenance Supervisor Mug: a smile with every cuppa. An 11oz white ceramic mug that's dishwasher and microwave safe. Order today.
worlds-best-maintenance-worker,World's No.1 Maintenance Worker Mug | Foxy Printing,"World's No.1 Maintenance Worker Mug: a fun gift for any tea or coffee lover. Sublimation printed, so the design is part of the glaze. Treat them today."
worlds-best-makeup-artist,World's No.1 Makeup Artist Mug | Foxy Printing,"World's No.1 Makeup Artist Mug: a smile with every cuppa. Sublimation printed, so the design is part of the glaze. Order now and make their day."
worlds-best-management-accountant,World's No.1 Management Accountant Mug | Foxy Printing,"World's No.1 Management Accountant Mug: a mug that brightens every brew. 11oz ceramic, dishwasher safe. A great gift idea. Order now and make their day."
worlds-best-management-analyst,World's No.1 Management Analyst Mug | Foxy Printing,"World's No.1 Management Analyst Mug: a smile with every cuppa. Printed on an 11oz glossy ceramic mug, safe in the dishwasher and microwave. Order today."
worlds-best-management-consultant,World's No.1 Management Consultant Mug | Foxy Printing,"World's No.1 Management Consultant Mug: a mug that brightens every brew. 11oz ceramic, dishwasher safe. Made in North Yorkshire. Order yours today."
worlds-best-manager,World's No.1 Manager Mug | Foxy Printing,World's No.1 Manager Mug: a mug that brightens every brew. An 11oz white ceramic mug that's dishwasher and microwave safe. Add it to your basket today.
worlds-best-manager-of-air-crew,World's No.1 Manager of Air Crew Mug | Foxy Printing,World's No.1 Manager of Air Crew Mug: a mug that brightens every brew. An 11oz white ceramic mug that's dishwasher and microwave safe. Order yours today.
worlds-best-manager-of-food-preparation,World's No.1 Manager of Food Preparation Mug | Foxy Printing,World's No.1 Manager of Food Preparation Mug: a smile with every cuppa. An 11oz white ceramic mug that's dishwasher and microwave safe. Order yours today.
worlds-best-manager-of-weapons-specialist,World's No.1 Manager of Weapons Specialist Mug,World's No.1 Manager of Weapons Specialist Mug: a fun gift for any tea or coffee lover. Dishwasher and microwave safe. Add it to your basket today.
worlds-best-manager-tactical-operation,World's No.1 Manager Tactical Operation Mug | Foxy Printing,World's No.1 Manager Tactical Operation Mug: a mug that brightens every brew. An 11oz white ceramic mug that's dishwasher and microwave safe. Order today.
worlds-best-manicurist,World's No.1 Manicurist Mug | Foxy Printing,World's No.1 Manicurist Mug: a mug that brightens every brew. An 11oz white ceramic mug that's dishwasher and microwave safe. Add it to your basket today.
worlds-best-manufactured-building-installer,World's No.1 Manufactured Building Installer Mug,World's No.1 Manufactured Building Installer Mug: a fun gift for any tea or coffee lover. Dishwasher and microwave safe. Add it to your basket today.
worlds-best-manufacturing-engineer,World's No.1 Manufacturing Engineer Mug | Foxy Printing,"World's No.1 Manufacturing Engineer Mug: a mug that brightens every brew. Sublimation printed, so the design is part of the glaze. Treat them today."
worlds-best-manufacturing-sales-representative,World's No.1 Manufacturing Sales Representative Mug,"World's No.1 Manufacturing Sales Representative Mug: a mug that brightens every brew. Sublimation printed, so the design is part of the glaze. Order today."
worlds-best-mapping-technician,World's No.1 Mapping Technician Mug | Foxy Printing,World's No.1 Mapping Technician Mug: a fun gift for any tea or coffee lover. An 11oz white ceramic mug that's dishwasher and microwave safe. Order today.
worlds-best-marcom-director,World's No.1 Marcom Director Mug | Foxy Printing,World's No.1 Marcom Director Mug: a mug that brightens every brew. Dishwasher and microwave safe. Made in North Yorkshire. Order yours today.
worlds-best-marcom-manager,World's No.1 Marcom Manager Mug | Foxy Printing,World's No.1 Marcom Manager Mug: a cheerful gift for home or the office. An 11oz white ceramic mug that's dishwasher and microwave safe. Treat them today.
worlds-best-marine-architect,World's No.1 Marine Architect Mug | Foxy Printing,"World's No.1 Marine Architect Mug: a fun gift for any tea or coffee lover. Sublimation printed, so the design is part of the glaze. Order yours today."
worlds-best-marine-cargo-inspector,World's No.1 Marine Cargo Inspector Mug | Foxy Printing,World's No.1 Marine Cargo Inspector Mug: a cheerful gift for home or the office. Dishwasher and microwave safe. Add it to your basket today.
worlds-best-marine-engineer,World's No.1 Marine Engineer Mug | Foxy Printing,World's No.1 Marine Engineer Mug: a cheerful gift for home or the office. Dishwasher and microwave safe. Made in North Yorkshire. Order yours today.
worlds-best-marine-oiler,World's No.1 Marine Oiler Mug | Foxy Printing,"World's No.1 Marine Oiler Mug: a fun gift for any tea or coffee lover. Sublimation printed, so the design is part of the glaze. Order today."
worlds-best-marine-scientist,World's No.1 Marine Scientist Mug | Foxy Printing,World's No.1 Marine Scientist Mug: a smile with every cuppa. An 11oz white ceramic mug that's dishwasher and microwave safe. Treat them today.
worlds-best-market-research-analyst,World's No.1 Market Research Analyst Mug | Foxy Printing,"World's No.1 Market Research Analyst Mug: a smile with every cuppa. 11oz ceramic, dishwasher safe. Made in North Yorkshire. Order now and make their day."
worlds-best-market-research-executive,World's No.1 Market Research Executive Mug | Foxy Printing,"World's No.1 Market Research Executive Mug: a smile with every cuppa. 11oz ceramic, dishwasher safe. Made in North Yorkshire. Add it to your basket today."
worlds-best-marketing-account-manager,World's No.1 Marketing Account Manager Mug | Foxy Printing,World's No.1 Marketing Account Manager Mug: a mug that brightens every brew. An 11oz white ceramic mug that's dishwasher and microwave safe. Order today.
worlds-best-marketing-assistant,World's No.1 Marketing Assistant Mug | Foxy Printing,"World's No.1 Marketing Assistant Mug: a cheerful gift for home or the office. Sublimation printed, so the design is part of the glaze. Treat them today."
worlds-best-marketing-executive,World's No.1 Marketing Executive Mug | Foxy Printing,World's No.1 Marketing Executive Mug: a fun gift for any tea or coffee lover. An 11oz white ceramic mug that's dishwasher and microwave safe. Order today.
worlds-best-marketing-manager,World's No.1 Marketing Manager Mug | Foxy Printing,World's No.1 Marketing Manager Mug: a fun gift for any tea or coffee lover. Dishwasher and microwave safe. Made in North Yorkshire. Treat them today.
worlds-best-marketing-vp,World's No.1 Marketing Vp Mug | Foxy Printing,World's No.1 Marketing Vp Mug: a cheerful gift for home or the office. Dishwasher and microwave safe. Made in North Yorkshire. Treat them today.
worlds-best-marking-clerk,World's No.1 Marking Clerk Mug | Foxy Printing,World's No.1 Marking Clerk Mug: a mug that brightens every brew. An 11oz white ceramic mug that's dishwasher and microwave safe. Order today.
worlds-best-marking-machine-operator,World's No.1 Marking Machine Operator Mug | Foxy Printing,"World's No.1 Marking Machine Operator Mug: a smile with every cuppa. 11oz ceramic, dishwasher safe. Made in North Yorkshire. Add it to your basket today."
worlds-best-marriage-and-family-therapist,World's No.1 Marriage and Family Therapist Mug,World's No.1 Marriage and Family Therapist Mug: a fun gift for any tea or coffee lover. Dishwasher and microwave safe. Add it to your basket today.
worlds-best-massage-therapist,World's No.1 Massage Therapist Mug | Foxy Printing,"World's No.1 Massage Therapist Mug: a cheerful gift for home or the office. Sublimation printed, so the design is part of the glaze. Treat them today."
worlds-best-material-mover,World's No.1 Material Mover Mug | Foxy Printing,"World's No.1 Material Mover Mug: a smile with every cuppa. Sublimation printed, so the design is part of the glaze. Add it to your basket today."
worlds-best-material-moving-worker,World's No.1 Material Moving Worker Mug | Foxy Printing,"World's No.1 Material Moving Worker Mug: a fun gift for any tea or coffee lover. Sublimation printed, so the design is part of the glaze. Order today."
worlds-best-materials-engineer,World's No.1 Materials Engineer Mug | Foxy Printing,"World's No.1 Materials Engineer Mug: a cheerful gift for home or the office. Sublimation printed, so the design is part of the glaze. Order yours today."
worlds-best-materials-inspector,World's No.1 Materials Inspector Mug | Foxy Printing,"World's No.1 Materials Inspector Mug: a smile with every cuppa. Sublimation printed, so the design is part of the glaze. Order now and make their day."
worlds-best-materials-scientist,World's No.1 Materials Scientist Mug | Foxy Printing,World's No.1 Materials Scientist Mug: a smile with every cuppa. Dishwasher and microwave safe. Made in North Yorkshire. Add it to your basket today.
worlds-best-materials-specialist,World's No.1 Materials Specialist Mug | Foxy Printing,"World's No.1 Materials Specialist Mug: a fun gift for any tea or coffee lover. Sublimation printed, so the design is part of the glaze. Order yours today."
worlds-best-mathematical-science-teacher,World's No.1 Mathematical Science Teacher Mug,"World's No.1 Mathematical Science Teacher Mug: a fun gift for any tea or coffee lover. 11oz ceramic, dishwasher safe. Add it to your basket today."
worlds-best-mathematical-scientist,World's No.1 Mathematical Scientist Mug | Foxy Printing,"World's No.1 Mathematical Scientist Mug: a mug that brightens every brew. 11oz ceramic, dishwasher safe. A great gift idea. Order yours today."
worlds-best-mathematical-technician,World's No.1 Mathematical Technician Mug | Foxy Printing,World's No.1 Mathematical Technician Mug: a fun gift for any tea or coffee lover. Dishwasher and microwave safe. Order now and make their day.
worlds-best-mathematician,World's No.1 Mathematician Mug | Foxy Printing,"World's No.1 Mathematician Mug: a mug that brightens every brew. Sublimation printed, so the design is part of the glaze. Add it to your basket today."
worlds-best-meat-beater-funny-rude-ceramic-mug-gift,World's No.1 Meat Beater – Funny Rude Ceramic Gift Mug,"A cheeky novelty printed mug for someone with a wicked sense of humour. Sublimation printed, so the design is part of the glaze. Order yours today."
worlds-best-meat-packer,World's No.1 Meat Packer Mug | Foxy Printing,World's No.1 Meat Packer Mug: a smile with every cuppa. Dishwasher and microwave safe. Made in North Yorkshire. Add it to your basket today.
worlds-best-mechanical-engineering-technician,World's No.1 Mechanical Engineering Technician Mug,World's No.1 Mechanical Engineering Technician Mug: a smile with every cuppa. An 11oz white ceramic mug that's dishwasher and microwave safe. Order today.
worlds-best-mechanical-equipment-sales-representative,World's No.1 Mechanical Equipment Sales Representative Mug,"World's No.1 Mechanical Equipment Sales Representative Mug: a smile with every cuppa. Sublimation printed, so the design is part of the glaze. Order today."
worlds-best-mechanical-inspector,World's No.1 Mechanical Inspector Mug | Foxy Printing,World's No.1 Mechanical Inspector Mug: a smile with every cuppa. An 11oz white ceramic mug that's dishwasher and microwave safe. Order yours today.
worlds-best-media-analyst,World's No.1 Media Analyst Mug | Foxy Printing,"World's No.1 Media Analyst Mug: a fun gift for any tea or coffee lover. Sublimation printed, so the design is part of the glaze. Treat them today."
worlds-best-media-and-communication-worker,World's No.1 Media and Communication Worker Mug,"World's No.1 Media and Communication Worker Mug: a mug that brightens every brew. Sublimation printed, so the design is part of the glaze. Order today."
worlds-best-media-buyer,World's No.1 Media Buyer Mug | Foxy Printing,"World's No.1 Media Buyer Mug: a fun gift for any tea or coffee lover. Sublimation printed, so the design is part of the glaze. Order yours today."
worlds-best-media-planner,World's No.1 Media Planner Mug | Foxy Printing,"World's No.1 Media Planner Mug: a smile with every cuppa. Sublimation printed, so the design is part of the glaze. Add it to your basket today."
worlds-best-medical-appliance-technician,World's No.1 Medical Appliance Technician Mug,"World's No.1 Medical Appliance Technician Mug: a mug that brightens every brew. Sublimation printed, so the design is part of the glaze. Treat them today."
worlds-best-medical-assistant,World's No.1 Medical Assistant Mug | Foxy Printing,World's No.1 Medical Assistant Mug: a mug that brightens every brew. An 11oz white ceramic mug that's dishwasher and microwave safe. Order yours today.
worlds-best-medical-equipment-preparer,World's No.1 Medical Equipment Preparer Mug | Foxy Printing,World's No.1 Medical Equipment Preparer Mug: a fun gift for any tea or coffee lover. Dishwasher and microwave safe. Order now and make their day.
worlds-best-medical-equipment-repairer,World's No.1 Medical Equipment Repairer Mug | Foxy Printing,"World's No.1 Medical Equipment Repairer Mug: a smile with every cuppa. Sublimation printed, so the design is part of the glaze. Order today."
worlds-best-medical-laboratory-technologist,World's No.1 Medical Laboratory Technologist Mug,World's No.1 Medical Laboratory Technologist Mug: a smile with every cuppa. Dishwasher and microwave safe. Made in North Yorkshire. Order yours today.
worlds-best-medical-physicist,World's No.1 Medical Physicist Mug | Foxy Printing,World's No.1 Medical Physicist Mug: a mug that brightens every brew. An 11oz white ceramic mug that's dishwasher and microwave safe. Order today.
worlds-best-medical-records-technician,World's No.1 Medical Records Technician Mug | Foxy Printing,"World's No.1 Medical Records Technician Mug: a cheerful gift for home or the office. Sublimation printed, so the design is part of the glaze. Order today."
worlds-best-medical-representative,World's No.1 Medical Representative Mug | Foxy Printing,World's No.1 Medical Representative Mug: a mug that brightens every brew. An 11oz white ceramic mug that's dishwasher and microwave safe. Order today.
worlds-best-medical-sales-representative,World's No.1 Medical Sales Representative Mug,World's No.1 Medical Sales Representative Mug: a fun gift for any tea or coffee lover. Dishwasher and microwave safe. Add it to your basket today.
worlds-best-medical-scientist,World's No.1 Medical Scientist Mug | Foxy Printing,World's No.1 Medical Scientist Mug: a mug that brightens every brew. Dishwasher and microwave safe. Made in North Yorkshire. Treat them today.
worlds-best-medical-secretary,World's No.1 Medical Secretary Mug | Foxy Printing,"World's No.1 Medical Secretary Mug: a fun gift for any tea or coffee lover. Sublimation printed, so the design is part of the glaze. Order yours today."
worlds-best-medical-technician,World's No.1 Medical Technician Mug | Foxy Printing,World's No.1 Medical Technician Mug: a mug that brightens every brew. An 11oz white ceramic mug that's dishwasher and microwave safe. Treat them today.
worlds-best-medical-transcriptionist,World's No.1 Medical Transcriptionist Mug | Foxy Printing,"World's No.1 Medical Transcriptionist Mug: a cheerful gift for home or the office. Sublimation printed, so the design is part of the glaze. Order today."
worlds-best-mental-health-counselor,World's No.1 Mental Health Counselor Mug | Foxy Printing,"World's No.1 Mental Health Counselor Mug: a smile with every cuppa. Sublimation printed, so the design is part of the glaze. Order now and make their day."
worlds-best-mental-health-nurse,World's No.1 Mental Health Nurse Mug | Foxy Printing,World's No.1 Mental Health Nurse Mug: a smile with every cuppa. An 11oz white ceramic mug that's dishwasher and microwave safe. Order yours today.
worlds-best-merchandise-displayer,World's No.1 Displayer Mug | Foxy Printing,"World's No.1 Displayer Mug: a fun gift for any tea or coffee lover. 11oz ceramic, dishwasher safe. A great gift idea. Order now and make their day."
worlds-best-metal-fabricator,World's No.1 Metal Fabricator Mug | Foxy Printing,"World's No.1 Metal Fabricator Mug: a mug that brightens every brew. Sublimation printed, so the design is part of the glaze. Order yours today."
worlds-best-metal-molding-operator,World's No.1 Metal Molding Operator Mug | Foxy Printing,"World's No.1 Metal Molding Operator Mug: a smile with every cuppa. 11oz ceramic, dishwasher safe. Made in North Yorkshire. Treat them today."
worlds-best-metal-pourer-and-caster,World's No.1 Metal Pourer and Caster Mug | Foxy Printing,World's No.1 Metal Pourer and Caster Mug: a cheerful gift for home or the office. Dishwasher and microwave safe. Add it to your basket today.
worlds-best-metal-refining-furnace-operator,World's No.1 Metal Refining Furnace Operator Mug,World's No.1 Metal Refining Furnace Operator Mug: a cheerful gift for home or the office. Dishwasher and microwave safe. Add it to your basket today.
worlds-best-metal-worker,World's No.1 Metal Worker Mug | Foxy Printing,World's No.1 Metal Worker Mug: a smile with every cuppa. An 11oz white ceramic mug that's dishwasher and microwave safe. Add it to your basket today.
worlds-best-metallurgist,World's No.1 Metallurgist Mug | Foxy Printing,"World's No.1 Metallurgist Mug: a fun gift for any tea or coffee lover. Sublimation printed, so the design is part of the glaze. Order yours today."
worlds-best-meteorologist,World's No.1 Meteorologist Mug | Foxy Printing,"World's No.1 Meteorologist Mug: a mug that brightens every brew. Sublimation printed, so the design is part of the glaze. Add it to your basket today."
worlds-best-meter-mechanic,World's No.1 Meter Mechanic Mug | Foxy Printing,"World's No.1 Meter Mechanic Mug: a fun gift for any tea or coffee lover. Sublimation printed, so the design is part of the glaze. Treat them today."
worlds-best-microbiologist,World's No.1 Microbiologist Mug | Foxy Printing,World's No.1 Microbiologist Mug: a smile with every cuppa. An 11oz white ceramic mug that's dishwasher and microwave safe. Order now and make their day.
worlds-best-middle-school-teacher,World's No.1 Middle School Teacher Mug | Foxy Printing,"World's No.1 Middle School Teacher Mug: a smile with every cuppa. Sublimation printed, so the design is part of the glaze. Order yours today."
worlds-best-midwife,World's No.1 Midwife Mug | Foxy Printing,"World's No.1 Midwife Mug: a cheerful gift for home or the office. Printed on an 11oz glossy ceramic mug, safe in the dishwasher and microwave. Order today."
worlds-best-military-officer,World's No.1 Military Officer Mug | Foxy Printing,"World's No.1 Military Officer Mug: a smile with every cuppa. Printed on an 11oz glossy ceramic mug, safe in the dishwasher and microwave. Order today."
worlds-best-milling-machine-operator,World's No.1 Milling Machine Operator Mug | Foxy Printing,"World's No.1 Milling Machine Operator Mug: a fun gift for any tea or coffee lover. Sublimation printed, so the design is part of the glaze. Order today."
worlds-best-millwright,World's No.1 Millwright Mug | Foxy Printing,World's No.1 Millwright Mug: a smile with every cuppa. An 11oz white ceramic mug that's dishwasher and microwave safe. Add it to your basket today.
worlds-best-mine-cutting-machine-operator,World's No.1 Mine Cutting Machine Operator Mug,World's No.1 Mine Cutting Machine Operator Mug: a cheerful gift for home or the office. Dishwasher and microwave safe. Order now and make their day.
worlds-best-mining-engineer,World's No.1 Mining Engineer Mug | Foxy Printing,"World's No.1 Mining Engineer Mug: a cheerful gift for home or the office. 11oz ceramic, dishwasher safe. Made in North Yorkshire. Treat them today."
worlds-best-mining-machine-operator,World's No.1 Mining Machine Operator Mug | Foxy Printing,"World's No.1 Mining Machine Operator Mug: a cheerful gift for home or the office. Sublimation printed, so the design is part of the glaze. Order today."
worlds-best-mixing-and-blending-machine-operator,World's No.1 Mixing and Blending Machine Operator Mug,"World's No.1 Mixing and Blending Machine Operator Mug: a cheerful gift for home or the office. 11oz ceramic, dishwasher safe. Add it to your basket today."
worlds-best-mold-maker,World's No.1 Mold Maker Mug | Foxy Printing,World's No.1 Mold Maker Mug: a fun gift for any tea or coffee lover. Dishwasher and microwave safe. A great gift idea. Add it to your basket today.
worlds-best-molder,World's No.1 Molder Mug | Foxy Printing,"World's No.1 Molder Mug: a mug that brightens every brew. Printed on an 11oz glossy ceramic mug, safe in the dishwasher and microwave. Order yours today."
worlds-best-molding-and-casting-worker,World's No.1 Molding and Casting Worker Mug | Foxy Printing,World's No.1 Molding and Casting Worker Mug: a smile with every cuppa. Dishwasher and microwave safe. Made in North Yorkshire. Add it to your basket today.
worlds-best-molding-machine-operator,World's No.1 Molding Machine Operator Mug | Foxy Printing,"World's No.1 Molding Machine Operator Mug: a smile with every cuppa. Sublimation printed, so the design is part of the glaze. Treat them today."
worlds-best-mom-personalised-baby-boy-girl-unisex-short-sleeve-bodysuit,World's No.1 Mum Personalised Baby Grow | Foxy Printing,World's No.1 Mum Personalised Baby Grow: a fun outfit for proud families. Add a name to make it their own. Wash and iron inside out. Treat them today.
worlds-best-motion-picture-projectionist,World's No.1 Motion Picture Projectionist Mug,World's No.1 Motion Picture Projectionist Mug: a fun gift for any tea or coffee lover. Dishwasher and microwave safe. Order now and make their day.
worlds-best-motor-vehicle-inspector,World's No.1 Motor Vehicle Inspector Mug | Foxy Printing,"World's No.1 Motor Vehicle Inspector Mug: a fun gift for any tea or coffee lover. 11oz ceramic, dishwasher safe. Add it to your basket today."
worlds-best-motor-vehicle-operator,World's No.1 Motor Vehicle Operator Mug | Foxy Printing,"World's No.1 Motor Vehicle Operator Mug: a smile with every cuppa. Sublimation printed, so the design is part of the glaze. Add it to your basket today."
worlds-best-motorboat-mechanic,World's No.1 Motorboat Mechanic Mug | Foxy Printing,"World's No.1 Motorboat Mechanic Mug: a mug that brightens every brew. 11oz ceramic, dishwasher safe. Made in North Yorkshire. Order yours today."
worlds-best-motorboat-operator,World's No.1 Motorboat Operator Mug | Foxy Printing,World's No.1 Motorboat Operator Mug: a fun gift for any tea or coffee lover. Dishwasher and microwave safe. Made in North Yorkshire. Order today.
worlds-best-motorcycle-mechanic,World's No.1 Motorcycle Mechanic Mug | Foxy Printing,"World's No.1 Motorcycle Mechanic Mug: a smile with every cuppa. Sublimation printed, so the design is part of the glaze. Add it to your basket today."
worlds-best-mover,World's No.1 Mover Mug | Foxy Printing,World's No.1 Mover Mug: a cheerful gift for home or the office. An 11oz white ceramic mug that's dishwasher and microwave safe. Order yours today.
worlds-best-movie-director-or-theatre-director,World's No.1 Movie Director or Theatre Director Mug,World's No.1 Movie Director or Theatre Director Mug: a smile with every cuppa. An 11oz white ceramic mug that's dishwasher and microwave safe. Order today.
worlds-best-mugs,World's No.1 Mugs Mug | Foxy Printing,World's No.1 Mugs Mug: a smile with every cuppa. An 11oz white ceramic mug that's dishwasher and microwave safe. Order now and make their day.
worlds-best-multi-media-artist,World's No.1 Multi Media Artist Mug | Foxy Printing,"World's No.1 Multi Media Artist Mug: a fun gift for any tea or coffee lover. Sublimation printed, so the design is part of the glaze. Order yours today."
worlds-best-multimedia-programmer,World's No.1 Multimedia Programmer Mug | Foxy Printing,World's No.1 Multimedia Programmer Mug: a cheerful gift for home or the office. Dishwasher and microwave safe. Order now and make their day.
worlds-best-multimedia-specialist,World's No.1 Multimedia Specialist Mug | Foxy Printing,World's No.1 Multimedia Specialist Mug: a mug that brightens every brew. Dishwasher and microwave safe. Made in North Yorkshire. Order today.
worlds-best-multiple-machine-tool-setter,World's No.1 Multiple Machine Tool Setter Mug,World's No.1 Multiple Machine Tool Setter Mug: a fun gift for any tea or coffee lover. Dishwasher and microwave safe. Order now and make their day.
worlds-best-municipal-clerk,World's No.1 Municipal Clerk Mug | Foxy Printing,"World's No.1 Municipal Clerk Mug: a mug that brightens every brew. Sublimation printed, so the design is part of the glaze. Order yours today."
worlds-best-municipal-court-clerk,World's No.1 Municipal Court Clerk Mug | Foxy Printing,"World's No.1 Municipal Court Clerk Mug: a mug that brightens every brew. Sublimation printed, so the design is part of the glaze. Treat them today."
worlds-best-municipal-fire-fighter,World's No.1 Municipal Fire Fighter Mug | Foxy Printing,"World's No.1 Municipal Fire Fighter Mug: a mug that brightens every brew. Sublimation printed, so the design is part of the glaze. Treat them today."
worlds-best-municipal-fire-fighting-supervisor,World's No.1 Municipal Fire Fighting Supervisor Mug,World's No.1 Municipal Fire Fighting Supervisor Mug: a mug that brightens every brew. Dishwasher and microwave safe. Add it to your basket today.
worlds-best-museum-conservator,World's No.1 Museum Conservator Mug | Foxy Printing,World's No.1 Museum Conservator Mug: a mug that brightens every brew. Dishwasher and microwave safe. A great gift idea. Order now and make their day.
worlds-best-museum-education-officer,World's No.1 Museum Education Officer Mug | Foxy Printing,"World's No.1 Museum Education Officer Mug: a mug that brightens every brew. Sublimation printed, so the design is part of the glaze. Order today."
worlds-best-music-arranger-and-orchestrator,World's No.1 Music Arranger and Orchestrator Mug,"World's No.1 Music Arranger and Orchestrator Mug: a fun gift for any tea or coffee lover. 11oz ceramic, dishwasher safe. Add it to your basket today."
worlds-best-music-composer,World's No.1 Music Composer Mug | Foxy Printing,"World's No.1 Music Composer Mug: a mug that brightens every brew. Printed on an 11oz glossy ceramic mug, safe in the dishwasher and microwave. Order today."
worlds-best-music-director,World's No.1 Music Director Mug | Foxy Printing,"World's No.1 Music Director Mug: a fun gift for any tea or coffee lover. Sublimation printed, so the design is part of the glaze. Order today."
worlds-best-music-therapist,World's No.1 Music Therapist Mug | Foxy Printing,"World's No.1 Music Therapist Mug: a fun gift for any tea or coffee lover. 11oz ceramic, dishwasher safe. A great gift idea. Add it to your basket today."
worlds-best-musical-instrument-tuner,World's No.1 Musical Instrument Tuner Mug | Foxy Printing,"World's No.1 Musical Instrument Tuner Mug: a smile with every cuppa. 11oz ceramic, dishwasher safe. Made in North Yorkshire. Treat them today."
worlds-best-musician,World's No.1 Musician Mug | Foxy Printing,"World's No.1 Musician Mug: a mug that brightens every brew. Sublimation printed, so the design is part of the glaze. Order now and make their day."
worlds-best-natural-sciences-manager,World's No.1 Natural Sciences Manager Mug | Foxy Printing,"World's No.1 Natural Sciences Manager Mug: a fun gift for any tea or coffee lover. 11oz ceramic, dishwasher safe. Order now and make their day."
worlds-best-nature-conservation-officer,World's No.1 Nature Conservation Officer Mug | Foxy Printing,"World's No.1 Nature Conservation Officer Mug: a fun gift for any tea or coffee lover. Sublimation printed, so the design is part of the glaze. Order today."
worlds-best-naval-architect,World's No.1 Naval Architect Mug | Foxy Printing,World's No.1 Naval Architect Mug: a fun gift for any tea or coffee lover. Dishwasher and microwave safe. A great gift idea. Order now and make their day.
worlds-best-network-admin,World's No.1 Network Admin Mug | Foxy Printing,"World's No.1 Network Admin Mug: a mug that brightens every brew. Printed on an 11oz glossy ceramic mug, safe in the dishwasher and microwave. Order today."
worlds-best-network-administrator,World's No.1 Network Administrator Mug | Foxy Printing,"World's No.1 Network Administrator Mug: a fun gift for any tea or coffee lover. 11oz ceramic, dishwasher safe. Order now and make their day."
worlds-best-network-systems-analyst,World's No.1 Network Systems Analyst Mug | Foxy Printing,World's No.1 Network Systems Analyst Mug: a cheerful gift for home or the office. Dishwasher and microwave safe. Add it to your basket today.
worlds-best-new-accounts-clerk,World's No.1 New Accounts Clerk Mug | Foxy Printing,World's No.1 New Accounts Clerk Mug: a fun gift for any tea or coffee lover. An 11oz white ceramic mug that's dishwasher and microwave safe. Order today.
worlds-best-night-security-guard,World's No.1 Night Security Guard Mug | Foxy Printing,"World's No.1 Night Security Guard Mug: a smile with every cuppa. Printed on an 11oz glossy ceramic mug, safe in the dishwasher and microwave. Order today."
worlds-best-night-shift,World's No.1 Night Shift Mug | Foxy Printing,"World's No.1 Night Shift Mug: a fun gift for any tea or coffee lover. Sublimation printed, so the design is part of the glaze. Add it to your basket today."
worlds-best-nonfarm-animal-caretaker,World's No.1 Nonfarm Animal Caretaker Mug | Foxy Printing,World's No.1 Nonfarm Animal Caretaker Mug: a mug that brightens every brew. An 11oz white ceramic mug that's dishwasher and microwave safe. Order today.
worlds-best-nuclear-engineer,World's No.1 Nuclear Engineer Mug | Foxy Printing,"World's No.1 Nuclear Engineer Mug: a fun gift for any tea or coffee lover. Sublimation printed, so the design is part of the glaze. Order yours today."
worlds-best-nuclear-equipment-operation-technician,World's No.1 Nuclear Equipment Operation Technician Mug,"World's No.1 Nuclear Equipment Operation Technician Mug: a smile with every cuppa. Sublimation printed, so the design is part of the glaze. Order today."
worlds-best-nuclear-medicine-technologist,World's No.1 Nuclear Medicine Technologist Mug,World's No.1 Nuclear Medicine Technologist Mug: a fun gift for any tea or coffee lover. Dishwasher and microwave safe. Order now and make their day.
worlds-best-nuclear-monitoring-technician,World's No.1 Nuclear Monitoring Technician Mug,"World's No.1 Nuclear Monitoring Technician Mug: a mug that brightens every brew. Sublimation printed, so the design is part of the glaze. Order today."
worlds-best-nuclear-power-reactor-operator,World's No.1 Nuclear Power Reactor Operator Mug,World's No.1 Nuclear Power Reactor Operator Mug: a cheerful gift for home or the office. Dishwasher and microwave safe. Order now and make their day.
worlds-best-nuclear-technician,World's No.1 Nuclear Technician Mug | Foxy Printing,"World's No.1 Nuclear Technician Mug: a cheerful gift for home or the office. 11oz ceramic, dishwasher safe. Made in North Yorkshire. Order yours today."
worlds-best-numerical-control-machine-tool-operator,World's No.1 Numerical Control Machine Tool Operator Mug,World's No.1 Numerical Control Machine Tool Operator Mug: a cheerful gift for home or the office. Dishwasher and microwave safe. Order today.
worlds-best-numerical-tool-programmer,World's No.1 Numerical Tool Programmer Mug | Foxy Printing,"World's No.1 Numerical Tool Programmer Mug: a mug that brightens every brew. 11oz ceramic, dishwasher safe. A great gift idea. Order yours today."
worlds-best-nurse,World's No.1 Nurse Mug | Foxy Printing,"World's No.1 Nurse Mug: a fun gift for any tea or coffee lover. Printed on an 11oz glossy ceramic mug, safe in the dishwasher and microwave. Order today."
worlds-best-nursery-manager,World's No.1 Nursery Manager Mug | Foxy Printing,World's No.1 Nursery Manager Mug: a cheerful gift for home or the office. An 11oz white ceramic mug that's dishwasher and microwave safe. Order today.
worlds-best-nursery-worker,World's No.1 Nursery Worker Mug | Foxy Printing,"World's No.1 Nursery Worker Mug: a mug that brightens every brew. Printed on an 11oz glossy ceramic mug, safe in the dishwasher and microwave. Order today."
worlds-best-nursing-aide,World's No.1 Nursing Aide Mug | Foxy Printing,World's No.1 Nursing Aide Mug: a fun gift for any tea or coffee lover. Dishwasher and microwave safe. Made in North Yorkshire. Order yours today.
worlds-best-nursing-instructor,World's No.1 Nursing Instructor Mug | Foxy Printing,"World's No.1 Nursing Instructor Mug: a fun gift for any tea or coffee lover. Sublimation printed, so the design is part of the glaze. Order yours today."
worlds-best-nutritional-therapist,World's No.1 Nutritional Therapist Mug | Foxy Printing,"World's No.1 Nutritional Therapist Mug: a smile with every cuppa. 11oz ceramic, dishwasher safe. Made in North Yorkshire. Add it to your basket today."
worlds-best-nutritionist,World's No.1 Nutritionist Mug | Foxy Printing,"World's No.1 Nutritionist Mug: a smile with every cuppa. 11oz ceramic, dishwasher safe. Made in North Yorkshire. Add it to your basket today."
worlds-best-obstetrician,World's No.1 Obstetrician Mug | Foxy Printing,"World's No.1 Obstetrician Mug: a mug that brightens every brew. Sublimation printed, so the design is part of the glaze. Order now and make their day."
worlds-best-occupational-health-safety-specialist,World's No.1 Occupational Health Safety Specialist Mug,World's No.1 Occupational Health Safety Specialist Mug: a smile with every cuppa. Dishwasher and microwave safe. Add it to your basket today.
worlds-best-occupational-health-safety-technician,World's No.1 Occupational Health Safety Technician Mug,"World's No.1 Occupational Health Safety Technician Mug: a mug that brightens every brew. 11oz ceramic, dishwasher safe. Add it to your basket today."
worlds-best-occupational-therapist,World's No.1 Occupational Therapist Mug | Foxy Printing,World's No.1 Occupational Therapist Mug: a smile with every cuppa. Dishwasher and microwave safe. Made in North Yorkshire. Order yours today.
worlds-best-occupational-therapist-aide,World's No.1 Occupational Therapist Aide Mug | Foxy Printing,World's No.1 Occupational Therapist Aide Mug: a smile with every cuppa. Dishwasher and microwave safe. A great gift idea. Order yours today.
worlds-best-occupational-therapist-assistant,World's No.1 Occupational Therapist Assistant Mug,"World's No.1 Occupational Therapist Assistant Mug: a smile with every cuppa. Sublimation printed, so the design is part of the glaze. Order yours today."
worlds-best-oceanographer,World's No.1 Oceanographer Mug | Foxy Printing,World's No.1 Oceanographer Mug: a fun gift for any tea or coffee lover. Dishwasher and microwave safe. Made in North Yorkshire. Order yours today.
worlds-best-office-and-administrative-support-worker,World's No.1 Office and Administrative Support Worker Mug,"World's No.1 Office and Administrative Support Worker Mug: a smile with every cuppa. Sublimation printed, so the design is part of the glaze. Order today."
worlds-best-office-clerk,World's No.1 Office Clerk Mug | Foxy Printing,"World's No.1 Office Clerk Mug: a mug that brightens every brew. Printed on an 11oz glossy ceramic mug, safe in the dishwasher and microwave. Order today."
worlds-best-office-machine-and-cash-register-servicer,World's No.1 Office Machine and Cash Register Servicer Mug,World's No.1 Office Machine and Cash Register Servicer Mug: a cheerful gift for home or the office. Dishwasher and microwave safe. Order today.
worlds-best-office-machine-operator,World's No.1 Office Machine Operator Mug | Foxy Printing,World's No.1 Office Machine Operator Mug: a mug that brightens every brew. An 11oz white ceramic mug that's dishwasher and microwave safe. Order today.
worlds-best-office-manager,World's No.1 Office Manager Mug | Foxy Printing,World's No.1 Office Manager Mug: a fun gift for any tea or coffee lover. Dishwasher and microwave safe. A great gift idea. Add it to your basket today.
worlds-best-offset-lithographic-press-operator,World's No.1 Offset Lithographic Press Operator Mug,World's No.1 Offset Lithographic Press Operator Mug: a smile with every cuppa. An 11oz white ceramic mug that's dishwasher and microwave safe. Order today.
worlds-best-oil-and-gas-operator,World's No.1 Oil and Gas Operator Mug | Foxy Printing,"World's No.1 Oil and Gas Operator Mug: a smile with every cuppa. 11oz ceramic, dishwasher safe. Made in North Yorkshire. Add it to your basket today."
worlds-best-oil-service-unit-operator,World's No.1 Oil Service Unit Operator Mug | Foxy Printing,World's No.1 Oil Service Unit Operator Mug: a mug that brightens every brew. Dishwasher and microwave safe. A great gift idea. Treat them today.
worlds-best-online-marketing-analyst,World's No.1 Online Marketing Analyst Mug | Foxy Printing,"World's No.1 Online Marketing Analyst Mug: a fun gift for any tea or coffee lover. 11oz ceramic, dishwasher safe. Order now and make their day."
worlds-best-operating-engineer,World's No.1 Operating Engineer Mug | Foxy Printing,World's No.1 Operating Engineer Mug: a smile with every cuppa. Dishwasher and microwave safe. A great gift idea. Order now and make their day.
worlds-best-operational-researcher,World's No.1 Operational Researcher Mug | Foxy Printing,World's No.1 Operational Researcher Mug: a mug that brightens every brew. Dishwasher and microwave safe. Made in North Yorkshire. Treat them today.
worlds-best-operations-research-analyst,World's No.1 Operations Research Analyst Mug | Foxy Printing,"World's No.1 Operations Research Analyst Mug: a cheerful gift for home or the office. 11oz ceramic, dishwasher safe. Order now and make their day."
worlds-best-ophthalmic-laboratory-technician,World's No.1 Ophthalmic Laboratory Technician Mug,World's No.1 Ophthalmic Laboratory Technician Mug: a smile with every cuppa. An 11oz white ceramic mug that's dishwasher and microwave safe. Order today.
worlds-best-optical-instrument-assembler,World's No.1 Optical Instrument Assembler Mug,"World's No.1 Optical Instrument Assembler Mug: a smile with every cuppa. Sublimation printed, so the design is part of the glaze. Treat them today."
worlds-best-optician,World's No.1 Optician Mug | Foxy Printing,"World's No.1 Optician Mug: a smile with every cuppa. Printed on an 11oz glossy ceramic mug, safe in the dishwasher and microwave. Order today."
worlds-best-optometrist,World's No.1 Optometrist Mug | Foxy Printing,"World's No.1 Optometrist Mug: a cheerful gift for home or the office. Sublimation printed, so the design is part of the glaze. Order yours today."
worlds-best-oral-surgeon,World's No.1 Oral Surgeon Mug | Foxy Printing,World's No.1 Oral Surgeon Mug: a smile with every cuppa. An 11oz white ceramic mug that's dishwasher and microwave safe. Order now and make their day.
worlds-best-order-clerk,World's No.1 Order Clerk Mug | Foxy Printing,"World's No.1 Order Clerk Mug: a smile with every cuppa. Printed on an 11oz glossy ceramic mug, safe in the dishwasher and microwave. Order today."
worlds-best-order-filler,World's No.1 Order Filler Mug | Foxy Printing,"World's No.1 Order Filler Mug: a cheerful gift for home or the office. Sublimation printed, so the design is part of the glaze. Order yours today."
worlds-best-organizational-development-manager,World's No.1 Organizational Development Manager Mug,World's No.1 Organizational Development Manager Mug: a smile with every cuppa. Dishwasher and microwave safe. Made in North Yorkshire. Order yours today.
worlds-best-orthodontist,World's No.1 Orthodontist Mug | Foxy Printing,"World's No.1 Orthodontist Mug: a mug that brightens every brew. 11oz ceramic, dishwasher safe. Made in North Yorkshire. Add it to your basket today."
worlds-best-orthoptist,World's No.1 Orthoptist Mug | Foxy Printing,World's No.1 Orthoptist Mug: a fun gift for any tea or coffee lover. An 11oz white ceramic mug that's dishwasher and microwave safe. Order yours today.
worlds-best-orthotist,World's No.1 Orthotist Mug | Foxy Printing,"World's No.1 Orthotist Mug: a cheerful gift for home or the office. Sublimation printed, so the design is part of the glaze. Order yours today."
worlds-best-outdoor-power-equipment-mechanic,World's No.1 Outdoor Power Equipment Mechanic Mug,World's No.1 Outdoor Power Equipment Mechanic Mug: a cheerful gift for home or the office. Dishwasher and microwave safe. Order now and make their day.
worlds-best-outdoor-pursuits-manager,World's No.1 Outdoor Pursuits Manager Mug | Foxy Printing,"World's No.1 Outdoor Pursuits Manager Mug: a mug that brightens every brew. 11oz ceramic, dishwasher safe. Made in North Yorkshire. Treat them today."
worlds-best-packaging-machine-operator,World's No.1 Packaging Machine Operator Mug | Foxy Printing,"World's No.1 Packaging Machine Operator Mug: a mug that brightens every brew. 11oz ceramic, dishwasher safe. Made in North Yorkshire. Order yours today."
worlds-best-packaging-technologist,World's No.1 Packaging Technologist Mug | Foxy Printing,"World's No.1 Packaging Technologist Mug: a smile with every cuppa. 11oz ceramic, dishwasher safe. Made in North Yorkshire. Add it to your basket today."
worlds-best-packer-and-packager,World's No.1 Packer and Packager Mug | Foxy Printing,World's No.1 Packer and Packager Mug: a smile with every cuppa. An 11oz white ceramic mug that's dishwasher and microwave safe. Treat them today.
worlds-best-paediatric-nurse,World's No.1 Paediatric Nurse Mug | Foxy Printing,World's No.1 Paediatric Nurse Mug: a smile with every cuppa. An 11oz white ceramic mug that's dishwasher and microwave safe. Treat them today.
worlds-best-painter,World's No.1 Painter Mug | Foxy Printing,World's No.1 Painter Mug: a mug that brightens every brew. Dishwasher and microwave safe. Made in North Yorkshire. Add it to your basket today.
worlds-best-painter-and-illustrator,World's No.1 Painter and Illustrator Mug | Foxy Printing,"World's No.1 Painter and Illustrator Mug: a smile with every cuppa. 11oz ceramic, dishwasher safe. Made in North Yorkshire. Order now and make their day."
worlds-best-painting-machine-operator,World's No.1 Painting Machine Operator Mug | Foxy Printing,"World's No.1 Painting Machine Operator Mug: a smile with every cuppa. 11oz ceramic, dishwasher safe. A great gift idea. Add it to your basket today."
worlds-best-pantograph-engraver,World's No.1 Pantograph Engraver Mug | Foxy Printing,World's No.1 Pantograph Engraver Mug: a mug that brightens every brew. Dishwasher and microwave safe. A great gift idea. Add it to your basket today.
worlds-best-paper-goods-machine-operator,World's No.1 Paper Goods Machine Operator Mug,"World's No.1 Paper Goods Machine Operator Mug: a smile with every cuppa. Sublimation printed, so the design is part of the glaze. Order today."
worlds-best-paperhanger,World's No.1 Paperhanger Mug | Foxy Printing,World's No.1 Paperhanger Mug: a cheerful gift for home or the office. An 11oz white ceramic mug that's dishwasher and microwave safe. Order yours today.
worlds-best-paralegal,World's No.1 Paralegal Mug | Foxy Printing,World's No.1 Paralegal Mug: a smile with every cuppa. An 11oz white ceramic mug that's dishwasher and microwave safe. Order now and make their day.
worlds-best-paramedic,World's No.1 Paramedic Mug | Foxy Printing,"World's No.1 Paramedic Mug: a fun gift for any tea or coffee lover. Sublimation printed, so the design is part of the glaze. Add it to your basket today."
worlds-best-park-naturalist,World's No.1 Park Naturalist Mug | Foxy Printing,"World's No.1 Park Naturalist Mug: a fun gift for any tea or coffee lover. Sublimation printed, so the design is part of the glaze. Treat them today."
worlds-best-parking-enforcement-worker,World's No.1 Parking Enforcement Worker Mug | Foxy Printing,"World's No.1 Parking Enforcement Worker Mug: a cheerful gift for home or the office. Sublimation printed, so the design is part of the glaze. Order today."
worlds-best-parking-lot-attendant,World's No.1 Parking Lot Attendant Mug | Foxy Printing,World's No.1 Parking Lot Attendant Mug: a smile with every cuppa. An 11oz white ceramic mug that's dishwasher and microwave safe. Treat them today.
worlds-best-parts-salesperson,World's No.1 Parts Salesperson Mug | Foxy Printing,"World's No.1 Parts Salesperson Mug: a smile with every cuppa. Sublimation printed, so the design is part of the glaze. Order now and make their day."
worlds-best-paste-up-worker,World's No.1 Paste Up Worker Mug | Foxy Printing,World's No.1 Paste Up Worker Mug: a mug that brightens every brew. An 11oz white ceramic mug that's dishwasher and microwave safe. Treat them today.
worlds-best-pastry-chef,World's No.1 Pastry Chef Mug | Foxy Printing,"World's No.1 Pastry Chef Mug: a cheerful gift for home or the office. Sublimation printed, so the design is part of the glaze. Add it to your basket today."
worlds-best-patent-attorney,World's No.1 Patent Attorney Mug | Foxy Printing,"World's No.1 Patent Attorney Mug: a smile with every cuppa. Printed on an 11oz glossy ceramic mug, safe in the dishwasher and microwave. Order yours today."
worlds-best-patent-examiner,World's No.1 Patent Examiner Mug | Foxy Printing,"World's No.1 Patent Examiner Mug: a smile with every cuppa. Sublimation printed, so the design is part of the glaze. Order now and make their day."
worlds-best-patrol-officer,World's No.1 Patrol Officer Mug | Foxy Printing,World's No.1 Patrol Officer Mug: a smile with every cuppa. An 11oz white ceramic mug that's dishwasher and microwave safe. Order now and make their day.
worlds-best-patternmaker,World's No.1 Patternmaker Mug | Foxy Printing,"World's No.1 Patternmaker Mug: a cheerful gift for home or the office. 11oz ceramic, dishwasher safe. Made in North Yorkshire. Treat them today."
worlds-best-paving-equipment-operator,World's No.1 Paving Equipment Operator Mug | Foxy Printing,"World's No.1 Paving Equipment Operator Mug: a fun gift for any tea or coffee lover. Sublimation printed, so the design is part of the glaze. Order today."
worlds-best-payroll-clerk,World's No.1 Payroll Clerk Mug | Foxy Printing,World's No.1 Payroll Clerk Mug: a cheerful gift for home or the office. Dishwasher and microwave safe. Made in North Yorkshire. Order yours today.
worlds-best-pediatrician,World's No.1 Pediatrician Mug | Foxy Printing,"World's No.1 Pediatrician Mug: a mug that brightens every brew. Sublimation printed, so the design is part of the glaze. Order now and make their day."
worlds-best-pension-scheme-manager,World's No.1 Pension Scheme Manager Mug | Foxy Printing,World's No.1 Pension Scheme Manager Mug: a smile with every cuppa. Dishwasher and microwave safe. Made in North Yorkshire. Order now and make their day.
worlds-best-percussion-instrument-repairer,World's No.1 Percussion Instrument Repairer Mug,World's No.1 Percussion Instrument Repairer Mug: a fun gift for any tea or coffee lover. Dishwasher and microwave safe. Add it to your basket today.
worlds-best-personal-assistant,World's No.1 Personal Assistant Mug | Foxy Printing,World's No.1 Personal Assistant Mug: a fun gift for any tea or coffee lover. An 11oz white ceramic mug that's dishwasher and microwave safe. Order today.
worlds-best-personal-care-worker,World's No.1 Personal Care Worker Mug | Foxy Printing,World's No.1 Personal Care Worker Mug: a mug that brightens every brew. Dishwasher and microwave safe. Made in North Yorkshire. Order yours today.
worlds-best-personal-financial-advisor,World's No.1 Personal Financial Advisor Mug | Foxy Printing,World's No.1 Personal Financial Advisor Mug: a mug that brightens every brew. An 11oz white ceramic mug that's dishwasher and microwave safe. Order today.
worlds-best-personal-home-care-aide,World's No.1 Personal Home Care Aide Mug | Foxy Printing,"World's No.1 Personal Home Care Aide Mug: a fun gift for any tea or coffee lover. Sublimation printed, so the design is part of the glaze. Order today."
worlds-best-personal-service-worker,World's No.1 Personal Service Worker Mug | Foxy Printing,"World's No.1 Personal Service Worker Mug: a mug that brightens every brew. 11oz ceramic, dishwasher safe. Made in North Yorkshire. Order yours today."
worlds-best-personal-trainer,World's No.1 Personal Trainer Mug | Foxy Printing,"World's No.1 Personal Trainer Mug: a cheerful gift for home or the office. Sublimation printed, so the design is part of the glaze. Treat them today."
worlds-best-personnel-officer,World's No.1 Personnel Officer Mug | Foxy Printing,"World's No.1 Personnel Officer Mug: a mug that brightens every brew. Sublimation printed, so the design is part of the glaze. Treat them today."
worlds-best-personnel-recruiter,World's No.1 Personnel Recruiter Mug | Foxy Printing,"World's No.1 Personnel Recruiter Mug: a smile with every cuppa. 11oz ceramic, dishwasher safe. A great gift idea. Add it to your basket today."
worlds-best-pest-control-worker,World's No.1 Pest Control Worker Mug | Foxy Printing,"World's No.1 Pest Control Worker Mug: a fun gift for any tea or coffee lover. Sublimation printed, so the design is part of the glaze. Order yours today."
worlds-best-pesticide-sprayer,World's No.1 Pesticide Sprayer Mug | Foxy Printing,"World's No.1 Pesticide Sprayer Mug: a mug that brightens every brew. 11oz ceramic, dishwasher safe. Made in North Yorkshire. Order now and make their day."
worlds-best-petroleum-engineer,World's No.1 Petroleum Engineer Mug | Foxy Printing,"World's No.1 Petroleum Engineer Mug: a mug that brightens every brew. 11oz ceramic, dishwasher safe. Made in North Yorkshire. Order yours today."
worlds-best-petroleum-pump-operator,World's No.1 Petroleum Pump Operator Mug | Foxy Printing,World's No.1 Petroleum Pump Operator Mug: a smile with every cuppa. Dishwasher and microwave safe. A great gift idea. Order now and make their day.
worlds-best-petroleum-pump-system-operator,World's No.1 Petroleum Pump System Operator Mug,World's No.1 Petroleum Pump System Operator Mug: a mug that brightens every brew. Dishwasher and microwave safe. Add it to your basket today.
worlds-best-petroleum-technician,World's No.1 Petroleum Technician Mug | Foxy Printing,World's No.1 Petroleum Technician Mug: a mug that brightens every brew. Dishwasher and microwave safe. Made in North Yorkshire. Order yours today.
worlds-best-pewter-caster,World's No.1 Pewter Caster Mug | Foxy Printing,"World's No.1 Pewter Caster Mug: a fun gift for any tea or coffee lover. 11oz ceramic, dishwasher safe. Made in North Yorkshire. Treat them today."
worlds-best-pharmaceutical-sales-representative,World's No.1 Pharmaceutical Sales Representative Mug,World's No.1 Pharmaceutical Sales Representative Mug: a mug that brightens every brew. Dishwasher and microwave safe. Add it to your basket today.
worlds-best-pharmacist,World's No.1 Pharmacist Mug | Foxy Printing,"World's No.1 Pharmacist Mug: a cheerful gift for home or the office. Sublimation printed, so the design is part of the glaze. Order now and make their day."
worlds-best-pharmacologist,World's No.1 Pharmacologist Mug | Foxy Printing,World's No.1 Pharmacologist Mug: a mug that brightens every brew. An 11oz white ceramic mug that's dishwasher and microwave safe. Order yours today.
worlds-best-pharmacy-aide,World's No.1 Pharmacy Aide Mug | Foxy Printing,"World's No.1 Pharmacy Aide Mug: a cheerful gift for home or the office. 11oz ceramic, dishwasher safe. Made in North Yorkshire. Order today."
worlds-best-pharmacy-technician,World's No.1 Pharmacy Technician Mug | Foxy Printing,"World's No.1 Pharmacy Technician Mug: a smile with every cuppa. Printed on an 11oz glossy ceramic mug, safe in the dishwasher and microwave. Order today."
worlds-best-philosophy-and-religion-teacher,World's No.1 Philosophy and Religion Teacher Mug,World's No.1 Philosophy and Religion Teacher Mug: a smile with every cuppa. An 11oz white ceramic mug that's dishwasher and microwave safe. Order today.
worlds-best-photoengraver,World's No.1 Photoengraver Mug | Foxy Printing,World's No.1 Photoengraver Mug: a smile with every cuppa. An 11oz white ceramic mug that's dishwasher and microwave safe. Order now and make their day.
worlds-best-photoengraving-machine-operator,World's No.1 Photoengraving Machine Operator Mug,"World's No.1 Photoengraving Machine Operator Mug: a mug that brightens every brew. Sublimation printed, so the design is part of the glaze. Order today."
worlds-best-photographer,World's No.1 Photographer Mug | Foxy Printing,World's No.1 Photographer Mug: a fun gift for any tea or coffee lover. An 11oz white ceramic mug that's dishwasher and microwave safe. Order yours today.
worlds-best-photographic-developer,World's No.1 Photographic Developer Mug | Foxy Printing,World's No.1 Photographic Developer Mug: a mug that brightens every brew. An 11oz white ceramic mug that's dishwasher and microwave safe. Treat them today.
worlds-best-photographic-process-worker,World's No.1 Photographic Process Worker Mug | Foxy Printing,World's No.1 Photographic Process Worker Mug: a cheerful gift for home or the office. Dishwasher and microwave safe. Add it to your basket today.
worlds-best-photographic-processing-machine-operator,World's No.1 Photographic Processing Machine Operator Mug,"World's No.1 Photographic Processing Machine Operator Mug: a smile with every cuppa. Sublimation printed, so the design is part of the glaze. Order today."
worlds-best-photographic-reproduction-technician,World's No.1 Photographic Reproduction Technician Mug,"World's No.1 Photographic Reproduction Technician Mug: a smile with every cuppa. Sublimation printed, so the design is part of the glaze. Order today."
worlds-best-photographic-restorer,World's No.1 Photographic Restorer Mug | Foxy Printing,"World's No.1 Photographic Restorer Mug: a smile with every cuppa. Printed on an 11oz glossy ceramic mug, safe in the dishwasher and microwave. Order today."
worlds-best-physical-scientist,World's No.1 Physical Scientist Mug | Foxy Printing,"World's No.1 Physical Scientist Mug: a mug that brightens every brew. 11oz ceramic, dishwasher safe. Made in North Yorkshire. Order yours today."
worlds-best-physical-therapist,World's No.1 Physical Therapist Mug | Foxy Printing,"World's No.1 Physical Therapist Mug: a smile with every cuppa. Printed on an 11oz glossy ceramic mug, safe in the dishwasher and microwave. Order today."
worlds-best-physical-therapist-aide,World's No.1 Physical Therapist Aide Mug | Foxy Printing,World's No.1 Physical Therapist Aide Mug: a cheerful gift for home or the office. Dishwasher and microwave safe. Order now and make their day.
worlds-best-physical-therapist-assistant,World's No.1 Physical Therapist Assistant Mug,"World's No.1 Physical Therapist Assistant Mug: a cheerful gift for home or the office. 11oz ceramic, dishwasher safe. Add it to your basket today."
worlds-best-physician,World's No.1 Physician Mug | Foxy Printing,World's No.1 Physician Mug: a smile with every cuppa. An 11oz white ceramic mug that's dishwasher and microwave safe. Order now and make their day.
worlds-best-physician-assistant,World's No.1 Physician Assistant Mug | Foxy Printing,"World's No.1 Physician Assistant Mug: a cheerful gift for home or the office. Sublimation printed, so the design is part of the glaze. Order today."
worlds-best-physicist,World's No.1 Physicist Mug | Foxy Printing,"World's No.1 Physicist Mug: a fun gift for any tea or coffee lover. Sublimation printed, so the design is part of the glaze. Treat them today."
worlds-best-physics-teacher,World's No.1 Physics Teacher Mug | Foxy Printing,"World's No.1 Physics Teacher Mug: a cheerful gift for home or the office. 11oz ceramic, dishwasher safe. A great gift idea. Treat them today."
worlds-best-physiotherapist,World's No.1 Physiotherapist Mug | Foxy Printing,World's No.1 Physiotherapist Mug: a fun gift for any tea or coffee lover. Dishwasher and microwave safe. A great gift idea. Treat them today.
worlds-best-picture-researcher,World's No.1 Picture Researcher Mug | Foxy Printing,"World's No.1 Picture Researcher Mug: a fun gift for any tea or coffee lover. Sublimation printed, so the design is part of the glaze. Order yours today."
worlds-best-pile-driver-operator,World's No.1 Pile Driver Operator Mug | Foxy Printing,World's No.1 Pile Driver Operator Mug: a cheerful gift for home or the office. Dishwasher and microwave safe. Made in North Yorkshire. Treat them today.
worlds-best-pipe-fitter,World's No.1 Pipe Fitter Mug | Foxy Printing,"World's No.1 Pipe Fitter Mug: a mug that brightens every brew. 11oz ceramic, dishwasher safe. Made in North Yorkshire. Order now and make their day."
worlds-best-pipe-layer-funny-rude-ceramic-mug-gift,World's No.1 Pipe Layer – Funny Rude Ceramic Gift Mug,"A naughty-but-nice printed mug for adults with a sense of humour. 11oz ceramic, dishwasher safe. Made in North Yorkshire. Order yours today."
worlds-best-pipefitter,World's No.1 Pipefitter Mug | Foxy Printing,World's No.1 Pipefitter Mug: a smile with every cuppa. Dishwasher and microwave safe. Made in North Yorkshire. Order now and make their day.
worlds-best-pipelayer,World's No.1 Pipelayer Mug | Foxy Printing,World's No.1 Pipelayer Mug: a mug that brightens every brew. An 11oz white ceramic mug that's dishwasher and microwave safe. Order yours today.
worlds-best-pipelaying-fitter,World's No.1 Pipelaying Fitter Mug | Foxy Printing,"World's No.1 Pipelaying Fitter Mug: a smile with every cuppa. Printed on an 11oz glossy ceramic mug, safe in the dishwasher and microwave. Order today."
worlds-best-planning-surveyor,World's No.1 Planning Surveyor Mug | Foxy Printing,World's No.1 Planning Surveyor Mug: a mug that brightens every brew. An 11oz white ceramic mug that's dishwasher and microwave safe. Treat them today.
worlds-best-planning-technician,World's No.1 Planning Technician Mug | Foxy Printing,"World's No.1 Planning Technician Mug: a fun gift for any tea or coffee lover. Sublimation printed, so the design is part of the glaze. Order yours today."
worlds-best-plant-and-system-operator,World's No.1 Plant and System Operator Mug | Foxy Printing,"World's No.1 Plant and System Operator Mug: a fun gift for any tea or coffee lover. Sublimation printed, so the design is part of the glaze. Order today."
worlds-best-plant-breeder,World's No.1 Plant Breeder Mug | Foxy Printing,"World's No.1 Plant Breeder Mug: a fun gift for any tea or coffee lover. 11oz ceramic, dishwasher safe. Made in North Yorkshire. Order today."
worlds-best-plant-scientist,World's No.1 Plant Scientist Mug | Foxy Printing,World's No.1 Plant Scientist Mug: a cheerful gift for home or the office. Dishwasher and microwave safe. A great gift idea. Add it to your basket today.
worlds-best-plasterer,World's No.1 Plasterer Mug | Foxy Printing,"World's No.1 Plasterer Mug: a smile with every cuppa. Sublimation printed, so the design is part of the glaze. Order now and make their day."
worlds-best-plastic-molding-machine-operator,World's No.1 Plastic Molding Machine Operator Mug,"World's No.1 Plastic Molding Machine Operator Mug: a mug that brightens every brew. Sublimation printed, so the design is part of the glaze. Order today."
worlds-best-plate-finisher,World's No.1 Plate Finisher Mug | Foxy Printing,"World's No.1 Plate Finisher Mug: a cheerful gift for home or the office. Sublimation printed, so the design is part of the glaze. Order yours today."
worlds-best-platemaker,World's No.1 Platemaker Mug | Foxy Printing,World's No.1 Platemaker Mug: a cheerful gift for home or the office. An 11oz white ceramic mug that's dishwasher and microwave safe. Treat them today.
worlds-best-plating-machine-operator,World's No.1 Plating Machine Operator Mug | Foxy Printing,"World's No.1 Plating Machine Operator Mug: a mug that brightens every brew. Sublimation printed, so the design is part of the glaze. Treat them today."
worlds-best-plating-operator,World's No.1 Plating Operator Mug | Foxy Printing,World's No.1 Plating Operator Mug: a cheerful gift for home or the office. An 11oz white ceramic mug that's dishwasher and microwave safe. Order today.
worlds-best-plumber,World's No.1 Plumber Mug | Foxy Printing,"World's No.1 Plumber Mug: a fun gift for any tea or coffee lover. 11oz ceramic, dishwasher safe. Made in North Yorkshire. Order now and make their day."
worlds-best-podiatrist,World's No.1 Podiatrist Mug | Foxy Printing,"World's No.1 Podiatrist Mug: a fun gift for any tea or coffee lover. Sublimation printed, so the design is part of the glaze. Add it to your basket today."
worlds-best-poet,World's No.1 Poet Mug | Foxy Printing,World's No.1 Poet Mug: a fun gift for any tea or coffee lover. Dishwasher and microwave safe. A great gift idea. Order now and make their day.
worlds-best-police-and-sheriffs-patrol-officer,World's No.1 Police and Sheriffs Patrol Officer Mug,"World's No.1 Police and Sheriffs Patrol Officer Mug: a smile with every cuppa. 11oz ceramic, dishwasher safe. A great gift idea. Order yours today."
worlds-best-police-detective,World's No.1 Police Detective Mug | Foxy Printing,"World's No.1 Police Detective Mug: a smile with every cuppa. Printed on an 11oz glossy ceramic mug, safe in the dishwasher and microwave. Order today."
worlds-best-police-identification,World's No.1 Police Identification Mug | Foxy Printing,World's No.1 Police Identification Mug: a fun gift for any tea or coffee lover. Dishwasher and microwave safe. Order now and make their day.
worlds-best-police-officer,World's No.1 Police Officer Mug | Foxy Printing,World's No.1 Police Officer Mug: a fun gift for any tea or coffee lover. An 11oz white ceramic mug that's dishwasher and microwave safe. Order today.
worlds-best-political-party-agent,World's No.1 Political Party Agent Mug | Foxy Printing,"World's No.1 Political Party Agent Mug: a cheerful gift for home or the office. Sublimation printed, so the design is part of the glaze. Order yours today."
worlds-best-political-party-research-officer,World's No.1 Political Party Research Officer Mug,World's No.1 Political Party Research Officer Mug: a fun gift for any tea or coffee lover. Dishwasher and microwave safe. Order yours today.
worlds-best-political-science-teacher,World's No.1 Political Science Teacher Mug | Foxy Printing,"World's No.1 Political Science Teacher Mug: a cheerful gift for home or the office. 11oz ceramic, dishwasher safe. Add it to your basket today."
worlds-best-political-scientist,World's No.1 Political Scientist Mug | Foxy Printing,"World's No.1 Political Scientist Mug: a cheerful gift for home or the office. 11oz ceramic, dishwasher safe. Made in North Yorkshire. Order yours today."
worlds-best-portable-power-tool-repairer,World's No.1 Portable Power Tool Repairer Mug,"World's No.1 Portable Power Tool Repairer Mug: a mug that brightens every brew. Sublimation printed, so the design is part of the glaze. Order today."
worlds-best-postal-clerk,World's No.1 Postal Clerk Mug | Foxy Printing,World's No.1 Postal Clerk Mug: a mug that brightens every brew. Dishwasher and microwave safe. Made in North Yorkshire. Add it to your basket today.
worlds-best-postal-service-clerk,World's No.1 Postal Service Clerk Mug | Foxy Printing,"World's No.1 Postal Service Clerk Mug: a cheerful gift for home or the office. Sublimation printed, so the design is part of the glaze. Order yours today."
worlds-best-postal-service-mail-carrier,World's No.1 Postal Service Mail Carrier Mug | Foxy Printing,"World's No.1 Postal Service Mail Carrier Mug: a cheerful gift for home or the office. 11oz ceramic, dishwasher safe. Order now and make their day."
worlds-best-postal-service-mail-sorter,World's No.1 Postal Service Mail Sorter Mug | Foxy Printing,"World's No.1 Postal Service Mail Sorter Mug: a fun gift for any tea or coffee lover. Sublimation printed, so the design is part of the glaze. Order today."
worlds-best-postmaster,World's No.1 Postmaster Mug | Foxy Printing,"World's No.1 Postmaster Mug: a mug that brightens every brew. 11oz ceramic, dishwasher safe. Made in North Yorkshire. Add it to your basket today."
worlds-best-postsecondary-education-administrator,World's No.1 Postsecondary Education Administrator Mug,World's No.1 Postsecondary Education Administrator Mug: a mug that brightens every brew. Dishwasher and microwave safe. Add it to your basket today.
worlds-best-postsecondary-teacher,World's No.1 Postsecondary Teacher Mug | Foxy Printing,World's No.1 Postsecondary Teacher Mug: a cheerful gift for home or the office. Dishwasher and microwave safe. Order now and make their day.
worlds-best-potter,World's No.1 Potter Mug | Foxy Printing,World's No.1 Potter Mug: a cheerful gift for home or the office. Dishwasher and microwave safe. Made in North Yorkshire. Order now and make their day.
worlds-best-poultry-cutter,World's No.1 Poultry Cutter Mug | Foxy Printing,World's No.1 Poultry Cutter Mug: a mug that brightens every brew. An 11oz white ceramic mug that's dishwasher and microwave safe. Treat them today.
worlds-best-power-distributor,World's No.1 Power Distributor Mug | Foxy Printing,"World's No.1 Power Distributor Mug: a mug that brightens every brew. 11oz ceramic, dishwasher safe. Made in North Yorkshire. Order now and make their day."
worlds-best-power-generating-plant-operator,World's No.1 Power Generating Plant Operator Mug,"World's No.1 Power Generating Plant Operator Mug: a mug that brightens every brew. Sublimation printed, so the design is part of the glaze. Order today."
worlds-best-power-plant-operator,World's No.1 Power Plant Operator Mug | Foxy Printing,World's No.1 Power Plant Operator Mug: a mug that brightens every brew. Dishwasher and microwave safe. Made in North Yorkshire. Order yours today.
worlds-best-pr-manager,World's No.1 Pr Manager Mug | Foxy Printing,World's No.1 Pr Manager Mug: a cheerful gift for home or the office. An 11oz white ceramic mug that's dishwasher and microwave safe. Order today.
worlds-best-practice-nurse,World's No.1 Practice Nurse Mug | Foxy Printing,World's No.1 Practice Nurse Mug: a smile with every cuppa. Dishwasher and microwave safe. Made in North Yorkshire. Add it to your basket today.
worlds-best-precious-stone-worker,World's No.1 Precious Stone Worker Mug | Foxy Printing,World's No.1 Precious Stone Worker Mug: a mug that brightens every brew. Dishwasher and microwave safe. A great gift idea. Order now and make their day.
worlds-best-precision-aircraft-systems-assembler,World's No.1 Precision Aircraft Systems Assembler Mug,World's No.1 Precision Aircraft Systems Assembler Mug: a fun gift for any tea or coffee lover. Dishwasher and microwave safe. Add it to your basket today.
worlds-best-precision-devices-inspector,World's No.1 Precision Devices Inspector Mug | Foxy Printing,"World's No.1 Precision Devices Inspector Mug: a smile with every cuppa. Sublimation printed, so the design is part of the glaze. Treat them today."
worlds-best-precision-dyer,World's No.1 Precision Dyer Mug | Foxy Printing,"World's No.1 Precision Dyer Mug: a cheerful gift for home or the office. Sublimation printed, so the design is part of the glaze. Treat them today."
worlds-best-precision-etcher-and-engraver,World's No.1 Precision Etcher and Engraver Mug,World's No.1 Precision Etcher and Engraver Mug: a smile with every cuppa. Dishwasher and microwave safe. A great gift idea. Add it to your basket today.
worlds-best-precision-instrument-repairer,World's No.1 Precision Instrument Repairer Mug,"World's No.1 Precision Instrument Repairer Mug: a cheerful gift for home or the office. 11oz ceramic, dishwasher safe. Order now and make their day."
worlds-best-precision-lens-grinders-and-polisher,World's No.1 Precision Lens Grinders and Polisher Mug,World's No.1 Precision Lens Grinders and Polisher Mug: a fun gift for any tea or coffee lover. Dishwasher and microwave safe. Add it to your basket today.
worlds-best-precision-mold-and-pattern-caster,World's No.1 Precision Mold and Pattern Caster Mug,World's No.1 Precision Mold and Pattern Caster Mug: a fun gift for any tea or coffee lover. Dishwasher and microwave safe. Add it to your basket today.
worlds-best-precision-pattern-and-die-caster,World's No.1 Precision Pattern and Die Caster Mug,World's No.1 Precision Pattern and Die Caster Mug: a cheerful gift for home or the office. Dishwasher and microwave safe. Add it to your basket today.
worlds-best-precision-printing-worker,World's No.1 Precision Printing Worker Mug | Foxy Printing,"World's No.1 Precision Printing Worker Mug: a mug that brightens every brew. Sublimation printed, so the design is part of the glaze. Treat them today."
worlds-best-prepress-technician,World's No.1 Prepress Technician Mug | Foxy Printing,World's No.1 Prepress Technician Mug: a fun gift for any tea or coffee lover. An 11oz white ceramic mug that's dishwasher and microwave safe. Order today.
worlds-best-preschool-education-administrator,World's No.1 Preschool Education Administrator Mug,World's No.1 Preschool Education Administrator Mug: a smile with every cuppa. Dishwasher and microwave safe. Made in North Yorkshire. Order today.
worlds-best-preschool-teacher,World's No.1 Preschool Teacher Mug | Foxy Printing,"World's No.1 Preschool Teacher Mug: a smile with every cuppa. Sublimation printed, so the design is part of the glaze. Order now and make their day."
worlds-best-press-machine-setter-operator,World's No.1 Press Machine Setter – Operator Mug,"World's No.1 Press Machine Setter Operator Mug: a mug that brightens every brew. Sublimation printed, so the design is part of the glaze. Treat them today."
worlds-best-press-photographer,World's No.1 Press Photographer Mug | Foxy Printing,"World's No.1 Press Photographer Mug: a mug that brightens every brew. Sublimation printed, so the design is part of the glaze. Order yours today."
worlds-best-press-sub-editor,World's No.1 Press Sub Editor Mug | Foxy Printing,"World's No.1 Press Sub Editor Mug: a mug that brightens every brew. 11oz ceramic, dishwasher safe. Made in North Yorkshire. Order yours today."
worlds-best-pressing-machine-operator,World's No.1 Pressing Machine Operator Mug | Foxy Printing,"World's No.1 Pressing Machine Operator Mug: a smile with every cuppa. Sublimation printed, so the design is part of the glaze. Add it to your basket today."
worlds-best-pressure-vessel-inspector,World's No.1 Pressure Vessel Inspector Mug | Foxy Printing,"World's No.1 Pressure Vessel Inspector Mug: a fun gift for any tea or coffee lover. Sublimation printed, so the design is part of the glaze. Order today."
worlds-best-printing-machine-operator,World's No.1 Printing Machine Operator Mug | Foxy Printing,"World's No.1 Printing Machine Operator Mug: a fun gift for any tea or coffee lover. Sublimation printed, so the design is part of the glaze. Order today."
worlds-best-printing-press-machine-operator,World's No.1 Printing Press Machine Operator Mug,"World's No.1 Printing Press Machine Operator Mug: a mug that brightens every brew. 11oz ceramic, dishwasher safe. Add it to your basket today."
worlds-best-prison-officer,World's No.1 Prison Officer Mug | Foxy Printing,World's No.1 Prison Officer Mug: a mug that brightens every brew. Dishwasher and microwave safe. Made in North Yorkshire. Add it to your basket today.
worlds-best-private-detective-and-investigator,World's No.1 Private Detective and Investigator Mug,"World's No.1 Private Detective and Investigator Mug: a smile with every cuppa. 11oz ceramic, dishwasher safe. Made in North Yorkshire. Order today."
worlds-best-private-household-cook,World's No.1 Private Household Cook Mug | Foxy Printing,"World's No.1 Private Household Cook Mug: a fun gift for any tea or coffee lover. Sublimation printed, so the design is part of the glaze. Order today."
worlds-best-private-music-teacher,World's No.1 Private Music Teacher Mug | Foxy Printing,"World's No.1 Private Music Teacher Mug: a fun gift for any tea or coffee lover. Sublimation printed, so the design is part of the glaze. Treat them today."
worlds-best-private-sector-executive,World's No.1 Private Sector Executive Mug | Foxy Printing,World's No.1 Private Sector Executive Mug: a cheerful gift for home or the office. Dishwasher and microwave safe. Order now and make their day.
worlds-best-probation-officer,World's No.1 Probation Officer Mug | Foxy Printing,World's No.1 Probation Officer Mug: a fun gift for any tea or coffee lover. Dishwasher and microwave safe. Made in North Yorkshire. Order yours today.
worlds-best-probation-officers-and-correctional-treatment-specialist,World's No.1 Probation Officers and Correctional Mug,"World's No.1 Probation Officers and Correctional Mug: a smile with every cuppa. Sublimation printed, so the design is part of the glaze. Order today."
worlds-best-procurement-clerk,World's No.1 Procurement Clerk Mug | Foxy Printing,"World's No.1 Procurement Clerk Mug: a mug that brightens every brew. Sublimation printed, so the design is part of the glaze. Order yours today."
worlds-best-producer,World's No.1 Producer Mug | Foxy Printing,"World's No.1 Producer Mug: a fun gift for any tea or coffee lover. 11oz ceramic, dishwasher safe. Made in North Yorkshire. Add it to your basket today."
worlds-best-producers-and-director,World's No.1 Producers and Director Mug | Foxy Printing,"World's No.1 Producers and Director Mug: a smile with every cuppa. 11oz ceramic, dishwasher safe. Made in North Yorkshire. Order now and make their day."
worlds-best-product-designer,World's No.1 Product Designer Mug | Foxy Printing,World's No.1 Product Designer Mug: a fun gift for any tea or coffee lover. Dishwasher and microwave safe. Made in North Yorkshire. Order yours today.
worlds-best-product-development-scientist,World's No.1 Product Development Scientist Mug,World's No.1 Product Development Scientist Mug: a fun gift for any tea or coffee lover. Dishwasher and microwave safe. Add it to your basket today.
worlds-best-product-management-leader,World's No.1 Product Management Leader Mug | Foxy Printing,World's No.1 Product Management Leader Mug: a mug that brightens every brew. An 11oz white ceramic mug that's dishwasher and microwave safe. Order today.
worlds-best-product-promoter,World's No.1 Product Promoter Mug | Foxy Printing,World's No.1 Product Promoter Mug: a fun gift for any tea or coffee lover. Dishwasher and microwave safe. Made in North Yorkshire. Order yours today.
worlds-best-product-safety-engineer,World's No.1 Product Safety Engineer Mug | Foxy Printing,"World's No.1 Product Safety Engineer Mug: a cheerful gift for home or the office. Sublimation printed, so the design is part of the glaze. Order today."
worlds-best-product-specialist,World's No.1 Product Specialist Mug | Foxy Printing,"World's No.1 Product Specialist Mug: a cheerful gift for home or the office. 11oz ceramic, dishwasher safe. Made in North Yorkshire. Treat them today."
worlds-best-production-control-manager,World's No.1 Production Control Manager Mug | Foxy Printing,"World's No.1 Production Control Manager Mug: a mug that brightens every brew. Sublimation printed, so the design is part of the glaze. Order yours today."
worlds-best-production-helper,World's No.1 Production Helper Mug | Foxy Printing,"World's No.1 Production Helper Mug: a mug that brightens every brew. Sublimation printed, so the design is part of the glaze. Order now and make their day."
worlds-best-production-inspector,World's No.1 Production Inspector Mug | Foxy Printing,"World's No.1 Production Inspector Mug: a cheerful gift for home or the office. 11oz ceramic, dishwasher safe. A great gift idea. Order yours today."
worlds-best-production-laborer,World's No.1 Production Laborer Mug | Foxy Printing,"World's No.1 Production Laborer Mug: a fun gift for any tea or coffee lover. Sublimation printed, so the design is part of the glaze. Order today."
worlds-best-production-manager,World's No.1 Production Manager Mug | Foxy Printing,World's No.1 Production Manager Mug: a fun gift for any tea or coffee lover. Dishwasher and microwave safe. Made in North Yorkshire. Order yours today.
worlds-best-production-planner,World's No.1 Production Planner Mug | Foxy Printing,"World's No.1 Production Planner Mug: a fun gift for any tea or coffee lover. Sublimation printed, so the design is part of the glaze. Order yours today."
worlds-best-production-planning,World's No.1 Production Planning Mug | Foxy Printing,"World's No.1 Production Planning Mug: a smile with every cuppa. 11oz ceramic, dishwasher safe. Made in North Yorkshire. Order now and make their day."
worlds-best-production-worker,World's No.1 Production Worker Mug | Foxy Printing,World's No.1 Production Worker Mug: a fun gift for any tea or coffee lover. An 11oz white ceramic mug that's dishwasher and microwave safe. Order today.
worlds-best-professional-photographer,World's No.1 Professional Photographer Mug | Foxy Printing,World's No.1 Professional Photographer Mug: a smile with every cuppa. An 11oz white ceramic mug that's dishwasher and microwave safe. Order yours today.
worlds-best-professor,World's No.1 Professor Mug | Foxy Printing,World's No.1 Professor Mug: a mug that brightens every brew. An 11oz white ceramic mug that's dishwasher and microwave safe. Add it to your basket today.
worlds-best-program-director,World's No.1 Program Director Mug | Foxy Printing,"World's No.1 Program Director Mug: a mug that brightens every brew. 11oz ceramic, dishwasher safe. Made in North Yorkshire. Order yours today."
worlds-best-programme-researcher,World's No.1 Programme Researcher Mug | Foxy Printing,"World's No.1 Programme Researcher Mug: a cheerful gift for home or the office. 11oz ceramic, dishwasher safe. Made in North Yorkshire. Order today."
worlds-best-project-manager,World's No.1 Project Manager Mug | Foxy Printing,"World's No.1 Project Manager Mug: a smile with every cuppa. 11oz ceramic, dishwasher safe. Made in North Yorkshire. Order now and make their day."
worlds-best-proofreaders-and-copy-marker,World's No.1 Proofreaders and Marker Mug | Foxy Printing,"World's No.1 Proofreaders and Marker Mug: a smile with every cuppa. 11oz ceramic, dishwasher safe. Made in North Yorkshire. Order yours today."
worlds-best-prosthodontist,World's No.1 Prosthodontist Mug | Foxy Printing,World's No.1 Prosthodontist Mug: a fun gift for any tea or coffee lover. An 11oz white ceramic mug that's dishwasher and microwave safe. Treat them today.
worlds-best-protective-service-worker,World's No.1 Protective Service Worker Mug | Foxy Printing,World's No.1 Protective Service Worker Mug: a fun gift for any tea or coffee lover. Dishwasher and microwave safe. Order now and make their day.
worlds-best-psychiatric-aide,World's No.1 Psychiatric Aide Mug | Foxy Printing,World's No.1 Psychiatric Aide Mug: a smile with every cuppa. An 11oz white ceramic mug that's dishwasher and microwave safe. Add it to your basket today.
worlds-best-psychiatric-technician,World's No.1 Psychiatric Technician Mug | Foxy Printing,"World's No.1 Psychiatric Technician Mug: a fun gift for any tea or coffee lover. Sublimation printed, so the design is part of the glaze. Order today."
worlds-best-psychiatrist,World's No.1 Psychiatrist Mug | Foxy Printing,"World's No.1 Psychiatrist Mug: a fun gift for any tea or coffee lover. Sublimation printed, so the design is part of the glaze. Order today."
worlds-best-psychologist,World's No.1 Psychologist Mug | Foxy Printing,"World's No.1 Psychologist Mug: a mug that brightens every brew. Sublimation printed, so the design is part of the glaze. Order now and make their day."
worlds-best-psychology-teacher,World's No.1 Psychology Teacher Mug | Foxy Printing,"World's No.1 Psychology Teacher Mug: a mug that brightens every brew. Sublimation printed, so the design is part of the glaze. Treat them today."
worlds-best-psychotherapist,World's No.1 Psychotherapist Mug | Foxy Printing,"World's No.1 Psychotherapist Mug: a cheerful gift for home or the office. Sublimation printed, so the design is part of the glaze. Order today."
worlds-best-public-affairs-consultant,World's No.1 Public Affairs Consultant Mug | Foxy Printing,World's No.1 Public Affairs Consultant Mug: a cheerful gift for home or the office. Dishwasher and microwave safe. Add it to your basket today.
worlds-best-public-health-social-worker,World's No.1 Public Health Social Worker Mug | Foxy Printing,"World's No.1 Public Health Social Worker Mug: a cheerful gift for home or the office. 11oz ceramic, dishwasher safe. Order now and make their day."
worlds-best-public-house-manager,World's No.1 Public House Manager Mug | Foxy Printing,"World's No.1 Public House Manager Mug: a mug that brightens every brew. 11oz ceramic, dishwasher safe. Made in North Yorkshire. Treat them today."
worlds-best-public-relation,World's No.1 Public Relation Mug | Foxy Printing,"World's No.1 Public Relation Mug: a mug that brightens every brew. Sublimation printed, so the design is part of the glaze. Add it to your basket today."
worlds-best-public-relations-manager,World's No.1 Public Relations Manager Mug | Foxy Printing,"World's No.1 Public Relations Manager Mug: a smile with every cuppa. 11oz ceramic, dishwasher safe. Made in North Yorkshire. Treat them today."
worlds-best-public-relations-specialist,World's No.1 Public Relations Specialist Mug | Foxy Printing,"World's No.1 Public Relations Specialist Mug: a mug that brightens every brew. Sublimation printed, so the design is part of the glaze. Order yours today."
worlds-best-public-transportation-inspector,World's No.1 Public Transportation Inspector Mug,World's No.1 Public Transportation Inspector Mug: a cheerful gift for home or the office. Dishwasher and microwave safe. Add it to your basket today.
worlds-best-pump-operator,World's No.1 Pump Operator Mug | Foxy Printing,"World's No.1 Pump Operator Mug: a fun gift for any tea or coffee lover. Sublimation printed, so the design is part of the glaze. Treat them today."
worlds-best-punching-machine-setter,World's No.1 Punching Machine Setter Mug | Foxy Printing,"World's No.1 Punching Machine Setter Mug: a mug that brightens every brew. Sublimation printed, so the design is part of the glaze. Treat them today."
worlds-best-purchasing-agent,World's No.1 Purchasing Agent Mug | Foxy Printing,"World's No.1 Purchasing Agent Mug: a cheerful gift for home or the office. Sublimation printed, so the design is part of the glaze. Order yours today."
worlds-best-purchasing-manager,World's No.1 Purchasing Manager Mug | Foxy Printing,World's No.1 Purchasing Manager Mug: a smile with every cuppa. Dishwasher and microwave safe. Made in North Yorkshire. Add it to your basket today.
worlds-best-quality-assurance-manager,World's No.1 Quality Assurance Manager Mug | Foxy Printing,World's No.1 Quality Assurance Manager Mug: a mug that brightens every brew. An 11oz white ceramic mug that's dishwasher and microwave safe. Order today.
worlds-best-quantity-surveyor,World's No.1 Quantity Surveyor Mug | Foxy Printing,"World's No.1 Quantity Surveyor Mug: a fun gift for any tea or coffee lover. 11oz ceramic, dishwasher safe. Made in North Yorkshire. Order yours today."
worlds-best-race-relations-worker,World's No.1 Race Relations Worker Mug | Foxy Printing,World's No.1 Race Relations Worker Mug: a smile with every cuppa. An 11oz white ceramic mug that's dishwasher and microwave safe. Treat them today.
worlds-best-radar-technician,World's No.1 Radar Technician Mug | Foxy Printing,"World's No.1 Radar Technician Mug: a cheerful gift for home or the office. Sublimation printed, so the design is part of the glaze. Treat them today."
worlds-best-radiation-therapist,World's No.1 Radiation Therapist Mug | Foxy Printing,World's No.1 Radiation Therapist Mug: a cheerful gift for home or the office. An 11oz white ceramic mug that's dishwasher and microwave safe. Order today.
worlds-best-radio-and-television-announcer,World's No.1 Radio and Television Announcer Mug,"World's No.1 Radio and Television Announcer Mug: a fun gift for any tea or coffee lover. 11oz ceramic, dishwasher safe. Order now and make their day."
worlds-best-radio-mechanic,World's No.1 Radio Mechanic Mug | Foxy Printing,World's No.1 Radio Mechanic Mug: a mug that brightens every brew. An 11oz white ceramic mug that's dishwasher and microwave safe. Order yours today.
worlds-best-radio-operator,World's No.1 Radio Operator Mug | Foxy Printing,World's No.1 Radio Operator Mug: a smile with every cuppa. An 11oz white ceramic mug that's dishwasher and microwave safe. Add it to your basket today.
worlds-best-radiologic-technician,World's No.1 Radiologic Technician Mug | Foxy Printing,World's No.1 Radiologic Technician Mug: a cheerful gift for home or the office. Dishwasher and microwave safe. Order now and make their day.
worlds-best-radiologic-technologist,World's No.1 Radiologic Technologist Mug | Foxy Printing,World's No.1 Radiologic Technologist Mug: a mug that brightens every brew. Dishwasher and microwave safe. Made in North Yorkshire. Order yours today.
worlds-best-radiologic-technologist-and-technician,World's No.1 Radiologic Technologist and Technician Mug,World's No.1 Radiologic Technologist and Technician Mug: a cheerful gift for home or the office. Dishwasher and microwave safe. Order today.
worlds-best-rail-car-repairer,World's No.1 Rail Car Repairer Mug | Foxy Printing,"World's No.1 Rail Car Repairer Mug: a mug that brightens every brew. 11oz ceramic, dishwasher safe. A great gift idea. Order now and make their day."
worlds-best-rail-transportation-worker,World's No.1 Rail Transportation Worker Mug | Foxy Printing,"World's No.1 Rail Transportation Worker Mug: a cheerful gift for home or the office. Sublimation printed, so the design is part of the glaze. Order today."
worlds-best-rail-yard-engineer,World's No.1 Rail Yard Engineer Mug | Foxy Printing,"World's No.1 Rail Yard Engineer Mug: a fun gift for any tea or coffee lover. Sublimation printed, so the design is part of the glaze. Treat them today."
worlds-best-railroad-conductor,World's No.1 Railroad Conductor Mug | Foxy Printing,World's No.1 Railroad Conductor Mug: a mug that brightens every brew. Dishwasher and microwave safe. A great gift idea. Order now and make their day.
worlds-best-railroad-inspector,World's No.1 Railroad Inspector Mug | Foxy Printing,"World's No.1 Railroad Inspector Mug: a cheerful gift for home or the office. Sublimation printed, so the design is part of the glaze. Order today."
worlds-best-railroad-switch-operator,World's No.1 Railroad Switch Operator Mug | Foxy Printing,This printed mug makes a fun gift for any tea or coffee lover. Dishwasher and microwave safe. Made in North Yorkshire. Order now and make their day.
worlds-best-railroad-yard-worker,World's No.1 Railroad Yard Worker Mug | Foxy Printing,World's No.1 Railroad Yard Worker Mug: a cheerful gift for home or the office. An 11oz white ceramic mug that's dishwasher and microwave safe. Order today.
worlds-best-range-manager,World's No.1 Range Manager Mug | Foxy Printing,World's No.1 Range Manager Mug: a mug that brightens every brew. Dishwasher and microwave safe. Made in North Yorkshire. Add it to your basket today.
worlds-best-real-estate-appraiser,World's No.1 Real Estate Appraiser Mug | Foxy Printing,"World's No.1 Real Estate Appraiser Mug: a fun gift for any tea or coffee lover. 11oz ceramic, dishwasher safe. Order now and make their day."
worlds-best-real-estate-association-manager,World's No.1 Real Estate Association Manager Mug,"World's No.1 Real Estate Association Manager Mug: a mug that brightens every brew. Sublimation printed, so the design is part of the glaze. Order today."
worlds-best-real-estate-broker,World's No.1 Real Estate Broker Mug | Foxy Printing,"World's No.1 Real Estate Broker Mug: a mug that brightens every brew. 11oz ceramic, dishwasher safe. A great gift idea. Add it to your basket today."
worlds-best-real-estate-sales-agent,World's No.1 Real Estate Sales Agent Mug | Foxy Printing,"World's No.1 Real Estate Sales Agent Mug: a mug that brightens every brew. Sublimation printed, so the design is part of the glaze. Order yours today."
worlds-best-receptionist-and-information-clerk,World's No.1 Receptionist and Information Clerk Mug,"World's No.1 Receptionist and Information Clerk Mug: a mug that brightens every brew. Sublimation printed, so the design is part of the glaze. Order today."
worlds-best-record-clerk,World's No.1 Record Clerk Mug | Foxy Printing,"World's No.1 Record Clerk Mug: a smile with every cuppa. Sublimation printed, so the design is part of the glaze. Add it to your basket today."
worlds-best-recordkeeping-clerk,World's No.1 Recordkeeping Clerk Mug | Foxy Printing,World's No.1 Recordkeeping Clerk Mug: a cheerful gift for home or the office. Dishwasher and microwave safe. A great gift idea. Treat them today.
worlds-best-records-manager,World's No.1 Records Manager Mug | Foxy Printing,World's No.1 Records Manager Mug: a cheerful gift for home or the office. An 11oz white ceramic mug that's dishwasher and microwave safe. Order today.
worlds-best-recreation-and-fitness-studies-teacher,World's No.1 Recreation and Fitness Studies Teacher Mug,World's No.1 Recreation and Fitness Studies Teacher Mug: a fun gift for any tea or coffee lover. Dishwasher and microwave safe. Order yours today.
worlds-best-recreation-worker,World's No.1 Recreation Worker Mug | Foxy Printing,"World's No.1 Recreation Worker Mug: a cheerful gift for home or the office. Sublimation printed, so the design is part of the glaze. Treat them today."
worlds-best-recreational-therapist,World's No.1 Recreational Therapist Mug | Foxy Printing,"World's No.1 Recreational Therapist Mug: a cheerful gift for home or the office. Sublimation printed, so the design is part of the glaze. Treat them today."
worlds-best-recreational-vehicle-service-technician,World's No.1 Recreational Vehicle Service Technician Mug,"World's No.1 Recreational Vehicle Service Technician Mug: a smile with every cuppa. 11oz ceramic, dishwasher safe. Order now and make their day."
worlds-best-recruiter,World's No.1 Recruiter Mug | Foxy Printing,"World's No.1 Recruiter Mug: a mug that brightens every brew. 11oz ceramic, dishwasher safe. A great gift idea. Order now and make their day."
worlds-best-recruitment-consultant,World's No.1 Recruitment Consultant Mug | Foxy Printing,World's No.1 Recruitment Consultant Mug: a mug that brightens every brew. An 11oz white ceramic mug that's dishwasher and microwave safe. Order today.
worlds-best-recyclable-material-collector,World's No.1 Recyclable Material Collector Mug,World's No.1 Recyclable Material Collector Mug: a smile with every cuppa. Dishwasher and microwave safe. Made in North Yorkshire. Order today.
worlds-best-recycling-officer,World's No.1 Recycling Officer Mug | Foxy Printing,"World's No.1 Recycling Officer Mug: a mug that brightens every brew. 11oz ceramic, dishwasher safe. Made in North Yorkshire. Order yours today."
worlds-best-refinery-operator,World's No.1 Refinery Operator Mug | Foxy Printing,World's No.1 Refinery Operator Mug: a mug that brightens every brew. Dishwasher and microwave safe. A great gift idea. Add it to your basket today.
worlds-best-refractory-materials-repairer,World's No.1 Refractory Materials Repairer Mug,World's No.1 Refractory Materials Repairer Mug: a mug that brightens every brew. Dishwasher and microwave safe. Add it to your basket today.
worlds-best-refrigeration-mechanic,World's No.1 Refrigeration Mechanic Mug | Foxy Printing,"World's No.1 Refrigeration Mechanic Mug: a fun gift for any tea or coffee lover. Sublimation printed, so the design is part of the glaze. Treat them today."
worlds-best-registered-nurse,World's No.1 Registered Nurse Mug | Foxy Printing,"World's No.1 Registered Nurse Mug: a mug that brightens every brew. Sublimation printed, so the design is part of the glaze. Add it to your basket today."
worlds-best-regulatory-affairs-officer,World's No.1 Regulatory Affairs Officer Mug | Foxy Printing,"World's No.1 Regulatory Affairs Officer Mug: a mug that brightens every brew. Sublimation printed, so the design is part of the glaze. Treat them today."
worlds-best-rehabilitation-counselor,World's No.1 Rehabilitation Counselor Mug | Foxy Printing,World's No.1 Rehabilitation Counselor Mug: a smile with every cuppa. An 11oz white ceramic mug that's dishwasher and microwave safe. Order yours today.
worlds-best-religious-worker,World's No.1 Religious Worker Mug | Foxy Printing,"World's No.1 Religious Worker Mug: a fun gift for any tea or coffee lover. 11oz ceramic, dishwasher safe. Made in North Yorkshire. Order today."
worlds-best-rental-clerk,World's No.1 Rental Clerk Mug | Foxy Printing,"World's No.1 Rental Clerk Mug: a fun gift for any tea or coffee lover. Sublimation printed, so the design is part of the glaze. Treat them today."
worlds-best-reporter,World's No.1 Reporter Mug | Foxy Printing,"World's No.1 Reporter Mug: a smile with every cuppa. Sublimation printed, so the design is part of the glaze. Dishwasher and microwave safe. Order today."
worlds-best-research-scientist,World's No.1 Research Scientist Mug | Foxy Printing,"World's No.1 Research Scientist Mug: a mug that brightens every brew. Sublimation printed, so the design is part of the glaze. Add it to your basket today."
worlds-best-reservation-agent,World's No.1 Reservation Agent Mug | Foxy Printing,World's No.1 Reservation Agent Mug: a cheerful gift for home or the office. Dishwasher and microwave safe. Made in North Yorkshire. Order yours today.
worlds-best-residential-advisor,World's No.1 Residential Advisor Mug | Foxy Printing,"World's No.1 Residential Advisor Mug: a cheerful gift for home or the office. Sublimation printed, so the design is part of the glaze. Order yours today."
worlds-best-respiratory-therapist,World's No.1 Respiratory Therapist Mug | Foxy Printing,"World's No.1 Respiratory Therapist Mug: a cheerful gift for home or the office. Sublimation printed, so the design is part of the glaze. Order yours today."
worlds-best-respiratory-therapy-technician,World's No.1 Respiratory Therapy Technician Mug,World's No.1 Respiratory Therapy Technician Mug: a mug that brightens every brew. Dishwasher and microwave safe. Order now and make their day.
worlds-best-restaurant-cook,World's No.1 Restaurant Cook Mug | Foxy Printing,"World's No.1 Restaurant Cook Mug: a fun gift for any tea or coffee lover. Sublimation printed, so the design is part of the glaze. Order yours today."
worlds-best-restaurant-manager,World's No.1 Restaurant Manager Mug | Foxy Printing,World's No.1 Restaurant Manager Mug: a smile with every cuppa. An 11oz white ceramic mug that's dishwasher and microwave safe. Treat them today.
worlds-best-retail-banker,World's No.1 Retail Banker Mug | Foxy Printing,World's No.1 Retail Banker Mug: a fun gift for any tea or coffee lover. Dishwasher and microwave safe. Made in North Yorkshire. Order yours today.
worlds-best-retail-buyer,World's No.1 Retail Buyer Mug | Foxy Printing,World's No.1 Retail Buyer Mug: a fun gift for any tea or coffee lover. An 11oz white ceramic mug that's dishwasher and microwave safe. Treat them today.
worlds-best-retail-manager,World's No.1 Retail Manager Mug | Foxy Printing,World's No.1 Retail Manager Mug: a mug that brightens every brew. Dishwasher and microwave safe. A great gift idea. Order now and make their day.
worlds-best-retail-merchandiser,World's No.1 Retail R Mug | Foxy Printing,World's No.1 Retail R Mug: a cheerful gift for home or the office. An 11oz white ceramic mug that's dishwasher and microwave safe. Treat them today.
worlds-best-retail-pharmacist,World's No.1 Retail Pharmacist Mug | Foxy Printing,"World's No.1 Retail Pharmacist Mug: a fun gift for any tea or coffee lover. Sublimation printed, so the design is part of the glaze. Order today."
worlds-best-retail-sales-person,World's No.1 Retail Sales Person Mug | Foxy Printing,"World's No.1 Retail Sales Person Mug: a mug that brightens every brew. Sublimation printed, so the design is part of the glaze. Treat them today."
worlds-best-retail-salesperson,World's No.1 Retail Salesperson Mug | Foxy Printing,World's No.1 Retail Salesperson Mug: a fun gift for any tea or coffee lover. An 11oz white ceramic mug that's dishwasher and microwave safe. Order today.
worlds-best-rigger,World's No.1 Rigger Mug | Foxy Printing,World's No.1 Rigger Mug: a cheerful gift for home or the office. An 11oz white ceramic mug that's dishwasher and microwave safe. Treat them today.
worlds-best-rock-splitter,World's No.1 Rock Splitter Mug | Foxy Printing,"World's No.1 Rock Splitter Mug: a fun gift for any tea or coffee lover. 11oz ceramic, dishwasher safe. A great gift idea. Add it to your basket today."
worlds-best-rolling-machine-setter,World's No.1 Rolling Machine Setter Mug | Foxy Printing,"World's No.1 Rolling Machine Setter Mug: a smile with every cuppa. 11oz ceramic, dishwasher safe. Made in North Yorkshire. Treat them today."
worlds-best-roof-bolters-mining,World's No.1 Roof Bolters Mining Mug | Foxy Printing,"World's No.1 Roof Bolters Mining Mug: a fun gift for any tea or coffee lover. Sublimation printed, so the design is part of the glaze. Order yours today."
worlds-best-roofer,World's No.1 Roofer Mug | Foxy Printing,"World's No.1 Roofer Mug: a mug that brightens every brew. 11oz ceramic, dishwasher safe. Made in North Yorkshire. Add it to your basket today."
worlds-best-rotary-drill-operator,World's No.1 Rotary Drill Operator Mug | Foxy Printing,World's No.1 Rotary Drill Operator Mug: a mug that brightens every brew. Dishwasher and microwave safe. A great gift idea. Add it to your basket today.
worlds-best-rough-carpenter,World's No.1 Rough Carpenter Mug | Foxy Printing,World's No.1 Rough Carpenter Mug: a smile with every cuppa. An 11oz white ceramic mug that's dishwasher and microwave safe. Order yours today.
worlds-best-roustabout,World's No.1 Roustabout Mug | Foxy Printing,World's No.1 Roustabout Mug: a fun gift for any tea or coffee lover. Dishwasher and microwave safe. Made in North Yorkshire. Add it to your basket today.
worlds-best-safety-engineer,World's No.1 Safety Engineer Mug | Foxy Printing,"World's No.1 Safety Engineer Mug: a cheerful gift for home or the office. Sublimation printed, so the design is part of the glaze. Order yours today."
worlds-best-sailor,World's No.1 Sailor Mug | Foxy Printing,"World's No.1 Sailor Mug: a fun gift for any tea or coffee lover. Printed on an 11oz glossy ceramic mug, safe in the dishwasher and microwave. Order today."
worlds-best-sales-and-related-worker,World's No.1 Sales and Related Worker Mug | Foxy Printing,"World's No.1 Sales and Related Worker Mug: a fun gift for any tea or coffee lover. Sublimation printed, so the design is part of the glaze. Order today."
worlds-best-sales-engineer,World's No.1 Sales Engineer Mug | Foxy Printing,World's No.1 Sales Engineer Mug: a smile with every cuppa. An 11oz white ceramic mug that's dishwasher and microwave safe. Order yours today.
worlds-best-sales-executive,World's No.1 Sales Executive Mug | Foxy Printing,World's No.1 Sales Executive Mug: a mug that brightens every brew. Dishwasher and microwave safe. Made in North Yorkshire. Order now and make their day.
worlds-best-sales-manager,World's No.1 Sales Manager Mug | Foxy Printing,"World's No.1 Sales Manager Mug: a mug that brightens every brew. Sublimation printed, so the design is part of the glaze. Order now and make their day."
worlds-best-sales-person,World's No.1 Sales Person Mug | Foxy Printing,"World's No.1 Sales Person Mug: a mug that brightens every brew. Sublimation printed, so the design is part of the glaze. Order now and make their day."
worlds-best-sales-representative,World's No.1 Sales Representative Mug | Foxy Printing,World's No.1 Sales Representative Mug: a smile with every cuppa. An 11oz white ceramic mug that's dishwasher and microwave safe. Treat them today.
worlds-best-sawing-machine-operator,World's No.1 Sawing Machine Operator Mug | Foxy Printing,"World's No.1 Sawing Machine Operator Mug: a fun gift for any tea or coffee lover. 11oz ceramic, dishwasher safe. Add it to your basket today."
worlds-best-sawing-machine-setter,World's No.1 Sawing Machine Setter Mug | Foxy Printing,"World's No.1 Sawing Machine Setter Mug: a smile with every cuppa. Sublimation printed, so the design is part of the glaze. Treat them today."
worlds-best-sawing-machine-tool-setter,World's No.1 Sawing Machine Tool Setter Mug | Foxy Printing,"World's No.1 Sawing Machine Tool Setter Mug: a smile with every cuppa. Sublimation printed, so the design is part of the glaze. Order yours today."
worlds-best-scanner-operator,World's No.1 Scanner Operator Mug | Foxy Printing,"World's No.1 Scanner Operator Mug: a fun gift for any tea or coffee lover. Sublimation printed, so the design is part of the glaze. Order yours today."
worlds-best-scene-of-crime-officer,World's No.1 Scene of Crime Officer Mug | Foxy Printing,"World's No.1 Scene of Crime Officer Mug: a mug that brightens every brew. Sublimation printed, so the design is part of the glaze. Order yours today."
worlds-best-school-bus-driver,World's No.1 School Bus Driver Mug | Foxy Printing,World's No.1 School Bus Driver Mug: a fun gift for any tea or coffee lover. Dishwasher and microwave safe. Made in North Yorkshire. Treat them today.
worlds-best-school-social-worker,World's No.1 School Social Worker Mug | Foxy Printing,"World's No.1 School Social Worker Mug: a fun gift for any tea or coffee lover. 11oz ceramic, dishwasher safe. Made in North Yorkshire. Treat them today."
worlds-best-scientific-laboratory-technician,World's No.1 Scientific Laboratory Technician Mug,"World's No.1 Scientific Laboratory Technician Mug: a smile with every cuppa. Sublimation printed, so the design is part of the glaze. Treat them today."
worlds-best-scientific-photographer,World's No.1 Scientific Photographer Mug | Foxy Printing,World's No.1 Scientific Photographer Mug: a cheerful gift for home or the office. Dishwasher and microwave safe. Order now and make their day.
worlds-best-screen-printing-machine-operator,World's No.1 Screen Printing Machine Operator Mug,"World's No.1 Screen Printing Machine Operator Mug: a mug that brightens every brew. Sublimation printed, so the design is part of the glaze. Order today."
worlds-best-sculptor,World's No.1 Sculptor Mug | Foxy Printing,"World's No.1 Sculptor Mug: a smile with every cuppa. Printed on an 11oz glossy ceramic mug, safe in the dishwasher and microwave. Treat them today."
worlds-best-secondary-school-teacher,World's No.1 Secondary School Teacher Mug | Foxy Printing,"World's No.1 Secondary School Teacher Mug: a fun gift for any tea or coffee lover. Sublimation printed, so the design is part of the glaze. Order today."
worlds-best-secretary,World's No.1 Secretary Mug | Foxy Printing,"World's No.1 Secretary Mug: a mug that brightens every brew. Printed on an 11oz glossy ceramic mug, safe in the dishwasher and microwave. Treat them today."
worlds-best-securities-sales-agent,World's No.1 Securities Sales Agent Mug | Foxy Printing,"World's No.1 Securities Sales Agent Mug: a mug that brightens every brew. Sublimation printed, so the design is part of the glaze. Order yours today."
worlds-best-security-guard,World's No.1 Security Guard Mug | Foxy Printing,"World's No.1 Security Guard Mug: a mug that brightens every brew. Printed on an 11oz glossy ceramic mug, safe in the dishwasher and microwave. Order today."
worlds-best-security-systems-installer,World's No.1 Security Systems Installer Mug | Foxy Printing,"World's No.1 Security Systems Installer Mug: a mug that brightens every brew. Sublimation printed, so the design is part of the glaze. Order yours today."
worlds-best-segmental-paver,World's No.1 Segmental Paver Mug | Foxy Printing,World's No.1 Segmental Paver Mug: a mug that brightens every brew. An 11oz white ceramic mug that's dishwasher and microwave safe. Treat them today.
worlds-best-seismic-interpreter,World's No.1 Seismic Interpreter Mug | Foxy Printing,World's No.1 Seismic Interpreter Mug: a fun gift for any tea or coffee lover. Dishwasher and microwave safe. A great gift idea. Order today.
worlds-best-self-enrichment-education-teacher,World's No.1 Self Enrichment Education Teacher Mug,World's No.1 Self Enrichment Education Teacher Mug: a smile with every cuppa. An 11oz white ceramic mug that's dishwasher and microwave safe. Order today.
worlds-best-semiconductor-processor,World's No.1 Semiconductor Processor Mug | Foxy Printing,World's No.1 Semiconductor Processor Mug: a mug that brightens every brew. Dishwasher and microwave safe. A great gift idea. Order yours today.
worlds-best-separating-machine-operator,World's No.1 Separating Machine Operator Mug | Foxy Printing,World's No.1 Separating Machine Operator Mug: a fun gift for any tea or coffee lover. Dishwasher and microwave safe. Order now and make their day.
worlds-best-septic-tank-servicer,World's No.1 Septic Tank Servicer Mug | Foxy Printing,World's No.1 Septic Tank Servicer Mug: a cheerful gift for home or the office. An 11oz white ceramic mug that's dishwasher and microwave safe. Order today.
worlds-best-service-station-attendant,World's No.1 Service Station Attendant Mug | Foxy Printing,"World's No.1 Service Station Attendant Mug: a fun gift for any tea or coffee lover. Sublimation printed, so the design is part of the glaze. Order today."
worlds-best-set-and-exhibit-designer,World's No.1 Set and Exhibit Designer Mug | Foxy Printing,"World's No.1 Set and Exhibit Designer Mug: a smile with every cuppa. 11oz ceramic, dishwasher safe. Made in North Yorkshire. Add it to your basket today."
worlds-best-set-designer,World's No.1 Set Designer Mug | Foxy Printing,World's No.1 Set Designer Mug: a cheerful gift for home or the office. Dishwasher and microwave safe. Made in North Yorkshire. Add it to your basket today.
worlds-best-sewing-machine-operator,World's No.1 Sewing Machine Operator Mug | Foxy Printing,"World's No.1 Sewing Machine Operator Mug: a cheerful gift for home or the office. Sublimation printed, so the design is part of the glaze. Order today."
worlds-best-shampooer,World's No.1 Shampooer Mug | Foxy Printing,"World's No.1 Shampooer Mug: a mug that brightens every brew. Printed on an 11oz glossy ceramic mug, safe in the dishwasher and microwave. Order today."
worlds-best-shear-machine-set-up-operator,World's No.1 Shear Machine Set Up Operator Mug,World's No.1 Shear Machine Set Up Operator Mug: a smile with every cuppa. An 11oz white ceramic mug that's dishwasher and microwave safe. Treat them today.
worlds-best-sheet-metal-worker,World's No.1 Sheet Metal Worker Mug | Foxy Printing,"World's No.1 Sheet Metal Worker Mug: a smile with every cuppa. Sublimation printed, so the design is part of the glaze. Add it to your basket today."
worlds-best-sheriff,World's No.1 Sheriff Mug | Foxy Printing,"World's No.1 Sheriff Mug: a fun gift for any tea or coffee lover. Sublimation printed, so the design is part of the glaze. Add it to your basket today."
worlds-best-ship-captain,World's No.1 Ship Captain Mug | Foxy Printing,"World's No.1 Ship Captain Mug: a smile with every cuppa. Sublimation printed, so the design is part of the glaze. Add it to your basket today."
worlds-best-ship-carpenter-and-joiner,World's No.1 Ship Carpenter and Joiner Mug | Foxy Printing,"World's No.1 Ship Carpenter and Joiner Mug: a fun gift for any tea or coffee lover. Sublimation printed, so the design is part of the glaze. Order today."
worlds-best-ship-engineer,World's No.1 Ship Engineer Mug | Foxy Printing,"World's No.1 Ship Engineer Mug: a cheerful gift for home or the office. 11oz ceramic, dishwasher safe. Made in North Yorkshire. Order yours today."
worlds-best-ship-mate,World's No.1 Ship Mate Mug | Foxy Printing,World's No.1 Ship Mate Mug: a smile with every cuppa. An 11oz white ceramic mug that's dishwasher and microwave safe. Order now and make their day.
worlds-best-ship-pilot,World's No.1 Ship Pilot Mug | Foxy Printing,World's No.1 Ship Pilot Mug: a smile with every cuppa. An 11oz white ceramic mug that's dishwasher and microwave safe. Add it to your basket today.
worlds-best-shipping-and-receiving-clerk,World's No.1 Shipping and Receiving Clerk Mug,World's No.1 Shipping and Receiving Clerk Mug: a fun gift for any tea or coffee lover. Dishwasher and microwave safe. Order now and make their day.
worlds-best-shoe-and-leather-repairer,World's No.1 Shoe and Leather Repairer Mug | Foxy Printing,"World's No.1 Shoe and Leather Repairer Mug: a cheerful gift for home or the office. 11oz ceramic, dishwasher safe. Order now and make their day."
worlds-best-shoe-machine-operator,World's No.1 Shoe Machine Operator Mug | Foxy Printing,"World's No.1 Shoe Machine Operator Mug: a cheerful gift for home or the office. Sublimation printed, so the design is part of the glaze. Order today."
worlds-best-short-order-cook,World's No.1 Short Order Cook Mug | Foxy Printing,"World's No.1 Short Order Cook Mug: a cheerful gift for home or the office. Sublimation printed, so the design is part of the glaze. Treat them today."
worlds-best-shuttle-car-operator,World's No.1 Shuttle Car Operator Mug | Foxy Printing,World's No.1 Shuttle Car Operator Mug: a smile with every cuppa. An 11oz white ceramic mug that's dishwasher and microwave safe. Treat them today.
worlds-best-signal-repairer,World's No.1 Signal Repairer Mug | Foxy Printing,"World's No.1 Signal Repairer Mug: a cheerful gift for home or the office. Sublimation printed, so the design is part of the glaze. Order yours today."
worlds-best-silversmith,World's No.1 Silversmith Mug | Foxy Printing,"World's No.1 Silversmith Mug: a fun gift for any tea or coffee lover. Sublimation printed, so the design is part of the glaze. Add it to your basket today."
worlds-best-singer,World's No.1 Singer Mug | Foxy Printing,"World's No.1 Singer Mug: a mug that brightens every brew. Printed on an 11oz glossy ceramic mug, safe in the dishwasher and microwave. Order yours today."
worlds-best-site-engineer,World's No.1 Site Engineer Mug | Foxy Printing,"World's No.1 Site Engineer Mug: a smile with every cuppa. Printed on an 11oz glossy ceramic mug, safe in the dishwasher and microwave. Treat them today."
worlds-best-site-manager,World's No.1 Site Manager Mug | Foxy Printing,"World's No.1 Site Manager Mug: a fun gift for any tea or coffee lover. Sublimation printed, so the design is part of the glaze. Order yours today."
worlds-best-sketch-artist,World's No.1 Sketch Artist Mug | Foxy Printing,"World's No.1 Sketch Artist Mug: a smile with every cuppa. 11oz ceramic, dishwasher safe. Made in North Yorkshire. Order now and make their day."
worlds-best-skin-care-specialist,World's No.1 Skin Care Specialist Mug | Foxy Printing,World's No.1 Skin Care Specialist Mug: a mug that brightens every brew. Dishwasher and microwave safe. Made in North Yorkshire. Order today.
worlds-best-slot-key-person,World's No.1 Slot Key Person Mug | Foxy Printing,"World's No.1 Slot Key Person Mug: a fun gift for any tea or coffee lover. Sublimation printed, so the design is part of the glaze. Order yours today."
worlds-best-social-and-human-service-assistant,World's No.1 Social and Human Service Assistant Mug,"World's No.1 Social and Human Service Assistant Mug: a mug that brightens every brew. Sublimation printed, so the design is part of the glaze. Order today."
worlds-best-social-media-marketing-manager,World's No.1 Social Media Marketing Manager Mug,World's No.1 Social Media Marketing Manager Mug: a mug that brightens every brew. Dishwasher and microwave safe. Add it to your basket today.
worlds-best-social-researcher,World's No.1 Social Researcher Mug | Foxy Printing,"World's No.1 Social Researcher Mug: a fun gift for any tea or coffee lover. Sublimation printed, so the design is part of the glaze. Order yours today."
worlds-best-social-science-research-assistant,World's No.1 Social Science Research Assistant Mug,"World's No.1 Social Science Research Assistant Mug: a smile with every cuppa. Sublimation printed, so the design is part of the glaze. Order today."
worlds-best-social-sciences-teacher,World's No.1 Social Sciences Teacher Mug | Foxy Printing,World's No.1 Social Sciences Teacher Mug: a mug that brightens every brew. Dishwasher and microwave safe. Made in North Yorkshire. Treat them today.
worlds-best-social-scientist,World's No.1 Social Scientist Mug | Foxy Printing,"World's No.1 Social Scientist Mug: a smile with every cuppa. Printed on an 11oz glossy ceramic mug, safe in the dishwasher and microwave. Order today."
worlds-best-social-service-specialist,World's No.1 Social Service Specialist Mug | Foxy Printing,World's No.1 Social Service Specialist Mug: a smile with every cuppa. An 11oz white ceramic mug that's dishwasher and microwave safe. Order yours today.
worlds-best-social-work-teacher,World's No.1 Social Work Teacher Mug | Foxy Printing,"World's No.1 Social Work Teacher Mug: a fun gift for any tea or coffee lover. 11oz ceramic, dishwasher safe. Made in North Yorkshire. Treat them today."
worlds-best-social-worker,World's No.1 Social Worker Mug | Foxy Printing,"World's No.1 Social Worker Mug: a mug that brightens every brew. Printed on an 11oz glossy ceramic mug, safe in the dishwasher and microwave. Order today."
worlds-best-sociologist,World's No.1 Sociologist Mug | Foxy Printing,World's No.1 Sociologist Mug: a smile with every cuppa. Dishwasher and microwave safe. Made in North Yorkshire. Add it to your basket today.
worlds-best-sociology-teacher,World's No.1 Sociology Teacher Mug | Foxy Printing,"World's No.1 Sociology Teacher Mug: a mug that brightens every brew. Sublimation printed, so the design is part of the glaze. Add it to your basket today."
worlds-best-software-engineer,World's No.1 Software Engineer Mug | Foxy Printing,"World's No.1 Software Engineer Mug: a mug that brightens every brew. Sublimation printed, so the design is part of the glaze. Add it to your basket today."
worlds-best-software-trainer,World's No.1 Software Trainer Mug | Foxy Printing,"World's No.1 Software Trainer Mug: a fun gift for any tea or coffee lover. 11oz ceramic, dishwasher safe. Made in North Yorkshire. Order yours today."
worlds-best-soil-conservationist,World's No.1 Soil Conservationist Mug | Foxy Printing,World's No.1 Soil Conservationist Mug: a smile with every cuppa. An 11oz white ceramic mug that's dishwasher and microwave safe. Order today.
worlds-best-soil-scientist,World's No.1 Soil Scientist Mug | Foxy Printing,"World's No.1 Soil Scientist Mug: a cheerful gift for home or the office. Sublimation printed, so the design is part of the glaze. Order today."
worlds-best-solderer,World's No.1 Solderer Mug | Foxy Printing,"World's No.1 Solderer Mug: a fun gift for any tea or coffee lover. 11oz ceramic, dishwasher safe. Made in North Yorkshire. Add it to your basket today."
worlds-best-soldering-machine-setter,World's No.1 Soldering Machine Setter Mug | Foxy Printing,World's No.1 Soldering Machine Setter Mug: a mug that brightens every brew. An 11oz white ceramic mug that's dishwasher and microwave safe. Order today.
worlds-best-solicitor,World's No.1 Solicitor Mug | Foxy Printing,"World's No.1 Solicitor Mug: a mug that brightens every brew. Sublimation printed, so the design is part of the glaze. Order now and make their day."
worlds-best-sound-engineering-technician,World's No.1 Sound Engineering Technician Mug,World's No.1 Sound Engineering Technician Mug: a mug that brightens every brew. Dishwasher and microwave safe. Order now and make their day.
worlds-best-space-sciences-teacher,World's No.1 Space Sciences Teacher Mug | Foxy Printing,"World's No.1 Space Sciences Teacher Mug: a cheerful gift for home or the office. 11oz ceramic, dishwasher safe. Order now and make their day."
worlds-best-special-education-teacher,World's No.1 Special Education Teacher Mug | Foxy Printing,World's No.1 Special Education Teacher Mug: a smile with every cuppa. An 11oz white ceramic mug that's dishwasher and microwave safe. Order yours today.
worlds-best-special-force,World's No.1 Special Force Mug | Foxy Printing,"World's No.1 Special Force Mug: a cheerful gift for home or the office. Sublimation printed, so the design is part of the glaze. Order yours today."
worlds-best-special-forces-officer,World's No.1 Special Forces Officer Mug | Foxy Printing,"World's No.1 Special Forces Officer Mug: a smile with every cuppa. Sublimation printed, so the design is part of the glaze. Treat them today."
worlds-best-speech-and-language-therapist,World's No.1 Speech and Language Therapist Mug,"World's No.1 Speech and Language Therapist Mug: a mug that brightens every brew. Sublimation printed, so the design is part of the glaze. Order today."
worlds-best-speech-language-pathologist,World's No.1 Speech Language Pathologist Mug | Foxy Printing,"World's No.1 Speech Language Pathologist Mug: a fun gift for any tea or coffee lover. 11oz ceramic, dishwasher safe. Order now and make their day."
worlds-best-sports-book-writer,World's No.1 Sports Book Writer Mug | Foxy Printing,World's No.1 Sports Book Writer Mug: a mug that brightens every brew. An 11oz white ceramic mug that's dishwasher and microwave safe. Order today.
worlds-best-sports-coach,World's No.1 Sports Coach Mug | Foxy Printing,World's No.1 Sports Coach Mug: a cheerful gift for home or the office. An 11oz white ceramic mug that's dishwasher and microwave safe. Treat them today.
worlds-best-sports-development-officer,World's No.1 Sports Development Officer Mug | Foxy Printing,"World's No.1 Sports Development Officer Mug: a cheerful gift for home or the office. Sublimation printed, so the design is part of the glaze. Order today."
worlds-best-sports-therapist,World's No.1 Sports Therapist Mug | Foxy Printing,World's No.1 Sports Therapist Mug: a fun gift for any tea or coffee lover. Dishwasher and microwave safe. Made in North Yorkshire. Order today.
worlds-best-spotter,World's No.1 Spotter Mug | Foxy Printing,"World's No.1 Spotter Mug: a fun gift for any tea or coffee lover. Printed on an 11oz glossy ceramic mug, safe in the dishwasher and microwave. Order today."
worlds-best-spraying-machine-operator,World's No.1 Spraying Machine Operator Mug | Foxy Printing,"World's No.1 Spraying Machine Operator Mug: a smile with every cuppa. 11oz ceramic, dishwasher safe. A great gift idea. Order now and make their day."
worlds-best-staff-psychologist,World's No.1 Staff Psychologist Mug | Foxy Printing,"World's No.1 Staff Psychologist Mug: a smile with every cuppa. 11oz ceramic, dishwasher safe. Made in North Yorkshire. Add it to your basket today."
worlds-best-state,World's No.1 State Mug | Foxy Printing,World's No.1 State Mug: a mug that brightens every brew. An 11oz white ceramic mug that's dishwasher and microwave safe. Add it to your basket today.
worlds-best-statement-clerk,World's No.1 Statement Clerk Mug | Foxy Printing,"World's No.1 Statement Clerk Mug: a cheerful gift for home or the office. 11oz ceramic, dishwasher safe. A great gift idea. Add it to your basket today."
worlds-best-stationary-engineer,World's No.1 Stationary Engineer Mug | Foxy Printing,"World's No.1 Stationary Engineer Mug: a fun gift for any tea or coffee lover. Sublimation printed, so the design is part of the glaze. Treat them today."
worlds-best-statistical-assistant,World's No.1 Statistical Assistant Mug | Foxy Printing,"World's No.1 Statistical Assistant Mug: a fun gift for any tea or coffee lover. Sublimation printed, so the design is part of the glaze. Order yours today."
worlds-best-statistician,World's No.1 Statistician Mug | Foxy Printing,"World's No.1 Statistician Mug: a cheerful gift for home or the office. 11oz ceramic, dishwasher safe. Made in North Yorkshire. Order yours today."
worlds-best-steel-worker,World's No.1 Steel Worker Mug | Foxy Printing,"World's No.1 Steel Worker Mug: a smile with every cuppa. 11oz ceramic, dishwasher safe. Made in North Yorkshire. Add it to your basket today."
worlds-best-stevedore,World's No.1 Stevedore Mug | Foxy Printing,World's No.1 Stevedore Mug: a smile with every cuppa. An 11oz white ceramic mug that's dishwasher and microwave safe. Order now and make their day.
worlds-best-stock-broker,World's No.1 Stock Broker Mug | Foxy Printing,World's No.1 Stock Broker Mug: a fun gift for any tea or coffee lover. Dishwasher and microwave safe. A great gift idea. Order now and make their day.
worlds-best-stock-clerk,World's No.1 Stock Clerk Mug | Foxy Printing,"World's No.1 Stock Clerk Mug: a cheerful gift for home or the office. Sublimation printed, so the design is part of the glaze. Order yours today."
worlds-best-stockbroker,World's No.1 Stockbroker Mug | Foxy Printing,"World's No.1 Stockbroker Mug: a fun gift for any tea or coffee lover. Sublimation printed, so the design is part of the glaze. Order yours today."
worlds-best-stone-cutter,World's No.1 Stone Cutter Mug | Foxy Printing,World's No.1 Stone Cutter Mug: a cheerful gift for home or the office. Dishwasher and microwave safe. Made in North Yorkshire. Order yours today.
worlds-best-stone-sawyer,World's No.1 Stone Sawyer Mug | Foxy Printing,World's No.1 Stone Sawyer Mug: a cheerful gift for home or the office. Dishwasher and microwave safe. Made in North Yorkshire. Add it to your basket today.
worlds-best-stonemason,World's No.1 Stonemason Mug | Foxy Printing,World's No.1 Stonemason Mug: a mug that brightens every brew. Dishwasher and microwave safe. A great gift idea. Add it to your basket today.
worlds-best-storage-manager,World's No.1 Storage Manager Mug | Foxy Printing,World's No.1 Storage Manager Mug: a fun gift for any tea or coffee lover. Dishwasher and microwave safe. Made in North Yorkshire. Treat them today.
worlds-best-streetcar-operator,World's No.1 Streetcar Operator Mug | Foxy Printing,"World's No.1 Streetcar Operator Mug: a cheerful gift for home or the office. Sublimation printed, so the design is part of the glaze. Order yours today."
worlds-best-stringed-instrument-repairer-and-tuner,World's No.1 Stringed Instrument Repairer and Tuner Mug,"World's No.1 Stringed Instrument Repairer and Tuner Mug: a cheerful gift for home or the office. 11oz ceramic, dishwasher safe. Order yours today."
worlds-best-stripper,World's No.1 Stripper Mug | Foxy Printing,"World's No.1 Stripper Mug: a cheerful gift for home or the office. Sublimation printed, so the design is part of the glaze. Add it to your basket today."
worlds-best-structural-engineer,World's No.1 Structural Engineer Mug | Foxy Printing,"World's No.1 Structural Engineer Mug: a smile with every cuppa. Printed on an 11oz glossy ceramic mug, safe in the dishwasher and microwave. Order today."
worlds-best-structural-iron-and-steel-worker,World's No.1 Structural Iron and Steel Worker Mug,"World's No.1 Structural Iron and Steel Worker Mug: a cheerful gift for home or the office. 11oz ceramic, dishwasher safe. Add it to your basket today."
worlds-best-structural-metal-fabricator,World's No.1 Structural Metal Fabricator Mug | Foxy Printing,"World's No.1 Structural Metal Fabricator Mug: a cheerful gift for home or the office. Sublimation printed, so the design is part of the glaze. Order today."
worlds-best-substance-abuse-counselor,World's No.1 Substance Abuse Counselor Mug | Foxy Printing,World's No.1 Substance Abuse Counselor Mug: a mug that brightens every brew. An 11oz white ceramic mug that's dishwasher and microwave safe. Order today.
worlds-best-substance-abuse-social-worker,World's No.1 Substance Abuse Social Worker Mug,World's No.1 Substance Abuse Social Worker Mug: a fun gift for any tea or coffee lover. Dishwasher and microwave safe. Add it to your basket today.
worlds-best-substation-maintenance,World's No.1 Substation Maintenance Mug | Foxy Printing,"World's No.1 Substation Maintenance Mug: a mug that brightens every brew. Sublimation printed, so the design is part of the glaze. Order yours today."
worlds-best-supervisor-correctional-officer,World's No.1 Supervisor Correctional Officer Mug,World's No.1 Supervisor Correctional Officer Mug: a fun gift for any tea or coffee lover. Dishwasher and microwave safe. Order now and make their day.
worlds-best-supervisor-fire-fighting-worker,World's No.1 Supervisor Fire Fighting Worker Mug,World's No.1 Supervisor Fire Fighting Worker Mug: a cheerful gift for home or the office. Dishwasher and microwave safe. Order now and make their day.
worlds-best-supervisor-of-customer-service,World's No.1 Supervisor of Customer Service Mug,World's No.1 Supervisor of Customer Service Mug: a fun gift for any tea or coffee lover. Dishwasher and microwave safe. Order now and make their day.
worlds-best-supervisor-of-police,World's No.1 Supervisor of Police Mug | Foxy Printing,"World's No.1 Supervisor of Police Mug: a mug that brightens every brew. 11oz ceramic, dishwasher safe. Made in North Yorkshire. Treat them today."
worlds-best-surgeon,World's No.1 Surgeon Mug | Foxy Printing,"World's No.1 Surgeon Mug: a smile with every cuppa. Printed on an 11oz glossy ceramic mug, safe in the dishwasher and microwave. Treat them today."
worlds-best-surgical-technologist,World's No.1 Surgical Technologist Mug | Foxy Printing,World's No.1 Surgical Technologist Mug: a smile with every cuppa. Dishwasher and microwave safe. A great gift idea. Add it to your basket today.
worlds-best-survey-researcher,World's No.1 Survey Researcher Mug | Foxy Printing,World's No.1 Survey Researcher Mug: a mug that brightens every brew. An 11oz white ceramic mug that's dishwasher and microwave safe. Treat them today.
worlds-best-surveying-and-mapping-technician,World's No.1 Surveying and Mapping Technician Mug,World's No.1 Surveying and Mapping Technician Mug: a cheerful gift for home or the office. Dishwasher and microwave safe. Order yours today.
worlds-best-surveying-technician,World's No.1 Surveying Technician Mug | Foxy Printing,"World's No.1 Surveying Technician Mug: a fun gift for any tea or coffee lover. Sublimation printed, so the design is part of the glaze. Treat them today."
worlds-best-surveyor,World's No.1 Surveyor Mug | Foxy Printing,"World's No.1 Surveyor Mug: a cheerful gift for home or the office. 11oz ceramic, dishwasher safe. Made in North Yorkshire. Order yours today."
worlds-best-sys-admin,World's No.1 Sys Admin Mug | Foxy Printing,World's No.1 Sys Admin Mug: a fun gift for any tea or coffee lover. Dishwasher and microwave safe. A great gift idea. Order now and make their day.
worlds-best-system-administrator,World's No.1 System Administrator Mug | Foxy Printing,"World's No.1 System Administrator Mug: a fun gift for any tea or coffee lover. Sublimation printed, so the design is part of the glaze. Order today."
worlds-best-systems-analyst,World's No.1 Systems Analyst Mug | Foxy Printing,World's No.1 Systems Analyst Mug: a mug that brightens every brew. Dishwasher and microwave safe. Made in North Yorkshire. Order now and make their day.
worlds-best-systems-developer,World's No.1 Systems Developer Mug | Foxy Printing,"World's No.1 Systems Developer Mug: a cheerful gift for home or the office. Sublimation printed, so the design is part of the glaze. Treat them today."
worlds-best-systems-programmer,World's No.1 Systems Programmer Mug | Foxy Printing,"World's No.1 Systems Programmer Mug: a mug that brightens every brew. 11oz ceramic, dishwasher safe. Made in North Yorkshire. Add it to your basket today."
worlds-best-tailor,World's No.1 Tailor Mug | Foxy Printing,"World's No.1 Tailor Mug: a cheerful gift for home or the office. Sublimation printed, so the design is part of the glaze. Add it to your basket today."
worlds-best-talent-acquisition-manager,World's No.1 Talent Acquisition Manager Mug | Foxy Printing,"World's No.1 Talent Acquisition Manager Mug: a smile with every cuppa. 11oz ceramic, dishwasher safe. Made in North Yorkshire. Add it to your basket today."
worlds-best-talent-director,World's No.1 Talent Director Mug | Foxy Printing,World's No.1 Talent Director Mug: a cheerful gift for home or the office. An 11oz white ceramic mug that's dishwasher and microwave safe. Order today.
worlds-best-tank-car,World's No.1 Tank Car Mug | Foxy Printing,World's No.1 Tank Car Mug: a smile with every cuppa. An 11oz white ceramic mug that's dishwasher and microwave safe. Order now and make their day.
worlds-best-taper,World's No.1 Taper Mug | Foxy Printing,World's No.1 Taper Mug: a mug that brightens every brew. Dishwasher and microwave safe. Made in North Yorkshire. Order now and make their day.
worlds-best-tax-examiner,World's No.1 Tax Examiner Mug | Foxy Printing,World's No.1 Tax Examiner Mug: a mug that brightens every brew. An 11oz white ceramic mug that's dishwasher and microwave safe. Order today.
worlds-best-tax-inspector,World's No.1 Tax Inspector Mug | Foxy Printing,"World's No.1 Tax Inspector Mug: a smile with every cuppa. Printed on an 11oz glossy ceramic mug, safe in the dishwasher and microwave. Treat them today."
worlds-best-tax-preparer,World's No.1 Tax Preparer Mug | Foxy Printing,"World's No.1 Tax Preparer Mug: a fun gift for any tea or coffee lover. Sublimation printed, so the design is part of the glaze. Order yours today."
worlds-best-taxi-drivers-and-chauffeur,World's No.1 Taxi Drivers and Chauffeur Mug | Foxy Printing,"World's No.1 Taxi Drivers and Chauffeur Mug: a fun gift for any tea or coffee lover. Sublimation printed, so the design is part of the glaze. Order today."
worlds-best-teacher,World's No.1 Teacher Mug | Foxy Printing,World's No.1 Teacher Mug: a fun gift for any tea or coffee lover. Dishwasher and microwave safe. Made in North Yorkshire. Order now and make their day.
worlds-best-teacher-assistant,World's No.1 Teacher Assistant Mug | Foxy Printing,"World's No.1 Teacher Assistant Mug: a smile with every cuppa. Printed on an 11oz glossy ceramic mug, safe in the dishwasher and microwave. Order today."
worlds-best-team-assembler,World's No.1 Team Assembler Mug | Foxy Printing,"World's No.1 Team Assembler Mug: a fun gift for any tea or coffee lover. Sublimation printed, so the design is part of the glaze. Order yours today."
worlds-best-technical-author,World's No.1 Technical Author Mug | Foxy Printing,"World's No.1 Technical Author Mug: a fun gift for any tea or coffee lover. Sublimation printed, so the design is part of the glaze. Treat them today."
worlds-best-technical-director,World's No.1 Technical Director Mug | Foxy Printing,"World's No.1 Technical Director Mug: a cheerful gift for home or the office. Sublimation printed, so the design is part of the glaze. Treat them today."
worlds-best-technical-program-manager,World's No.1 Technical Program Manager Mug | Foxy Printing,"World's No.1 Technical Program Manager Mug: a cheerful gift for home or the office. Sublimation printed, so the design is part of the glaze. Order today."
worlds-best-technical-sales-engineer,World's No.1 Technical Sales Engineer Mug | Foxy Printing,"World's No.1 Technical Sales Engineer Mug: a cheerful gift for home or the office. Sublimation printed, so the design is part of the glaze. Order today."
worlds-best-technical-specialist,World's No.1 Technical Specialist Mug | Foxy Printing,"World's No.1 Technical Specialist Mug: a cheerful gift for home or the office. 11oz ceramic, dishwasher safe. Made in North Yorkshire. Order yours today."
worlds-best-technical-writer,World's No.1 Technical Writer Mug | Foxy Printing,"World's No.1 Technical Writer Mug: a fun gift for any tea or coffee lover. Sublimation printed, so the design is part of the glaze. Treat them today."
worlds-best-telecommunications-equipment-installer,World's No.1 Telecommunications Equipment Installer Mug,"World's No.1 Telecommunications Equipment Installer Mug: a fun gift for any tea or coffee lover. 11oz ceramic, dishwasher safe. Order yours today."
worlds-best-telecommunications-facility-examiner,World's No.1 Telecommunications Facility Examiner Mug,World's No.1 Telecommunications Facility Examiner Mug: a fun gift for any tea or coffee lover. Dishwasher and microwave safe. Order yours today.
worlds-best-telecommunications-line-installer,World's No.1 Telecommunications Line Installer Mug,World's No.1 Telecommunications Line Installer Mug: a cheerful gift for home or the office. Dishwasher and microwave safe. Order now and make their day.
worlds-best-telemarketer,World's No.1 Telemarketer Mug | Foxy Printing,"World's No.1 Telemarketer Mug: a mug that brightens every brew. 11oz ceramic, dishwasher safe. Made in North Yorkshire. Add it to your basket today."
worlds-best-telephone-operator,World's No.1 Telephone Operator Mug | Foxy Printing,World's No.1 Telephone Operator Mug: a fun gift for any tea or coffee lover. An 11oz white ceramic mug that's dishwasher and microwave safe. Order today.
worlds-best-telephone-station-installer-and-repairer,World's No.1 Telephone Station Installer and Repairer Mug,World's No.1 Telephone Station Installer and Repairer Mug: a mug that brightens every brew. Dishwasher and microwave safe. Treat them today.
worlds-best-television-production-assistant,World's No.1 Television Production Assistant Mug,"World's No.1 Television Production Assistant Mug: a smile with every cuppa. Sublimation printed, so the design is part of the glaze. Treat them today."
worlds-best-teller,World's No.1 Teller Mug | Foxy Printing,World's No.1 Teller Mug: a smile with every cuppa. An 11oz white ceramic mug that's dishwasher and microwave safe. Add it to your basket today.
worlds-best-terrazzo-workes-and-finisher,World's No.1 Terrazzo Workes and Finisher Mug,World's No.1 Terrazzo Workes and Finisher Mug: a cheerful gift for home or the office. Dishwasher and microwave safe. Order now and make their day.
worlds-best-tesl-teacher,World's No.1 Tesl Teacher Mug | Foxy Printing,World's No.1 Tesl Teacher Mug: a fun gift for any tea or coffee lover. An 11oz white ceramic mug that's dishwasher and microwave safe. Order yours today.
worlds-best-textile-cutting-machine-operator,World's No.1 Textile Cutting Machine Operator Mug,"World's No.1 Textile Cutting Machine Operator Mug: a mug that brightens every brew. 11oz ceramic, dishwasher safe. Add it to your basket today."
worlds-best-textile-dyeing-machine-operator,World's No.1 Textile Dyeing Machine Operator Mug,"World's No.1 Textile Dyeing Machine Operator Mug: a mug that brightens every brew. Sublimation printed, so the design is part of the glaze. Order today."
worlds-best-textile-knitting-machine-operator,World's No.1 Textile Knitting Machine Operator Mug,World's No.1 Textile Knitting Machine Operator Mug: a smile with every cuppa. Dishwasher and microwave safe. A great gift idea. Treat them today.
worlds-best-textile-machine-operator,World's No.1 Textile Machine Operator Mug | Foxy Printing,"World's No.1 Textile Machine Operator Mug: a cheerful gift for home or the office. Sublimation printed, so the design is part of the glaze. Order today."
worlds-best-textile-worker,World's No.1 Textile Worker Mug | Foxy Printing,World's No.1 Textile Worker Mug: a smile with every cuppa. An 11oz white ceramic mug that's dishwasher and microwave safe. Order yours today.
worlds-best-theatre-set-designer,World's No.1 Theatre Set Designer Mug | Foxy Printing,World's No.1 Theatre Set Designer Mug: a mug that brightens every brew. Dishwasher and microwave safe. Made in North Yorkshire. Order today.
worlds-best-therapist,World's No.1 Therapist Mug | Foxy Printing,"World's No.1 Therapist Mug: a mug that brightens every brew. Sublimation printed, so the design is part of the glaze. Add it to your basket today."
worlds-best-ticket-agent,World's No.1 Ticket Agent Mug | Foxy Printing,"World's No.1 Ticket Agent Mug: a smile with every cuppa. 11oz ceramic, dishwasher safe. Made in North Yorkshire. Order now and make their day."
worlds-best-tile-setter,World's No.1 Tile Setter Mug | Foxy Printing,"World's No.1 Tile Setter Mug: a mug that brightens every brew. 11oz ceramic, dishwasher safe. Made in North Yorkshire. Order now and make their day."
worlds-best-timing-device-assembler,World's No.1 Timing Device Assembler Mug | Foxy Printing,"World's No.1 Timing Device Assembler Mug: a fun gift for any tea or coffee lover. Sublimation printed, so the design is part of the glaze. Order today."
worlds-best-tire-builder,World's No.1 Tire Builder Mug | Foxy Printing,World's No.1 Tire Builder Mug: a cheerful gift for home or the office. Dishwasher and microwave safe. A great gift idea. Add it to your basket today.
worlds-best-tire-changer,World's No.1 Tire Changer Mug | Foxy Printing,World's No.1 Tire Changer Mug: a mug that brightens every brew. Dishwasher and microwave safe. Made in North Yorkshire. Add it to your basket today.
worlds-best-title-abstractor,World's No.1 Title Abstractor Mug | Foxy Printing,World's No.1 Title Abstractor Mug: a mug that brightens every brew. An 11oz white ceramic mug that's dishwasher and microwave safe. Order yours today.
worlds-best-title-examiner,World's No.1 Title Examiner Mug | Foxy Printing,"World's No.1 Title Examiner Mug: a smile with every cuppa. 11oz ceramic, dishwasher safe. Made in North Yorkshire. Add it to your basket today."
worlds-best-title-searcher,World's No.1 Title Searcher Mug | Foxy Printing,"World's No.1 Title Searcher Mug: a cheerful gift for home or the office. Sublimation printed, so the design is part of the glaze. Treat them today."
worlds-best-tool-and-die-maker,World's No.1 Tool and Die Maker Mug | Foxy Printing,"World's No.1 Tool and Die Maker Mug: a smile with every cuppa. Sublimation printed, so the design is part of the glaze. Add it to your basket today."
worlds-best-tool-set-up-operator,World's No.1 Tool Set Up Operator Mug | Foxy Printing,World's No.1 Tool Set Up Operator Mug: a fun gift for any tea or coffee lover. Dishwasher and microwave safe. Made in North Yorkshire. Order yours today.
worlds-best-tool-sharpener,World's No.1 Tool Sharpener Mug | Foxy Printing,World's No.1 Tool Sharpener Mug: a fun gift for any tea or coffee lover. Dishwasher and microwave safe. Made in North Yorkshire. Treat them today.
worlds-best-tour-guide,World's No.1 Tour Guide Mug | Foxy Printing,World's No.1 Tour Guide Mug: a cheerful gift for home or the office. An 11oz white ceramic mug that's dishwasher and microwave safe. Treat them today.
worlds-best-tour-operator,World's No.1 Tour Operator Mug | Foxy Printing,"World's No.1 Tour Operator Mug: a cheerful gift for home or the office. Sublimation printed, so the design is part of the glaze. Treat them today."
worlds-best-tourism-officer,World's No.1 Tourism Officer Mug | Foxy Printing,World's No.1 Tourism Officer Mug: a fun gift for any tea or coffee lover. An 11oz white ceramic mug that's dishwasher and microwave safe. Treat them today.
worlds-best-tourist-information-manager,World's No.1 Tourist Information Manager Mug | Foxy Printing,World's No.1 Tourist Information Manager Mug: a fun gift for any tea or coffee lover. Dishwasher and microwave safe. Add it to your basket today.
worlds-best-town-and-country-planner,World's No.1 Town and Country Planner Mug | Foxy Printing,World's No.1 Town and Country Planner Mug: a mug that brightens every brew. Dishwasher and microwave safe. Made in North Yorkshire. Order today.
worlds-best-toxicologist,World's No.1 Toxicologist Mug | Foxy Printing,"World's No.1 Toxicologist Mug: a fun gift for any tea or coffee lover. 11oz ceramic, dishwasher safe. A great gift idea. Order now and make their day."
worlds-best-tractor-operator,World's No.1 Tractor Operator Mug | Foxy Printing,"World's No.1 Tractor Operator Mug: a cheerful gift for home or the office. Sublimation printed, so the design is part of the glaze. Order today."
worlds-best-tractor-trailer-truck-driver,World's No.1 Tractor Trailer Truck Driver Mug,World's No.1 Tractor Trailer Truck Driver Mug: a fun gift for any tea or coffee lover. Dishwasher and microwave safe. Order now and make their day.
worlds-best-trade-union-research-officer,World's No.1 Trade Union Research Officer Mug,World's No.1 Trade Union Research Officer Mug: a fun gift for any tea or coffee lover. Dishwasher and microwave safe. Order now and make their day.
worlds-best-trader,World's No.1 Trader Mug | Foxy Printing,"World's No.1 Trader Mug: a mug that brightens every brew. 11oz ceramic, dishwasher safe. Made in North Yorkshire. Order now and make their day."
worlds-best-trading-standards-officer,World's No.1 Trading Standards Officer Mug | Foxy Printing,"World's No.1 Trading Standards Officer Mug: a fun gift for any tea or coffee lover. Sublimation printed, so the design is part of the glaze. Order today."
worlds-best-traffic-technician,World's No.1 Traffic Technician Mug | Foxy Printing,"World's No.1 Traffic Technician Mug: a fun gift for any tea or coffee lover. Sublimation printed, so the design is part of the glaze. Order today."
worlds-best-train-crew,World's No.1 Train Crew Mug | Foxy Printing,World's No.1 Train Crew Mug: a mug that brightens every brew. Dishwasher and microwave safe. Made in North Yorkshire. Order now and make their day.
worlds-best-trainer,World's No.1 Trainer Mug | Foxy Printing,"World's No.1 Trainer Mug: a smile with every cuppa. Sublimation printed, so the design is part of the glaze. Made in North Yorkshire. Treat them today."
worlds-best-training-and-development-officer,World's No.1 Training and Development Officer Mug,"World's No.1 Training and Development Officer Mug: a cheerful gift for home or the office. 11oz ceramic, dishwasher safe. Add it to your basket today."
worlds-best-training-manager,World's No.1 Training Manager Mug | Foxy Printing,World's No.1 Training Manager Mug: a fun gift for any tea or coffee lover. An 11oz white ceramic mug that's dishwasher and microwave safe. Order today.
worlds-best-transformer-repairer,World's No.1 Transformer Repairer Mug | Foxy Printing,"World's No.1 Transformer Repairer Mug: a smile with every cuppa. 11oz ceramic, dishwasher safe. Made in North Yorkshire. Add it to your basket today."
worlds-best-transit-police,World's No.1 Transit Police Mug | Foxy Printing,"World's No.1 Transit Police Mug: a smile with every cuppa. 11oz ceramic, dishwasher safe. Made in North Yorkshire. Add it to your basket today."
worlds-best-translator,World's No.1 Translator Mug | Foxy Printing,World's No.1 Translator Mug: a cheerful gift for home or the office. Dishwasher and microwave safe. Made in North Yorkshire. Add it to your basket today.
worlds-best-transportation-and-material-moving,World's No.1 Transportation and Material Moving Mug,"World's No.1 Transportation and Material Moving Mug: a fun gift for any tea or coffee lover. 11oz ceramic, dishwasher safe. Order yours today."
worlds-best-transportation-attendant,World's No.1 Transportation Attendant Mug | Foxy Printing,World's No.1 Transportation Attendant Mug: a fun gift for any tea or coffee lover. Dishwasher and microwave safe. Order now and make their day.
worlds-best-transportation-equipment-maintenance,World's No.1 Transportation Equipment Maintenance Mug,World's No.1 Transportation Equipment Maintenance Mug: a mug that brightens every brew. Dishwasher and microwave safe. Order now and make their day.
worlds-best-transportation-equipment-painter,World's No.1 Transportation Equipment Painter Mug,"World's No.1 Transportation Equipment Painter Mug: a mug that brightens every brew. Sublimation printed, so the design is part of the glaze. Order today."
worlds-best-transportation-inspector,World's No.1 Transportation Inspector Mug | Foxy Printing,World's No.1 Transportation Inspector Mug: a mug that brightens every brew. Dishwasher and microwave safe. Made in North Yorkshire. Treat them today.
worlds-best-transportation-manager,World's No.1 Transportation Manager Mug | Foxy Printing,"World's No.1 Transportation Manager Mug: a fun gift for any tea or coffee lover. Sublimation printed, so the design is part of the glaze. Order today."
worlds-best-transportation-planner,World's No.1 Transportation Planner Mug | Foxy Printing,World's No.1 Transportation Planner Mug: a smile with every cuppa. An 11oz white ceramic mug that's dishwasher and microwave safe. Treat them today.
worlds-best-transportation-worker,World's No.1 Transportation Worker Mug | Foxy Printing,World's No.1 Transportation Worker Mug: a smile with every cuppa. Dishwasher and microwave safe. Made in North Yorkshire. Order now and make their day.
worlds-best-travel-agent,World's No.1 Travel Agent Mug | Foxy Printing,World's No.1 Travel Agent Mug: a cheerful gift for home or the office. An 11oz white ceramic mug that's dishwasher and microwave safe. Order yours today.
worlds-best-travel-clerk,World's No.1 Travel Clerk Mug | Foxy Printing,"World's No.1 Travel Clerk Mug: a cheerful gift for home or the office. Sublimation printed, so the design is part of the glaze. Treat them today."
worlds-best-travel-guide,World's No.1 Travel Guide Mug | Foxy Printing,"World's No.1 Travel Guide Mug: a cheerful gift for home or the office. 11oz ceramic, dishwasher safe. Made in North Yorkshire. Add it to your basket today."
worlds-best-tree-trimmer,World's No.1 Tree Trimmer Mug | Foxy Printing,"World's No.1 Tree Trimmer Mug: a cheerful gift for home or the office. 11oz ceramic, dishwasher safe. A great gift idea. Order now and make their day."
worlds-best-truck-driver,World's No.1 Truck Driver Mug | Foxy Printing,"World's No.1 Truck Driver Mug: a fun gift for any tea or coffee lover. 11oz ceramic, dishwasher safe. Made in North Yorkshire. Order yours today."
worlds-best-tsa,World's No.1 Tsa Mug | Foxy Printing,"World's No.1 Tsa Mug: a fun gift for any tea or coffee lover. Sublimation printed, so the design is part of the glaze. Order now and make their day."
worlds-best-typesetter,World's No.1 Typesetter Mug | Foxy Printing,"World's No.1 Typesetter Mug: a fun gift for any tea or coffee lover. Sublimation printed, so the design is part of the glaze. Order yours today."
worlds-best-typesetting-machine-operator,World's No.1 Typesetting Machine Operator Mug,World's No.1 Typesetting Machine Operator Mug: a cheerful gift for home or the office. Dishwasher and microwave safe. Order now and make their day.
worlds-best-umpire-and-referee,World's No.1 Umpire and Referee Mug | Foxy Printing,World's No.1 Umpire and Referee Mug: a cheerful gift for home or the office. An 11oz white ceramic mug that's dishwasher and microwave safe. Order today.
worlds-best-underground-mining,World's No.1 Underground Mining Mug | Foxy Printing,"World's No.1 Underground Mining Mug: a cheerful gift for home or the office. Sublimation printed, so the design is part of the glaze. Treat them today."
worlds-best-university,World's No.1 University Mug | Foxy Printing,"World's No.1 University Mug: a cheerful gift for home or the office. 11oz ceramic, dishwasher safe. Made in North Yorkshire. Treat them today."
worlds-best-upholsterer,World's No.1 Upholsterer Mug | Foxy Printing,"World's No.1 Upholsterer Mug: a smile with every cuppa. Sublimation printed, so the design is part of the glaze. Order now and make their day."
worlds-best-urban-general-practice-surveyor,World's No.1 Urban General Practice Surveyor Mug,World's No.1 Urban General Practice Surveyor Mug: a fun gift for any tea or coffee lover. Dishwasher and microwave safe. Add it to your basket today.
worlds-best-urban-planner,World's No.1 Urban Planner Mug | Foxy Printing,"World's No.1 Urban Planner Mug: a cheerful gift for home or the office. Sublimation printed, so the design is part of the glaze. Order yours today."
worlds-best-user-experience-manager,World's No.1 User Experience Manager Mug | Foxy Printing,"World's No.1 User Experience Manager Mug: a fun gift for any tea or coffee lover. Sublimation printed, so the design is part of the glaze. Order today."
worlds-best-user-experience-researcher,World's No.1 User Experience Researcher Mug | Foxy Printing,"World's No.1 User Experience Researcher Mug: a mug that brightens every brew. Sublimation printed, so the design is part of the glaze. Treat them today."
worlds-best-usher,World's No.1 Usher Mug | Foxy Printing,"World's No.1 Usher Mug: a fun gift for any tea or coffee lover. Printed on an 11oz glossy ceramic mug, safe in the dishwasher and microwave. Order today."
worlds-best-utility-meter-reader,World's No.1 Utility Meter Reader Mug | Foxy Printing,World's No.1 Utility Meter Reader Mug: a mug that brightens every brew. An 11oz white ceramic mug that's dishwasher and microwave safe. Treat them today.
worlds-best-valve-repairer,World's No.1 Valve Repairer Mug | Foxy Printing,"World's No.1 Valve Repairer Mug: a cheerful gift for home or the office. Sublimation printed, so the design is part of the glaze. Order yours today."
worlds-best-vending-machine-servicer,World's No.1 Vending Machine Servicer Mug | Foxy Printing,"World's No.1 Vending Machine Servicer Mug: a mug that brightens every brew. 11oz ceramic, dishwasher safe. Made in North Yorkshire. Order today."
worlds-best-verbatim-reporter,World's No.1 Verbatim Reporter Mug | Foxy Printing,World's No.1 Verbatim Reporter Mug: a smile with every cuppa. An 11oz white ceramic mug that's dishwasher and microwave safe. Treat them today.
worlds-best-veterinarian,World's No.1 Veterinarian Mug | Foxy Printing,World's No.1 Veterinarian Mug: a mug that brightens every brew. Dishwasher and microwave safe. Made in North Yorkshire. Add it to your basket today.
worlds-best-veterinary-assistant,World's No.1 Veterinary Assistant Mug | Foxy Printing,World's No.1 Veterinary Assistant Mug: a mug that brightens every brew. Dishwasher and microwave safe. A great gift idea. Order now and make their day.
worlds-best-veterinary-nurse,World's No.1 Veterinary Nurse Mug | Foxy Printing,"World's No.1 Veterinary Nurse Mug: a cheerful gift for home or the office. Sublimation printed, so the design is part of the glaze. Order yours today."
worlds-best-veterinary-surgeon,World's No.1 Veterinary Surgeon Mug | Foxy Printing,"World's No.1 Veterinary Surgeon Mug: a smile with every cuppa. Sublimation printed, so the design is part of the glaze. Order now and make their day."
worlds-best-veterinary-technician,World's No.1 Veterinary Technician Mug | Foxy Printing,"World's No.1 Veterinary Technician Mug: a cheerful gift for home or the office. 11oz ceramic, dishwasher safe. Order now and make their day."
worlds-best-vice-president-of-human-resources,World's No.1 Vice President of Human Resources Mug,World's No.1 Vice President of Human Resources Mug: a cheerful gift for home or the office. Dishwasher and microwave safe. Order yours today.
worlds-best-vice-president-of-marketing,World's No.1 Vice President of Marketing Mug | Foxy Printing,"World's No.1 Vice President of Marketing Mug: a cheerful gift for home or the office. Sublimation printed, so the design is part of the glaze. Order today."
worlds-best-video-editor,World's No.1 Video Editor Mug | Foxy Printing,"World's No.1 Video Editor Mug: a fun gift for any tea or coffee lover. Sublimation printed, so the design is part of the glaze. Treat them today."
worlds-best-visual-designer,World's No.1 Visual Designer Mug | Foxy Printing,"World's No.1 Visual Designer Mug: a fun gift for any tea or coffee lover. Sublimation printed, so the design is part of the glaze. Order yours today."
worlds-best-vocational-education-teacher,World's No.1 Vocational Education Teacher Mug,World's No.1 Vocational Education Teacher Mug: a fun gift for any tea or coffee lover. Dishwasher and microwave safe. Add it to your basket today.
worlds-best-volunteer-work-organiser,World's No.1 Volunteer Work Organiser Mug | Foxy Printing,"World's No.1 Volunteer Work Organiser Mug: a cheerful gift for home or the office. Sublimation printed, so the design is part of the glaze. Order today."
worlds-best-waiter,World's No.1 Waiter Mug | Foxy Printing,"World's No.1 Waiter Mug: a fun gift for any tea or coffee lover. Sublimation printed, so the design is part of the glaze. Order now and make their day."
worlds-best-waitress,World's No.1 Waitress Mug | Foxy Printing,World's No.1 Waitress Mug: a smile with every cuppa. An 11oz white ceramic mug that's dishwasher and microwave safe. Add it to your basket today.
worlds-best-warehouse,World's No.1 Warehouse Mug | Foxy Printing,World's No.1 Warehouse Mug: a mug that brightens every brew. An 11oz white ceramic mug that's dishwasher and microwave safe. Order yours today.
worlds-best-warehouse-manager,World's No.1 Warehouse Manager Mug | Foxy Printing,World's No.1 Warehouse Manager Mug: a smile with every cuppa. An 11oz white ceramic mug that's dishwasher and microwave safe. Add it to your basket today.
worlds-best-washing-equipment-operator,World's No.1 Washing Equipment Operator Mug | Foxy Printing,"World's No.1 Washing Equipment Operator Mug: a mug that brightens every brew. Sublimation printed, so the design is part of the glaze. Order yours today."
worlds-best-waste-disposal-officer,World's No.1 Waste Disposal Officer Mug | Foxy Printing,"World's No.1 Waste Disposal Officer Mug: a fun gift for any tea or coffee lover. Sublimation printed, so the design is part of the glaze. Treat them today."
worlds-best-waste-treatment-plant-operator,World's No.1 Waste Treatment Plant Operator Mug,"World's No.1 Waste Treatment Plant Operator Mug: a smile with every cuppa. 11oz ceramic, dishwasher safe. Made in North Yorkshire. Order yours today."
worlds-best-watch-repairer,World's No.1 Watch Repairer Mug | Foxy Printing,"World's No.1 Watch Repairer Mug: a smile with every cuppa. Printed on an 11oz glossy ceramic mug, safe in the dishwasher and microwave. Order yours today."
worlds-best-water-conservation-officer,World's No.1 Water Conservation Officer Mug | Foxy Printing,"World's No.1 Water Conservation Officer Mug: a cheerful gift for home or the office. Sublimation printed, so the design is part of the glaze. Order today."
worlds-best-water-engineer,World's No.1 Water Engineer Mug | Foxy Printing,"World's No.1 Water Engineer Mug: a fun gift for any tea or coffee lover. 11oz ceramic, dishwasher safe. Made in North Yorkshire. Order yours today."
worlds-best-weapons-specialist,World's No.1 Weapons Specialist Mug | Foxy Printing,World's No.1 Weapons Specialist Mug: a cheerful gift for home or the office. Dishwasher and microwave safe. Made in North Yorkshire. Order today.
worlds-best-web-designer,World's No.1 Web Designer Mug | Foxy Printing,"World's No.1 Web Designer Mug: a smile with every cuppa. 11oz ceramic, dishwasher safe. Made in North Yorkshire. Add it to your basket today."
worlds-best-web-developer,World's No.1 Web Developer Mug | Foxy Printing,World's No.1 Web Developer Mug: a mug that brightens every brew. Dishwasher and microwave safe. A great gift idea. Add it to your basket today.
worlds-best-webmaster,World's No.1 Webmaster Mug | Foxy Printing,World's No.1 Webmaster Mug: a cheerful gift for home or the office. An 11oz white ceramic mug that's dishwasher and microwave safe. Treat them today.
worlds-best-welder,World's No.1 Welder Mug | Foxy Printing,World's No.1 Welder Mug: a cheerful gift for home or the office. Dishwasher and microwave safe. Made in North Yorkshire. Order now and make their day.
worlds-best-welder-and-cutter,World's No.1 Welder and Cutter Mug | Foxy Printing,"World's No.1 Welder and Cutter Mug: a fun gift for any tea or coffee lover. Sublimation printed, so the design is part of the glaze. Treat them today."
worlds-best-welder-fitter,World's No.1 Welder Fitter Mug | Foxy Printing,"World's No.1 Welder Fitter Mug: a cheerful gift for home or the office. 11oz ceramic, dishwasher safe. Made in North Yorkshire. Order yours today."
worlds-best-welding-machine-operator,World's No.1 Welding Machine Operator Mug | Foxy Printing,"World's No.1 Welding Machine Operator Mug: a smile with every cuppa. 11oz ceramic, dishwasher safe. A great gift idea. Order now and make their day."
worlds-best-welding-machine-setter,World's No.1 Welding Machine Setter Mug | Foxy Printing,World's No.1 Welding Machine Setter Mug: a mug that brightens every brew. An 11oz white ceramic mug that's dishwasher and microwave safe. Order today.
worlds-best-welding-machine-tender,World's No.1 Welding Machine Tender Mug | Foxy Printing,"World's No.1 Welding Machine Tender Mug: a cheerful gift for home or the office. 11oz ceramic, dishwasher safe. Add it to your basket today."
worlds-best-welfare-eligibility-clerk,World's No.1 Welfare Eligibility Clerk Mug | Foxy Printing,"World's No.1 Welfare Eligibility Clerk Mug: a fun gift for any tea or coffee lover. Sublimation printed, so the design is part of the glaze. Order today."
worlds-best-welfare-rights-adviser,World's No.1 Welfare Rights Adviser Mug | Foxy Printing,"World's No.1 Welfare Rights Adviser Mug: a fun gift for any tea or coffee lover. Sublimation printed, so the design is part of the glaze. Order today."
worlds-best-well-and-core-drill-operator,World's No.1 Well and Core Drill Operator Mug,World's No.1 Well and Core Drill Operator Mug: a smile with every cuppa. An 11oz white ceramic mug that's dishwasher and microwave safe. Order today.
worlds-best-wellhead-pumper,World's No.1 Wellhead Pumper Mug | Foxy Printing,World's No.1 Wellhead Pumper Mug: a fun gift for any tea or coffee lover. Dishwasher and microwave safe. A great gift idea. Order yours today.
worlds-best-wholesale-buyer,World's No.1 Wholesale Buyer Mug | Foxy Printing,"World's No.1 Wholesale Buyer Mug: a fun gift for any tea or coffee lover. 11oz ceramic, dishwasher safe. Made in North Yorkshire. Order yours today."
worlds-best-wind-instrument-repairer,World's No.1 Wind Instrument Repairer Mug | Foxy Printing,World's No.1 Wind Instrument Repairer Mug: a fun gift for any tea or coffee lover. Dishwasher and microwave safe. Order now and make their day.
worlds-best-woodworker,World's No.1 Woodworker Mug | Foxy Printing,World's No.1 Woodworker Mug: a mug that brightens every brew. An 11oz white ceramic mug that's dishwasher and microwave safe. Add it to your basket today.
worlds-best-woodworking-machine-operator,World's No.1 Woodworking Machine Operator Mug,"World's No.1 Woodworking Machine Operator Mug: a cheerful gift for home or the office. 11oz ceramic, dishwasher safe. Add it to your basket today."
worlds-best-woodworking-machine-setter,World's No.1 Woodworking Machine Setter Mug | Foxy Printing,"World's No.1 Woodworking Machine Setter Mug: a mug that brightens every brew. Sublimation printed, so the design is part of the glaze. Order yours today."
worlds-best-word-processors-and-typist,World's No.1 Word Processors and Typist Mug | Foxy Printing,"World's No.1 Word Processors and Typist Mug: a smile with every cuppa. 11oz ceramic, dishwasher safe. Made in North Yorkshire. Order yours today."
worlds-best-writer,World's No.1 Writer Mug Worlds | Foxy Printing,World's No.1 Writer Mug Worlds: a smile with every cuppa. An 11oz white ceramic mug that's dishwasher and microwave safe. Add it to your basket today.
worlds-best-youth-worker,World's No.1 Youth Worker Mug | Foxy Printing,World's No.1 Youth Worker Mug: a fun gift for any tea or coffee lover. Dishwasher and microwave safe. A great gift idea. Add it to your basket today.
worlds-best-zoologist,World's No.1 Zoologist Mug | Foxy Printing,"World's No.1 Zoologist Mug: a cheerful gift for home or the office. Sublimation printed, so the design is part of the glaze. Order now and make their day."
worlds-greatest-farter-personalised-baby-boy-girl-unisex-short-sleeve-bodysuit,World's Greatest Farter Personalised Baby Grow,World's Greatest Farter Personalised Baby Grow: a cute pick for baby showers. Add a name to make it their own. Wash and iron inside out. Treat them today.
worlds-most-expensive-alarm-clock-personalised-baby-boy-girl-unisex-short-sleeve-bodysuit,World's Most Expensive Alarm Clock Personalised Baby Grow,World's Most Expensive Alarm Clock Personalised Baby Grow: a cute pick for baby showers. Wash and iron inside out. Add it to your basket today.
worldseries2k1,World Series 2k1 Retro Dreamcast Fridge Magnet,Bring back the classics with this retro gaming fridge magnet. Printed in-house in North Yorkshire in full colour. Add it to your basket today.
worldseries2k1-sega-dreamcast-game-keyring,Worldseries2k1 Retro Dreamcast Keyring | Foxy Printing,This retro gaming keyring is a fun little gift for any gamer. Printed in-house in North Yorkshire in full colour. Add it to your basket today.
worldseries2k2,World Series 2k2 Retro Dreamcast Fridge Magnet,Bring back the classics with this retro gaming fridge magnet. Made to order in our North Yorkshire workshop. A great gift idea. Treat them today.
worldseries2k2-sega-dreamcast-game-keyring,Worldseries2k2 Retro Dreamcast Keyring | Foxy Printing,This retro gaming keyring is a fun little gift for any gamer. Printed in-house in North Yorkshire in full colour. Add it to your basket today.
worms3d_eu,Worms 3d Video Retro GameCube Fridge Magnet | Foxy Printing,This retro gaming fridge magnet is a fun gift for any retro gamer. Printed in-house in North Yorkshire in full colour. Add it to your basket today.
wormsarmageddon-eu-ps1-playstation-1-game-keyring,Worms Armageddon Retro PS1 Fridge Magnet | Foxy Printing,A nostalgic retro gaming fridge magnet for gamers of all ages. Printed in-house in North Yorkshire in full colour. Add it to your basket today.
wormsworldparty,Worms World Party Retro Dreamcast Fridge Magnet,Bring back the classics with this retro gaming fridge magnet. Printed in-house in North Yorkshire in full colour. Order now and make their day.
wormsworldparty-gb-ps1-playstation-1-game-keyring,Worms World Party Gb Retro PS1 Fridge Magnet | Foxy Printing,Add some retro fun to the fridge with this retro gaming fridge magnet. Printed in-house in North Yorkshire in full colour. Order yours today.
wormsworldparty-sega-dreamcast-game-keyring,Wormsworldparty Retro Dreamcast Keyring | Foxy Printing,A nostalgic retro gaming keyring for retro gaming fans. Printed in-house in North Yorkshire in full colour. A great gift idea. Treat them today.
worzel-gummudge-movie-gift-framed-autographed-print-landscape,Worzel Gummudge Movie Printed Signature Print,Worzel Gummudge Movie Printed Signature Print: a lovely gift for a true fan. A printed reproduction: the signature is part of the print. Order yours today.
would-you-be-my-valentine-valentines-day-personalised-teddy-design-8-thoughtful-gift-for-him-her-22cm-teddy-bear-toy-copy,Would You Be My Valentine,Would You Be My Valentine: a great gift idea for any occasion. Add the name or text you'd like. Made to order in our North Yorkshire workshop. Order today.
wrath-of-the-black-manta-retro-nes-gaming-fridge-magnet-643,Wrath of the Black Manta Retro NES Fridge Magnet,Add some retro fun to the fridge with this retro gaming fridge magnet. Printed in North Yorkshire. A great gift idea. Add it to your basket today.
wrath-of-the-black-manta-retro-nes-gaming-keyring,World Games Retro NES Keyring | Foxy Printing,This retro gaming keyring is a fun little gift for any gamer. Made to order in our North Yorkshire workshop. A great gift idea. Order yours today.
wrecking-crew-retro-nes-gaming-fridge-magnet-644,Wrecking Crew Retro NES Fridge Magnet | Foxy Printing,A nostalgic retro gaming fridge magnet for gamers of all ages. Printed in-house in North Yorkshire in full colour. Add it to your basket today.
wrecking-crew-retro-nes-gaming-keyring,Wrath of the Black Manta Retro NES Keyring | Foxy Printing,Carry a classic with you on this retro gaming keyring. Printed in-house in North Yorkshire in full colour. A great gift idea. Add it to your basket today.
wrecklesstheyakuzamissions_eu,Wreckless the Ya Kuza Missions Retro GameCube Fridge Magnet,Bring back the classics with this retro gaming fridge magnet. Made to order in our North Yorkshire workshop. A great gift idea. Treat them today.
wrench-in-watch-dogs-2-game-birthday-card-sa,Wrench in Watch Dogs Birthday Card | Foxy Printing,Make their day with this printed card. Dispatched the same or next working day. Posted 1st Class with a free envelope. Order now and make their day.
wrench-in-watch-dogs-2-game-personalised-birthday-card-sa060917,Personalised Wrench in Watch Dogs Birthday Card,"Make their day with this personalised birthday card. Add their name, age and your own message inside. Thick 350gsm card with a free envelope. Order today."
wrestlemania-the-arcade-game-sega-32x-games-case-or-cover,Wrestlemania the Arcade 32x Master System Replacement Case,Tidy up your collection with this replacement game case. It's a printed case or cover only; no game is included. Order now and make their day.
wrestling-is-in-my-blood-personalised-baby-boy-girl-unisex-short-sleeve-bodysuit,Wrestling Is in My Blood Personalised Baby Grow,Wrestling Is in My Blood Personalised Baby Grow: a cute pick for baby showers. Personalise it with the baby's name. Wash and iron inside out. Order today.
wrexham-afc-team-2026-poster-print-wrexham-football-club-wall-art-featuring-phil-parkinson-josh-windass-ollie-rathbone-wrexham-supporters-memorabilia-gift,Wrexham AFC Team 2026 Poster Print,Give a room some character with this poster print. Printed to order in our North Yorkshire workshop. A great gift idea. Order now and make their day.
wrexham-football-team-mug-personalised-birthday-age-and-name,Wrexham Football Team Personalised Mug | Foxy Printing,Brighten their brew with this printed mug. Add any name to make it unique. Dishwasher and microwave safe. Made in North Yorkshire. Order yours today.
wrexham-personalised-football-dream-team-beach-towel,Wrexham Personalised Football Dream Team Beach Towel,Treat someone special to this printed towel. Add a name to make it theirs. Made to order in North Yorkshire. Custom designs on request. Treat them today.
wright-printed-mug,Personalised Wright Mug | Foxy Printing,"Personalised Wright Mug: a cheerful gift for home or the office. Add any name to make it unique. 11oz ceramic, dishwasher safe. Treat them today."
wrinkly-personalised-birthday-card,Personalised Wrinkly Adult Birthday Card | Foxy Printing,"A personalised birthday card they'll want to keep. Add their name, age and your own message inside. Thick 350gsm card with a free envelope. Order today."
wurm-retro-nes-gaming-fridge-magnet-645,Wurm Retro NES Fridge Magnet | Foxy Printing,A nostalgic retro gaming fridge magnet for gamers of all ages. Made to order in our North Yorkshire workshop. A great gift idea. Order yours today.
wurm-retro-nes-gaming-keyring,Wrecking Crew Retro NES Keyring | Foxy Printing,This retro gaming keyring is a fun little gift for any gamer. Printed in-house in North Yorkshire in full colour. Add it to your basket today.
wutang-ps1-playstation-1-game-keyring,Wutang Retro PS1 Fridge Magnet | Foxy Printing,Bring back the classics with this retro gaming fridge magnet. Made to order in our North Yorkshire workshop. A great gift idea. Order today.
wwe-wrestling-aj-lee-signed-autographed-wwe-star-print,WWE Wrestling Aj Lee Printed Signature Print | Foxy Printing,Wrestling Aj Lee Printed Signature Print: a great gift for any fan. A printed reproduction: the signature is part of the print. Order yours today.
wwe-wrestling-aj-styles-signed-autographed-wwe-star-print,WWE Wrestling Aj Styles Printed Signature Print,Wrestling Aj Styles Printed Signature Print: a striking piece for a fan's wall. A printed reproduction: the signature is part of the print. Order today.
wwe-wrestling-alexa-bliss-signed-autographed-wwe-star-print,WWE Wrestling Alexa Bliss Printed Signature Print,Wrestling Alexa Bliss Printed Signature Print: a striking piece for a fan's wall. Printed in North Yorkshire. A great gift idea. Order yours today.
wwe-wrestling-bret-the-hitman-hart-signed-autographed-wwe-star-print,WWE Wrestling Bret the Hitman Hart Printed Signature Print,Wrestling Bret the Hitman Hart Printed Signature Print: a lovely gift for a true fan. The signature is printed in the design. Order yours today.
wwe-wrestling-brock-lesnar-signed-autographed-wwe-star-print,WWE Wrestling Brock Lesnar Printed Signature Print,Wrestling Brock Lesnar Printed Signature Print: a great gift for any fan. A printed reproduction: the signature is part of the print. Order yours today.
wwe-wrestling-cm-punk-signed-autographed-wwe-star-print,WWE Wrestling Cm Punk Printed Signature Print,"Wrestling Cm Punk Printed Signature Print: a great gift for any fan. The signature is printed as part of the design, not added by hand. Treat them today."
wwe-wrestling-dean-ambrose-signed-autographed-wwe-star-print,WWE Wrestling Dean Ambrose Printed Signature Print,Wrestling Dean Ambrose Printed Signature Print: a great gift for any fan. Printed in North Yorkshire. A great gift idea. Add it to your basket today.
wwe-wrestling-john-cena-2-signed-autographed-wwe-star-print,WWE Wrestling John Cena Printed Signature Print,Wrestling John Cena Printed Signature Print: a lovely gift for a true fan. Printed in North Yorkshire. A great gift idea. Add it to your basket today.
wwe-wrestling-john-cena-3-signed-autographed-wwe-star-print,WWE Wrestling John Cena Printed Signature Print Design 3,Wrestling John Cena Printed Signature Print: a striking piece for a fan's wall. A printed reproduction: the signature is part of the print. Order today.
wwe-wrestling-john-cena-signed-autographed-wwe-star-print,WWE Wrestling John Cena Printed Signature Print Design 4,Wrestling John Cena Printed Signature Print: a lovely gift for a true fan. Printed in North Yorkshire. A great gift idea. Add it to your basket today.
wwe-wrestling-kurt-angle-signed-autographed-wwe-star-print,WWE Wrestling Kurt Angle Printed Signature Print,Wrestling Kurt Angle Printed Signature Print: a great gift for any fan. The signature is printed in the design. Order now and make their day.
wwe-wrestling-paige-signed-autographed-wwe-star-print,WWE Wrestling Paige Printed Signature Print | Foxy Printing,Wrestling Paige Printed Signature Print: a great gift for any fan. A printed reproduction: the signature is part of the print. Treat them today.
wwe-wrestling-randy-orton-signed-autographed-wwe-star-print,WWE Wrestling Randy Orton Printed Signature Print,Wrestling Randy Orton Printed Signature Print: a great gift for any fan. Printed to order in our North Yorkshire workshop. Order now and make their day.
wwe-wrestling-shinsuke-nakamura-signed-autographed-wwe-star-print,WWE Wrestling Shinsuke Nakamura Printed Signature Print,Wrestling Shinsuke Nakamura Printed Signature Print: a great gift for any fan. Printed to order in our North Yorkshire workshop. Treat them today.
wwe-wrestling-the-rock-2-signed-autographed-wwe-star-print,WWE Wrestling the Rock Printed Signature Print,Wrestling the Rock Printed Signature Print: a great gift for any fan. The signature is printed in the design. Made in North Yorkshire. Treat them today.
wwe-wrestling-the-rock-signed-autographed-wwe-star-print,WWE Wrestling the Rock Printed Signature Print Design 2,Wrestling the Rock Printed Signature Print: a striking piece for a fan's wall. Printed in North Yorkshire. A great gift idea. Treat them today.
wwe-wrestling-the-undertaker-signed-autographed-wwe-star-print,WWE Wrestling the Undertaker Printed Signature Print,Wrestling the Undertaker Printed Signature Print: a lovely gift for a true fan. A printed reproduction: the signature is part of the print. Order today.
wwedayofreckoning,WWE Day of Reckoning Video Retro GameCube Fridge Magnet,Add some retro fun to the fridge with this retro gaming fridge magnet. Printed in North Yorkshire. A great gift idea. Add it to your basket today.
wwedayofreckoning2,WWE Day of Reckoning 2 Video Retro GameCube Fridge Magnet,A nostalgic retro gaming fridge magnet for gamers of all ages. Printed in-house in North Yorkshire in full colour. Add it to your basket today.
wwewrestlemaniax8_eu,WWE Wrestle Maniax 8 Video Retro GameCube Fridge Magnet,Bring back the classics with this retro gaming fridge magnet. Made to order in our North Yorkshire workshop. A great gift idea. Order today.
wwf-king-of-the-ring,WWF King of the Ring Retro Game Boy Fridge Magnet,Bring back the classics with this retro gaming fridge magnet. Made to order in our North Yorkshire workshop. A great gift idea. Order today.
wwf-king-of-the-ring-retro-nes-gaming-fridge-magnet-646,Wwf King of the Ring Retro NES Fridge Magnet | Foxy Printing,Add some retro fun to the fridge with this retro gaming fridge magnet. Printed in North Yorkshire. A great gift idea. Order now and make their day.
wwf-king-of-the-ring-retro-nes-gaming-keyring,Wurm Retro NES Keyring | Foxy Printing,This retro gaming keyring is a fun little gift for any gamer. Made to order in our North Yorkshire workshop. A great gift idea. Treat them today.
wwf-rage-in-the-cage-retro-gaming-keyring,Wwf Rage in the Cage Retro Mega CD Keyring | Foxy Printing,Keep your keys retro with this retro gaming keyring. Made to order in our North Yorkshire workshop. A great gift idea. Order now and make their day.
wwf-rage-in-the-cage-retro-gaming-magnet,Wwf Rage in the Cage Retro Mega CD Fridge Magnet,This retro gaming fridge magnet is a fun gift for any retro gamer. Made to order in our North Yorkshire workshop. Add it to your basket today.
wwf-raw-replacement-snes-game-case-or-cover,WWF Raw SNES Replacement Case | Foxy Printing,Tidy up your collection with this replacement game case. It's a printed case or cover only; no game is included. Add it to your basket today.
wwf-raw-retro-gaming-keyring,WWF Raw Retro SNES Keyring | Foxy Printing,This retro gaming keyring is a fun little gift for any gamer. Printed in-house in North Yorkshire in full colour. Add it to your basket today.
wwf-raw-retro-gaming-magnet,Wwf Raw Retro SNES Fridge Magnet | Foxy Printing,Bring back the classics with this retro gaming fridge magnet. Printed in-house in North Yorkshire in full colour. Order now and make their day.
wwf-raw-sega-32x-games-case-or-cover,WWF Raw 32x Games Master System Replacement Case,Give your game a fresh look with this replacement game case. It's a printed case or cover only; no game is included. Add it to your basket today.
wwf-raw-sega-megadrive-retro-gaming-magnet,Wwf Raw Video Retro Mega Drive Fridge Magnet | Foxy Printing,Bring back the classics with this retro gaming fridge magnet. Printed in-house in North Yorkshire in full colour. Order now and make their day.
wwf-royal-rumble-replacement-snes-game-case-or-cover,WWF Royal Rumble SNES Replacement Case | Foxy Printing,Give your game a fresh look with this replacement game case. It's a printed case or cover only; no game is included. Add it to your basket today.
wwf-royal-rumble-retro-gaming-keyring,WWF Royal Rumble Retro SNES Keyring | Foxy Printing,Keep your keys retro with this retro gaming keyring. Printed in-house in North Yorkshire in full colour. A great gift idea. Add it to your basket today.
wwf-royal-rumble-retro-gaming-magnet,Wwf Royal Rumble Retro SNES Fridge Magnet | Foxy Printing,Add some retro fun to the fridge with this retro gaming fridge magnet. Printed in North Yorkshire. A great gift idea. Add it to your basket today.
wwf-royal-rumble-sega-megadrive-retro-gaming-magnet,Wwf Royal Rumble Video Retro Mega Drive Fridge Magnet,A nostalgic retro gaming fridge magnet for gamers of all ages. Made to order in our North Yorkshire workshop. A great gift idea. Treat them today.
wwf-super-wrestlemania-replacement-snes-game-case-or-cover,WWF Super Wrestlemania SNES Replacement Case | Foxy Printing,Restore your shelf with this replacement game case. It's a printed case or cover only; no game is included. Printed in North Yorkshire. Order yours today.
wwf-super-wrestlemania-retro-gaming-keyring,WWF Super Wrestlemania Retro SNES Keyring | Foxy Printing,A nostalgic retro gaming keyring for retro gaming fans. Printed in-house in North Yorkshire in full colour. A great gift idea. Order yours today.
wwf-super-wrestlemania-retro-gaming-magnet,Wwf Super Wrestlemania Retro SNES Fridge Magnet,This retro gaming fridge magnet is a fun gift for any retro gamer. Printed in North Yorkshire. A great gift idea. Add it to your basket today.
wwf-super-wrestlemania-sega-megadrive-retro-gaming-magnet,Wwf Super Wrestlemania Video Retro Mega Drive Fridge Magnet,Bring back the classics with this retro gaming fridge magnet. Printed in-house in North Yorkshire in full colour. Add it to your basket today.
wwf-wrestle-mania-challenge-retro-nes-gaming-fridge-magnet-648,Wwf Wrestle Mania Challenge Retro NES Fridge Magnet,A nostalgic retro gaming fridge magnet for gamers of all ages. Made to order in our North Yorkshire workshop. A great gift idea. Treat them today.
wwf-wrestle-mania-challenge-retro-nes-gaming-keyring,WWF King of the Ring Retro NES Keyring | Foxy Printing,Carry a classic with you on this retro gaming keyring. Made to order in our North Yorkshire workshop. A great gift idea. Add it to your basket today.
wwf-wrestle-mania-retro-nes-gaming-fridge-magnet-647,Wwf Wrestle Mania Retro NES Fridge Magnet | Foxy Printing,Bring back the classics with this retro gaming fridge magnet. Printed in-house in North Yorkshire in full colour. Order now and make their day.
wwf-wrestle-mania-retro-nes-gaming-keyring,WWF Wrestle Mania Challenge Retro NES Keyring,A nostalgic retro gaming keyring for retro gaming fans. Printed in-house in North Yorkshire in full colour. A great gift idea. Treat them today.
wwf-wrestle-mania-steel-cage-challenge-eu-2-sega-master-system-case-or-cover,WWF Wrestle Mania Steel Cage Master System Replacement Case,This replacement game case is a neat way to rehouse a loose cartridge or disc. Printed in North Yorkshire. A great gift idea. Order yours today.
wwf-wrestle-mania-steel-cage-challenge-retro-nes-gaming-fridge-magnet-649,Wwf Wrestle Mania Steel Cage Retro NES Fridge Magnet,This retro gaming fridge magnet is a fun gift for any retro gamer. Printed in-house in North Yorkshire in full colour. Add it to your basket today.
wwf-wrestle-mania-steel-cage-challenge-retro-nes-gaming-keyring,WWF Wrestle Mania Retro NES Keyring | Foxy Printing,This retro gaming keyring is a fun little gift for any gamer. Printed in-house in North Yorkshire in full colour. Order now and make their day.
wwf-wrestlemania-arcade-sega-megadrive-retro-gaming-magnet,Wwf Wrestlemania Arcade Video Retro Mega Drive Fridge Magnet,A nostalgic retro gaming fridge magnet for gamers of all ages. Printed in-house in North Yorkshire in full colour. Add it to your basket today.
wwf-wrestlemania-steel-cage-challenge-2-sega-master-system-fridge-magnet,Wwf Wrestlemania Steel Retro Master System Fridge Magnet,Bring back the classics with this retro gaming fridge magnet. Made to order in our North Yorkshire workshop. A great gift idea. Treat them today.
wwf-wrestlemania-steel-cage-challenge-2-sega-mastersystem-keyring,Wwf Wrestlemania Steel Cage Retro Master System Keyring,Keep your keys retro with this retro gaming keyring. Printed in-house in North Yorkshire in full colour. A great gift idea. Treat them today.
wwf-wrestlemania-the-arcade-game-replacement-snes-game-case-or-cover,WWF Wrestlemania the Arcade SNES Replacement Case,Tidy up your collection with this replacement game case. It's a printed case or cover only; no game is included. Add it to your basket today.
wwf-wrestlemania-the-arcade-game-retro-gaming-keyring,WWF Wrestlemania the Arcade Retro SNES Keyring,A nostalgic retro gaming keyring for retro gaming fans. Printed in-house in North Yorkshire in full colour. A great gift idea. Treat them today.
wwf-wrestlemania-the-arcade-game-retro-gaming-magnet,Wwf Wrestlemania the Arcade Retro SNES Fridge Magnet,A nostalgic retro gaming fridge magnet for gamers of all ages. Printed in-house in North Yorkshire in full colour. Order now and make their day.
wwfattitude,Wwf Attitude Retro Dreamcast Fridge Magnet | Foxy Printing,Bring back the classics with this retro gaming fridge magnet. Made to order in our North Yorkshire workshop. A great gift idea. Treat them today.
wwfattitude-eu-ps1-playstation-1-game-keyring,Wwf Attitude Retro PS1 Fridge Magnet | Foxy Printing,This retro gaming fridge magnet is a fun gift for any retro gamer. Printed in-house in North Yorkshire in full colour. Add it to your basket today.
wwfattitude-sega-dreamcast-game-keyring,Wwfattitude Retro Dreamcast Keyring | Foxy Printing,Keep your keys retro with this retro gaming keyring. Printed in-house in North Yorkshire in full colour. A great gift idea. Order yours today.
wwfkingofthering-retro-gaming-case,Wwf King of the Ring Game Boy Replacement Case,This replacement game case is a neat way to rehouse a loose cartridge or disc. It's a printed case or cover only; no game is included. Treat them today.
wwfrageinthecage-retro-gaming-case,Wwf Rage in the Cage Mega CD Replacement Case,Give your game a fresh look with this replacement game case. It's a printed case or cover only; no game is included. Order now and make their day.
wwfroyalrumble-3,Wwf Royal Rumble 3 Retro Dreamcast Fridge Magnet,A nostalgic retro gaming fridge magnet for gamers of all ages. Printed in-house in North Yorkshire in full colour. Add it to your basket today.
wwfroyalrumble-3-sega-dreamcast-game-keyring,Wwfroyalrumble 3 Retro Dreamcast Keyring | Foxy Printing,A nostalgic retro gaming keyring for retro gaming fans. Printed in-house in North Yorkshire in full colour. A great gift idea. Treat them today.
wwfwarzone-eu-ps1-playstation-1-game-keyring,Wwf Warzone Retro PS1 Fridge Magnet | Foxy Printing,This retro gaming fridge magnet is a fun gift for any retro gamer. Printed in-house in North Yorkshire in full colour. Add it to your basket today.
wwfwrestlemania-ps1-playstation-1-game-keyring,Wwf Wrestle Mania Retro PS1 Fridge Magnet | Foxy Printing,A nostalgic retro gaming fridge magnet for gamers of all ages. Printed in-house in North Yorkshire in full colour. Add it to your basket today.
wyatt-printed-mug,Personalised Wyatt Mug | Foxy Printing,"Personalised Wyatt Mug: a fun gift for any tea or coffee lover. Personalise it with a name before you order. 11oz ceramic, dishwasher safe. Order today."
wycombe-signs-for-football-mug-personalised-birthday-age-and-name,Personalised Signs for Wycombe Football Birthday Mug,Personalised Signs for Wycombe Football Birthday Mug: a fun gift for any tea or coffee lover. Dishwasher and microwave safe. Add it to your basket today.
wycombe-wanderers-football-team-mug-personalised-birthday-age-and-name,Wycombe Wanderers Football Team Personalised Mug,"Our printed mug is a cheerful gift for the office or home. Add their name to make it their own. 11oz ceramic, dishwasher safe. Order yours today."
wyndham-clark-golf-fancy-dress-cardboard-celebrity-party-face-mask,Wyndham Clark Face Mask | Foxy Printing,"Get the party started with a Wyndham Clark face mask. Full-colour print on 350gsm card, cut to shape with elastic. Great for a 19th-hole celebration."
x-factor-judges-mask-pack,X Factor Judges Pack Celebrity Face Fancy Dress Face Mask,Judges Pack Celebrity Face Fancy Dress Face Mask: a crowd-pleaser for fancy dress and nights out. 350gsm card with eye holes and elastic. Order today.
x-files-lego-display-case-minifigure-display-background-and-frames,X-Files Minifigure Display Case | Foxy Printing,"Add a personal touch with this minifigure display case. Printed in-house in North Yorkshire, UK. A great gift idea. Add it to your basket today."
x-kaliber-2097-replacement-snes-game-case-or-cover,X Kaliber 2097 SNES Replacement Case | Foxy Printing,Tidy up your collection with this replacement game case. It's a printed case or cover only; no game is included. Add it to your basket today.
x-kaliber-2097-retro-gaming-keyring,X-Kaliber Retro SNES Keyring | Foxy Printing,Carry a classic with you on this retro gaming keyring. Printed in-house in North Yorkshire in full colour. A great gift idea. Add it to your basket today.
x-kaliber-2097-retro-gaming-magnet,X-Kaliber 2097 Retro SNES Fridge Magnet | Foxy Printing,A nostalgic retro gaming fridge magnet for gamers of all ages. Printed in-house in North Yorkshire in full colour. Order now and make their day.
x-kaliber-gaming-t-shirt,X-Kaliber – Gaming T-Shirt | Foxy Printing,X-Kaliber Gaming T-Shirt: made to stand out. Made to order in our North Yorkshire workshop. Custom designs on request. Order now and make their day.
x-men-mutant-apocalypse-gaming-t-shirt,X-Men – Mutant Apocalypse | Foxy Printing,"X-Men Mutant Apocalypse: a fun top for parties, gifts and days out. Custom designs on request. A great gift idea. Add it to your basket today."
x-sega-megadrive-retro-gaming-magnet,X Video Retro Mega Drive Fridge Magnet | Foxy Printing,Bring back the classics with this retro gaming fridge magnet. Printed in-house in North Yorkshire in full colour. Add it to your basket today.
x-zone-replacement-snes-game-case-or-cover,X Zone SNES Replacement Case | Foxy Printing,Restore your shelf with this replacement game case. Made to order in our North Yorkshire workshop; no game included. Order now and make their day.
x-zone-retro-gaming-keyring,X-Zone Retro SNES Keyring | Foxy Printing,A nostalgic retro gaming keyring for retro gaming fans. Made to order in our North Yorkshire workshop. A great gift idea. Order now and make their day.
x-zone-retro-gaming-magnet,X-Zone Retro SNES Fridge Magnet | Foxy Printing,Bring back the classics with this retro gaming fridge magnet. Made to order in our North Yorkshire workshop. A great gift idea. Order yours today.
x2-eu-ps1-playstation-1-game-keyring,X2 Retro PS1 Fridge Magnet | Foxy Printing,This retro gaming fridge magnet is a fun gift for any retro gamer. Made to order in our North Yorkshire workshop. Add it to your basket today.
xander-harris-nicholas-brendon-buffy-the-vampire-slayer-celebrity-face-mask-fancy-dress-cardboard-costume-mask,Xander Harris Face Mask | Foxy Printing,"Get the party started with a Xander Harris face mask. Full-colour print on 350gsm card, cut to shape with elastic. Great for a themed birthday."
xander-schauffele-celebrity-face-mask-professional-golfer-fancy-dress-costume-prop-for-sports-party-hen-stag-do-birthday-accessory,Xander Schauffele Face Mask Professional | Foxy Printing,"Get the party started with a Xander Schauffele face mask. Full-colour print on 350gsm card, cut to shape with elastic. Great for a golf day fancy dress."
xander-schauffele-golf-fancy-dress-cardboard-celebrity-party-face-mask,Xander Schauffele Face Mask | Foxy Printing,Xander Schauffele card face mask for a golf day fancy dress round. Printed on 350gsm silk card cut to shape with eye holes and elastic. Order yours today.
xardion-replacement-snes-game-case-or-cover,Xardion SNES Replacement Case | Foxy Printing,Tidy up your collection with this replacement game case. It's a printed case or cover only; no game is included. Order now and make their day.
xardion-retro-gaming-keyring,Xardion Retro SNES Keyring | Foxy Printing,A nostalgic retro gaming keyring for retro gaming fans. Printed in-house in North Yorkshire in full colour. A great gift idea. Order yours today.
xardion-retro-gaming-magnet,Xardion Retro SNES Fridge Magnet | Foxy Printing,A nostalgic retro gaming fridge magnet for gamers of all ages. Printed in-house in North Yorkshire in full colour. Add it to your basket today.
xavi-2-football-player-signed-by-autographed-poster-print,Xavi Football Printed Signature Print Design 2,"Xavi Printed Signature Print: a lovely gift for a true fan. The signature is printed as part of the design, not added by hand. Add it to your basket today."
xavi-2-signed-autographed-footballers-star-print,Xavi Football Printed Signature Print Design 4,"Xavi Printed Signature Print: a lovely gift for a true fan. The signature is printed as part of the design, not added by hand. Add it to your basket today."
xavi-barcelona-footballer-celebrity-face-mask,Xavi Barcelona Face Mask | Foxy Printing,"Xavi Face Mask: a fun pick for birthdays and photo booths. A4 size on 350gsm card, with eye holes cut and elastic included. Add it to your basket today."
xavi-celebrity-face-mask,Xavi Face Mask | Foxy Printing,Xavi Face Mask: a fun pick for birthdays and photo booths. Posted in a board-backed envelope so it arrives flat. Add it to your basket today.
xavi-football-player-signed-by-autographed-poster-print,Xavi Football Printed Signature Print | Foxy Printing,Xavi Printed Signature Print: a lovely gift for a true fan. The signature is printed in the design. A great gift idea. Order now and make their day.
xavi-signed-autographed-footballers-star-print,Xavi Football Printed Signature Print Design 3,Xavi Printed Signature Print: a lovely gift for a true fan. A printed reproduction: the signature is part of the print. Order now and make their day.
xavi-simons-football-celebrity-face-mask-fancy-dress-cardboard-costume-mask,Xavi Simons Face Mask | Foxy Printing,Fancy dress made easy: a Xavi Simons face mask on thick card with eye holes and elastic. Perfect for a football-themed birthday and photo booths.
xavi-simons-printed-signed-poster-tottenham-hotspur-fc-netherlands-midfielder-tribute-wall-art-with-jersey-bio-plaque-premier-league-football-memorabilia-for-fans-collectors,Xavi Simons Printed Signature Poster | Foxy Printing,"Xavi Simons Printed Signature Print: a striking piece for a fan's wall. The signature is printed as part of the design, not added by hand. Order today."
xavi1-barcelona-footballer-celebrity-face-mask,Xavi1 Barcelona Face Mask | Foxy Printing,Xavi1 Face Mask: guaranteed laughs at any party. 350gsm card with eye holes and elastic. Made in North Yorkshire. Add it to your basket today.
xavier-de-guzman-maid-celebrity-party-face-mask,Xavier de Guzman Face Mask | Foxy Printing,Fancy dress made easy: a Xavier de Guzman face mask on thick card with eye holes and elastic. Perfect for a themed birthday and photo booths.
xavier-mcdaniel-m144-basketball-player-autographed-poster-print-photo-signature-gift,Xavier McDaniel Basketball Printed Signature Print,Xavier McDaniel Basketball Printed Signature Print: a great gift for any fan. Printed in North Yorkshire. A great gift idea. Order now and make their day.
xavier-mcdaniel-m145-basketball-player-autographed-poster-print-photo-signature-gift,Xavier McDaniel Basketball Printed Signature Print Design 2,Xavier McDaniel Basketball Printed Signature Print: a striking piece for a fan's wall. Printed to order in our North Yorkshire workshop. Order yours today.
xavier-printed-mug,Personalised Xavier Mug | Foxy Printing,Personalised Xavier Mug: a mug that brightens every brew. Add their name to make it their own. Dishwasher and microwave safe. Order now and make their day.
xavier-sua-filo-signed-autographed-nfl-star-print,Xavier Su'a-Filo NFL Printed Signature Print | Foxy Printing,Xavier Su'a-Filo Printed Signature Print: a great gift for any fan. The signature is printed in the design. Made in North Yorkshire. Treat them today.
xbladezinlineskater-ps1-playstation-1-game-keyring,Xbladezinlineskater Retro PS1 Fridge Magnet | Foxy Printing,Add some retro fun to the fridge with this retro gaming fridge magnet. Made to order in our North Yorkshire workshop. Order now and make their day.
xbox-controller-sticker-cutter-black-1,Xbox One Controller Sticker – Black 1 | Foxy Printing,Treat someone special to this sticker. Made to order in our North Yorkshire workshop. Custom designs on request. Order now and make their day.
xbox-controller-sticker-cutter-black-10,Xbox One Controller Sticker – Black 10 | Foxy Printing,Add a personal touch with this sticker. Made to order in our North Yorkshire workshop. Custom designs on request. Order now and make their day.
xbox-controller-sticker-cutter-black-2,Xbox One Controller Sticker – Black 2 | Foxy Printing,Add a personal touch with this sticker. Made to order in our North Yorkshire workshop. Custom designs on request. Add it to your basket today.
xbox-controller-sticker-cutter-black-3,Xbox One Controller Sticker – Black 3 | Foxy Printing,Add a personal touch with this sticker. Made to order in our North Yorkshire workshop. Custom designs on request. Order now and make their day.
xbox-controller-sticker-cutter-black-4,Xbox One Controller Sticker – Black 4 | Foxy Printing,Add a personal touch with this sticker. Made to order in our North Yorkshire workshop. Custom designs on request. Add it to your basket today.
xbox-controller-sticker-cutter-black-5,Xbox One Controller Sticker – Black 5 | Foxy Printing,Add a personal touch with this sticker. Made to order in our North Yorkshire workshop. Custom designs on request. Order now and make their day.
xbox-controller-sticker-cutter-black-6,Xbox One Controller Sticker – Black 6 | Foxy Printing,Add a personal touch with this sticker. Made to order in our North Yorkshire workshop. Custom designs on request. Add it to your basket today.
xbox-controller-sticker-cutter-black-7,Xbox One Controller Sticker – Black 7 | Foxy Printing,Treat someone special to this sticker. Made to order in our North Yorkshire workshop. Custom designs on request. Order now and make their day.
xbox-controller-sticker-cutter-black-8,Xbox One Controller Sticker – Black 8 | Foxy Printing,Brighten someone's day with this sticker. Made to order in our North Yorkshire workshop. Custom designs on request. Add it to your basket today.
xbox-controller-sticker-cutter-black-9,Xbox One Controller Sticker – Black 9 | Foxy Printing,Treat someone special to this sticker. Custom designs are available on request. Made to order in North Yorkshire. Add it to your basket today.
xbox-one-controller-football-team-sticker-arsenal,Xbox One Controller Football Team Sticker – Arsenal,Brighten someone's day with this sticker. Made to order in our North Yorkshire workshop. Custom designs on request. Order now and make their day.
xbox-one-controller-football-team-sticker-aston-villa,Xbox One Controller Football Team Sticker – Aston Villa,Treat someone special to this sticker. Custom designs are available on request. Made to order in North Yorkshire. Add it to your basket today.
xbox-one-controller-football-team-sticker-barnsley,Xbox One Controller Football Team Sticker – Barnsley,Brighten someone's day with this sticker. Custom designs are available on request. Made to order in North Yorkshire. Add it to your basket today.
xbox-one-controller-football-team-sticker-birmingham,Xbox One Controller Football Team Sticker – Birmingham,Treat someone special to this sticker. Made to order in our North Yorkshire workshop. Custom designs on request. Order now and make their day.
xbox-one-controller-football-team-sticker-blackburn,Xbox One Controller Football Team Sticker – Blackburn,Treat someone special to this sticker. Made to order in our North Yorkshire workshop. Custom designs on request. Add it to your basket today.
xbox-one-controller-football-team-sticker-bournemouth,Xbox One Controller Football Team Sticker – Bournemouth,Add a personal touch with this sticker. Made to order in our North Yorkshire workshop. Custom designs on request. Add it to your basket today.
xbox-one-controller-football-team-sticker-brentford,Xbox One Controller Football Team Sticker – Brentford,Treat someone special to this sticker. Custom designs are available on request. Made to order in North Yorkshire. Add it to your basket today.
xbox-one-controller-football-team-sticker-brighton,Xbox One Controller Football Team Sticker – Brighton,Treat someone special to this sticker. Made to order in our North Yorkshire workshop. Custom designs on request. Add it to your basket today.
xbox-one-controller-football-team-sticker-bristol,Xbox One Controller Football Team Sticker – Bristol,Treat someone special to this sticker. Made to order in our North Yorkshire workshop. Custom designs on request. Add it to your basket today.
xbox-one-controller-football-team-sticker-burnley,Xbox One Controller Football Team Sticker – Burnley,Treat someone special to this sticker. Made to order in our North Yorkshire workshop. Custom designs on request. Order now and make their day.
xbox-one-controller-football-team-sticker-cardiff,Xbox One Controller Football Team Sticker – Cardiff,Add a personal touch with this sticker. Made to order in our North Yorkshire workshop. Custom designs on request. Order now and make their day.
xbox-one-controller-football-team-sticker-charlton,Xbox One Controller Football Team Sticker – Charlton,Treat someone special to this sticker. Made to order in our North Yorkshire workshop. Custom designs on request. Order now and make their day.
xbox-one-controller-football-team-sticker-chelsea,Xbox One Controller Football Team Sticker – Chelsea,Add a personal touch with this sticker. Custom designs are available on request. Made to order in North Yorkshire. Add it to your basket today.
xbox-one-controller-football-team-sticker-crystal-palace,Xbox One Controller Football Team Sticker – Crystal Palace,Treat someone special to this sticker. Custom designs are available on request. Made to order in North Yorkshire. Order now and make their day.
xbox-one-controller-football-team-sticker-derby,Xbox One Controller Football Team Sticker – Derby,Add a personal touch with this sticker. Custom designs are available on request. Made to order in North Yorkshire. Order now and make their day.
xbox-one-controller-football-team-sticker-everton,Xbox One Controller Football Team Sticker – Everton,Add a personal touch with this sticker. Made to order in our North Yorkshire workshop. Custom designs on request. Add it to your basket today.
xbox-one-controller-football-team-sticker-fulham,Xbox One Controller Football Team Sticker – Fulham,Add a personal touch with this sticker. Made to order in our North Yorkshire workshop. Custom designs on request. Add it to your basket today.
xbox-one-controller-football-team-sticker-huddersfield,Xbox One Controller Football Team Sticker – Huddersfield,Add a personal touch with this sticker. Made to order in our North Yorkshire workshop. Custom designs on request. Add it to your basket today.
xbox-one-controller-football-team-sticker-hull,Xbox One Controller Football Team Sticker – Hull,Treat someone special to this sticker. Made to order in our North Yorkshire workshop. Custom designs on request. Add it to your basket today.
xbox-one-controller-football-team-sticker-leeds,Xbox One Controller Football Team Sticker – Leeds,Brighten someone's day with this sticker. Custom designs are available on request. Made to order in North Yorkshire. Add it to your basket today.
xbox-one-controller-football-team-sticker-leicester,Xbox One Controller Football Team Sticker – Leicester,Brighten someone's day with this sticker. Made to order in our North Yorkshire workshop. Custom designs on request. Order now and make their day.
xbox-one-controller-football-team-sticker-liverpool,Xbox One Controller Football Team Sticker – Liverpool,Treat someone special to this sticker. Custom designs are available on request. Made to order in North Yorkshire. Add it to your basket today.
xbox-one-controller-football-team-sticker-luton,Xbox One Controller Football Team Sticker – Luton,Treat someone special to this sticker. Custom designs are available on request. Made to order in North Yorkshire. Add it to your basket today.
xbox-one-controller-football-team-sticker-man-city,Xbox One Controller Football Team Sticker – Man City,Brighten someone's day with this sticker. Custom designs are available on request. Made to order in North Yorkshire. Add it to your basket today.
xbox-one-controller-football-team-sticker-man-united,Xbox One Controller Football Team Sticker – Man United,Treat someone special to this sticker. Made to order in our North Yorkshire workshop. Custom designs on request. Add it to your basket today.
xbox-one-controller-football-team-sticker-middlesbrough,Xbox One Controller Football Team Sticker – Middlesbrough,Brighten someone's day with this sticker. Custom designs are available on request. Made to order in North Yorkshire. Add it to your basket today.
xbox-one-controller-football-team-sticker-millwall,Xbox One Controller Football Team Sticker – Millwall,Brighten someone's day with this sticker. Made to order in our North Yorkshire workshop. Custom designs on request. Order now and make their day.
xbox-one-controller-football-team-sticker-newcastle,Xbox One Controller Football Team Sticker – Newcastle,Brighten someone's day with this sticker. Custom designs are available on request. Made to order in North Yorkshire. Order now and make their day.
xbox-one-controller-football-team-sticker-norwich,Xbox One Controller Football Team Sticker – Norwich,Treat someone special to this sticker. Made to order in our North Yorkshire workshop. Custom designs on request. Add it to your basket today.
xbox-one-controller-football-team-sticker-notts-forest,Xbox One Controller Football Team Sticker – Notts Forest,Treat someone special to this sticker. Made to order in our North Yorkshire workshop. Custom designs on request. Add it to your basket today.
xbox-one-controller-football-team-sticker-preston,Xbox One Controller Football Team Sticker – Preston,Brighten someone's day with this sticker. Custom designs are available on request. Made to order in North Yorkshire. Order now and make their day.
xbox-one-controller-football-team-sticker-reading,Xbox One Controller Football Team Sticker – Reading,Brighten someone's day with this sticker. Made to order in our North Yorkshire workshop. Custom designs on request. Add it to your basket today.
xbox-one-controller-football-team-sticker-sheffield-united,Xbox One Controller Football Team Sticker – Sheffield United,Treat someone special to this sticker. Made to order in our North Yorkshire workshop. Custom designs on request. Add it to your basket today.
xbox-one-controller-football-team-sticker-sheffield-wednesday,Xbox One Controller Football Team Sticker,Brighten someone's day with this sticker. Made to order in our North Yorkshire workshop. Custom designs on request. Add it to your basket today.
xbox-one-controller-football-team-sticker-southampton,Xbox One Controller Football Team Sticker – Southampton,Treat someone special to this sticker. Custom designs are available on request. Made to order in North Yorkshire. Add it to your basket today.
xbox-one-controller-football-team-sticker-spurs,Xbox One Controller Football Team Sticker – Spurs,Add a personal touch with this sticker. Made to order in our North Yorkshire workshop. Custom designs on request. Order now and make their day.
xbox-one-controller-football-team-sticker-stoke,Xbox One Controller Football Team Sticker – Stoke,Add a personal touch with this sticker. Custom designs are available on request. Made to order in North Yorkshire. Add it to your basket today.
xbox-one-controller-football-team-sticker-swansea,Xbox One Controller Football Team Sticker – Swansea,Add a personal touch with this sticker. Made to order in our North Yorkshire workshop. Custom designs on request. Order now and make their day.
xbox-one-controller-football-team-sticker-watford,Xbox One Controller Football Team Sticker – Watford,Treat someone special to this sticker. Custom designs are available on request. Made to order in North Yorkshire. Add it to your basket today.
xbox-one-controller-football-team-sticker-west-ham,Xbox One Controller Football Team Sticker – West Ham,Treat someone special to this sticker. Made to order in our North Yorkshire workshop. Custom designs on request. Add it to your basket today.
xbox-one-controller-football-team-sticker-wigan,Xbox One Controller Football Team Sticker – Wigan,Treat someone special to this sticker. Made to order in our North Yorkshire workshop. Custom designs on request. Add it to your basket today.
xbox-one-controller-football-team-sticker-wolves,Xbox One Controller Football Team Sticker – Wolves,Treat someone special to this sticker. Made to order in our North Yorkshire workshop. Custom designs on request. Add it to your basket today.
xbox-one-controller-sticker-dark-wood-1,Xbox One Controller Sticker – Dark Wood 1 | Foxy Printing,Treat someone special to this sticker. Custom designs are available on request. Made to order in North Yorkshire. Add it to your basket today.
xbox-one-controller-sticker-dark-wood-2,Xbox One Controller Sticker – Dark Wood 2 | Foxy Printing,Treat someone special to this sticker. Made to order in our North Yorkshire workshop. Custom designs on request. Add it to your basket today.
xbox-one-controller-sticker-dark-wood-3,Xbox One Controller Sticker – Dark Wood 3 | Foxy Printing,Add a personal touch with this sticker. Made to order in our North Yorkshire workshop. Custom designs on request. Order now and make their day.
xbox-one-controller-sticker-dark-wood-4,Xbox One Controller Sticker – Dark Wood 4 | Foxy Printing,Brighten someone's day with this sticker. Custom designs are available on request. Made to order in North Yorkshire. Add it to your basket today.
xbox-one-controller-sticker-dark-wood-5,Xbox One Controller Sticker – Dark Wood 5 | Foxy Printing,Add a personal touch with this sticker. Made to order in our North Yorkshire workshop. Custom designs on request. Add it to your basket today.
xbox-one-controller-sticker-dragon-1,Xbox One Controller Sticker – Dragon 1 | Foxy Printing,Brighten someone's day with this sticker. Custom designs are available on request. Made to order in North Yorkshire. Add it to your basket today.
xbox-one-controller-sticker-dragon-2,Xbox One Controller Sticker – Dragon 2 | Foxy Printing,Treat someone special to this sticker. Custom designs are available on request. Made to order in North Yorkshire. Order now and make their day.
xbox-one-controller-sticker-dragon-3,Xbox One Controller Sticker – Dragon 3 | Foxy Printing,Brighten someone's day with this sticker. Made to order in our North Yorkshire workshop. Custom designs on request. Add it to your basket today.
xbox-one-controller-sticker-dragon-4,Xbox One Controller Sticker – Dragon 4 | Foxy Printing,Add a personal touch with this sticker. Custom designs are available on request. Made to order in North Yorkshire. Add it to your basket today.
xbox-one-controller-sticker-dragon-5,Xbox One Controller Sticker – Dragon 5 | Foxy Printing,Add a personal touch with this sticker. Made to order in our North Yorkshire workshop. Custom designs on request. Add it to your basket today.
xbox-one-controller-sticker-fire-1,Xbox One Controller Sticker – Fire 1 | Foxy Printing,Brighten someone's day with this sticker. Custom designs are available on request. Made to order in North Yorkshire. Add it to your basket today.
xbox-one-controller-sticker-fire-10,Xbox One Controller Sticker – Fire 10 | Foxy Printing,Brighten someone's day with this sticker. Made to order in our North Yorkshire workshop. Custom designs on request. Order now and make their day.
xbox-one-controller-sticker-fire-2,Xbox One Controller Sticker – Fire 2 | Foxy Printing,Add a personal touch with this sticker. Made to order in our North Yorkshire workshop. Custom designs on request. Order now and make their day.
xbox-one-controller-sticker-fire-3,Xbox One Controller Sticker – Fire 3 | Foxy Printing,Add a personal touch with this sticker. Custom designs are available on request. Made to order in North Yorkshire. Add it to your basket today.
xbox-one-controller-sticker-fire-4,Xbox One Controller Sticker – Fire 4 | Foxy Printing,Treat someone special to this sticker. Custom designs are available on request. Made to order in North Yorkshire. Add it to your basket today.
xbox-one-controller-sticker-fire-5,Xbox One Controller Sticker – Fire 5 | Foxy Printing,Add a personal touch with this sticker. Made to order in our North Yorkshire workshop. Custom designs on request. Order now and make their day.
xbox-one-controller-sticker-fire-6,Xbox One Controller Sticker – Fire 6 | Foxy Printing,Add a personal touch with this sticker. Made to order in our North Yorkshire workshop. Custom designs on request. Order now and make their day.
xbox-one-controller-sticker-fire-7,Xbox One Controller Sticker – Fire 7 | Foxy Printing,Brighten someone's day with this sticker. Custom designs are available on request. Made to order in North Yorkshire. Order now and make their day.
xbox-one-controller-sticker-fire-8,Xbox One Controller Sticker – Fire 8 | Foxy Printing,Add a personal touch with this sticker. Made to order in our North Yorkshire workshop. Custom designs on request. Add it to your basket today.
xbox-one-controller-sticker-fire-9,Xbox One Controller Sticker – Fire 9 | Foxy Printing,Treat someone special to this sticker. Made to order in our North Yorkshire workshop. Custom designs on request. Add it to your basket today.
xbox-one-controller-sticker-ice-1,Xbox One Controller Sticker – Ice 1 | Foxy Printing,Treat someone special to this sticker. Made to order in our North Yorkshire workshop. Custom designs on request. Add it to your basket today.
xbox-one-controller-sticker-ice-10,Xbox One Controller Sticker – Ice 10 | Foxy Printing,Add a personal touch with this sticker. Made to order in our North Yorkshire workshop. Custom designs on request. Add it to your basket today.
xbox-one-controller-sticker-ice-2,Xbox One Controller Sticker – Ice 2 | Foxy Printing,Treat someone special to this sticker. Custom designs are available on request. Made to order in North Yorkshire. Order now and make their day.
xbox-one-controller-sticker-ice-3,Xbox One Controller Sticker – Ice 3 | Foxy Printing,Brighten someone's day with this sticker. Made to order in our North Yorkshire workshop. Custom designs on request. Order now and make their day.
xbox-one-controller-sticker-ice-4,Xbox One Controller Sticker – Ice 4 | Foxy Printing,Treat someone special to this sticker. Custom designs are available on request. Made to order in North Yorkshire. Add it to your basket today.
xbox-one-controller-sticker-ice-5,Xbox One Controller Sticker – Ice 5 | Foxy Printing,Add a personal touch with this sticker. Made to order in our North Yorkshire workshop. Custom designs on request. Order now and make their day.
xbox-one-controller-sticker-ice-6,Xbox One Controller Sticker – Ice 6 | Foxy Printing,Treat someone special to this sticker. Made to order in our North Yorkshire workshop. Custom designs on request. Order now and make their day.
xbox-one-controller-sticker-ice-7,Xbox One Controller Sticker – Ice 7 | Foxy Printing,Add a personal touch with this sticker. Made to order in our North Yorkshire workshop. Custom designs on request. Order now and make their day.
xbox-one-controller-sticker-ice-8,Xbox One Controller Sticker – Ice 8 | Foxy Printing,Brighten someone's day with this sticker. Custom designs are available on request. Made to order in North Yorkshire. Order now and make their day.
xbox-one-controller-sticker-ice-9,Xbox One Controller Sticker – Ice 9 | Foxy Printing,Brighten someone's day with this sticker. Custom designs are available on request. Made to order in North Yorkshire. Order now and make their day.
xbox-one-controller-sticker-illuminati-1,Xbox One Controller Sticker – Illuminati 1 | Foxy Printing,Add a personal touch with this sticker. Custom designs are available on request. Made to order in North Yorkshire. Order now and make their day.
xbox-one-controller-sticker-illuminati-10,Xbox One Controller Sticker – Illuminati 10 | Foxy Printing,Add a personal touch with this sticker. Custom designs are available on request. Made to order in North Yorkshire. Order now and make their day.
xbox-one-controller-sticker-illuminati-2,Xbox One Controller Sticker – Illuminati 2 | Foxy Printing,Brighten someone's day with this sticker. Made to order in our North Yorkshire workshop. Custom designs on request. Add it to your basket today.
xbox-one-controller-sticker-illuminati-3,Xbox One Controller Sticker – Illuminati 3 | Foxy Printing,Brighten someone's day with this sticker. Custom designs are available on request. Made to order in North Yorkshire. Add it to your basket today.
xbox-one-controller-sticker-illuminati-4,Xbox One Controller Sticker – Illuminati 4 | Foxy Printing,Brighten someone's day with this sticker. Made to order in our North Yorkshire workshop. Custom designs on request. Add it to your basket today.
xbox-one-controller-sticker-illuminati-5,Xbox One Controller Sticker – Illuminati 5 | Foxy Printing,Brighten someone's day with this sticker. Made to order in our North Yorkshire workshop. Custom designs on request. Order now and make their day.
xbox-one-controller-sticker-illuminati-6,Xbox One Controller Sticker – Illuminati 6 | Foxy Printing,Add a personal touch with this sticker. Made to order in our North Yorkshire workshop. Custom designs on request. Add it to your basket today.
xbox-one-controller-sticker-illuminati-7,Xbox One Controller Sticker – Illuminati 7 | Foxy Printing,Brighten someone's day with this sticker. Made to order in our North Yorkshire workshop. Custom designs on request. Order now and make their day.
xbox-one-controller-sticker-illuminati-8,Xbox One Controller Sticker – Illuminati 8 | Foxy Printing,Treat someone special to this sticker. Made to order in our North Yorkshire workshop. Custom designs on request. Order now and make their day.
xbox-one-controller-sticker-illuminati-9,Xbox One Controller Sticker – Illuminati 9 | Foxy Printing,Brighten someone's day with this sticker. Custom designs are available on request. Made to order in North Yorkshire. Add it to your basket today.
xbox-one-controller-sticker-lightning-1,Xbox One Controller Sticker – Lightning 1 | Foxy Printing,Brighten someone's day with this sticker. Made to order in our North Yorkshire workshop. Custom designs on request. Add it to your basket today.
xbox-one-controller-sticker-lightning-2,Xbox One Controller Sticker – Lightning 2 | Foxy Printing,Add a personal touch with this sticker. Made to order in our North Yorkshire workshop. Custom designs on request. Order now and make their day.
xbox-one-controller-sticker-lightning-3,Xbox One Controller Sticker – Lightning 3 | Foxy Printing,Brighten someone's day with this sticker. Custom designs are available on request. Made to order in North Yorkshire. Order now and make their day.
xbox-one-controller-sticker-lightning-4,Xbox One Controller Sticker – Lightning 4 | Foxy Printing,Treat someone special to this sticker. Custom designs are available on request. Made to order in North Yorkshire. Order now and make their day.
xbox-one-controller-sticker-lightning-5,Xbox One Controller Sticker – Lightning 5 | Foxy Printing,Treat someone special to this sticker. Custom designs are available on request. Made to order in North Yorkshire. Order now and make their day.
xbox-one-controller-sticker-lightning-6,Xbox One Controller Sticker – Marble 1 | Foxy Printing,Treat someone special to this sticker. Made to order in our North Yorkshire workshop. Custom designs on request. Add it to your basket today.
xbox-one-controller-sticker-marble-10,Xbox One Controller Sticker – Marble 10 | Foxy Printing,Treat someone special to this sticker. Made to order in our North Yorkshire workshop. Custom designs on request. Add it to your basket today.
xbox-one-controller-sticker-marble-2,Xbox One Controller Sticker – Marble 2 | Foxy Printing,Brighten someone's day with this sticker. Custom designs are available on request. Made to order in North Yorkshire. Order now and make their day.
xbox-one-controller-sticker-marble-3,Xbox One Controller Sticker – Marble 3 | Foxy Printing,Brighten someone's day with this sticker. Made to order in our North Yorkshire workshop. Custom designs on request. Add it to your basket today.
xbox-one-controller-sticker-marble-4,Xbox One Controller Sticker – Marble 4 | Foxy Printing,Treat someone special to this sticker. Made to order in our North Yorkshire workshop. Custom designs on request. Order now and make their day.
xbox-one-controller-sticker-marble-5,Xbox One Controller Sticker – Marble 5 | Foxy Printing,Add a personal touch with this sticker. Made to order in our North Yorkshire workshop. Custom designs on request. Add it to your basket today.
xbox-one-controller-sticker-marble-6,Xbox One Controller Sticker – Marble 6 | Foxy Printing,Add a personal touch with this sticker. Made to order in our North Yorkshire workshop. Custom designs on request. Order now and make their day.
xbox-one-controller-sticker-marble-7,Xbox One Controller Sticker – Marble 7 | Foxy Printing,Add a personal touch with this sticker. Made to order in our North Yorkshire workshop. Custom designs on request. Add it to your basket today.
xbox-one-controller-sticker-marble-8,Xbox One Controller Sticker – Marble 8 | Foxy Printing,Brighten someone's day with this sticker. Custom designs are available on request. Made to order in North Yorkshire. Add it to your basket today.
xbox-one-controller-sticker-marble-9,Xbox One Controller Sticker – Marble 9 | Foxy Printing,Brighten someone's day with this sticker. Made to order in our North Yorkshire workshop. Custom designs on request. Order now and make their day.
xbox-one-controller-sticker-rainbow-1,Xbox One Controller Sticker – Rainbow 1 | Foxy Printing,Add a personal touch with this sticker. Made to order in our North Yorkshire workshop. Custom designs on request. Order now and make their day.
xbox-one-controller-sticker-rainbow-10,Xbox One Controller Sticker – Rainbow 10 | Foxy Printing,Brighten someone's day with this sticker. Made to order in our North Yorkshire workshop. Custom designs on request. Order now and make their day.
xbox-one-controller-sticker-rainbow-2,Xbox One Controller Sticker – Rainbow 2 | Foxy Printing,Brighten someone's day with this sticker. Custom designs are available on request. Made to order in North Yorkshire. Add it to your basket today.
xbox-one-controller-sticker-rainbow-3,Xbox One Controller Sticker – Rainbow 3 | Foxy Printing,Brighten someone's day with this sticker. Made to order in our North Yorkshire workshop. Custom designs on request. Order now and make their day.
xbox-one-controller-sticker-rainbow-4,Xbox One Controller Sticker – Rainbow 4 | Foxy Printing,Add a personal touch with this sticker. Made to order in our North Yorkshire workshop. Custom designs on request. Add it to your basket today.
xbox-one-controller-sticker-rainbow-5,Xbox One Controller Sticker – Rainbow 5 | Foxy Printing,Brighten someone's day with this sticker. Custom designs are available on request. Made to order in North Yorkshire. Add it to your basket today.
xbox-one-controller-sticker-rainbow-6,Xbox One Controller Sticker – Rainbow 6 | Foxy Printing,Brighten someone's day with this sticker. Made to order in our North Yorkshire workshop. Custom designs on request. Add it to your basket today.
xbox-one-controller-sticker-rainbow-7,Xbox One Controller Sticker – Rainbow 7 | Foxy Printing,Treat someone special to this sticker. Made to order in our North Yorkshire workshop. Custom designs on request. Order now and make their day.
xbox-one-controller-sticker-rainbow-8,Xbox One Controller Sticker – Rainbow 8 | Foxy Printing,Treat someone special to this sticker. Made to order in our North Yorkshire workshop. Custom designs on request. Add it to your basket today.
xbox-one-controller-sticker-rainbow-9,Xbox One Controller Sticker – Rainbow 9 | Foxy Printing,Add a personal touch with this sticker. Made to order in our North Yorkshire workshop. Custom designs on request. Order now and make their day.
xbox-one-controller-sticker-retro-1,Xbox One Controller Sticker – Retro 1 | Foxy Printing,Treat someone special to this sticker. Made to order in our North Yorkshire workshop. Custom designs on request. Add it to your basket today.
xbox-one-controller-sticker-retro-2,Xbox One Controller Sticker – Retro 2 | Foxy Printing,Add a personal touch with this sticker. Custom designs are available on request. Made to order in North Yorkshire. Order now and make their day.
xbox-one-controller-sticker-retro-3,Xbox One Controller Sticker – Retro 3 | Foxy Printing,Brighten someone's day with this sticker. Custom designs are available on request. Made to order in North Yorkshire. Add it to your basket today.
xbox-one-controller-sticker-retro-4,Xbox One Controller Sticker – Retro 4 | Foxy Printing,Brighten someone's day with this sticker. Made to order in our North Yorkshire workshop. Custom designs on request. Order now and make their day.
xbox-one-controller-sticker-retro-5,Xbox One Controller Sticker – Retro 5 | Foxy Printing,Brighten someone's day with this sticker. Custom designs are available on request. Made to order in North Yorkshire. Add it to your basket today.
xbox-one-controller-sticker-rose-1,Xbox One Controller Sticker – Rose 1 | Foxy Printing,Add a personal touch with this sticker. Made to order in our North Yorkshire workshop. Custom designs on request. Order now and make their day.
xbox-one-controller-sticker-rose-3,Xbox One Controller Sticker – Rose 3 | Foxy Printing,Brighten someone's day with this sticker. Made to order in our North Yorkshire workshop. Custom designs on request. Order now and make their day.
xbox-one-controller-sticker-rose-4,Xbox One Controller Sticker – Rose 4 | Foxy Printing,Treat someone special to this sticker. Custom designs are available on request. Made to order in North Yorkshire. Order now and make their day.
xbox-one-controller-sticker-rose-5,Xbox One Controller Sticker – Rose 5 | Foxy Printing,Treat someone special to this sticker. Made to order in our North Yorkshire workshop. Custom designs on request. Add it to your basket today.
xbox-one-controller-sticker-shark-1,Xbox One Controller Sticker – Shark 1 | Foxy Printing,Add a personal touch with this sticker. Made to order in our North Yorkshire workshop. Custom designs on request. Order now and make their day.
xbox-one-controller-sticker-shark-2,Xbox One Controller Sticker – Shark 2 | Foxy Printing,Treat someone special to this sticker. Made to order in our North Yorkshire workshop. Custom designs on request. Add it to your basket today.
xbox-one-controller-sticker-shark-3,Xbox One Controller Sticker – Shark 3 | Foxy Printing,Treat someone special to this sticker. Made to order in our North Yorkshire workshop. Custom designs on request. Add it to your basket today.
xbox-one-controller-sticker-shark-4,Xbox One Controller Sticker – Shark 4 | Foxy Printing,Treat someone special to this sticker. Custom designs are available on request. Made to order in North Yorkshire. Order now and make their day.
xbox-one-controller-sticker-shark-5,Xbox One Controller Sticker – Shark 5 | Foxy Printing,Brighten someone's day with this sticker. Made to order in our North Yorkshire workshop. Custom designs on request. Order now and make their day.
xbox-one-controller-sticker-tropical-1,Xbox One Controller Sticker – Tropical 1 | Foxy Printing,Treat someone special to this sticker. Made to order in our North Yorkshire workshop. Custom designs on request. Add it to your basket today.
xbox-one-controller-sticker-tropical-10,Xbox One Controller Sticker – Tropical 10 | Foxy Printing,Brighten someone's day with this sticker. Custom designs are available on request. Made to order in North Yorkshire. Add it to your basket today.
xbox-one-controller-sticker-tropical-2,Xbox One Controller Sticker – Tropical 2 | Foxy Printing,Add a personal touch with this sticker. Made to order in our North Yorkshire workshop. Custom designs on request. Order now and make their day.
xbox-one-controller-sticker-tropical-3,Xbox One Controller Sticker – Tropical 3 | Foxy Printing,Add a personal touch with this sticker. Made to order in our North Yorkshire workshop. Custom designs on request. Add it to your basket today.
xbox-one-controller-sticker-tropical-4,Xbox One Controller Sticker – Tropical 4 | Foxy Printing,Add a personal touch with this sticker. Made to order in our North Yorkshire workshop. Custom designs on request. Add it to your basket today.
xbox-one-controller-sticker-tropical-5,Xbox One Controller Sticker – Tropical 5 | Foxy Printing,Brighten someone's day with this sticker. Made to order in our North Yorkshire workshop. Custom designs on request. Order now and make their day.
xbox-one-controller-sticker-tropical-6,Xbox One Controller Sticker – Tropical 6 | Foxy Printing,Add a personal touch with this sticker. Made to order in our North Yorkshire workshop. Custom designs on request. Add it to your basket today.
xbox-one-controller-sticker-tropical-7,Xbox One Controller Sticker – Tropical 7 | Foxy Printing,Treat someone special to this sticker. Made to order in our North Yorkshire workshop. Custom designs on request. Order now and make their day.
xbox-one-controller-sticker-tropical-8,Xbox One Controller Sticker – Tropical 8 | Foxy Printing,Treat someone special to this sticker. Custom designs are available on request. Made to order in North Yorkshire. Order now and make their day.
xbox-one-controller-sticker-tropical-9,Xbox One Controller Sticker – Tropical 9 | Foxy Printing,Add a personal touch with this sticker. Custom designs are available on request. Made to order in North Yorkshire. Add it to your basket today.
xenogears-1-ps1-playstation-1-game-keyring,Xeno Gears 1 Retro PS1 Fridge Magnet | Foxy Printing,A nostalgic retro gaming fridge magnet for gamers of all ages. Printed in-house in North Yorkshire in full colour. Add it to your basket today.
xenogears-2-ps1-playstation-1-game-keyring,Xeno Gears 2 Retro PS1 Fridge Magnet | Foxy Printing,Bring back the classics with this retro gaming fridge magnet. Printed in-house in North Yorkshire in full colour. Add it to your basket today.
xenogears-4-ps1-playstation-1-game-keyring,Xeno Gears 4 Retro PS1 Fridge Magnet | Foxy Printing,Add some retro fun to the fridge with this retro gaming fridge magnet. Printed in North Yorkshire. A great gift idea. Order now and make their day.
xenogears-ps1-playstation-1-game-keyring,Xenogears Retro PS1 Fridge Magnet | Foxy Printing,This retro gaming fridge magnet is a fun gift for any retro gamer. Printed in North Yorkshire. A great gift idea. Order now and make their day.
xenon-2-mega-blast-pal-sega-megadrive-retro-gaming-magnet,Xenon 2 Mega Blast Video Retro Mega Drive Fridge Magnet,This retro gaming fridge magnet is a fun gift for any retro gamer. Printed in-house in North Yorkshire in full colour. Order now and make their day.
xenophobe-none-atari-2600-case-or-cover,Xenophobe None Atari 2600 Replacement Case | Foxy Printing,This replacement game case is a neat way to rehouse a loose cartridge or disc. Printed in-house in North Yorkshire. No game included. Order yours today.
xenophobe-none-retro-gaming-magnet,Xenophobe None Retro Atari 2600 Fridge Magnet,This retro gaming fridge magnet is a fun gift for any retro gamer. Made to order in our North Yorkshire workshop. Add it to your basket today.
xenophobe-retro-gaming-magnet,Xenophobe Retro Atari 7800 Fridge Magnet | Foxy Printing,Add some retro fun to the fridge with this retro gaming fridge magnet. Made to order in our North Yorkshire workshop. Add it to your basket today.
xenophobe-retro-nes-gaming-fridge-magnet-650,Xenophobe Retro NES Fridge Magnet | Foxy Printing,This retro gaming fridge magnet is a fun gift for any retro gamer. Made to order in our North Yorkshire workshop. Add it to your basket today.
xenophobe-retro-nes-gaming-keyring,WWF Wrestle Mania Steel Cage Challenge Retro NES Keyring,A nostalgic retro gaming keyring for retro gaming fans. Printed in-house in North Yorkshire in full colour. A great gift idea. Add it to your basket today.
xevious-retro-gaming-magnet,Xevious Retro Atari 7800 Fridge Magnet | Foxy Printing,Bring back the classics with this retro gaming fridge magnet. Made to order in our North Yorkshire workshop. A great gift idea. Treat them today.
xevious-retro-nes-gaming-fridge-magnet-651,Xevious Retro NES Fridge Magnet | Foxy Printing,A nostalgic retro gaming fridge magnet for gamers of all ages. Printed in-house in North Yorkshire in full colour. Add it to your basket today.
xevious-retro-nes-gaming-keyring,Xenophobe Retro NES Keyring | Foxy Printing,This retro gaming keyring is a fun little gift for any gamer. Printed in-house in North Yorkshire in full colour. Order now and make their day.
xevious-the-avenger,Xevious Retro Game Boy Advance Fridge Magnet | Foxy Printing,A nostalgic retro gaming fridge magnet for gamers of all ages. Printed in-house in North Yorkshire in full colour. Order now and make their day.
xevious-the-avenger-retro-gaming-keyring,Xevious Retro Game Boy Advance Keyring | Foxy Printing,Keep your keys retro with this retro gaming keyring. Printed in-house in North Yorkshire in full colour. A great gift idea. Order now and make their day.
xexyz-retro-nes-gaming-fridge-magnet-652,Xexyz Retro NES Fridge Magnet | Foxy Printing,Add some retro fun to the fridge with this retro gaming fridge magnet. Printed in-house in North Yorkshire in full colour. Add it to your basket today.
xexyz-retro-nes-gaming-keyring,Xevious Retro NES Keyring | Foxy Printing,This retro gaming keyring is a fun little gift for any gamer. Printed in-house in North Yorkshire in full colour. Order now and make their day.
xherdan-shaqiri-2-footballer-autographed-poster-print-photo-signature-gift,Xherdan Shaqiri Printed Signature Print Design 2,Xherdan Shaqiri Printed Signature Print: a striking piece for a fan's wall. Printed to order in our North Yorkshire workshop. Treat them today.
xherdan-shaqiri-2-signed-autographed-footballers-star-print,Xherdan Shaqiri Printed Signature Print Design 4,"Xherdan Shaqiri Printed Signature Print: a great gift for any fan. The signature is printed as part of the design, not added by hand. Treat them today."
xherdan-shaqiri-footballer-autographed-poster-print-photo-signature-gift,Xherdan Shaqiri Printed Signature Print | Foxy Printing,"Xherdan Shaqiri Printed Signature Print: a lovely gift for a true fan. The signature is printed as part of the design, not added by hand. Order today."
xherdan-shaqiri-signed-autographed-footballers-star-print,Xherdan Shaqiri Printed Signature Print Design 3,Xherdan Shaqiri Printed Signature Print: a lovely gift for a true fan. A printed reproduction: the signature is part of the print. Order yours today.
xmen-2-clonewars-eu-sega-megadrive-retro-gaming-magnet,Xmen 2 Clonewars Video Retro Mega Drive Fridge Magnet,Bring back the classics with this retro gaming fridge magnet. Made to order in our North Yorkshire workshop. A great gift idea. Order today.
xmen-2-clonewars-gb-sega-megadrive-retro-gaming-magnet,Xmen 2 Clonewars Gb Video Retro Mega Drive Fridge Magnet,Bring back the classics with this retro gaming fridge magnet. Printed in-house in North Yorkshire in full colour. Order now and make their day.
xmen-2-clonewars-sega-megadrive-retro-gaming-magnet,Xmen 2 Clonewars Video Retro Mega Drive Fridge Magnet Sega,Add some retro fun to the fridge with this retro gaming fridge magnet. Printed in-house in North Yorkshire in full colour. Treat them today.
xmen-2-sega-megadrive-retro-gaming-magnet,Xmen 2 Video Retro Mega Drive Fridge Magnet | Foxy Printing,Add some retro fun to the fridge with this retro gaming fridge magnet. Printed in North Yorkshire. A great gift idea. Order now and make their day.
xmen-apocalypse-2-bm-personalised-birthday-card,Personalised Xmen Apocalypse 2 Bm Funny Birthday Card,This personalised birthday card is a lovely way to mark their big day. It's printed on 350gsm silk art board and comes with a white envelope. Order today.
xmen-apocalypse-bm-personalised-birthday-card,Personalised Xmen Apocalypse Bm Funny Birthday Card,This personalised birthday card is a lovely way to mark their big day. Thick 350gsm card with a free envelope. Order now and make their day.
xmen-appacolypse-2-bm1-personalised-birthday-card,Personalised Xmen Appacolypse 2 Bm1 Funny Birthday Card,"Make their day with this personalised birthday card. Personalise it with a name, age and message. Thick 350gsm card with a free envelope. Treat them today."
xmen-appacolypse-bm1-personalised-birthday-card,Personalised Xmen Appacolypse Bm1 Funny Birthday Card,This personalised birthday card is a lovely way to mark their big day. Thick 350gsm card with a free envelope. Order now and make their day.
xmen-appocolypse-bm2-personalised-birthday-card,Personalised Xmen Appocolypse Bm2 Funny Birthday Card,"A personalised birthday card they'll want to keep. Add their name, age and your own message inside. Thick 350gsm card with a free envelope. Order today."
xmen-bm1-personalised-birthday-card,Personalised Xmen Bm1 Funny Birthday Card | Foxy Printing,"Our personalised birthday card is made to make someone feel special. Personalise it with a name, age and message. Folded to A5 on 350gsm card. Order today."
xmen-eu-sega-megadrive-retro-gaming-magnet,Xmen Video Retro Mega Drive Fridge Magnet | Foxy Printing,This retro gaming fridge magnet is a fun gift for any retro gamer. Printed in North Yorkshire. A great gift idea. Order now and make their day.
xmen-sega-megadrive-retro-gaming-magnet,Xmen Video Retro Mega Drive Fridge Magnet Sega,Add some retro fun to the fridge with this retro gaming fridge magnet. Printed in North Yorkshire. A great gift idea. Order now and make their day.
xmenchildreoftheatom-2-ps1-playstation-1-game-keyring,Xmen Children of the Atom 2 Retro PS1 Fridge Magnet,Add some retro fun to the fridge with this retro gaming fridge magnet. Printed in-house in North Yorkshire in full colour. Order now and make their day.
xmenchildreoftheatom-ps1-playstation-1-game-keyring,Xmen Children of the Atom Retro PS1 Fridge Magnet,Bring back the classics with this retro gaming fridge magnet. Printed in-house in North Yorkshire in full colour. Add it to your basket today.
xmenlegends,Xmen Legends Video Retro GameCube Fridge Magnet,Add some retro fun to the fridge with this retro gaming fridge magnet. Printed in-house in North Yorkshire in full colour. Treat them today.
xmenlegendsiiriseofapocalypse,Xmen Legends Ii Rise Retro GameCube Fridge Magnet,Bring back the classics with this retro gaming fridge magnet. Printed in-house in North Yorkshire in full colour. Add it to your basket today.
xmenmutantacademy-gb-ps1-playstation-1-game-keyring,Xmen Mutant Academy Gb Retro PS1 Fridge Magnet,Bring back the classics with this retro gaming fridge magnet. Made to order in our North Yorkshire workshop. A great gift idea. Order yours today.
xmenmutantacademy2-ps1-playstation-1-game-keyring,Xmen Mutant Academy2 Retro PS1 Fridge Magnet | Foxy Printing,Add some retro fun to the fridge with this retro gaming fridge magnet. Printed in North Yorkshire. A great gift idea. Order now and make their day.
xmenvsstreetfighter-ps1-playstation-1-game-keyring,Xmen vs Street Fighter Retro PS1 Fridge Magnet,This retro gaming fridge magnet is a fun gift for any retro gamer. Printed in North Yorkshire. A great gift idea. Order now and make their day.
xolo-mariduena-cobra-kai-celebrity-face-mask,Xolo Maridueña Cobra Kai Face Mask | Foxy Printing,"Xolo Maridueña Cobra Kai Face Mask: guaranteed laughs at any party. Printed on 350gsm silk card, cut to shape with eye holes and elastic. Order today."
xr-printed-mug,XR Personalised Mug | Foxy Printing,XR Personalised Mug: a cheerful gift for home or the office. Add any name to make it unique. Dishwasher and microwave safe. Add it to your basket today.
xtremesports,Xtreme Sports Retro Dreamcast Fridge Magnet | Foxy Printing,Bring back the classics with this retro gaming fridge magnet. Printed in-house in North Yorkshire in full colour. Add it to your basket today.
xtremesports-sega-dreamcast-game-keyring,Xtremesports Retro Dreamcast Keyring | Foxy Printing,Keep your keys retro with this retro gaming keyring. Made to order in our North Yorkshire workshop. A great gift idea. Add it to your basket today.
xxx-return-of-xander-cage-2017-movie-birthday-card-sa,Personalised Xxx Return of Xander Cage 2017 Birthday Card,This tongue-in-cheek personalised birthday card is a gift for friends who like a laugh. Dispatched the same or next working day. Order yours today.
xxx-return-of-xander-cage-deepika-padukone-movie-birthday-card-sa,Personalised Xxx Return of Xander Cage Deepika Birthday Card,A naughty-but-nice personalised birthday card for adults with a sense of humour. Sent 1st Class in a board-backed envelope so it arrives flat. Order today.
yael-grobglas-jane-the-virgin-celebrity-face-mask,Yael Grobglas Jane the Virgin Face Mask | Foxy Printing,"Yael Grobglas Jane the Virgin Face Mask: perfect for stag dos, hen parties and fancy dress. Cut to shape with eye holes. Add it to your basket today."
yana-gupta-m400-bollywood-autographed-poster-print-photo-signature-gift,Yana Gupta Bollywood Printed Signature Print | Foxy Printing,Yana Gupta Bollywood Printed Signature Print: a striking piece for a fan's wall. Printed to order in our North Yorkshire workshop. Order today.
yana-gupta-m401-bollywood-autographed-poster-print-photo-signature-gift,Yana Gupta Bollywood Printed Signature Print Design 2,Yana Gupta Bollywood Printed Signature Print: a lovely gift for a true fan. A printed reproduction: the signature is part of the print. Order today.
yancy-printed-mug,Personalised Yancy Mug | Foxy Printing,Personalised Yancy Mug: a smile with every cuppa. Add their name to make it their own. Dishwasher and microwave safe. Order now and make their day.
yankuba-minteh-limited-edition-signed-football-poster-print,Yankuba Minteh Printed Signature Print | Foxy Printing,Yankuba Minteh Printed Signature Print: a lovely gift for a true fan. A printed reproduction: the signature is part of the print. Treat them today.
yankuba-minteh-printed-signed-poster-brighton-hove-albion-gambia-midfielder-tribute-wall-art-with-jersey-bio-plaque-premier-league-football-memorabilia-for-fans-collectors,Yankuba Minteh Printed Signature Poster | Foxy Printing,Yankuba Minteh Printed Signature Print: a great gift for any fan. Printed to order in our North Yorkshire workshop. Add it to your basket today.
yannick-agnel-m487-swimmer-autographed-poster-print-photo-signature-gift,Yannick Agnel Swimmer Printed Signature Print,Yannick Agnel Swimmer Printed Signature Print: a striking piece for a fan's wall. A printed reproduction: the signature is part of the print. Order today.
yannick-agnel-m488-swimmer-autographed-poster-print-photo-signature-gift,Yannick Agnel Swimmer Printed Signature Print Design 2,Yannick Agnel Swimmer Printed Signature Print: a striking piece for a fan's wall. A printed reproduction: the signature is part of the print. Order today.
yannick-bolasie-2-footballer-autographed-poster-print-photo-signature-gift,Yannick Bolasie Printed Signature Print Design 2,"Yannick Bolasie Printed Signature Print: a lovely gift for a true fan. The signature is printed as part of the design, not added by hand. Treat them today."
yannick-bolasie-2-signed-autographed-footballers-star-print,Yannick Bolasie Printed Signature Print Design 4,Yannick Bolasie Printed Signature Print: a lovely gift for a true fan. Printed to order in our North Yorkshire workshop. Order now and make their day.
yannick-bolasie-footballer-autographed-poster-print-photo-signature-gift,Yannick Bolasie Printed Signature Print | Foxy Printing,Yannick Bolasie Printed Signature Print: a lovely gift for a true fan. A printed reproduction: the signature is part of the print. Order today.
yannick-bolasie-signed-autographed-footballers-star-print,Yannick Bolasie Printed Signature Print Design 3,Yannick Bolasie Printed Signature Print: a great gift for any fan. A printed reproduction: the signature is part of the print. Add it to your basket today.
yannick-ngakoue-2-signed-autographed-nfl-star-print,Yannick Ngakoue NFL Printed Signature Print Design 2,Yannick Ngakoue Printed Signature Print: a lovely gift for a true fan. Printed in North Yorkshire. A great gift idea. Order now and make their day.
yannick-ngakoue-signed-autographed-nfl-star-print,Yannick Ngakoue NFL Printed Signature Print | Foxy Printing,Yannick Ngakoue Printed Signature Print: a lovely gift for a true fan. The signature is printed in the design. Order now and make their day.
yara-emmy-mh-2017-celebrity-face-mask,Yara Emmy Face Mask | Foxy Printing,"Yara Emmy Face Mask: guaranteed laughs at any party. A4 size on 350gsm card, with eye holes cut and elastic included. Add it to your basket today."
yars-revenge-2-atari-2600-case-or-cover,Yars Revenge 2 Atari 2600 Replacement Case | Foxy Printing,Give your game a fresh look with this replacement game case. It's a printed case or cover only; no game is included. Order now and make their day.
yars-revenge-2-retro-gaming-magnet,Yars Revenge 2 Retro Atari 2600 Fridge Magnet,A nostalgic retro gaming fridge magnet for gamers of all ages. Printed in-house in North Yorkshire in full colour. Add it to your basket today.
yarsrevenge-retro-gaming-magnet,Yars Revenge Retro Game Boy Color Fridge Magnet,This retro gaming fridge magnet is a fun gift for any retro gamer. Printed in North Yorkshire. A great gift idea. Order now and make their day.
yasir-hassan-celebrity-face-mask-fancy-dress-cardboard-costume-mask,Yasir Hassan Face Mask | Foxy Printing,Yasir Hassan card face mask for a soap-themed birthday. Printed on 350gsm silk card cut to shape with eye holes and elastic. Order yours today.
yasmin-finney-heartstopper-celebrity-face-mask,Yasmin Finney Heartstopper Face Mask | Foxy Printing,"Get the party started with a Yasmin Finney Heartstopper face mask. Full-colour print on 350gsm card, cut to shape with elastic. Great for a movie night."
yasmin-finney-heartstopper-celebrity-face-mask-fancy-dress-cardboard-costume-mask,Yasmin Finney Face Mask | Foxy Printing,"Get the party started with a Yasmin Finney face mask. Full-colour print on 350gsm card, cut to shape with elastic. Great for a soap-themed birthday."
yasuo-league-of-legends-game-birthday-card-sa,Yasuo League of Legends Birthday Card | Foxy Printing,"A printed card they'll want to keep. Printed on thick 350gsm card, folded to A5, with a free white envelope. A great gift idea. Order today."
yasuo-league-of-legends-game-personalised-birthday-card-sa060917,Personalised Yasuo League of Legends Birthday Card,This personalised birthday card is a lovely way to mark their big day. Posted 1st Class with a free envelope. Folded to A5 on 350gsm card. Order today.
yay-youre-pregnant-personalised-birthday-card,Personalised Yay You're Pregnant Adult Birthday Card,"Send a smile with this personalised birthday card. Personalise it with a name, age and message. Thick 350gsm card with a free envelope. Order yours today."
yaya-toure-1-football-player-signed-by-autographed-poster-print,Yaya Toure Football Printed Signature Print | Foxy Printing,Yaya Toure Printed Signature Print: a striking piece for a fan's wall. A printed reproduction: the signature is part of the print. Order yours today.
yaya-toure-1-signed-autographed-footballers-star-print,Yaya Toure Football Printed Signature Print Design 1,Yaya Toure Printed Signature Print: a lovely gift for a true fan. A printed reproduction: the signature is part of the print. Add it to your basket today.
yaya-toure-2-football-player-signed-by-autographed-poster-print,Yaya Toure Football Printed Signature Print Design 2,Yaya Toure Printed Signature Print: a lovely gift for a true fan. The signature is printed in the design. A great gift idea. Add it to your basket today.
yaya-toure-2-signed-autographed-footballers-star-print,Yaya Toure Football Printed Signature Print Design 4,Yaya Toure Printed Signature Print: a striking piece for a fan's wall. A printed reproduction: the signature is part of the print. Treat them today.
yaya-toure-celebrity-face-mask,Yaya Toure Face Mask Design 2 | Foxy Printing,Fancy dress made easy: a Yaya Toure face mask on thick card with eye holes and elastic. Perfect for a football-themed birthday and photo booths.
yaya-toure-manchester-city-mancity-face-mask,Yaya Toure Face Mask | Foxy Printing,"Get the party started with a Yaya Toure face mask. Full-colour print on 350gsm card, cut to shape with elastic. Great for a wedding photo booth."
ye-olde-humpty-dumpty-drinks-coaster,Ye Olde Humpty Dumpty Drinks Coaster | Foxy Printing,Ye Olde Humpty Dumpty Drinks Coaster: a cheerful gift for anyone who loves a cuppa. Made to order in North Yorkshire. Order now and make their day.
ye-olde-jack-and-jill-drinks-coaster,Ye Olde Jack and Jill Drinks Coaster | Foxy Printing,Ye Olde Jack and Jill Drinks Coaster: a fun little gift for the home or office. Made to order in our North Yorkshire workshop. Order yours today.
ye-olde-mary-mary-drinks-coaster,Ye Olde Mary Coaster | Foxy Printing,Ye Olde Mary Coaster: a fun gift for the home bar. Custom designs on request. Made to order in North Yorkshire. Order now and make their day.
ye-olde-simple-simon-drinks-coaster,Ye Olde Simple Simon Drinks Coaster | Foxy Printing,Ye Olde Simple Simon Drinks Coaster: a fun little gift for the home or office. Made to order in our North Yorkshire workshop. Order now and make their day.
ye-olde-sing-a-song-of-experience-drinks-coaster,Ye Olde Sing a Song of Experience Drinks Coaster,Ye Olde Sing a Song of Experience Drinks Coaster: a fun gift for the home bar. Custom designs are available on request. Order now and make their day.
ye-olde-wee-willie-winkie-drinks-coaster,Ye Olde Wee Willie Winkie Drinks Coaster | Foxy Printing,Ye Olde Wee Willie Winkie Drinks Coaster: a fun little gift for the home or office. Made to order in our North Yorkshire workshop. Order yours today.
ye-olde-woman-who-lives-in-a-shoe-drinks-coaster,Ye Olde Woman Who Lives in a Shoe Drinks Coaster,Ye Olde Woman Who Lives in a Shoe Drinks Coaster: a fun little gift for the home or office. Custom designs are available on request. Treat them today.
ye-yang-2-golfer-signed-by-autographed-poster-print,YE Yang Golf Printed Signature Print Design 2,YE Yang Printed Signature Print: a lovely gift for a true fan. A printed reproduction: the signature is part of the print. Order now and make their day.
ye-yang-2-signed-autographed-golfer-star-print,Ye Yang Golf Printed Signature Print Design 4,Ye Yang Printed Signature Print: a lovely gift for a true fan. The signature is printed in the design. Made in North Yorkshire. Treat them today.
ye-yang-golf-stars-face-mask,Ye Yang Face Mask | Foxy Printing,"Ye Yang Face Mask: perfect for stag dos, hen parties and fancy dress. Cut to shape with eye holes. Made in North Yorkshire. Order now and make their day."
ye-yang-golfer-signed-by-autographed-poster-print,YE Yang Golf Printed Signature Print | Foxy Printing,YE Yang Printed Signature Print: a striking piece for a fan's wall. A printed reproduction: the signature is part of the print. Order yours today.
ye-yang-signed-autographed-golfer-star-print,Ye Yang Golf Printed Signature Print Design 3,"Ye Yang Printed Signature Print: a lovely gift for a true fan. The signature is printed as part of the design, not added by hand. Order today."
years-and-years-1-signed-autographed-music-star-print,Years Years Music Printed Signature Print | Foxy Printing,Years Years Printed Signature Print: a lovely gift for a true fan. The signature is printed in the design. A great gift idea. Add it to your basket today.
years-and-years-2-signed-autographed-music-star-print,Years Years Music Printed Signature Print Design 2,Years Years Printed Signature Print: a great gift for any fan. A printed reproduction: the signature is part of the print. Add it to your basket today.
years-and-years-3-signed-autographed-music-landscape-star-print,Years Years Music Printed Signature Print Design 4,Years Years Printed Signature Print: a great gift for any fan. A printed reproduction: the signature is part of the print. Add it to your basket today.
years-and-years-signed-autographed-music-landscape-star-print,Years Years Music Printed Signature Print Design 3,Years Years Printed Signature Print: a lovely gift for a true fan. A printed reproduction: the signature is part of the print. Add it to your basket today.
yelchin-mh-2017-celebrity-face-mask,Anton Yelchin Face Mask Design 3 | Foxy Printing,"Anton Yelchin MH Face Mask: guaranteed laughs at any party. Printed on 350gsm silk card, cut to shape with eye holes and elastic. Order yours today."
yellow-arsenic-black-handle-alchemy-mug,Yellow Arsenic Black Handle Alchemy Gothic Goth Horror Mug,Yellow Arsenic Black Handle Alchemy Gothic Goth Horror Mug: a fun gift for any tea or coffee lover. Dishwasher and microwave safe. Order yours today.
yellow-sports-car-side-view-personalised-birthday-card,Personalised Yellow Sports Car Side View Funny Birthday Card,"A personalised birthday card they'll want to keep. Personalise it with a name, age and message. Thick 350gsm card with a free envelope. Order yours today."
yeonjun-txt-celebrity-face-mask-k-pop-idol-face-mask-funny-mask-for-stag-do-hen-night-tv-events-fancy-dress-costume-parties-ready-to-wear,Yeonjun Face Mask | Foxy Printing,Yeonjun Face Mask: a fun pick for birthdays and photo booths. 350gsm card with eye holes and elastic. Made in North Yorkshire. Treat them today.
yeovil-signs-for-football-mug-personalised-birthday-age-and-name,Personalised Signs for Yeovil Football Birthday Mug,Personalised Signs for Yeovil Football Birthday Mug: a fun gift for any tea or coffee lover. Dishwasher and microwave safe. Order now and make their day.
yeovil-town-football-team-mug-personalised-birthday-age-and-name,Yeovil Town Football Team Personalised Mug | Foxy Printing,This printed mug makes a fun gift for any tea or coffee lover. Personalise it with a name before you order. Dishwasher and microwave safe. Order today.
yerson-mosquera-wolves-face-mask-wolverhampton-wanderers-football-player-celebrity-card-mask-celebrity-mask-for-stag-do-hen-night-fancy-dress-costume-parties-funny-adult-card-mask,Yerson Mosquera Face Mask | Foxy Printing,Fancy dress made easy: a Yerson Mosquera face mask on thick card with eye holes and elastic. Perfect for a big match watch party and photo booths.
yes-i-am-awesome-personalised-baby-boy-girl-unisex-short-sleeve-bodysuit,Yes I Am Awesome Personalised Baby Grow | Foxy Printing,Yes I Am Awesome Personalised Baby Grow: a sweet gift for a new arrival. Personalise it with the baby's name. Wash and iron inside out. Treat them today.
yes-your-a-nob-jockey-but-i-love-you-valentines-day-card,Yes Your a Nob Jockey but I Love You Valentine's Card,Yes Your a Nob Jockey but I Love You Valentine's Card: a card they'll want to keep. Thick 350gsm card with a free envelope. Order now and make their day.
yes-your-a-white-man-but-i-love-you-valentines-day-card,Yes Your a White Man but I Love You Valentine's Card,Yes Your a White Man but I Love You Valentine's Card: a lovely way to mark the occasion. Thick 350gsm card with a free envelope. Order yours today.
yg-rapper-celebrity-face-mask-fancy-dress-cardboard-costume-mask,YG Face Mask | Foxy Printing,"YG Face Mask: a fun pick for birthdays and photo booths. Printed on 350gsm silk card, cut to shape with eye holes and elastic. Order yours today."
yilmaz-signed-poster-print-turkey-national-team-captain-tribute-wall-art-with-signature-jersey-number-17-inspirational-football-memorabilia-for-fans-collectors,Yılmaz Athletics Printed Signature Print | Foxy Printing,"Yılmaz Printed Signature Print: a great gift for any fan. The signature is printed as part of the design, not added by hand. Add it to your basket today."
yin-in-paragon-game-personalised-birthday-card-sa060917,Personalised Yin in Paragon Birthday Card | Foxy Printing,"A personalised birthday card they'll want to keep. Add a name, age and a message inside before you order. Folded to A5 on 350gsm card. Order today."
yoan-gouffran-1-football-player-signed-by-autographed-poster-print,Yoan Gouffran Printed Signature Print | Foxy Printing,Yoan Gouffran Printed Signature Print: a striking piece for a fan's wall. Printed to order in our North Yorkshire workshop. Add it to your basket today.
yoan-gouffran-1-signed-autographed-footballers-star-print,Yoan Gouffran Printed Signature Print Design 1,"Yoan Gouffran Printed Signature Print: a great gift for any fan. The signature is printed as part of the design, not added by hand. Treat them today."
yoan-gouffran-2-football-player-signed-by-autographed-poster-print,Yoan Gouffran Printed Signature Print Design 2,Yoan Gouffran Printed Signature Print: a lovely gift for a true fan. A printed reproduction: the signature is part of the print. Order today.
yoan-gouffran-2-signed-autographed-footballers-star-print,Yoan Gouffran Printed Signature Print Design 4,Yoan Gouffran Printed Signature Print: a great gift for any fan. A printed reproduction: the signature is part of the print. Add it to your basket today.
yoda-old-git-you-are-personalised-birthday-card,Personalised Yoda Old Git You Are Adult Birthday Card,"Make their day with this personalised birthday card. Add a name, age and a message inside before you order. Folded to A5 on 350gsm card. Order yours today."
yoda-valentines,Yoda Valentine's Card | Foxy Printing,"Send a smile with this printed card. Posted Royal Mail 1st Class, dispatched the same or next working day. Folded to A5 on 350gsm card. Treat them today."
yodastories-retro-gaming-magnet,Yoda Stories Retro Game Boy Color Fridge Magnet,Bring back the classics with this retro gaming fridge magnet. Made to order in our North Yorkshire workshop. A great gift idea. Treat them today.
yoel-romero-2-mma-wrestling-signed-by-autographed-poster-print,Yoel Romero MMA Wrestler UFC Signature Print Design 2,Yoel Romero MMA Wrestler Printed Signature Print: a great gift for any fan. A printed reproduction: the signature is part of the print. Treat them today.
yoel-romero-2-signed-autographed-ufc-star-print,Yoel Romero UFC Printed Signature Print Design 2,"Yoel Romero Printed Signature Print: a great gift for any fan. The signature is printed as part of the design, not added by hand. Order yours today."
yoel-romero-mma-wrestling-signed-by-autographed-poster-print,Yoel Romero MMA Wrestler UFC Printed Signature Print,Yoel Romero MMA Wrestler Printed Signature Print: a lovely gift for a true fan. Printed in North Yorkshire. A great gift idea. Order yours today.
yoel-romero-signed-autographed-ufc-star-print,Yoel Romero UFC Printed Signature Print | Foxy Printing,"Yoel Romero Printed Signature Print: a great gift for any fan. The signature is printed as part of the design, not added by hand. Treat them today."
yogi-berra-copy-2-baseball-player-autographed-poster-print-photo-signature-gift,Yogi Berra Baseball Printed Signature Print Design 2,"Yogi Berra Baseball Printed Signature Print: a great gift for any fan. The signature is printed as part of the design, not added by hand. Treat them today."
yogi-berra-copy-baseball-player-autographed-poster-print-photo-signature-gift,Yogi Berra Baseball Printed Signature Print | Foxy Printing,Yogi Berra Baseball Printed Signature Print: a striking piece for a fan's wall. A printed reproduction: the signature is part of the print. Order today.
yohan-blake-face-mask,Yohan Blake Face Mask | Foxy Printing,Yohan Blake card face mask for a sports-themed birthday. Printed on 350gsm silk card cut to shape with eye holes and elastic. Order yours today.
yohan-blake-jb-athletics-fancy-dress-cardboard-celebrity-party-stag-birthday-idea-fancy-dress-face-mask,Yohan Blake Face Mask Jb | Foxy Printing,"Yohan Blake Face Mask: perfect for stag dos, hen parties and fancy dress. A4 size on 350gsm card, with eye holes cut and elastic included. Order today."
yohan-cabaye-2-football-player-signed-by-autographed-poster-print,Yohan Cabaye Printed Signature Print Design 2,Yohan Cabaye Printed Signature Print: a lovely gift for a true fan. Printed in North Yorkshire. A great gift idea. Order now and make their day.
yohan-cabaye-2-signed-autographed-footballers-star-print,Yohan Cabaye Printed Signature Print Design 4,Yohan Cabaye Printed Signature Print: a lovely gift for a true fan. A printed reproduction: the signature is part of the print. Order yours today.
yohan-cabaye-football-player-signed-by-autographed-poster-print,Yohan Cabaye Printed Signature Print | Foxy Printing,Yohan Cabaye Printed Signature Print: a striking piece for a fan's wall. A printed reproduction: the signature is part of the print. Order yours today.
yohan-cabaye-signed-autographed-footballers-star-print,Yohan Cabaye Printed Signature Print Design 3,Yohan Cabaye Printed Signature Print: a lovely gift for a true fan. A printed reproduction: the signature is part of the print. Order yours today.
yokohama-printed-mug,Yokohama Personalised Mug | Foxy Printing,Yokohama Personalised Mug: a cheerful gift for home or the office. Add any name to make it unique. Dishwasher and microwave safe. Order yours today.
yondu-guardians-of-the-galaxy-signed-lego-display-case-minifigure-display-background-and-frames,Yondu Minifigure Display Case | Foxy Printing,Brighten someone's day with this minifigure display case. Made to order in North Yorkshire. Custom designs on request. Add it to your basket today.
yonoid-retro-nes-gaming-fridge-magnet-653,Yonoid Retro NES Fridge Magnet | Foxy Printing,A nostalgic retro gaming fridge magnet for gamers of all ages. Made to order in our North Yorkshire workshop. A great gift idea. Order today.
yonoid-retro-nes-gaming-keyring,Xexyz Retro NES Keyring | Foxy Printing,This retro gaming keyring is a fun little gift for any gamer. Made to order in our North Yorkshire workshop. A great gift idea. Treat them today.
yoon-jeonghan-seventeen-celebrity-face-mask-k-pop-idol-face-mask-funny-mask-for-stag-do-hen-night-tv-events-fancy-dress-costume-parties-ready-to-wear,Yoon Jeonghan Face Mask | Foxy Printing,"Get the party started with a Yoon Jeonghan face mask. Full-colour print on 350gsm card, cut to shape with elastic. Great for a karaoke night."
yoonchae-katseye-celebrity-face-mask-k-pop-idol-face-mask-funny-mask-for-stag-do-hen-night-tv-events-fancy-dress-costume-parties-ready-to-wear,Yoonchae Face Mask | Foxy Printing,Yoonchae Face Mask: a fun pick for birthdays and photo booths. Posted in a board-backed envelope so it arrives flat. Add it to your basket today.
york-city-football-team-mug-personalised-birthday-age-and-name,York City Football Team Personalised Mug | Foxy Printing,"Give them a laugh with this printed mug. Add their name to make it their own. 11oz ceramic, dishwasher safe. Made in North Yorkshire. Treat them today."
yorkshire-born-and-bred-2-baby-grow-bodysuit,Yorkshire Born and Bred 2 Baby Grow | Foxy Printing,Yorkshire Born and Bred 2 Baby Grow: a sweet gift for a new arrival. Add a name to make it their own. Wash and iron inside out. Treat them today.
yorkshire-terrier-dogs-and-puppies-happy-birthday,Personalised Yorkshire Terrier Dogs and Funny Birthday Card,Personalised Yorkshire Terrier Dogs and Funny Birthday Card: a card with a personal touch. Thick 350gsm card with a free envelope. Order today.
yorkshire-terrier2-dogs-and-puppies-happy-birthday,Personalised Yorkshire Terrier2 Dogs and Funny Birthday Card,Personalised Yorkshire Terrier2 Dogs and Funny Birthday Card: a lovely way to mark the occasion. Thick 350gsm card with a free envelope. Order today.
yoshi-ds-gameboy-gaming-keyring,Yoshi DS Retro Game Boy Keyring | Foxy Printing,This retro gaming keyring is a fun little gift for any gamer. Made to order in our North Yorkshire workshop. A great gift idea. Order yours today.
yoshi-ds-retro-gaming-case,Yoshi DS Game Boy Replacement Case | Foxy Printing,Restore your shelf with this replacement game case. It's a printed case or cover only; no game is included. Printed in North Yorkshire. Order today.
yoshi-gameboy-gaming-keyring,Yoshi Retro Game Boy Keyring | Foxy Printing,Carry a classic with you on this retro gaming keyring. Printed in-house in North Yorkshire in full colour. A great gift idea. Add it to your basket today.
yoshi-retro-gaming-case,Yoshi Game Boy Replacement Case | Foxy Printing,Tidy up your collection with this replacement game case. Made to order in our North Yorkshire workshop; no game included. Order now and make their day.
yoshi-retro-nes-gaming-fridge-magnet-654,Yoshi Retro NES Fridge Magnet | Foxy Printing,Add some retro fun to the fridge with this retro gaming fridge magnet. Made to order in our North Yorkshire workshop. Add it to your basket today.
yoshi-retro-nes-gaming-keyring,Yonoid Retro NES Keyring | Foxy Printing,Keep your keys retro with this retro gaming keyring. Printed in-house in North Yorkshire in full colour. A great gift idea. Add it to your basket today.
yoshi-super-mario-personalised-birthday-card-sa060917,Personalised Yoshi Super Mario Birthday Card | Foxy Printing,"A personalised birthday card they'll want to keep. Add their name, age and your own message inside. Folded to A5 on 350gsm card. Order today."
yoshis-cookie-gaming-t-shirt,Yoshi's Cookie – Gaming T-Shirt | Foxy Printing,"Yoshi's Cookie Gaming T-Shirt: a fun top for parties, gifts and days out. Made to order in our North Yorkshire workshop. Order now and make their day."
yoshis-cookie-replacement-snes-game-case-or-cover,Yoshi's Cookie SNES Replacement Case | Foxy Printing,Restore your shelf with this replacement game case. Printed in-house in North Yorkshire. No game included. A great gift idea. Treat them today.
yoshis-cookie-retro-gaming-keyring,Yoshi's Cookie Retro SNES Keyring | Foxy Printing,A nostalgic retro gaming keyring for retro gaming fans. Printed in-house in North Yorkshire in full colour. A great gift idea. Add it to your basket today.
yoshis-cookie-retro-gaming-magnet,Yoshi's Cookie Retro SNES Fridge Magnet | Foxy Printing,This retro gaming fridge magnet is a fun gift for any retro gamer. Made to order in our North Yorkshire workshop. Order now and make their day.
yoshis-safari-gaming-t-shirt,Yoshi's Safari – Gaming T-Shirt | Foxy Printing,Yoshi's Safari Gaming T-Shirt: made to stand out. Custom designs are available on request. Made in North Yorkshire. Add it to your basket today.
yoshis-safari-replacement-snes-game-case-or-cover,Yoshi's Safari SNES Replacement Case | Foxy Printing,Tidy up your collection with this replacement game case. It's a printed case or cover only; no game is included. Add it to your basket today.
yoshis-safari-retro-gaming-keyring,Yoshi's Safari Retro SNES Keyring | Foxy Printing,Keep your keys retro with this retro gaming keyring. Printed in-house in North Yorkshire in full colour. A great gift idea. Treat them today.
yoshis-safari-retro-gaming-magnet,Yoshi's Safari Retro SNES Fridge Magnet | Foxy Printing,Bring back the classics with this retro gaming fridge magnet. Printed in-house in North Yorkshire in full colour. Add it to your basket today.
yossi-benayoun-face-mask,Yossi Benayoun Face Mask | Foxy Printing,"Get the party started with a Yossi Benayoun face mask. Full-colour print on 350gsm card, cut to shape with elastic. Great for a five-a-side."
you-are-not-a-hard-person-to-shop-for-personalised-birthday-card,Personalised You Are Not a Hard Person to Shop Birthday Card,"Make their day with this personalised birthday card. Add their name, age and your own message inside. Dispatched the same or next working day. Order today."
you-are-not-a-unicorn-you-are-a-dickhead-ke-adult-mug,You Are Not A Unicorn. You Are A | Printed Mug Gift UK,This tongue-in-cheek printed mug is a gift for friends who like a laugh. Dishwasher and microwave safe. Made in North Yorkshire. Treat them today.
you-are-not-old-your-just-ripe-personalised-birthday-card,Personalised You Are Not Old Your Just Ripe Card Design 2,"Our personalised birthday card is made to make someone feel special. Personalise it with a name, age and message. Folded to A5 on 350gsm card. Order today."
you-are-not-old-your-just-ripe-personalised-card,Personalised You Are Not Old Your Just Ripe Birthday Card,"Send a smile with this personalised birthday card. Personalise it with a name, age and message. Posted 1st Class with a free envelope. Order today."
you-are-the-best-friend-ever,Personalised You Are the No.1 Friend Ever! Birthday Card,This tongue-in-cheek personalised birthday card is a gift for friends who like a laugh. Thick 350gsm card with a free envelope. Order yours today.
you-are-the-only-person-who-puts-up-with-my-shit,Personalised You Are the Only Person Who Puts Birthday Card,A naughty-but-nice personalised birthday card for adults with a sense of humour. Folded to A5 on 350gsm card. Made in North Yorkshire. Treat them today.
you-big-queen-personalised-birthday-card,Personalised You Big Queen Adult Birthday Card,This personalised birthday card is a lovely way to mark their big day. Dispatched the same or next working day. Order now and make their day.
you-bumder-bumper-window-sticker,You Bumder Novelty Vinyl Car Sticker | Foxy Printing,"You Bumder Novelty Vinyl Car Sticker: a quick way to add some personality. Printed in-house in North Yorkshire, UK. Add it to your basket today."
you-can-do-it-dad-personalised-baby-boy-girl-unisex-short-sleeve-bodysuit,You Can Do It Dad Personalised Baby Grow | Foxy Printing,You Can Do It Dad Personalised Baby Grow: a cute pick for baby showers. Personalise it with the baby's name. Wash and iron inside out. Order today.
you-can-go-fast-but-i-can-go-anywhere-bumper-window-sticker,You Can Go Fast but I Can Go Anywhere Vinyl Car Sticker,You Can Go Fast but I Can Go Anywhere Vinyl Car Sticker: a quick way to add some personality. Custom designs on request. Add it to your basket today.
you-can-take-your-birthday-and-shove-it-up-your-arse-adult-mug,You Can Take Your Birthday and Shove It Up Your A*** Mug,"A naughty-but-nice printed mug for adults with a sense of humour. 11oz ceramic, dishwasher safe. Made in North Yorkshire. Order now and make their day."
you-can-take-your-birthday-and-shove-it-up-your-arse-funny-mug,You Can Take Your Birthday and Shove It Up Your Mug Design 2,"This tongue-in-cheek printed mug is a gift for friends who like a laugh. 11oz ceramic, dishwasher safe. Made in North Yorkshire. Treat them today."
you-can-take-your-christmas-and-shove-it-up-your-arse-adult-mug,You Can Take Your Christmas and Shove It Up Your A*** Mug,"A cheeky novelty printed mug for someone with a wicked sense of humour. 11oz ceramic, dishwasher safe. Made in North Yorkshire. Order early for Christmas."
you-can-take-your-christmas-and-shove-it-up-your-arse-funny-mug,You Can Take Your Christmas and Shove It Up Mug Design 2,"This tongue-in-cheek printed mug is a gift for friends who like a laugh. Sublimation printed, so the design is part of the glaze. Order yours today."
you-can-take-your-gift-and-shove-it-up-your-arse-adult-mug,You Can Take Your Gift and Shove It Up Your A*** Adult Mug,"A naughty-but-nice printed mug for adults with a sense of humour. 11oz ceramic, dishwasher safe. Made in North Yorkshire. Order yours today."
you-can-take-your-gift-and-shove-it-up-your-arse-funny-mug,You Can Take Your and Shove It Up Your A*** Mug,"A cheeky novelty printed mug for someone with a wicked sense of humour. Sublimation printed, so the design is part of the glaze. Treat them today."
you-can-take-your-wedding-and-shove-it-up-your-arse-adult-mug,You Can Take Your Wedding and Shove It Up Your A*** Mug,This tongue-in-cheek printed mug is a gift for friends who like a laugh. Dishwasher and microwave safe. Made in North Yorkshire. Treat them today.
you-can-take-your-wedding-and-shove-it-up-your-arse-funny-mug,You Can Take Your Wedding and Shove It Up Your Mug Design 2,This tongue-in-cheek printed mug is a gift for friends who like a laugh. Dishwasher and microwave safe. A great gift idea. Order now and make their day.
you-forgot-my-birthday-personalised-birthday-card,Personalised You Forgot My Adult Birthday Card,"Our personalised birthday card is made to make someone feel special. Personalise it with a name, age and message. Folded to A5 on 350gsm card. Order today."
you-just-got-passed-by-a-girl-bumper-window-sticker,You Just Got Passed by a Girl Novelty Vinyl Car Sticker,"You Just Got Passed by a Girl Novelty Vinyl Car Sticker: a quick way to add some personality. Printed in-house in North Yorkshire, UK. Order yours today."
you-know-nothing-jon-snow-personalised-baby-boy-girl-unisex-short-sleeve-bodysuit,You Know Nothing Jon Snow Personalised Baby Grow,You Know Nothing Jon Snow Personalised Baby Grow: a sweet gift for a new arrival. Add a name to make it their own. Wash and iron inside out. Order today.
you-like-this-bumper-window-sticker,You Like This Novelty Vinyl Car Sticker | Foxy Printing,"You Like This Novelty Vinyl Car Sticker: a quick way to add some personality. Printed in-house in North Yorkshire, UK. Add it to your basket today."
you-little-biter-luis-suarez-jaws-face-mask,You Little Biter! Luis Suarez Jaws Face Mask | Foxy Printing,You Little Biter! Luis Suarez Jaws Face Mask: a crowd-pleaser for fancy dress and nights out. 350gsm card with eye holes and elastic. Treat them today.
you-look-really-stupid-with-your-head-like-that-bumper-window-sticker,You Look Really Stupid with Your Head Like That Sticker,"You Look Really Stupid with Your Head Like That Sticker: printed to order for your home, car or business. Made to order in North Yorkshire. Order today."
you-look-your-age-personalised-birthday-card,Personalised You Look Your Age Adult Birthday Card,"A personalised birthday card they'll want to keep. Add their name, age and your own message inside. Thick 350gsm card with a free envelope. Order today."
you-make-my-boobies-boogie-ke-adult-mug,You Make My Boobies Boogie KE - Adult | Printed Mug Gift UK,You Make My Boobies Boogie KE - Adult | Printed Mug Gift UK: a fun gift for any tea or coffee lover. Dishwasher and microwave safe. Order today.
you-make-my-bum-hole-tingle-adult-mug,You Make My Bum Hole Tingle - Adult | Printed Mug Gift UK,You Make My Bum Hole Tingle - Adult | Printed Mug Gift UK: a fun gift for any tea or coffee lover. Dishwasher and microwave safe. Treat them today.
you-make-my-fanny-tingle-adult-mug,You Make My Fanny Tingle - Adult Mug | Printed Mug Gift UK,"You Make My Fanny Tingle - Adult Mug | Printed Mug Gift UK: a mug that brightens every brew. 11oz ceramic, dishwasher safe. Order yours today."
you-make-my-minge-twingle,You Make My M**** Twingle Rude Mug | Foxy Printing,"A cheeky novelty printed mug for someone with a wicked sense of humour. 11oz ceramic, dishwasher safe. Made in North Yorkshire. Order today."
you-make-my-vagina-tingle-adult-mug,You Make My Vagina Tingle - Adult Mug | Printed Mug Gift UK,You Make My Vagina Tingle - Adult Mug | Printed Mug Gift UK: a mug that brightens every brew. Dishwasher and microwave safe. Treat them today.
you-may-think-im-listening-to-you-but-cricket-drinks-coaster,Cricket Coaster – I May Look Like I'm Listening,Cricket Coaster I May Look Like I'm Listening: a cheerful gift for anyone who loves a cuppa. Made to order in North Yorkshire. Add it to your basket today.
you-may-think-that-im-listening-to-you-but-chess-drinks-coaster,Chess Coaster – I May Look Like I'm Listening,Chess Coaster I May Look Like I'm Listening: a fun gift for the home bar. Custom designs on request. Made in North Yorkshire. Order yours today.
you-me-at-six-1-signed-autographed-rock-bands-star-print,You Me at Six Music Printed Signature Print | Foxy Printing,You Me at Six Printed Signature Print: a lovely gift for a true fan. A printed reproduction: the signature is part of the print. Order yours today.
you-me-at-six-2-signed-autographed-rock-bands-star-print,You Me at Six Music Printed Signature Print Design 2,"You Me at Six Printed Signature Print: a great gift for any fan. The signature is printed as part of the design, not added by hand. Order yours today."
you-ok-hun-drinks-coaster,You Ok Hun? Drinks Coaster | Foxy Printing,You Ok Hun? Drinks Coaster: a fun gift for the home bar. Made to order in our North Yorkshire workshop. Custom designs on request. Order yours today.
you-shall-not-pass-funny-door-hanger-sign-wizard-fantasy-do-not-enter-door-handle-sign-geek-gamer-room-decor-for-bedroom-office-or-gaming-room,You Shall Not Pass Funny Door Hanger Sign,You Shall Not Pass Funny Door Hanger Sign: a fun finishing touch for the home. Made to order in North Yorkshire. Order now and make their day.
youll-do-nuttin-personalised-baby-boy-girl-unisex-short-sleeve-bodysuit,You'll Do Nuttin Personalised Baby Grow | Foxy Printing,You'll Do Nuttin Personalised Baby Grow: a cute pick for baby showers. Personalise it with the baby's name. Wash and iron inside out. Order yours today.
young-alain-prost-formula1-face-mask,Alain Prost Face Mask 1 | Foxy Printing,Young Alain Prost Formula Face Mask: a crowd-pleaser for fancy dress and nights out. Cut to shape with eye holes. Add it to your basket today.
young-and-fit-as-jesus-personalised-birthday-card,Personalised Young and Fit as Jesus Adult Birthday Card,"A personalised birthday card they'll want to keep. Add a name, age and a message inside before you order. Folded to A5 on 350gsm card. Treat them today."
young-chris-young-gunz-celebrity-face-mask-fancy-dress-cardboard-costume-mask,Young Chris Face Mask | Foxy Printing,"Young Chris Face Mask: a crowd-pleaser for fancy dress and nights out. Printed on 350gsm silk card, cut to shape with eye holes and elastic. Order today."
young-ewan-mcgreggor-celebrity-face-mask,Ewan McGregor Face Mask Young | Foxy Printing,Ewan McGregor card face mask for an Oscars-style party. Printed on 350gsm silk card cut to shape with eye holes and elastic. Order yours today.
young-filly-youtube-celebrity-face-mask-fancy-dress-cardboard-costume-mask,Young Filly Face Mask | Foxy Printing,"Get the party started with a Young Filly face mask. Full-colour print on 350gsm card, cut to shape with elastic. Great for a club awards night."
young-ignitus-spyro-personalised-birthday-card-sa060917,Personalised Young Ignitus Spyro Birthday Card,"Our personalised birthday card is made to make someone feel special. Personalise it with a name, age and message. Folded to A5 on 350gsm card. Order today."
young-indiana-jones-chronicles-retro-nes-gaming-fridge-magnet-656,Young Indiana Jones Chronicles Retro NES Fridge Magnet,Bring back the classics with this retro gaming fridge magnet. Printed in-house in North Yorkshire in full colour. Add it to your basket today.
young-indiana-jones-gaming-keyringchronicles-retro-neskeyring,Yoshi's Cookie Retro NES Keyring | Foxy Printing,This retro gaming keyring is a fun little gift for any gamer. Made to order in our North Yorkshire workshop. A great gift idea. Treat them today.
young-merlin-replacement-snes-game-case-or-cover,Young Merlin SNES Replacement Case | Foxy Printing,Give your game a fresh look with this replacement game case. Printed in-house in North Yorkshire. No game included. Order now and make their day.
young-merlin-retro-gaming-keyring,Young Merlin Retro SNES Keyring | Foxy Printing,Carry a classic with you on this retro gaming keyring. Printed in-house in North Yorkshire in full colour. A great gift idea. Add it to your basket today.
young-merlin-retro-gaming-magnet,Young Merlin Retro SNES Fridge Magnet | Foxy Printing,Bring back the classics with this retro gaming fridge magnet. Printed in-house in North Yorkshire in full colour. Add it to your basket today.
young-rick-astley-celebrity-face-mask-fancy-dress-cardboard-costume-mask,Rick Astley Face Mask | Foxy Printing,"Get the party started with a Rick Astley face mask. Full-colour print on 350gsm card, cut to shape with elastic. Great for a concert pre-party."
youngest-person-i-had-sex-with-this-year-personalised-birthday-card,Personalised Youngest Person I Had Sex Birthday Card,A cheeky novelty personalised birthday card for someone with a wicked sense of humour. Thick 350gsm card with a free envelope. Add it to your basket today.
younus-khan-2-cricket-signed-by-autographed-poster-print,Younus Khan Cricket Printed Signature Print Design 2,Younus Khan Printed Signature Print: a lovely gift for a true fan. The signature is printed in the design. Made in North Yorkshire. Treat them today.
younus-khan-2-signed-autographed-cricket-star-print,Younus Khan Cricket Printed Signature Print Design 4,Younus Khan Printed Signature Print: a lovely gift for a true fan. A printed reproduction: the signature is part of the print. Order yours today.
younus-khan-cricket-signed-by-autographed-poster-print,Younus Khan Cricket Printed Signature Print | Foxy Printing,Younus Khan Printed Signature Print: a striking piece for a fan's wall. Printed in North Yorkshire. A great gift idea. Add it to your basket today.
younus-khan-signed-autographed-cricket-star-print,Younus Khan Cricket Printed Signature Print Design 3,Younus Khan Printed Signature Print: a striking piece for a fan's wall. The signature is printed in the design. Add it to your basket today.
your-a-asshole-but-i-do-love-you,Your a Asshole but I Do Love You Rude Mug | Foxy Printing,"This tongue-in-cheek printed mug is a gift for friends who like a laugh. 11oz ceramic, dishwasher safe. Made in North Yorkshire. Order yours today."
your-a-asshole-but-i-do-love-you-blue,Your a Asshole but I Do Love You Blue Rude Mug,This tongue-in-cheek printed mug is a gift for friends who like a laugh. Dishwasher and microwave safe. Made in North Yorkshire. Order yours today.
your-a-bitch-but-i-do-love-you,Your a B**** but I Do Love You Rude Mug | Foxy Printing,"A naughty-but-nice printed mug for adults with a sense of humour. 11oz ceramic, dishwasher safe. A great gift idea. Add it to your basket today."
your-a-bitch-but-i-do-love-you-blue,Your a B**** but I Do Love You Blue Rude Mug | Foxy Printing,"This tongue-in-cheek printed mug is a gift for friends who like a laugh. Sublimation printed, so the design is part of the glaze. Treat them today."
your-a-cunt-but-i-do-love-you,Your a C*** but I Do Love You Rude Mug | Foxy Printing,A cheeky novelty printed mug for someone with a wicked sense of humour. An 11oz white ceramic mug that's dishwasher and microwave safe. Order yours today.
your-a-cunt-but-i-do-love-you-blue,Your a C*** but I Do Love You Blue Rude Mug | Foxy Printing,This tongue-in-cheek printed mug is a gift for friends who like a laugh. An 11oz white ceramic mug that's dishwasher and microwave safe. Treat them today.
your-a-dick-but-i-do-love-you,Your a Dick but I Do Love You Rude Mug | Foxy Printing,"This tongue-in-cheek printed mug is a gift for friends who like a laugh. Sublimation printed, so the design is part of the glaze. Treat them today."
your-a-dick-but-i-do-love-you-blue,Your a Dick but I Do Love You Blue Rude Mug | Foxy Printing,A naughty-but-nice printed mug for adults with a sense of humour. Dishwasher and microwave safe. Made in North Yorkshire. Order now and make their day.
your-a-dickhead-but-i-do-love-you,Your a D******* but I Do Love You Rude Mug | Foxy Printing,"This tongue-in-cheek printed mug is a gift for friends who like a laugh. Sublimation printed, so the design is part of the glaze. Order today."
your-a-dickhead-but-i-do-love-you-blue,Your a D******* but I Do Love You Blue Rude Mug,A cheeky novelty printed mug for someone with a wicked sense of humour. An 11oz white ceramic mug that's dishwasher and microwave safe. Order yours today.
your-a-dickwod-but-i-do-love-you,Your a Dickwod but I Do Love You Rude Mug | Foxy Printing,"A cheeky novelty printed mug for someone with a wicked sense of humour. Sublimation printed, so the design is part of the glaze. Order yours today."
your-a-dickwod-but-i-do-love-you-blue,Your a Dickwod but I Do Love You Blue Rude Mug,A naughty-but-nice printed mug for adults with a sense of humour. Dishwasher and microwave safe. Made in North Yorkshire. Add it to your basket today.
your-a-douche-but-i-do-love-you,Your a Douche but I Do Love You Rude Mug | Foxy Printing,This tongue-in-cheek printed mug is a gift for friends who like a laugh. Dishwasher and microwave safe. Made in North Yorkshire. Treat them today.
your-a-douche-but-i-do-love-you-blue,Your a Douche but I Do Love You Blue Rude Mug,"A cheeky novelty printed mug for someone with a wicked sense of humour. Sublimation printed, so the design is part of the glaze. Order yours today."
your-a-dumass-but-i-do-love-you,Your a Dumass but I Do Love You Rude Mug | Foxy Printing,A cheeky novelty printed mug for someone with a wicked sense of humour. Dishwasher and microwave safe. A great gift idea. Order now and make their day.
your-a-dumass-but-i-do-love-you-blue,Your a Dumass but I Do Love You Blue Rude Mug,This tongue-in-cheek printed mug is a gift for friends who like a laugh. Dishwasher and microwave safe. Made in North Yorkshire. Order yours today.
your-a-dumbfuck-but-i-do-love-you,Your a Dumbfuck but I Do Love You Rude Mug | Foxy Printing,"A naughty-but-nice printed mug for adults with a sense of humour. Sublimation printed, so the design is part of the glaze. Order now and make their day."
your-a-dumbfuck-but-i-do-love-you-blue,Your a Dumbfuck but I Do Love You Blue Rude Mug,"This tongue-in-cheek printed mug is a gift for friends who like a laugh. Sublimation printed, so the design is part of the glaze. Order yours today."
your-a-dumbshit-but-i-do-love-you,Your a Dumbshit but I Do Love You Rude Mug | Foxy Printing,"A naughty-but-nice printed mug for adults with a sense of humour. Sublimation printed, so the design is part of the glaze. Order yours today."
your-a-dumbshit-but-i-do-love-you-blue,Your a Dumbshit but I Do Love You Blue Rude Mug,"A naughty-but-nice printed mug for adults with a sense of humour. Sublimation printed, so the design is part of the glaze. Order yours today."
your-a-dyke-but-i-do-love-you,Your a Dyke but I Do Love You Rude Mug | Foxy Printing,A naughty-but-nice printed mug for adults with a sense of humour. Dishwasher and microwave safe. Made in North Yorkshire. Order yours today.
your-a-dyke-but-i-do-love-you-blue,Your a Dyke but I Do Love You Blue Rude Mug | Foxy Printing,"A naughty-but-nice printed mug for adults with a sense of humour. 11oz ceramic, dishwasher safe. A great gift idea. Add it to your basket today."
your-a-fag-but-i-do-love-you,Your a Fag but I Do Love You Rude Mug | Foxy Printing,"A naughty-but-nice printed mug for adults with a sense of humour. Sublimation printed, so the design is part of the glaze. Order now and make their day."
your-a-fag-but-i-do-love-you-blue,Your a Fag but I Do Love You Blue Rude Mug | Foxy Printing,"A naughty-but-nice printed mug for adults with a sense of humour. 11oz ceramic, dishwasher safe. Made in North Yorkshire. Add it to your basket today."
your-a-fuckboy-but-i-do-love-you,Your a F*****y but I Do Love You Rude Mug | Foxy Printing,A cheeky novelty printed mug for someone with a wicked sense of humour. Dishwasher and microwave safe. A great gift idea. Order now and make their day.
your-a-fuckboy-but-i-do-love-you-blue,Your a F*****y but I Do Love You Blue Rude Mug,"A naughty-but-nice printed mug for adults with a sense of humour. 11oz ceramic, dishwasher safe. Made in North Yorkshire. Add it to your basket today."
your-a-fuckface-but-i-do-love-you,Your a F******* but I Do Love You Rude Mug | Foxy Printing,"A naughty-but-nice printed mug for adults with a sense of humour. 11oz ceramic, dishwasher safe. Made in North Yorkshire. Order yours today."
your-a-fuckface-but-i-do-love-you-blue,Your a F******* but I Do Love You Blue Rude Mug,A naughty-but-nice printed mug for adults with a sense of humour. Dishwasher and microwave safe. A great gift idea. Add it to your basket today.
your-a-fucktard-but-i-do-love-you,Your a F******* but I Do Love You Rude Mug Design 2,A naughty-but-nice printed mug for adults with a sense of humour. Dishwasher and microwave safe. A great gift idea. Add it to your basket today.
your-a-fucktard-but-i-do-love-you-blue,Your a F******* but I Do Love You Blue Rude Mug Design 2,"This tongue-in-cheek printed mug is a gift for friends who like a laugh. Sublimation printed, so the design is part of the glaze. Treat them today."
your-a-goon-but-i-do-love-you,Your a Goon but I Do Love You Rude Mug | Foxy Printing,"A naughty-but-nice printed mug for adults with a sense of humour. Printed on an 11oz glossy ceramic mug, safe in the dishwasher and microwave. Order today."
your-a-goon-but-i-do-love-you-blue,Your a Goon but I Do Love You Blue Rude Mug | Foxy Printing,A naughty-but-nice printed mug for adults with a sense of humour. Dishwasher and microwave safe. A great gift idea. Add it to your basket today.
your-a-jackass-but-i-do-love-you-blue,Your a Jackass but I Do Love You Blue Rude Mug,A cheeky novelty printed mug for someone with a wicked sense of humour. An 11oz white ceramic mug that's dishwasher and microwave safe. Treat them today.
your-a-knobhead-but-i-do-love-you,Your a K******* but I Do Love You Rude Mug | Foxy Printing,"A cheeky novelty printed mug for someone with a wicked sense of humour. Sublimation printed, so the design is part of the glaze. Treat them today."
your-a-knobhead-but-i-do-love-you-blue,Your a K******* but I Do Love You Blue Rude Mug,A naughty-but-nice printed mug for adults with a sense of humour. An 11oz white ceramic mug that's dishwasher and microwave safe. Order yours today.
your-a-motherfucka-but-i-do-love-you,Your a Motherfucka but I Do Love You Rude Mug,This tongue-in-cheek printed mug is a gift for friends who like a laugh. An 11oz white ceramic mug that's dishwasher and microwave safe. Order yours today.
your-a-motherfucka-but-i-do-love-you-blue,Your a Motherfucka but I Do Love You Blue Rude Mug,"A naughty-but-nice printed mug for adults with a sense of humour. Sublimation printed, so the design is part of the glaze. Order yours today."
your-a-nob-jockey-but-i-do-love-you,Your a Nob Jockey but I Do Love You Rude Mug | Foxy Printing,A naughty-but-nice printed mug for adults with a sense of humour. An 11oz white ceramic mug that's dishwasher and microwave safe. Order today.
your-a-nob-jockey-but-i-do-love-you-blue,Your a Nob Jockey but I Do Love You Blue Rude Mug,This tongue-in-cheek printed mug is a gift for friends who like a laugh. Dishwasher and microwave safe. Made in North Yorkshire. Treat them today.
your-a-nobjockey-but-i-do-love-you-blue,Your a Nobjockey but I Do Love You Blue Rude Mug,"A cheeky novelty printed mug for someone with a wicked sense of humour. 11oz ceramic, dishwasher safe. A great gift idea. Order now and make their day."
your-a-prick-but-i-do-love-you,Your a Prick but I Do Love You Rude Mug | Foxy Printing,A naughty-but-nice printed mug for adults with a sense of humour. Dishwasher and microwave safe. A great gift idea. Add it to your basket today.
your-a-prick-but-i-do-love-you-blue,Your a Prick but I Do Love You Blue Rude Mug | Foxy Printing,"A naughty-but-nice printed mug for adults with a sense of humour. 11oz ceramic, dishwasher safe. Made in North Yorkshire. Order now and make their day."
your-a-queer-but-i-do-love-you,Your a Queer but I Do Love You Rude Mug | Foxy Printing,This tongue-in-cheek printed mug is a gift for friends who like a laugh. Dishwasher and microwave safe. Made in North Yorkshire. Treat them today.
your-a-queer-but-i-do-love-you-blue,Your a Queer but I Do Love You Blue Rude Mug | Foxy Printing,A naughty-but-nice printed mug for adults with a sense of humour. An 11oz white ceramic mug that's dishwasher and microwave safe. Order yours today.
your-a-shitcunt-but-i-do-love-you,Your a Shitcunt but I Do Love You Rude Mug | Foxy Printing,A naughty-but-nice printed mug for adults with a sense of humour. An 11oz white ceramic mug that's dishwasher and microwave safe. Order today.
your-a-shitcunt-but-i-do-love-you-blue,Your a Shitcunt but I Do Love You Blue Rude Mug,A cheeky novelty printed mug for someone with a wicked sense of humour. Dishwasher and microwave safe. Made in North Yorkshire. Order today.
your-a-twat-but-i-do-love-you,Your a T*** but I Do Love You Rude Mug | Foxy Printing,A naughty-but-nice printed mug for adults with a sense of humour. An 11oz white ceramic mug that's dishwasher and microwave safe. Order yours today.
your-a-twat-but-i-do-love-you-blue,Your a T*** but I Do Love You Blue Rude Mug | Foxy Printing,"A cheeky novelty printed mug for someone with a wicked sense of humour. Sublimation printed, so the design is part of the glaze. Order today."
your-a-twat-but-your-my-twat,Your a T*** but Your My T*** Rude Mug | Foxy Printing,"A cheeky novelty printed mug for someone with a wicked sense of humour. Sublimation printed, so the design is part of the glaze. Order today."
your-a-wanker-but-i-do-love-you,Your a W***er but I Do Love You Rude Mug | Foxy Printing,A naughty-but-nice printed mug for adults with a sense of humour. An 11oz white ceramic mug that's dishwasher and microwave safe. Treat them today.
your-a-wanker-but-i-do-love-you-blue,Your a W***er but I Do Love You Blue Rude Mug,"This tongue-in-cheek printed mug is a gift for friends who like a laugh. Sublimation printed, so the design is part of the glaze. Treat them today."
your-hashtag-bumper-window-sticker,Your Hashtag Novelty Vinyl Car Sticker | Foxy Printing,Your Hashtag Novelty Vinyl Car Sticker: a quick way to add some personality. Made to order in North Yorkshire. Order now and make their day.
your-mum-likes-this-bumper-window-sticker,Your Mum Likes This Novelty Vinyl Car Sticker,"Your Mum Likes This Novelty Vinyl Car Sticker: printed to order for your home, car or business. Made to order in our North Yorkshire workshop. Order today."
your-on-the-naughty-list-for-having-a-hairy-fanny-ke-adult-mug,Your On The Naughty List For Having A | Printed Mug Gift UK,"A cheeky novelty printed mug for someone with a wicked sense of humour. 11oz ceramic, dishwasher safe. Made in North Yorkshire. Order today."
your-poster-is-upgraded-to-a0-total-cost-19-99,Your Poster Is Upgraded to A0 | Foxy Printing,Your Poster Is Upgraded to A0: wall art that adds character to any room. Printed in North Yorkshire. Made to order in-house. Add it to your basket today.
your-poster-is-upgraded-to-a1-total-cost-12-99,Your Poster Is Upgraded to A1 | Foxy Printing,Your Poster Is Upgraded to A1: a great gift for their wall. Printed in North Yorkshire. Made to order in-house. Add it to your basket today.
your-poster-is-upgraded-to-a2-total-cost-12-99,Your Poster Is Upgraded to A2 | Foxy Printing,Your Poster Is Upgraded to A2: a thoughtful gift and an easy way to brighten a wall. Printed to order in our North Yorkshire workshop. Treat them today.
your-poster-is-upgraded-to-a3-black-framed-total-cost-17-99,Your Poster Is Upgraded to A3 Black Framed | Foxy Printing,Your Poster Is Upgraded to A3 Black Framed: a great gift for their wall. Printed to order in our North Yorkshire workshop. Add it to your basket today.
your-poster-is-upgraded-to-a3-gold-framed-total-cost-19-100,Your Poster Is Upgraded to A3 Gold Framed Total,Your Poster Is Upgraded to A3 Gold Framed Total: a great gift for their wall. Made to order in-house. Printed in North Yorkshire. Treat them today.
your-poster-is-upgraded-to-a3-gold-framed-total-cost-19-99,Your Poster Is Upgraded to A3 Gold Framed | Foxy Printing,Your Poster Is Upgraded to A3 Gold Framed: a thoughtful gift and an easy way to brighten a wall. Made to order in-house. Add it to your basket today.
your-poster-is-upgraded-to-a3-silver-framed-total-cost-19-99,Your Poster Is Upgraded to A3 Silver Framed | Foxy Printing,Your Poster Is Upgraded to A3 Silver Framed: a thoughtful gift and an easy way to brighten a wall. Made in-house in North Yorkshire. Treat them today.
your-poster-is-upgraded-to-a3-white-framed-total-cost-19-99,Your Poster Is Upgraded to A3 White Framed | Foxy Printing,Your Poster Is Upgraded to A3 White Framed: wall art that adds character to any room. Printed in North Yorkshire. Add it to your basket today.
your-poster-is-upgraded-to-a4-framed-total-cost-14-99,Your Poster Is Upgraded to A4 Black Framed | Foxy Printing,Your Poster Is Upgraded to A4 Black Framed: a great gift for their wall. Printed in North Yorkshire. Made to order in-house. Add it to your basket today.
your-poster-is-upgraded-to-a4-gold-framed-total-cost-14-99,Your Poster Is Upgraded to A4 Gold Framed | Foxy Printing,Your Poster Is Upgraded to A4 Gold Framed: a great gift for their wall. Printed to order in our North Yorkshire workshop. Order yours today.
your-poster-is-upgraded-to-a4-silver-framed-total-cost-14-99,Your Poster Is Upgraded to A4 Silver Framed | Foxy Printing,Your Poster Is Upgraded to A4 Silver Framed: a great gift for their wall. Made to order in-house. A great gift idea. Add it to your basket today.
your-poster-is-upgraded-to-a4-white-framed-total-cost-14-99,Your Poster Is Upgraded to A4 White Framed | Foxy Printing,Your Poster Is Upgraded to A4 White Framed: wall art that adds character to any room. Printed to order in our North Yorkshire workshop. Treat them today.
your-present-is-in-my-nappy-personalised-baby-boy-girl-unisex-short-sleeve-bodysuit,Your Present Is in My Nappy Personalised Baby Grow,Your Present Is in My Nappy Personalised Baby Grow: a fun outfit for proud families. Wash and iron inside out. Order now and make their day.
your-safety-is-our-top-priority-please-keep-1m-3ft-social-distance-social-distancing-floor-stickers,Your Safety Is Our Top Priority Please Keep 1m 3fT Stickers,"Your Safety Is Our Top Priority Please Keep 1m 3fT Stickers: a quick way to add some personality. Printed in-house in North Yorkshire, UK. Order today."
your-the-best-brother-ever,Personalised Your the No.1 Brother Ever! Rude Birthday Card,A cheeky novelty personalised birthday card for someone with a wicked sense of humour. Posted 1st Class with a free envelope. Order now and make their day.
your-the-best-sister-ever,Personalised Your the No.1 Sister Ever! Rude Birthday Card,A cheeky novelty personalised birthday card for someone with a wicked sense of humour. Thick 350gsm card with a free envelope. Add it to your basket today.
youre-a-wizard-birthday-card,Personalised You're a Wizard Birthday Card | Foxy Printing,"A personalised birthday card they'll want to keep. Personalise it with a name, age and message. Thick 350gsm card with a free envelope. Treat them today."
youre-amazeballs-drinks-coaster,You're Amazeballs Drinks Coaster | Foxy Printing,You're Amazeballs Drinks Coaster: a fun little gift for the home or office. Custom designs on request. Made to order in North Yorkshire. Treat them today.
youre-fucking-ace-drinks-coaster,You're F***ing Ace Drinks Coaster | Foxy Printing,A naughty-but-nice drinks coaster for adults with a sense of humour. Made to order in North Yorkshire. A great gift idea. Order now and make their day.
youre-great-at-getting-old-personalised-birthday-card,Personalised Youre Great at Getting Old Adult Birthday Card,This personalised birthday card is a lovely way to mark their big day. Thick 350gsm card with a free envelope. Order now and make their day.
youre-my-favourite-parent-until-tomorrow-personalised-birthday-card,Personalised You're My Favourite Parent Until Birthday Card,"Send a smile with this personalised birthday card. Add their name, age and your own message inside. Thick 350gsm card with a free envelope. Order today."
youre-okay-personalised-birthday-card,Personalised You're Okay Adult Birthday Card | Foxy Printing,This personalised birthday card is a lovely way to mark their big day. It's printed on 350gsm silk art board and comes with a white envelope. Order today.
youri-djorkaeff-2-football-player-signed-by-autographed-poster-print,Youri Djorkaeff Printed Signature Print Design 2,Youri Djorkaeff Printed Signature Print: a lovely gift for a true fan. Printed in North Yorkshire. A great gift idea. Order now and make their day.
youri-djorkaeff-2-signed-autographed-footballers-star-print,Youri Djorkaeff Printed Signature Print Design 4,Youri Djorkaeff Printed Signature Print: a striking piece for a fan's wall. Printed to order in our North Yorkshire workshop. Add it to your basket today.
youri-djorkaeff-football-player-signed-by-autographed-poster-print,Youri Djorkaeff Printed Signature Print | Foxy Printing,Youri Djorkaeff Printed Signature Print: a striking piece for a fan's wall. A printed reproduction: the signature is part of the print. Order yours today.
youri-djorkaeff-signed-autographed-footballers-star-print,Youri Djorkaeff Printed Signature Print Design 3,Youri Djorkaeff Printed Signature Print: a great gift for any fan. The signature is printed in the design. Made in North Yorkshire. Order yours today.
youri-tielemans-aston-villa-face-mask-aston-villa-football-player-celebrity-card-mask-celebrity-mask-for-stag-do-hen-night-fancy-dress-costume-parties-funny-adult-card-mask,Youri Tielemans Face Mask | Foxy Printing,Fancy dress made easy: a Youri Tielemans face mask on thick card with eye holes and elastic. Perfect for a stag do before the cup final and photo booths.
youri-tielemans-aston-villa-signed-poster-print-aston-villa-fc-football-wall-art-youri-tielemans-signature-style-poster-soccer-fan-gift-decor,Youri Tielemans Aston Villa Printed Signature Print,"Show your support with this printed signature print. The signature is printed as part of the design, not added by hand. Add it to your basket today."
yourname-bumper-window-sticker,Novelty Vinyl Car Sticker | Foxy Printing,Novelty Vinyl Car Sticker: a quick way to add some personality. Made to order in North Yorkshire. Custom designs on request. Treat them today.
yourwebsite-co-uk-bumper-window-sticker,Yourwebsite.Co.Uk Novelty Vinyl Car Sticker | Foxy Printing,Yourwebsite.Co.Uk Novelty Vinyl Car Sticker: a quick way to add some personality. Made to order in North Yorkshire. Add it to your basket today.
ys-iii-wanderers-from-ys-replacement-snes-game-case-or-cover,Ys III Wanderers from Ys SNES Replacement Case,Give your game a fresh look with this replacement game case. It's a printed case or cover only; no game is included. Add it to your basket today.
ys-iii-wanderers-from-ys-retro-gaming-keyring,Ys III Wanderers from Ys Retro SNES Keyring | Foxy Printing,A nostalgic retro gaming keyring for retro gaming fans. Printed in-house in North Yorkshire in full colour. A great gift idea. Add it to your basket today.
ys-iii-wanderers-from-ys-retro-gaming-magnet,Ys Iii Wanderers from Ys Retro SNES Fridge Magnet,Add some retro fun to the fridge with this retro gaming fridge magnet. Made to order in our North Yorkshire workshop. Order now and make their day.
yugiohforbiddenmemories-ps1-playstation-1-game-keyring,Yugiohforbiddenmemories Retro PS1 Fridge Magnet,Add some retro fun to the fridge with this retro gaming fridge magnet. Printed in North Yorkshire. A great gift idea. Add it to your basket today.
yuki-kedoin-celebrity-face-mask-fancy-dress-cardboard-costume-mask,Yuki Kedoin Face Mask | Foxy Printing,"Get the party started with a Yuki Kedoin face mask. Full-colour print on 350gsm card, cut to shape with elastic. Great for a wedding photo booth."
yuki-tsunoda-f1-celebrity-face-mask-fancy-dress-cardboard-costume-mask,Yuki Tsunoda Face Mask | Foxy Printing,Yuki Tsunoda card face mask for a trip to the Grand Prix. Printed on 350gsm silk card cut to shape with eye holes and elastic. Order yours today.
yuki-tsunoda-f1-driver-limited-edition-signed-gift-poster-print-artwork-display,Yuki Tsunoda F1 Driver Printed Signature Print,Yuki Tsunoda Driver Printed Signature Print: a lovely gift for a true fan. A printed reproduction: the signature is part of the print. Treat them today.
yul-vazquez-russian-doll-celebrity-face-mask-fancy-dress-cardboard-costume-mask,Yul Vazquez Face Mask | Foxy Printing,Yul Vazquez Face Mask: a fun pick for birthdays and photo booths. Posted in a board-backed envelope so it arrives flat. Order now and make their day.
yumibaken99internet-jpn,Yumibaken 99 Internet Jpn Retro Dreamcast Fridge Magnet,This retro gaming fridge magnet is a fun gift for any retro gamer. Printed in North Yorkshire. A great gift idea. Order now and make their day.
yumibaken99internet-jpn-sega-dreamcast-game-keyring,Yumibaken99internet Jpn Retro Dreamcast Keyring,Carry a classic with you on this retro gaming keyring. Printed in-house in North Yorkshire in full colour. A great gift idea. Order now and make their day.
yumimimix-jp-retro-gaming-case,Yumimimix Mega CD Replacement Case | Foxy Printing,Restore your shelf with this replacement game case. It's a printed case or cover only; no game is included. Printed in North Yorkshire. Order yours today.
yumimimix-jp-retro-gaming-keyring,Yumi Mimix Retro Mega CD Keyring | Foxy Printing,Keep your keys retro with this retro gaming keyring. Printed in-house in North Yorkshire in full colour. A great gift idea. Order yours today.
yumimimix-jp-retro-gaming-magnet,Yumimimix Retro Mega CD Fridge Magnet | Foxy Printing,A nostalgic retro gaming fridge magnet for gamers of all ages. Printed in-house in North Yorkshire in full colour. Add it to your basket today.
yung-miami-city-girls-celebrity-face-mask-fancy-dress-cardboard-costume-mask,Yung Miami Face Mask | Foxy Printing,"Yung Miami Face Mask: a fun pick for birthdays and photo booths. A4 size on 350gsm card, with eye holes cut and elastic included. Order yours today."
yungblud-signed-poster-print-alternative-rock-music-wall-art-autograph-style-collector-poster-premium-musician-artwork-for-bedroom-office-studio-fan-gifts,Yungblud Athletics Printed Signature Print Design 5,Yungblud Printed Signature Print: a striking piece for a fan's wall. Printed in North Yorkshire. A great gift idea. Add it to your basket today.
yungblud-signed-poster-print-black-white-alternative-rock-wall-art-autograph-style-music-collectors-poster-modern-musician-decor-for-bedroom-office-studio-fan-gifts,Yungblud Athletics Printed Signature Print Design 3,"Yungblud Printed Signature Print: a striking piece for a fan's wall. The signature is printed as part of the design, not added by hand. Order yours today."
yungblud-signed-poster-print-black-white-music-wall-art-autograph-style-alternative-rock-poster-collector-inspired-musician-artwork-for-bedroom-office-studio-fan-gifts,Yungblud Athletics Printed Signature Print Design 4,Yungblud Printed Signature Print: a great gift for any fan. A printed reproduction: the signature is part of the print. Add it to your basket today.
yungblud-signed-poster-print-black-white-music-wall-art-autograph-style-collectors-poster-alternative-rock-musician-decor-for-bedroom-office-studio-fan-gifts,Yungblud Athletics Printed Signature Print Design 2,"Yungblud Printed Signature Print: a great gift for any fan. The signature is printed as part of the design, not added by hand. Add it to your basket today."
yungblud-signed-poster-print-musician-actor-autographed-style-wall-art-framed-look-collectors-display-music-fan-gift-for-bedroom-office-studio-home-decor,Yungblud Athletics Printed Signature Print | Foxy Printing,Yungblud Printed Signature Print: a striking piece for a fan's wall. A printed reproduction: the signature is part of the print. Order yours today.
yura-borisov-golden-globes-2025-celebrity-face-masks-hollywood-themed-fancy-dress-party-accessories,Yura Borisov Golden Globes 2025 Celebrity Face Masks,"Get the party started with a Yura Borisov face mask. Full-colour print on 350gsm card, cut to shape with elastic. Great for an Oscars-style party."
yusra-warsama-celebrity-face-mask-fancy-dress-cardboard-costume-mask,Yusra Warsama Face Mask | Foxy Printing,"Get the party started with a Yusra Warsama face mask. Full-colour print on 350gsm card, cut to shape with elastic. Great for a telly-night quiz."
yuuyuuhakushogaiden-jp-sega-megadrive-retro-gaming-magnet,Yuuyuuhakushogaiden Video Retro Mega Drive Fridge Magnet,A nostalgic retro gaming fridge magnet for gamers of all ages. Printed in-house in North Yorkshire in full colour. Add it to your basket today.
yveltal-pokemon-go-personalised-birthday-card,Personalised Wobbufet 2 Pokemon Go Birthday Card,"Our personalised birthday card is made to make someone feel special. Personalise it with a name, age and message. Folded to A5 on 350gsm card. Order today."
yveltal-pokemon-go-personalised-birthday-card-1,Personalised Yveltal Pokemon Go Birthday Card,"Make their day with this personalised birthday card. Add a name, age and a message inside before you order. Folded to A5 on 350gsm card. Treat them today."
yvette-nicole-brown-celebrity-face-mask-fancy-dress-cardboard-costume-mask,Yvette Nicole Brown Face Mask | Foxy Printing,Fancy dress made easy: a Yvette Nicole Brown face mask on thick card with eye holes and elastic. Perfect for a birthday party and photo booths.
za-darius-smith-1-american-footballer-signed-by-autographed-poster-print,Za'Darius Smith NFL Printed Signature Print | Foxy Printing,"Za'Darius Smith Printed Signature Print: a great gift for any fan. The signature is printed as part of the design, not added by hand. Treat them today."
za-darius-smith-1-american-footballer-signed-by-autographed-poster-print-1,Za'Darius Smith NFL Printed Signature Print Design 1,"Za'Darius Smith Printed Signature Print: a great gift for any fan. The signature is printed as part of the design, not added by hand. Order today."
za-darius-smith-1-american-footballer-signed-by-autographed-poster-print-2,Za'Darius Smith NFL Printed Signature Print Design 5,Za'Darius Smith Printed Signature Print: a lovely gift for a true fan. Printed to order in our North Yorkshire workshop. Add it to your basket today.
za-darius-smith-2-american-footballer-signed-by-autographed-poster-print,Za'Darius Smith NFL Printed Signature Print Design 2,Za'Darius Smith Printed Signature Print: a striking piece for a fan's wall. Printed to order in our North Yorkshire workshop. Order now and make their day.
za-darius-smith-2-american-footballer-signed-by-autographed-poster-print-1,Za'Darius Smith NFL Printed Signature Print Design 4,Za'Darius Smith Printed Signature Print: a striking piece for a fan's wall. A printed reproduction: the signature is part of the print. Order today.
za-darius-smith-2-american-footballer-signed-by-autographed-poster-print-2,Za'Darius Smith NFL Printed Signature Print Design 6,Za'Darius Smith Printed Signature Print: a lovely gift for a true fan. Printed in North Yorkshire. A great gift idea. Add it to your basket today.
zac-dingle-emmerdale-2017-tv-celebrity-face-mask,Zac Dingle Face Mask | Foxy Printing,"Zac Dingle Face Mask: a crowd-pleaser for fancy dress and nights out. Printed on 350gsm silk card, cut to shape with eye holes and elastic. Order today."
zac-effrom-pose-personalised-birthday-card,Personalised Zac Effrom Pose Music Style Funny Birthday Card,"Send a smile with this personalised birthday card. Personalise it with a name, age and message. Thick 350gsm card with a free envelope. Treat them today."
zac-effron-topless-personalised-birthday-card,Personalised Zac Effron Topless Music Funny Birthday Card,"Make their day with this personalised birthday card. Personalise it with a name, age and message. Thick 350gsm card with a free envelope. Order today."
zac-efron-2-signed-autographed-movie-star-print,Zac Efron Movie Printed Signature Print Design 2,Zac Efron Printed Signature Print: a lovely gift for a true fan. Printed to order in our North Yorkshire workshop. Add it to your basket today.
zac-efron-jb-actor-movie-tv-celebrity-party-stag-birthday-idea-fancy-dress-face-mask,Zac Efron Face Mask | Foxy Printing,"Zac Efron Face Mask: a fun pick for birthdays and photo booths. Printed on 350gsm silk card, cut to shape with eye holes and elastic. Treat them today."
zac-efron-personalised-celebrity-birthday-card,Personalised Zac Efron New 2017 Birthday Card,"This personalised birthday card is a lovely way to mark their big day. Printed on thick 350gsm card, folded to A5, with a free white envelope. Order today."
zac-efron-signed-autographed-movie-star-print,Zac Efron Movie Printed Signature Print | Foxy Printing,Zac Efron Printed Signature Print: a lovely gift for a true fan. A printed reproduction: the signature is part of the print. Add it to your basket today.
zac-posen-2-fashion-designer-autographed-poster-print-photo-signature-gift,Zac Posen Fashion Designer Printed Signature Print Design 2,Zac Posen Fashion Designer Printed Signature Print: a striking piece for a fan's wall. Printed to order in our North Yorkshire workshop. Treat them today.
zac-posen-fashion-designer-autographed-poster-print-photo-signature-gift,Zac Posen Fashion Designer Printed Signature Print,Zac Posen Fashion Designer Printed Signature Print: a lovely gift for a true fan. The signature is printed in the design. Order now and make their day.
zach-bryan-face-mask-country-music-inspired-novelty-mask-funny-fancy-dress-costume-for-parties-festivals-events-adult-card-mask,Zach Bryan Face Mask Country | Foxy Printing,"Get the party started with a Zach Bryan face mask. Full-colour print on 350gsm card, cut to shape with elastic. Great for a festival weekend."
zach-bryan-realistic-cardboard-celebrity-mask-for-stag-do-hen-do-fancy-dress-costume-parties-fun-party-disguise,Zach Bryan Face Mask | Foxy Printing,"Zach Bryan Face Mask: a crowd-pleaser for fancy dress and nights out. A4 size on 350gsm card, with eye holes cut and elastic included. Order today."
zach-ertz-1-american-footballer-signed-by-autographed-poster-print,Zach Ertz NFL Printed Signature Print | Foxy Printing,"Zach Ertz Printed Signature Print: a striking piece for a fan's wall. The signature is printed as part of the design, not added by hand. Order yours today."
zach-ertz-1-signed-autographed-nfl-star-print,Zach Ertz NFL Printed Signature Print Design 1,"Zach Ertz Printed Signature Print: a great gift for any fan. The signature is printed as part of the design, not added by hand. Order today."
zach-ertz-2-american-footballer-signed-by-autographed-poster-print,Zach Ertz NFL Printed Signature Print Design 2,Zach Ertz Printed Signature Print: a great gift for any fan. A printed reproduction: the signature is part of the print. Order now and make their day.
zach-ertz-2-signed-autographed-nfl-star-print,Zach Ertz NFL Printed Signature Print Design 5,"Zach Ertz Printed Signature Print: a great gift for any fan. The signature is printed as part of the design, not added by hand. Order today."
zach-ertz-signed-autographed-nfl-star-print,Zach Ertz NFL Printed Signature Print Design 3,"Zach Ertz Printed Signature Print: a great gift for any fan. The signature is printed as part of the design, not added by hand. Order yours today."
zach-fulton-signed-autographed-nfl-star-print,Zach Fulton NFL Printed Signature Print | Foxy Printing,Zach Fulton Printed Signature Print: a lovely gift for a true fan. Printed to order in our North Yorkshire workshop. Order now and make their day.
zach-galifianakis-2017-celebrity-face-mask,Zach Galifianakis Face Mask | Foxy Printing,"Get the party started with a Zach Galifianakis face mask. Full-colour print on 350gsm card, cut to shape with elastic. Great for a stag or hen do."
zach-galifianakis-mask-jb-actor-movie-tv-celebrity-party-stag-birthday-idea-fancy-dress-face-mask,Zach Galifianakis Face Mask Jb | Foxy Printing,"Get the party started with a Zach Galifianakis face mask. Full-colour print on 350gsm card, cut to shape with elastic. Great for a comedy night."
zach-johnson-2-golf-stars-face-mask,Zach Johnson Face Mask | Foxy Printing,"Get the party started with a Zach Johnson face mask. Full-colour print on 350gsm card, cut to shape with elastic. Great for a golf day fancy dress round."
zach-johnson-2-golfer-signed-by-autographed-poster-print,Zach Johnson Golf Printed Signature Print Design 2,Zach Johnson Printed Signature Print: a great gift for any fan. The signature is printed in the design. Made in North Yorkshire. Treat them today.
zach-johnson-2-signed-autographed-golfer-star-print,Zach Johnson Golf Printed Signature Print Design 4,Zach Johnson Printed Signature Print: a lovely gift for a true fan. Printed in North Yorkshire. A great gift idea. Add it to your basket today.
zach-johnson-3-golf-stars-face-mask,Zach Johnson Face Mask 3 | Foxy Printing,"Get the party started with a Zach Johnson face mask. Full-colour print on 350gsm card, cut to shape with elastic. Great for a golf day fancy dress round."
zach-johnson-golf-stars-face-mask,Zach Johnson Face Mask Golf | Foxy Printing,"Get the party started with a Zach Johnson face mask. Full-colour print on 350gsm card, cut to shape with elastic. Great for a golf society dinner."
zach-johnson-golfer-signed-by-autographed-poster-print,Zach Johnson Golf Printed Signature Print | Foxy Printing,Zach Johnson Printed Signature Print: a lovely gift for a true fan. The signature is printed in the design. A great gift idea. Treat them today.
zach-johnson-jb-golf-fancy-dress-cardboard-celebrity-party-stag-birthday-idea-fancy-dress-face-mask,Zach Johnson Face Mask Jb | Foxy Printing,Zach Johnson card face mask for a golf day fancy dress round. Printed on 350gsm silk card cut to shape with eye holes and elastic. Order yours today.
zach-johnson-signed-autographed-golfer-star-print,Zach Johnson Golf Printed Signature Print Design 3,Zach Johnson Printed Signature Print: a great gift for any fan. Printed to order in our North Yorkshire workshop. Order now and make their day.
zach-kerr-2-american-footballer-signed-by-autographed-poster-print,Zach Kerr NFL Printed Signature Print Design 2,Zach Kerr Printed Signature Print: a lovely gift for a true fan. Printed to order in our North Yorkshire workshop. Add it to your basket today.
zach-kerr-2-signed-autographed-nfl-star-print,Zach Kerr NFL Printed Signature Print Design 4,Zach Kerr Printed Signature Print: a lovely gift for a true fan. Printed in North Yorkshire. A great gift idea. Add it to your basket today.
zach-kerr-american-footballer-signed-by-autographed-poster-print,Zach Kerr NFL Printed Signature Print | Foxy Printing,"Zach Kerr Printed Signature Print: a great gift for any fan. The signature is printed as part of the design, not added by hand. Order yours today."
zach-kerr-signed-autographed-nfl-star-print,Zach Kerr NFL Printed Signature Print Design 3,Zach Kerr Printed Signature Print: a striking piece for a fan's wall. Printed to order in our North Yorkshire workshop. Order now and make their day.
zach-king-face-mask-social-media-magician-inspired-novelty-mask-funny-fancy-dress-costume-for-parties-events-photos-adult-card-mask,Zach King Face Mask Social | Foxy Printing,"Zach King Face Mask – Social Media Magician Inspired Novelty Mask – Funny Fancy Dress Costume for Parties, Events & Photos – Adult Card Mask"
zach-king-realistic-cardboard-celebrity-mask-for-stag-do-hen-do-fancy-dress-costume-parties-fun-party-disguise,Zach King Face Mask | Foxy Printing,Zach King Face Mask: a fun pick for birthdays and photo booths. Posted in a board-backed envelope so it arrives flat. Order now and make their day.
zach-parise-2-ice-hockey-autographed-poster-print-photo-signature-gift,Zach Parise Ice Hockey Printed Signature Print Design 2,Zach Parise Ice Hockey Printed Signature Print: a great gift for any fan. A printed reproduction: the signature is part of the print. Order yours today.
zach-parise-ice-hockey-autographed-poster-print-photo-signature-gift,Zach Parise Ice Hockey Printed Signature Print,Zach Parise Ice Hockey Printed Signature Print: a striking piece for a fan's wall. Printed to order in our North Yorkshire workshop. Order today.
zach-printed-mug,Personalised Zach Mug | Foxy Printing,Personalised Zach Mug: a fun gift for any tea or coffee lover. Add their name to make it their own. Dishwasher and microwave safe. Order yours today.
zach-randolph-m146-basketball-player-autographed-poster-print-photo-signature-gift,Zach Randolph Basketball Printed Signature Print,Zach Randolph Basketball Printed Signature Print: a great gift for any fan. Printed to order in our North Yorkshire workshop. Order now and make their day.
zach-randolph-m147-basketball-player-autographed-poster-print-photo-signature-gift,Zach Randolph Basketball Printed Signature Print Design 2,Zach Randolph Basketball Printed Signature Print: a great gift for any fan. Printed to order in our North Yorkshire workshop. Add it to your basket today.
zach-zenner-2-american-footballer-signed-by-autographed-poster-print,Zach Zenner NFL Printed Signature Print Design 2,Zach Zenner Printed Signature Print: a great gift for any fan. The signature is printed in the design. A great gift idea. Order now and make their day.
zach-zenner-2-signed-autographed-nfl-star-print,Zach Zenner NFL Printed Signature Print Design 4,Zach Zenner Printed Signature Print: a striking piece for a fan's wall. A printed reproduction: the signature is part of the print. Order yours today.
zach-zenner-american-footballer-signed-by-autographed-poster-print,Zach Zenner NFL Printed Signature Print | Foxy Printing,Zach Zenner Printed Signature Print: a lovely gift for a true fan. The signature is printed in the design. Made in North Yorkshire. Order today.
zach-zenner-signed-autographed-nfl-star-print,Zach Zenner NFL Printed Signature Print Design 3,Zach Zenner Printed Signature Print: a great gift for any fan. Printed to order in our North Yorkshire workshop. Order now and make their day.
zachariah-printed-mug,Personalised Zachariah Mug | Foxy Printing,"Personalised Zachariah Mug: a mug that brightens every brew. Personalise it with a name before you order. 11oz ceramic, dishwasher safe. Order today."
zachary-printed-mug,Personalised Zachary Mug | Foxy Printing,"Personalised Zachary Mug: a fun gift for any tea or coffee lover. Personalise it with a name before you order. 11oz ceramic, dishwasher safe. Order today."
zack-martin-2-american-footballer-signed-by-autographed-poster-print,Zack Martin NFL Printed Signature Print Design 2,Zack Martin Printed Signature Print: a striking piece for a fan's wall. The signature is printed in the design. Order now and make their day.
zack-martin-2-signed-autographed-nfl-star-print,Zack Martin NFL Printed Signature Print Design 4,Zack Martin Printed Signature Print: a lovely gift for a true fan. Printed to order in our North Yorkshire workshop. Add it to your basket today.
zack-martin-american-footballer-signed-by-autographed-poster-print,Zack Martin NFL Printed Signature Print | Foxy Printing,"Zack Martin Printed Signature Print: a great gift for any fan. The signature is printed as part of the design, not added by hand. Order yours today."
zack-martin-signed-autographed-nfl-star-print,Zack Martin NFL Printed Signature Print Design 3,Zack Martin Printed Signature Print: a striking piece for a fan's wall. Printed to order in our North Yorkshire workshop. Order yours today.
zack-printed-mug,Personalised Zack Mug | Foxy Printing,Personalised Zack Mug: a fun gift for any tea or coffee lover. Add any name to make it unique. Dishwasher and microwave safe. Add it to your basket today.
zackary-printed-mug,Personalised Zackary Mug | Foxy Printing,Personalised Zackary Mug: a mug that brightens every brew. Add any name to make it unique. Dishwasher and microwave safe. Order now and make their day.
zadarius-smith-1-signed-autographed-nfl-star-print,Za'darius Smith NFL Printed Signature Print Design 7,Za'darius Smith Printed Signature Print: a lovely gift for a true fan. Printed to order in our North Yorkshire workshop. Order now and make their day.
zadarius-smith-2-signed-autographed-nfl-star-print,Za'darius Smith NFL Printed Signature Print Design 8,"Za'darius Smith Printed Signature Print: a striking piece for a fan's wall. The signature is printed as part of the design, not added by hand. Order today."
zainab-masood-eastenders-celebrity-face-mask,Zainab Masood Face Mask | Foxy Printing,"Get the party started with a Zainab Masood face mask. Full-colour print on 350gsm card, cut to shape with elastic. Great for a telly-night quiz."
zaire-anderson-2-american-footballer-signed-by-autographed-poster-print,Zaire Anderson NFL Printed Signature Print Design 2,"Zaire Anderson Printed Signature Print: a striking piece for a fan's wall. The signature is printed as part of the design, not added by hand. Order today."
zaire-anderson-2-signed-autographed-nfl-star-print,Zaire Anderson NFL Printed Signature Print Design 4,Zaire Anderson Printed Signature Print: a striking piece for a fan's wall. Printed to order in our North Yorkshire workshop. Order now and make their day.
zaire-anderson-american-footballer-signed-by-autographed-poster-print,Zaire Anderson NFL Printed Signature Print | Foxy Printing,"Zaire Anderson Printed Signature Print: a lovely gift for a true fan. The signature is printed as part of the design, not added by hand. Order today."
zaire-anderson-signed-autographed-nfl-star-print,Zaire Anderson NFL Printed Signature Print Design 3,"Zaire Anderson Printed Signature Print: a great gift for any fan. The signature is printed as part of the design, not added by hand. Order yours today."
zak-brown-f1-celebrity-face-mask-fancy-dress-cardboard-costume-mask,Zak Brown Face Mask | Foxy Printing,Fancy dress made easy: a Zak Brown face mask on thick card with eye holes and elastic. Perfect for a motorsport-themed birthday and photo booths.
zak-dingle-emmerdale-fancy-dress-cardboard-celebrity-party-face-mask,Zak Dingle Face Mask | Foxy Printing,Fancy dress made easy: a Zak Dingle face mask on thick card with eye holes and elastic. Perfect for a soap-themed birthday and photo booths.
zambrotta-barcelona-footballer-celebrity-face-mask,Zambrotta Barcelona Face Mask | Foxy Printing,Zambrotta Face Mask: guaranteed laughs at any party. Posted in a board-backed envelope so it arrives flat. Made in North Yorkshire. Order today.
zanac-retro-nes-gaming-fridge-magnet-657,Zanac Retro NES Fridge Magnet | Foxy Printing,Bring back the classics with this retro gaming fridge magnet. Printed in-house in North Yorkshire in full colour. Order now and make their day.
zanac-retro-nes-gaming-keyring,Young Indiana Jones Keyringchronicles Retro NES Keyring,Carry a classic with you on this retro gaming keyring. Printed in-house in North Yorkshire in full colour. A great gift idea. Order now and make their day.
zane-be-ice-the-lego-ninjago-movie-2017-movie-birthday-card-sa,Personalised Zane Be Ice the Lego Ninjago 2017 Birthday Card,"A personalised birthday card they'll want to keep. Add a name, age and a message inside before you order. Folded to A5 on 350gsm card. Order today."
zane-gonzalez-2-american-footballer-signed-by-autographed-poster-print,Zane Gonzalez NFL Printed Signature Print Design 2,Zane Gonzalez Printed Signature Print: a striking piece for a fan's wall. Printed in North Yorkshire. A great gift idea. Add it to your basket today.
zane-gonzalez-2-signed-autographed-nfl-star-print,Zane Gonzalez NFL Printed Signature Print Design 4,Zane Gonzalez Printed Signature Print: a striking piece for a fan's wall. Printed to order in our North Yorkshire workshop. Order now and make their day.
zane-gonzalez-american-footballer-signed-by-autographed-poster-print,Zane Gonzalez NFL Printed Signature Print | Foxy Printing,Zane Gonzalez Printed Signature Print: a lovely gift for a true fan. A printed reproduction: the signature is part of the print. Order yours today.
zane-gonzalez-signed-autographed-nfl-star-print,Zane Gonzalez NFL Printed Signature Print Design 3,Zane Gonzalez Printed Signature Print: a great gift for any fan. Printed in North Yorkshire. A great gift idea. Add it to your basket today.
zane-printed-mug,Personalised Zane Mug | Foxy Printing,Personalised Zane Mug: a fun gift for any tea or coffee lover. Add any name to make it unique. Dishwasher and microwave safe. Order yours today.
zane-the-lego-ninjago-movie-birthday-card-sa,Personalised Zane the Lego Ninjago Birthday Card,"Our personalised birthday card is made to make someone feel special. Personalise it with a name, age and message. Folded to A5 on 350gsm card. Order today."
zane-the-lego-ninjago-movie-personalised-birthday-card-sa060917,Personalised Zane the Lego Ninjago Birthday Card Movie,"A personalised birthday card they'll want to keep. Add their name, age and your own message inside. Thick 350gsm card with a free envelope. Order today."
zapper,Zapper Video Retro GameCube Fridge Magnet | Foxy Printing,Bring back the classics with this retro gaming fridge magnet. Printed in-house in North Yorkshire in full colour. Add it to your basket today.
zapper-one-wicked-cricket,Zapper Retro Game Boy Advance Fridge Magnet | Foxy Printing,This retro gaming fridge magnet is a fun gift for any retro gamer. Printed in North Yorkshire. A great gift idea. Order now and make their day.
zapper-one-wicked-cricket-retro-gaming-keyring,Zapper Retro Game Boy Advance Keyring | Foxy Printing,This retro gaming keyring is a fun little gift for any gamer. Printed in-house in North Yorkshire in full colour. Order now and make their day.
zara-larsson-face-mask-celebrity-card-face-mask-party-prop-costume-accessory-fancy-dress-mask-photo-booth-prop-for-parties-events-celebrations-ready-to-wear,Zara Larsson Face Mask | Foxy Printing,"Get the party started with a Zara Larsson face mask. Full-colour print on 350gsm card, cut to shape with elastic. Great for a tribute-act birthday."
zara-larsson-signed-poster-print-celebrity-autograph-style-music-memorabilia-collectors-gift-pop-star-wall-art-print-for-home-office-fan-decor,Zara Larsson Music Printed Signature Print | Foxy Printing,"Zara Larsson Printed Signature Print: a striking piece for a fan's wall. The signature is printed as part of the design, not added by hand. Order today."
zara-philips-star-face-masks,Zara Philips Face Mask | Foxy Printing,Zara Philips Face Mask: guaranteed laughs at any party. Posted in a board-backed envelope so it arrives flat. Cut to shape with eye holes. Order today.
zara-phillips-1-athletics-signed-by-autographed-poster-print,Zara Phillips Athletics Printed Signature Print,Zara Phillips Athletics Printed Signature Print: a striking piece for a fan's wall. The signature is printed in the design. Add it to your basket today.
zara-phillips-1-signed-autographed-horse-racing-star-print,Zara Phillips Printed Signature Print | Foxy Printing,Zara Phillips Printed Signature Print: a great gift for any fan. Printed to order in our North Yorkshire workshop. Add it to your basket today.
zara-phillips-2-athletics-signed-by-autographed-poster-print,Zara Phillips Athletics Printed Signature Print Design 2,"Zara Phillips Athletics Printed Signature Print: a great gift for any fan. The signature is printed as part of the design, not added by hand. Order today."
zara-phillips-2-signed-autographed-horse-racing-star-print,Zara Phillips Printed Signature Print Design 2,Zara Phillips Printed Signature Print: a great gift for any fan. The signature is printed in the design. Made in North Yorkshire. Order today.
zarya-personalised-birthday-card-sa060917,Personalised Zarya Birthday Card | Foxy Printing,"Our personalised birthday card is made to make someone feel special. Personalise it with a name, age and message. Folded to A5 on 350gsm card. Order today."
zavon-hines-1-football-player-signed-by-autographed-poster-print,Zavon Hines Football Printed Signature Print | Foxy Printing,Zavon Hines Printed Signature Print: a striking piece for a fan's wall. The signature is printed in the design. Order now and make their day.
zavon-hines-1-signed-autographed-footballers-star-print,Zavon Hines Football Printed Signature Print Design 1,Zavon Hines Printed Signature Print: a striking piece for a fan's wall. Printed to order in our North Yorkshire workshop. Order now and make their day.
zavon-hines-2-football-player-signed-by-autographed-poster-print,Zavon Hines Football Printed Signature Print Design 2,"Zavon Hines Printed Signature Print: a lovely gift for a true fan. The signature is printed as part of the design, not added by hand. Treat them today."
zavon-hines-2-signed-autographed-footballers-star-print,Zavon Hines Football Printed Signature Print Design 4,"Zavon Hines Printed Signature Print: a great gift for any fan. The signature is printed as part of the design, not added by hand. Treat them today."
zaxxon-atari-2600-case-or-cover,Zaxxon Atari 2600 Replacement Case | Foxy Printing,This replacement game case is a neat way to rehouse a loose cartridge or disc. It's a printed case or cover only; no game is included. Order today.
zaxxon-au-coleco-replacement-case-or-cover,Zaxxon Coleco ColecoVision Replacement Case | Foxy Printing,Tidy up your collection with this replacement game case. It's a printed case or cover only; no game is included. Add it to your basket today.
zaxxon-retro-gaming-magnet,Zaxxon Retro Atari 2600 Fridge Magnet | Foxy Printing,Bring back the classics with this retro gaming fridge magnet. Made to order in our North Yorkshire workshop. A great gift idea. Order yours today.
zayn-malik-2-signed-autographed-music-star-print,Zayn Malik Music Printed Signature Print Design 2,Zayn Malik Printed Signature Print: a great gift for any fan. The signature is printed in the design. Made in North Yorkshire. Order yours today.
zayn-malik-2013-celebrity-face-mask,Zayn Malik Face Mask Design 3 | Foxy Printing,"Zayn Malik Face Mask: guaranteed laughs at any party. Printed on 350gsm silk card, cut to shape with eye holes and elastic. Add it to your basket today."
zayn-malik-one-direction-celebrity-face-mask-2012,Zayn Malik Face Mask | Foxy Printing,"Zayn Malik Face Mask: perfect for stag dos, hen parties and fancy dress. A4 size on 350gsm card, with eye holes cut and elastic included. Treat them today."
zayn-malik-personalised-celebrity-birthday-card,Personalised Zayn Malik New 2017 Birthday Card,"Send a smile with this personalised birthday card. Add a name, age and a message inside before you order. Folded to A5 on 350gsm card. Order today."
zayn-malik-signed-autographed-music-star-print,Zayn Malik Music Printed Signature Print | Foxy Printing,Zayn Malik Printed Signature Print: a lovely gift for a true fan. A printed reproduction: the signature is part of the print. Treat them today.
zayn-malik2-01-jb-music-star-fancy-dress-cardboard-celebrity-party-stag-birthday-idea-fancy-dress-face-mask,Zayn Malik Face Mask 01 | Foxy Printing,Zayn Malik2 01 Face Mask: a crowd-pleaser for fancy dress and nights out. Cut to shape with eye holes. Made in North Yorkshire. Treat them today.
zayn-malik2-jb-music-star-fancy-dress-cardboard-celebrity-party-stag-birthday-idea-fancy-dress-face-mask,Zayn Malik Face Mask Malik2 | Foxy Printing,"Get the party started with a Zayn Malik face mask. Full-colour print on 350gsm card, cut to shape with elastic. Great for a tribute-act birthday."
zdeno-chara-2-ice-hockey-autographed-poster-print-photo-signature-gift,Zdeno Chara Ice Hockey Printed Signature Print Design 2,Zdeno Chara Ice Hockey Printed Signature Print: a striking piece for a fan's wall. The signature is printed in the design. Order yours today.
zdeno-chara-ice-hockey-autographed-poster-print-photo-signature-gift,Zdeno Chara Ice Hockey Printed Signature Print,Zdeno Chara Ice Hockey Printed Signature Print: a great gift for any fan. A printed reproduction: the signature is part of the print. Treat them today.
zed-printed-mug,Personalised Zed Mug | Foxy Printing,"Personalised Zed Mug: a fun gift for any tea or coffee lover. Add their name to make it their own. 11oz ceramic, dishwasher safe. Order yours today."
zeek-kimura-celebrity-face-mask-gangs-of-london-tv-star-fancy-dress-costume-party-prop-for-hen-stag-do-accessory,Zeek Kimura Face Mask | Foxy Printing,Fancy dress made easy: a Zeek Kimura face mask on thick card with eye holes and elastic. Perfect for a series finale watch party and photo booths.
zeke-printed-mug,Personalised Zeke Mug | Foxy Printing,"Personalised Zeke Mug: a mug that brightens every brew. Add any name to make it unique. 11oz ceramic, dishwasher safe. Add it to your basket today."
zelda-ocarina-of-time-game-birthday-card-sa,Zelda Ocarina of Time Birthday Card | Foxy Printing,This printed card is a lovely way to mark their big day. Dispatched the same or next working day. A great gift idea. Order now and make their day.
zelda-ocarina-of-time-game-personalised-birthday-card-sa060917,Personalised Zelda Ocarina of Time Birthday Card,This personalised birthday card is a lovely way to mark their big day. Thick 350gsm card with a free envelope. Order now and make their day.
zelda-the-adventure-of-link-classic-alt-retro-nes-gaming-fridge-magnet-659,Zelda the Adventure of Link Classic Retro NES Fridge Magnet,A nostalgic retro gaming fridge magnet for gamers of all ages. Printed in-house in North Yorkshire in full colour. Order now and make their day.
zelda-the-adventure-of-link-classic-alt-retro-nes-gaming-keyring,Zanac Retro NES Keyring | Foxy Printing,Keep your keys retro with this retro gaming keyring. Made to order in our North Yorkshire workshop. A great gift idea. Order now and make their day.
zelda-the-adventure-of-link-classic-retro-nes-gaming-fridge-magnet-660,Zelda the Adventure of Link Classic Retro Fridge Magnet 660,A nostalgic retro gaming fridge magnet for gamers of all ages. Printed in-house in North Yorkshire in full colour. Add it to your basket today.
zelda-the-adventure-of-link-classic-retro-nes-gaming-keyring,Zelda the Adventure of Link Classic Alt Retro NES Keyring,Keep your keys retro with this retro gaming keyring. Printed in-house in North Yorkshire in full colour. A great gift idea. Treat them today.
zelia-mendes-jones-fallout-celebrity-face-mask-fancy-dress-cardboard-costume-mask,Zelia Mendes-Jones Face Mask | Foxy Printing,Fancy dress made easy: a Zelia Mendes-Jones face mask on thick card with eye holes and elastic. Perfect for a series finale watch party and photo booths.
zen-intergalactic-ninja-retro-nes-gaming-fridge-magnet-723,Zen Intergalactic Ninja Retro NES Fridge Magnet,A nostalgic retro gaming fridge magnet for gamers of all ages. Printed in-house in North Yorkshire in full colour. Add it to your basket today.
zen-intergalactic-ninja-retro-nes-gaming-keyring,Zelda the Adventure of Link Classic Retro NES Keyring,This retro gaming keyring is a fun little gift for any gamer. Printed in-house in North Yorkshire in full colour. Order now and make their day.
zendaya-chani-dune-celebrity-face-mask-fancy-dress-cardboard-costume-mask,Zendaya Face Mask | Foxy Printing,Zendaya Face Mask: a crowd-pleaser for fancy dress and nights out. Posted in a board-backed envelope so it arrives flat. Add it to your basket today.
zendaya-golden-globes-2025-celebrity-face-masks-hollywood-themed-fancy-dress-party-accessories,Zendaya Golden Globes 2025 Celebrity Face Masks,Zendaya Golden Globes 2025 Celebrity Face Masks: a crowd-pleaser for fancy dress and nights out. Cut to shape with eye holes. Order now and make their day.
zendaya-mh-2017-tv-celebrity-face-mask,Zendaya MH Face Mask | Foxy Printing,Zendaya MH Face Mask: a fun pick for birthdays and photo booths. Cut to shape with eye holes. A great gift idea. Add it to your basket today.
zendine-zidane-limited-edition-signed-print,Zendine Zidane Printed Signature Print | Foxy Printing,Zendine Zidane Printed Signature Print: a lovely gift for a true fan. A printed reproduction: the signature is part of the print. Treat them today.
zenyatta-personalised-birthday-card-sa060917,Personalised Zenyatta Birthday Card | Foxy Printing,"A personalised birthday card they'll want to keep. Add their name, age and your own message inside. Thick 350gsm card with a free envelope. Order today."
zeph-printed-mug,Personalised Zeph Mug | Foxy Printing,Personalised Zeph Mug: a fun gift for any tea or coffee lover. Add any name to make it unique. Dishwasher and microwave safe. Order yours today.
zephryn-taitte-celebrity-face-mask-fancy-dress-cardboard-costume-mask,Zephryn Taitte Face Mask | Foxy Printing,"Get the party started with a Zephryn Taitte face mask. Full-colour print on 350gsm card, cut to shape with elastic. Great for a birthday party."
zerka-sidemen-realistic-cardboard-celebrity-mask-for-stag-do-hen-do-fancy-dress-costume-parties-fun-party-disguise,Zerka Sidemen Face Mask | Foxy Printing,"Zerka Sidemen Face Mask: guaranteed laughs at any party. A4 size on 350gsm card, with eye holes cut and elastic included. Add it to your basket today."
zerkaa-sidemen-face-mask-youtube-group-inspired-novelty-mask-funny-fancy-dress-costume-for-parties-events-photos-adult-card-mask,Zerkaa Sidemen Face Mask | Foxy Printing,"Get the party started with a Zerkaa Sidemen face mask. Full-colour print on 350gsm card, cut to shape with elastic. Great for a comedy night."
zero-the-kamikaze-squirrel-gaming-t-shirt,Zero the Kamikaze Squirrel – Gaming T-Shirt | Foxy Printing,Zero the Kamikaze Squirrel Gaming T-Shirt: made to stand out. Custom designs are available on request. Made in North Yorkshire. Order yours today.
zero-the-kamikaze-squirrel-replacement-snes-game-case-or-cover,Zero the Kamikaze Squirrel SNES Replacement Case,Tidy up your collection with this replacement game case. It's a printed case or cover only; no game is included. Add it to your basket today.
zero-the-kamikaze-squirrel-retro-gaming-keyring,Zero the Kamikaze Squirrel Retro SNES Keyring,A nostalgic retro gaming keyring for retro gaming fans. Made to order in our North Yorkshire workshop. A great gift idea. Order now and make their day.
zero-the-kamikaze-squirrel-retro-gaming-magnet,Zero the Kamikaze Squirrel Retro SNES Fridge Magnet,This retro gaming fridge magnet is a fun gift for any retro gamer. Printed in North Yorkshire. A great gift idea. Add it to your basket today.
zero-the-kamikaze-squirrel-sega-megadrive-retro-gaming-magnet,Zero the Kamikaze Squirrel Retro Mega Drive Fridge Magnet,Bring back the classics with this retro gaming fridge magnet. Printed in-house in North Yorkshire in full colour. Add it to your basket today.
zero-to-bitch-drinks-coaster,Zero-to-B**** Drinks Coaster | Foxy Printing,"A naughty-but-nice drinks coaster for adults with a sense of humour. Printed in-house in North Yorkshire, UK. Custom designs on request. Treat them today."
zerodivide-2-ps1-playstation-1-game-keyring,Zerodivide 2 Retro PS1 Fridge Magnet | Foxy Printing,Add some retro fun to the fridge with this retro gaming fridge magnet. Printed in North Yorkshire. A great gift idea. Order now and make their day.
zerodivide-ps1-playstation-1-game-keyring,Zerodivide Retro PS1 Fridge Magnet | Foxy Printing,Bring back the classics with this retro gaming fridge magnet. Printed in-house in North Yorkshire in full colour. Order now and make their day.
zerowing-eu-sega-megadrive-retro-gaming-magnet,Zerowing Video Retro Mega Drive Fridge Magnet,Bring back the classics with this retro gaming fridge magnet. Printed in-house in North Yorkshire in full colour. Order now and make their day.
zhao-xintong-signed-autograph-poster-print-snooker-star-wall-art-gift-for-snooker-fans,Zhao Xintong Snooker Printed Signature Print | Foxy Printing,Zhao Xintong Printed Signature Print: a lovely gift for a true fan. Printed in North Yorkshire. A great gift idea. Order now and make their day.
zheng-qinwen-tennis-celebrity-face-mask-fancy-dress-cardboard-costume-mask,Zheng Qinwen Face Mask | Foxy Printing,Zheng Qinwen card face mask for a tennis club social. Printed on 350gsm silk card cut to shape with eye holes and elastic. Order yours today.
zhou-guanyu-f1-celebrity-face-mask-fancy-dress-cardboard-costume-mask,Zhou Guanyu Face Mask | Foxy Printing,Zhou Guanyu card face mask for a race-day watch party. Printed on 350gsm silk card cut to shape with eye holes and elastic. Order yours today.
zhou-guanyu-f1-driver-limited-edition-signed-gift-poster-print-artwork-display,Zhou Guanyu F1 Driver Printed Signature Print,Zhou Guanyu Driver Printed Signature Print: a lovely gift for a true fan. Printed in North Yorkshire. A great gift idea. Order now and make their day.
zian-flemming-printed-signed-poster-burnley-fc-midfielder-tribute-wall-art-with-jersey-bio-plaque-premier-league-football-memorabilia-for-fans-collectors,Zian Flemming Printed Signature Poster | Foxy Printing,Zian Flemming Printed Signature Print: a striking piece for a fan's wall. A printed reproduction: the signature is part of the print. Treat them today.
zico-jb-footballer-fancy-dress-cardboard-celebrity-party-stag-birthday-idea-fancy-dress-face-mask,Zico Face Mask | Foxy Printing,Zico Face Mask: a fun pick for birthdays and photo booths. 350gsm card with eye holes and elastic. Made in North Yorkshire. Order yours today.
zig-zag-cat-gaming-t-shirt,Zig Zag Cat – Gaming T-Shirt | Foxy Printing,"Zig Zag Cat Gaming T-Shirt: a fun top for parties, gifts and days out. Made to order in our North Yorkshire workshop. Add it to your basket today."
zillion-2-sega-master-system-fridge-magnet,Zillion 2 Retro Master System Fridge Magnet | Foxy Printing,Bring back the classics with this retro gaming fridge magnet. Printed in-house in North Yorkshire in full colour. Add it to your basket today.
zillion-2-sega-mastersystem-keyring,Zillion 2 Retro Master System Keyring | Foxy Printing,A nostalgic retro gaming keyring for retro gaming fans. Printed in-house in North Yorkshire in full colour. A great gift idea. Add it to your basket today.
zimbabwe-cricket-personalised-card,Personalised Zimbabwe Cricket Funny Birthday Card,"This personalised birthday card is a lovely way to mark their big day. Posted Royal Mail 1st Class, dispatched the same or next working day. Order today."
zinedine-zidane-1-football-player-signed-by-autographed-poster-print,Zinedine Zidane Printed Signature Print | Foxy Printing,Zinedine Zidane Printed Signature Print: a striking piece for a fan's wall. A printed reproduction: the signature is part of the print. Treat them today.
zinedine-zidane-1-signed-autographed-footballers-star-print,Zinedine Zidane Printed Signature Print Design 1,Zinedine Zidane Printed Signature Print: a striking piece for a fan's wall. The signature is printed in the design. Order now and make their day.
zinedine-zidane-2-football-player-signed-by-autographed-poster-print,Zinedine Zidane Printed Signature Print Design 2,Zinedine Zidane Printed Signature Print: a great gift for any fan. A printed reproduction: the signature is part of the print. Add it to your basket today.
zinedine-zidane-2-signed-autographed-footballers-star-print,Zinedine Zidane Printed Signature Print Design 4,Zinedine Zidane Printed Signature Print: a great gift for any fan. Printed to order in our North Yorkshire workshop. Order now and make their day.
zinedine-zidane-celebrity-face-mask,Zinedine Zidane Face Mask | Foxy Printing,Fancy dress made easy: a Zinedine Zidane face mask on thick card with eye holes and elastic. Perfect for a football-themed birthday and photo booths.
zinedine-zidane-face-mask-france-football-legend-inspired-card-face-mask-soccer-fan-party-accessory-sports-supporter-prop-football-gift-for-fans,Zinedine Zidane Face Mask France | Foxy Printing,"Get the party started with a Zinedine Zidane face mask. Full-colour print on 350gsm card, cut to shape with elastic. Great for a five-a-side."
zinedine-zidane-jb-footballer-fancy-dress-cardboard-celebrity-party-stag-birthday-idea-fancy-dress-face-mask,Zinedine Zidane Face Mask Jb | Foxy Printing,"Get the party started with a Zinedine Zidane face mask. Full-colour print on 350gsm card, cut to shape with elastic. Great for a five-a-side."
zinedine-zidane-real-madrid-signed-poster-print-real-madrid-cf-football-wall-art-printed-autograph-soccer-memorabilia-zidane-fan-gift-decor,Zinedine Zidane Real Madrid Printed Signature Print,"Add this printed signature print to your wall or give it as a gift. The signature is printed as part of the design, not added by hand. Order today."
zinedine-zidane-signed-poster-print-real-madrid-cf-la-liga-legend-wall-art-with-signature-jersey-number-french-midfielder-memorabilia-for-fans-collectors,Zinedine Zidane Printed Signature Print Design 5,Zinedine Zidane Printed Signature Print: a lovely gift for a true fan. A printed reproduction: the signature is part of the print. Order yours today.
zippy-rainbow-celebrity-face-mask-fancy-dress-cardboard-costume-mask,Zippy Face Mask | Foxy Printing,Zippy Face Mask: a crowd-pleaser for fancy dress and nights out. Cut to shape with eye holes. Made in North Yorkshire. Order now and make their day.
zlatan-ibrahimovic-football-gift-mc1678-framed-autographed-print,Zlatan Ibrahimovic Printed Signature Print | Foxy Printing,Zlatan Ibrahimovic Printed Signature Print: a great gift for any fan. Printed to order in our North Yorkshire workshop. Add it to your basket today.
zlatan-ibrahimovic-jb-footballer-fancy-dress-cardboard-celebrity-party-stag-birthday-idea-fancy-dress-face-mask,Zlatan Ibrahimovic Face Mask | Foxy Printing,Fancy dress made easy: a Zlatan Ibrahimovic face mask on thick card with eye holes and elastic. Perfect for a big match watch party and photo booths.
zlatan-ibrahimovic-man-u-personalised-football-card,Personalised Zlatan Ibrahimovic Man U Football Birthday Card,"Send a smile with this personalised birthday card. Personalise it with a name, age and message. Thick 350gsm card with a free envelope. Order yours today."
zlatan-ibrahimovic-mc1678-black-frame-autographed-football-poster,Zlatan Ibrahimovic Printed Signature Poster | Foxy Printing,Zlatan Ibrahimovic Printed Signature Print: a great gift for any fan. The signature is printed in the design. A great gift idea. Order today.
zlatan-ibrahimovic-sweden-sports-birthday-card-sa,Personalised Zlatan Ibrahimovic Sweden Sports Birthday Card,This personalised birthday card is a lovely way to mark their big day. Thick 350gsm card with a free envelope. Order now and make their day.
zodiac-signs-personalised-birthday-card,Personalised Zodiac Signs Adult Birthday Card,"Our personalised birthday card is made to make someone feel special. Personalise it with a name, age and message. Folded to A5 on 350gsm card. Order today."
zoe-kravitz-catwoman-celebrity-face-mask-fancy-dress-cardboard-costume-mask,Zoë Kravitz Catwoman Face Mask | Foxy Printing,"Zoë Kravitz Catwoman Face Mask: perfect for stag dos, hen parties and fancy dress. Posted in a board-backed envelope so it arrives flat. Treat them today."
zoe-kravitz-celebrity-face-mask-fancy-dress-cardboard-costume-mask,Zoë Kravitz Face Mask | Foxy Printing,Zoë Kravitz Face Mask: guaranteed laughs at any party. Posted in a board-backed envelope so it arrives flat. Cut to shape with eye holes. Treat them today.
zoe-lucker-jb-actor-movie-tv-celebrity-party-stag-birthday-idea-fancy-dress-face-mask,Zoe Lucker Face Mask | Foxy Printing,"Get the party started with a Zoe Lucker face mask. Full-colour print on 350gsm card, cut to shape with elastic. Great for a themed birthday."
zoe-saldana-golden-globes-2025-celebrity-face-masks-hollywood-themed-fancy-dress-party-accessories,Zoe Saldana Golden Globes 2025 Celebrity Face Masks,Zoe Saldana Golden Globes 2025 Celebrity Face Masks: a crowd-pleaser for fancy dress and nights out. 350gsm card with eye holes and elastic. Order today.
zoe-saldana-mh-2-2017-celebrity-face-mask,Zoe Saldana Face Mask 2 | Foxy Printing,"Get the party started with a Zoe Saldana face mask. Full-colour print on 350gsm card, cut to shape with elastic. Great for a birthday party."
zoe-saldana-mh-2017-celebrity-face-mask,Zoe Saldana Face Mask | Foxy Printing,"Get the party started with a Zoe Saldana face mask. Full-colour print on 350gsm card, cut to shape with elastic. Great for a birthday party."
zoe-wanamaker-shadow-and-bone-celebrity-face-mask-fancy-dress-cardboard-costume-mask,Zoe Wanamaker Face Mask | Foxy Printing,"Zoe Wanamaker Face Mask: a fun pick for birthdays and photo booths. A4 size on 350gsm card, with eye holes cut and elastic included. Order yours today."
zoey-deutch-mh-2-2017-celebrity-face-mask,Zoey Deutch Face Mask 2 | Foxy Printing,"Zoey Deutch MH Face Mask: a crowd-pleaser for fancy dress and nights out. A4 size on 350gsm card, with eye holes cut and elastic included. Order today."
zoey-deutch-mh-2017-celebrity-face-mask,Zoey Deutch Face Mask | Foxy Printing,"Get the party started with a Zoey Deutch face mask. Full-colour print on 350gsm card, cut to shape with elastic. Great for a themed birthday."
zoey-saldana-face-mask-fancy-dress-cardboard-costume-mask,Zoey Saldaña Face Mask | Foxy Printing,"Zoey Saldaña Face Mask: a crowd-pleaser for fancy dress and nights out. Printed on 350gsm silk card, cut to shape with eye holes and elastic. Order today."
zola-celebrity-face-mask,Zola Face Mask | Foxy Printing,Zola Face Mask: a fun pick for birthdays and photo booths. Posted in a board-backed envelope so it arrives flat. Order now and make their day.
zombie-eat-fresh-bumper-window-sticker,Zombie – Eat Fresh Novelty Vinyl Car Sticker | Foxy Printing,Zombie Eat Fresh Novelty Vinyl Car Sticker: a quick way to add some personality. Made to order in our North Yorkshire workshop. Treat them today.
zombie-nation-retro-nes-gaming-fridge-magnet-724,Zombie Nation Retro NES Fridge Magnet | Foxy Printing,Bring back the classics with this retro gaming fridge magnet. Made to order in our North Yorkshire workshop. A great gift idea. Order today.
zombie-nation-retro-nes-gaming-keyring,Zen Intergalactic Ninja Retro NES Keyring | Foxy Printing,This retro gaming keyring is a fun little gift for any gamer. Made to order in our North Yorkshire workshop. A great gift idea. Treat them today.
zombie-outbreak-bumper-window-sticker,Zombie Outbreak Novelty Vinyl Car Sticker | Foxy Printing,"Zombie Outbreak Novelty Vinyl Car Sticker: printed to order for your home, car or business. Made to order in North Yorkshire. Treat them today."
zombierevenge,Zombie Revenge Retro Dreamcast Fridge Magnet | Foxy Printing,Add some retro fun to the fridge with this retro gaming fridge magnet. Printed in North Yorkshire. A great gift idea. Add it to your basket today.
zombierevenge-sega-dreamcast-game-keyring,Zombierevenge Retro Dreamcast Keyring | Foxy Printing,A nostalgic retro gaming keyring for retro gaming fans. Made to order in our North Yorkshire workshop. A great gift idea. Order now and make their day.
zombies-ate-my-neighbors-gaming-t-shirt,Zombies Ate My Neighbors – Gaming T-Shirt | Foxy Printing,Zombies Ate My Neighbors Gaming T-Shirt: made to stand out. Made to order in our North Yorkshire workshop. Custom designs on request. Order yours today.
zombies-ate-my-neighbors-sega-megadrive-retro-gaming-magnet,Zombies Ate My Neighbors Retro Mega Drive Fridge Magnet,A nostalgic retro gaming fridge magnet for gamers of all ages. Printed in-house in North Yorkshire in full colour. Add it to your basket today.
zombies-ate-my-neighbours-eu-sega-megadrive-retro-gaming-magnet,Zombies Ate My Neighbours Retro Mega Drive Fridge Magnet,Add some retro fun to the fridge with this retro gaming fridge magnet. Printed in-house in North Yorkshire in full colour. Order now and make their day.
zombies-ate-my-neighbours-replacement-snes-game-case-or-cover,Zombies Ate My Neighbours SNES Replacement Case,This replacement game case is a neat way to rehouse a loose cartridge or disc. Printed in-house in North Yorkshire. No game included. Order yours today.
zombies-ate-my-neighbours-retro-gaming-keyring,Zombies Ate My Neighbours Retro SNES Keyring | Foxy Printing,This retro gaming keyring is a fun little gift for any gamer. Printed in-house in North Yorkshire in full colour. Add it to your basket today.
zombies-ate-my-neighbours-retro-gaming-magnet,Zombies Ate My Neighbours Retro SNES Fridge Magnet,Add some retro fun to the fridge with this retro gaming fridge magnet. Made to order in our North Yorkshire workshop. Order now and make their day.
zool-2-jaguar-cd-retro-gaming-magnet,Zool 2 Cd Retro Atari Jaguar Fridge Magnet | Foxy Printing,A nostalgic retro gaming fridge magnet for gamers of all ages. Printed in-house in North Yorkshire in full colour. Add it to your basket today.
zool-2-retro-gaming-keyring,Zool 2 Retro Atari Jaguar Keyring | Foxy Printing,Carry a classic with you on this retro gaming keyring. Printed in-house in North Yorkshire in full colour. A great gift idea. Add it to your basket today.
zool-2-retro-gaming-magnet,Zool 2 Retro Atari Jaguar Fridge Magnet | Foxy Printing,Add some retro fun to the fridge with this retro gaming fridge magnet. Printed in-house in North Yorkshire in full colour. Add it to your basket today.
zool-eu-sega-megadrive-retro-gaming-magnet,Zool Video Retro Mega Drive Fridge Magnet | Foxy Printing,Bring back the classics with this retro gaming fridge magnet. Made to order in our North Yorkshire workshop. A great gift idea. Order yours today.
zool-replacement-snes-game-case-or-cover,Zool SNES Replacement Case | Foxy Printing,Give your game a fresh look with this replacement game case. It's a printed case or cover only; no game is included. Add it to your basket today.
zool-retro-gaming-keyring,Zool Retro SNES Keyring | Foxy Printing,A nostalgic retro gaming keyring for retro gaming fans. Made to order in our North Yorkshire workshop. A great gift idea. Order now and make their day.
zool-retro-gaming-magnet,Zool Retro SNES Fridge Magnet | Foxy Printing,This retro gaming fridge magnet is a fun gift for any retro gamer. Made to order in our North Yorkshire workshop. Add it to your basket today.
zool-sega-master-system-fridge-magnet,Zool Retro Master System Fridge Magnet | Foxy Printing,Add some retro fun to the fridge with this retro gaming fridge magnet. Printed in-house in North Yorkshire in full colour. Add it to your basket today.
zool-sega-mastersystem-keyring,Zool Retro Master System Keyring | Foxy Printing,This retro gaming keyring is a fun little gift for any gamer. Printed in-house in North Yorkshire in full colour. Add it to your basket today.
zoolander-2-bm-personalised-birthday-card,Personalised Zoolander 2 Bm Funny Birthday Card,"Make their day with this personalised birthday card. Add a name, age and a message inside before you order. Folded to A5 on 350gsm card. Treat them today."
zoolander-3-bm-personalised-birthday-card,Personalised Zoolander 3 Bm Funny Birthday Card,"Our personalised birthday card is made to make someone feel special. Personalise it with a name, age and message. Folded to A5 on 350gsm card. Order today."
zoolander-bm-personalised-birthday-card,Personalised Zoolander Bm Funny Birthday Card,"Make their day with this personalised birthday card. Add a name, age and a message inside before you order. Folded to A5 on 350gsm card. Order today."
zoop-gaming-t-shirt,Zoop – Gaming T-Shirt | Foxy Printing,Zoop Gaming T-Shirt: made to stand out. Made to order in our North Yorkshire workshop. Custom designs on request. Order now and make their day.
zoop-jaguar-cd-retro-gaming-magnet,Zoop Cd Retro Atari Jaguar Fridge Magnet | Foxy Printing,Add some retro fun to the fridge with this retro gaming fridge magnet. Made to order in our North Yorkshire workshop. Order now and make their day.
zoop-replacement-snes-game-case-or-cover,Zoop SNES Replacement Case | Foxy Printing,Tidy up your collection with this replacement game case. It's a printed case or cover only; no game is included. Add it to your basket today.
zoop-retro-gaming-case,Zoop Game Boy Replacement Case | Foxy Printing,Tidy up your collection with this replacement game case. It's a printed case or cover only; no game is included. Order now and make their day.
zoop-retro-gaming-keyring,Zoop Retro SNES Keyring | Foxy Printing,Keep your keys retro with this retro gaming keyring. Printed in-house in North Yorkshire in full colour. A great gift idea. Add it to your basket today.
zoop-retro-gaming-magnet,Zoop Retro SNES Fridge Magnet | Foxy Printing,A nostalgic retro gaming fridge magnet for gamers of all ages. Printed in-house in North Yorkshire in full colour. Order now and make their day.
zoop-sega-megadrive-retro-gaming-magnet,Zoop Video Retro Mega Drive Fridge Magnet | Foxy Printing,This retro gaming fridge magnet is a fun gift for any retro gamer. Made to order in our North Yorkshire workshop. Order now and make their day.
zoran-lerchbacher-2-signed-autographed-darts-star-print,Zoran Lerchbacher Printed Signature Print Design 2,"Zoran Lerchbacher Printed Signature Print: a lovely gift for a true fan. The signature is printed as part of the design, not added by hand. Order today."
zoran-lerchbacher-signed-autographed-darts-star-print,Zoran Lerchbacher Printed Signature Print | Foxy Printing,Zoran Lerchbacher Printed Signature Print: a lovely gift for a true fan. Printed to order in our North Yorkshire workshop. Order yours today.
zuri-hall-2017-tv-celebrity-face-mask,Zuri Hall Face Mask | Foxy Printing,Fancy dress made easy: a Zuri Hall face mask on thick card with eye holes and elastic. Perfect for a series finale watch party and photo booths.
zuzanna-saporznikow-celebrity-face-mask-fancy-dress-cardboard-costume-mask,Zuzanna Saporznikow Face Mask | Foxy Printing,"Get the party started with a Zuzanna Saporznikow face mask. Full-colour print on 350gsm card, cut to shape with elastic. Great for a telly-night quiz."
zydrunas-ilgauskas-m148-basketball-player-autographed-poster-print-photo-signature-gift,Zydrunas Ilgauskas Basketball Printed Signature Print,Zydrunas Ilgauskas Basketball Printed Signature Print: a striking piece for a fan's wall. Printed in North Yorkshire. Add it to your basket today.
zydrunas-ilgauskas-m149-basketball-player-autographed-poster-print-photo-signature-gift,Zydrunas Ilgauskas Basketball Signature Print Design 2,Zydrunas Ilgauskas Basketball Printed Signature Print: a great gift for any fan. Printed to order in our North Yorkshire workshop. Order yours today.
