batch,source,destination,action,status,result
0,/2019 TIDY - CELEBRITY FACEMASKS FINAL 7200 IMAGES/!!!!!!! TO SORT 2026 JAMIE MIXED UPLOADED TO FOXY SORT INTO FOLDERS/Tenacious D Mask Pack.jpg,/2019 TIDY - CELEBRITY FACEMASKS FINAL 7200 IMAGES/!!MASK PACK MOCKUP IMAGES/Tenacious D Mask Pack.jpg,move,moved,/2019 TIDY - CELEBRITY FACEMASKS FINAL 7200 IMAGES/!!MASK PACK MOCKUP IMAGES/Tenacious D Mask Pack.jpg
0,/2019 TIDY - CELEBRITY FACEMASKS FINAL 7200 IMAGES/!!!!!!! TO SORT 2026 JAMIE MIXED UPLOADED TO FOXY SORT INTO FOLDERS/Yohan Blake.JPG,/2019 TIDY - CELEBRITY FACEMASKS FINAL 7200 IMAGES/2026 SPORTS STARS/Olympic Athletes/Yohan Blake (larger).JPG,duplicate_larger,moved,/2019 TIDY - CELEBRITY FACEMASKS FINAL 7200 IMAGES/2026 SPORTS STARS/Olympic Athletes/Yohan Blake (larger).JPG
0,/2019 TIDY - CELEBRITY FACEMASKS FINAL 7200 IMAGES/!!!!!!! TO SORT 2026 JAMIE MIXED UPLOADED TO FOXY SORT INTO FOLDERS/Anushka Sharma-Bollywood.jpg,/2019 TIDY - CELEBRITY FACEMASKS FINAL 7200 IMAGES/2026 BOLLYWOOD ACTORS/Anushka Sharma-Bollywood.jpg,move,moved,/2019 TIDY - CELEBRITY FACEMASKS FINAL 7200 IMAGES/2026 BOLLYWOOD ACTORS/Anushka Sharma-Bollywood.jpg
1,/2019 TIDY - CELEBRITY FACEMASKS FINAL 7200 IMAGES/!!!!!!! TO SORT 2026 JAMIE MIXED UPLOADED TO FOXY SORT INTO FOLDERS/Dharmendra Deol 1975 Bollywood.jpg,/2019 TIDY - CELEBRITY FACEMASKS FINAL 7200 IMAGES/2026 BOLLYWOOD ACTORS/Dharmendra Deol 1975 Bollywood.jpg,move,not run,
1,/2019 TIDY - CELEBRITY FACEMASKS FINAL 7200 IMAGES/!!!!!!! TO SORT 2026 JAMIE MIXED UPLOADED TO FOXY SORT INTO FOLDERS/Kushi Dubey-Bollywood.jpg,/2019 TIDY - CELEBRITY FACEMASKS FINAL 7200 IMAGES/2026 BOLLYWOOD ACTORS/Kushi Dubey-Bollywood.jpg,move,not run,
1,/2019 TIDY - CELEBRITY FACEMASKS FINAL 7200 IMAGES/!!!!!!! TO SORT 2026 JAMIE MIXED UPLOADED TO FOXY SORT INTO FOLDERS/Rani Mukerji.jpg,/2019 TIDY - CELEBRITY FACEMASKS FINAL 7200 IMAGES/2026 BOLLYWOOD ACTORS/Rani Mukerji.jpg,move,not run,
1,/2019 TIDY - CELEBRITY FACEMASKS FINAL 7200 IMAGES/!!!!!!! TO SORT 2026 JAMIE MIXED UPLOADED TO FOXY SORT INTO FOLDERS/Ranveer Singh-BOLLYWOOD.jpg,/2019 TIDY - CELEBRITY FACEMASKS FINAL 7200 IMAGES/2026 BOLLYWOOD ACTORS/Ranveer Singh-BOLLYWOOD.jpg,move,not run,
1,/2019 TIDY - CELEBRITY FACEMASKS FINAL 7200 IMAGES/!!!!!!! TO SORT 2026 JAMIE MIXED UPLOADED TO FOXY SORT INTO FOLDERS/Shefali Shah-Bollywood.jpg,/2019 TIDY - CELEBRITY FACEMASKS FINAL 7200 IMAGES/2026 BOLLYWOOD ACTORS/Shefali Shah-Bollywood.jpg,move,not run,
1,/2019 TIDY - CELEBRITY FACEMASKS FINAL 7200 IMAGES/!!!!!!! TO SORT 2026 JAMIE MIXED UPLOADED TO FOXY SORT INTO FOLDERS/Swathi Reddy.jpg,/2019 TIDY - CELEBRITY FACEMASKS FINAL 7200 IMAGES/2026 BOLLYWOOD ACTORS/Swathi Reddy.jpg,move,not run,
1,/2019 TIDY - CELEBRITY FACEMASKS FINAL 7200 IMAGES/!!!!!!! TO SORT 2026 JAMIE MIXED UPLOADED TO FOXY SORT INTO FOLDERS/Tamanna Bhatia.jpg,/2019 TIDY - CELEBRITY FACEMASKS FINAL 7200 IMAGES/2026 BOLLYWOOD ACTORS/Tamanna Bhatia.jpg,move,not run,
1,/2019 TIDY - CELEBRITY FACEMASKS FINAL 7200 IMAGES/!!!!!!! TO SORT 2026 JAMIE MIXED UPLOADED TO FOXY SORT INTO FOLDERS/Urvashi Rautela.jpg,/2019 TIDY - CELEBRITY FACEMASKS FINAL 7200 IMAGES/2026 BOLLYWOOD ACTORS/Urvashi Rautela.jpg,move,not run,
1,/2019 TIDY - CELEBRITY FACEMASKS FINAL 7200 IMAGES/!!!!!!! TO SORT 2026 JAMIE MIXED UPLOADED TO FOXY SORT INTO FOLDERS/sapna pabbi.jpg,/2019 TIDY - CELEBRITY FACEMASKS FINAL 7200 IMAGES/2026 BOLLYWOOD ACTORS/sapna pabbi.jpg,move,not run,
1,/2019 TIDY - CELEBRITY FACEMASKS FINAL 7200 IMAGES/!!!!!!! TO SORT 2026 JAMIE MIXED UPLOADED TO FOXY SORT INTO FOLDERS/sonakshi-sinha.jpg,/2019 TIDY - CELEBRITY FACEMASKS FINAL 7200 IMAGES/2026 BOLLYWOOD ACTORS/sonakshi-sinha.jpg,move,not run,
1,/2019 TIDY - CELEBRITY FACEMASKS FINAL 7200 IMAGES/!!!!!!! TO SORT 2026 JAMIE MIXED UPLOADED TO FOXY SORT INTO FOLDERS/oleksandr usyk-boxer.jpg,/2019 TIDY - CELEBRITY FACEMASKS FINAL 7200 IMAGES/2026 BOXERS/oleksandr usyk-boxer.jpg,move,not run,
1,/2019 TIDY - CELEBRITY FACEMASKS FINAL 7200 IMAGES/!!!!!!! TO SORT 2026 JAMIE MIXED UPLOADED TO FOXY SORT INTO FOLDERS/Beavis.jpg,"/2019 TIDY - CELEBRITY FACEMASKS FINAL 7200 IMAGES/2026 CARTOON, GAME AND FILM CHARACTERS/Beavis.jpg",move,not run,
1,/2019 TIDY - CELEBRITY FACEMASKS FINAL 7200 IMAGES/!!!!!!! TO SORT 2026 JAMIE MIXED UPLOADED TO FOXY SORT INTO FOLDERS/Beetlejuice.png,"/2019 TIDY - CELEBRITY FACEMASKS FINAL 7200 IMAGES/2026 CARTOON, GAME AND FILM CHARACTERS/Beetlejuice.png",move,not run,
1,/2019 TIDY - CELEBRITY FACEMASKS FINAL 7200 IMAGES/!!!!!!! TO SORT 2026 JAMIE MIXED UPLOADED TO FOXY SORT INTO FOLDERS/Bonnie-FNAF.jpg,"/2019 TIDY - CELEBRITY FACEMASKS FINAL 7200 IMAGES/2026 CARTOON, GAME AND FILM CHARACTERS/Bonnie-FNAF.jpg",move,not run,
1,/2019 TIDY - CELEBRITY FACEMASKS FINAL 7200 IMAGES/!!!!!!! TO SORT 2026 JAMIE MIXED UPLOADED TO FOXY SORT INTO FOLDERS/Butt-Head.jpg,"/2019 TIDY - CELEBRITY FACEMASKS FINAL 7200 IMAGES/2026 CARTOON, GAME AND FILM CHARACTERS/Butt-Head.jpg",move,not run,
1,/2019 TIDY - CELEBRITY FACEMASKS FINAL 7200 IMAGES/!!!!!!! TO SORT 2026 JAMIE MIXED UPLOADED TO FOXY SORT INTO FOLDERS/Chica- FNAF.jpg,"/2019 TIDY - CELEBRITY FACEMASKS FINAL 7200 IMAGES/2026 CARTOON, GAME AND FILM CHARACTERS/Chica- FNAF.jpg",move,not run,
1,/2019 TIDY - CELEBRITY FACEMASKS FINAL 7200 IMAGES/!!!!!!! TO SORT 2026 JAMIE MIXED UPLOADED TO FOXY SORT INTO FOLDERS/Dr Bunden Honeydew -Muppets.jpg,"/2019 TIDY - CELEBRITY FACEMASKS FINAL 7200 IMAGES/2026 CARTOON, GAME AND FILM CHARACTERS/Dr Bunden Honeydew -Muppets.jpg",move,not run,
1,/2019 TIDY - CELEBRITY FACEMASKS FINAL 7200 IMAGES/!!!!!!! TO SORT 2026 JAMIE MIXED UPLOADED TO FOXY SORT INTO FOLDERS/Foxy - FNAF.jpg,"/2019 TIDY - CELEBRITY FACEMASKS FINAL 7200 IMAGES/2026 CARTOON, GAME AND FILM CHARACTERS/Foxy - FNAF.jpg",move,not run,
1,/2019 TIDY - CELEBRITY FACEMASKS FINAL 7200 IMAGES/!!!!!!! TO SORT 2026 JAMIE MIXED UPLOADED TO FOXY SORT INTO FOLDERS/Freddy Fazbear-FNAF.jpg,"/2019 TIDY - CELEBRITY FACEMASKS FINAL 7200 IMAGES/2026 CARTOON, GAME AND FILM CHARACTERS/Freddy Fazbear-FNAF.jpg",move,not run,
1,/2019 TIDY - CELEBRITY FACEMASKS FINAL 7200 IMAGES/!!!!!!! TO SORT 2026 JAMIE MIXED UPLOADED TO FOXY SORT INTO FOLDERS/Golden Freddy-FNAF.jpg,"/2019 TIDY - CELEBRITY FACEMASKS FINAL 7200 IMAGES/2026 CARTOON, GAME AND FILM CHARACTERS/Golden Freddy-FNAF.jpg",move,not run,
1,/2019 TIDY - CELEBRITY FACEMASKS FINAL 7200 IMAGES/!!!!!!! TO SORT 2026 JAMIE MIXED UPLOADED TO FOXY SORT INTO FOLDERS/Grinch-Cartoon.png,"/2019 TIDY - CELEBRITY FACEMASKS FINAL 7200 IMAGES/2026 CARTOON, GAME AND FILM CHARACTERS/Grinch-Cartoon.png",move,not run,
1,/2019 TIDY - CELEBRITY FACEMASKS FINAL 7200 IMAGES/!!!!!!! TO SORT 2026 JAMIE MIXED UPLOADED TO FOXY SORT INTO FOLDERS/Imperial Stormtrooper-Star Wars.jpg,"/2019 TIDY - CELEBRITY FACEMASKS FINAL 7200 IMAGES/2026 CARTOON, GAME AND FILM CHARACTERS/Imperial Stormtrooper-Star Wars.jpg",move,not run,
1,/2019 TIDY - CELEBRITY FACEMASKS FINAL 7200 IMAGES/!!!!!!! TO SORT 2026 JAMIE MIXED UPLOADED TO FOXY SORT INTO FOLDERS/King Kong.jpg,"/2019 TIDY - CELEBRITY FACEMASKS FINAL 7200 IMAGES/2026 CARTOON, GAME AND FILM CHARACTERS/King Kong.jpg",move,not run,
1,/2019 TIDY - CELEBRITY FACEMASKS FINAL 7200 IMAGES/!!!!!!! TO SORT 2026 JAMIE MIXED UPLOADED TO FOXY SORT INTO FOLDERS/LOTR Gollum.jpg,"/2019 TIDY - CELEBRITY FACEMASKS FINAL 7200 IMAGES/2026 CARTOON, GAME AND FILM CHARACTERS/LOTR Gollum.jpg",move,not run,
1,/2019 TIDY - CELEBRITY FACEMASKS FINAL 7200 IMAGES/!!!!!!! TO SORT 2026 JAMIE MIXED UPLOADED TO FOXY SORT INTO FOLDERS/Lisa Simpson.jpg,"/2019 TIDY - CELEBRITY FACEMASKS FINAL 7200 IMAGES/2026 CARTOON, GAME AND FILM CHARACTERS/Lisa Simpson.jpg",move,not run,
1,/2019 TIDY - CELEBRITY FACEMASKS FINAL 7200 IMAGES/!!!!!!! TO SORT 2026 JAMIE MIXED UPLOADED TO FOXY SORT INTO FOLDERS/Marionette-FNAF.jpg,"/2019 TIDY - CELEBRITY FACEMASKS FINAL 7200 IMAGES/2026 CARTOON, GAME AND FILM CHARACTERS/Marionette-FNAF.jpg",move,not run,
1,/2019 TIDY - CELEBRITY FACEMASKS FINAL 7200 IMAGES/!!!!!!! TO SORT 2026 JAMIE MIXED UPLOADED TO FOXY SORT INTO FOLDERS/Merida - Brave.jpg,"/2019 TIDY - CELEBRITY FACEMASKS FINAL 7200 IMAGES/2026 CARTOON, GAME AND FILM CHARACTERS/Merida - Brave.jpg",move,not run,
1,/2019 TIDY - CELEBRITY FACEMASKS FINAL 7200 IMAGES/!!!!!!! TO SORT 2026 JAMIE MIXED UPLOADED TO FOXY SORT INTO FOLDERS/Pidgeon Lady - Home Alone 2.jpg,"/2019 TIDY - CELEBRITY FACEMASKS FINAL 7200 IMAGES/2026 CARTOON, GAME AND FILM CHARACTERS/Pidgeon Lady - Home Alone 2.jpg",move,not run,
1,/2019 TIDY - CELEBRITY FACEMASKS FINAL 7200 IMAGES/!!!!!!! TO SORT 2026 JAMIE MIXED UPLOADED TO FOXY SORT INTO FOLDERS/Samara-the ring.jpg,"/2019 TIDY - CELEBRITY FACEMASKS FINAL 7200 IMAGES/2026 CARTOON, GAME AND FILM CHARACTERS/Samara-the ring.jpg",move,not run,
1,/2019 TIDY - CELEBRITY FACEMASKS FINAL 7200 IMAGES/!!!!!!! TO SORT 2026 JAMIE MIXED UPLOADED TO FOXY SORT INTO FOLDERS/Sharpay Evans -high school musical.jpg,"/2019 TIDY - CELEBRITY FACEMASKS FINAL 7200 IMAGES/2026 CARTOON, GAME AND FILM CHARACTERS/Sharpay Evans -high school musical.jpg",move,not run,
1,/2019 TIDY - CELEBRITY FACEMASKS FINAL 7200 IMAGES/!!!!!!! TO SORT 2026 JAMIE MIXED UPLOADED TO FOXY SORT INTO FOLDERS/Sheriff Jodie supernatural.jpg,"/2019 TIDY - CELEBRITY FACEMASKS FINAL 7200 IMAGES/2026 CARTOON, GAME AND FILM CHARACTERS/Sheriff Jodie supernatural.jpg",move,not run,
1,/2019 TIDY - CELEBRITY FACEMASKS FINAL 7200 IMAGES/!!!!!!! TO SORT 2026 JAMIE MIXED UPLOADED TO FOXY SORT INTO FOLDERS/Sonny-I robot.jpg,"/2019 TIDY - CELEBRITY FACEMASKS FINAL 7200 IMAGES/2026 CARTOON, GAME AND FILM CHARACTERS/Sonny-I robot.jpg",move,not run,
1,/2019 TIDY - CELEBRITY FACEMASKS FINAL 7200 IMAGES/!!!!!!! TO SORT 2026 JAMIE MIXED UPLOADED TO FOXY SORT INTO FOLDERS/Springtrap -FNAF.jpg,"/2019 TIDY - CELEBRITY FACEMASKS FINAL 7200 IMAGES/2026 CARTOON, GAME AND FILM CHARACTERS/Springtrap -FNAF.jpg",move,not run,
1,/2019 TIDY - CELEBRITY FACEMASKS FINAL 7200 IMAGES/!!!!!!! TO SORT 2026 JAMIE MIXED UPLOADED TO FOXY SORT INTO FOLDERS/Stanford Blatch.jpg,"/2019 TIDY - CELEBRITY FACEMASKS FINAL 7200 IMAGES/2026 CARTOON, GAME AND FILM CHARACTERS/Stanford Blatch.jpg",move,not run,
1,/2019 TIDY - CELEBRITY FACEMASKS FINAL 7200 IMAGES/!!!!!!! TO SORT 2026 JAMIE MIXED UPLOADED TO FOXY SORT INTO FOLDERS/Star Wars First order Stormtrooper.jpg,"/2019 TIDY - CELEBRITY FACEMASKS FINAL 7200 IMAGES/2026 CARTOON, GAME AND FILM CHARACTERS/Star Wars First order Stormtrooper.jpg",move,not run,
1,/2019 TIDY - CELEBRITY FACEMASKS FINAL 7200 IMAGES/!!!!!!! TO SORT 2026 JAMIE MIXED UPLOADED TO FOXY SORT INTO FOLDERS/finan- the last kingdom.jpg,"/2019 TIDY - CELEBRITY FACEMASKS FINAL 7200 IMAGES/2026 CARTOON, GAME AND FILM CHARACTERS/finan- the last kingdom.jpg",move,not run,
1,/2019 TIDY - CELEBRITY FACEMASKS FINAL 7200 IMAGES/!!!!!!! TO SORT 2026 JAMIE MIXED UPLOADED TO FOXY SORT INTO FOLDERS/floki- vikings.jpg,"/2019 TIDY - CELEBRITY FACEMASKS FINAL 7200 IMAGES/2026 CARTOON, GAME AND FILM CHARACTERS/floki- vikings.jpg",move,not run,
1,/2019 TIDY - CELEBRITY FACEMASKS FINAL 7200 IMAGES/!!!!!!! TO SORT 2026 JAMIE MIXED UPLOADED TO FOXY SORT INTO FOLDERS/man city moonchester mascot.jpg,"/2019 TIDY - CELEBRITY FACEMASKS FINAL 7200 IMAGES/2026 CARTOON, GAME AND FILM CHARACTERS/man city moonchester mascot.jpg",move,not run,
1,/2019 TIDY - CELEBRITY FACEMASKS FINAL 7200 IMAGES/!!!!!!! TO SORT 2026 JAMIE MIXED UPLOADED TO FOXY SORT INTO FOLDERS/Aisling Bea.jpg,/2019 TIDY - CELEBRITY FACEMASKS FINAL 7200 IMAGES/2026 COMEDIANS/Aisling Bea.jpg,move,not run,
1,/2019 TIDY - CELEBRITY FACEMASKS FINAL 7200 IMAGES/!!!!!!! TO SORT 2026 JAMIE MIXED UPLOADED TO FOXY SORT INTO FOLDERS/Anders Matthesen.jpg,/2019 TIDY - CELEBRITY FACEMASKS FINAL 7200 IMAGES/2026 COMEDIANS/Anders Matthesen.jpg,move,not run,
1,/2019 TIDY - CELEBRITY FACEMASKS FINAL 7200 IMAGES/!!!!!!! TO SORT 2026 JAMIE MIXED UPLOADED TO FOXY SORT INTO FOLDERS/Danny Wallace.jpg,/2019 TIDY - CELEBRITY FACEMASKS FINAL 7200 IMAGES/2026 COMEDIANS/Danny Wallace.jpg,move,not run,
1,/2019 TIDY - CELEBRITY FACEMASKS FINAL 7200 IMAGES/!!!!!!! TO SORT 2026 JAMIE MIXED UPLOADED TO FOXY SORT INTO FOLDERS/Dave Allen - Comedian.jpg,/2019 TIDY - CELEBRITY FACEMASKS FINAL 7200 IMAGES/2026 COMEDIANS/Dave Allen - Comedian.jpg,move,not run,
1,/2019 TIDY - CELEBRITY FACEMASKS FINAL 7200 IMAGES/!!!!!!! TO SORT 2026 JAMIE MIXED UPLOADED TO FOXY SORT INTO FOLDERS/Diane Morgan - Mandy Carter.jpg,/2019 TIDY - CELEBRITY FACEMASKS FINAL 7200 IMAGES/2026 COMEDIANS/Diane Morgan - Mandy Carter.jpg,move,not run,
1,/2019 TIDY - CELEBRITY FACEMASKS FINAL 7200 IMAGES/!!!!!!! TO SORT 2026 JAMIE MIXED UPLOADED TO FOXY SORT INTO FOLDERS/Eric Idle.jpg,/2019 TIDY - CELEBRITY FACEMASKS FINAL 7200 IMAGES/2026 COMEDIANS/Eric Idle.jpg,move,not run,
1,/2019 TIDY - CELEBRITY FACEMASKS FINAL 7200 IMAGES/!!!!!!! TO SORT 2026 JAMIE MIXED UPLOADED TO FOXY SORT INTO FOLDERS/George Formby.jpg,/2019 TIDY - CELEBRITY FACEMASKS FINAL 7200 IMAGES/2026 COMEDIANS/George Formby.jpg,move,not run,
1,/2019 TIDY - CELEBRITY FACEMASKS FINAL 7200 IMAGES/!!!!!!! TO SORT 2026 JAMIE MIXED UPLOADED TO FOXY SORT INTO FOLDERS/Graham Chapman.jpg,/2019 TIDY - CELEBRITY FACEMASKS FINAL 7200 IMAGES/2026 COMEDIANS/Graham Chapman.jpg,move,not run,
1,/2019 TIDY - CELEBRITY FACEMASKS FINAL 7200 IMAGES/!!!!!!! TO SORT 2026 JAMIE MIXED UPLOADED TO FOXY SORT INTO FOLDERS/Jimmy Carr JB Comedian.jpg,/2019 TIDY - CELEBRITY FACEMASKS FINAL 7200 IMAGES/2026 COMEDIANS/Jimmy Carr JB Comedian.jpg,move,not run,
1,/2019 TIDY - CELEBRITY FACEMASKS FINAL 7200 IMAGES/!!!!!!! TO SORT 2026 JAMIE MIXED UPLOADED TO FOXY SORT INTO FOLDERS/Joe Lycett.jpg,/2019 TIDY - CELEBRITY FACEMASKS FINAL 7200 IMAGES/2026 COMEDIANS/Joe Lycett.jpg,move,not run,
1,/2019 TIDY - CELEBRITY FACEMASKS FINAL 7200 IMAGES/!!!!!!! TO SORT 2026 JAMIE MIXED UPLOADED TO FOXY SORT INTO FOLDERS/Kevin Perry Mask 2.jpg,/2019 TIDY - CELEBRITY FACEMASKS FINAL 7200 IMAGES/2026 COMEDIANS/Kevin Perry Mask 2.jpg,move,not run,
1,/2019 TIDY - CELEBRITY FACEMASKS FINAL 7200 IMAGES/!!!!!!! TO SORT 2026 JAMIE MIXED UPLOADED TO FOXY SORT INTO FOLDERS/Kevin Perry Mask 3.jpg,/2019 TIDY - CELEBRITY FACEMASKS FINAL 7200 IMAGES/2026 COMEDIANS/Kevin Perry Mask 3.jpg,move,not run,
1,/2019 TIDY - CELEBRITY FACEMASKS FINAL 7200 IMAGES/!!!!!!! TO SORT 2026 JAMIE MIXED UPLOADED TO FOXY SORT INTO FOLDERS/Kevin Perry Mask.jpg,/2019 TIDY - CELEBRITY FACEMASKS FINAL 7200 IMAGES/2026 COMEDIANS/Kevin Perry Mask.jpg,move,not run,
1,/2019 TIDY - CELEBRITY FACEMASKS FINAL 7200 IMAGES/!!!!!!! TO SORT 2026 JAMIE MIXED UPLOADED TO FOXY SORT INTO FOLDERS/Lou Sanders.jpg,/2019 TIDY - CELEBRITY FACEMASKS FINAL 7200 IMAGES/2026 COMEDIANS/Lou Sanders.jpg,move,not run,
1,/2019 TIDY - CELEBRITY FACEMASKS FINAL 7200 IMAGES/!!!!!!! TO SORT 2026 JAMIE MIXED UPLOADED TO FOXY SORT INTO FOLDERS/Mo Gilligan - Comedian.jpg,/2019 TIDY - CELEBRITY FACEMASKS FINAL 7200 IMAGES/2026 COMEDIANS/Mo Gilligan - Comedian.jpg,move,not run,
1,/2019 TIDY - CELEBRITY FACEMASKS FINAL 7200 IMAGES/!!!!!!! TO SORT 2026 JAMIE MIXED UPLOADED TO FOXY SORT INTO FOLDERS/Mr G - Summer Hights High.jpg,/2019 TIDY - CELEBRITY FACEMASKS FINAL 7200 IMAGES/2026 COMEDIANS/Mr G - Summer Hights High.jpg,move,not run,
1,/2019 TIDY - CELEBRITY FACEMASKS FINAL 7200 IMAGES/!!!!!!! TO SORT 2026 JAMIE MIXED UPLOADED TO FOXY SORT INTO FOLDERS/Nana Royle christmas - The Royle Family.jpg,/2019 TIDY - CELEBRITY FACEMASKS FINAL 7200 IMAGES/2026 COMEDIANS/Nana Royle christmas - The Royle Family.jpg,move,not run,
1,/2019 TIDY - CELEBRITY FACEMASKS FINAL 7200 IMAGES/!!!!!!! TO SORT 2026 JAMIE MIXED UPLOADED TO FOXY SORT INTO FOLDERS/Neil-Young Ones.jpg,/2019 TIDY - CELEBRITY FACEMASKS FINAL 7200 IMAGES/2026 COMEDIANS/Neil-Young Ones.jpg,move,not run,
1,/2019 TIDY - CELEBRITY FACEMASKS FINAL 7200 IMAGES/!!!!!!! TO SORT 2026 JAMIE MIXED UPLOADED TO FOXY SORT INTO FOLDERS/Nick Mohammed.jpg,/2019 TIDY - CELEBRITY FACEMASKS FINAL 7200 IMAGES/2026 COMEDIANS/Nick Mohammed.jpg,move,not run,
1,/2019 TIDY - CELEBRITY FACEMASKS FINAL 7200 IMAGES/!!!!!!! TO SORT 2026 JAMIE MIXED UPLOADED TO FOXY SORT INTO FOLDERS/Rhona Cameron.jpg,/2019 TIDY - CELEBRITY FACEMASKS FINAL 7200 IMAGES/2026 COMEDIANS/Rhona Cameron.jpg,move,not run,
1,/2019 TIDY - CELEBRITY FACEMASKS FINAL 7200 IMAGES/!!!!!!! TO SORT 2026 JAMIE MIXED UPLOADED TO FOXY SORT INTO FOLDERS/Richard Ayoade IT Crowd.jpg,/2019 TIDY - CELEBRITY FACEMASKS FINAL 7200 IMAGES/2026 COMEDIANS/Richard Ayoade IT Crowd.jpg,move,not run,
1,/2019 TIDY - CELEBRITY FACEMASKS FINAL 7200 IMAGES/!!!!!!! TO SORT 2026 JAMIE MIXED UPLOADED TO FOXY SORT INTO FOLDERS/Richard Ayoade.jpg,/2019 TIDY - CELEBRITY FACEMASKS FINAL 7200 IMAGES/2026 COMEDIANS/Richard Ayoade.jpg,move,not run,
1,/2019 TIDY - CELEBRITY FACEMASKS FINAL 7200 IMAGES/!!!!!!! TO SORT 2026 JAMIE MIXED UPLOADED TO FOXY SORT INTO FOLDERS/Richard Bucket.jpg,/2019 TIDY - CELEBRITY FACEMASKS FINAL 7200 IMAGES/2026 COMEDIANS/Richard Bucket.jpg,move,not run,
1,/2019 TIDY - CELEBRITY FACEMASKS FINAL 7200 IMAGES/!!!!!!! TO SORT 2026 JAMIE MIXED UPLOADED TO FOXY SORT INTO FOLDERS/Richard Prior.jpg,/2019 TIDY - CELEBRITY FACEMASKS FINAL 7200 IMAGES/2026 COMEDIANS/Richard Prior.jpg,move,not run,
1,/2019 TIDY - CELEBRITY FACEMASKS FINAL 7200 IMAGES/!!!!!!! TO SORT 2026 JAMIE MIXED UPLOADED TO FOXY SORT INTO FOLDERS/Roisin Conaty.jpg,/2019 TIDY - CELEBRITY FACEMASKS FINAL 7200 IMAGES/2026 COMEDIANS/Roisin Conaty.jpg,move,not run,
1,/2019 TIDY - CELEBRITY FACEMASKS FINAL 7200 IMAGES/!!!!!!! TO SORT 2026 JAMIE MIXED UPLOADED TO FOXY SORT INTO FOLDERS/Ron Funches.jpg,/2019 TIDY - CELEBRITY FACEMASKS FINAL 7200 IMAGES/2026 COMEDIANS/Ron Funches.jpg,move,not run,
1,/2019 TIDY - CELEBRITY FACEMASKS FINAL 7200 IMAGES/!!!!!!! TO SORT 2026 JAMIE MIXED UPLOADED TO FOXY SORT INTO FOLDERS/Rosie Jones-Comedian.jpg,/2019 TIDY - CELEBRITY FACEMASKS FINAL 7200 IMAGES/2026 COMEDIANS/Rosie Jones-Comedian.jpg,move,not run,
1,/2019 TIDY - CELEBRITY FACEMASKS FINAL 7200 IMAGES/!!!!!!! TO SORT 2026 JAMIE MIXED UPLOADED TO FOXY SORT INTO FOLDERS/Rufus Hound.jpg,/2019 TIDY - CELEBRITY FACEMASKS FINAL 7200 IMAGES/2026 COMEDIANS/Rufus Hound.jpg,move,not run,
1,/2019 TIDY - CELEBRITY FACEMASKS FINAL 7200 IMAGES/!!!!!!! TO SORT 2026 JAMIE MIXED UPLOADED TO FOXY SORT INTO FOLDERS/Russell Kane.jpg,/2019 TIDY - CELEBRITY FACEMASKS FINAL 7200 IMAGES/2026 COMEDIANS/Russell Kane.jpg,move,not run,
1,/2019 TIDY - CELEBRITY FACEMASKS FINAL 7200 IMAGES/!!!!!!! TO SORT 2026 JAMIE MIXED UPLOADED TO FOXY SORT INTO FOLDERS/Sachs Baron Cohen.jpg,/2019 TIDY - CELEBRITY FACEMASKS FINAL 7200 IMAGES/2026 COMEDIANS/Sachs Baron Cohen.jpg,move,not run,
1,/2019 TIDY - CELEBRITY FACEMASKS FINAL 7200 IMAGES/!!!!!!! TO SORT 2026 JAMIE MIXED UPLOADED TO FOXY SORT INTO FOLDERS/Samantha Bee.jpg,/2019 TIDY - CELEBRITY FACEMASKS FINAL 7200 IMAGES/2026 COMEDIANS/Samantha Bee.jpg,move,not run,
1,/2019 TIDY - CELEBRITY FACEMASKS FINAL 7200 IMAGES/!!!!!!! TO SORT 2026 JAMIE MIXED UPLOADED TO FOXY SORT INTO FOLDERS/Sarah Silverman.jpg,/2019 TIDY - CELEBRITY FACEMASKS FINAL 7200 IMAGES/2026 COMEDIANS/Sarah Silverman.jpg,move,not run,
1,/2019 TIDY - CELEBRITY FACEMASKS FINAL 7200 IMAGES/!!!!!!! TO SORT 2026 JAMIE MIXED UPLOADED TO FOXY SORT INTO FOLDERS/Sarah Silverman2.jpg,/2019 TIDY - CELEBRITY FACEMASKS FINAL 7200 IMAGES/2026 COMEDIANS/Sarah Silverman2.jpg,move,not run,
1,/2019 TIDY - CELEBRITY FACEMASKS FINAL 7200 IMAGES/!!!!!!! TO SORT 2026 JAMIE MIXED UPLOADED TO FOXY SORT INTO FOLDERS/Sebastian Maniscalco.jpg,/2019 TIDY - CELEBRITY FACEMASKS FINAL 7200 IMAGES/2026 COMEDIANS/Sebastian Maniscalco.jpg,move,not run,
1,/2019 TIDY - CELEBRITY FACEMASKS FINAL 7200 IMAGES/!!!!!!! TO SORT 2026 JAMIE MIXED UPLOADED TO FOXY SORT INTO FOLDERS/Seth Macfarlane.jpg,/2019 TIDY - CELEBRITY FACEMASKS FINAL 7200 IMAGES/2026 COMEDIANS/Seth Macfarlane.jpg,move,not run,
1,/2019 TIDY - CELEBRITY FACEMASKS FINAL 7200 IMAGES/!!!!!!! TO SORT 2026 JAMIE MIXED UPLOADED TO FOXY SORT INTO FOLDERS/Seth Rogen.jpg,/2019 TIDY - CELEBRITY FACEMASKS FINAL 7200 IMAGES/2026 COMEDIANS/Seth Rogen.jpg,move,not run,
1,/2019 TIDY - CELEBRITY FACEMASKS FINAL 7200 IMAGES/!!!!!!! TO SORT 2026 JAMIE MIXED UPLOADED TO FOXY SORT INTO FOLDERS/Steven-Merchant-No-Beard.jpg,/2019 TIDY - CELEBRITY FACEMASKS FINAL 7200 IMAGES/2026 COMEDIANS/Steven-Merchant-No-Beard.jpg,move,not run,
1,/2019 TIDY - CELEBRITY FACEMASKS FINAL 7200 IMAGES/!!!!!!! TO SORT 2026 JAMIE MIXED UPLOADED TO FOXY SORT INTO FOLDERS/Stewart- Lee.jpg,/2019 TIDY - CELEBRITY FACEMASKS FINAL 7200 IMAGES/2026 COMEDIANS/Stewart- Lee.jpg,move,not run,
1,/2019 TIDY - CELEBRITY FACEMASKS FINAL 7200 IMAGES/!!!!!!! TO SORT 2026 JAMIE MIXED UPLOADED TO FOXY SORT INTO FOLDERS/Sue Tuke- Charity Shop Sue.jpg,/2019 TIDY - CELEBRITY FACEMASKS FINAL 7200 IMAGES/2026 COMEDIANS/Sue Tuke- Charity Shop Sue.jpg,move,not run,
1,/2019 TIDY - CELEBRITY FACEMASKS FINAL 7200 IMAGES/!!!!!!! TO SORT 2026 JAMIE MIXED UPLOADED TO FOXY SORT INTO FOLDERS/TJ Miller.jpg,/2019 TIDY - CELEBRITY FACEMASKS FINAL 7200 IMAGES/2026 COMEDIANS/TJ Miller.jpg,move,not run,
1,/2019 TIDY - CELEBRITY FACEMASKS FINAL 7200 IMAGES/!!!!!!! TO SORT 2026 JAMIE MIXED UPLOADED TO FOXY SORT INTO FOLDERS/Theo Von.jpg,/2019 TIDY - CELEBRITY FACEMASKS FINAL 7200 IMAGES/2026 COMEDIANS/Theo Von.jpg,move,not run,
1,/2019 TIDY - CELEBRITY FACEMASKS FINAL 7200 IMAGES/!!!!!!! TO SORT 2026 JAMIE MIXED UPLOADED TO FOXY SORT INTO FOLDERS/Tiffany Haddish.jpg,/2019 TIDY - CELEBRITY FACEMASKS FINAL 7200 IMAGES/2026 COMEDIANS/Tiffany Haddish.jpg,move,not run,
1,/2019 TIDY - CELEBRITY FACEMASKS FINAL 7200 IMAGES/!!!!!!! TO SORT 2026 JAMIE MIXED UPLOADED TO FOXY SORT INTO FOLDERS/Tig Notaro.jpg,/2019 TIDY - CELEBRITY FACEMASKS FINAL 7200 IMAGES/2026 COMEDIANS/Tig Notaro.jpg,move,not run,
1,/2019 TIDY - CELEBRITY FACEMASKS FINAL 7200 IMAGES/!!!!!!! TO SORT 2026 JAMIE MIXED UPLOADED TO FOXY SORT INTO FOLDERS/Tim Minchin.jpg,/2019 TIDY - CELEBRITY FACEMASKS FINAL 7200 IMAGES/2026 COMEDIANS/Tim Minchin.jpg,move,not run,
1,/2019 TIDY - CELEBRITY FACEMASKS FINAL 7200 IMAGES/!!!!!!! TO SORT 2026 JAMIE MIXED UPLOADED TO FOXY SORT INTO FOLDERS/Tim Vine.jpg,/2019 TIDY - CELEBRITY FACEMASKS FINAL 7200 IMAGES/2026 COMEDIANS/Tim Vine.jpg,move,not run,
1,/2019 TIDY - CELEBRITY FACEMASKS FINAL 7200 IMAGES/!!!!!!! TO SORT 2026 JAMIE MIXED UPLOADED TO FOXY SORT INTO FOLDERS/Tracy Morgan.jpg,/2019 TIDY - CELEBRITY FACEMASKS FINAL 7200 IMAGES/2026 COMEDIANS/Tracy Morgan.jpg,move,not run,
1,/2019 TIDY - CELEBRITY FACEMASKS FINAL 7200 IMAGES/!!!!!!! TO SORT 2026 JAMIE MIXED UPLOADED TO FOXY SORT INTO FOLDERS/Wendi McLendon Covey.jpg,/2019 TIDY - CELEBRITY FACEMASKS FINAL 7200 IMAGES/2026 COMEDIANS/Wendi McLendon Covey.jpg,move,not run,
1,/2019 TIDY - CELEBRITY FACEMASKS FINAL 7200 IMAGES/!!!!!!! TO SORT 2026 JAMIE MIXED UPLOADED TO FOXY SORT INTO FOLDERS/ZACH BRAFF SCRUBS.jpg,/2019 TIDY - CELEBRITY FACEMASKS FINAL 7200 IMAGES/2026 COMEDIANS/ZACH BRAFF SCRUBS.jpg,move,not run,
1,/2019 TIDY - CELEBRITY FACEMASKS FINAL 7200 IMAGES/!!!!!!! TO SORT 2026 JAMIE MIXED UPLOADED TO FOXY SORT INTO FOLDERS/jeff allen 2020 Face.jpg,/2019 TIDY - CELEBRITY FACEMASKS FINAL 7200 IMAGES/2026 COMEDIANS/jeff allen 2020 Face.jpg,move,not run,
1,/2019 TIDY - CELEBRITY FACEMASKS FINAL 7200 IMAGES/!!!!!!! TO SORT 2026 JAMIE MIXED UPLOADED TO FOXY SORT INTO FOLDERS/stephen merchant.jpg,/2019 TIDY - CELEBRITY FACEMASKS FINAL 7200 IMAGES/2026 COMEDIANS/stephen merchant.jpg,move,not run,
1,/2019 TIDY - CELEBRITY FACEMASKS FINAL 7200 IMAGES/!!!!!!! TO SORT 2026 JAMIE MIXED UPLOADED TO FOXY SORT INTO FOLDERS/steve best.jpg,/2019 TIDY - CELEBRITY FACEMASKS FINAL 7200 IMAGES/2026 COMEDIANS/steve best.jpg,move,not run,
1,/2019 TIDY - CELEBRITY FACEMASKS FINAL 7200 IMAGES/!!!!!!! TO SORT 2026 JAMIE MIXED UPLOADED TO FOXY SORT INTO FOLDERS/steve-coogan.jpg,/2019 TIDY - CELEBRITY FACEMASKS FINAL 7200 IMAGES/2026 COMEDIANS/steve-coogan.jpg,move,not run,
1,/2019 TIDY - CELEBRITY FACEMASKS FINAL 7200 IMAGES/!!!!!!! TO SORT 2026 JAMIE MIXED UPLOADED TO FOXY SORT INTO FOLDERS/susan calman.jpg,/2019 TIDY - CELEBRITY FACEMASKS FINAL 7200 IMAGES/2026 COMEDIANS/susan calman.jpg,move,not run,
1,/2019 TIDY - CELEBRITY FACEMASKS FINAL 7200 IMAGES/!!!!!!! TO SORT 2026 JAMIE MIXED UPLOADED TO FOXY SORT INTO FOLDERS/Ricky Ponting.jpg,/2019 TIDY - CELEBRITY FACEMASKS FINAL 7200 IMAGES/2026 CRICKET/Ricky Ponting.jpg,move,not run,
1,/2019 TIDY - CELEBRITY FACEMASKS FINAL 7200 IMAGES/!!!!!!! TO SORT 2026 JAMIE MIXED UPLOADED TO FOXY SORT INTO FOLDERS/Madars Razma - Darts.jpg,/2019 TIDY - CELEBRITY FACEMASKS FINAL 7200 IMAGES/2026 DARTS/Madars Razma - Darts.jpg,move,not run,
1,/2019 TIDY - CELEBRITY FACEMASKS FINAL 7200 IMAGES/!!!!!!! TO SORT 2026 JAMIE MIXED UPLOADED TO FOXY SORT INTO FOLDERS/Ronnie Baxter.jpg,/2019 TIDY - CELEBRITY FACEMASKS FINAL 7200 IMAGES/2026 DARTS/Ronnie Baxter.jpg,move,not run,
1,/2019 TIDY - CELEBRITY FACEMASKS FINAL 7200 IMAGES/!!!!!!! TO SORT 2026 JAMIE MIXED UPLOADED TO FOXY SORT INTO FOLDERS/Ryan Searle - Darts.jpg,/2019 TIDY - CELEBRITY FACEMASKS FINAL 7200 IMAGES/2026 DARTS/Ryan Searle - Darts.jpg,move,not run,
1,/2019 TIDY - CELEBRITY FACEMASKS FINAL 7200 IMAGES/!!!!!!! TO SORT 2026 JAMIE MIXED UPLOADED TO FOXY SORT INTO FOLDERS/Scott Waites.jpg,/2019 TIDY - CELEBRITY FACEMASKS FINAL 7200 IMAGES/2026 DARTS/Scott Waites.jpg,move,not run,
1,/2019 TIDY - CELEBRITY FACEMASKS FINAL 7200 IMAGES/!!!!!!! TO SORT 2026 JAMIE MIXED UPLOADED TO FOXY SORT INTO FOLDERS/Stephen Bunting.jpg,/2019 TIDY - CELEBRITY FACEMASKS FINAL 7200 IMAGES/2026 DARTS/Stephen Bunting.jpg,move,not run,
1,/2019 TIDY - CELEBRITY FACEMASKS FINAL 7200 IMAGES/!!!!!!! TO SORT 2026 JAMIE MIXED UPLOADED TO FOXY SORT INTO FOLDERS/Terry Jenkins.jpg,/2019 TIDY - CELEBRITY FACEMASKS FINAL 7200 IMAGES/2026 DARTS/Terry Jenkins.jpg,move,not run,
1,/2019 TIDY - CELEBRITY FACEMASKS FINAL 7200 IMAGES/!!!!!!! TO SORT 2026 JAMIE MIXED UPLOADED TO FOXY SORT INTO FOLDERS/Wes Newton (2).jpg,/2019 TIDY - CELEBRITY FACEMASKS FINAL 7200 IMAGES/2026 DARTS/Wes Newton (2).jpg,move,not run,
1,/2019 TIDY - CELEBRITY FACEMASKS FINAL 7200 IMAGES/!!!!!!! TO SORT 2026 JAMIE MIXED UPLOADED TO FOXY SORT INTO FOLDERS/Daniel Ricciardo-Formula 1.jpg,/2019 TIDY - CELEBRITY FACEMASKS FINAL 7200 IMAGES/2026 F1 DRIVER/Daniel Ricciardo-Formula 1.jpg,move,not run,
2,/2019 TIDY - CELEBRITY FACEMASKS FINAL 7200 IMAGES/!!!!!!! TO SORT 2026 JAMIE MIXED UPLOADED TO FOXY SORT INTO FOLDERS/Lando Norris-Formula 1.jpg,/2019 TIDY - CELEBRITY FACEMASKS FINAL 7200 IMAGES/2026 F1 DRIVER/Lando Norris-Formula 1.jpg,move,not run,
2,/2019 TIDY - CELEBRITY FACEMASKS FINAL 7200 IMAGES/!!!!!!! TO SORT 2026 JAMIE MIXED UPLOADED TO FOXY SORT INTO FOLDERS/Robert Kubica.jpg,/2019 TIDY - CELEBRITY FACEMASKS FINAL 7200 IMAGES/2026 F1 DRIVER/Robert Kubica.jpg,move,not run,
2,/2019 TIDY - CELEBRITY FACEMASKS FINAL 7200 IMAGES/!!!!!!! TO SORT 2026 JAMIE MIXED UPLOADED TO FOXY SORT INTO FOLDERS/Roman Grosjain.jpg,/2019 TIDY - CELEBRITY FACEMASKS FINAL 7200 IMAGES/2026 F1 DRIVER/Roman Grosjain.jpg,move,not run,
2,/2019 TIDY - CELEBRITY FACEMASKS FINAL 7200 IMAGES/!!!!!!! TO SORT 2026 JAMIE MIXED UPLOADED TO FOXY SORT INTO FOLDERS/Young Alain Prost.jpg,/2019 TIDY - CELEBRITY FACEMASKS FINAL 7200 IMAGES/2026 F1 DRIVER/Young Alain Prost.jpg,move,not run,
2,/2019 TIDY - CELEBRITY FACEMASKS FINAL 7200 IMAGES/!!!!!!! TO SORT 2026 JAMIE MIXED UPLOADED TO FOXY SORT INTO FOLDERS/romain-grosjean.jpg,/2019 TIDY - CELEBRITY FACEMASKS FINAL 7200 IMAGES/2026 F1 DRIVER/romain-grosjean.jpg,move,not run,
2,/2019 TIDY - CELEBRITY FACEMASKS FINAL 7200 IMAGES/!!!!!!! TO SORT 2026 JAMIE MIXED UPLOADED TO FOXY SORT INTO FOLDERS/sergio-perez.jpg,/2019 TIDY - CELEBRITY FACEMASKS FINAL 7200 IMAGES/2026 SPORTS STARS/Formula 1/sergio-perez (larger).jpg,duplicate_larger,not run,
2,/2019 TIDY - CELEBRITY FACEMASKS FINAL 7200 IMAGES/!!!!!!! TO SORT 2026 JAMIE MIXED UPLOADED TO FOXY SORT INTO FOLDERS/stoffel-vandoorne.jpg,/2019 TIDY - CELEBRITY FACEMASKS FINAL 7200 IMAGES/2026 F1 DRIVER/stoffel-vandoorne.jpg,move,not run,
2,/2019 TIDY - CELEBRITY FACEMASKS FINAL 7200 IMAGES/!!!!!!! TO SORT 2026 JAMIE MIXED UPLOADED TO FOXY SORT INTO FOLDERS/valtteri-bottas.jpg,/2019 TIDY - CELEBRITY FACEMASKS FINAL 7200 IMAGES/2026 SPORTS STARS/Formula 1/valtteri-bottas (larger).jpg,duplicate_larger,not run,
2,/2019 TIDY - CELEBRITY FACEMASKS FINAL 7200 IMAGES/!!!!!!! TO SORT 2026 JAMIE MIXED UPLOADED TO FOXY SORT INTO FOLDERS/AARON RAMSDALE JB.jpg,/2019 TIDY - CELEBRITY FACEMASKS FINAL 7200 IMAGES/2026 FOOTBALLERS/AARON RAMSDALE JB.jpg,move,not run,
2,/2019 TIDY - CELEBRITY FACEMASKS FINAL 7200 IMAGES/!!!!!!! TO SORT 2026 JAMIE MIXED UPLOADED TO FOXY SORT INTO FOLDERS/Alejandro Garnacho-footballer.jpg,/2019 TIDY - CELEBRITY FACEMASKS FINAL 7200 IMAGES/2026 FOOTBALLERS/Alejandro Garnacho-footballer.jpg,move,not run,
2,/2019 TIDY - CELEBRITY FACEMASKS FINAL 7200 IMAGES/!!!!!!! TO SORT 2026 JAMIE MIXED UPLOADED TO FOXY SORT INTO FOLDERS/Bruno Guimareas Blonde-NEWCASTLE.jpg,/2019 TIDY - CELEBRITY FACEMASKS FINAL 7200 IMAGES/2026 FOOTBALLERS/Bruno Guimareas Blonde-NEWCASTLE.jpg,move,not run,
2,/2019 TIDY - CELEBRITY FACEMASKS FINAL 7200 IMAGES/!!!!!!! TO SORT 2026 JAMIE MIXED UPLOADED TO FOXY SORT INTO FOLDERS/Bruno Guimareas Dark Hair-NEWCASTLE.jpg,/2019 TIDY - CELEBRITY FACEMASKS FINAL 7200 IMAGES/2026 FOOTBALLERS/Bruno Guimareas Dark Hair-NEWCASTLE.jpg,move,not run,
2,/2019 TIDY - CELEBRITY FACEMASKS FINAL 7200 IMAGES/!!!!!!! TO SORT 2026 JAMIE MIXED UPLOADED TO FOXY SORT INTO FOLDERS/Caitlin Foord-football.jpg,/2019 TIDY - CELEBRITY FACEMASKS FINAL 7200 IMAGES/2026 FOOTBALLERS/Caitlin Foord-football.jpg,move,not run,
2,/2019 TIDY - CELEBRITY FACEMASKS FINAL 7200 IMAGES/!!!!!!! TO SORT 2026 JAMIE MIXED UPLOADED TO FOXY SORT INTO FOLDERS/Casemiro- football.jpg,/2019 TIDY - CELEBRITY FACEMASKS FINAL 7200 IMAGES/2026 FOOTBALLERS/Casemiro- football.jpg,move,not run,
2,/2019 TIDY - CELEBRITY FACEMASKS FINAL 7200 IMAGES/!!!!!!! TO SORT 2026 JAMIE MIXED UPLOADED TO FOXY SORT INTO FOLDERS/Dan Burn-NEWCASTLE.jpg,/2019 TIDY - CELEBRITY FACEMASKS FINAL 7200 IMAGES/2026 FOOTBALLERS/Dan Burn-NEWCASTLE.jpg,move,not run,
2,/2019 TIDY - CELEBRITY FACEMASKS FINAL 7200 IMAGES/!!!!!!! TO SORT 2026 JAMIE MIXED UPLOADED TO FOXY SORT INTO FOLDERS/Darwin Nunez-Football.jpg,/2019 TIDY - CELEBRITY FACEMASKS FINAL 7200 IMAGES/2026 FOOTBALLERS/Darwin Nunez-Football.jpg,move,not run,
2,/2019 TIDY - CELEBRITY FACEMASKS FINAL 7200 IMAGES/!!!!!!! TO SORT 2026 JAMIE MIXED UPLOADED TO FOXY SORT INTO FOLDERS/Gazza '96 - Blond.jpg,/2019 TIDY - CELEBRITY FACEMASKS FINAL 7200 IMAGES/2026 FOOTBALLERS/Gazza '96 - Blond.jpg,variant,not run,
2,/2019 TIDY - CELEBRITY FACEMASKS FINAL 7200 IMAGES/!!!!!!! TO SORT 2026 JAMIE MIXED UPLOADED TO FOXY SORT INTO FOLDERS/Harvey Elliott - Liverpool.jpg,/2019 TIDY - CELEBRITY FACEMASKS FINAL 7200 IMAGES/2026 FOOTBALLERS/Harvey Elliott - Liverpool.jpg,move,not run,
2,/2019 TIDY - CELEBRITY FACEMASKS FINAL 7200 IMAGES/!!!!!!! TO SORT 2026 JAMIE MIXED UPLOADED TO FOXY SORT INTO FOLDERS/JAMES TRAFFORD -England Euros 2024.jpg,/2019 TIDY - CELEBRITY FACEMASKS FINAL 7200 IMAGES/2026 FOOTBALLERS/JAMES TRAFFORD -England Euros 2024.jpg,move,not run,
2,/2019 TIDY - CELEBRITY FACEMASKS FINAL 7200 IMAGES/!!!!!!! TO SORT 2026 JAMIE MIXED UPLOADED TO FOXY SORT INTO FOLDERS/JARRAD BRANTHWAITE - England Euros 2024.jpg,/2019 TIDY - CELEBRITY FACEMASKS FINAL 7200 IMAGES/2026 FOOTBALLERS/JARRAD BRANTHWAITE - England Euros 2024.jpg,move,not run,
2,/2019 TIDY - CELEBRITY FACEMASKS FINAL 7200 IMAGES/!!!!!!! TO SORT 2026 JAMIE MIXED UPLOADED TO FOXY SORT INTO FOLDERS/Joe Gomez - England Euros 2024.jpg,/2019 TIDY - CELEBRITY FACEMASKS FINAL 7200 IMAGES/2026 FOOTBALLERS/Joe Gomez - England Euros 2024.jpg,move,not run,
2,/2019 TIDY - CELEBRITY FACEMASKS FINAL 7200 IMAGES/!!!!!!! TO SORT 2026 JAMIE MIXED UPLOADED TO FOXY SORT INTO FOLDERS/John Mcginn-Scotish Footballer.jpg,/2019 TIDY - CELEBRITY FACEMASKS FINAL 7200 IMAGES/2026 FOOTBALLERS/John Mcginn-Scotish Footballer.jpg,move,not run,
2,"/2019 TIDY - CELEBRITY FACEMASKS FINAL 7200 IMAGES/!!!!!!! TO SORT 2026 JAMIE MIXED UPLOADED TO FOXY SORT INTO FOLDERS/John O,Shea.jpg","/2019 TIDY - CELEBRITY FACEMASKS FINAL 7200 IMAGES/2026 FOOTBALLERS/John O,Shea.jpg",move,not run,
2,/2019 TIDY - CELEBRITY FACEMASKS FINAL 7200 IMAGES/!!!!!!! TO SORT 2026 JAMIE MIXED UPLOADED TO FOXY SORT INTO FOLDERS/Kim Little.jpg,/2019 TIDY - CELEBRITY FACEMASKS FINAL 7200 IMAGES/2026 FOOTBALLERS/Kim Little.jpg,move,not run,
2,/2019 TIDY - CELEBRITY FACEMASKS FINAL 7200 IMAGES/!!!!!!! TO SORT 2026 JAMIE MIXED UPLOADED TO FOXY SORT INTO FOLDERS/Kyra Cooney-Cross-football.jpg,/2019 TIDY - CELEBRITY FACEMASKS FINAL 7200 IMAGES/2026 FOOTBALLERS/Kyra Cooney-Cross-football.jpg,move,not run,
2,/2019 TIDY - CELEBRITY FACEMASKS FINAL 7200 IMAGES/!!!!!!! TO SORT 2026 JAMIE MIXED UPLOADED TO FOXY SORT INTO FOLDERS/LEWIS DUNK - England Euros 2024.jpg,/2019 TIDY - CELEBRITY FACEMASKS FINAL 7200 IMAGES/2026 FOOTBALLERS/LEWIS DUNK - England Euros 2024.jpg,move,not run,
2,/2019 TIDY - CELEBRITY FACEMASKS FINAL 7200 IMAGES/!!!!!!! TO SORT 2026 JAMIE MIXED UPLOADED TO FOXY SORT INTO FOLDERS/Leah Williamson-lionesses.jpg,/2019 TIDY - CELEBRITY FACEMASKS FINAL 7200 IMAGES/2026 FOOTBALLERS/Leah Williamson-lionesses.jpg,move,not run,
2,/2019 TIDY - CELEBRITY FACEMASKS FINAL 7200 IMAGES/!!!!!!! TO SORT 2026 JAMIE MIXED UPLOADED TO FOXY SORT INTO FOLDERS/Manu Zinsberger.jpg,/2019 TIDY - CELEBRITY FACEMASKS FINAL 7200 IMAGES/2026 FOOTBALLERS/Manu Zinsberger.jpg,move,not run,
2,/2019 TIDY - CELEBRITY FACEMASKS FINAL 7200 IMAGES/!!!!!!! TO SORT 2026 JAMIE MIXED UPLOADED TO FOXY SORT INTO FOLDERS/Marti Cifuentes - QPR Manager.jpg,/2019 TIDY - CELEBRITY FACEMASKS FINAL 7200 IMAGES/2026 FOOTBALLERS/Marti Cifuentes - QPR Manager.jpg,move,not run,
2,/2019 TIDY - CELEBRITY FACEMASKS FINAL 7200 IMAGES/!!!!!!! TO SORT 2026 JAMIE MIXED UPLOADED TO FOXY SORT INTO FOLDERS/Miguel Almiron-NEWCASTLE.jpg,/2019 TIDY - CELEBRITY FACEMASKS FINAL 7200 IMAGES/2026 FOOTBALLERS/Miguel Almiron-NEWCASTLE.jpg,move,not run,
2,/2019 TIDY - CELEBRITY FACEMASKS FINAL 7200 IMAGES/!!!!!!! TO SORT 2026 JAMIE MIXED UPLOADED TO FOXY SORT INTO FOLDERS/Mike Dean - Referee.jpg,/2019 TIDY - CELEBRITY FACEMASKS FINAL 7200 IMAGES/2026 FOOTBALLERS/Mike Dean - Referee.jpg,move,not run,
2,/2019 TIDY - CELEBRITY FACEMASKS FINAL 7200 IMAGES/!!!!!!! TO SORT 2026 JAMIE MIXED UPLOADED TO FOXY SORT INTO FOLDERS/RAGNAR KLAVAN - ESTONIA.jpg,/2019 TIDY - CELEBRITY FACEMASKS FINAL 7200 IMAGES/2026 FOOTBALLERS/RAGNAR KLAVAN - ESTONIA.jpg,move,not run,
2,/2019 TIDY - CELEBRITY FACEMASKS FINAL 7200 IMAGES/!!!!!!! TO SORT 2026 JAMIE MIXED UPLOADED TO FOXY SORT INTO FOLDERS/RONNY DEILA.jpg,/2019 TIDY - CELEBRITY FACEMASKS FINAL 7200 IMAGES/2026 FOOTBALLERS/RONNY DEILA.jpg,move,not run,
2,/2019 TIDY - CELEBRITY FACEMASKS FINAL 7200 IMAGES/!!!!!!! TO SORT 2026 JAMIE MIXED UPLOADED TO FOXY SORT INTO FOLDERS/RORY DELAP.jpg,/2019 TIDY - CELEBRITY FACEMASKS FINAL 7200 IMAGES/2026 FOOTBALLERS/RORY DELAP.jpg,move,not run,
2,/2019 TIDY - CELEBRITY FACEMASKS FINAL 7200 IMAGES/!!!!!!! TO SORT 2026 JAMIE MIXED UPLOADED TO FOXY SORT INTO FOLDERS/Rafinha.jpg,/2019 TIDY - CELEBRITY FACEMASKS FINAL 7200 IMAGES/2026 FOOTBALLERS/Rafinha.jpg,move,not run,
2,/2019 TIDY - CELEBRITY FACEMASKS FINAL 7200 IMAGES/!!!!!!! TO SORT 2026 JAMIE MIXED UPLOADED TO FOXY SORT INTO FOLDERS/Reus.jpg,/2019 TIDY - CELEBRITY FACEMASKS FINAL 7200 IMAGES/2026 FOOTBALLERS/Reus.jpg,move,not run,
2,/2019 TIDY - CELEBRITY FACEMASKS FINAL 7200 IMAGES/!!!!!!! TO SORT 2026 JAMIE MIXED UPLOADED TO FOXY SORT INTO FOLDERS/Ricky Lambert.jpg,/2019 TIDY - CELEBRITY FACEMASKS FINAL 7200 IMAGES/2026 FOOTBALLERS/Ricky Lambert.jpg,move,not run,
2,/2019 TIDY - CELEBRITY FACEMASKS FINAL 7200 IMAGES/!!!!!!! TO SORT 2026 JAMIE MIXED UPLOADED TO FOXY SORT INTO FOLDERS/Rob Edwards -Luton town manager.jpg,/2019 TIDY - CELEBRITY FACEMASKS FINAL 7200 IMAGES/2026 FOOTBALLERS/Rob Edwards -Luton town manager.jpg,move,not run,
2,/2019 TIDY - CELEBRITY FACEMASKS FINAL 7200 IMAGES/!!!!!!! TO SORT 2026 JAMIE MIXED UPLOADED TO FOXY SORT INTO FOLDERS/Robert Snodgrass.jpg,/2019 TIDY - CELEBRITY FACEMASKS FINAL 7200 IMAGES/2026 FOOTBALLERS/Robert Snodgrass.jpg,move,not run,
2,/2019 TIDY - CELEBRITY FACEMASKS FINAL 7200 IMAGES/!!!!!!! TO SORT 2026 JAMIE MIXED UPLOADED TO FOXY SORT INTO FOLDERS/Roberto Di Matteo.jpg,/2019 TIDY - CELEBRITY FACEMASKS FINAL 7200 IMAGES/2026 FOOTBALLERS/Roberto Di Matteo.jpg,move,not run,
2,/2019 TIDY - CELEBRITY FACEMASKS FINAL 7200 IMAGES/!!!!!!! TO SORT 2026 JAMIE MIXED UPLOADED TO FOXY SORT INTO FOLDERS/Roberto Macini.jpg,/2019 TIDY - CELEBRITY FACEMASKS FINAL 7200 IMAGES/2026 FOOTBALLERS/Roberto Macini.jpg,move,not run,
2,/2019 TIDY - CELEBRITY FACEMASKS FINAL 7200 IMAGES/!!!!!!! TO SORT 2026 JAMIE MIXED UPLOADED TO FOXY SORT INTO FOLDERS/Roberto martinez.jpeg,/2019 TIDY - CELEBRITY FACEMASKS FINAL 7200 IMAGES/2026 FOOTBALLERS/Roberto martinez.jpeg,move,not run,
2,/2019 TIDY - CELEBRITY FACEMASKS FINAL 7200 IMAGES/!!!!!!! TO SORT 2026 JAMIE MIXED UPLOADED TO FOXY SORT INTO FOLDERS/Rodri - Man City - Rodrigo Hernández Cascante.jpg,/2019 TIDY - CELEBRITY FACEMASKS FINAL 7200 IMAGES/2026 FOOTBALLERS/Rodri - Man City - Rodrigo Hernández Cascante.jpg,move,not run,
2,/2019 TIDY - CELEBRITY FACEMASKS FINAL 7200 IMAGES/!!!!!!! TO SORT 2026 JAMIE MIXED UPLOADED TO FOXY SORT INTO FOLDERS/Ruud van Nistelrooy (2).jpg,/2019 TIDY - CELEBRITY FACEMASKS FINAL 7200 IMAGES/2026 FOOTBALLERS/Ruud van Nistelrooy (2).jpg,move,not run,
2,/2019 TIDY - CELEBRITY FACEMASKS FINAL 7200 IMAGES/!!!!!!! TO SORT 2026 JAMIE MIXED UPLOADED TO FOXY SORT INTO FOLDERS/Rúben Amorim- Football manager.jpg,/2019 TIDY - CELEBRITY FACEMASKS FINAL 7200 IMAGES/2026 FOOTBALLERS/Rúben Amorim- Football manager.jpg,move,not run,
2,/2019 TIDY - CELEBRITY FACEMASKS FINAL 7200 IMAGES/!!!!!!! TO SORT 2026 JAMIE MIXED UPLOADED TO FOXY SORT INTO FOLDERS/S Roberta - Barca.jpg,/2019 TIDY - CELEBRITY FACEMASKS FINAL 7200 IMAGES/2026 FOOTBALLERS/S Roberta - Barca.jpg,move,not run,
2,/2019 TIDY - CELEBRITY FACEMASKS FINAL 7200 IMAGES/!!!!!!! TO SORT 2026 JAMIE MIXED UPLOADED TO FOXY SORT INTO FOLDERS/SEB-Larsson.jpg,/2019 TIDY - CELEBRITY FACEMASKS FINAL 7200 IMAGES/2026 FOOTBALLERS/SEB-Larsson.jpg,move,not run,
2,/2019 TIDY - CELEBRITY FACEMASKS FINAL 7200 IMAGES/!!!!!!! TO SORT 2026 JAMIE MIXED UPLOADED TO FOXY SORT INTO FOLDERS/SHANE LONG.jpg,/2019 TIDY - CELEBRITY FACEMASKS FINAL 7200 IMAGES/2026 FOOTBALLERS/SHANE LONG.jpg,move,not run,
2,/2019 TIDY - CELEBRITY FACEMASKS FINAL 7200 IMAGES/!!!!!!! TO SORT 2026 JAMIE MIXED UPLOADED TO FOXY SORT INTO FOLDERS/SLAVEN BILIC.jpg,/2019 TIDY - CELEBRITY FACEMASKS FINAL 7200 IMAGES/2026 FOOTBALLERS/SLAVEN BILIC.jpg,move,not run,
2,/2019 TIDY - CELEBRITY FACEMASKS FINAL 7200 IMAGES/!!!!!!! TO SORT 2026 JAMIE MIXED UPLOADED TO FOXY SORT INTO FOLDERS/Scott Hogan.jpg,/2019 TIDY - CELEBRITY FACEMASKS FINAL 7200 IMAGES/2026 FOOTBALLERS/Scott Hogan.jpg,move,not run,
2,/2019 TIDY - CELEBRITY FACEMASKS FINAL 7200 IMAGES/!!!!!!! TO SORT 2026 JAMIE MIXED UPLOADED TO FOXY SORT INTO FOLDERS/Sergio Busquets JB.jpg,/2019 TIDY - CELEBRITY FACEMASKS FINAL 7200 IMAGES/2026 FOOTBALLERS/Sergio Busquets JB.jpg,move,not run,
2,/2019 TIDY - CELEBRITY FACEMASKS FINAL 7200 IMAGES/!!!!!!! TO SORT 2026 JAMIE MIXED UPLOADED TO FOXY SORT INTO FOLDERS/Serina Wiegman-Lioness Manager.jpg,/2019 TIDY - CELEBRITY FACEMASKS FINAL 7200 IMAGES/2026 FOOTBALLERS/Serina Wiegman-Lioness Manager.jpg,move,not run,
2,/2019 TIDY - CELEBRITY FACEMASKS FINAL 7200 IMAGES/!!!!!!! TO SORT 2026 JAMIE MIXED UPLOADED TO FOXY SORT INTO FOLDERS/Shinji Kagawa 2013.jpg,/2019 TIDY - CELEBRITY FACEMASKS FINAL 7200 IMAGES/2026 FOOTBALLERS/Shinji Kagawa 2013.jpg,move,not run,
2,/2019 TIDY - CELEBRITY FACEMASKS FINAL 7200 IMAGES/!!!!!!! TO SORT 2026 JAMIE MIXED UPLOADED TO FOXY SORT INTO FOLDERS/Stephen El-Shaarawy JB.jpg,/2019 TIDY - CELEBRITY FACEMASKS FINAL 7200 IMAGES/2026 FOOTBALLERS/Stephen El-Shaarawy JB.jpg,move,not run,
2,/2019 TIDY - CELEBRITY FACEMASKS FINAL 7200 IMAGES/!!!!!!! TO SORT 2026 JAMIE MIXED UPLOADED TO FOXY SORT INTO FOLDERS/Stevan Jovetic.jpg,/2019 TIDY - CELEBRITY FACEMASKS FINAL 7200 IMAGES/2026 FOOTBALLERS/Stevan Jovetic.jpg,move,not run,
2,/2019 TIDY - CELEBRITY FACEMASKS FINAL 7200 IMAGES/!!!!!!! TO SORT 2026 JAMIE MIXED UPLOADED TO FOXY SORT INTO FOLDERS/Steve Cooper - Nottingham Forest Manager.jpg,/2019 TIDY - CELEBRITY FACEMASKS FINAL 7200 IMAGES/2026 FOOTBALLERS/Steve Cooper - Nottingham Forest Manager.jpg,move,not run,
2,/2019 TIDY - CELEBRITY FACEMASKS FINAL 7200 IMAGES/!!!!!!! TO SORT 2026 JAMIE MIXED UPLOADED TO FOXY SORT INTO FOLDERS/Sturridge 2.jpg,/2019 TIDY - CELEBRITY FACEMASKS FINAL 7200 IMAGES/2026 FOOTBALLERS/Sturridge 2.jpg,move,not run,
2,/2019 TIDY - CELEBRITY FACEMASKS FINAL 7200 IMAGES/!!!!!!! TO SORT 2026 JAMIE MIXED UPLOADED TO FOXY SORT INTO FOLDERS/Suarez - Barcelona.jpg,/2019 TIDY - CELEBRITY FACEMASKS FINAL 7200 IMAGES/2026 FOOTBALLERS/Suarez - Barcelona.jpg,move,not run,
2,/2019 TIDY - CELEBRITY FACEMASKS FINAL 7200 IMAGES/!!!!!!! TO SORT 2026 JAMIE MIXED UPLOADED TO FOXY SORT INTO FOLDERS/Sven Botman- NEWCASTLE.jpg,/2019 TIDY - CELEBRITY FACEMASKS FINAL 7200 IMAGES/2026 FOOTBALLERS/Sven Botman- NEWCASTLE.jpg,move,not run,
2,/2019 TIDY - CELEBRITY FACEMASKS FINAL 7200 IMAGES/!!!!!!! TO SORT 2026 JAMIE MIXED UPLOADED TO FOXY SORT INTO FOLDERS/Teofilo Gutierrez.jpg,/2019 TIDY - CELEBRITY FACEMASKS FINAL 7200 IMAGES/2026 FOOTBALLERS/Teofilo Gutierrez.jpg,move,not run,
2,/2019 TIDY - CELEBRITY FACEMASKS FINAL 7200 IMAGES/!!!!!!! TO SORT 2026 JAMIE MIXED UPLOADED TO FOXY SORT INTO FOLDERS/Ter Stegen - Barcelona.jpg,/2019 TIDY - CELEBRITY FACEMASKS FINAL 7200 IMAGES/2026 FOOTBALLERS/Ter Stegen - Barcelona.jpg,move,not run,
2,/2019 TIDY - CELEBRITY FACEMASKS FINAL 7200 IMAGES/!!!!!!! TO SORT 2026 JAMIE MIXED UPLOADED TO FOXY SORT INTO FOLDERS/Terry Butcher world cup 90.jpg,/2019 TIDY - CELEBRITY FACEMASKS FINAL 7200 IMAGES/2026 FOOTBALLERS/Terry Butcher world cup 90.jpg,move,not run,
2,/2019 TIDY - CELEBRITY FACEMASKS FINAL 7200 IMAGES/!!!!!!! TO SORT 2026 JAMIE MIXED UPLOADED TO FOXY SORT INTO FOLDERS/Terry Connor.JPG,/2019 TIDY - CELEBRITY FACEMASKS FINAL 7200 IMAGES/2026 FOOTBALLERS/Terry Connor.JPG,move,not run,
2,/2019 TIDY - CELEBRITY FACEMASKS FINAL 7200 IMAGES/!!!!!!! TO SORT 2026 JAMIE MIXED UPLOADED TO FOXY SORT INTO FOLDERS/Thomas Vermaerlen.jpg,/2019 TIDY - CELEBRITY FACEMASKS FINAL 7200 IMAGES/2026 FOOTBALLERS/Thomas Vermaerlen.jpg,move,not run,
2,/2019 TIDY - CELEBRITY FACEMASKS FINAL 7200 IMAGES/!!!!!!! TO SORT 2026 JAMIE MIXED UPLOADED TO FOXY SORT INTO FOLDERS/Thomas tuchel england manager.jpg,/2019 TIDY - CELEBRITY FACEMASKS FINAL 7200 IMAGES/2026 FOOTBALLERS/Thomas tuchel england manager.jpg,move,not run,
2,/2019 TIDY - CELEBRITY FACEMASKS FINAL 7200 IMAGES/!!!!!!! TO SORT 2026 JAMIE MIXED UPLOADED TO FOXY SORT INTO FOLDERS/Toni Kroos Mask  JB.jpg,/2019 TIDY - CELEBRITY FACEMASKS FINAL 7200 IMAGES/2026 FOOTBALLERS/Toni Kroos Mask  JB.jpg,move,not run,
2,/2019 TIDY - CELEBRITY FACEMASKS FINAL 7200 IMAGES/!!!!!!! TO SORT 2026 JAMIE MIXED UPLOADED TO FOXY SORT INTO FOLDERS/Tony Adams.jpg,/2019 TIDY - CELEBRITY FACEMASKS FINAL 7200 IMAGES/2026 FOOTBALLERS/Tony Adams.jpg,move,not run,
2,/2019 TIDY - CELEBRITY FACEMASKS FINAL 7200 IMAGES/!!!!!!! TO SORT 2026 JAMIE MIXED UPLOADED TO FOXY SORT INTO FOLDERS/Tony Pulis-Welsh Football Manager.jpg,/2019 TIDY - CELEBRITY FACEMASKS FINAL 7200 IMAGES/2026 FOOTBALLERS/Tony Pulis-Welsh Football Manager.jpg,move,not run,
2,/2019 TIDY - CELEBRITY FACEMASKS FINAL 7200 IMAGES/!!!!!!! TO SORT 2026 JAMIE MIXED UPLOADED TO FOXY SORT INTO FOLDERS/VAN DER SAR.JPG,/2019 TIDY - CELEBRITY FACEMASKS FINAL 7200 IMAGES/2026 FOOTBALLERS/VAN DER SAR.JPG,move,not run,
2,/2019 TIDY - CELEBRITY FACEMASKS FINAL 7200 IMAGES/!!!!!!! TO SORT 2026 JAMIE MIXED UPLOADED TO FOXY SORT INTO FOLDERS/Valbuena.jpg,/2019 TIDY - CELEBRITY FACEMASKS FINAL 7200 IMAGES/2026 FOOTBALLERS/Valbuena.jpg,move,not run,
2,/2019 TIDY - CELEBRITY FACEMASKS FINAL 7200 IMAGES/!!!!!!! TO SORT 2026 JAMIE MIXED UPLOADED TO FOXY SORT INTO FOLDERS/Vaz Te.jpg,/2019 TIDY - CELEBRITY FACEMASKS FINAL 7200 IMAGES/2026 FOOTBALLERS/Vaz Te.jpg,move,not run,
2,/2019 TIDY - CELEBRITY FACEMASKS FINAL 7200 IMAGES/!!!!!!! TO SORT 2026 JAMIE MIXED UPLOADED TO FOXY SORT INTO FOLDERS/Veloso.jpg,/2019 TIDY - CELEBRITY FACEMASKS FINAL 7200 IMAGES/2026 FOOTBALLERS/Veloso.jpg,move,not run,
2,/2019 TIDY - CELEBRITY FACEMASKS FINAL 7200 IMAGES/!!!!!!! TO SORT 2026 JAMIE MIXED UPLOADED TO FOXY SORT INTO FOLDERS/Vermaelen - Barca.jpg,/2019 TIDY - CELEBRITY FACEMASKS FINAL 7200 IMAGES/2026 FOOTBALLERS/Vermaelen - Barca.jpg,move,not run,
2,/2019 TIDY - CELEBRITY FACEMASKS FINAL 7200 IMAGES/!!!!!!! TO SORT 2026 JAMIE MIXED UPLOADED TO FOXY SORT INTO FOLDERS/Victor Lindelof 2020 Face.jpg,/2019 TIDY - CELEBRITY FACEMASKS FINAL 7200 IMAGES/2026 FOOTBALLERS/Victor Lindelof 2020 Face.jpg,variant,not run,
2,/2019 TIDY - CELEBRITY FACEMASKS FINAL 7200 IMAGES/!!!!!!! TO SORT 2026 JAMIE MIXED UPLOADED TO FOXY SORT INTO FOLDERS/Victoria Pelova.jpg,/2019 TIDY - CELEBRITY FACEMASKS FINAL 7200 IMAGES/2026 FOOTBALLERS/Victoria Pelova.jpg,move,not run,
2,/2019 TIDY - CELEBRITY FACEMASKS FINAL 7200 IMAGES/!!!!!!! TO SORT 2026 JAMIE MIXED UPLOADED TO FOXY SORT INTO FOLDERS/Vivianne Miedema -football.jpg,/2019 TIDY - CELEBRITY FACEMASKS FINAL 7200 IMAGES/2026 FOOTBALLERS/Vivianne Miedema -football.jpg,move,not run,
2,/2019 TIDY - CELEBRITY FACEMASKS FINAL 7200 IMAGES/!!!!!!! TO SORT 2026 JAMIE MIXED UPLOADED TO FOXY SORT INTO FOLDERS/Viviano - Arsenal.jpg,/2019 TIDY - CELEBRITY FACEMASKS FINAL 7200 IMAGES/2026 FOOTBALLERS/Viviano - Arsenal.jpg,move,not run,
2,/2019 TIDY - CELEBRITY FACEMASKS FINAL 7200 IMAGES/!!!!!!! TO SORT 2026 JAMIE MIXED UPLOADED TO FOXY SORT INTO FOLDERS/Víctor Valdés Barcelona Footballer.jpg,/2019 TIDY - CELEBRITY FACEMASKS FINAL 7200 IMAGES/2026 FOOTBALLERS/Víctor Valdés Barcelona Footballer.jpg,move,not run,
2,/2019 TIDY - CELEBRITY FACEMASKS FINAL 7200 IMAGES/!!!!!!! TO SORT 2026 JAMIE MIXED UPLOADED TO FOXY SORT INTO FOLDERS/Wayne Hennessey Mask (Wales) JB.jpg,/2019 TIDY - CELEBRITY FACEMASKS FINAL 7200 IMAGES/2026 FOOTBALLERS/Wayne Hennessey Mask (Wales) JB.jpg,move,not run,
2,/2019 TIDY - CELEBRITY FACEMASKS FINAL 7200 IMAGES/!!!!!!! TO SORT 2026 JAMIE MIXED UPLOADED TO FOXY SORT INTO FOLDERS/Wesley Sneijder.jpg,/2019 TIDY - CELEBRITY FACEMASKS FINAL 7200 IMAGES/2026 FOOTBALLERS/Wesley Sneijder.jpg,move,not run,
2,/2019 TIDY - CELEBRITY FACEMASKS FINAL 7200 IMAGES/!!!!!!! TO SORT 2026 JAMIE MIXED UPLOADED TO FOXY SORT INTO FOLDERS/Xavi.jpg,/2019 TIDY - CELEBRITY FACEMASKS FINAL 7200 IMAGES/2026 FOOTBALLERS/Xavi (larger).jpg,duplicate_larger,not run,
2,/2019 TIDY - CELEBRITY FACEMASKS FINAL 7200 IMAGES/!!!!!!! TO SORT 2026 JAMIE MIXED UPLOADED TO FOXY SORT INTO FOLDERS/Yossi Benayoun.jpg,/2019 TIDY - CELEBRITY FACEMASKS FINAL 7200 IMAGES/2026 FOOTBALLERS/Yossi Benayoun.jpg,move,not run,
2,/2019 TIDY - CELEBRITY FACEMASKS FINAL 7200 IMAGES/!!!!!!! TO SORT 2026 JAMIE MIXED UPLOADED TO FOXY SORT INTO FOLDERS/bobby thomas-coventry football.jpg,/2019 TIDY - CELEBRITY FACEMASKS FINAL 7200 IMAGES/2026 FOOTBALLERS/bobby thomas-coventry football.jpg,move,not run,
2,/2019 TIDY - CELEBRITY FACEMASKS FINAL 7200 IMAGES/!!!!!!! TO SORT 2026 JAMIE MIXED UPLOADED TO FOXY SORT INTO FOLDERS/demi stokes-lionesses.jpg,/2019 TIDY - CELEBRITY FACEMASKS FINAL 7200 IMAGES/2026 FOOTBALLERS/demi stokes-lionesses.jpg,move,not run,
2,/2019 TIDY - CELEBRITY FACEMASKS FINAL 7200 IMAGES/!!!!!!! TO SORT 2026 JAMIE MIXED UPLOADED TO FOXY SORT INTO FOLDERS/dominic matteo-football.jpg,/2019 TIDY - CELEBRITY FACEMASKS FINAL 7200 IMAGES/2026 FOOTBALLERS/dominic matteo-football.jpg,move,not run,
2,/2019 TIDY - CELEBRITY FACEMASKS FINAL 7200 IMAGES/!!!!!!! TO SORT 2026 JAMIE MIXED UPLOADED TO FOXY SORT INTO FOLDERS/mary earps-lionesses.jpg,/2019 TIDY - CELEBRITY FACEMASKS FINAL 7200 IMAGES/2026 FOOTBALLERS/mary earps-lionesses.jpg,move,not run,
2,/2019 TIDY - CELEBRITY FACEMASKS FINAL 7200 IMAGES/!!!!!!! TO SORT 2026 JAMIE MIXED UPLOADED TO FOXY SORT INTO FOLDERS/mohammed kudos - Football.jpg,/2019 TIDY - CELEBRITY FACEMASKS FINAL 7200 IMAGES/2026 FOOTBALLERS/mohammed kudos - Football.jpg,move,not run,
2,/2019 TIDY - CELEBRITY FACEMASKS FINAL 7200 IMAGES/!!!!!!! TO SORT 2026 JAMIE MIXED UPLOADED TO FOXY SORT INTO FOLDERS/paddy kenny- sheffield united.jpg,/2019 TIDY - CELEBRITY FACEMASKS FINAL 7200 IMAGES/2026 FOOTBALLERS/paddy kenny- sheffield united.jpg,move,not run,
2,/2019 TIDY - CELEBRITY FACEMASKS FINAL 7200 IMAGES/!!!!!!! TO SORT 2026 JAMIE MIXED UPLOADED TO FOXY SORT INTO FOLDERS/ross barkley.jpg,/2019 TIDY - CELEBRITY FACEMASKS FINAL 7200 IMAGES/2026 SPORTS STARS/Football/ross barkley (larger).jpg,duplicate_larger,not run,
2,/2019 TIDY - CELEBRITY FACEMASKS FINAL 7200 IMAGES/!!!!!!! TO SORT 2026 JAMIE MIXED UPLOADED TO FOXY SORT INTO FOLDERS/roy keane.jpg,/2019 TIDY - CELEBRITY FACEMASKS FINAL 7200 IMAGES/2026 FOOTBALLERS/roy keane.jpg,move,not run,
2,/2019 TIDY - CELEBRITY FACEMASKS FINAL 7200 IMAGES/!!!!!!! TO SORT 2026 JAMIE MIXED UPLOADED TO FOXY SORT INTO FOLDERS/ruud.jpg,/2019 TIDY - CELEBRITY FACEMASKS FINAL 7200 IMAGES/2026 FOOTBALLERS/ruud.jpg,move,not run,
2,/2019 TIDY - CELEBRITY FACEMASKS FINAL 7200 IMAGES/!!!!!!! TO SORT 2026 JAMIE MIXED UPLOADED TO FOXY SORT INTO FOLDERS/scott parker.jpg,/2019 TIDY - CELEBRITY FACEMASKS FINAL 7200 IMAGES/2026 FOOTBALLERS/scott parker.jpg,move,not run,
2,/2019 TIDY - CELEBRITY FACEMASKS FINAL 7200 IMAGES/!!!!!!! TO SORT 2026 JAMIE MIXED UPLOADED TO FOXY SORT INTO FOLDERS/sean dyche.jpg,/2019 TIDY - CELEBRITY FACEMASKS FINAL 7200 IMAGES/2026 FOOTBALLERS/sean dyche.jpg,move,not run,
2,/2019 TIDY - CELEBRITY FACEMASKS FINAL 7200 IMAGES/!!!!!!! TO SORT 2026 JAMIE MIXED UPLOADED TO FOXY SORT INTO FOLDERS/soldado.jpg,/2019 TIDY - CELEBRITY FACEMASKS FINAL 7200 IMAGES/2026 FOOTBALLERS/soldado.jpg,move,not run,
2,/2019 TIDY - CELEBRITY FACEMASKS FINAL 7200 IMAGES/!!!!!!! TO SORT 2026 JAMIE MIXED UPLOADED TO FOXY SORT INTO FOLDERS/steph catley-football.jpg,/2019 TIDY - CELEBRITY FACEMASKS FINAL 7200 IMAGES/2026 FOOTBALLERS/steph catley-football.jpg,move,not run,
2,/2019 TIDY - CELEBRITY FACEMASKS FINAL 7200 IMAGES/!!!!!!! TO SORT 2026 JAMIE MIXED UPLOADED TO FOXY SORT INTO FOLDERS/stiliyan_petrov.jpg,/2019 TIDY - CELEBRITY FACEMASKS FINAL 7200 IMAGES/2026 FOOTBALLERS/stiliyan_petrov.jpg,move,not run,
2,/2019 TIDY - CELEBRITY FACEMASKS FINAL 7200 IMAGES/!!!!!!! TO SORT 2026 JAMIE MIXED UPLOADED TO FOXY SORT INTO FOLDERS/thomas muller.jpg,/2019 TIDY - CELEBRITY FACEMASKS FINAL 7200 IMAGES/2026 FOOTBALLERS/thomas muller.jpg,move,not run,
2,/2019 TIDY - CELEBRITY FACEMASKS FINAL 7200 IMAGES/!!!!!!! TO SORT 2026 JAMIE MIXED UPLOADED TO FOXY SORT INTO FOLDERS/tomas rosicky.jpg,/2019 TIDY - CELEBRITY FACEMASKS FINAL 7200 IMAGES/2026 FOOTBALLERS/tomas rosicky.jpg,move,not run,
2,/2019 TIDY - CELEBRITY FACEMASKS FINAL 7200 IMAGES/!!!!!!! TO SORT 2026 JAMIE MIXED UPLOADED TO FOXY SORT INTO FOLDERS/zola.jpg,/2019 TIDY - CELEBRITY FACEMASKS FINAL 7200 IMAGES/2026 FOOTBALLERS/zola.jpg,move,not run,
2,/2019 TIDY - CELEBRITY FACEMASKS FINAL 7200 IMAGES/!!!!!!! TO SORT 2026 JAMIE MIXED UPLOADED TO FOXY SORT INTO FOLDERS/Alan Clarke-Director.jpg,/2019 TIDY - CELEBRITY FACEMASKS FINAL 7200 IMAGES/2026 MOVIE STARS/Alan Clarke-Director.jpg,move,not run,
3,/2019 TIDY - CELEBRITY FACEMASKS FINAL 7200 IMAGES/!!!!!!! TO SORT 2026 JAMIE MIXED UPLOADED TO FOXY SORT INTO FOLDERS/Alfred Hitchcock.jpg,/2019 TIDY - CELEBRITY FACEMASKS FINAL 7200 IMAGES/2026 MOVIE STARS/Alfred Hitchcock.jpg,move,not run,
3,/2019 TIDY - CELEBRITY FACEMASKS FINAL 7200 IMAGES/!!!!!!! TO SORT 2026 JAMIE MIXED UPLOADED TO FOXY SORT INTO FOLDERS/Alice Braga- Teresa Mendoza.jpg,/2019 TIDY - CELEBRITY FACEMASKS FINAL 7200 IMAGES/2026 MOVIE STARS/Alice Braga- Teresa Mendoza.jpg,move,not run,
3,/2019 TIDY - CELEBRITY FACEMASKS FINAL 7200 IMAGES/!!!!!!! TO SORT 2026 JAMIE MIXED UPLOADED TO FOXY SORT INTO FOLDERS/Buzz Home Alone.jpg,/2019 TIDY - CELEBRITY FACEMASKS FINAL 7200 IMAGES/2026 MOVIE STARS/Buzz Home Alone.jpg,move,not run,
3,/2019 TIDY - CELEBRITY FACEMASKS FINAL 7200 IMAGES/!!!!!!! TO SORT 2026 JAMIE MIXED UPLOADED TO FOXY SORT INTO FOLDERS/Cady herron - Mean Girls.jpg,/2019 TIDY - CELEBRITY FACEMASKS FINAL 7200 IMAGES/2026 MOVIE STARS/Cady herron - Mean Girls.jpg,move,not run,
3,/2019 TIDY - CELEBRITY FACEMASKS FINAL 7200 IMAGES/!!!!!!! TO SORT 2026 JAMIE MIXED UPLOADED TO FOXY SORT INTO FOLDERS/Clark Griswold.jpg,/2019 TIDY - CELEBRITY FACEMASKS FINAL 7200 IMAGES/2026 MOVIE STARS/Clark Griswold.jpg,move,not run,
3,/2019 TIDY - CELEBRITY FACEMASKS FINAL 7200 IMAGES/!!!!!!! TO SORT 2026 JAMIE MIXED UPLOADED TO FOXY SORT INTO FOLDERS/Cousin Eddie.jpg,/2019 TIDY - CELEBRITY FACEMASKS FINAL 7200 IMAGES/2026 MOVIE STARS/Cousin Eddie.jpg,move,not run,
3,/2019 TIDY - CELEBRITY FACEMASKS FINAL 7200 IMAGES/!!!!!!! TO SORT 2026 JAMIE MIXED UPLOADED TO FOXY SORT INTO FOLDERS/Devon Bostick.jpg,/2019 TIDY - CELEBRITY FACEMASKS FINAL 7200 IMAGES/2026 MOVIE STARS/Devon Bostick.jpg,move,not run,
3,/2019 TIDY - CELEBRITY FACEMASKS FINAL 7200 IMAGES/!!!!!!! TO SORT 2026 JAMIE MIXED UPLOADED TO FOXY SORT INTO FOLDERS/Diego Boneta.jpg,/2019 TIDY - CELEBRITY FACEMASKS FINAL 7200 IMAGES/2026 MOVIE STARS/Diego Boneta.jpg,move,not run,
3,/2019 TIDY - CELEBRITY FACEMASKS FINAL 7200 IMAGES/!!!!!!! TO SORT 2026 JAMIE MIXED UPLOADED TO FOXY SORT INTO FOLDERS/Gary Shail.jpg,/2019 TIDY - CELEBRITY FACEMASKS FINAL 7200 IMAGES/2026 MOVIE STARS/Gary Shail.jpg,move,not run,
3,/2019 TIDY - CELEBRITY FACEMASKS FINAL 7200 IMAGES/!!!!!!! TO SORT 2026 JAMIE MIXED UPLOADED TO FOXY SORT INTO FOLDERS/Goldfinger-Bond.jpg,/2019 TIDY - CELEBRITY FACEMASKS FINAL 7200 IMAGES/2026 MOVIE STARS/Goldfinger-Bond.jpg,move,not run,
3,/2019 TIDY - CELEBRITY FACEMASKS FINAL 7200 IMAGES/!!!!!!! TO SORT 2026 JAMIE MIXED UPLOADED TO FOXY SORT INTO FOLDERS/James Phelps.jpg,/2019 TIDY - CELEBRITY FACEMASKS FINAL 7200 IMAGES/2026 MOVIE STARS/Harry Potter/James Phelps.jpg,move,not run,
3,/2019 TIDY - CELEBRITY FACEMASKS FINAL 7200 IMAGES/!!!!!!! TO SORT 2026 JAMIE MIXED UPLOADED TO FOXY SORT INTO FOLDERS/Oliver Phelps.jpg,/2019 TIDY - CELEBRITY FACEMASKS FINAL 7200 IMAGES/2026 MOVIE STARS/Harry Potter/Oliver Phelps.jpg,move,not run,
3,/2019 TIDY - CELEBRITY FACEMASKS FINAL 7200 IMAGES/!!!!!!! TO SORT 2026 JAMIE MIXED UPLOADED TO FOXY SORT INTO FOLDERS/Remus Lupin.jpg,/2019 TIDY - CELEBRITY FACEMASKS FINAL 7200 IMAGES/2026 MOVIE STARS/Harry Potter/Remus Lupin.jpg,move,not run,
3,/2019 TIDY - CELEBRITY FACEMASKS FINAL 7200 IMAGES/!!!!!!! TO SORT 2026 JAMIE MIXED UPLOADED TO FOXY SORT INTO FOLDERS/Seamus Finnigan.jpg,/2019 TIDY - CELEBRITY FACEMASKS FINAL 7200 IMAGES/2026 MOVIE STARS/Harry Potter/Seamus Finnigan.jpg,move,not run,
3,/2019 TIDY - CELEBRITY FACEMASKS FINAL 7200 IMAGES/!!!!!!! TO SORT 2026 JAMIE MIXED UPLOADED TO FOXY SORT INTO FOLDERS/Sirrius Black.jpg,/2019 TIDY - CELEBRITY FACEMASKS FINAL 7200 IMAGES/2026 MOVIE STARS/Harry Potter/Sirrius Black.jpg,move,not run,
3,/2019 TIDY - CELEBRITY FACEMASKS FINAL 7200 IMAGES/!!!!!!! TO SORT 2026 JAMIE MIXED UPLOADED TO FOXY SORT INTO FOLDERS/Tom Felton.jpg,/2019 TIDY - CELEBRITY FACEMASKS FINAL 7200 IMAGES/2026 MOVIE STARS/Harry Potter/Tom Felton.jpg,move,not run,
3,/2019 TIDY - CELEBRITY FACEMASKS FINAL 7200 IMAGES/!!!!!!! TO SORT 2026 JAMIE MIXED UPLOADED TO FOXY SORT INTO FOLDERS/Hugh Grant-Daniel Cleaver- bridget jones.jpg,/2019 TIDY - CELEBRITY FACEMASKS FINAL 7200 IMAGES/2026 MOVIE STARS/Hugh Grant-Daniel Cleaver- bridget jones.jpg,move,not run,
3,/2019 TIDY - CELEBRITY FACEMASKS FINAL 7200 IMAGES/!!!!!!! TO SORT 2026 JAMIE MIXED UPLOADED TO FOXY SORT INTO FOLDERS/Linnie Mccallister - Home Alone.jpg,/2019 TIDY - CELEBRITY FACEMASKS FINAL 7200 IMAGES/2026 MOVIE STARS/Linnie Mccallister - Home Alone.jpg,move,not run,
3,/2019 TIDY - CELEBRITY FACEMASKS FINAL 7200 IMAGES/!!!!!!! TO SORT 2026 JAMIE MIXED UPLOADED TO FOXY SORT INTO FOLDERS/Malin åkerman -Eurovision.jpg,/2019 TIDY - CELEBRITY FACEMASKS FINAL 7200 IMAGES/2026 MOVIE STARS/Malin åkerman -Eurovision.jpg,move,not run,
3,/2019 TIDY - CELEBRITY FACEMASKS FINAL 7200 IMAGES/!!!!!!! TO SORT 2026 JAMIE MIXED UPLOADED TO FOXY SORT INTO FOLDERS/Megan Mccallister - Home Alone.jpg,/2019 TIDY - CELEBRITY FACEMASKS FINAL 7200 IMAGES/2026 MOVIE STARS/Megan Mccallister - Home Alone.jpg,move,not run,
3,/2019 TIDY - CELEBRITY FACEMASKS FINAL 7200 IMAGES/!!!!!!! TO SORT 2026 JAMIE MIXED UPLOADED TO FOXY SORT INTO FOLDERS/ROBERT CARLYLE SJ1.jpg,/2019 TIDY - CELEBRITY FACEMASKS FINAL 7200 IMAGES/2026 MOVIE STARS/ROBERT CARLYLE SJ1.jpg,move,not run,
3,/2019 TIDY - CELEBRITY FACEMASKS FINAL 7200 IMAGES/!!!!!!! TO SORT 2026 JAMIE MIXED UPLOADED TO FOXY SORT INTO FOLDERS/Ralph Macchio.jpg,/2019 TIDY - CELEBRITY FACEMASKS FINAL 7200 IMAGES/2026 MOVIE STARS/Ralph Macchio.jpg,move,not run,
3,/2019 TIDY - CELEBRITY FACEMASKS FINAL 7200 IMAGES/!!!!!!! TO SORT 2026 JAMIE MIXED UPLOADED TO FOXY SORT INTO FOLDERS/Rambo Better.jpg,/2019 TIDY - CELEBRITY FACEMASKS FINAL 7200 IMAGES/2026 MOVIE STARS/Rambo Better.jpg,move,not run,
3,/2019 TIDY - CELEBRITY FACEMASKS FINAL 7200 IMAGES/!!!!!!! TO SORT 2026 JAMIE MIXED UPLOADED TO FOXY SORT INTO FOLDERS/Ray Liotta-Henry Hill-Goodfellas.jpg,/2019 TIDY - CELEBRITY FACEMASKS FINAL 7200 IMAGES/2026 MOVIE STARS/Ray Liotta-Henry Hill-Goodfellas.jpg,move,not run,
3,/2019 TIDY - CELEBRITY FACEMASKS FINAL 7200 IMAGES/!!!!!!! TO SORT 2026 JAMIE MIXED UPLOADED TO FOXY SORT INTO FOLDERS/Regina george- Mean Girls.jpg,/2019 TIDY - CELEBRITY FACEMASKS FINAL 7200 IMAGES/2026 MOVIE STARS/Regina george- Mean Girls.jpg,move,not run,
3,/2019 TIDY - CELEBRITY FACEMASKS FINAL 7200 IMAGES/!!!!!!! TO SORT 2026 JAMIE MIXED UPLOADED TO FOXY SORT INTO FOLDERS/Richard Armitage.jpg,/2019 TIDY - CELEBRITY FACEMASKS FINAL 7200 IMAGES/2026 MOVIE STARS/Richard Armitage.jpg,move,not run,
3,/2019 TIDY - CELEBRITY FACEMASKS FINAL 7200 IMAGES/!!!!!!! TO SORT 2026 JAMIE MIXED UPLOADED TO FOXY SORT INTO FOLDERS/Rick Moranis (2).jpg,/2019 TIDY - CELEBRITY FACEMASKS FINAL 7200 IMAGES/2026 MOVIE STARS/Rick Moranis (2).jpg,move,not run,
3,/2019 TIDY - CELEBRITY FACEMASKS FINAL 7200 IMAGES/!!!!!!! TO SORT 2026 JAMIE MIXED UPLOADED TO FOXY SORT INTO FOLDERS/RonLivingston.jpg,/2019 TIDY - CELEBRITY FACEMASKS FINAL 7200 IMAGES/2026 MOVIE STARS/RonLivingston.jpg,move,not run,
3,/2019 TIDY - CELEBRITY FACEMASKS FINAL 7200 IMAGES/!!!!!!! TO SORT 2026 JAMIE MIXED UPLOADED TO FOXY SORT INTO FOLDERS/Rose Byrne.jpg,/2019 TIDY - CELEBRITY FACEMASKS FINAL 7200 IMAGES/2026 MOVIE STARS/Rose Byrne.jpg,move,not run,
3,/2019 TIDY - CELEBRITY FACEMASKS FINAL 7200 IMAGES/!!!!!!! TO SORT 2026 JAMIE MIXED UPLOADED TO FOXY SORT INTO FOLDERS/Rosie Perez.jpg,/2019 TIDY - CELEBRITY FACEMASKS FINAL 7200 IMAGES/2026 MOVIE STARS/Rosie Perez.jpg,move,not run,
3,/2019 TIDY - CELEBRITY FACEMASKS FINAL 7200 IMAGES/!!!!!!! TO SORT 2026 JAMIE MIXED UPLOADED TO FOXY SORT INTO FOLDERS/Salma Hyeck 2013.jpg,/2019 TIDY - CELEBRITY FACEMASKS FINAL 7200 IMAGES/2026 MOVIE STARS/Salma Hyeck 2013.jpg,move,not run,
3,/2019 TIDY - CELEBRITY FACEMASKS FINAL 7200 IMAGES/!!!!!!! TO SORT 2026 JAMIE MIXED UPLOADED TO FOXY SORT INTO FOLDERS/Sam Claflin.jpg,/2019 TIDY - CELEBRITY FACEMASKS FINAL 7200 IMAGES/2026 MOVIE STARS/Sam Claflin.jpg,move,not run,
3,/2019 TIDY - CELEBRITY FACEMASKS FINAL 7200 IMAGES/!!!!!!! TO SORT 2026 JAMIE MIXED UPLOADED TO FOXY SORT INTO FOLDERS/Sam Neill.jpg,/2019 TIDY - CELEBRITY FACEMASKS FINAL 7200 IMAGES/2026 MOVIE STARS/Sam Neill.jpg,move,not run,
3,/2019 TIDY - CELEBRITY FACEMASKS FINAL 7200 IMAGES/!!!!!!! TO SORT 2026 JAMIE MIXED UPLOADED TO FOXY SORT INTO FOLDERS/Samantha Barks.jpg,/2019 TIDY - CELEBRITY FACEMASKS FINAL 7200 IMAGES/2026 MOVIE STARS/Samantha Barks.jpg,move,not run,
3,/2019 TIDY - CELEBRITY FACEMASKS FINAL 7200 IMAGES/!!!!!!! TO SORT 2026 JAMIE MIXED UPLOADED TO FOXY SORT INTO FOLDERS/Saoirse Ronan.jpg,/2019 TIDY - CELEBRITY FACEMASKS FINAL 7200 IMAGES/2026 MOVIE STARS/Saoirse Ronan.jpg,move,not run,
3,/2019 TIDY - CELEBRITY FACEMASKS FINAL 7200 IMAGES/!!!!!!! TO SORT 2026 JAMIE MIXED UPLOADED TO FOXY SORT INTO FOLDERS/Scott Eastwood.jpg,/2019 TIDY - CELEBRITY FACEMASKS FINAL 7200 IMAGES/2026 MOVIE STARS/Scott Eastwood.jpg,move,not run,
3,/2019 TIDY - CELEBRITY FACEMASKS FINAL 7200 IMAGES/!!!!!!! TO SORT 2026 JAMIE MIXED UPLOADED TO FOXY SORT INTO FOLDERS/Sebastian Stan.jpg,/2019 TIDY - CELEBRITY FACEMASKS FINAL 7200 IMAGES/2026 MOVIE STARS/Sebastian Stan.jpg,move,not run,
3,/2019 TIDY - CELEBRITY FACEMASKS FINAL 7200 IMAGES/!!!!!!! TO SORT 2026 JAMIE MIXED UPLOADED TO FOXY SORT INTO FOLDERS/Severine berenice marlohe.jpg,/2019 TIDY - CELEBRITY FACEMASKS FINAL 7200 IMAGES/2026 MOVIE STARS/Severine berenice marlohe.jpg,move,not run,
3,/2019 TIDY - CELEBRITY FACEMASKS FINAL 7200 IMAGES/!!!!!!! TO SORT 2026 JAMIE MIXED UPLOADED TO FOXY SORT INTO FOLDERS/Skylar Astin.jpg,/2019 TIDY - CELEBRITY FACEMASKS FINAL 7200 IMAGES/2026 MOVIE STARS/Skylar Astin.jpg,move,not run,
3,/2019 TIDY - CELEBRITY FACEMASKS FINAL 7200 IMAGES/!!!!!!! TO SORT 2026 JAMIE MIXED UPLOADED TO FOXY SORT INTO FOLDERS/Spencer Treat Clark.jpg,/2019 TIDY - CELEBRITY FACEMASKS FINAL 7200 IMAGES/2026 MOVIE STARS/Spencer Treat Clark.jpg,move,not run,
3,/2019 TIDY - CELEBRITY FACEMASKS FINAL 7200 IMAGES/!!!!!!! TO SORT 2026 JAMIE MIXED UPLOADED TO FOXY SORT INTO FOLDERS/willem dafoe.jpg,/2019 TIDY - CELEBRITY FACEMASKS FINAL 7200 IMAGES/2026 MOVIE STARS/Spider man/Actors/willem dafoe (larger).jpg,duplicate_larger,not run,
3,/2019 TIDY - CELEBRITY FACEMASKS FINAL 7200 IMAGES/!!!!!!! TO SORT 2026 JAMIE MIXED UPLOADED TO FOXY SORT INTO FOLDERS/Stefanie Scott.jpg,/2019 TIDY - CELEBRITY FACEMASKS FINAL 7200 IMAGES/2026 MOVIE STARS/Stefanie Scott.jpg,move,not run,
3,/2019 TIDY - CELEBRITY FACEMASKS FINAL 7200 IMAGES/!!!!!!! TO SORT 2026 JAMIE MIXED UPLOADED TO FOXY SORT INTO FOLDERS/Steve Evets.jpg,/2019 TIDY - CELEBRITY FACEMASKS FINAL 7200 IMAGES/2026 MOVIE STARS/Steve Evets.jpg,move,not run,
3,/2019 TIDY - CELEBRITY FACEMASKS FINAL 7200 IMAGES/!!!!!!! TO SORT 2026 JAMIE MIXED UPLOADED TO FOXY SORT INTO FOLDERS/Storm Reid.jpg,/2019 TIDY - CELEBRITY FACEMASKS FINAL 7200 IMAGES/2026 MOVIE STARS/Storm Reid.jpg,move,not run,
3,/2019 TIDY - CELEBRITY FACEMASKS FINAL 7200 IMAGES/!!!!!!! TO SORT 2026 JAMIE MIXED UPLOADED TO FOXY SORT INTO FOLDERS/Synnøve Macody Lund.jpg,/2019 TIDY - CELEBRITY FACEMASKS FINAL 7200 IMAGES/2026 MOVIE STARS/Synnøve Macody Lund.jpg,move,not run,
3,/2019 TIDY - CELEBRITY FACEMASKS FINAL 7200 IMAGES/!!!!!!! TO SORT 2026 JAMIE MIXED UPLOADED TO FOXY SORT INTO FOLDERS/Tara Reid - Vicky (American Pie).jpg,/2019 TIDY - CELEBRITY FACEMASKS FINAL 7200 IMAGES/2026 MOVIE STARS/Tara Reid - Vicky (American Pie).jpg,move,not run,
3,/2019 TIDY - CELEBRITY FACEMASKS FINAL 7200 IMAGES/!!!!!!! TO SORT 2026 JAMIE MIXED UPLOADED TO FOXY SORT INTO FOLDERS/Tia Carrere CPDVD.jpg,/2019 TIDY - CELEBRITY FACEMASKS FINAL 7200 IMAGES/2026 MOVIE STARS/Tia Carrere CPDVD.jpg,move,not run,
3,/2019 TIDY - CELEBRITY FACEMASKS FINAL 7200 IMAGES/!!!!!!! TO SORT 2026 JAMIE MIXED UPLOADED TO FOXY SORT INTO FOLDERS/Tom Bateman.jpg,/2019 TIDY - CELEBRITY FACEMASKS FINAL 7200 IMAGES/2026 MOVIE STARS/Tom Bateman.jpg,move,not run,
3,/2019 TIDY - CELEBRITY FACEMASKS FINAL 7200 IMAGES/!!!!!!! TO SORT 2026 JAMIE MIXED UPLOADED TO FOXY SORT INTO FOLDERS/Tom Blyth.jpg,/2019 TIDY - CELEBRITY FACEMASKS FINAL 7200 IMAGES/2026 MOVIE STARS/Tom Blyth.jpg,move,not run,
3,/2019 TIDY - CELEBRITY FACEMASKS FINAL 7200 IMAGES/!!!!!!! TO SORT 2026 JAMIE MIXED UPLOADED TO FOXY SORT INTO FOLDERS/Tommy Devito-Joe Pesci-Goodfellas.jpg,/2019 TIDY - CELEBRITY FACEMASKS FINAL 7200 IMAGES/2026 MOVIE STARS/Tommy Devito-Joe Pesci-Goodfellas.jpg,move,not run,
3,/2019 TIDY - CELEBRITY FACEMASKS FINAL 7200 IMAGES/!!!!!!! TO SORT 2026 JAMIE MIXED UPLOADED TO FOXY SORT INTO FOLDERS/Tyrese Gibson Fast & Furious.jpg,/2019 TIDY - CELEBRITY FACEMASKS FINAL 7200 IMAGES/2026 MOVIE STARS/Tyrese Gibson Fast & Furious.jpg,move,not run,
3,/2019 TIDY - CELEBRITY FACEMASKS FINAL 7200 IMAGES/!!!!!!! TO SORT 2026 JAMIE MIXED UPLOADED TO FOXY SORT INTO FOLDERS/Vera Farmiga.jpg,/2019 TIDY - CELEBRITY FACEMASKS FINAL 7200 IMAGES/2026 MOVIE STARS/Vera Farmiga.jpg,move,not run,
3,/2019 TIDY - CELEBRITY FACEMASKS FINAL 7200 IMAGES/!!!!!!! TO SORT 2026 JAMIE MIXED UPLOADED TO FOXY SORT INTO FOLDERS/Ving Rhames.jpg,/2019 TIDY - CELEBRITY FACEMASKS FINAL 7200 IMAGES/2026 MOVIE STARS/Ving Rhames.jpg,move,not run,
3,/2019 TIDY - CELEBRITY FACEMASKS FINAL 7200 IMAGES/!!!!!!! TO SORT 2026 JAMIE MIXED UPLOADED TO FOXY SORT INTO FOLDERS/Young Julia Stiles.jpg,/2019 TIDY - CELEBRITY FACEMASKS FINAL 7200 IMAGES/2026 MOVIE STARS/Young Julia Stiles.jpg,move,not run,
3,/2019 TIDY - CELEBRITY FACEMASKS FINAL 7200 IMAGES/!!!!!!! TO SORT 2026 JAMIE MIXED UPLOADED TO FOXY SORT INTO FOLDERS/ZOE SALDANA Smiling.jpg,/2019 TIDY - CELEBRITY FACEMASKS FINAL 7200 IMAGES/2026 MOVIE STARS/ZOE SALDANA Smiling.jpg,move,not run,
3,/2019 TIDY - CELEBRITY FACEMASKS FINAL 7200 IMAGES/!!!!!!! TO SORT 2026 JAMIE MIXED UPLOADED TO FOXY SORT INTO FOLDERS/Zac Efron-Hairspray.jpg,/2019 TIDY - CELEBRITY FACEMASKS FINAL 7200 IMAGES/2026 MOVIE STARS/Zac Efron-Hairspray.jpg,move,not run,
3,/2019 TIDY - CELEBRITY FACEMASKS FINAL 7200 IMAGES/!!!!!!! TO SORT 2026 JAMIE MIXED UPLOADED TO FOXY SORT INTO FOLDERS/phil daniels.jpg,/2019 TIDY - CELEBRITY FACEMASKS FINAL 7200 IMAGES/2026 MOVIE STARS/phil daniels.jpg,move,not run,
3,/2019 TIDY - CELEBRITY FACEMASKS FINAL 7200 IMAGES/!!!!!!! TO SORT 2026 JAMIE MIXED UPLOADED TO FOXY SORT INTO FOLDERS/ralph fiennes.jpg,/2019 TIDY - CELEBRITY FACEMASKS FINAL 7200 IMAGES/2026 MOVIE STARS/ralph fiennes.jpg,move,not run,
3,/2019 TIDY - CELEBRITY FACEMASKS FINAL 7200 IMAGES/!!!!!!! TO SORT 2026 JAMIE MIXED UPLOADED TO FOXY SORT INTO FOLDERS/randy-quaid.jpg,/2019 TIDY - CELEBRITY FACEMASKS FINAL 7200 IMAGES/2026 MOVIE STARS/randy-quaid.jpg,move,not run,
3,/2019 TIDY - CELEBRITY FACEMASKS FINAL 7200 IMAGES/!!!!!!! TO SORT 2026 JAMIE MIXED UPLOADED TO FOXY SORT INTO FOLDERS/sally field.jpg,/2019 TIDY - CELEBRITY FACEMASKS FINAL 7200 IMAGES/2026 MOVIE STARS/sally field.jpg,move,not run,
3,/2019 TIDY - CELEBRITY FACEMASKS FINAL 7200 IMAGES/!!!!!!! TO SORT 2026 JAMIE MIXED UPLOADED TO FOXY SORT INTO FOLDERS/sam rockwell.jpg,/2019 TIDY - CELEBRITY FACEMASKS FINAL 7200 IMAGES/2026 MOVIE STARS/sam rockwell.jpg,move,not run,
3,/2019 TIDY - CELEBRITY FACEMASKS FINAL 7200 IMAGES/!!!!!!! TO SORT 2026 JAMIE MIXED UPLOADED TO FOXY SORT INTO FOLDERS/sam worthington.jpg,/2019 TIDY - CELEBRITY FACEMASKS FINAL 7200 IMAGES/2026 MOVIE STARS/sam worthington.jpg,move,not run,
3,/2019 TIDY - CELEBRITY FACEMASKS FINAL 7200 IMAGES/!!!!!!! TO SORT 2026 JAMIE MIXED UPLOADED TO FOXY SORT INTO FOLDERS/shia labeouf.jpg,/2019 TIDY - CELEBRITY FACEMASKS FINAL 7200 IMAGES/2026 MOVIE STARS/shia labeouf.jpg,move,not run,
3,/2019 TIDY - CELEBRITY FACEMASKS FINAL 7200 IMAGES/!!!!!!! TO SORT 2026 JAMIE MIXED UPLOADED TO FOXY SORT INTO FOLDERS/sidney poitier.jpg,/2019 TIDY - CELEBRITY FACEMASKS FINAL 7200 IMAGES/2026 MOVIE STARS/sidney poitier.jpg,move,not run,
3,/2019 TIDY - CELEBRITY FACEMASKS FINAL 7200 IMAGES/!!!!!!! TO SORT 2026 JAMIE MIXED UPLOADED TO FOXY SORT INTO FOLDERS/sienna miller.jpg,/2019 TIDY - CELEBRITY FACEMASKS FINAL 7200 IMAGES/2026 MOVIE STARS/sienna miller.jpg,move,not run,
3,/2019 TIDY - CELEBRITY FACEMASKS FINAL 7200 IMAGES/!!!!!!! TO SORT 2026 JAMIE MIXED UPLOADED TO FOXY SORT INTO FOLDERS/sophia loren.jpg,/2019 TIDY - CELEBRITY FACEMASKS FINAL 7200 IMAGES/2026 MOVIE STARS/sophia loren.jpg,move,not run,
3,/2019 TIDY - CELEBRITY FACEMASKS FINAL 7200 IMAGES/!!!!!!! TO SORT 2026 JAMIE MIXED UPLOADED TO FOXY SORT INTO FOLDERS/stanley-tuccii.jpg,/2019 TIDY - CELEBRITY FACEMASKS FINAL 7200 IMAGES/2026 MOVIE STARS/stanley-tuccii.jpg,move,not run,
3,/2019 TIDY - CELEBRITY FACEMASKS FINAL 7200 IMAGES/!!!!!!! TO SORT 2026 JAMIE MIXED UPLOADED TO FOXY SORT INTO FOLDERS/steven soderbergh.jpg,/2019 TIDY - CELEBRITY FACEMASKS FINAL 7200 IMAGES/2026 MOVIE STARS/steven soderbergh.jpg,move,not run,
3,/2019 TIDY - CELEBRITY FACEMASKS FINAL 7200 IMAGES/!!!!!!! TO SORT 2026 JAMIE MIXED UPLOADED TO FOXY SORT INTO FOLDERS/taylor cole.jpg,/2019 TIDY - CELEBRITY FACEMASKS FINAL 7200 IMAGES/2026 MOVIE STARS/taylor cole.jpg,move,not run,
3,/2019 TIDY - CELEBRITY FACEMASKS FINAL 7200 IMAGES/!!!!!!! TO SORT 2026 JAMIE MIXED UPLOADED TO FOXY SORT INTO FOLDERS/tim robbins.jpg,/2019 TIDY - CELEBRITY FACEMASKS FINAL 7200 IMAGES/2026 MOVIE STARS/tim robbins.jpg,move,not run,
3,/2019 TIDY - CELEBRITY FACEMASKS FINAL 7200 IMAGES/!!!!!!! TO SORT 2026 JAMIE MIXED UPLOADED TO FOXY SORT INTO FOLDERS/viggo mortensen.jpg,/2019 TIDY - CELEBRITY FACEMASKS FINAL 7200 IMAGES/2026 MOVIE STARS/viggo mortensen.jpg,move,not run,
3,/2019 TIDY - CELEBRITY FACEMASKS FINAL 7200 IMAGES/!!!!!!! TO SORT 2026 JAMIE MIXED UPLOADED TO FOXY SORT INTO FOLDERS/vigo mortensen.jpg,/2019 TIDY - CELEBRITY FACEMASKS FINAL 7200 IMAGES/2026 MOVIE STARS/vigo mortensen.jpg,move,not run,
3,/2019 TIDY - CELEBRITY FACEMASKS FINAL 7200 IMAGES/!!!!!!! TO SORT 2026 JAMIE MIXED UPLOADED TO FOXY SORT INTO FOLDERS/Rappers/AJ-Tracey-2022.jpg,/2019 TIDY - CELEBRITY FACEMASKS FINAL 7200 IMAGES/2026 MUSIC/AJ-Tracey-2022.jpg,move,not run,
3,/2019 TIDY - CELEBRITY FACEMASKS FINAL 7200 IMAGES/!!!!!!! TO SORT 2026 JAMIE MIXED UPLOADED TO FOXY SORT INTO FOLDERS/Rappers/Aitch-2022.jpg,/2019 TIDY - CELEBRITY FACEMASKS FINAL 7200 IMAGES/2026 MUSIC/Aitch-2022.jpg,move,not run,
3,/2019 TIDY - CELEBRITY FACEMASKS FINAL 7200 IMAGES/!!!!!!! TO SORT 2026 JAMIE MIXED UPLOADED TO FOXY SORT INTO FOLDERS/Alexander O'neal.jpg,/2019 TIDY - CELEBRITY FACEMASKS FINAL 7200 IMAGES/2026 MUSIC/Alexander O'neal.jpg,move,not run,
3,/2019 TIDY - CELEBRITY FACEMASKS FINAL 7200 IMAGES/!!!!!!! TO SORT 2026 JAMIE MIXED UPLOADED TO FOXY SORT INTO FOLDERS/Andrew Ridgeley Young - Wham.jpg,/2019 TIDY - CELEBRITY FACEMASKS FINAL 7200 IMAGES/2026 MUSIC/Andrew Ridgeley Young - Wham.jpg,move,not run,
3,/2019 TIDY - CELEBRITY FACEMASKS FINAL 7200 IMAGES/!!!!!!! TO SORT 2026 JAMIE MIXED UPLOADED TO FOXY SORT INTO FOLDERS/Andy McCluskey.jpg,/2019 TIDY - CELEBRITY FACEMASKS FINAL 7200 IMAGES/2026 MUSIC/Andy McCluskey.jpg,move,not run,
3,/2019 TIDY - CELEBRITY FACEMASKS FINAL 7200 IMAGES/!!!!!!! TO SORT 2026 JAMIE MIXED UPLOADED TO FOXY SORT INTO FOLDERS/Axel Axl Rose.jpg,/2019 TIDY - CELEBRITY FACEMASKS FINAL 7200 IMAGES/2026 MUSIC/Axel Axl Rose.jpg,move,not run,
3,/2019 TIDY - CELEBRITY FACEMASKS FINAL 7200 IMAGES/!!!!!!! TO SORT 2026 JAMIE MIXED UPLOADED TO FOXY SORT INTO FOLDERS/Becky Hill.jpg,/2019 TIDY - CELEBRITY FACEMASKS FINAL 7200 IMAGES/2026 MUSIC/Becky Hill.jpg,move,not run,
3,/2019 TIDY - CELEBRITY FACEMASKS FINAL 7200 IMAGES/!!!!!!! TO SORT 2026 JAMIE MIXED UPLOADED TO FOXY SORT INTO FOLDERS/Rappers/Biggie-Smalls.jpg,/2019 TIDY - CELEBRITY FACEMASKS FINAL 7200 IMAGES/2026 MUSIC/Biggie-Smalls.jpg,move,not run,
3,/2019 TIDY - CELEBRITY FACEMASKS FINAL 7200 IMAGES/!!!!!!! TO SORT 2026 JAMIE MIXED UPLOADED TO FOXY SORT INTO FOLDERS/Billy Joel.jpg,/2019 TIDY - CELEBRITY FACEMASKS FINAL 7200 IMAGES/2026 MUSIC/Billy Joel.jpg,move,not run,
3,/2019 TIDY - CELEBRITY FACEMASKS FINAL 7200 IMAGES/!!!!!!! TO SORT 2026 JAMIE MIXED UPLOADED TO FOXY SORT INTO FOLDERS/Rappers/Cardi-B.jpg,/2019 TIDY - CELEBRITY FACEMASKS FINAL 7200 IMAGES/2026 MUSIC/Cardi-B.jpg,move,not run,
3,/2019 TIDY - CELEBRITY FACEMASKS FINAL 7200 IMAGES/!!!!!!! TO SORT 2026 JAMIE MIXED UPLOADED TO FOXY SORT INTO FOLDERS/Chas Smash - Madness.jpg,/2019 TIDY - CELEBRITY FACEMASKS FINAL 7200 IMAGES/2026 MUSIC/Chas Smash - Madness.jpg,move,not run,
3,/2019 TIDY - CELEBRITY FACEMASKS FINAL 7200 IMAGES/!!!!!!! TO SORT 2026 JAMIE MIXED UPLOADED TO FOXY SORT INTO FOLDERS/Cliff Richard-70's.jpg,/2019 TIDY - CELEBRITY FACEMASKS FINAL 7200 IMAGES/2026 MUSIC/Cliff Richard-70's.jpg,move,not run,
3,/2019 TIDY - CELEBRITY FACEMASKS FINAL 7200 IMAGES/!!!!!!! TO SORT 2026 JAMIE MIXED UPLOADED TO FOXY SORT INTO FOLDERS/Dani Filth-cradle of filth.jpg,/2019 TIDY - CELEBRITY FACEMASKS FINAL 7200 IMAGES/2026 MUSIC/Dani Filth-cradle of filth.jpg,move,not run,
3,/2019 TIDY - CELEBRITY FACEMASKS FINAL 7200 IMAGES/!!!!!!! TO SORT 2026 JAMIE MIXED UPLOADED TO FOXY SORT INTO FOLDERS/Flea - red hot chili peppers.jpg,/2019 TIDY - CELEBRITY FACEMASKS FINAL 7200 IMAGES/2026 MUSIC/Flea - red hot chili peppers.jpg,move,not run,
3,/2019 TIDY - CELEBRITY FACEMASKS FINAL 7200 IMAGES/!!!!!!! TO SORT 2026 JAMIE MIXED UPLOADED TO FOXY SORT INTO FOLDERS/Florence Welch.jpg,/2019 TIDY - CELEBRITY FACEMASKS FINAL 7200 IMAGES/2026 MUSIC/Florence Welch.jpg,move,not run,
3,/2019 TIDY - CELEBRITY FACEMASKS FINAL 7200 IMAGES/!!!!!!! TO SORT 2026 JAMIE MIXED UPLOADED TO FOXY SORT INTO FOLDERS/JACK HARLOW TO ADD.jpg,/2019 TIDY - CELEBRITY FACEMASKS FINAL 7200 IMAGES/2026 MUSIC/JACK HARLOW TO ADD.jpg,move,not run,
3,/2019 TIDY - CELEBRITY FACEMASKS FINAL 7200 IMAGES/!!!!!!! TO SORT 2026 JAMIE MIXED UPLOADED TO FOXY SORT INTO FOLDERS/Jennie Kim-Blackpink.jpg,/2019 TIDY - CELEBRITY FACEMASKS FINAL 7200 IMAGES/2026 MUSIC/Jennie Kim-Blackpink.jpg,move,not run,
3,/2019 TIDY - CELEBRITY FACEMASKS FINAL 7200 IMAGES/!!!!!!! TO SORT 2026 JAMIE MIXED UPLOADED TO FOXY SORT INTO FOLDERS/Jisoo-Blackpink.jpg,/2019 TIDY - CELEBRITY FACEMASKS FINAL 7200 IMAGES/2026 MUSIC/Jisoo-Blackpink.jpg,move,not run,
3,/2019 TIDY - CELEBRITY FACEMASKS FINAL 7200 IMAGES/!!!!!!! TO SORT 2026 JAMIE MIXED UPLOADED TO FOXY SORT INTO FOLDERS/John Deacon- Queen.jpg,/2019 TIDY - CELEBRITY FACEMASKS FINAL 7200 IMAGES/2026 MUSIC/John Deacon- Queen.jpg,move,not run,
3,/2019 TIDY - CELEBRITY FACEMASKS FINAL 7200 IMAGES/!!!!!!! TO SORT 2026 JAMIE MIXED UPLOADED TO FOXY SORT INTO FOLDERS/Jools Holland.jpg,/2019 TIDY - CELEBRITY FACEMASKS FINAL 7200 IMAGES/2026 MUSIC/Jools Holland.jpg,move,not run,
3,/2019 TIDY - CELEBRITY FACEMASKS FINAL 7200 IMAGES/!!!!!!! TO SORT 2026 JAMIE MIXED UPLOADED TO FOXY SORT INTO FOLDERS/Julia Sanina- Eurovision pack.jpg,/2019 TIDY - CELEBRITY FACEMASKS FINAL 7200 IMAGES/2026 MUSIC/Julia Sanina- Eurovision pack.jpg,move,not run,
3,/2019 TIDY - CELEBRITY FACEMASKS FINAL 7200 IMAGES/!!!!!!! TO SORT 2026 JAMIE MIXED UPLOADED TO FOXY SORT INTO FOLDERS/Rappers/KSI-2022.jpg,/2019 TIDY - CELEBRITY FACEMASKS FINAL 7200 IMAGES/2026 MUSIC/KSI-2022.jpg,move,not run,
3,/2019 TIDY - CELEBRITY FACEMASKS FINAL 7200 IMAGES/!!!!!!! TO SORT 2026 JAMIE MIXED UPLOADED TO FOXY SORT INTO FOLDERS/Kay Flock.jpg,/2019 TIDY - CELEBRITY FACEMASKS FINAL 7200 IMAGES/2026 MUSIC/Kay Flock.jpg,move,not run,
3,/2019 TIDY - CELEBRITY FACEMASKS FINAL 7200 IMAGES/!!!!!!! TO SORT 2026 JAMIE MIXED UPLOADED TO FOXY SORT INTO FOLDERS/Keith Richards BigC.jpg,/2019 TIDY - CELEBRITY FACEMASKS FINAL 7200 IMAGES/2026 MUSIC/Keith Richards BigC.jpg,move,not run,
3,/2019 TIDY - CELEBRITY FACEMASKS FINAL 7200 IMAGES/!!!!!!! TO SORT 2026 JAMIE MIXED UPLOADED TO FOXY SORT INTO FOLDERS/Kyle Gass 2023 - Tenacious D Mask Pack.jpg,/2019 TIDY - CELEBRITY FACEMASKS FINAL 7200 IMAGES/2026 MUSIC/Kyle Gass 2023 - Tenacious D Mask Pack.jpg,move,not run,
3,/2019 TIDY - CELEBRITY FACEMASKS FINAL 7200 IMAGES/!!!!!!! TO SORT 2026 JAMIE MIXED UPLOADED TO FOXY SORT INTO FOLDERS/Rappers/LIL PUMP RAPPER MASK 2022.jpg,/2019 TIDY - CELEBRITY FACEMASKS FINAL 7200 IMAGES/2026 MUSIC/LIL PUMP RAPPER MASK 2022.jpg,move,not run,
3,/2019 TIDY - CELEBRITY FACEMASKS FINAL 7200 IMAGES/!!!!!!! TO SORT 2026 JAMIE MIXED UPLOADED TO FOXY SORT INTO FOLDERS/Lalisa Manoban-Blackpink.jpg,/2019 TIDY - CELEBRITY FACEMASKS FINAL 7200 IMAGES/2026 MUSIC/Lalisa Manoban-Blackpink.jpg,move,not run,
3,/2019 TIDY - CELEBRITY FACEMASKS FINAL 7200 IMAGES/!!!!!!! TO SORT 2026 JAMIE MIXED UPLOADED TO FOXY SORT INTO FOLDERS/Marco Carola (Italian DJ).jpg,/2019 TIDY - CELEBRITY FACEMASKS FINAL 7200 IMAGES/2026 MUSIC/Marco Carola (Italian DJ).jpg,move,not run,
4,/2019 TIDY - CELEBRITY FACEMASKS FINAL 7200 IMAGES/!!!!!!! TO SORT 2026 JAMIE MIXED UPLOADED TO FOXY SORT INTO FOLDERS/Matty Healy.jpg,/2019 TIDY - CELEBRITY FACEMASKS FINAL 7200 IMAGES/2026 MUSIC/Matty Healy.jpg,move,not run,
4,/2019 TIDY - CELEBRITY FACEMASKS FINAL 7200 IMAGES/!!!!!!! TO SORT 2026 JAMIE MIXED UPLOADED TO FOXY SORT INTO FOLDERS/Mike Barson- Madness.jpg,/2019 TIDY - CELEBRITY FACEMASKS FINAL 7200 IMAGES/2026 MUSIC/Mike Barson- Madness.jpg,move,not run,
4,/2019 TIDY - CELEBRITY FACEMASKS FINAL 7200 IMAGES/!!!!!!! TO SORT 2026 JAMIE MIXED UPLOADED TO FOXY SORT INTO FOLDERS/Morrissey - The Smiths young.jpg,/2019 TIDY - CELEBRITY FACEMASKS FINAL 7200 IMAGES/2026 MUSIC/Morrissey - The Smiths young.jpg,move,not run,
4,/2019 TIDY - CELEBRITY FACEMASKS FINAL 7200 IMAGES/!!!!!!! TO SORT 2026 JAMIE MIXED UPLOADED TO FOXY SORT INTO FOLDERS/Natalie Coyle JB.jpg,/2019 TIDY - CELEBRITY FACEMASKS FINAL 7200 IMAGES/2026 MUSIC/Natalie Coyle JB.jpg,move,not run,
4,/2019 TIDY - CELEBRITY FACEMASKS FINAL 7200 IMAGES/!!!!!!! TO SORT 2026 JAMIE MIXED UPLOADED TO FOXY SORT INTO FOLDERS/Nemo Mettler - Eurovision Winner 2024.jpg,/2019 TIDY - CELEBRITY FACEMASKS FINAL 7200 IMAGES/2026 MUSIC/Nemo Mettler - Eurovision Winner 2024.jpg,move,not run,
4,/2019 TIDY - CELEBRITY FACEMASKS FINAL 7200 IMAGES/!!!!!!! TO SORT 2026 JAMIE MIXED UPLOADED TO FOXY SORT INTO FOLDERS/Olivia Rodrigo smile.jpg,/2019 TIDY - CELEBRITY FACEMASKS FINAL 7200 IMAGES/2026 MUSIC/Olivia Rodrigo smile.jpg,move,not run,
4,/2019 TIDY - CELEBRITY FACEMASKS FINAL 7200 IMAGES/!!!!!!! TO SORT 2026 JAMIE MIXED UPLOADED TO FOXY SORT INTO FOLDERS/Olly Alexander - Eurovision Pack.jpg,/2019 TIDY - CELEBRITY FACEMASKS FINAL 7200 IMAGES/2026 MUSIC/Olly Alexander - Eurovision Pack.jpg,move,not run,
4,/2019 TIDY - CELEBRITY FACEMASKS FINAL 7200 IMAGES/!!!!!!! TO SORT 2026 JAMIE MIXED UPLOADED TO FOXY SORT INTO FOLDERS/Paul Young.jpg,/2019 TIDY - CELEBRITY FACEMASKS FINAL 7200 IMAGES/2026 MUSIC/Paul Young.jpg,move,not run,
4,/2019 TIDY - CELEBRITY FACEMASKS FINAL 7200 IMAGES/!!!!!!! TO SORT 2026 JAMIE MIXED UPLOADED TO FOXY SORT INTO FOLDERS/Paul carrack - Madness.jpg,/2019 TIDY - CELEBRITY FACEMASKS FINAL 7200 IMAGES/2026 MUSIC/Paul carrack - Madness.jpg,move,not run,
4,/2019 TIDY - CELEBRITY FACEMASKS FINAL 7200 IMAGES/!!!!!!! TO SORT 2026 JAMIE MIXED UPLOADED TO FOXY SORT INTO FOLDERS/Perry Como.jpg,/2019 TIDY - CELEBRITY FACEMASKS FINAL 7200 IMAGES/2026 MUSIC/Perry Como.jpg,move,not run,
4,/2019 TIDY - CELEBRITY FACEMASKS FINAL 7200 IMAGES/!!!!!!! TO SORT 2026 JAMIE MIXED UPLOADED TO FOXY SORT INTO FOLDERS/Ray Davies.jpg,/2019 TIDY - CELEBRITY FACEMASKS FINAL 7200 IMAGES/2026 MUSIC/Ray Davies.jpg,move,not run,
4,/2019 TIDY - CELEBRITY FACEMASKS FINAL 7200 IMAGES/!!!!!!! TO SORT 2026 JAMIE MIXED UPLOADED TO FOXY SORT INTO FOLDERS/Richie Sambora.jpg,/2019 TIDY - CELEBRITY FACEMASKS FINAL 7200 IMAGES/2026 MUSIC/Richie Sambora.jpg,move,not run,
4,/2019 TIDY - CELEBRITY FACEMASKS FINAL 7200 IMAGES/!!!!!!! TO SORT 2026 JAMIE MIXED UPLOADED TO FOXY SORT INTO FOLDERS/Robin Thicke.jpg,/2019 TIDY - CELEBRITY FACEMASKS FINAL 7200 IMAGES/2026 MUSIC/Robin Thicke.jpg,move,not run,
4,/2019 TIDY - CELEBRITY FACEMASKS FINAL 7200 IMAGES/!!!!!!! TO SORT 2026 JAMIE MIXED UPLOADED TO FOXY SORT INTO FOLDERS/Roger Daltry.jpg,/2019 TIDY - CELEBRITY FACEMASKS FINAL 7200 IMAGES/2026 MUSIC/Roger Daltry.jpg,move,not run,
4,/2019 TIDY - CELEBRITY FACEMASKS FINAL 7200 IMAGES/!!!!!!! TO SORT 2026 JAMIE MIXED UPLOADED TO FOXY SORT INTO FOLDERS/Roger Taylor - Queen.jpg,/2019 TIDY - CELEBRITY FACEMASKS FINAL 7200 IMAGES/2026 MUSIC/Roger Taylor - Queen.jpg,move,not run,
4,/2019 TIDY - CELEBRITY FACEMASKS FINAL 7200 IMAGES/!!!!!!! TO SORT 2026 JAMIE MIXED UPLOADED TO FOXY SORT INTO FOLDERS/Roger-Taylor-QUEEN.jpg,/2019 TIDY - CELEBRITY FACEMASKS FINAL 7200 IMAGES/2026 MUSIC/Roger-Taylor-QUEEN.jpg,move,not run,
4,/2019 TIDY - CELEBRITY FACEMASKS FINAL 7200 IMAGES/!!!!!!! TO SORT 2026 JAMIE MIXED UPLOADED TO FOXY SORT INTO FOLDERS/Roseanne Park-Rosé-Blackpink.jpg,/2019 TIDY - CELEBRITY FACEMASKS FINAL 7200 IMAGES/2026 MUSIC/Roseanne Park-Rosé-Blackpink.jpg,move,not run,
4,/2019 TIDY - CELEBRITY FACEMASKS FINAL 7200 IMAGES/!!!!!!! TO SORT 2026 JAMIE MIXED UPLOADED TO FOXY SORT INTO FOLDERS/Roy Orbison.jpg,/2019 TIDY - CELEBRITY FACEMASKS FINAL 7200 IMAGES/2026 MUSIC/Roy Orbison.jpg,move,not run,
4,/2019 TIDY - CELEBRITY FACEMASKS FINAL 7200 IMAGES/!!!!!!! TO SORT 2026 JAMIE MIXED UPLOADED TO FOXY SORT INTO FOLDERS/SHAYNE WARD 2018.jpg,/2019 TIDY - CELEBRITY FACEMASKS FINAL 7200 IMAGES/2026 MUSIC/SHAYNE WARD 2018.jpg,move,not run,
4,/2019 TIDY - CELEBRITY FACEMASKS FINAL 7200 IMAGES/!!!!!!! TO SORT 2026 JAMIE MIXED UPLOADED TO FOXY SORT INTO FOLDERS/SIA.jpg,/2019 TIDY - CELEBRITY FACEMASKS FINAL 7200 IMAGES/2026 MUSIC/SIA.jpg,move,not run,
4,/2019 TIDY - CELEBRITY FACEMASKS FINAL 7200 IMAGES/!!!!!!! TO SORT 2026 JAMIE MIXED UPLOADED TO FOXY SORT INTO FOLDERS/Sabrina Carpenter.jpg,/2019 TIDY - CELEBRITY FACEMASKS FINAL 7200 IMAGES/2026 MUSIC/Sabrina Carpenter.jpg,move,not run,
4,/2019 TIDY - CELEBRITY FACEMASKS FINAL 7200 IMAGES/!!!!!!! TO SORT 2026 JAMIE MIXED UPLOADED TO FOXY SORT INTO FOLDERS/Sam Fender.jpg,/2019 TIDY - CELEBRITY FACEMASKS FINAL 7200 IMAGES/2026 MUSIC/Sam Fender.jpg,move,not run,
4,/2019 TIDY - CELEBRITY FACEMASKS FINAL 7200 IMAGES/!!!!!!! TO SORT 2026 JAMIE MIXED UPLOADED TO FOXY SORT INTO FOLDERS/Scott Mills Music star - Eurovision Pack.jpg,/2019 TIDY - CELEBRITY FACEMASKS FINAL 7200 IMAGES/2026 MUSIC/Scott Mills Music star - Eurovision Pack.jpg,move,not run,
4,/2019 TIDY - CELEBRITY FACEMASKS FINAL 7200 IMAGES/!!!!!!! TO SORT 2026 JAMIE MIXED UPLOADED TO FOXY SORT INTO FOLDERS/Scott Mills.jpg,/2019 TIDY - CELEBRITY FACEMASKS FINAL 7200 IMAGES/2026 MUSIC/Scott Mills.jpg,move,not run,
4,/2019 TIDY - CELEBRITY FACEMASKS FINAL 7200 IMAGES/!!!!!!! TO SORT 2026 JAMIE MIXED UPLOADED TO FOXY SORT INTO FOLDERS/Rappers/Sean-Kingston-2022.jpg,/2019 TIDY - CELEBRITY FACEMASKS FINAL 7200 IMAGES/2026 MUSIC/Sean-Kingston-2022.jpg,move,not run,
4,/2019 TIDY - CELEBRITY FACEMASKS FINAL 7200 IMAGES/!!!!!!! TO SORT 2026 JAMIE MIXED UPLOADED TO FOXY SORT INTO FOLDERS/Sebastian Ingrosso.jpg,/2019 TIDY - CELEBRITY FACEMASKS FINAL 7200 IMAGES/2026 MUSIC/Sebastian Ingrosso.jpg,move,not run,
4,/2019 TIDY - CELEBRITY FACEMASKS FINAL 7200 IMAGES/!!!!!!! TO SORT 2026 JAMIE MIXED UPLOADED TO FOXY SORT INTO FOLDERS/Shane Pogues.jpg,/2019 TIDY - CELEBRITY FACEMASKS FINAL 7200 IMAGES/2026 MUSIC/Shane Pogues.jpg,move,not run,
4,/2019 TIDY - CELEBRITY FACEMASKS FINAL 7200 IMAGES/!!!!!!! TO SORT 2026 JAMIE MIXED UPLOADED TO FOXY SORT INTO FOLDERS/Sharleen_Spiteri Texas.jpg,/2019 TIDY - CELEBRITY FACEMASKS FINAL 7200 IMAGES/2026 MUSIC/Sharleen_Spiteri Texas.jpg,move,not run,
4,/2019 TIDY - CELEBRITY FACEMASKS FINAL 7200 IMAGES/!!!!!!! TO SORT 2026 JAMIE MIXED UPLOADED TO FOXY SORT INTO FOLDERS/Sheryl Crow2.jpg,/2019 TIDY - CELEBRITY FACEMASKS FINAL 7200 IMAGES/2026 MUSIC/Sheryl Crow2.jpg,move,not run,
4,/2019 TIDY - CELEBRITY FACEMASKS FINAL 7200 IMAGES/!!!!!!! TO SORT 2026 JAMIE MIXED UPLOADED TO FOXY SORT INTO FOLDERS/Siobhan Fahey.jpg,/2019 TIDY - CELEBRITY FACEMASKS FINAL 7200 IMAGES/2026 MUSIC/Siobhan Fahey.jpg,move,not run,
4,/2019 TIDY - CELEBRITY FACEMASKS FINAL 7200 IMAGES/!!!!!!! TO SORT 2026 JAMIE MIXED UPLOADED TO FOXY SORT INTO FOLDERS/Siva Kaneswaren.jpg,/2019 TIDY - CELEBRITY FACEMASKS FINAL 7200 IMAGES/2026 MUSIC/Siva Kaneswaren.jpg,move,not run,
4,/2019 TIDY - CELEBRITY FACEMASKS FINAL 7200 IMAGES/!!!!!!! TO SORT 2026 JAMIE MIXED UPLOADED TO FOXY SORT INTO FOLDERS/Skrillex.jpg,/2019 TIDY - CELEBRITY FACEMASKS FINAL 7200 IMAGES/2026 MUSIC/Skrillex.jpg,move,not run,
4,/2019 TIDY - CELEBRITY FACEMASKS FINAL 7200 IMAGES/!!!!!!! TO SORT 2026 JAMIE MIXED UPLOADED TO FOXY SORT INTO FOLDERS/Skylar Grey.jpg,/2019 TIDY - CELEBRITY FACEMASKS FINAL 7200 IMAGES/2026 MUSIC/Skylar Grey.jpg,move,not run,
4,/2019 TIDY - CELEBRITY FACEMASKS FINAL 7200 IMAGES/!!!!!!! TO SORT 2026 JAMIE MIXED UPLOADED TO FOXY SORT INTO FOLDERS/Steve Brookstein.jpg,/2019 TIDY - CELEBRITY FACEMASKS FINAL 7200 IMAGES/2026 MUSIC/Steve Brookstein.jpg,move,not run,
4,/2019 TIDY - CELEBRITY FACEMASKS FINAL 7200 IMAGES/!!!!!!! TO SORT 2026 JAMIE MIXED UPLOADED TO FOXY SORT INTO FOLDERS/Stuart_Cable2.jpg,/2019 TIDY - CELEBRITY FACEMASKS FINAL 7200 IMAGES/2026 MUSIC/Stuart_Cable2.jpg,move,not run,
4,/2019 TIDY - CELEBRITY FACEMASKS FINAL 7200 IMAGES/!!!!!!! TO SORT 2026 JAMIE MIXED UPLOADED TO FOXY SORT INTO FOLDERS/Taylor Hanson.jpg,/2019 TIDY - CELEBRITY FACEMASKS FINAL 7200 IMAGES/2026 MUSIC/Taylor Hanson.jpg,move,not run,
4,/2019 TIDY - CELEBRITY FACEMASKS FINAL 7200 IMAGES/!!!!!!! TO SORT 2026 JAMIE MIXED UPLOADED TO FOXY SORT INTO FOLDERS/The Wanted 1.jpg,/2019 TIDY - CELEBRITY FACEMASKS FINAL 7200 IMAGES/2026 MUSIC/The Wanted 1.jpg,move,not run,
4,/2019 TIDY - CELEBRITY FACEMASKS FINAL 7200 IMAGES/!!!!!!! TO SORT 2026 JAMIE MIXED UPLOADED TO FOXY SORT INTO FOLDERS/Tom Parker The Wanted.jpg,/2019 TIDY - CELEBRITY FACEMASKS FINAL 7200 IMAGES/2026 MUSIC/Tom Parker The Wanted.jpg,move,not run,
4,/2019 TIDY - CELEBRITY FACEMASKS FINAL 7200 IMAGES/!!!!!!! TO SORT 2026 JAMIE MIXED UPLOADED TO FOXY SORT INTO FOLDERS/Tom York.jpg,/2019 TIDY - CELEBRITY FACEMASKS FINAL 7200 IMAGES/2026 MUSIC/Tom York.jpg,move,not run,
4,/2019 TIDY - CELEBRITY FACEMASKS FINAL 7200 IMAGES/!!!!!!! TO SORT 2026 JAMIE MIXED UPLOADED TO FOXY SORT INTO FOLDERS/Tori Kelly.jpg,/2019 TIDY - CELEBRITY FACEMASKS FINAL 7200 IMAGES/2026 MUSIC/Tori Kelly.jpg,move,not run,
4,/2019 TIDY - CELEBRITY FACEMASKS FINAL 7200 IMAGES/!!!!!!! TO SORT 2026 JAMIE MIXED UPLOADED TO FOXY SORT INTO FOLDERS/Tove Lo.jpg,/2019 TIDY - CELEBRITY FACEMASKS FINAL 7200 IMAGES/2026 MUSIC/Tove Lo.jpg,move,not run,
4,/2019 TIDY - CELEBRITY FACEMASKS FINAL 7200 IMAGES/!!!!!!! TO SORT 2026 JAMIE MIXED UPLOADED TO FOXY SORT INTO FOLDERS/Travis Barker - Blink 182.jpg,/2019 TIDY - CELEBRITY FACEMASKS FINAL 7200 IMAGES/2026 MUSIC/Travis Barker - Blink 182.jpg,move,not run,
4,/2019 TIDY - CELEBRITY FACEMASKS FINAL 7200 IMAGES/!!!!!!! TO SORT 2026 JAMIE MIXED UPLOADED TO FOXY SORT INTO FOLDERS/Troye Sivan.jpg,/2019 TIDY - CELEBRITY FACEMASKS FINAL 7200 IMAGES/2026 MUSIC/Troye Sivan.jpg,move,not run,
4,/2019 TIDY - CELEBRITY FACEMASKS FINAL 7200 IMAGES/!!!!!!! TO SORT 2026 JAMIE MIXED UPLOADED TO FOXY SORT INTO FOLDERS/Ty Dolla $ign.jpg,/2019 TIDY - CELEBRITY FACEMASKS FINAL 7200 IMAGES/2026 MUSIC/Ty Dolla $ign.jpg,move,not run,
4,/2019 TIDY - CELEBRITY FACEMASKS FINAL 7200 IMAGES/!!!!!!! TO SORT 2026 JAMIE MIXED UPLOADED TO FOXY SORT INTO FOLDERS/Tyga.jpg,/2019 TIDY - CELEBRITY FACEMASKS FINAL 7200 IMAGES/2026 MUSIC/Tyga.jpg,move,not run,
4,/2019 TIDY - CELEBRITY FACEMASKS FINAL 7200 IMAGES/!!!!!!! TO SORT 2026 JAMIE MIXED UPLOADED TO FOXY SORT INTO FOLDERS/Tyla.jpg,/2019 TIDY - CELEBRITY FACEMASKS FINAL 7200 IMAGES/2026 MUSIC/Tyla.jpg,move,not run,
4,/2019 TIDY - CELEBRITY FACEMASKS FINAL 7200 IMAGES/!!!!!!! TO SORT 2026 JAMIE MIXED UPLOADED TO FOXY SORT INTO FOLDERS/Union J - Josh Cuthbert.jpg,/2019 TIDY - CELEBRITY FACEMASKS FINAL 7200 IMAGES/2026 MUSIC/Union J - Josh Cuthbert.jpg,move,not run,
4,/2019 TIDY - CELEBRITY FACEMASKS FINAL 7200 IMAGES/!!!!!!! TO SORT 2026 JAMIE MIXED UPLOADED TO FOXY SORT INTO FOLDERS/Vanessa White - The Saturdays.JPG,/2019 TIDY - CELEBRITY FACEMASKS FINAL 7200 IMAGES/2026 MUSIC/Vanessa White - The Saturdays.JPG,move,not run,
4,/2019 TIDY - CELEBRITY FACEMASKS FINAL 7200 IMAGES/!!!!!!! TO SORT 2026 JAMIE MIXED UPLOADED TO FOXY SORT INTO FOLDERS/Victoria Song.jpg,/2019 TIDY - CELEBRITY FACEMASKS FINAL 7200 IMAGES/2026 MUSIC/Victoria Song.jpg,move,not run,
4,/2019 TIDY - CELEBRITY FACEMASKS FINAL 7200 IMAGES/!!!!!!! TO SORT 2026 JAMIE MIXED UPLOADED TO FOXY SORT INTO FOLDERS/WILLIE NELSON SPICEWOOD 1998.jpg,/2019 TIDY - CELEBRITY FACEMASKS FINAL 7200 IMAGES/2026 MUSIC/WILLIE NELSON SPICEWOOD 1998.jpg,move,not run,
4,/2019 TIDY - CELEBRITY FACEMASKS FINAL 7200 IMAGES/!!!!!!! TO SORT 2026 JAMIE MIXED UPLOADED TO FOXY SORT INTO FOLDERS/Wiz Khalifa.jpg,/2019 TIDY - CELEBRITY FACEMASKS FINAL 7200 IMAGES/2026 MUSIC/Wiz Khalifa.jpg,move,not run,
4,/2019 TIDY - CELEBRITY FACEMASKS FINAL 7200 IMAGES/!!!!!!! TO SORT 2026 JAMIE MIXED UPLOADED TO FOXY SORT INTO FOLDERS/Wizzard.jpg,/2019 TIDY - CELEBRITY FACEMASKS FINAL 7200 IMAGES/2026 MUSIC/Wizzard.jpg,move,not run,
4,/2019 TIDY - CELEBRITY FACEMASKS FINAL 7200 IMAGES/!!!!!!! TO SORT 2026 JAMIE MIXED UPLOADED TO FOXY SORT INTO FOLDERS/Zedd.jpg,/2019 TIDY - CELEBRITY FACEMASKS FINAL 7200 IMAGES/2026 MUSIC/Zedd.jpg,move,not run,
4,/2019 TIDY - CELEBRITY FACEMASKS FINAL 7200 IMAGES/!!!!!!! TO SORT 2026 JAMIE MIXED UPLOADED TO FOXY SORT INTO FOLDERS/andrea corr.jpg,/2019 TIDY - CELEBRITY FACEMASKS FINAL 7200 IMAGES/2026 MUSIC/andrea corr.jpg,move,not run,
4,/2019 TIDY - CELEBRITY FACEMASKS FINAL 7200 IMAGES/!!!!!!! TO SORT 2026 JAMIE MIXED UPLOADED TO FOXY SORT INTO FOLDERS/anthony kiedis - red hot chilli peppers.jpg,/2019 TIDY - CELEBRITY FACEMASKS FINAL 7200 IMAGES/2026 MUSIC/anthony kiedis - red hot chilli peppers.jpg,move,not run,
4,/2019 TIDY - CELEBRITY FACEMASKS FINAL 7200 IMAGES/!!!!!!! TO SORT 2026 JAMIE MIXED UPLOADED TO FOXY SORT INTO FOLDERS/caroline corr.jpg,/2019 TIDY - CELEBRITY FACEMASKS FINAL 7200 IMAGES/2026 MUSIC/caroline corr.jpg,move,not run,
4,/2019 TIDY - CELEBRITY FACEMASKS FINAL 7200 IMAGES/!!!!!!! TO SORT 2026 JAMIE MIXED UPLOADED TO FOXY SORT INTO FOLDERS/jim corr.jpg,/2019 TIDY - CELEBRITY FACEMASKS FINAL 7200 IMAGES/2026 MUSIC/jim corr.jpg,move,not run,
4,/2019 TIDY - CELEBRITY FACEMASKS FINAL 7200 IMAGES/!!!!!!! TO SORT 2026 JAMIE MIXED UPLOADED TO FOXY SORT INTO FOLDERS/john frusciante -red hot chilli peppers.jpg,/2019 TIDY - CELEBRITY FACEMASKS FINAL 7200 IMAGES/2026 MUSIC/john frusciante -red hot chilli peppers.jpg,move,not run,
4,/2019 TIDY - CELEBRITY FACEMASKS FINAL 7200 IMAGES/!!!!!!! TO SORT 2026 JAMIE MIXED UPLOADED TO FOXY SORT INTO FOLDERS/jose feliciano.jpg,/2019 TIDY - CELEBRITY FACEMASKS FINAL 7200 IMAGES/2026 MUSIC/jose feliciano.jpg,move,not run,
4,/2019 TIDY - CELEBRITY FACEMASKS FINAL 7200 IMAGES/!!!!!!! TO SORT 2026 JAMIE MIXED UPLOADED TO FOXY SORT INTO FOLDERS/nial horran smirk.jpg,/2019 TIDY - CELEBRITY FACEMASKS FINAL 7200 IMAGES/2026 MUSIC/nial horran smirk.jpg,move,not run,
4,/2019 TIDY - CELEBRITY FACEMASKS FINAL 7200 IMAGES/!!!!!!! TO SORT 2026 JAMIE MIXED UPLOADED TO FOXY SORT INTO FOLDERS/richard fairbrass.jpg,/2019 TIDY - CELEBRITY FACEMASKS FINAL 7200 IMAGES/2026 MUSIC/richard fairbrass.jpg,move,not run,
4,/2019 TIDY - CELEBRITY FACEMASKS FINAL 7200 IMAGES/!!!!!!! TO SORT 2026 JAMIE MIXED UPLOADED TO FOXY SORT INTO FOLDERS/sebastien IZAMBARD.jpg,/2019 TIDY - CELEBRITY FACEMASKS FINAL 7200 IMAGES/2026 MUSIC/sebastien IZAMBARD.jpg,move,not run,
4,/2019 TIDY - CELEBRITY FACEMASKS FINAL 7200 IMAGES/!!!!!!! TO SORT 2026 JAMIE MIXED UPLOADED TO FOXY SORT INTO FOLDERS/shane ward.jpg,/2019 TIDY - CELEBRITY FACEMASKS FINAL 7200 IMAGES/2026 MUSIC/shane ward.jpg,move,not run,
4,/2019 TIDY - CELEBRITY FACEMASKS FINAL 7200 IMAGES/!!!!!!! TO SORT 2026 JAMIE MIXED UPLOADED TO FOXY SORT INTO FOLDERS/sharon corr.jpg,/2019 TIDY - CELEBRITY FACEMASKS FINAL 7200 IMAGES/2026 MUSIC/sharon corr.jpg,move,not run,
4,/2019 TIDY - CELEBRITY FACEMASKS FINAL 7200 IMAGES/!!!!!!! TO SORT 2026 JAMIE MIXED UPLOADED TO FOXY SORT INTO FOLDERS/stuart Cable -stereophonics.jpg,/2019 TIDY - CELEBRITY FACEMASKS FINAL 7200 IMAGES/2026 MUSIC/stuart Cable -stereophonics.jpg,move,not run,
4,/2019 TIDY - CELEBRITY FACEMASKS FINAL 7200 IMAGES/!!!!!!! TO SORT 2026 JAMIE MIXED UPLOADED TO FOXY SORT INTO FOLDERS/Diane Abbott.jpg,/2019 TIDY - CELEBRITY FACEMASKS FINAL 7200 IMAGES/2026 ROYALS AND POLITICIANS/Diane Abbott.jpg,move,not run,
4,/2019 TIDY - CELEBRITY FACEMASKS FINAL 7200 IMAGES/!!!!!!! TO SORT 2026 JAMIE MIXED UPLOADED TO FOXY SORT INTO FOLDERS/Gordon Brown JB fixed.jpg,/2019 TIDY - CELEBRITY FACEMASKS FINAL 7200 IMAGES/2026 ROYALS AND POLITICIANS/Gordon Brown JB fixed.jpg,move,not run,
4,/2019 TIDY - CELEBRITY FACEMASKS FINAL 7200 IMAGES/!!!!!!! TO SORT 2026 JAMIE MIXED UPLOADED TO FOXY SORT INTO FOLDERS/Joe Biden.jpg,/2019 TIDY - CELEBRITY FACEMASKS FINAL 7200 IMAGES/2026 ROYALS AND POLITICIANS/Joe Biden.jpg,move,not run,
4,/2019 TIDY - CELEBRITY FACEMASKS FINAL 7200 IMAGES/!!!!!!! TO SORT 2026 JAMIE MIXED UPLOADED TO FOXY SORT INTO FOLDERS/Kamala Harris.jpg,/2019 TIDY - CELEBRITY FACEMASKS FINAL 7200 IMAGES/2026 ROYALS AND POLITICIANS/Kamala Harris.jpg,move,not run,
4,/2019 TIDY - CELEBRITY FACEMASKS FINAL 7200 IMAGES/!!!!!!! TO SORT 2026 JAMIE MIXED UPLOADED TO FOXY SORT INTO FOLDERS/King Harrold - Shrek.jpg,/2019 TIDY - CELEBRITY FACEMASKS FINAL 7200 IMAGES/2026 ROYALS AND POLITICIANS/King Harrold - Shrek.jpg,move,not run,
4,/2019 TIDY - CELEBRITY FACEMASKS FINAL 7200 IMAGES/!!!!!!! TO SORT 2026 JAMIE MIXED UPLOADED TO FOXY SORT INTO FOLDERS/Michael Fabricant MP.jpg,/2019 TIDY - CELEBRITY FACEMASKS FINAL 7200 IMAGES/2026 ROYALS AND POLITICIANS/Michael Fabricant MP.jpg,move,not run,
4,/2019 TIDY - CELEBRITY FACEMASKS FINAL 7200 IMAGES/!!!!!!! TO SORT 2026 JAMIE MIXED UPLOADED TO FOXY SORT INTO FOLDERS/Richard Tice-Reform UK.jpg,/2019 TIDY - CELEBRITY FACEMASKS FINAL 7200 IMAGES/2026 ROYALS AND POLITICIANS/Richard Tice-Reform UK.jpg,move,not run,
4,/2019 TIDY - CELEBRITY FACEMASKS FINAL 7200 IMAGES/!!!!!!! TO SORT 2026 JAMIE MIXED UPLOADED TO FOXY SORT INTO FOLDERS/Ronald Regan.jpg,/2019 TIDY - CELEBRITY FACEMASKS FINAL 7200 IMAGES/2026 ROYALS AND POLITICIANS/Ronald Regan.jpg,move,not run,
4,/2019 TIDY - CELEBRITY FACEMASKS FINAL 7200 IMAGES/!!!!!!! TO SORT 2026 JAMIE MIXED UPLOADED TO FOXY SORT INTO FOLDERS/Sajid Javid.jpg,/2019 TIDY - CELEBRITY FACEMASKS FINAL 7200 IMAGES/2026 ROYALS AND POLITICIANS/Sajid Javid.jpg,move,not run,
4,/2019 TIDY - CELEBRITY FACEMASKS FINAL 7200 IMAGES/!!!!!!! TO SORT 2026 JAMIE MIXED UPLOADED TO FOXY SORT INTO FOLDERS/Sarah Ferguson.jpg,/2019 TIDY - CELEBRITY FACEMASKS FINAL 7200 IMAGES/2026 ROYALS AND POLITICIANS/Sarah Ferguson (larger).jpg,duplicate_larger,not run,
4,/2019 TIDY - CELEBRITY FACEMASKS FINAL 7200 IMAGES/!!!!!!! TO SORT 2026 JAMIE MIXED UPLOADED TO FOXY SORT INTO FOLDERS/Sarah Fergusson Royal.jpg,/2019 TIDY - CELEBRITY FACEMASKS FINAL 7200 IMAGES/2026 ROYALS AND POLITICIANS/Sarah Fergusson Royal.jpg,move,not run,
4,/2019 TIDY - CELEBRITY FACEMASKS FINAL 7200 IMAGES/!!!!!!! TO SORT 2026 JAMIE MIXED UPLOADED TO FOXY SORT INTO FOLDERS/Sarah Palin.jpg,/2019 TIDY - CELEBRITY FACEMASKS FINAL 7200 IMAGES/2026 ROYALS AND POLITICIANS/Sarah Palin.jpg,move,not run,
4,/2019 TIDY - CELEBRITY FACEMASKS FINAL 7200 IMAGES/!!!!!!! TO SORT 2026 JAMIE MIXED UPLOADED TO FOXY SORT INTO FOLDERS/Shinzo Abe Politician.jpg,/2019 TIDY - CELEBRITY FACEMASKS FINAL 7200 IMAGES/2026 ROYALS AND POLITICIANS/Shinzo Abe Politician.jpg,move,not run,
4,/2019 TIDY - CELEBRITY FACEMASKS FINAL 7200 IMAGES/!!!!!!! TO SORT 2026 JAMIE MIXED UPLOADED TO FOXY SORT INTO FOLDERS/Silvio Berlusconi.jpg,/2019 TIDY - CELEBRITY FACEMASKS FINAL 7200 IMAGES/2026 ROYALS AND POLITICIANS/Silvio Berlusconi.jpg,move,not run,
4,/2019 TIDY - CELEBRITY FACEMASKS FINAL 7200 IMAGES/!!!!!!! TO SORT 2026 JAMIE MIXED UPLOADED TO FOXY SORT INTO FOLDERS/Sir Vince Cable Politician.jpg,/2019 TIDY - CELEBRITY FACEMASKS FINAL 7200 IMAGES/2026 ROYALS AND POLITICIANS/Sir Vince Cable Politician.jpg,move,not run,
4,/2019 TIDY - CELEBRITY FACEMASKS FINAL 7200 IMAGES/!!!!!!! TO SORT 2026 JAMIE MIXED UPLOADED TO FOXY SORT INTO FOLDERS/Sophie of wessex.jpg,/2019 TIDY - CELEBRITY FACEMASKS FINAL 7200 IMAGES/2026 ROYALS AND POLITICIANS/Sophie of wessex.jpg,move,not run,
4,/2019 TIDY - CELEBRITY FACEMASKS FINAL 7200 IMAGES/!!!!!!! TO SORT 2026 JAMIE MIXED UPLOADED TO FOXY SORT INTO FOLDERS/THE QUEEN CROWN.jpg,/2019 TIDY - CELEBRITY FACEMASKS FINAL 7200 IMAGES/2026 ROYALS AND POLITICIANS/THE QUEEN CROWN.jpg,move,not run,
4,/2019 TIDY - CELEBRITY FACEMASKS FINAL 7200 IMAGES/!!!!!!! TO SORT 2026 JAMIE MIXED UPLOADED TO FOXY SORT INTO FOLDERS/The Queen NO Crown.jpg,/2019 TIDY - CELEBRITY FACEMASKS FINAL 7200 IMAGES/2026 ROYALS AND POLITICIANS/The Queen NO Crown.jpg,move,not run,
4,/2019 TIDY - CELEBRITY FACEMASKS FINAL 7200 IMAGES/!!!!!!! TO SORT 2026 JAMIE MIXED UPLOADED TO FOXY SORT INTO FOLDERS/Theresa Villiers - Politician.jpg,/2019 TIDY - CELEBRITY FACEMASKS FINAL 7200 IMAGES/2026 ROYALS AND POLITICIANS/Theresa Villiers - Politician.jpg,move,not run,
4,/2019 TIDY - CELEBRITY FACEMASKS FINAL 7200 IMAGES/!!!!!!! TO SORT 2026 JAMIE MIXED UPLOADED TO FOXY SORT INTO FOLDERS/Tony Blair New.jpg,/2019 TIDY - CELEBRITY FACEMASKS FINAL 7200 IMAGES/2026 ROYALS AND POLITICIANS/Tony Blair New.jpg,move,not run,
4,/2019 TIDY - CELEBRITY FACEMASKS FINAL 7200 IMAGES/!!!!!!! TO SORT 2026 JAMIE MIXED UPLOADED TO FOXY SORT INTO FOLDERS/Tony benn.jpg,/2019 TIDY - CELEBRITY FACEMASKS FINAL 7200 IMAGES/2026 ROYALS AND POLITICIANS/Tony benn.jpg,move,not run,
4,/2019 TIDY - CELEBRITY FACEMASKS FINAL 7200 IMAGES/!!!!!!! TO SORT 2026 JAMIE MIXED UPLOADED TO FOXY SORT INTO FOLDERS/Vince Cable.jpg,/2019 TIDY - CELEBRITY FACEMASKS FINAL 7200 IMAGES/2026 ROYALS AND POLITICIANS/Vince Cable.jpg,move,not run,
4,/2019 TIDY - CELEBRITY FACEMASKS FINAL 7200 IMAGES/!!!!!!! TO SORT 2026 JAMIE MIXED UPLOADED TO FOXY SORT INTO FOLDERS/Vladimir Ilyich Lenin Portrait.jpg,/2019 TIDY - CELEBRITY FACEMASKS FINAL 7200 IMAGES/2026 ROYALS AND POLITICIANS/Vladimir Ilyich Lenin Portrait.jpg,move,not run,
4,/2019 TIDY - CELEBRITY FACEMASKS FINAL 7200 IMAGES/!!!!!!! TO SORT 2026 JAMIE MIXED UPLOADED TO FOXY SORT INTO FOLDERS/Vladimir Putin Politician.jpg,/2019 TIDY - CELEBRITY FACEMASKS FINAL 7200 IMAGES/2026 ROYALS AND POLITICIANS/Vladimir Putin Politician.jpg,move,not run,
4,/2019 TIDY - CELEBRITY FACEMASKS FINAL 7200 IMAGES/!!!!!!! TO SORT 2026 JAMIE MIXED UPLOADED TO FOXY SORT INTO FOLDERS/William Hague.jpg,/2019 TIDY - CELEBRITY FACEMASKS FINAL 7200 IMAGES/2026 ROYALS AND POLITICIANS/William Hague.jpg,move,not run,
4,/2019 TIDY - CELEBRITY FACEMASKS FINAL 7200 IMAGES/!!!!!!! TO SORT 2026 JAMIE MIXED UPLOADED TO FOXY SORT INTO FOLDERS/Winston Churchill.jpg,/2019 TIDY - CELEBRITY FACEMASKS FINAL 7200 IMAGES/2026 ROYALS AND POLITICIANS/Winston Churchill.jpg,move,not run,
4,/2019 TIDY - CELEBRITY FACEMASKS FINAL 7200 IMAGES/!!!!!!! TO SORT 2026 JAMIE MIXED UPLOADED TO FOXY SORT INTO FOLDERS/Xi JinPing Politician.png,/2019 TIDY - CELEBRITY FACEMASKS FINAL 7200 IMAGES/2026 ROYALS AND POLITICIANS/Xi JinPing Politician.png,move,not run,
4,/2019 TIDY - CELEBRITY FACEMASKS FINAL 7200 IMAGES/!!!!!!! TO SORT 2026 JAMIE MIXED UPLOADED TO FOXY SORT INTO FOLDERS/Zara Philips.JPG,/2019 TIDY - CELEBRITY FACEMASKS FINAL 7200 IMAGES/2026 ROYALS AND POLITICIANS/Zara Philips.JPG,move,not run,
4,/2019 TIDY - CELEBRITY FACEMASKS FINAL 7200 IMAGES/!!!!!!! TO SORT 2026 JAMIE MIXED UPLOADED TO FOXY SORT INTO FOLDERS/angela rayner.jpg,/2019 TIDY - CELEBRITY FACEMASKS FINAL 7200 IMAGES/2026 ROYALS AND POLITICIANS/angela rayner.jpg,move,not run,
4,/2019 TIDY - CELEBRITY FACEMASKS FINAL 7200 IMAGES/!!!!!!! TO SORT 2026 JAMIE MIXED UPLOADED TO FOXY SORT INTO FOLDERS/samanth Cameron.jpg,/2019 TIDY - CELEBRITY FACEMASKS FINAL 7200 IMAGES/2026 ROYALS AND POLITICIANS/samanth Cameron.jpg,move,not run,
4,/2019 TIDY - CELEBRITY FACEMASKS FINAL 7200 IMAGES/!!!!!!! TO SORT 2026 JAMIE MIXED UPLOADED TO FOXY SORT INTO FOLDERS/stalin.jpg,/2019 TIDY - CELEBRITY FACEMASKS FINAL 7200 IMAGES/2026 ROYALS AND POLITICIANS/stalin.jpg,move,not run,
4,/2019 TIDY - CELEBRITY FACEMASKS FINAL 7200 IMAGES/!!!!!!! TO SORT 2026 JAMIE MIXED UPLOADED TO FOXY SORT INTO FOLDERS/stephen harper Politician.jpg,/2019 TIDY - CELEBRITY FACEMASKS FINAL 7200 IMAGES/2026 ROYALS AND POLITICIANS/stephen harper Politician.jpg,move,not run,
4,/2019 TIDY - CELEBRITY FACEMASKS FINAL 7200 IMAGES/!!!!!!! TO SORT 2026 JAMIE MIXED UPLOADED TO FOXY SORT INTO FOLDERS/vladimir putin.jpg,/2019 TIDY - CELEBRITY FACEMASKS FINAL 7200 IMAGES/2026 ROYALS AND POLITICIANS/vladimir putin.jpg,move,not run,
4,/2019 TIDY - CELEBRITY FACEMASKS FINAL 7200 IMAGES/!!!!!!! TO SORT 2026 JAMIE MIXED UPLOADED TO FOXY SORT INTO FOLDERS/Ja Morant - Basketball.jpg,/2019 TIDY - CELEBRITY FACEMASKS FINAL 7200 IMAGES/2026 SPORTS STARS/Basketball/Ja Morant - Basketball.jpg,move,not run,
4,/2019 TIDY - CELEBRITY FACEMASKS FINAL 7200 IMAGES/!!!!!!! TO SORT 2026 JAMIE MIXED UPLOADED TO FOXY SORT INTO FOLDERS/Shaquile oneil.jpg,/2019 TIDY - CELEBRITY FACEMASKS FINAL 7200 IMAGES/2026 SPORTS STARS/Basketball/Shaquile oneil.jpg,move,not run,
5,/2019 TIDY - CELEBRITY FACEMASKS FINAL 7200 IMAGES/!!!!!!! TO SORT 2026 JAMIE MIXED UPLOADED TO FOXY SORT INTO FOLDERS/Steve Nash.jpg,/2019 TIDY - CELEBRITY FACEMASKS FINAL 7200 IMAGES/2026 SPORTS STARS/Basketball/Steve Nash.jpg,move,not run,
5,/2019 TIDY - CELEBRITY FACEMASKS FINAL 7200 IMAGES/!!!!!!! TO SORT 2026 JAMIE MIXED UPLOADED TO FOXY SORT INTO FOLDERS/Thomas Voeckler.jpg,/2019 TIDY - CELEBRITY FACEMASKS FINAL 7200 IMAGES/2026 SPORTS STARS/Cycling/Thomas Voeckler.jpg,move,not run,
5,/2019 TIDY - CELEBRITY FACEMASKS FINAL 7200 IMAGES/!!!!!!! TO SORT 2026 JAMIE MIXED UPLOADED TO FOXY SORT INTO FOLDERS/Vincenzo Nibali.jpg,/2019 TIDY - CELEBRITY FACEMASKS FINAL 7200 IMAGES/2026 SPORTS STARS/Cycling/Vincenzo Nibali.jpg,move,not run,
5,/2019 TIDY - CELEBRITY FACEMASKS FINAL 7200 IMAGES/!!!!!!! TO SORT 2026 JAMIE MIXED UPLOADED TO FOXY SORT INTO FOLDERS/richie porte.jpg,/2019 TIDY - CELEBRITY FACEMASKS FINAL 7200 IMAGES/2026 SPORTS STARS/Cycling/richie porte.jpg,move,not run,
5,/2019 TIDY - CELEBRITY FACEMASKS FINAL 7200 IMAGES/!!!!!!! TO SORT 2026 JAMIE MIXED UPLOADED TO FOXY SORT INTO FOLDERS/roman kreuziger.jpg,/2019 TIDY - CELEBRITY FACEMASKS FINAL 7200 IMAGES/2026 SPORTS STARS/Cycling/roman kreuziger.jpg,move,not run,
5,/2019 TIDY - CELEBRITY FACEMASKS FINAL 7200 IMAGES/!!!!!!! TO SORT 2026 JAMIE MIXED UPLOADED TO FOXY SORT INTO FOLDERS/victoria pendleton.jpg,/2019 TIDY - CELEBRITY FACEMASKS FINAL 7200 IMAGES/2026 SPORTS STARS/Olympic Athletes/victoria pendleton (larger).jpg,duplicate_larger,not run,
5,/2019 TIDY - CELEBRITY FACEMASKS FINAL 7200 IMAGES/!!!!!!! TO SORT 2026 JAMIE MIXED UPLOADED TO FOXY SORT INTO FOLDERS/Brian Harman - Golf.jpg,/2019 TIDY - CELEBRITY FACEMASKS FINAL 7200 IMAGES/2026 SPORTS STARS/Golf/Brian Harman - Golf.jpg,move,not run,
5,/2019 TIDY - CELEBRITY FACEMASKS FINAL 7200 IMAGES/!!!!!!! TO SORT 2026 JAMIE MIXED UPLOADED TO FOXY SORT INTO FOLDERS/Cameron Smith.jpg,/2019 TIDY - CELEBRITY FACEMASKS FINAL 7200 IMAGES/2026 SPORTS STARS/Golf/Cameron Smith.jpg,move,not run,
5,/2019 TIDY - CELEBRITY FACEMASKS FINAL 7200 IMAGES/!!!!!!! TO SORT 2026 JAMIE MIXED UPLOADED TO FOXY SORT INTO FOLDERS/Cameron Young- golf.jpg,/2019 TIDY - CELEBRITY FACEMASKS FINAL 7200 IMAGES/2026 SPORTS STARS/Golf/Cameron Young- golf.jpg,move,not run,
5,/2019 TIDY - CELEBRITY FACEMASKS FINAL 7200 IMAGES/!!!!!!! TO SORT 2026 JAMIE MIXED UPLOADED TO FOXY SORT INTO FOLDERS/Charley Hull - Golf.jpg,/2019 TIDY - CELEBRITY FACEMASKS FINAL 7200 IMAGES/2026 SPORTS STARS/Golf/Charley Hull - Golf.jpg,move,not run,
5,/2019 TIDY - CELEBRITY FACEMASKS FINAL 7200 IMAGES/!!!!!!! TO SORT 2026 JAMIE MIXED UPLOADED TO FOXY SORT INTO FOLDERS/Max Homa -Golf.jpg,/2019 TIDY - CELEBRITY FACEMASKS FINAL 7200 IMAGES/2026 SPORTS STARS/Golf/Max Homa -Golf.jpg,move,not run,
5,/2019 TIDY - CELEBRITY FACEMASKS FINAL 7200 IMAGES/!!!!!!! TO SORT 2026 JAMIE MIXED UPLOADED TO FOXY SORT INTO FOLDERS/Patrick Cantlay- Golf.jpg,/2019 TIDY - CELEBRITY FACEMASKS FINAL 7200 IMAGES/2026 SPORTS STARS/Golf/Patrick Cantlay- Golf.jpg,move,not run,
5,/2019 TIDY - CELEBRITY FACEMASKS FINAL 7200 IMAGES/!!!!!!! TO SORT 2026 JAMIE MIXED UPLOADED TO FOXY SORT INTO FOLDERS/Sam Torrence.jpg,/2019 TIDY - CELEBRITY FACEMASKS FINAL 7200 IMAGES/2026 SPORTS STARS/Golf/Sam Torrence.jpg,move,not run,
5,/2019 TIDY - CELEBRITY FACEMASKS FINAL 7200 IMAGES/!!!!!!! TO SORT 2026 JAMIE MIXED UPLOADED TO FOXY SORT INTO FOLDERS/Scottie Scheffler- Golf.jpg,/2019 TIDY - CELEBRITY FACEMASKS FINAL 7200 IMAGES/2026 SPORTS STARS/Golf/Scottie Scheffler- Golf.jpg,move,not run,
5,/2019 TIDY - CELEBRITY FACEMASKS FINAL 7200 IMAGES/!!!!!!! TO SORT 2026 JAMIE MIXED UPLOADED TO FOXY SORT INTO FOLDERS/Shane Lowry - Golf.jpg,/2019 TIDY - CELEBRITY FACEMASKS FINAL 7200 IMAGES/2026 SPORTS STARS/Golf/Shane Lowry - Golf.jpg,move,not run,
5,/2019 TIDY - CELEBRITY FACEMASKS FINAL 7200 IMAGES/!!!!!!! TO SORT 2026 JAMIE MIXED UPLOADED TO FOXY SORT INTO FOLDERS/Snedeker_Brandt_10BAR2.jpg,/2019 TIDY - CELEBRITY FACEMASKS FINAL 7200 IMAGES/2026 SPORTS STARS/Golf/Snedeker_Brandt_10BAR2.jpg,move,not run,
5,/2019 TIDY - CELEBRITY FACEMASKS FINAL 7200 IMAGES/!!!!!!! TO SORT 2026 JAMIE MIXED UPLOADED TO FOXY SORT INTO FOLDERS/Wyndham Clark - Golf.jpg,/2019 TIDY - CELEBRITY FACEMASKS FINAL 7200 IMAGES/2026 SPORTS STARS/Golf/Wyndham Clark - Golf.jpg,move,not run,
5,/2019 TIDY - CELEBRITY FACEMASKS FINAL 7200 IMAGES/!!!!!!! TO SORT 2026 JAMIE MIXED UPLOADED TO FOXY SORT INTO FOLDERS/Xander Schauffele - Golf.jpg,/2019 TIDY - CELEBRITY FACEMASKS FINAL 7200 IMAGES/2026 SPORTS STARS/Golf/Xander Schauffele - Golf.jpg,move,not run,
5,/2019 TIDY - CELEBRITY FACEMASKS FINAL 7200 IMAGES/!!!!!!! TO SORT 2026 JAMIE MIXED UPLOADED TO FOXY SORT INTO FOLDERS/roberto castro.jpg,/2019 TIDY - CELEBRITY FACEMASKS FINAL 7200 IMAGES/2026 SPORTS STARS/Golf/roberto castro.jpg,move,not run,
5,/2019 TIDY - CELEBRITY FACEMASKS FINAL 7200 IMAGES/!!!!!!! TO SORT 2026 JAMIE MIXED UPLOADED TO FOXY SORT INTO FOLDERS/russell henley.jpg,/2019 TIDY - CELEBRITY FACEMASKS FINAL 7200 IMAGES/2026 SPORTS STARS/Golf/russell henley.jpg,move,not run,
5,/2019 TIDY - CELEBRITY FACEMASKS FINAL 7200 IMAGES/!!!!!!! TO SORT 2026 JAMIE MIXED UPLOADED TO FOXY SORT INTO FOLDERS/sandy lyle.jpg,/2019 TIDY - CELEBRITY FACEMASKS FINAL 7200 IMAGES/2026 SPORTS STARS/Golf/sandy lyle.jpg,move,not run,
5,/2019 TIDY - CELEBRITY FACEMASKS FINAL 7200 IMAGES/!!!!!!! TO SORT 2026 JAMIE MIXED UPLOADED TO FOXY SORT INTO FOLDERS/sergio garcia 2.jpg,/2019 TIDY - CELEBRITY FACEMASKS FINAL 7200 IMAGES/2026 SPORTS STARS/Golf/sergio garcia 2.jpg,variant,not run,
5,/2019 TIDY - CELEBRITY FACEMASKS FINAL 7200 IMAGES/!!!!!!! TO SORT 2026 JAMIE MIXED UPLOADED TO FOXY SORT INTO FOLDERS/thongchai jaidee.jpg,/2019 TIDY - CELEBRITY FACEMASKS FINAL 7200 IMAGES/2026 SPORTS STARS/Golf/thongchai jaidee.jpg,move,not run,
5,/2019 TIDY - CELEBRITY FACEMASKS FINAL 7200 IMAGES/!!!!!!! TO SORT 2026 JAMIE MIXED UPLOADED TO FOXY SORT INTO FOLDERS/tom watson.jpg,/2019 TIDY - CELEBRITY FACEMASKS FINAL 7200 IMAGES/2026 SPORTS STARS/Golf/tom watson (larger).jpg,duplicate_larger,not run,
5,/2019 TIDY - CELEBRITY FACEMASKS FINAL 7200 IMAGES/!!!!!!! TO SORT 2026 JAMIE MIXED UPLOADED TO FOXY SORT INTO FOLDERS/tommy fleetwood.jpg,/2019 TIDY - CELEBRITY FACEMASKS FINAL 7200 IMAGES/2026 SPORTS STARS/Golf/tommy fleetwood.jpg,move,not run,
5,/2019 TIDY - CELEBRITY FACEMASKS FINAL 7200 IMAGES/!!!!!!! TO SORT 2026 JAMIE MIXED UPLOADED TO FOXY SORT INTO FOLDERS/victor Viktor Hovland - Golf.jpg,/2019 TIDY - CELEBRITY FACEMASKS FINAL 7200 IMAGES/2026 SPORTS STARS/Golf/victor Viktor Hovland - Golf.jpg,move,not run,
5,/2019 TIDY - CELEBRITY FACEMASKS FINAL 7200 IMAGES/!!!!!!! TO SORT 2026 JAMIE MIXED UPLOADED TO FOXY SORT INTO FOLDERS/victor dubuisson.jpg,/2019 TIDY - CELEBRITY FACEMASKS FINAL 7200 IMAGES/2026 SPORTS STARS/Golf/victor dubuisson.jpg,move,not run,
5,/2019 TIDY - CELEBRITY FACEMASKS FINAL 7200 IMAGES/!!!!!!! TO SORT 2026 JAMIE MIXED UPLOADED TO FOXY SORT INTO FOLDERS/webb simpson.jpg,/2019 TIDY - CELEBRITY FACEMASKS FINAL 7200 IMAGES/2026 SPORTS STARS/Golf/webb simpson.jpg,move,not run,
5,/2019 TIDY - CELEBRITY FACEMASKS FINAL 7200 IMAGES/!!!!!!! TO SORT 2026 JAMIE MIXED UPLOADED TO FOXY SORT INTO FOLDERS/FRANCIS NGANNOU 2023 - UFC.jpg,/2019 TIDY - CELEBRITY FACEMASKS FINAL 7200 IMAGES/2026 SPORTS STARS/MMA/FRANCIS NGANNOU 2023 - UFC.jpg,move,not run,
5,/2019 TIDY - CELEBRITY FACEMASKS FINAL 7200 IMAGES/!!!!!!! TO SORT 2026 JAMIE MIXED UPLOADED TO FOXY SORT INTO FOLDERS/OJ Simpson.jpg,/2019 TIDY - CELEBRITY FACEMASKS FINAL 7200 IMAGES/2026 SPORTS STARS/Misc Sports/OJ Simpson.jpg,move,not run,
5,/2019 TIDY - CELEBRITY FACEMASKS FINAL 7200 IMAGES/!!!!!!! TO SORT 2026 JAMIE MIXED UPLOADED TO FOXY SORT INTO FOLDERS/RUBY WALSH.jpg,/2019 TIDY - CELEBRITY FACEMASKS FINAL 7200 IMAGES/2026 SPORTS STARS/Misc Sports/RUBY WALSH.jpg,move,not run,
5,/2019 TIDY - CELEBRITY FACEMASKS FINAL 7200 IMAGES/!!!!!!! TO SORT 2026 JAMIE MIXED UPLOADED TO FOXY SORT INTO FOLDERS/Tymek Kucharczyk- polish racing motorsports.jpg,/2019 TIDY - CELEBRITY FACEMASKS FINAL 7200 IMAGES/2026 SPORTS STARS/Misc Sports/Tymek Kucharczyk- polish racing motorsports.jpg,move,not run,
5,/2019 TIDY - CELEBRITY FACEMASKS FINAL 7200 IMAGES/!!!!!!! TO SORT 2026 JAMIE MIXED UPLOADED TO FOXY SORT INTO FOLDERS/ryan-newman 2016.jpg,/2019 TIDY - CELEBRITY FACEMASKS FINAL 7200 IMAGES/2026 SPORTS STARS/Misc Sports/ryan-newman 2016.jpg,move,not run,
5,/2019 TIDY - CELEBRITY FACEMASKS FINAL 7200 IMAGES/!!!!!!! TO SORT 2026 JAMIE MIXED UPLOADED TO FOXY SORT INTO FOLDERS/Christopher Dean-Torvill And Dean.jpg,/2019 TIDY - CELEBRITY FACEMASKS FINAL 7200 IMAGES/2026 SPORTS STARS/Olympic Athletes/Christopher Dean-Torvill And Dean.jpg,move,not run,
5,/2019 TIDY - CELEBRITY FACEMASKS FINAL 7200 IMAGES/!!!!!!! TO SORT 2026 JAMIE MIXED UPLOADED TO FOXY SORT INTO FOLDERS/Jayne Torvill-Torvill and Dean.jpg,/2019 TIDY - CELEBRITY FACEMASKS FINAL 7200 IMAGES/2026 SPORTS STARS/Olympic Athletes/Jayne Torvill-Torvill and Dean.jpg,move,not run,
5,/2019 TIDY - CELEBRITY FACEMASKS FINAL 7200 IMAGES/!!!!!!! TO SORT 2026 JAMIE MIXED UPLOADED TO FOXY SORT INTO FOLDERS/RAISMAN Alexandra.jpg,/2019 TIDY - CELEBRITY FACEMASKS FINAL 7200 IMAGES/2026 SPORTS STARS/Olympic Athletes/RAISMAN Alexandra.jpg,move,not run,
5,/2019 TIDY - CELEBRITY FACEMASKS FINAL 7200 IMAGES/!!!!!!! TO SORT 2026 JAMIE MIXED UPLOADED TO FOXY SORT INTO FOLDERS/SCHAEFER Pauline.jpg,/2019 TIDY - CELEBRITY FACEMASKS FINAL 7200 IMAGES/2026 SPORTS STARS/Olympic Athletes/SCHAEFER Pauline.jpg,move,not run,
5,/2019 TIDY - CELEBRITY FACEMASKS FINAL 7200 IMAGES/!!!!!!! TO SORT 2026 JAMIE MIXED UPLOADED TO FOXY SORT INTO FOLDERS/SPIRIDONOVA Daria.jpg,/2019 TIDY - CELEBRITY FACEMASKS FINAL 7200 IMAGES/2026 SPORTS STARS/Olympic Athletes/SPIRIDONOVA Daria.jpg,move,not run,
5,/2019 TIDY - CELEBRITY FACEMASKS FINAL 7200 IMAGES/!!!!!!! TO SORT 2026 JAMIE MIXED UPLOADED TO FOXY SORT INTO FOLDERS/Steve Redgrave - Olympics.jpg,/2019 TIDY - CELEBRITY FACEMASKS FINAL 7200 IMAGES/2026 SPORTS STARS/Olympic Athletes/Steve Redgrave - Olympics.jpg,move,not run,
5,/2019 TIDY - CELEBRITY FACEMASKS FINAL 7200 IMAGES/!!!!!!! TO SORT 2026 JAMIE MIXED UPLOADED TO FOXY SORT INTO FOLDERS/rebecca downie.jpg,/2019 TIDY - CELEBRITY FACEMASKS FINAL 7200 IMAGES/2026 SPORTS STARS/Olympic Athletes/rebecca downie.jpg,move,not run,
5,/2019 TIDY - CELEBRITY FACEMASKS FINAL 7200 IMAGES/!!!!!!! TO SORT 2026 JAMIE MIXED UPLOADED TO FOXY SORT INTO FOLDERS/shaun white2.jpg,/2019 TIDY - CELEBRITY FACEMASKS FINAL 7200 IMAGES/2026 SPORTS STARS/Olympic Athletes/shaun white2.jpg,move,not run,
5,/2019 TIDY - CELEBRITY FACEMASKS FINAL 7200 IMAGES/!!!!!!! TO SORT 2026 JAMIE MIXED UPLOADED TO FOXY SORT INTO FOLDERS/simone biles.jpg,/2019 TIDY - CELEBRITY FACEMASKS FINAL 7200 IMAGES/2026 SPORTS STARS/Olympic Athletes/simone biles.jpg,move,not run,
5,/2019 TIDY - CELEBRITY FACEMASKS FINAL 7200 IMAGES/!!!!!!! TO SORT 2026 JAMIE MIXED UPLOADED TO FOXY SORT INTO FOLDERS/Courtney Lawes - Rugby.jpg,/2019 TIDY - CELEBRITY FACEMASKS FINAL 7200 IMAGES/2026 SPORTS STARS/Rugby/Courtney Lawes - Rugby.jpg,move,not run,
5,/2019 TIDY - CELEBRITY FACEMASKS FINAL 7200 IMAGES/!!!!!!! TO SORT 2026 JAMIE MIXED UPLOADED TO FOXY SORT INTO FOLDERS/Ritchie Mccaw.jpg,/2019 TIDY - CELEBRITY FACEMASKS FINAL 7200 IMAGES/2026 SPORTS STARS/Rugby/Ritchie Mccaw.jpg,move,not run,
5,/2019 TIDY - CELEBRITY FACEMASKS FINAL 7200 IMAGES/!!!!!!! TO SORT 2026 JAMIE MIXED UPLOADED TO FOXY SORT INTO FOLDERS/Rob Burrow.jpg,/2019 TIDY - CELEBRITY FACEMASKS FINAL 7200 IMAGES/2026 SPORTS STARS/Rugby/Rob Burrow.jpg,move,not run,
5,/2019 TIDY - CELEBRITY FACEMASKS FINAL 7200 IMAGES/!!!!!!! TO SORT 2026 JAMIE MIXED UPLOADED TO FOXY SORT INTO FOLDERS/SAM WARBURTON.jpg,/2019 TIDY - CELEBRITY FACEMASKS FINAL 7200 IMAGES/2026 SPORTS STARS/Rugby/SAM WARBURTON.jpg,move,not run,
5,/2019 TIDY - CELEBRITY FACEMASKS FINAL 7200 IMAGES/!!!!!!! TO SORT 2026 JAMIE MIXED UPLOADED TO FOXY SORT INTO FOLDERS/SeanOBrien-e1492601179880.jpg,/2019 TIDY - CELEBRITY FACEMASKS FINAL 7200 IMAGES/2026 SPORTS STARS/Rugby/SeanOBrien-e1492601179880.jpg,move,not run,
5,/2019 TIDY - CELEBRITY FACEMASKS FINAL 7200 IMAGES/!!!!!!! TO SORT 2026 JAMIE MIXED UPLOADED TO FOXY SORT INTO FOLDERS/Sebastian Chabal.jpg,/2019 TIDY - CELEBRITY FACEMASKS FINAL 7200 IMAGES/2026 SPORTS STARS/Rugby/Sebastian Chabal.jpg,move,not run,
5,/2019 TIDY - CELEBRITY FACEMASKS FINAL 7200 IMAGES/!!!!!!! TO SORT 2026 JAMIE MIXED UPLOADED TO FOXY SORT INTO FOLDERS/Shane Williams.jpg,/2019 TIDY - CELEBRITY FACEMASKS FINAL 7200 IMAGES/2026 SPORTS STARS/Rugby/Shane Williams.jpg,move,not run,
5,/2019 TIDY - CELEBRITY FACEMASKS FINAL 7200 IMAGES/!!!!!!! TO SORT 2026 JAMIE MIXED UPLOADED TO FOXY SORT INTO FOLDERS/Stuart Hogg.jpg,/2019 TIDY - CELEBRITY FACEMASKS FINAL 7200 IMAGES/2026 SPORTS STARS/Rugby/Stuart Hogg.jpg,move,not run,
5,/2019 TIDY - CELEBRITY FACEMASKS FINAL 7200 IMAGES/!!!!!!! TO SORT 2026 JAMIE MIXED UPLOADED TO FOXY SORT INTO FOLDERS/TOBY FALETAU..jpg,/2019 TIDY - CELEBRITY FACEMASKS FINAL 7200 IMAGES/2026 SPORTS STARS/Rugby/TOBY FALETAU..jpg,move,not run,
5,/2019 TIDY - CELEBRITY FACEMASKS FINAL 7200 IMAGES/!!!!!!! TO SORT 2026 JAMIE MIXED UPLOADED TO FOXY SORT INTO FOLDERS/Toby Flood.jpg,/2019 TIDY - CELEBRITY FACEMASKS FINAL 7200 IMAGES/2026 SPORTS STARS/Rugby/Toby Flood.jpg,move,not run,
5,/2019 TIDY - CELEBRITY FACEMASKS FINAL 7200 IMAGES/!!!!!!! TO SORT 2026 JAMIE MIXED UPLOADED TO FOXY SORT INTO FOLDERS/Tom Croft.jpg,/2019 TIDY - CELEBRITY FACEMASKS FINAL 7200 IMAGES/2026 SPORTS STARS/Rugby/Tom Croft.jpg,move,not run,
5,/2019 TIDY - CELEBRITY FACEMASKS FINAL 7200 IMAGES/!!!!!!! TO SORT 2026 JAMIE MIXED UPLOADED TO FOXY SORT INTO FOLDERS/Warren Gatland.jpg,/2019 TIDY - CELEBRITY FACEMASKS FINAL 7200 IMAGES/2026 SPORTS STARS/Rugby/Warren Gatland.jpg,move,not run,
5,/2019 TIDY - CELEBRITY FACEMASKS FINAL 7200 IMAGES/!!!!!!! TO SORT 2026 JAMIE MIXED UPLOADED TO FOXY SORT INTO FOLDERS/Will Greenwood.jpg,/2019 TIDY - CELEBRITY FACEMASKS FINAL 7200 IMAGES/2026 SPORTS STARS/Rugby/Will Greenwood.jpg,move,not run,
5,/2019 TIDY - CELEBRITY FACEMASKS FINAL 7200 IMAGES/!!!!!!! TO SORT 2026 JAMIE MIXED UPLOADED TO FOXY SORT INTO FOLDERS/richie-mccaw-2104193580.jpg,/2019 TIDY - CELEBRITY FACEMASKS FINAL 7200 IMAGES/2026 SPORTS STARS/Rugby/richie-mccaw-2104193580.jpg,move,not run,
5,/2019 TIDY - CELEBRITY FACEMASKS FINAL 7200 IMAGES/!!!!!!! TO SORT 2026 JAMIE MIXED UPLOADED TO FOXY SORT INTO FOLDERS/rob-kearney-60-752x501.jpg,/2019 TIDY - CELEBRITY FACEMASKS FINAL 7200 IMAGES/2026 SPORTS STARS/Rugby/rob-kearney-60-752x501.jpg,move,not run,
5,/2019 TIDY - CELEBRITY FACEMASKS FINAL 7200 IMAGES/!!!!!!! TO SORT 2026 JAMIE MIXED UPLOADED TO FOXY SORT INTO FOLDERS/stuart barnes.jpg,/2019 TIDY - CELEBRITY FACEMASKS FINAL 7200 IMAGES/2026 SPORTS STARS/Rugby/stuart barnes.jpg,move,not run,
5,/2019 TIDY - CELEBRITY FACEMASKS FINAL 7200 IMAGES/!!!!!!! TO SORT 2026 JAMIE MIXED UPLOADED TO FOXY SORT INTO FOLDERS/will carling.jpg,/2019 TIDY - CELEBRITY FACEMASKS FINAL 7200 IMAGES/2026 SPORTS STARS/Rugby/will carling.jpg,move,not run,
5,/2019 TIDY - CELEBRITY FACEMASKS FINAL 7200 IMAGES/!!!!!!! TO SORT 2026 JAMIE MIXED UPLOADED TO FOXY SORT INTO FOLDERS/Jimmy Connors-Tennis.jpg,/2019 TIDY - CELEBRITY FACEMASKS FINAL 7200 IMAGES/2026 SPORTS STARS/Tennis/Jimmy Connors-Tennis.jpg,move,not run,
5,/2019 TIDY - CELEBRITY FACEMASKS FINAL 7200 IMAGES/!!!!!!! TO SORT 2026 JAMIE MIXED UPLOADED TO FOXY SORT INTO FOLDERS/Richard Gasquet.jpg,/2019 TIDY - CELEBRITY FACEMASKS FINAL 7200 IMAGES/2026 SPORTS STARS/Tennis/Richard Gasquet (larger).jpg,duplicate_larger,not run,
5,/2019 TIDY - CELEBRITY FACEMASKS FINAL 7200 IMAGES/!!!!!!! TO SORT 2026 JAMIE MIXED UPLOADED TO FOXY SORT INTO FOLDERS/Virginia Wade.jpg,/2019 TIDY - CELEBRITY FACEMASKS FINAL 7200 IMAGES/2026 SPORTS STARS/Tennis/Virginia Wade.jpg,move,not run,
5,/2019 TIDY - CELEBRITY FACEMASKS FINAL 7200 IMAGES/!!!!!!! TO SORT 2026 JAMIE MIXED UPLOADED TO FOXY SORT INTO FOLDERS/jake canuso 2020.jpg,/2019 TIDY - CELEBRITY FACEMASKS FINAL 7200 IMAGES/2026 TV SHOWS AND STARS/2026 BENIDORM/jake canuso 2020.jpg,move,not run,
5,/2019 TIDY - CELEBRITY FACEMASKS FINAL 7200 IMAGES/!!!!!!! TO SORT 2026 JAMIE MIXED UPLOADED TO FOXY SORT INTO FOLDERS/Martin Fowler _ Eastenders.jpg,/2019 TIDY - CELEBRITY FACEMASKS FINAL 7200 IMAGES/2026 TV SHOWS AND STARS/2026 Eastenders/Martin Fowler _ Eastenders.jpg,move,not run,
5,/2019 TIDY - CELEBRITY FACEMASKS FINAL 7200 IMAGES/!!!!!!! TO SORT 2026 JAMIE MIXED UPLOADED TO FOXY SORT INTO FOLDERS/RYAN HAWLEY.jpg,/2019 TIDY - CELEBRITY FACEMASKS FINAL 7200 IMAGES/2026 TV SHOWS AND STARS/2026 Emmerdale/RYAN HAWLEY.jpg,move,not run,
5,/2019 TIDY - CELEBRITY FACEMASKS FINAL 7200 IMAGES/!!!!!!! TO SORT 2026 JAMIE MIXED UPLOADED TO FOXY SORT INTO FOLDERS/Rik Makarem  Nikhil Sharma.jpg,/2019 TIDY - CELEBRITY FACEMASKS FINAL 7200 IMAGES/2026 TV SHOWS AND STARS/2026 Emmerdale/Rik Makarem  Nikhil Sharma.jpg,move,not run,
5,/2019 TIDY - CELEBRITY FACEMASKS FINAL 7200 IMAGES/!!!!!!! TO SORT 2026 JAMIE MIXED UPLOADED TO FOXY SORT INTO FOLDERS/verity rushworth.jpg,/2019 TIDY - CELEBRITY FACEMASKS FINAL 7200 IMAGES/2026 TV SHOWS AND STARS/2026 Emmerdale/verity rushworth.jpg,move,not run,
5,/2019 TIDY - CELEBRITY FACEMASKS FINAL 7200 IMAGES/!!!!!!! TO SORT 2026 JAMIE MIXED UPLOADED TO FOXY SORT INTO FOLDERS/victoria_sugden.jpg,/2019 TIDY - CELEBRITY FACEMASKS FINAL 7200 IMAGES/2026 TV SHOWS AND STARS/2026 Emmerdale/victoria_sugden.jpg,move,not run,
5,/2019 TIDY - CELEBRITY FACEMASKS FINAL 7200 IMAGES/!!!!!!! TO SORT 2026 JAMIE MIXED UPLOADED TO FOXY SORT INTO FOLDERS/Aidan Gallagher-Umbrella Academy.jpg,/2019 TIDY - CELEBRITY FACEMASKS FINAL 7200 IMAGES/2026 TV SHOWS AND STARS/Aidan Gallagher-Umbrella Academy.jpg,move,not run,
5,/2019 TIDY - CELEBRITY FACEMASKS FINAL 7200 IMAGES/!!!!!!! TO SORT 2026 JAMIE MIXED UPLOADED TO FOXY SORT INTO FOLDERS/Aidan Gallagher.jpg,/2019 TIDY - CELEBRITY FACEMASKS FINAL 7200 IMAGES/2026 TV SHOWS AND STARS/Aidan Gallagher.jpg,move,not run,
5,/2019 TIDY - CELEBRITY FACEMASKS FINAL 7200 IMAGES/!!!!!!! TO SORT 2026 JAMIE MIXED UPLOADED TO FOXY SORT INTO FOLDERS/Antony Royle-Royle Family.jpg,/2019 TIDY - CELEBRITY FACEMASKS FINAL 7200 IMAGES/2026 TV SHOWS AND STARS/Antony Royle-Royle Family.jpg,move,not run,
5,/2019 TIDY - CELEBRITY FACEMASKS FINAL 7200 IMAGES/!!!!!!! TO SORT 2026 JAMIE MIXED UPLOADED TO FOXY SORT INTO FOLDERS/Austin Abrams.jpg,/2019 TIDY - CELEBRITY FACEMASKS FINAL 7200 IMAGES/2026 TV SHOWS AND STARS/Austin Abrams.jpg,move,not run,
5,/2019 TIDY - CELEBRITY FACEMASKS FINAL 7200 IMAGES/!!!!!!! TO SORT 2026 JAMIE MIXED UPLOADED TO FOXY SORT INTO FOLDERS/Becky Tong JB.jpg,/2019 TIDY - CELEBRITY FACEMASKS FINAL 7200 IMAGES/2026 TV SHOWS AND STARS/Becky Tong JB.jpg,move,not run,
5,/2019 TIDY - CELEBRITY FACEMASKS FINAL 7200 IMAGES/!!!!!!! TO SORT 2026 JAMIE MIXED UPLOADED TO FOXY SORT INTO FOLDERS/Bethany Anne Lind 2020 Face.jpg,/2019 TIDY - CELEBRITY FACEMASKS FINAL 7200 IMAGES/2026 TV SHOWS AND STARS/Bethany Anne Lind 2020 Face.jpg,move,not run,
5,/2019 TIDY - CELEBRITY FACEMASKS FINAL 7200 IMAGES/!!!!!!! TO SORT 2026 JAMIE MIXED UPLOADED TO FOXY SORT INTO FOLDERS/Chad Duell.jpg,/2019 TIDY - CELEBRITY FACEMASKS FINAL 7200 IMAGES/2026 TV SHOWS AND STARS/Chad Duell.jpg,move,not run,
5,/2019 TIDY - CELEBRITY FACEMASKS FINAL 7200 IMAGES/!!!!!!! TO SORT 2026 JAMIE MIXED UPLOADED TO FOXY SORT INTO FOLDERS/Chai Hansen.jpg,/2019 TIDY - CELEBRITY FACEMASKS FINAL 7200 IMAGES/2026 TV SHOWS AND STARS/Chai Hansen.jpg,move,not run,
5,/2019 TIDY - CELEBRITY FACEMASKS FINAL 7200 IMAGES/!!!!!!! TO SORT 2026 JAMIE MIXED UPLOADED TO FOXY SORT INTO FOLDERS/Cody Fern.jpg,/2019 TIDY - CELEBRITY FACEMASKS FINAL 7200 IMAGES/2026 TV SHOWS AND STARS/Cody Fern.jpg,move,not run,
5,/2019 TIDY - CELEBRITY FACEMASKS FINAL 7200 IMAGES/!!!!!!! TO SORT 2026 JAMIE MIXED UPLOADED TO FOXY SORT INTO FOLDERS/Darren Barnet.jpg,/2019 TIDY - CELEBRITY FACEMASKS FINAL 7200 IMAGES/2026 TV SHOWS AND STARS/Darren Barnet.jpg,move,not run,
5,/2019 TIDY - CELEBRITY FACEMASKS FINAL 7200 IMAGES/!!!!!!! TO SORT 2026 JAMIE MIXED UPLOADED TO FOXY SORT INTO FOLDERS/Eman Esfandi.jpg,/2019 TIDY - CELEBRITY FACEMASKS FINAL 7200 IMAGES/2026 TV SHOWS AND STARS/Eman Esfandi.jpg,move,not run,
5,/2019 TIDY - CELEBRITY FACEMASKS FINAL 7200 IMAGES/!!!!!!! TO SORT 2026 JAMIE MIXED UPLOADED TO FOXY SORT INTO FOLDERS/Freddie Highmore.jpg,/2019 TIDY - CELEBRITY FACEMASKS FINAL 7200 IMAGES/2026 TV SHOWS AND STARS/Freddie Highmore.jpg,move,not run,
5,/2019 TIDY - CELEBRITY FACEMASKS FINAL 7200 IMAGES/!!!!!!! TO SORT 2026 JAMIE MIXED UPLOADED TO FOXY SORT INTO FOLDERS/ruth jones.jpg,/2019 TIDY - CELEBRITY FACEMASKS FINAL 7200 IMAGES/2026 TV SHOWS AND STARS/GAVIN STACEY/ruth jones (larger).jpg,duplicate_larger,not run,
5,/2019 TIDY - CELEBRITY FACEMASKS FINAL 7200 IMAGES/!!!!!!! TO SORT 2026 JAMIE MIXED UPLOADED TO FOXY SORT INTO FOLDERS/Vicky Pattison.jpg,/2019 TIDY - CELEBRITY FACEMASKS FINAL 7200 IMAGES/2026 TV SHOWS AND STARS/GEORDIE SHORE/Vicky Pattison.jpg,move,not run,
5,/2019 TIDY - CELEBRITY FACEMASKS FINAL 7200 IMAGES/!!!!!!! TO SORT 2026 JAMIE MIXED UPLOADED TO FOXY SORT INTO FOLDERS/Guy Fieri.jpg,/2019 TIDY - CELEBRITY FACEMASKS FINAL 7200 IMAGES/2026 TV SHOWS AND STARS/Guy Fieri.jpg,move,not run,
5,/2019 TIDY - CELEBRITY FACEMASKS FINAL 7200 IMAGES/!!!!!!! TO SORT 2026 JAMIE MIXED UPLOADED TO FOXY SORT INTO FOLDERS/Hannah Waddingham-Eurovision Pack.jpg,/2019 TIDY - CELEBRITY FACEMASKS FINAL 7200 IMAGES/2026 TV SHOWS AND STARS/Hannah Waddingham-Eurovision Pack.jpg,move,not run,
5,/2019 TIDY - CELEBRITY FACEMASKS FINAL 7200 IMAGES/!!!!!!! TO SORT 2026 JAMIE MIXED UPLOADED TO FOXY SORT INTO FOLDERS/Heather Locklear.jpg,/2019 TIDY - CELEBRITY FACEMASKS FINAL 7200 IMAGES/2026 TV SHOWS AND STARS/Heather Locklear.jpg,move,not run,
5,/2019 TIDY - CELEBRITY FACEMASKS FINAL 7200 IMAGES/!!!!!!! TO SORT 2026 JAMIE MIXED UPLOADED TO FOXY SORT INTO FOLDERS/Sally St Claire (Annie Wallace) DE.jpg,/2019 TIDY - CELEBRITY FACEMASKS FINAL 7200 IMAGES/2026 TV SHOWS AND STARS/Hollyoaks/Sally St Claire (Annie Wallace) DE.jpg,move,not run,
5,/2019 TIDY - CELEBRITY FACEMASKS FINAL 7200 IMAGES/!!!!!!! TO SORT 2026 JAMIE MIXED UPLOADED TO FOXY SORT INTO FOLDERS/Sam OB obrien - Darren Jeffries - Hollyoaks.jpg,/2019 TIDY - CELEBRITY FACEMASKS FINAL 7200 IMAGES/2026 TV SHOWS AND STARS/Hollyoaks/Sam OB obrien - Darren Jeffries - Hollyoaks.jpg,move,not run,
5,/2019 TIDY - CELEBRITY FACEMASKS FINAL 7200 IMAGES/!!!!!!! TO SORT 2026 JAMIE MIXED UPLOADED TO FOXY SORT INTO FOLDERS/Sienna Blake (Anna Passey) DE.jpg,/2019 TIDY - CELEBRITY FACEMASKS FINAL 7200 IMAGES/2026 TV SHOWS AND STARS/Hollyoaks/Sienna Blake (Anna Passey) DE.jpg,move,not run,
5,/2019 TIDY - CELEBRITY FACEMASKS FINAL 7200 IMAGES/!!!!!!! TO SORT 2026 JAMIE MIXED UPLOADED TO FOXY SORT INTO FOLDERS/Jacob Elordi.jpg,/2019 TIDY - CELEBRITY FACEMASKS FINAL 7200 IMAGES/2026 TV SHOWS AND STARS/Jacob Elordi.jpg,move,not run,
5,/2019 TIDY - CELEBRITY FACEMASKS FINAL 7200 IMAGES/!!!!!!! TO SORT 2026 JAMIE MIXED UPLOADED TO FOXY SORT INTO FOLDERS/James Jimmy Nesbitt.jpg,/2019 TIDY - CELEBRITY FACEMASKS FINAL 7200 IMAGES/2026 TV SHOWS AND STARS/James Jimmy Nesbitt.jpg,move,not run,
5,/2019 TIDY - CELEBRITY FACEMASKS FINAL 7200 IMAGES/!!!!!!! TO SORT 2026 JAMIE MIXED UPLOADED TO FOXY SORT INTO FOLDERS/Jim Taggart-Mark Mcmanus.jpg,/2019 TIDY - CELEBRITY FACEMASKS FINAL 7200 IMAGES/2026 TV SHOWS AND STARS/Jim Taggart-Mark Mcmanus.jpg,move,not run,
5,/2019 TIDY - CELEBRITY FACEMASKS FINAL 7200 IMAGES/!!!!!!! TO SORT 2026 JAMIE MIXED UPLOADED TO FOXY SORT INTO FOLDERS/Jodie Whittaker-The Thriteenth Doctor-Doctor Who.jpg,/2019 TIDY - CELEBRITY FACEMASKS FINAL 7200 IMAGES/2026 TV SHOWS AND STARS/Jodie Whittaker-The Thriteenth Doctor-Doctor Who.jpg,move,not run,
5,/2019 TIDY - CELEBRITY FACEMASKS FINAL 7200 IMAGES/!!!!!!! TO SORT 2026 JAMIE MIXED UPLOADED TO FOXY SORT INTO FOLDERS/Joe Absolom.jpg,/2019 TIDY - CELEBRITY FACEMASKS FINAL 7200 IMAGES/2026 TV SHOWS AND STARS/Joe Absolom.jpg,move,not run,
5,/2019 TIDY - CELEBRITY FACEMASKS FINAL 7200 IMAGES/!!!!!!! TO SORT 2026 JAMIE MIXED UPLOADED TO FOXY SORT INTO FOLDERS/Jon Snow-GoT.jpg,/2019 TIDY - CELEBRITY FACEMASKS FINAL 7200 IMAGES/2026 TV SHOWS AND STARS/Jon Snow-GoT.jpg,move,not run,
5,/2019 TIDY - CELEBRITY FACEMASKS FINAL 7200 IMAGES/!!!!!!! TO SORT 2026 JAMIE MIXED UPLOADED TO FOXY SORT INTO FOLDERS/Jonathan Ross.jpg,/2019 TIDY - CELEBRITY FACEMASKS FINAL 7200 IMAGES/2026 TV SHOWS AND STARS/Jonathan Ross.jpg,move,not run,
5,/2019 TIDY - CELEBRITY FACEMASKS FINAL 7200 IMAGES/!!!!!!! TO SORT 2026 JAMIE MIXED UPLOADED TO FOXY SORT INTO FOLDERS/Justine Littlewood- Tracey Beaker.jpg,/2019 TIDY - CELEBRITY FACEMASKS FINAL 7200 IMAGES/2026 TV SHOWS AND STARS/Justine Littlewood- Tracey Beaker.jpg,move,not run,
5,/2019 TIDY - CELEBRITY FACEMASKS FINAL 7200 IMAGES/!!!!!!! TO SORT 2026 JAMIE MIXED UPLOADED TO FOXY SORT INTO FOLDERS/Kate Humble.jpg,/2019 TIDY - CELEBRITY FACEMASKS FINAL 7200 IMAGES/2026 TV SHOWS AND STARS/Kate Humble.jpg,move,not run,
5,/2019 TIDY - CELEBRITY FACEMASKS FINAL 7200 IMAGES/!!!!!!! TO SORT 2026 JAMIE MIXED UPLOADED TO FOXY SORT INTO FOLDERS/Kim Woodburn.jpg,/2019 TIDY - CELEBRITY FACEMASKS FINAL 7200 IMAGES/2026 TV SHOWS AND STARS/Kim Woodburn.jpg,move,not run,
5,/2019 TIDY - CELEBRITY FACEMASKS FINAL 7200 IMAGES/!!!!!!! TO SORT 2026 JAMIE MIXED UPLOADED TO FOXY SORT INTO FOLDERS/tyrique hyde.jpg,/2019 TIDY - CELEBRITY FACEMASKS FINAL 7200 IMAGES/2026 TV SHOWS AND STARS/LOVE ISLAND/tyrique hyde.jpg,move,not run,
5,/2019 TIDY - CELEBRITY FACEMASKS FINAL 7200 IMAGES/!!!!!!! TO SORT 2026 JAMIE MIXED UPLOADED TO FOXY SORT INTO FOLDERS/Lagertha Lothbrok -Vikings-the last kingdom.jpg,/2019 TIDY - CELEBRITY FACEMASKS FINAL 7200 IMAGES/2026 TV SHOWS AND STARS/Lagertha Lothbrok -Vikings-the last kingdom.jpg,move,not run,
6,/2019 TIDY - CELEBRITY FACEMASKS FINAL 7200 IMAGES/!!!!!!! TO SORT 2026 JAMIE MIXED UPLOADED TO FOXY SORT INTO FOLDERS/Linda - Gimmie Gimmie.jpg,/2019 TIDY - CELEBRITY FACEMASKS FINAL 7200 IMAGES/2026 TV SHOWS AND STARS/Linda - Gimmie Gimmie.jpg,move,not run,
6,/2019 TIDY - CELEBRITY FACEMASKS FINAL 7200 IMAGES/!!!!!!! TO SORT 2026 JAMIE MIXED UPLOADED TO FOXY SORT INTO FOLDERS/Lizzie Mcguire.jpg,/2019 TIDY - CELEBRITY FACEMASKS FINAL 7200 IMAGES/2026 TV SHOWS AND STARS/Lizzie Mcguire.jpg,move,not run,
6,/2019 TIDY - CELEBRITY FACEMASKS FINAL 7200 IMAGES/!!!!!!! TO SORT 2026 JAMIE MIXED UPLOADED TO FOXY SORT INTO FOLDERS/Lou - Little Britain.jpg,/2019 TIDY - CELEBRITY FACEMASKS FINAL 7200 IMAGES/2026 TV SHOWS AND STARS/Lou - Little Britain (larger).jpg,duplicate_larger,not run,
6,/2019 TIDY - CELEBRITY FACEMASKS FINAL 7200 IMAGES/!!!!!!! TO SORT 2026 JAMIE MIXED UPLOADED TO FOXY SORT INTO FOLDERS/Martin Roberts.jpg,/2019 TIDY - CELEBRITY FACEMASKS FINAL 7200 IMAGES/2026 TV SHOWS AND STARS/Martin Roberts.jpg,move,not run,
6,/2019 TIDY - CELEBRITY FACEMASKS FINAL 7200 IMAGES/!!!!!!! TO SORT 2026 JAMIE MIXED UPLOADED TO FOXY SORT INTO FOLDERS/Matt Baker.jpg,/2019 TIDY - CELEBRITY FACEMASKS FINAL 7200 IMAGES/2026 TV SHOWS AND STARS/Matt Baker.jpg,move,not run,
6,/2019 TIDY - CELEBRITY FACEMASKS FINAL 7200 IMAGES/!!!!!!! TO SORT 2026 JAMIE MIXED UPLOADED TO FOXY SORT INTO FOLDERS/Matt Morsia-Legend from GLADIATORS.jpg,/2019 TIDY - CELEBRITY FACEMASKS FINAL 7200 IMAGES/2026 TV SHOWS AND STARS/Matt Morsia-Legend from GLADIATORS.jpg,move,not run,
6,/2019 TIDY - CELEBRITY FACEMASKS FINAL 7200 IMAGES/!!!!!!! TO SORT 2026 JAMIE MIXED UPLOADED TO FOXY SORT INTO FOLDERS/Michael Mosley 2020 Face.jpg,/2019 TIDY - CELEBRITY FACEMASKS FINAL 7200 IMAGES/2026 TV SHOWS AND STARS/Michael Mosley 2020 Face.jpg,move,not run,
6,/2019 TIDY - CELEBRITY FACEMASKS FINAL 7200 IMAGES/!!!!!!! TO SORT 2026 JAMIE MIXED UPLOADED TO FOXY SORT INTO FOLDERS/Michael Van Wijk wolf gladiators.jpg,/2019 TIDY - CELEBRITY FACEMASKS FINAL 7200 IMAGES/2026 TV SHOWS AND STARS/Michael Van Wijk wolf gladiators.jpg,move,not run,
6,/2019 TIDY - CELEBRITY FACEMASKS FINAL 7200 IMAGES/!!!!!!! TO SORT 2026 JAMIE MIXED UPLOADED TO FOXY SORT INTO FOLDERS/Miguel Bernardeau.jpg,/2019 TIDY - CELEBRITY FACEMASKS FINAL 7200 IMAGES/2026 TV SHOWS AND STARS/Miguel Bernardeau.jpg,move,not run,
6,/2019 TIDY - CELEBRITY FACEMASKS FINAL 7200 IMAGES/!!!!!!! TO SORT 2026 JAMIE MIXED UPLOADED TO FOXY SORT INTO FOLDERS/Miles Heizer.jpg,/2019 TIDY - CELEBRITY FACEMASKS FINAL 7200 IMAGES/2026 TV SHOWS AND STARS/Miles Heizer.jpg,move,not run,
6,/2019 TIDY - CELEBRITY FACEMASKS FINAL 7200 IMAGES/!!!!!!! TO SORT 2026 JAMIE MIXED UPLOADED TO FOXY SORT INTO FOLDERS/Monty Don.jpg,/2019 TIDY - CELEBRITY FACEMASKS FINAL 7200 IMAGES/2026 TV SHOWS AND STARS/Monty Don.jpg,move,not run,
6,/2019 TIDY - CELEBRITY FACEMASKS FINAL 7200 IMAGES/!!!!!!! TO SORT 2026 JAMIE MIXED UPLOADED TO FOXY SORT INTO FOLDERS/Ncuti Gatwa-The Fifteenth Doctor-Doctor Who.jpg,/2019 TIDY - CELEBRITY FACEMASKS FINAL 7200 IMAGES/2026 TV SHOWS AND STARS/Ncuti Gatwa-The Fifteenth Doctor-Doctor Who.jpg,move,not run,
6,/2019 TIDY - CELEBRITY FACEMASKS FINAL 7200 IMAGES/!!!!!!! TO SORT 2026 JAMIE MIXED UPLOADED TO FOXY SORT INTO FOLDERS/Neil Dudgeon.jpg,/2019 TIDY - CELEBRITY FACEMASKS FINAL 7200 IMAGES/2026 TV SHOWS AND STARS/Neil Dudgeon.jpg,move,not run,
6,/2019 TIDY - CELEBRITY FACEMASKS FINAL 7200 IMAGES/!!!!!!! TO SORT 2026 JAMIE MIXED UPLOADED TO FOXY SORT INTO FOLDERS/Paris Fury.jpg,/2019 TIDY - CELEBRITY FACEMASKS FINAL 7200 IMAGES/2026 TV SHOWS AND STARS/Paris Fury.jpg,move,not run,
6,/2019 TIDY - CELEBRITY FACEMASKS FINAL 7200 IMAGES/!!!!!!! TO SORT 2026 JAMIE MIXED UPLOADED TO FOXY SORT INTO FOLDERS/Peter Capaldi - The Twelfth Doctor - Doctor Who.jpg,/2019 TIDY - CELEBRITY FACEMASKS FINAL 7200 IMAGES/2026 TV SHOWS AND STARS/Peter Capaldi - The Twelfth Doctor - Doctor Who.jpg,move,not run,
6,/2019 TIDY - CELEBRITY FACEMASKS FINAL 7200 IMAGES/!!!!!!! TO SORT 2026 JAMIE MIXED UPLOADED TO FOXY SORT INTO FOLDERS/Peter Jones.jpg,/2019 TIDY - CELEBRITY FACEMASKS FINAL 7200 IMAGES/2026 TV SHOWS AND STARS/Peter Jones.jpg,move,not run,
6,/2019 TIDY - CELEBRITY FACEMASKS FINAL 7200 IMAGES/!!!!!!! TO SORT 2026 JAMIE MIXED UPLOADED TO FOXY SORT INTO FOLDERS/Petra Mede-Eurovision 2024.jpg,/2019 TIDY - CELEBRITY FACEMASKS FINAL 7200 IMAGES/2026 TV SHOWS AND STARS/Petra Mede-Eurovision 2024.jpg,move,not run,
6,/2019 TIDY - CELEBRITY FACEMASKS FINAL 7200 IMAGES/!!!!!!! TO SORT 2026 JAMIE MIXED UPLOADED TO FOXY SORT INTO FOLDERS/Pierson Fode.jpg,/2019 TIDY - CELEBRITY FACEMASKS FINAL 7200 IMAGES/2026 TV SHOWS AND STARS/Pierson Fode.jpg,move,not run,
6,/2019 TIDY - CELEBRITY FACEMASKS FINAL 7200 IMAGES/!!!!!!! TO SORT 2026 JAMIE MIXED UPLOADED TO FOXY SORT INTO FOLDERS/Polly Sherman- Fawlty Towers.jpg,/2019 TIDY - CELEBRITY FACEMASKS FINAL 7200 IMAGES/2026 TV SHOWS AND STARS/Polly Sherman- Fawlty Towers.jpg,move,not run,
6,/2019 TIDY - CELEBRITY FACEMASKS FINAL 7200 IMAGES/!!!!!!! TO SORT 2026 JAMIE MIXED UPLOADED TO FOXY SORT INTO FOLDERS/Quincy Brown.jpg,/2019 TIDY - CELEBRITY FACEMASKS FINAL 7200 IMAGES/2026 TV SHOWS AND STARS/Quincy Brown.jpg,move,not run,
6,/2019 TIDY - CELEBRITY FACEMASKS FINAL 7200 IMAGES/!!!!!!! TO SORT 2026 JAMIE MIXED UPLOADED TO FOXY SORT INTO FOLDERS/RACVHEL MINER SUPERNATURAL.jpg,/2019 TIDY - CELEBRITY FACEMASKS FINAL 7200 IMAGES/2026 TV SHOWS AND STARS/RACVHEL MINER SUPERNATURAL.jpg,move,not run,
6,/2019 TIDY - CELEBRITY FACEMASKS FINAL 7200 IMAGES/!!!!!!! TO SORT 2026 JAMIE MIXED UPLOADED TO FOXY SORT INTO FOLDERS/Rachel Skarsten.jpg,/2019 TIDY - CELEBRITY FACEMASKS FINAL 7200 IMAGES/2026 TV SHOWS AND STARS/Rachel Skarsten.jpg,move,not run,
6,/2019 TIDY - CELEBRITY FACEMASKS FINAL 7200 IMAGES/!!!!!!! TO SORT 2026 JAMIE MIXED UPLOADED TO FOXY SORT INTO FOLDERS/Ray Stubbs Football.jpg,/2019 TIDY - CELEBRITY FACEMASKS FINAL 7200 IMAGES/2026 TV SHOWS AND STARS/Ray Stubbs Football.jpg,move,not run,
6,/2019 TIDY - CELEBRITY FACEMASKS FINAL 7200 IMAGES/!!!!!!! TO SORT 2026 JAMIE MIXED UPLOADED TO FOXY SORT INTO FOLDERS/Rebecca Mader.jpg,/2019 TIDY - CELEBRITY FACEMASKS FINAL 7200 IMAGES/2026 TV SHOWS AND STARS/Rebecca Mader.jpg,move,not run,
6,/2019 TIDY - CELEBRITY FACEMASKS FINAL 7200 IMAGES/!!!!!!! TO SORT 2026 JAMIE MIXED UPLOADED TO FOXY SORT INTO FOLDERS/Reid Ewing.jpg,/2019 TIDY - CELEBRITY FACEMASKS FINAL 7200 IMAGES/2026 TV SHOWS AND STARS/Reid Ewing.jpg,move,not run,
6,/2019 TIDY - CELEBRITY FACEMASKS FINAL 7200 IMAGES/!!!!!!! TO SORT 2026 JAMIE MIXED UPLOADED TO FOXY SORT INTO FOLDERS/Renee Bargh.jpg,/2019 TIDY - CELEBRITY FACEMASKS FINAL 7200 IMAGES/2026 TV SHOWS AND STARS/Renee Bargh.jpg,move,not run,
6,/2019 TIDY - CELEBRITY FACEMASKS FINAL 7200 IMAGES/!!!!!!! TO SORT 2026 JAMIE MIXED UPLOADED TO FOXY SORT INTO FOLDERS/Ricci Guarnaccio.jpg,/2019 TIDY - CELEBRITY FACEMASKS FINAL 7200 IMAGES/2026 TV SHOWS AND STARS/Ricci Guarnaccio.jpg,move,not run,
6,/2019 TIDY - CELEBRITY FACEMASKS FINAL 7200 IMAGES/!!!!!!! TO SORT 2026 JAMIE MIXED UPLOADED TO FOXY SORT INTO FOLDERS/Richard Bacon.jpg,/2019 TIDY - CELEBRITY FACEMASKS FINAL 7200 IMAGES/2026 TV SHOWS AND STARS/Richard Bacon.jpg,move,not run,
6,/2019 TIDY - CELEBRITY FACEMASKS FINAL 7200 IMAGES/!!!!!!! TO SORT 2026 JAMIE MIXED UPLOADED TO FOXY SORT INTO FOLDERS/Richard Harrington.jpg,/2019 TIDY - CELEBRITY FACEMASKS FINAL 7200 IMAGES/2026 TV SHOWS AND STARS/Richard Harrington.jpg,move,not run,
6,/2019 TIDY - CELEBRITY FACEMASKS FINAL 7200 IMAGES/!!!!!!! TO SORT 2026 JAMIE MIXED UPLOADED TO FOXY SORT INTO FOLDERS/Richard Madden.jpg,/2019 TIDY - CELEBRITY FACEMASKS FINAL 7200 IMAGES/2026 TV SHOWS AND STARS/Richard Madden.jpg,move,not run,
6,/2019 TIDY - CELEBRITY FACEMASKS FINAL 7200 IMAGES/!!!!!!! TO SORT 2026 JAMIE MIXED UPLOADED TO FOXY SORT INTO FOLDERS/Richard McCabe.jpg,/2019 TIDY - CELEBRITY FACEMASKS FINAL 7200 IMAGES/2026 TV SHOWS AND STARS/Richard McCabe.jpg,move,not run,
6,/2019 TIDY - CELEBRITY FACEMASKS FINAL 7200 IMAGES/!!!!!!! TO SORT 2026 JAMIE MIXED UPLOADED TO FOXY SORT INTO FOLDERS/Richard Osman.jpg,/2019 TIDY - CELEBRITY FACEMASKS FINAL 7200 IMAGES/2026 TV SHOWS AND STARS/Richard Osman.jpg,move,not run,
6,/2019 TIDY - CELEBRITY FACEMASKS FINAL 7200 IMAGES/!!!!!!! TO SORT 2026 JAMIE MIXED UPLOADED TO FOXY SORT INTO FOLDERS/Richard-Arnold.jpg,/2019 TIDY - CELEBRITY FACEMASKS FINAL 7200 IMAGES/2026 TV SHOWS AND STARS/Richard-Arnold.jpg,move,not run,
6,/2019 TIDY - CELEBRITY FACEMASKS FINAL 7200 IMAGES/!!!!!!! TO SORT 2026 JAMIE MIXED UPLOADED TO FOXY SORT INTO FOLDERS/Ricki Whittle American Gods.jpg,/2019 TIDY - CELEBRITY FACEMASKS FINAL 7200 IMAGES/2026 TV SHOWS AND STARS/Ricki Whittle American Gods.jpg,move,not run,
6,/2019 TIDY - CELEBRITY FACEMASKS FINAL 7200 IMAGES/!!!!!!! TO SORT 2026 JAMIE MIXED UPLOADED TO FOXY SORT INTO FOLDERS/Rob Mcelhenney.jpg,/2019 TIDY - CELEBRITY FACEMASKS FINAL 7200 IMAGES/2026 TV SHOWS AND STARS/Rob Mcelhenney.jpg,move,not run,
6,/2019 TIDY - CELEBRITY FACEMASKS FINAL 7200 IMAGES/!!!!!!! TO SORT 2026 JAMIE MIXED UPLOADED TO FOXY SORT INTO FOLDERS/Robbie Amell.jpg,/2019 TIDY - CELEBRITY FACEMASKS FINAL 7200 IMAGES/2026 TV SHOWS AND STARS/Robbie Amell.jpg,move,not run,
6,/2019 TIDY - CELEBRITY FACEMASKS FINAL 7200 IMAGES/!!!!!!! TO SORT 2026 JAMIE MIXED UPLOADED TO FOXY SORT INTO FOLDERS/Robert Winston.jpg,/2019 TIDY - CELEBRITY FACEMASKS FINAL 7200 IMAGES/2026 TV SHOWS AND STARS/Robert Winston.jpg,move,not run,
6,/2019 TIDY - CELEBRITY FACEMASKS FINAL 7200 IMAGES/!!!!!!! TO SORT 2026 JAMIE MIXED UPLOADED TO FOXY SORT INTO FOLDERS/Robin Tunney.jpg,/2019 TIDY - CELEBRITY FACEMASKS FINAL 7200 IMAGES/2026 TV SHOWS AND STARS/Robin Tunney.jpg,move,not run,
6,/2019 TIDY - CELEBRITY FACEMASKS FINAL 7200 IMAGES/!!!!!!! TO SORT 2026 JAMIE MIXED UPLOADED TO FOXY SORT INTO FOLDERS/Rocsi Diaz.jpg,/2019 TIDY - CELEBRITY FACEMASKS FINAL 7200 IMAGES/2026 TV SHOWS AND STARS/Rocsi Diaz.jpg,move,not run,
6,/2019 TIDY - CELEBRITY FACEMASKS FINAL 7200 IMAGES/!!!!!!! TO SORT 2026 JAMIE MIXED UPLOADED TO FOXY SORT INTO FOLDERS/Rome Flynn.jpg,/2019 TIDY - CELEBRITY FACEMASKS FINAL 7200 IMAGES/2026 TV SHOWS AND STARS/Rome Flynn.jpg,move,not run,
6,/2019 TIDY - CELEBRITY FACEMASKS FINAL 7200 IMAGES/!!!!!!! TO SORT 2026 JAMIE MIXED UPLOADED TO FOXY SORT INTO FOLDERS/Rose Mciver CPDVD.jpg,/2019 TIDY - CELEBRITY FACEMASKS FINAL 7200 IMAGES/2026 TV SHOWS AND STARS/Rose Mciver CPDVD.jpg,move,not run,
6,/2019 TIDY - CELEBRITY FACEMASKS FINAL 7200 IMAGES/!!!!!!! TO SORT 2026 JAMIE MIXED UPLOADED TO FOXY SORT INTO FOLDERS/Rosie Fortescue Chelsea.jpg,/2019 TIDY - CELEBRITY FACEMASKS FINAL 7200 IMAGES/2026 TV SHOWS AND STARS/Rosie Fortescue Chelsea.jpg,move,not run,
6,/2019 TIDY - CELEBRITY FACEMASKS FINAL 7200 IMAGES/!!!!!!! TO SORT 2026 JAMIE MIXED UPLOADED TO FOXY SORT INTO FOLDERS/Rosie Fortescue best.jpg,/2019 TIDY - CELEBRITY FACEMASKS FINAL 7200 IMAGES/2026 TV SHOWS AND STARS/Rosie Fortescue best.jpg,move,not run,
6,/2019 TIDY - CELEBRITY FACEMASKS FINAL 7200 IMAGES/!!!!!!! TO SORT 2026 JAMIE MIXED UPLOADED TO FOXY SORT INTO FOLDERS/Ross Lynch (2).jpg,/2019 TIDY - CELEBRITY FACEMASKS FINAL 7200 IMAGES/2026 TV SHOWS AND STARS/Ross Lynch (2).jpg,move,not run,
6,/2019 TIDY - CELEBRITY FACEMASKS FINAL 7200 IMAGES/!!!!!!! TO SORT 2026 JAMIE MIXED UPLOADED TO FOXY SORT INTO FOLDERS/Rowan Blanchard.jpg,/2019 TIDY - CELEBRITY FACEMASKS FINAL 7200 IMAGES/2026 TV SHOWS AND STARS/Rowan Blanchard.jpg,move,not run,
6,/2019 TIDY - CELEBRITY FACEMASKS FINAL 7200 IMAGES/!!!!!!! TO SORT 2026 JAMIE MIXED UPLOADED TO FOXY SORT INTO FOLDERS/Roxanne McKee.jpg,/2019 TIDY - CELEBRITY FACEMASKS FINAL 7200 IMAGES/2026 TV SHOWS AND STARS/Roxanne McKee.jpg,move,not run,
6,/2019 TIDY - CELEBRITY FACEMASKS FINAL 7200 IMAGES/!!!!!!! TO SORT 2026 JAMIE MIXED UPLOADED TO FOXY SORT INTO FOLDERS/Ruby Bentall.jpg,/2019 TIDY - CELEBRITY FACEMASKS FINAL 7200 IMAGES/2026 TV SHOWS AND STARS/Ruby Bentall.jpg,move,not run,
6,/2019 TIDY - CELEBRITY FACEMASKS FINAL 7200 IMAGES/!!!!!!! TO SORT 2026 JAMIE MIXED UPLOADED TO FOXY SORT INTO FOLDERS/Russel Tovey.jpg,/2019 TIDY - CELEBRITY FACEMASKS FINAL 7200 IMAGES/2026 TV SHOWS AND STARS/Russel Tovey.jpg,move,not run,
6,/2019 TIDY - CELEBRITY FACEMASKS FINAL 7200 IMAGES/!!!!!!! TO SORT 2026 JAMIE MIXED UPLOADED TO FOXY SORT INTO FOLDERS/Ruth Moschner.jpg,/2019 TIDY - CELEBRITY FACEMASKS FINAL 7200 IMAGES/2026 TV SHOWS AND STARS/Ruth Moschner.jpg,move,not run,
6,/2019 TIDY - CELEBRITY FACEMASKS FINAL 7200 IMAGES/!!!!!!! TO SORT 2026 JAMIE MIXED UPLOADED TO FOXY SORT INTO FOLDERS/Ruth Wilson.jpg,/2019 TIDY - CELEBRITY FACEMASKS FINAL 7200 IMAGES/2026 TV SHOWS AND STARS/Ruth Wilson.jpg,move,not run,
6,/2019 TIDY - CELEBRITY FACEMASKS FINAL 7200 IMAGES/!!!!!!! TO SORT 2026 JAMIE MIXED UPLOADED TO FOXY SORT INTO FOLDERS/SARA GILBERT JB.jpg,/2019 TIDY - CELEBRITY FACEMASKS FINAL 7200 IMAGES/2026 TV SHOWS AND STARS/SARA GILBERT JB.jpg,move,not run,
6,/2019 TIDY - CELEBRITY FACEMASKS FINAL 7200 IMAGES/!!!!!!! TO SORT 2026 JAMIE MIXED UPLOADED TO FOXY SORT INTO FOLDERS/SENDHIL RAMAMURTHY.jpg,/2019 TIDY - CELEBRITY FACEMASKS FINAL 7200 IMAGES/2026 TV SHOWS AND STARS/SENDHIL RAMAMURTHY.jpg,move,not run,
6,/2019 TIDY - CELEBRITY FACEMASKS FINAL 7200 IMAGES/!!!!!!! TO SORT 2026 JAMIE MIXED UPLOADED TO FOXY SORT INTO FOLDERS/Dacre Montgomery-Stranger Things.jpg,/2019 TIDY - CELEBRITY FACEMASKS FINAL 7200 IMAGES/2026 TV SHOWS AND STARS/STRANGER THINGS/Dacre Montgomery-Stranger Things.jpg,move,not run,
6,/2019 TIDY - CELEBRITY FACEMASKS FINAL 7200 IMAGES/!!!!!!! TO SORT 2026 JAMIE MIXED UPLOADED TO FOXY SORT INTO FOLDERS/Joseph Quinn.jpg,/2019 TIDY - CELEBRITY FACEMASKS FINAL 7200 IMAGES/2026 TV SHOWS AND STARS/STRANGER THINGS/Joseph Quinn.jpg,move,not run,
6,/2019 TIDY - CELEBRITY FACEMASKS FINAL 7200 IMAGES/!!!!!!! TO SORT 2026 JAMIE MIXED UPLOADED TO FOXY SORT INTO FOLDERS/Sam Corlett.jpg,/2019 TIDY - CELEBRITY FACEMASKS FINAL 7200 IMAGES/2026 TV SHOWS AND STARS/Sam Corlett.jpg,move,not run,
6,/2019 TIDY - CELEBRITY FACEMASKS FINAL 7200 IMAGES/!!!!!!! TO SORT 2026 JAMIE MIXED UPLOADED TO FOXY SORT INTO FOLDERS/Sam Heughan.jpg,/2019 TIDY - CELEBRITY FACEMASKS FINAL 7200 IMAGES/2026 TV SHOWS AND STARS/Sam Heughan.jpg,move,not run,
6,/2019 TIDY - CELEBRITY FACEMASKS FINAL 7200 IMAGES/!!!!!!! TO SORT 2026 JAMIE MIXED UPLOADED TO FOXY SORT INTO FOLDERS/Sam Retford.jpg,/2019 TIDY - CELEBRITY FACEMASKS FINAL 7200 IMAGES/2026 TV SHOWS AND STARS/Sam Retford.jpg,move,not run,
6,/2019 TIDY - CELEBRITY FACEMASKS FINAL 7200 IMAGES/!!!!!!! TO SORT 2026 JAMIE MIXED UPLOADED TO FOXY SORT INTO FOLDERS/Sam Trammel.jpg,/2019 TIDY - CELEBRITY FACEMASKS FINAL 7200 IMAGES/2026 TV SHOWS AND STARS/Sam Trammel.jpg,move,not run,
6,/2019 TIDY - CELEBRITY FACEMASKS FINAL 7200 IMAGES/!!!!!!! TO SORT 2026 JAMIE MIXED UPLOADED TO FOXY SORT INTO FOLDERS/Sam kelly Alo alo.jpg,/2019 TIDY - CELEBRITY FACEMASKS FINAL 7200 IMAGES/2026 TV SHOWS AND STARS/Sam kelly Alo alo.jpg,move,not run,
6,/2019 TIDY - CELEBRITY FACEMASKS FINAL 7200 IMAGES/!!!!!!! TO SORT 2026 JAMIE MIXED UPLOADED TO FOXY SORT INTO FOLDERS/Sara Davies.jpg,/2019 TIDY - CELEBRITY FACEMASKS FINAL 7200 IMAGES/2026 TV SHOWS AND STARS/Sara Davies.jpg,move,not run,
6,/2019 TIDY - CELEBRITY FACEMASKS FINAL 7200 IMAGES/!!!!!!! TO SORT 2026 JAMIE MIXED UPLOADED TO FOXY SORT INTO FOLDERS/Sarah Jane - Kids Mask.jpg,/2019 TIDY - CELEBRITY FACEMASKS FINAL 7200 IMAGES/2026 TV SHOWS AND STARS/Sarah Jane - Kids Mask.jpg,move,not run,
6,/2019 TIDY - CELEBRITY FACEMASKS FINAL 7200 IMAGES/!!!!!!! TO SORT 2026 JAMIE MIXED UPLOADED TO FOXY SORT INTO FOLDERS/Sarah Rafferty Suits.jpg,/2019 TIDY - CELEBRITY FACEMASKS FINAL 7200 IMAGES/2026 TV SHOWS AND STARS/Sarah Rafferty Suits.jpg,move,not run,
6,/2019 TIDY - CELEBRITY FACEMASKS FINAL 7200 IMAGES/!!!!!!! TO SORT 2026 JAMIE MIXED UPLOADED TO FOXY SORT INTO FOLDERS/Sasha Pieterse.jpg,/2019 TIDY - CELEBRITY FACEMASKS FINAL 7200 IMAGES/2026 MOVIE STARS/Sasha Pieterse (larger).jpg,duplicate_larger,not run,
6,/2019 TIDY - CELEBRITY FACEMASKS FINAL 7200 IMAGES/!!!!!!! TO SORT 2026 JAMIE MIXED UPLOADED TO FOXY SORT INTO FOLDERS/Sean Keenan.jpg,/2019 TIDY - CELEBRITY FACEMASKS FINAL 7200 IMAGES/2026 TV SHOWS AND STARS/Sean Keenan.jpg,move,not run,
6,/2019 TIDY - CELEBRITY FACEMASKS FINAL 7200 IMAGES/!!!!!!! TO SORT 2026 JAMIE MIXED UPLOADED TO FOXY SORT INTO FOLDERS/Sean Pertwee.jpg,/2019 TIDY - CELEBRITY FACEMASKS FINAL 7200 IMAGES/2026 TV SHOWS AND STARS/Sean Pertwee.jpg,move,not run,
6,/2019 TIDY - CELEBRITY FACEMASKS FINAL 7200 IMAGES/!!!!!!! TO SORT 2026 JAMIE MIXED UPLOADED TO FOXY SORT INTO FOLDERS/Sebastian De Souza.jpg,/2019 TIDY - CELEBRITY FACEMASKS FINAL 7200 IMAGES/2026 TV SHOWS AND STARS/Sebastian De Souza.jpg,move,not run,
6,/2019 TIDY - CELEBRITY FACEMASKS FINAL 7200 IMAGES/!!!!!!! TO SORT 2026 JAMIE MIXED UPLOADED TO FOXY SORT INTO FOLDERS/Shadow from American Gods.jpg,/2019 TIDY - CELEBRITY FACEMASKS FINAL 7200 IMAGES/2026 TV SHOWS AND STARS/Shadow from American Gods.jpg,move,not run,
6,/2019 TIDY - CELEBRITY FACEMASKS FINAL 7200 IMAGES/!!!!!!! TO SORT 2026 JAMIE MIXED UPLOADED TO FOXY SORT INTO FOLDERS/Shay Mitchell.jpg,/2019 TIDY - CELEBRITY FACEMASKS FINAL 7200 IMAGES/2026 TV SHOWS AND STARS/Shay Mitchell.jpg,move,not run,
6,/2019 TIDY - CELEBRITY FACEMASKS FINAL 7200 IMAGES/!!!!!!! TO SORT 2026 JAMIE MIXED UPLOADED TO FOXY SORT INTO FOLDERS/Shola Adewusi.jpg,/2019 TIDY - CELEBRITY FACEMASKS FINAL 7200 IMAGES/2026 TV SHOWS AND STARS/Shola Adewusi.jpg,move,not run,
6,/2019 TIDY - CELEBRITY FACEMASKS FINAL 7200 IMAGES/!!!!!!! TO SORT 2026 JAMIE MIXED UPLOADED TO FOXY SORT INTO FOLDERS/Sibel Kekilli.jpg,/2019 TIDY - CELEBRITY FACEMASKS FINAL 7200 IMAGES/2026 TV SHOWS AND STARS/Sibel Kekilli.jpg,move,not run,
6,/2019 TIDY - CELEBRITY FACEMASKS FINAL 7200 IMAGES/!!!!!!! TO SORT 2026 JAMIE MIXED UPLOADED TO FOXY SORT INTO FOLDERS/Simon Baker.jpg,/2019 TIDY - CELEBRITY FACEMASKS FINAL 7200 IMAGES/2026 TV SHOWS AND STARS/Simon Baker.jpg,move,not run,
6,/2019 TIDY - CELEBRITY FACEMASKS FINAL 7200 IMAGES/!!!!!!! TO SORT 2026 JAMIE MIXED UPLOADED TO FOXY SORT INTO FOLDERS/Sinead Keenan.jpg,/2019 TIDY - CELEBRITY FACEMASKS FINAL 7200 IMAGES/2026 TV SHOWS AND STARS/Sinead Keenan.jpg,move,not run,
6,/2019 TIDY - CELEBRITY FACEMASKS FINAL 7200 IMAGES/!!!!!!! TO SORT 2026 JAMIE MIXED UPLOADED TO FOXY SORT INTO FOLDERS/Sir Patrick Moore.jpg,/2019 TIDY - CELEBRITY FACEMASKS FINAL 7200 IMAGES/2026 TV SHOWS AND STARS/Sir Patrick Moore (larger).jpg,duplicate_larger,not run,
6,/2019 TIDY - CELEBRITY FACEMASKS FINAL 7200 IMAGES/!!!!!!! TO SORT 2026 JAMIE MIXED UPLOADED TO FOXY SORT INTO FOLDERS/Sofia Vergara.jpg,/2019 TIDY - CELEBRITY FACEMASKS FINAL 7200 IMAGES/2026 TV SHOWS AND STARS/Sofia Vergara.jpg,move,not run,
6,/2019 TIDY - CELEBRITY FACEMASKS FINAL 7200 IMAGES/!!!!!!! TO SORT 2026 JAMIE MIXED UPLOADED TO FOXY SORT INTO FOLDERS/Sophie Rundle.jpg,/2019 TIDY - CELEBRITY FACEMASKS FINAL 7200 IMAGES/2026 TV SHOWS AND STARS/Sophie Rundle.jpg,move,not run,
6,/2019 TIDY - CELEBRITY FACEMASKS FINAL 7200 IMAGES/!!!!!!! TO SORT 2026 JAMIE MIXED UPLOADED TO FOXY SORT INTO FOLDERS/Spencer Matthews.jpg,/2019 TIDY - CELEBRITY FACEMASKS FINAL 7200 IMAGES/2026 TV SHOWS AND STARS/Spencer Matthews.jpg,move,not run,
6,/2019 TIDY - CELEBRITY FACEMASKS FINAL 7200 IMAGES/!!!!!!! TO SORT 2026 JAMIE MIXED UPLOADED TO FOXY SORT INTO FOLDERS/Stana Katic.jpg,/2019 TIDY - CELEBRITY FACEMASKS FINAL 7200 IMAGES/2026 TV SHOWS AND STARS/Stana Katic.jpg,move,not run,
6,/2019 TIDY - CELEBRITY FACEMASKS FINAL 7200 IMAGES/!!!!!!! TO SORT 2026 JAMIE MIXED UPLOADED TO FOXY SORT INTO FOLDERS/Stephen Dillane.jpg,/2019 TIDY - CELEBRITY FACEMASKS FINAL 7200 IMAGES/2026 TV SHOWS AND STARS/Stephen Dillane.jpg,move,not run,
6,/2019 TIDY - CELEBRITY FACEMASKS FINAL 7200 IMAGES/!!!!!!! TO SORT 2026 JAMIE MIXED UPLOADED TO FOXY SORT INTO FOLDERS/Steven Bartlett.jpg,/2019 TIDY - CELEBRITY FACEMASKS FINAL 7200 IMAGES/2026 TV SHOWS AND STARS/Steven Bartlett.jpg,move,not run,
6,/2019 TIDY - CELEBRITY FACEMASKS FINAL 7200 IMAGES/!!!!!!! TO SORT 2026 JAMIE MIXED UPLOADED TO FOXY SORT INTO FOLDERS/Steven Strait.jpg,/2019 TIDY - CELEBRITY FACEMASKS FINAL 7200 IMAGES/2026 TV SHOWS AND STARS/Steven Strait.jpg,move,not run,
6,/2019 TIDY - CELEBRITY FACEMASKS FINAL 7200 IMAGES/!!!!!!! TO SORT 2026 JAMIE MIXED UPLOADED TO FOXY SORT INTO FOLDERS/Trent Whiddon Stricktly.jpg,/2019 TIDY - CELEBRITY FACEMASKS FINAL 7200 IMAGES/2026 TV SHOWS AND STARS/Strictly Come Dancing/Trent Whiddon Stricktly.jpg,move,not run,
6,/2019 TIDY - CELEBRITY FACEMASKS FINAL 7200 IMAGES/!!!!!!! TO SORT 2026 JAMIE MIXED UPLOADED TO FOXY SORT INTO FOLDERS/Trent-Whiddon.jpg,/2019 TIDY - CELEBRITY FACEMASKS FINAL 7200 IMAGES/2026 TV SHOWS AND STARS/Strictly Come Dancing/Trent-Whiddon.jpg,move,not run,
6,/2019 TIDY - CELEBRITY FACEMASKS FINAL 7200 IMAGES/!!!!!!! TO SORT 2026 JAMIE MIXED UPLOADED TO FOXY SORT INTO FOLDERS/Vincent Simone.jpg,/2019 TIDY - CELEBRITY FACEMASKS FINAL 7200 IMAGES/2026 TV SHOWS AND STARS/Strictly Come Dancing/Vincent Simone.jpg,move,not run,
6,/2019 TIDY - CELEBRITY FACEMASKS FINAL 7200 IMAGES/!!!!!!! TO SORT 2026 JAMIE MIXED UPLOADED TO FOXY SORT INTO FOLDERS/strictly dancer 1.jpg,/2019 TIDY - CELEBRITY FACEMASKS FINAL 7200 IMAGES/2026 TV SHOWS AND STARS/Strictly Come Dancing/strictly dancer 1.jpg,move,not run,
6,/2019 TIDY - CELEBRITY FACEMASKS FINAL 7200 IMAGES/!!!!!!! TO SORT 2026 JAMIE MIXED UPLOADED TO FOXY SORT INTO FOLDERS/Stuart Big Bang theory.jpg,/2019 TIDY - CELEBRITY FACEMASKS FINAL 7200 IMAGES/2026 TV SHOWS AND STARS/Stuart Big Bang theory.jpg,move,not run,
6,/2019 TIDY - CELEBRITY FACEMASKS FINAL 7200 IMAGES/!!!!!!! TO SORT 2026 JAMIE MIXED UPLOADED TO FOXY SORT INTO FOLDERS/Sullivan Stapleton.jpg,/2019 TIDY - CELEBRITY FACEMASKS FINAL 7200 IMAGES/2026 TV SHOWS AND STARS/Sullivan Stapleton.jpg,move,not run,
6,/2019 TIDY - CELEBRITY FACEMASKS FINAL 7200 IMAGES/!!!!!!! TO SORT 2026 JAMIE MIXED UPLOADED TO FOXY SORT INTO FOLDERS/Susanna-Reid.jpg,/2019 TIDY - CELEBRITY FACEMASKS FINAL 7200 IMAGES/2026 TV SHOWS AND STARS/Susanna-Reid.jpg,move,not run,
6,/2019 TIDY - CELEBRITY FACEMASKS FINAL 7200 IMAGES/!!!!!!! TO SORT 2026 JAMIE MIXED UPLOADED TO FOXY SORT INTO FOLDERS/Susie Wokoma.jpg,/2019 TIDY - CELEBRITY FACEMASKS FINAL 7200 IMAGES/2026 TV SHOWS AND STARS/Susie Wokoma.jpg,move,not run,
6,"/2019 TIDY - CELEBRITY FACEMASKS FINAL 7200 IMAGES/!!!!!!! TO SORT 2026 JAMIE MIXED UPLOADED TO FOXY SORT INTO FOLDERS/TAYLOR KITSCH,.jpg","/2019 TIDY - CELEBRITY FACEMASKS FINAL 7200 IMAGES/2026 TV SHOWS AND STARS/TAYLOR KITSCH,.jpg",move,not run,
6,/2019 TIDY - CELEBRITY FACEMASKS FINAL 7200 IMAGES/!!!!!!! TO SORT 2026 JAMIE MIXED UPLOADED TO FOXY SORT INTO FOLDERS/Georgia Kousoulou 2020 Face.jpg,/2019 TIDY - CELEBRITY FACEMASKS FINAL 7200 IMAGES/2026 TV SHOWS AND STARS/TOWIE/Georgia Kousoulou 2020 Face.jpg,move,not run,
6,/2019 TIDY - CELEBRITY FACEMASKS FINAL 7200 IMAGES/!!!!!!! TO SORT 2026 JAMIE MIXED UPLOADED TO FOXY SORT INTO FOLDERS/Ricky Rayment.jpg,/2019 TIDY - CELEBRITY FACEMASKS FINAL 7200 IMAGES/2026 TV SHOWS AND STARS/TOWIE/Ricky Rayment.jpg,move,not run,
6,/2019 TIDY - CELEBRITY FACEMASKS FINAL 7200 IMAGES/!!!!!!! TO SORT 2026 JAMIE MIXED UPLOADED TO FOXY SORT INTO FOLDERS/Tommy-Mallet-and-Georgia-Kousoulou.jpg,/2019 TIDY - CELEBRITY FACEMASKS FINAL 7200 IMAGES/2026 TV SHOWS AND STARS/TOWIE/Tommy-Mallet-and-Georgia-Kousoulou.jpg,move,not run,
6,/2019 TIDY - CELEBRITY FACEMASKS FINAL 7200 IMAGES/!!!!!!! TO SORT 2026 JAMIE MIXED UPLOADED TO FOXY SORT INTO FOLDERS/Tamara Ecclestone.jpg,/2019 TIDY - CELEBRITY FACEMASKS FINAL 7200 IMAGES/2026 TV SHOWS AND STARS/Tamara Ecclestone.jpg,move,not run,
6,/2019 TIDY - CELEBRITY FACEMASKS FINAL 7200 IMAGES/!!!!!!! TO SORT 2026 JAMIE MIXED UPLOADED TO FOXY SORT INTO FOLDERS/Tamera Mowrey JB.jpg,/2019 TIDY - CELEBRITY FACEMASKS FINAL 7200 IMAGES/2026 TV SHOWS AND STARS/Tamera Mowrey JB.jpg,move,not run,
6,/2019 TIDY - CELEBRITY FACEMASKS FINAL 7200 IMAGES/!!!!!!! TO SORT 2026 JAMIE MIXED UPLOADED TO FOXY SORT INTO FOLDERS/Tammin Sursok.jpg,/2019 TIDY - CELEBRITY FACEMASKS FINAL 7200 IMAGES/2026 TV SHOWS AND STARS/Tammin Sursok.jpg,move,not run,
6,/2019 TIDY - CELEBRITY FACEMASKS FINAL 7200 IMAGES/!!!!!!! TO SORT 2026 JAMIE MIXED UPLOADED TO FOXY SORT INTO FOLDERS/Tanner Buchanan.jpg,/2019 TIDY - CELEBRITY FACEMASKS FINAL 7200 IMAGES/2026 TV SHOWS AND STARS/Tanner Buchanan.jpg,move,not run,
6,/2019 TIDY - CELEBRITY FACEMASKS FINAL 7200 IMAGES/!!!!!!! TO SORT 2026 JAMIE MIXED UPLOADED TO FOXY SORT INTO FOLDERS/Taraji P. Henson.jpg,/2019 TIDY - CELEBRITY FACEMASKS FINAL 7200 IMAGES/2026 TV SHOWS AND STARS/Taraji P. Henson.jpg,move,not run,
6,/2019 TIDY - CELEBRITY FACEMASKS FINAL 7200 IMAGES/!!!!!!! TO SORT 2026 JAMIE MIXED UPLOADED TO FOXY SORT INTO FOLDERS/Taryn Manning.jpg,/2019 TIDY - CELEBRITY FACEMASKS FINAL 7200 IMAGES/2026 TV SHOWS AND STARS/Taryn Manning.jpg,move,not run,
6,/2019 TIDY - CELEBRITY FACEMASKS FINAL 7200 IMAGES/!!!!!!! TO SORT 2026 JAMIE MIXED UPLOADED TO FOXY SORT INTO FOLDERS/Taylor Schilling.jpg,/2019 TIDY - CELEBRITY FACEMASKS FINAL 7200 IMAGES/2026 TV SHOWS AND STARS/Taylor Schilling.jpg,move,not run,
6,/2019 TIDY - CELEBRITY FACEMASKS FINAL 7200 IMAGES/!!!!!!! TO SORT 2026 JAMIE MIXED UPLOADED TO FOXY SORT INTO FOLDERS/Tea Leoni.jpg,/2019 TIDY - CELEBRITY FACEMASKS FINAL 7200 IMAGES/2026 TV SHOWS AND STARS/Tea Leoni.jpg,move,not run,
7,/2019 TIDY - CELEBRITY FACEMASKS FINAL 7200 IMAGES/!!!!!!! TO SORT 2026 JAMIE MIXED UPLOADED TO FOXY SORT INTO FOLDERS/Ted McGinley.jpg,/2019 TIDY - CELEBRITY FACEMASKS FINAL 7200 IMAGES/2026 TV SHOWS AND STARS/Ted McGinley.jpg,move,not run,
7,/2019 TIDY - CELEBRITY FACEMASKS FINAL 7200 IMAGES/!!!!!!! TO SORT 2026 JAMIE MIXED UPLOADED TO FOXY SORT INTO FOLDERS/Tegan Lomax (Jessica Ellis) DE.jpg,/2019 TIDY - CELEBRITY FACEMASKS FINAL 7200 IMAGES/2026 TV SHOWS AND STARS/Tegan Lomax (Jessica Ellis) DE.jpg,move,not run,
7,/2019 TIDY - CELEBRITY FACEMASKS FINAL 7200 IMAGES/!!!!!!! TO SORT 2026 JAMIE MIXED UPLOADED TO FOXY SORT INTO FOLDERS/Teri hatcher.jpg,/2019 TIDY - CELEBRITY FACEMASKS FINAL 7200 IMAGES/2026 TV SHOWS AND STARS/Teri hatcher.jpg,move,not run,
7,/2019 TIDY - CELEBRITY FACEMASKS FINAL 7200 IMAGES/!!!!!!! TO SORT 2026 JAMIE MIXED UPLOADED TO FOXY SORT INTO FOLDERS/Terri Seymour.jpg,/2019 TIDY - CELEBRITY FACEMASKS FINAL 7200 IMAGES/2026 TV SHOWS AND STARS/Terri Seymour.jpg,move,not run,
7,/2019 TIDY - CELEBRITY FACEMASKS FINAL 7200 IMAGES/!!!!!!! TO SORT 2026 JAMIE MIXED UPLOADED TO FOXY SORT INTO FOLDERS/Terry Fator.jpg,/2019 TIDY - CELEBRITY FACEMASKS FINAL 7200 IMAGES/2026 TV SHOWS AND STARS/Terry Fator.jpg,move,not run,
7,/2019 TIDY - CELEBRITY FACEMASKS FINAL 7200 IMAGES/!!!!!!! TO SORT 2026 JAMIE MIXED UPLOADED TO FOXY SORT INTO FOLDERS/Thandie Newton New.jpg,/2019 TIDY - CELEBRITY FACEMASKS FINAL 7200 IMAGES/2026 TV SHOWS AND STARS/Thandie Newton New.jpg,move,not run,
7,/2019 TIDY - CELEBRITY FACEMASKS FINAL 7200 IMAGES/!!!!!!! TO SORT 2026 JAMIE MIXED UPLOADED TO FOXY SORT INTO FOLDERS/Thomas Barrow.jpg,/2019 TIDY - CELEBRITY FACEMASKS FINAL 7200 IMAGES/2026 TV SHOWS AND STARS/Thomas Barrow.jpg,move,not run,
7,/2019 TIDY - CELEBRITY FACEMASKS FINAL 7200 IMAGES/!!!!!!! TO SORT 2026 JAMIE MIXED UPLOADED TO FOXY SORT INTO FOLDERS/Tiffany Pollard JB.jpg,/2019 TIDY - CELEBRITY FACEMASKS FINAL 7200 IMAGES/2026 TV SHOWS AND STARS/Tiffany Pollard JB.jpg,move,not run,
7,/2019 TIDY - CELEBRITY FACEMASKS FINAL 7200 IMAGES/!!!!!!! TO SORT 2026 JAMIE MIXED UPLOADED TO FOXY SORT INTO FOLDERS/Tim Allen.jpg,/2019 TIDY - CELEBRITY FACEMASKS FINAL 7200 IMAGES/2026 TV SHOWS AND STARS/Tim Allen.jpg,move,not run,
7,/2019 TIDY - CELEBRITY FACEMASKS FINAL 7200 IMAGES/!!!!!!! TO SORT 2026 JAMIE MIXED UPLOADED TO FOXY SORT INTO FOLDERS/Tom Branson.jpg,/2019 TIDY - CELEBRITY FACEMASKS FINAL 7200 IMAGES/2026 TV SHOWS AND STARS/Tom Branson.jpg,move,not run,
7,/2019 TIDY - CELEBRITY FACEMASKS FINAL 7200 IMAGES/!!!!!!! TO SORT 2026 JAMIE MIXED UPLOADED TO FOXY SORT INTO FOLDERS/Tom Brittney.jpg,/2019 TIDY - CELEBRITY FACEMASKS FINAL 7200 IMAGES/2026 TV SHOWS AND STARS/Tom Brittney.jpg,move,not run,
7,/2019 TIDY - CELEBRITY FACEMASKS FINAL 7200 IMAGES/!!!!!!! TO SORT 2026 JAMIE MIXED UPLOADED TO FOXY SORT INTO FOLDERS/Tom Welling.jpg,/2019 TIDY - CELEBRITY FACEMASKS FINAL 7200 IMAGES/2026 TV SHOWS AND STARS/Tom Welling.jpg,move,not run,
7,/2019 TIDY - CELEBRITY FACEMASKS FINAL 7200 IMAGES/!!!!!!! TO SORT 2026 JAMIE MIXED UPLOADED TO FOXY SORT INTO FOLDERS/Tom Wlaschiha.jpg,/2019 TIDY - CELEBRITY FACEMASKS FINAL 7200 IMAGES/2026 TV SHOWS AND STARS/Tom Wlaschiha.jpg,move,not run,
7,/2019 TIDY - CELEBRITY FACEMASKS FINAL 7200 IMAGES/!!!!!!! TO SORT 2026 JAMIE MIXED UPLOADED TO FOXY SORT INTO FOLDERS/Tommy Egan Power.jpg,/2019 TIDY - CELEBRITY FACEMASKS FINAL 7200 IMAGES/2026 TV SHOWS AND STARS/Tommy Egan Power.jpg,move,not run,
7,/2019 TIDY - CELEBRITY FACEMASKS FINAL 7200 IMAGES/!!!!!!! TO SORT 2026 JAMIE MIXED UPLOADED TO FOXY SORT INTO FOLDERS/Tommy Flanagan.jpg,/2019 TIDY - CELEBRITY FACEMASKS FINAL 7200 IMAGES/2026 TV SHOWS AND STARS/Tommy Flanagan.jpg,move,not run,
7,/2019 TIDY - CELEBRITY FACEMASKS FINAL 7200 IMAGES/!!!!!!! TO SORT 2026 JAMIE MIXED UPLOADED TO FOXY SORT INTO FOLDERS/Tony Pitts.jpg,/2019 TIDY - CELEBRITY FACEMASKS FINAL 7200 IMAGES/2026 TV SHOWS AND STARS/Tony Pitts.jpg,move,not run,
7,/2019 TIDY - CELEBRITY FACEMASKS FINAL 7200 IMAGES/!!!!!!! TO SORT 2026 JAMIE MIXED UPLOADED TO FOXY SORT INTO FOLDERS/Tony Singh.jpg,/2019 TIDY - CELEBRITY FACEMASKS FINAL 7200 IMAGES/2026 TV SHOWS AND STARS/Tony Singh.jpg,move,not run,
7,/2019 TIDY - CELEBRITY FACEMASKS FINAL 7200 IMAGES/!!!!!!! TO SORT 2026 JAMIE MIXED UPLOADED TO FOXY SORT INTO FOLDERS/Tori - Victorious Kids Mask.jpg,/2019 TIDY - CELEBRITY FACEMASKS FINAL 7200 IMAGES/2026 TV SHOWS AND STARS/Tori - Victorious Kids Mask.jpg,move,not run,
7,/2019 TIDY - CELEBRITY FACEMASKS FINAL 7200 IMAGES/!!!!!!! TO SORT 2026 JAMIE MIXED UPLOADED TO FOXY SORT INTO FOLDERS/Torrey DeVitto.jpg,/2019 TIDY - CELEBRITY FACEMASKS FINAL 7200 IMAGES/2026 TV SHOWS AND STARS/Torrey DeVitto.jpg,move,not run,
7,/2019 TIDY - CELEBRITY FACEMASKS FINAL 7200 IMAGES/!!!!!!! TO SORT 2026 JAMIE MIXED UPLOADED TO FOXY SORT INTO FOLDERS/Troian Bellisario.jpg,/2019 TIDY - CELEBRITY FACEMASKS FINAL 7200 IMAGES/2026 TV SHOWS AND STARS/Troian Bellisario.jpg,move,not run,
7,/2019 TIDY - CELEBRITY FACEMASKS FINAL 7200 IMAGES/!!!!!!! TO SORT 2026 JAMIE MIXED UPLOADED TO FOXY SORT INTO FOLDERS/Ty Olsson.jpg,/2019 TIDY - CELEBRITY FACEMASKS FINAL 7200 IMAGES/2026 TV SHOWS AND STARS/Ty Olsson.jpg,move,not run,
7,/2019 TIDY - CELEBRITY FACEMASKS FINAL 7200 IMAGES/!!!!!!! TO SORT 2026 JAMIE MIXED UPLOADED TO FOXY SORT INTO FOLDERS/Tyler Blackburn.jpg,/2019 TIDY - CELEBRITY FACEMASKS FINAL 7200 IMAGES/2026 TV SHOWS AND STARS/Tyler Blackburn.jpg,move,not run,
7,/2019 TIDY - CELEBRITY FACEMASKS FINAL 7200 IMAGES/!!!!!!! TO SORT 2026 JAMIE MIXED UPLOADED TO FOXY SORT INTO FOLDERS/Tyler Hoechilin.jpg,/2019 TIDY - CELEBRITY FACEMASKS FINAL 7200 IMAGES/2026 TV SHOWS AND STARS/Tyler Hoechilin.jpg,move,not run,
7,/2019 TIDY - CELEBRITY FACEMASKS FINAL 7200 IMAGES/!!!!!!! TO SORT 2026 JAMIE MIXED UPLOADED TO FOXY SORT INTO FOLDERS/Tyler Hoechlin.jpg,/2019 TIDY - CELEBRITY FACEMASKS FINAL 7200 IMAGES/2026 TV SHOWS AND STARS/Tyler Hoechlin.jpg,move,not run,
7,/2019 TIDY - CELEBRITY FACEMASKS FINAL 7200 IMAGES/!!!!!!! TO SORT 2026 JAMIE MIXED UPLOADED TO FOXY SORT INTO FOLDERS/Tyler Posey.jpg,/2019 TIDY - CELEBRITY FACEMASKS FINAL 7200 IMAGES/2026 TV SHOWS AND STARS/Tyler Posey.jpg,move,not run,
7,/2019 TIDY - CELEBRITY FACEMASKS FINAL 7200 IMAGES/!!!!!!! TO SORT 2026 JAMIE MIXED UPLOADED TO FOXY SORT INTO FOLDERS/Untitled-1.jpg,/2019 TIDY - CELEBRITY FACEMASKS FINAL 7200 IMAGES/2026 TV SHOWS AND STARS/MAID/characters cutouts/Untitled-1 (larger).jpg,duplicate_larger,not run,
7,/2019 TIDY - CELEBRITY FACEMASKS FINAL 7200 IMAGES/!!!!!!! TO SORT 2026 JAMIE MIXED UPLOADED TO FOXY SORT INTO FOLDERS/Vanessa Ray.jpg,/2019 TIDY - CELEBRITY FACEMASKS FINAL 7200 IMAGES/2026 TV SHOWS AND STARS/Vanessa Ray.jpg,move,not run,
7,/2019 TIDY - CELEBRITY FACEMASKS FINAL 7200 IMAGES/!!!!!!! TO SORT 2026 JAMIE MIXED UPLOADED TO FOXY SORT INTO FOLDERS/Victoria Friends 1.JPG,/2019 TIDY - CELEBRITY FACEMASKS FINAL 7200 IMAGES/2026 TV SHOWS AND STARS/Victoria Friends 1.JPG,move,not run,
7,/2019 TIDY - CELEBRITY FACEMASKS FINAL 7200 IMAGES/!!!!!!! TO SORT 2026 JAMIE MIXED UPLOADED TO FOXY SORT INTO FOLDERS/Victoria Friends 2.JPG,/2019 TIDY - CELEBRITY FACEMASKS FINAL 7200 IMAGES/2026 TV SHOWS AND STARS/Victoria Friends 2.JPG,move,not run,
7,/2019 TIDY - CELEBRITY FACEMASKS FINAL 7200 IMAGES/!!!!!!! TO SORT 2026 JAMIE MIXED UPLOADED TO FOXY SORT INTO FOLDERS/Victoria Friends 3.JPG,/2019 TIDY - CELEBRITY FACEMASKS FINAL 7200 IMAGES/2026 TV SHOWS AND STARS/Victoria Friends 3.JPG,move,not run,
7,/2019 TIDY - CELEBRITY FACEMASKS FINAL 7200 IMAGES/!!!!!!! TO SORT 2026 JAMIE MIXED UPLOADED TO FOXY SORT INTO FOLDERS/Victoria Friends 4.JPG,/2019 TIDY - CELEBRITY FACEMASKS FINAL 7200 IMAGES/2026 TV SHOWS AND STARS/Victoria Friends 4.JPG,move,not run,
7,/2019 TIDY - CELEBRITY FACEMASKS FINAL 7200 IMAGES/!!!!!!! TO SORT 2026 JAMIE MIXED UPLOADED TO FOXY SORT INTO FOLDERS/Vincent-Kartheiser-Pete-Campbell.jpg,/2019 TIDY - CELEBRITY FACEMASKS FINAL 7200 IMAGES/2026 TV SHOWS AND STARS/Vincent-Kartheiser-Pete-Campbell.jpg,move,not run,
7,/2019 TIDY - CELEBRITY FACEMASKS FINAL 7200 IMAGES/!!!!!!! TO SORT 2026 JAMIE MIXED UPLOADED TO FOXY SORT INTO FOLDERS/Vohue Williams.jpg,/2019 TIDY - CELEBRITY FACEMASKS FINAL 7200 IMAGES/2026 TV SHOWS AND STARS/Vohue Williams.jpg,move,not run,
7,/2019 TIDY - CELEBRITY FACEMASKS FINAL 7200 IMAGES/!!!!!!! TO SORT 2026 JAMIE MIXED UPLOADED TO FOXY SORT INTO FOLDERS/Waleed Ali.jpg,/2019 TIDY - CELEBRITY FACEMASKS FINAL 7200 IMAGES/2026 TV SHOWS AND STARS/Waleed Ali.jpg,move,not run,
7,/2019 TIDY - CELEBRITY FACEMASKS FINAL 7200 IMAGES/!!!!!!! TO SORT 2026 JAMIE MIXED UPLOADED TO FOXY SORT INTO FOLDERS/Warren Clarke.jpg,/2019 TIDY - CELEBRITY FACEMASKS FINAL 7200 IMAGES/2026 TV SHOWS AND STARS/Warren Clarke.jpg,move,not run,
7,/2019 TIDY - CELEBRITY FACEMASKS FINAL 7200 IMAGES/!!!!!!! TO SORT 2026 JAMIE MIXED UPLOADED TO FOXY SORT INTO FOLDERS/Whitney Port.jpg,/2019 TIDY - CELEBRITY FACEMASKS FINAL 7200 IMAGES/2026 TV SHOWS AND STARS/Whitney Port.jpg,move,not run,
7,/2019 TIDY - CELEBRITY FACEMASKS FINAL 7200 IMAGES/!!!!!!! TO SORT 2026 JAMIE MIXED UPLOADED TO FOXY SORT INTO FOLDERS/Will Mellor.jpg,/2019 TIDY - CELEBRITY FACEMASKS FINAL 7200 IMAGES/2026 TV SHOWS AND STARS/Will Mellor.jpg,move,not run,
7,/2019 TIDY - CELEBRITY FACEMASKS FINAL 7200 IMAGES/!!!!!!! TO SORT 2026 JAMIE MIXED UPLOADED TO FOXY SORT INTO FOLDERS/William Peterson.jpg,/2019 TIDY - CELEBRITY FACEMASKS FINAL 7200 IMAGES/2026 TV SHOWS AND STARS/William Peterson.jpg,move,not run,
7,/2019 TIDY - CELEBRITY FACEMASKS FINAL 7200 IMAGES/!!!!!!! TO SORT 2026 JAMIE MIXED UPLOADED TO FOXY SORT INTO FOLDERS/YELLOWSTONE- RIP WHEELER.jpg,/2019 TIDY - CELEBRITY FACEMASKS FINAL 7200 IMAGES/2026 TV SHOWS AND STARS/YELLOWSTONE- RIP WHEELER.jpg,move,not run,
7,/2019 TIDY - CELEBRITY FACEMASKS FINAL 7200 IMAGES/!!!!!!! TO SORT 2026 JAMIE MIXED UPLOADED TO FOXY SORT INTO FOLDERS/Yara Shahidi.jpg,/2019 TIDY - CELEBRITY FACEMASKS FINAL 7200 IMAGES/2026 TV SHOWS AND STARS/Yara Shahidi.jpg,move,not run,
7,/2019 TIDY - CELEBRITY FACEMASKS FINAL 7200 IMAGES/!!!!!!! TO SORT 2026 JAMIE MIXED UPLOADED TO FOXY SORT INTO FOLDERS/Ysa Penarejo.jpg,/2019 TIDY - CELEBRITY FACEMASKS FINAL 7200 IMAGES/2026 TV SHOWS AND STARS/Ysa Penarejo.jpg,move,not run,
7,/2019 TIDY - CELEBRITY FACEMASKS FINAL 7200 IMAGES/!!!!!!! TO SORT 2026 JAMIE MIXED UPLOADED TO FOXY SORT INTO FOLDERS/Yvonne Strahovski.jpg,/2019 TIDY - CELEBRITY FACEMASKS FINAL 7200 IMAGES/2026 TV SHOWS AND STARS/Yvonne Strahovski.jpg,move,not run,
7,/2019 TIDY - CELEBRITY FACEMASKS FINAL 7200 IMAGES/!!!!!!! TO SORT 2026 JAMIE MIXED UPLOADED TO FOXY SORT INTO FOLDERS/Zach Morris-saved By the Bell.jpg,/2019 TIDY - CELEBRITY FACEMASKS FINAL 7200 IMAGES/2026 TV SHOWS AND STARS/Zach Morris-saved By the Bell.jpg,move,not run,
7,/2019 TIDY - CELEBRITY FACEMASKS FINAL 7200 IMAGES/!!!!!!! TO SORT 2026 JAMIE MIXED UPLOADED TO FOXY SORT INTO FOLDERS/Zahida Allen.jpg,/2019 TIDY - CELEBRITY FACEMASKS FINAL 7200 IMAGES/2026 TV SHOWS AND STARS/Zahida Allen.jpg,move,not run,
7,/2019 TIDY - CELEBRITY FACEMASKS FINAL 7200 IMAGES/!!!!!!! TO SORT 2026 JAMIE MIXED UPLOADED TO FOXY SORT INTO FOLDERS/Zoe Ball.jpg,/2019 TIDY - CELEBRITY FACEMASKS FINAL 7200 IMAGES/2026 TV SHOWS AND STARS/Zoe Ball.jpg,move,not run,
7,/2019 TIDY - CELEBRITY FACEMASKS FINAL 7200 IMAGES/!!!!!!! TO SORT 2026 JAMIE MIXED UPLOADED TO FOXY SORT INTO FOLDERS/Zoe Lucker JB.jpg,/2019 TIDY - CELEBRITY FACEMASKS FINAL 7200 IMAGES/2026 TV SHOWS AND STARS/Zoe Lucker JB.jpg,move,not run,
7,/2019 TIDY - CELEBRITY FACEMASKS FINAL 7200 IMAGES/!!!!!!! TO SORT 2026 JAMIE MIXED UPLOADED TO FOXY SORT INTO FOLDERS/Zooey Deschanel.jpg,/2019 TIDY - CELEBRITY FACEMASKS FINAL 7200 IMAGES/2026 TV SHOWS AND STARS/Zooey Deschanel.jpg,move,not run,
7,/2019 TIDY - CELEBRITY FACEMASKS FINAL 7200 IMAGES/!!!!!!! TO SORT 2026 JAMIE MIXED UPLOADED TO FOXY SORT INTO FOLDERS/Zooey Deshanel.jpg,/2019 TIDY - CELEBRITY FACEMASKS FINAL 7200 IMAGES/2026 TV SHOWS AND STARS/Zooey Deshanel.jpg,move,not run,
7,/2019 TIDY - CELEBRITY FACEMASKS FINAL 7200 IMAGES/!!!!!!! TO SORT 2026 JAMIE MIXED UPLOADED TO FOXY SORT INTO FOLDERS/Zuri Hall.jpg,/2019 TIDY - CELEBRITY FACEMASKS FINAL 7200 IMAGES/2026 TV SHOWS AND STARS/Zuri Hall.jpg,move,not run,
7,/2019 TIDY - CELEBRITY FACEMASKS FINAL 7200 IMAGES/!!!!!!! TO SORT 2026 JAMIE MIXED UPLOADED TO FOXY SORT INTO FOLDERS/aethelflaed-the last kingdom.jpg,/2019 TIDY - CELEBRITY FACEMASKS FINAL 7200 IMAGES/2026 TV SHOWS AND STARS/aethelflaed-the last kingdom.jpg,move,not run,
7,/2019 TIDY - CELEBRITY FACEMASKS FINAL 7200 IMAGES/!!!!!!! TO SORT 2026 JAMIE MIXED UPLOADED TO FOXY SORT INTO FOLDERS/andy cohen-presenter.jpg,/2019 TIDY - CELEBRITY FACEMASKS FINAL 7200 IMAGES/2026 TV SHOWS AND STARS/andy cohen-presenter.jpg,move,not run,
7,/2019 TIDY - CELEBRITY FACEMASKS FINAL 7200 IMAGES/!!!!!!! TO SORT 2026 JAMIE MIXED UPLOADED TO FOXY SORT INTO FOLDERS/bjorn ironside- vikings.jpg,/2019 TIDY - CELEBRITY FACEMASKS FINAL 7200 IMAGES/2026 TV SHOWS AND STARS/bjorn ironside- vikings.jpg,move,not run,
7,/2019 TIDY - CELEBRITY FACEMASKS FINAL 7200 IMAGES/!!!!!!! TO SORT 2026 JAMIE MIXED UPLOADED TO FOXY SORT INTO FOLDERS/brida- the last kingdom.jpg,/2019 TIDY - CELEBRITY FACEMASKS FINAL 7200 IMAGES/2026 TV SHOWS AND STARS/brida- the last kingdom.jpg,move,not run,
7,/2019 TIDY - CELEBRITY FACEMASKS FINAL 7200 IMAGES/!!!!!!! TO SORT 2026 JAMIE MIXED UPLOADED TO FOXY SORT INTO FOLDERS/caterina scorsone-grey's anatomy.jpg,/2019 TIDY - CELEBRITY FACEMASKS FINAL 7200 IMAGES/2026 TV SHOWS AND STARS/caterina scorsone-grey's anatomy.jpg,move,not run,
7,/2019 TIDY - CELEBRITY FACEMASKS FINAL 7200 IMAGES/!!!!!!! TO SORT 2026 JAMIE MIXED UPLOADED TO FOXY SORT INTO FOLDERS/chandra wilson-grey's anatomy.jpg,/2019 TIDY - CELEBRITY FACEMASKS FINAL 7200 IMAGES/2026 TV SHOWS AND STARS/chandra wilson-grey's anatomy.jpg,move,not run,
7,/2019 TIDY - CELEBRITY FACEMASKS FINAL 7200 IMAGES/!!!!!!! TO SORT 2026 JAMIE MIXED UPLOADED TO FOXY SORT INTO FOLDERS/frank dillane.jpg,/2019 TIDY - CELEBRITY FACEMASKS FINAL 7200 IMAGES/2026 TV SHOWS AND STARS/frank dillane.jpg,move,not run,
7,/2019 TIDY - CELEBRITY FACEMASKS FINAL 7200 IMAGES/!!!!!!! TO SORT 2026 JAMIE MIXED UPLOADED TO FOXY SORT INTO FOLDERS/ivar the boneless -vikings.jpg,/2019 TIDY - CELEBRITY FACEMASKS FINAL 7200 IMAGES/2026 TV SHOWS AND STARS/ivar the boneless -vikings.jpg,move,not run,
7,/2019 TIDY - CELEBRITY FACEMASKS FINAL 7200 IMAGES/!!!!!!! TO SORT 2026 JAMIE MIXED UPLOADED TO FOXY SORT INTO FOLDERS/justin chambers grey's anatomy.jpg,/2019 TIDY - CELEBRITY FACEMASKS FINAL 7200 IMAGES/2026 TV SHOWS AND STARS/justin chambers grey's anatomy.jpg,move,not run,
7,/2019 TIDY - CELEBRITY FACEMASKS FINAL 7200 IMAGES/!!!!!!! TO SORT 2026 JAMIE MIXED UPLOADED TO FOXY SORT INTO FOLDERS/karen mcdonald- coronation street.jpg,/2019 TIDY - CELEBRITY FACEMASKS FINAL 7200 IMAGES/2026 TV SHOWS AND STARS/karen mcdonald- coronation street.jpg,move,not run,
7,/2019 TIDY - CELEBRITY FACEMASKS FINAL 7200 IMAGES/!!!!!!! TO SORT 2026 JAMIE MIXED UPLOADED TO FOXY SORT INTO FOLDERS/kelly mccreary grey's anatomy.jpg,/2019 TIDY - CELEBRITY FACEMASKS FINAL 7200 IMAGES/2026 TV SHOWS AND STARS/kelly mccreary grey's anatomy.jpg,move,not run,
7,/2019 TIDY - CELEBRITY FACEMASKS FINAL 7200 IMAGES/!!!!!!! TO SORT 2026 JAMIE MIXED UPLOADED TO FOXY SORT INTO FOLDERS/krishnan guru-murthy.jpg,/2019 TIDY - CELEBRITY FACEMASKS FINAL 7200 IMAGES/2026 TV SHOWS AND STARS/krishnan guru-murthy.jpg,move,not run,
7,/2019 TIDY - CELEBRITY FACEMASKS FINAL 7200 IMAGES/!!!!!!! TO SORT 2026 JAMIE MIXED UPLOADED TO FOXY SORT INTO FOLDERS/leofric -the last kingdom.jpg,/2019 TIDY - CELEBRITY FACEMASKS FINAL 7200 IMAGES/2026 TV SHOWS AND STARS/leofric -the last kingdom.jpg,move,not run,
7,/2019 TIDY - CELEBRITY FACEMASKS FINAL 7200 IMAGES/!!!!!!! TO SORT 2026 JAMIE MIXED UPLOADED TO FOXY SORT INTO FOLDERS/lesley sharp.jpg,/2019 TIDY - CELEBRITY FACEMASKS FINAL 7200 IMAGES/2026 TV SHOWS AND STARS/lesley sharp.jpg,move,not run,
7,/2019 TIDY - CELEBRITY FACEMASKS FINAL 7200 IMAGES/!!!!!!! TO SORT 2026 JAMIE MIXED UPLOADED TO FOXY SORT INTO FOLDERS/mark wingett.jpg,/2019 TIDY - CELEBRITY FACEMASKS FINAL 7200 IMAGES/2026 TV SHOWS AND STARS/mark wingett.jpg,move,not run,
7,/2019 TIDY - CELEBRITY FACEMASKS FINAL 7200 IMAGES/!!!!!!! TO SORT 2026 JAMIE MIXED UPLOADED TO FOXY SORT INTO FOLDERS/ragnar lothbrok- the last kingdom.jpg,/2019 TIDY - CELEBRITY FACEMASKS FINAL 7200 IMAGES/2026 TV SHOWS AND STARS/ragnar lothbrok- the last kingdom.jpg,move,not run,
7,/2019 TIDY - CELEBRITY FACEMASKS FINAL 7200 IMAGES/!!!!!!! TO SORT 2026 JAMIE MIXED UPLOADED TO FOXY SORT INTO FOLDERS/rick worthy.jpg,/2019 TIDY - CELEBRITY FACEMASKS FINAL 7200 IMAGES/2026 TV SHOWS AND STARS/rick worthy.jpg,move,not run,
7,/2019 TIDY - CELEBRITY FACEMASKS FINAL 7200 IMAGES/!!!!!!! TO SORT 2026 JAMIE MIXED UPLOADED TO FOXY SORT INTO FOLDERS/rita seaker.jpg,/2019 TIDY - CELEBRITY FACEMASKS FINAL 7200 IMAGES/2026 TV SHOWS AND STARS/rita seaker.jpg,move,not run,
7,/2019 TIDY - CELEBRITY FACEMASKS FINAL 7200 IMAGES/!!!!!!! TO SORT 2026 JAMIE MIXED UPLOADED TO FOXY SORT INTO FOLDERS/rosie fortescue.jpg,/2019 TIDY - CELEBRITY FACEMASKS FINAL 7200 IMAGES/2026 TV SHOWS AND STARS/rosie fortescue.jpg,move,not run,
7,/2019 TIDY - CELEBRITY FACEMASKS FINAL 7200 IMAGES/!!!!!!! TO SORT 2026 JAMIE MIXED UPLOADED TO FOXY SORT INTO FOLDERS/ruby_haswell.jpg,/2019 TIDY - CELEBRITY FACEMASKS FINAL 7200 IMAGES/2026 TV SHOWS AND STARS/ruby_haswell.jpg,move,not run,
7,/2019 TIDY - CELEBRITY FACEMASKS FINAL 7200 IMAGES/!!!!!!! TO SORT 2026 JAMIE MIXED UPLOADED TO FOXY SORT INTO FOLDERS/ruth badger.jpg,/2019 TIDY - CELEBRITY FACEMASKS FINAL 7200 IMAGES/2026 TV SHOWS AND STARS/ruth badger.jpg,move,not run,
7,/2019 TIDY - CELEBRITY FACEMASKS FINAL 7200 IMAGES/!!!!!!! TO SORT 2026 JAMIE MIXED UPLOADED TO FOXY SORT INTO FOLDERS/ryan kwanten.jpg,/2019 TIDY - CELEBRITY FACEMASKS FINAL 7200 IMAGES/2026 TV SHOWS AND STARS/ryan kwanten.jpg,move,not run,
7,/2019 TIDY - CELEBRITY FACEMASKS FINAL 7200 IMAGES/!!!!!!! TO SORT 2026 JAMIE MIXED UPLOADED TO FOXY SORT INTO FOLDERS/sacha dhawan-dr who.jpg,/2019 TIDY - CELEBRITY FACEMASKS FINAL 7200 IMAGES/2026 TV SHOWS AND STARS/sacha dhawan-dr who.jpg,move,not run,
7,/2019 TIDY - CELEBRITY FACEMASKS FINAL 7200 IMAGES/!!!!!!! TO SORT 2026 JAMIE MIXED UPLOADED TO FOXY SORT INTO FOLDERS/sam kelly.jpg,/2019 TIDY - CELEBRITY FACEMASKS FINAL 7200 IMAGES/2026 TV SHOWS AND STARS/sam kelly.jpg,move,not run,
7,/2019 TIDY - CELEBRITY FACEMASKS FINAL 7200 IMAGES/!!!!!!! TO SORT 2026 JAMIE MIXED UPLOADED TO FOXY SORT INTO FOLDERS/sam thompson.jpg,/2019 TIDY - CELEBRITY FACEMASKS FINAL 7200 IMAGES/2026 TV SHOWS AND STARS/sam thompson.jpg,move,not run,
7,/2019 TIDY - CELEBRITY FACEMASKS FINAL 7200 IMAGES/!!!!!!! TO SORT 2026 JAMIE MIXED UPLOADED TO FOXY SORT INTO FOLDERS/sara gilbert darlene.jpg,/2019 TIDY - CELEBRITY FACEMASKS FINAL 7200 IMAGES/2026 TV SHOWS AND STARS/sara gilbert darlene.jpg,move,not run,
7,/2019 TIDY - CELEBRITY FACEMASKS FINAL 7200 IMAGES/!!!!!!! TO SORT 2026 JAMIE MIXED UPLOADED TO FOXY SORT INTO FOLDERS/sarah bolger 2.jpg,/2019 TIDY - CELEBRITY FACEMASKS FINAL 7200 IMAGES/2026 TV SHOWS AND STARS/sarah bolger 2.jpg,move,not run,
7,/2019 TIDY - CELEBRITY FACEMASKS FINAL 7200 IMAGES/!!!!!!! TO SORT 2026 JAMIE MIXED UPLOADED TO FOXY SORT INTO FOLDERS/sarah-bolger.jpg,/2019 TIDY - CELEBRITY FACEMASKS FINAL 7200 IMAGES/2026 TV SHOWS AND STARS/sarah-bolger.jpg,move,not run,
7,/2019 TIDY - CELEBRITY FACEMASKS FINAL 7200 IMAGES/!!!!!!! TO SORT 2026 JAMIE MIXED UPLOADED TO FOXY SORT INTO FOLDERS/sean maguire.JPG,/2019 TIDY - CELEBRITY FACEMASKS FINAL 7200 IMAGES/2026 TV SHOWS AND STARS/sean maguire.JPG,move,not run,
7,/2019 TIDY - CELEBRITY FACEMASKS FINAL 7200 IMAGES/!!!!!!! TO SORT 2026 JAMIE MIXED UPLOADED TO FOXY SORT INTO FOLDERS/shemar-moore.jpg,/2019 TIDY - CELEBRITY FACEMASKS FINAL 7200 IMAGES/2026 TV SHOWS AND STARS/shemar-moore.jpg,move,not run,
7,/2019 TIDY - CELEBRITY FACEMASKS FINAL 7200 IMAGES/!!!!!!! TO SORT 2026 JAMIE MIXED UPLOADED TO FOXY SORT INTO FOLDERS/snooki(2).jpg,/2019 TIDY - CELEBRITY FACEMASKS FINAL 7200 IMAGES/2026 TV SHOWS AND STARS/snooki(2).jpg,move,not run,
7,/2019 TIDY - CELEBRITY FACEMASKS FINAL 7200 IMAGES/!!!!!!! TO SORT 2026 JAMIE MIXED UPLOADED TO FOXY SORT INTO FOLDERS/steve-ryder.jpg,/2019 TIDY - CELEBRITY FACEMASKS FINAL 7200 IMAGES/2026 TV SHOWS AND STARS/steve-ryder.jpg,move,not run,
7,/2019 TIDY - CELEBRITY FACEMASKS FINAL 7200 IMAGES/!!!!!!! TO SORT 2026 JAMIE MIXED UPLOADED TO FOXY SORT INTO FOLDERS/TAM - Still Game.jpg,/2019 TIDY - CELEBRITY FACEMASKS FINAL 7200 IMAGES/2026 TV SHOWS AND STARS/still game/TAM - Still Game.jpg,move,not run,
7,/2019 TIDY - CELEBRITY FACEMASKS FINAL 7200 IMAGES/!!!!!!! TO SORT 2026 JAMIE MIXED UPLOADED TO FOXY SORT INTO FOLDERS/stuart-hall JB.jpg,/2019 TIDY - CELEBRITY FACEMASKS FINAL 7200 IMAGES/2026 TV SHOWS AND STARS/stuart-hall JB.jpg,move,not run,
7,/2019 TIDY - CELEBRITY FACEMASKS FINAL 7200 IMAGES/!!!!!!! TO SORT 2026 JAMIE MIXED UPLOADED TO FOXY SORT INTO FOLDERS/summer glau cameron.jpg,/2019 TIDY - CELEBRITY FACEMASKS FINAL 7200 IMAGES/2026 TV SHOWS AND STARS/summer glau cameron.jpg,move,not run,
7,/2019 TIDY - CELEBRITY FACEMASKS FINAL 7200 IMAGES/!!!!!!! TO SORT 2026 JAMIE MIXED UPLOADED TO FOXY SORT INTO FOLDERS/suzi perry.jpg,/2019 TIDY - CELEBRITY FACEMASKS FINAL 7200 IMAGES/2026 TV SHOWS AND STARS/suzi perry.jpg,move,not run,
7,/2019 TIDY - CELEBRITY FACEMASKS FINAL 7200 IMAGES/!!!!!!! TO SORT 2026 JAMIE MIXED UPLOADED TO FOXY SORT INTO FOLDERS/terry crews.jpg,/2019 TIDY - CELEBRITY FACEMASKS FINAL 7200 IMAGES/2026 SPORTS STARS/Misc Sports/terry crews (larger).jpg,duplicate_larger,not run,
7,/2019 TIDY - CELEBRITY FACEMASKS FINAL 7200 IMAGES/!!!!!!! TO SORT 2026 JAMIE MIXED UPLOADED TO FOXY SORT INTO FOLDERS/tiffany watson.jpg,/2019 TIDY - CELEBRITY FACEMASKS FINAL 7200 IMAGES/2026 TV SHOWS AND STARS/tiffany watson.jpg,move,not run,
7,/2019 TIDY - CELEBRITY FACEMASKS FINAL 7200 IMAGES/!!!!!!! TO SORT 2026 JAMIE MIXED UPLOADED TO FOXY SORT INTO FOLDERS/tom mison Long Hair.jpg,/2019 TIDY - CELEBRITY FACEMASKS FINAL 7200 IMAGES/2026 TV SHOWS AND STARS/tom mison Long Hair.jpg,move,not run,
7,/2019 TIDY - CELEBRITY FACEMASKS FINAL 7200 IMAGES/!!!!!!! TO SORT 2026 JAMIE MIXED UPLOADED TO FOXY SORT INTO FOLDERS/tom-welling-cw-upfronts-03.jpg,/2019 TIDY - CELEBRITY FACEMASKS FINAL 7200 IMAGES/2026 TV SHOWS AND STARS/tom-welling-cw-upfronts-03.jpg,move,not run,
7,/2019 TIDY - CELEBRITY FACEMASKS FINAL 7200 IMAGES/!!!!!!! TO SORT 2026 JAMIE MIXED UPLOADED TO FOXY SORT INTO FOLDERS/touker suleyman.jpg,/2019 TIDY - CELEBRITY FACEMASKS FINAL 7200 IMAGES/2026 TV SHOWS AND STARS/touker suleyman.jpg,move,not run,
7,/2019 TIDY - CELEBRITY FACEMASKS FINAL 7200 IMAGES/!!!!!!! TO SORT 2026 JAMIE MIXED UPLOADED TO FOXY SORT INTO FOLDERS/uhtred of bebbanburg- The last Kingdom.jpg,/2019 TIDY - CELEBRITY FACEMASKS FINAL 7200 IMAGES/2026 TV SHOWS AND STARS/uhtred of bebbanburg- The last Kingdom.jpg,move,not run,
7,/2019 TIDY - CELEBRITY FACEMASKS FINAL 7200 IMAGES/!!!!!!! TO SORT 2026 JAMIE MIXED UPLOADED TO FOXY SORT INTO FOLDERS/victoria baker harber.jpg,/2019 TIDY - CELEBRITY FACEMASKS FINAL 7200 IMAGES/2026 TV SHOWS AND STARS/victoria baker harber.jpg,move,not run,
7,/2019 TIDY - CELEBRITY FACEMASKS FINAL 7200 IMAGES/!!!!!!! TO SORT 2026 JAMIE MIXED UPLOADED TO FOXY SORT INTO FOLDERS/walter junior breaking bad.jpg,/2019 TIDY - CELEBRITY FACEMASKS FINAL 7200 IMAGES/2026 TV SHOWS AND STARS/walter junior breaking bad.jpg,move,not run,
7,/2019 TIDY - CELEBRITY FACEMASKS FINAL 7200 IMAGES/!!!!!!! TO SORT 2026 JAMIE MIXED UPLOADED TO FOXY SORT INTO FOLDERS/wil johnson dom andrews.jpg,/2019 TIDY - CELEBRITY FACEMASKS FINAL 7200 IMAGES/2026 TV SHOWS AND STARS/wil johnson dom andrews.jpg,move,not run,
7,/2019 TIDY - CELEBRITY FACEMASKS FINAL 7200 IMAGES/!!!!!!! TO SORT 2026 JAMIE MIXED UPLOADED TO FOXY SORT INTO FOLDERS/william macy.jpg,/2019 TIDY - CELEBRITY FACEMASKS FINAL 7200 IMAGES/2026 TV SHOWS AND STARS/william macy.jpg,move,not run,
7,/2019 TIDY - CELEBRITY FACEMASKS FINAL 7200 IMAGES/!!!!!!! TO SORT 2026 JAMIE MIXED UPLOADED TO FOXY SORT INTO FOLDERS/yvette fielding -presenter.jpg,/2019 TIDY - CELEBRITY FACEMASKS FINAL 7200 IMAGES/2026 TV SHOWS AND STARS/yvette fielding -presenter.jpg,move,not run,
7,/2019 TIDY - CELEBRITY FACEMASKS FINAL 7200 IMAGES/!!!!!!! TO SORT 2026 JAMIE MIXED UPLOADED TO FOXY SORT INTO FOLDERS/Robyn Lawley.jpg,/2019 TIDY - CELEBRITY FACEMASKS FINAL 7200 IMAGES/2026 WAGS AND MODELS/Robyn Lawley.jpg,move,not run,
7,/2019 TIDY - CELEBRITY FACEMASKS FINAL 7200 IMAGES/!!!!!!! TO SORT 2026 JAMIE MIXED UPLOADED TO FOXY SORT INTO FOLDERS/Rosie Huntington Whiteley.jpg,/2019 TIDY - CELEBRITY FACEMASKS FINAL 7200 IMAGES/2026 WAGS AND MODELS/Rosie Huntington Whiteley.jpg,move,not run,
7,/2019 TIDY - CELEBRITY FACEMASKS FINAL 7200 IMAGES/!!!!!!! TO SORT 2026 JAMIE MIXED UPLOADED TO FOXY SORT INTO FOLDERS/Sonia Ben Ammar.jpg,/2019 TIDY - CELEBRITY FACEMASKS FINAL 7200 IMAGES/2026 WAGS AND MODELS/Sonia Ben Ammar.jpg,move,not run,
7,/2019 TIDY - CELEBRITY FACEMASKS FINAL 7200 IMAGES/!!!!!!! TO SORT 2026 JAMIE MIXED UPLOADED TO FOXY SORT INTO FOLDERS/Sophie Anderton.jpg,/2019 TIDY - CELEBRITY FACEMASKS FINAL 7200 IMAGES/2026 WAGS AND MODELS/Sophie Anderton.jpg,move,not run,
8,/2019 TIDY - CELEBRITY FACEMASKS FINAL 7200 IMAGES/!!!!!!! TO SORT 2026 JAMIE MIXED UPLOADED TO FOXY SORT INTO FOLDERS/Tyra Banks JB.jpg,/2019 TIDY - CELEBRITY FACEMASKS FINAL 7200 IMAGES/2026 WAGS AND MODELS/Tyra Banks JB.jpg,move,not run,
8,/2019 TIDY - CELEBRITY FACEMASKS FINAL 7200 IMAGES/!!!!!!! TO SORT 2026 JAMIE MIXED UPLOADED TO FOXY SORT INTO FOLDERS/Vita Sidorkina.jpg,/2019 TIDY - CELEBRITY FACEMASKS FINAL 7200 IMAGES/2026 WAGS AND MODELS/Vita Sidorkina.jpg,move,not run,
8,/2019 TIDY - CELEBRITY FACEMASKS FINAL 7200 IMAGES/Music Pack of 8 JB.jpg,/2019 TIDY - CELEBRITY FACEMASKS FINAL 7200 IMAGES/!!MASK PACK MOCKUP IMAGES/Music Pack of 8 JB.jpg,move,not run,
8,/2019 TIDY - CELEBRITY FACEMASKS FINAL 7200 IMAGES/the grabber 3 pack.jpg,/2019 TIDY - CELEBRITY FACEMASKS FINAL 7200 IMAGES/!!MASK PACK MOCKUP IMAGES/the grabber 3 pack.jpg,move,not run,
8,/2019 TIDY - CELEBRITY FACEMASKS FINAL 7200 IMAGES/Greg Rutherford.jpg,/2019 TIDY - CELEBRITY FACEMASKS FINAL 7200 IMAGES/2026 SPORTS STARS/Olympic Athletes/Greg Rutherford (larger).jpg,duplicate_larger,not run,
8,/2019 TIDY - CELEBRITY FACEMASKS FINAL 7200 IMAGES/John regis.jpg,/2019 TIDY - CELEBRITY FACEMASKS FINAL 7200 IMAGES/2026 ATHLETES/John regis.jpg,move,not run,
8,/2019 TIDY - CELEBRITY FACEMASKS FINAL 7200 IMAGES/Justin Gatlin JB.jpg,/2019 TIDY - CELEBRITY FACEMASKS FINAL 7200 IMAGES/2026 ATHLETES/Justin Gatlin JB.jpg,move,not run,
8,/2019 TIDY - CELEBRITY FACEMASKS FINAL 7200 IMAGES/Oscar Pistorius.jpg,/2019 TIDY - CELEBRITY FACEMASKS FINAL 7200 IMAGES/2026 ATHLETES/Oscar Pistorius.jpg,move,not run,
8,/2019 TIDY - CELEBRITY FACEMASKS FINAL 7200 IMAGES/Paula Radcliffe.JPG,/2019 TIDY - CELEBRITY FACEMASKS FINAL 7200 IMAGES/2026 SPORTS STARS/Olympic Athletes/Paula Radcliffe (larger).JPG,duplicate_larger,not run,
8,/2019 TIDY - CELEBRITY FACEMASKS FINAL 7200 IMAGES/johan blake celebrity mask.JPG,/2019 TIDY - CELEBRITY FACEMASKS FINAL 7200 IMAGES/2026 ATHLETES/johan blake celebrity mask.JPG,move,not run,
8,/2019 TIDY - CELEBRITY FACEMASKS FINAL 7200 IMAGES/phillips idowu2.jpg,/2019 TIDY - CELEBRITY FACEMASKS FINAL 7200 IMAGES/2026 ATHLETES/phillips idowu2.jpg,move,not run,
8,/2019 TIDY - CELEBRITY FACEMASKS FINAL 7200 IMAGES/Govinda-4.jpg,/2019 TIDY - CELEBRITY FACEMASKS FINAL 7200 IMAGES/2026 BOLLYWOOD ACTORS/Govinda-4.jpg,move,not run,
8,/2019 TIDY - CELEBRITY FACEMASKS FINAL 7200 IMAGES/Hema-Malinis.jpg,/2019 TIDY - CELEBRITY FACEMASKS FINAL 7200 IMAGES/2026 BOLLYWOOD ACTORS/Hema-Malinis.jpg,move,not run,
8,/2019 TIDY - CELEBRITY FACEMASKS FINAL 7200 IMAGES/Kajal Agarwal.jpg,/2019 TIDY - CELEBRITY FACEMASKS FINAL 7200 IMAGES/2026 BOLLYWOOD ACTORS/Kajal Agarwal.jpg,move,not run,
8,/2019 TIDY - CELEBRITY FACEMASKS FINAL 7200 IMAGES/Krystal D’souza.jpg,/2019 TIDY - CELEBRITY FACEMASKS FINAL 7200 IMAGES/2026 BOLLYWOOD ACTORS/Krystal D’souza.jpg,move,not run,
8,/2019 TIDY - CELEBRITY FACEMASKS FINAL 7200 IMAGES/Madhuri Dixit (2).jpg,/2019 TIDY - CELEBRITY FACEMASKS FINAL 7200 IMAGES/2026 BOLLYWOOD ACTORS/Madhuri Dixit (2).jpg,move,not run,
8,/2019 TIDY - CELEBRITY FACEMASKS FINAL 7200 IMAGES/Manisha Koirala.jpg,/2019 TIDY - CELEBRITY FACEMASKS FINAL 7200 IMAGES/2026 BOLLYWOOD ACTORS/Manisha Koirala.jpg,move,not run,
8,/2019 TIDY - CELEBRITY FACEMASKS FINAL 7200 IMAGES/Parineeti Chopra.jpg,/2019 TIDY - CELEBRITY FACEMASKS FINAL 7200 IMAGES/2026 BOLLYWOOD ACTORS/Parineeti Chopra.jpg,move,not run,
8,/2019 TIDY - CELEBRITY FACEMASKS FINAL 7200 IMAGES/hrithik roshan.jpg,/2019 TIDY - CELEBRITY FACEMASKS FINAL 7200 IMAGES/2026 BOLLYWOOD ACTORS/hrithik roshan.jpg,move,not run,
8,/2019 TIDY - CELEBRITY FACEMASKS FINAL 7200 IMAGES/kajol-devgan.jpg,/2019 TIDY - CELEBRITY FACEMASKS FINAL 7200 IMAGES/2026 BOLLYWOOD ACTORS/kajol-devgan.jpg,move,not run,
8,/2019 TIDY - CELEBRITY FACEMASKS FINAL 7200 IMAGES/kishore kumar.jpg,/2019 TIDY - CELEBRITY FACEMASKS FINAL 7200 IMAGES/2026 BOLLYWOOD ACTORS/kishore kumar.jpg,move,not run,
8,/2019 TIDY - CELEBRITY FACEMASKS FINAL 7200 IMAGES/preity zinta.jpg,/2019 TIDY - CELEBRITY FACEMASKS FINAL 7200 IMAGES/2026 BOLLYWOOD ACTORS/preity zinta.jpg,move,not run,
8,/2019 TIDY - CELEBRITY FACEMASKS FINAL 7200 IMAGES/Frank Warren.jpg,/2019 TIDY - CELEBRITY FACEMASKS FINAL 7200 IMAGES/2026 BOXERS/Frank Warren.jpg,move,not run,
8,/2019 TIDY - CELEBRITY FACEMASKS FINAL 7200 IMAGES/George-Groves.jpg,/2019 TIDY - CELEBRITY FACEMASKS FINAL 7200 IMAGES/2026 SPORTS STARS/Rugby/George-Groves (larger).jpg,duplicate_larger,not run,
8,/2019 TIDY - CELEBRITY FACEMASKS FINAL 7200 IMAGES/Joe Calzaghe.jpg,/2019 TIDY - CELEBRITY FACEMASKS FINAL 7200 IMAGES/2026 BOXERS/Joe Calzaghe.jpg,move,not run,
8,/2019 TIDY - CELEBRITY FACEMASKS FINAL 7200 IMAGES/Joe Zalzaghe.jpg,/2019 TIDY - CELEBRITY FACEMASKS FINAL 7200 IMAGES/2026 BOXERS/Joe Zalzaghe.jpg,move,not run,
8,/2019 TIDY - CELEBRITY FACEMASKS FINAL 7200 IMAGES/Joe-Calzaghe-2.jpg,/2019 TIDY - CELEBRITY FACEMASKS FINAL 7200 IMAGES/2026 BOXERS/Joe-Calzaghe-2.jpg,move,not run,
8,/2019 TIDY - CELEBRITY FACEMASKS FINAL 7200 IMAGES/Katie Taylor.jpg,/2019 TIDY - CELEBRITY FACEMASKS FINAL 7200 IMAGES/2026 BOXERS/Katie Taylor.jpg,move,not run,
8,/2019 TIDY - CELEBRITY FACEMASKS FINAL 7200 IMAGES/Michael Kessler Beat Up.jpg,/2019 TIDY - CELEBRITY FACEMASKS FINAL 7200 IMAGES/2026 BOXERS/Michael Kessler Beat Up.jpg,move,not run,
8,/2019 TIDY - CELEBRITY FACEMASKS FINAL 7200 IMAGES/Micheal Kessler Boxer.jpg,/2019 TIDY - CELEBRITY FACEMASKS FINAL 7200 IMAGES/2026 BOXERS/Micheal Kessler Boxer.jpg,move,not run,
8,/2019 TIDY - CELEBRITY FACEMASKS FINAL 7200 IMAGES/Mike kessler (battered and bruised).jpg,/2019 TIDY - CELEBRITY FACEMASKS FINAL 7200 IMAGES/2026 BOXERS/Mike kessler (battered and bruised).jpg,move,not run,
8,/2019 TIDY - CELEBRITY FACEMASKS FINAL 7200 IMAGES/Mikkel Kessler.jpg,/2019 TIDY - CELEBRITY FACEMASKS FINAL 7200 IMAGES/2026 BOXERS/Mikkel Kessler.jpg,move,not run,
8,/2019 TIDY - CELEBRITY FACEMASKS FINAL 7200 IMAGES/Naseem Hamed.jpg,/2019 TIDY - CELEBRITY FACEMASKS FINAL 7200 IMAGES/2026 BOXERS/Naseem Hamed.jpg,move,not run,
8,/2019 TIDY - CELEBRITY FACEMASKS FINAL 7200 IMAGES/jermain taylor.jpg,/2019 TIDY - CELEBRITY FACEMASKS FINAL 7200 IMAGES/2026 BOXERS/jermain taylor.jpg,move,not run,
8,/2019 TIDY - CELEBRITY FACEMASKS FINAL 7200 IMAGES/nigel benn_2.jpg,/2019 TIDY - CELEBRITY FACEMASKS FINAL 7200 IMAGES/2026 BOXERS/nigel benn_2.jpg,move,not run,
8,/2019 TIDY - CELEBRITY FACEMASKS FINAL 7200 IMAGES/Alvin Chipmunk.jpg,"/2019 TIDY - CELEBRITY FACEMASKS FINAL 7200 IMAGES/2026 CARTOON, GAME AND FILM CHARACTERS/Alvin Chipmunk.jpg",move,not run,
8,/2019 TIDY - CELEBRITY FACEMASKS FINAL 7200 IMAGES/Aragorn-LOTR.jpg,"/2019 TIDY - CELEBRITY FACEMASKS FINAL 7200 IMAGES/2026 CARTOON, GAME AND FILM CHARACTERS/Aragorn-LOTR.jpg",move,not run,
8,/2019 TIDY - CELEBRITY FACEMASKS FINAL 7200 IMAGES/Aunt-Sally-Worzel-Gummage-Mask.jpg,"/2019 TIDY - CELEBRITY FACEMASKS FINAL 7200 IMAGES/2026 CARTOON, GAME AND FILM CHARACTERS/Aunt-Sally-Worzel-Gummage-Mask.jpg",move,not run,
8,/2019 TIDY - CELEBRITY FACEMASKS FINAL 7200 IMAGES/Barney Rubble Mask.jpg,"/2019 TIDY - CELEBRITY FACEMASKS FINAL 7200 IMAGES/2026 CARTOON, GAME AND FILM CHARACTERS/Barney Rubble Mask.jpg",move,not run,
8,/2019 TIDY - CELEBRITY FACEMASKS FINAL 7200 IMAGES/Barney the Dinosaur.jpg,"/2019 TIDY - CELEBRITY FACEMASKS FINAL 7200 IMAGES/2026 CARTOON, GAME AND FILM CHARACTERS/Barney the Dinosaur.jpg",move,not run,
8,/2019 TIDY - CELEBRITY FACEMASKS FINAL 7200 IMAGES/Basil Brush.jpg,"/2019 TIDY - CELEBRITY FACEMASKS FINAL 7200 IMAGES/2026 CARTOON, GAME AND FILM CHARACTERS/Basil Brush.jpg",move,not run,
8,/2019 TIDY - CELEBRITY FACEMASKS FINAL 7200 IMAGES/Carl Fredrickson - UP.jpg,"/2019 TIDY - CELEBRITY FACEMASKS FINAL 7200 IMAGES/2026 CARTOON, GAME AND FILM CHARACTERS/Carl Fredrickson - UP.jpg",move,not run,
8,/2019 TIDY - CELEBRITY FACEMASKS FINAL 7200 IMAGES/Dorothy - Golden Girls.jpg,"/2019 TIDY - CELEBRITY FACEMASKS FINAL 7200 IMAGES/2026 CARTOON, GAME AND FILM CHARACTERS/Dorothy - Golden Girls.jpg",move,not run,
8,/2019 TIDY - CELEBRITY FACEMASKS FINAL 7200 IMAGES/Edward-Scissorhands.jpg,"/2019 TIDY - CELEBRITY FACEMASKS FINAL 7200 IMAGES/2026 CARTOON, GAME AND FILM CHARACTERS/Edward-Scissorhands.jpg",move,not run,
8,/2019 TIDY - CELEBRITY FACEMASKS FINAL 7200 IMAGES/Elwood Blues - Blues Brothers - Dan Ackroyd.jpg,"/2019 TIDY - CELEBRITY FACEMASKS FINAL 7200 IMAGES/2026 CARTOON, GAME AND FILM CHARACTERS/Elwood Blues - Blues Brothers - Dan Ackroyd.jpg",move,not run,
8,/2019 TIDY - CELEBRITY FACEMASKS FINAL 7200 IMAGES/FEAR LOATHING RAOUL 1.jpg,"/2019 TIDY - CELEBRITY FACEMASKS FINAL 7200 IMAGES/2026 CARTOON, GAME AND FILM CHARACTERS/FEAR LOATHING RAOUL 1.jpg",move,not run,
8,/2019 TIDY - CELEBRITY FACEMASKS FINAL 7200 IMAGES/FRED FLINTSTONE RUBBER MASK.jpg,"/2019 TIDY - CELEBRITY FACEMASKS FINAL 7200 IMAGES/2026 CARTOON, GAME AND FILM CHARACTERS/FRED FLINTSTONE RUBBER MASK.jpg",move,not run,
8,/2019 TIDY - CELEBRITY FACEMASKS FINAL 7200 IMAGES/Grommit-Wallace and Grommit.jpg,"/2019 TIDY - CELEBRITY FACEMASKS FINAL 7200 IMAGES/2026 CARTOON, GAME AND FILM CHARACTERS/Grommit-Wallace and Grommit.jpg",move,not run,
8,/2019 TIDY - CELEBRITY FACEMASKS FINAL 7200 IMAGES/HIT GIRL.jpg,"/2019 TIDY - CELEBRITY FACEMASKS FINAL 7200 IMAGES/2026 CARTOON, GAME AND FILM CHARACTERS/HIT GIRL.jpg",move,not run,
8,/2019 TIDY - CELEBRITY FACEMASKS FINAL 7200 IMAGES/Hannah Montanna Kids Mask.jpg,"/2019 TIDY - CELEBRITY FACEMASKS FINAL 7200 IMAGES/2026 CARTOON, GAME AND FILM CHARACTERS/Hannah Montanna Kids Mask.jpg",move,not run,
8,/2019 TIDY - CELEBRITY FACEMASKS FINAL 7200 IMAGES/Joker - Pheonix.jpg,"/2019 TIDY - CELEBRITY FACEMASKS FINAL 7200 IMAGES/2026 CARTOON, GAME AND FILM CHARACTERS/Joker - Pheonix.jpg",move,not run,
8,/2019 TIDY - CELEBRITY FACEMASKS FINAL 7200 IMAGES/Joker Suicide Squad CARTOON.jpg,"/2019 TIDY - CELEBRITY FACEMASKS FINAL 7200 IMAGES/2026 CARTOON, GAME AND FILM CHARACTERS/Joker Suicide Squad CARTOON.jpg",move,not run,
8,/2019 TIDY - CELEBRITY FACEMASKS FINAL 7200 IMAGES/Lara Croft-Tomb Raider.jpg,"/2019 TIDY - CELEBRITY FACEMASKS FINAL 7200 IMAGES/2026 CARTOON, GAME AND FILM CHARACTERS/Lara Croft-Tomb Raider.jpg",move,not run,
8,/2019 TIDY - CELEBRITY FACEMASKS FINAL 7200 IMAGES/Mufasa.jpg,"/2019 TIDY - CELEBRITY FACEMASKS FINAL 7200 IMAGES/2026 CARTOON, GAME AND FILM CHARACTERS/Mufasa.jpg",move,not run,
8,/2019 TIDY - CELEBRITY FACEMASKS FINAL 7200 IMAGES/Peter Griffin.jpg,"/2019 TIDY - CELEBRITY FACEMASKS FINAL 7200 IMAGES/2026 CARTOON, GAME AND FILM CHARACTERS/Peter Griffin.jpg",move,not run,
8,/2019 TIDY - CELEBRITY FACEMASKS FINAL 7200 IMAGES/Rosita - Slim Pig Sing.jpg,"/2019 TIDY - CELEBRITY FACEMASKS FINAL 7200 IMAGES/2026 CARTOON, GAME AND FILM CHARACTERS/Rosita - Slim Pig Sing.jpg",move,not run,
8,/2019 TIDY - CELEBRITY FACEMASKS FINAL 7200 IMAGES/SARUMAN-01.jpg,"/2019 TIDY - CELEBRITY FACEMASKS FINAL 7200 IMAGES/2026 CARTOON, GAME AND FILM CHARACTERS/SARUMAN-01.jpg",move,not run,
8,/2019 TIDY - CELEBRITY FACEMASKS FINAL 7200 IMAGES/SHELDON cooper BIG_BANG_THEORY__97095.jpg,"/2019 TIDY - CELEBRITY FACEMASKS FINAL 7200 IMAGES/2026 CARTOON, GAME AND FILM CHARACTERS/SHELDON cooper BIG_BANG_THEORY__97095.jpg",move,not run,
8,/2019 TIDY - CELEBRITY FACEMASKS FINAL 7200 IMAGES/Samwise Gamgee - LOTR.jpg,"/2019 TIDY - CELEBRITY FACEMASKS FINAL 7200 IMAGES/2026 CARTOON, GAME AND FILM CHARACTERS/Samwise Gamgee - LOTR.jpg",move,not run,
8,/2019 TIDY - CELEBRITY FACEMASKS FINAL 7200 IMAGES/Simba - Lion King.jpg,"/2019 TIDY - CELEBRITY FACEMASKS FINAL 7200 IMAGES/2026 CARTOON, GAME AND FILM CHARACTERS/Simba - Lion King.jpg",move,not run,
8,/2019 TIDY - CELEBRITY FACEMASKS FINAL 7200 IMAGES/Smurph style.png,"/2019 TIDY - CELEBRITY FACEMASKS FINAL 7200 IMAGES/2026 CARTOON, GAME AND FILM CHARACTERS/Smurph style.png",move,not run,
8,/2019 TIDY - CELEBRITY FACEMASKS FINAL 7200 IMAGES/TinTin Best.jpg,"/2019 TIDY - CELEBRITY FACEMASKS FINAL 7200 IMAGES/2026 CARTOON, GAME AND FILM CHARACTERS/TinTin Best.jpg",move,not run,
8,/2019 TIDY - CELEBRITY FACEMASKS FINAL 7200 IMAGES/Zippy - Rainbow.jpg,"/2019 TIDY - CELEBRITY FACEMASKS FINAL 7200 IMAGES/2026 CARTOON, GAME AND FILM CHARACTERS/Zippy - Rainbow.jpg",move,not run,
8,/2019 TIDY - CELEBRITY FACEMASKS FINAL 7200 IMAGES/absolute batman face mask-01.jpg,"/2019 TIDY - CELEBRITY FACEMASKS FINAL 7200 IMAGES/2026 CARTOON, GAME AND FILM CHARACTERS/absolute batman face mask-01.jpg",move,not run,
8,/2019 TIDY - CELEBRITY FACEMASKS FINAL 7200 IMAGES/comparethemarket.jpg,"/2019 TIDY - CELEBRITY FACEMASKS FINAL 7200 IMAGES/2026 CARTOON, GAME AND FILM CHARACTERS/comparethemarket.jpg",move,not run,
8,/2019 TIDY - CELEBRITY FACEMASKS FINAL 7200 IMAGES/darlek party mask.jpg,"/2019 TIDY - CELEBRITY FACEMASKS FINAL 7200 IMAGES/2026 CARTOON, GAME AND FILM CHARACTERS/darlek party mask.jpg",move,not run,
8,/2019 TIDY - CELEBRITY FACEMASKS FINAL 7200 IMAGES/goblin.jpg,"/2019 TIDY - CELEBRITY FACEMASKS FINAL 7200 IMAGES/2026 CARTOON, GAME AND FILM CHARACTERS/goblin.jpg",move,not run,
8,/2019 TIDY - CELEBRITY FACEMASKS FINAL 7200 IMAGES/jubilee.JPG,"/2019 TIDY - CELEBRITY FACEMASKS FINAL 7200 IMAGES/2026 CARTOON, GAME AND FILM CHARACTERS/jubilee.JPG",move,not run,
8,/2019 TIDY - CELEBRITY FACEMASKS FINAL 7200 IMAGES/niko bellic GTA.jpg,"/2019 TIDY - CELEBRITY FACEMASKS FINAL 7200 IMAGES/2026 CARTOON, GAME AND FILM CHARACTERS/niko bellic GTA.jpg",move,not run,
8,/2019 TIDY - CELEBRITY FACEMASKS FINAL 7200 IMAGES/png-transparent-moomintroll-moomins-art-moomin-white-food-cartoon-thumbnail.png,"/2019 TIDY - CELEBRITY FACEMASKS FINAL 7200 IMAGES/2026 CARTOON, GAME AND FILM CHARACTERS/png-transparent-moomintroll-moomins-art-moomin-white-food-cartoon-thumbnail.png",move,not run,
8,/2019 TIDY - CELEBRITY FACEMASKS FINAL 7200 IMAGES/png-transparent-white-animal-moomintroll-moomins-snufkin-moominmamma-moominpappa-bok-choy-miscellaneous-white-mammal.png,"/2019 TIDY - CELEBRITY FACEMASKS FINAL 7200 IMAGES/2026 CARTOON, GAME AND FILM CHARACTERS/png-transparent-white-animal-moomintroll-moomins-snufkin-moominmamma-moominpappa-bok-choy-miscellaneous-white-mammal.png",move,not run,
8,/2019 TIDY - CELEBRITY FACEMASKS FINAL 7200 IMAGES/princess fiona.jpg,"/2019 TIDY - CELEBRITY FACEMASKS FINAL 7200 IMAGES/2026 CARTOON, GAME AND FILM CHARACTERS/princess fiona.jpg",variant,not run,
8,/2019 TIDY - CELEBRITY FACEMASKS FINAL 7200 IMAGES/sauron-01.jpg,"/2019 TIDY - CELEBRITY FACEMASKS FINAL 7200 IMAGES/2026 CARTOON, GAME AND FILM CHARACTERS/sauron-01.jpg",move,not run,
8,/2019 TIDY - CELEBRITY FACEMASKS FINAL 7200 IMAGES/witch king-01.jpg,"/2019 TIDY - CELEBRITY FACEMASKS FINAL 7200 IMAGES/2026 CARTOON, GAME AND FILM CHARACTERS/witch king-01.jpg",move,not run,
8,/2019 TIDY - CELEBRITY FACEMASKS FINAL 7200 IMAGES/Ade-edmondson.jpg,/2019 TIDY - CELEBRITY FACEMASKS FINAL 7200 IMAGES/2026 COMEDIANS/Ade-edmondson.jpg,move,not run,
8,/2019 TIDY - CELEBRITY FACEMASKS FINAL 7200 IMAGES/Ali G - Sacha Baron Cohen.jpg,/2019 TIDY - CELEBRITY FACEMASKS FINAL 7200 IMAGES/2026 COMEDIANS/Ali G - Sacha Baron Cohen.jpg,move,not run,
8,/2019 TIDY - CELEBRITY FACEMASKS FINAL 7200 IMAGES/Bobby Knutt -Eddie Dawson in Benidorm.jpg,/2019 TIDY - CELEBRITY FACEMASKS FINAL 7200 IMAGES/2026 COMEDIANS/Bobby Knutt -Eddie Dawson in Benidorm.jpg,move,not run,
8,/2019 TIDY - CELEBRITY FACEMASKS FINAL 7200 IMAGES/Brian Potter - Pheonix Nights.jpg,/2019 TIDY - CELEBRITY FACEMASKS FINAL 7200 IMAGES/2026 COMEDIANS/Brian Potter - Pheonix Nights.jpg,move,not run,
8,/2019 TIDY - CELEBRITY FACEMASKS FINAL 7200 IMAGES/Damon Wayans.jpg,/2019 TIDY - CELEBRITY FACEMASKS FINAL 7200 IMAGES/2026 COMEDIANS/Damon Wayans.jpg,move,not run,
8,/2019 TIDY - CELEBRITY FACEMASKS FINAL 7200 IMAGES/Garry Shandling.jpg,/2019 TIDY - CELEBRITY FACEMASKS FINAL 7200 IMAGES/2026 COMEDIANS/Garry Shandling.jpg,move,not run,
8,/2019 TIDY - CELEBRITY FACEMASKS FINAL 7200 IMAGES/Gary Owen (2).jpg,/2019 TIDY - CELEBRITY FACEMASKS FINAL 7200 IMAGES/2026 COMEDIANS/Gary Owen (2).jpg,move,not run,
8,/2019 TIDY - CELEBRITY FACEMASKS FINAL 7200 IMAGES/George Lopez.jpg,/2019 TIDY - CELEBRITY FACEMASKS FINAL 7200 IMAGES/2026 COMEDIANS/George Lopez.jpg,move,not run,
8,/2019 TIDY - CELEBRITY FACEMASKS FINAL 7200 IMAGES/Guz Khan.jpg,/2019 TIDY - CELEBRITY FACEMASKS FINAL 7200 IMAGES/2026 COMEDIANS/Guz Khan.jpg,move,not run,
8,/2019 TIDY - CELEBRITY FACEMASKS FINAL 7200 IMAGES/Hannibal Buress.jpg,/2019 TIDY - CELEBRITY FACEMASKS FINAL 7200 IMAGES/2026 COMEDIANS/Hannibal Buress.jpg,move,not run,
8,/2019 TIDY - CELEBRITY FACEMASKS FINAL 7200 IMAGES/Harland Williams.jpg,/2019 TIDY - CELEBRITY FACEMASKS FINAL 7200 IMAGES/2026 COMEDIANS/Harland Williams.jpg,move,not run,
8,/2019 TIDY - CELEBRITY FACEMASKS FINAL 7200 IMAGES/Hugh Dennis.jpg,/2019 TIDY - CELEBRITY FACEMASKS FINAL 7200 IMAGES/2026 COMEDIANS/Hugh Dennis.jpg,move,not run,
8,/2019 TIDY - CELEBRITY FACEMASKS FINAL 7200 IMAGES/ID81 24 tom segura.jpg,/2019 TIDY - CELEBRITY FACEMASKS FINAL 7200 IMAGES/2026 COMEDIANS/ID81 24 tom segura.jpg,move,not run,
8,/2019 TIDY - CELEBRITY FACEMASKS FINAL 7200 IMAGES/Ian Hislop.jpg,/2019 TIDY - CELEBRITY FACEMASKS FINAL 7200 IMAGES/2026 COMEDIANS/Ian Hislop.jpg,move,not run,
8,/2019 TIDY - CELEBRITY FACEMASKS FINAL 7200 IMAGES/Iliza Shlesinger.jpg,/2019 TIDY - CELEBRITY FACEMASKS FINAL 7200 IMAGES/2026 COMEDIANS/Iliza Shlesinger.jpg,move,not run,
8,/2019 TIDY - CELEBRITY FACEMASKS FINAL 7200 IMAGES/James Acaster.jpg,/2019 TIDY - CELEBRITY FACEMASKS FINAL 7200 IMAGES/2026 COMEDIANS/James Acaster.jpg,move,not run,
8,/2019 TIDY - CELEBRITY FACEMASKS FINAL 7200 IMAGES/Jane horricks.jpg,/2019 TIDY - CELEBRITY FACEMASKS FINAL 7200 IMAGES/2026 COMEDIANS/Jane horricks.jpg,move,not run,
8,/2019 TIDY - CELEBRITY FACEMASKS FINAL 7200 IMAGES/Jane-horrocks.jpg,/2019 TIDY - CELEBRITY FACEMASKS FINAL 7200 IMAGES/2026 COMEDIANS/Jane-horrocks.jpg,move,not run,
8,/2019 TIDY - CELEBRITY FACEMASKS FINAL 7200 IMAGES/Jasper Carrot.JPG,/2019 TIDY - CELEBRITY FACEMASKS FINAL 7200 IMAGES/2026 COMEDIANS/Jasper Carrot.JPG,move,not run,
8,/2019 TIDY - CELEBRITY FACEMASKS FINAL 7200 IMAGES/Jeff Ross.jpg,/2019 TIDY - CELEBRITY FACEMASKS FINAL 7200 IMAGES/2026 COMEDIANS/Jeff Ross.jpg,move,not run,
8,/2019 TIDY - CELEBRITY FACEMASKS FINAL 7200 IMAGES/Jerrod Carmichael.jpg,/2019 TIDY - CELEBRITY FACEMASKS FINAL 7200 IMAGES/2026 COMEDIANS/Jerrod Carmichael.jpg,move,not run,
8,/2019 TIDY - CELEBRITY FACEMASKS FINAL 7200 IMAGES/Jerry Seinfeld.jpg,/2019 TIDY - CELEBRITY FACEMASKS FINAL 7200 IMAGES/2026 COMEDIANS/Jerry Seinfeld.jpg,move,not run,
8,/2019 TIDY - CELEBRITY FACEMASKS FINAL 7200 IMAGES/Jillian Bell.jpg,/2019 TIDY - CELEBRITY FACEMASKS FINAL 7200 IMAGES/2026 COMEDIANS/Jillian Bell.jpg,move,not run,
8,/2019 TIDY - CELEBRITY FACEMASKS FINAL 7200 IMAGES/Jim Gaffigan.jpg,/2019 TIDY - CELEBRITY FACEMASKS FINAL 7200 IMAGES/2026 COMEDIANS/Jim Gaffigan.jpg,move,not run,
8,/2019 TIDY - CELEBRITY FACEMASKS FINAL 7200 IMAGES/Jim Jeffries.jpg,/2019 TIDY - CELEBRITY FACEMASKS FINAL 7200 IMAGES/2026 COMEDIANS/Jim Jeffries.jpg,move,not run,
8,/2019 TIDY - CELEBRITY FACEMASKS FINAL 7200 IMAGES/Jim Royle - The Royle Family.jpg,/2019 TIDY - CELEBRITY FACEMASKS FINAL 7200 IMAGES/2026 COMEDIANS/Jim Royle - The Royle Family.jpg,move,not run,
9,/2019 TIDY - CELEBRITY FACEMASKS FINAL 7200 IMAGES/JimmyFallon 2016.jpg,/2019 TIDY - CELEBRITY FACEMASKS FINAL 7200 IMAGES/2026 COMEDIANS/JimmyFallon 2016.jpg,move,not run,
9,/2019 TIDY - CELEBRITY FACEMASKS FINAL 7200 IMAGES/Joanne Page.jpg,/2019 TIDY - CELEBRITY FACEMASKS FINAL 7200 IMAGES/2026 COMEDIANS/Joanne Page.jpg,move,not run,
9,/2019 TIDY - CELEBRITY FACEMASKS FINAL 7200 IMAGES/Joe_Lo_Truglio_brooklyn_99__62525.jpg,/2019 TIDY - CELEBRITY FACEMASKS FINAL 7200 IMAGES/2026 COMEDIANS/Joe_Lo_Truglio_brooklyn_99__62525.jpg,move,not run,
9,/2019 TIDY - CELEBRITY FACEMASKS FINAL 7200 IMAGES/Joey Bishop Movie 2016.jpg,/2019 TIDY - CELEBRITY FACEMASKS FINAL 7200 IMAGES/2026 COMEDIANS/Joey Bishop Movie 2016.jpg,move,not run,
9,/2019 TIDY - CELEBRITY FACEMASKS FINAL 7200 IMAGES/Joey Diaz.jpg,/2019 TIDY - CELEBRITY FACEMASKS FINAL 7200 IMAGES/2026 COMEDIANS/Joey Diaz.jpg,move,not run,
9,/2019 TIDY - CELEBRITY FACEMASKS FINAL 7200 IMAGES/John Oliver.jpg,/2019 TIDY - CELEBRITY FACEMASKS FINAL 7200 IMAGES/2026 COMEDIANS/John Oliver.jpg,move,not run,
9,/2019 TIDY - CELEBRITY FACEMASKS FINAL 7200 IMAGES/Julia Louis-Dreyfus.jpg,/2019 TIDY - CELEBRITY FACEMASKS FINAL 7200 IMAGES/2026 MOVIE STARS/Julia Louis-Dreyfus (larger).jpg,duplicate_larger,not run,
9,/2019 TIDY - CELEBRITY FACEMASKS FINAL 7200 IMAGES/Kate McKinnon 2.jpg,/2019 TIDY - CELEBRITY FACEMASKS FINAL 7200 IMAGES/2026 COMEDIANS/Kate McKinnon 2.jpg,move,not run,
9,/2019 TIDY - CELEBRITY FACEMASKS FINAL 7200 IMAGES/Kate McKinnon.jpg,/2019 TIDY - CELEBRITY FACEMASKS FINAL 7200 IMAGES/2026 COMEDIANS/Kate McKinnon.jpg,move,not run,
9,/2019 TIDY - CELEBRITY FACEMASKS FINAL 7200 IMAGES/Kate McKinnon3.jpg,/2019 TIDY - CELEBRITY FACEMASKS FINAL 7200 IMAGES/2026 COMEDIANS/Kate McKinnon3.jpg,move,not run,
9,/2019 TIDY - CELEBRITY FACEMASKS FINAL 7200 IMAGES/Kenan+Thompson JB.jpg,/2019 TIDY - CELEBRITY FACEMASKS FINAL 7200 IMAGES/2026 COMEDIANS/Kenan+Thompson JB.jpg,move,not run,
9,/2019 TIDY - CELEBRITY FACEMASKS FINAL 7200 IMAGES/Kenny Everret.jpg,/2019 TIDY - CELEBRITY FACEMASKS FINAL 7200 IMAGES/2026 COMEDIANS/Kenny Everret.jpg,move,not run,
9,/2019 TIDY - CELEBRITY FACEMASKS FINAL 7200 IMAGES/Kevin Hart e1392937258970.jpg,/2019 TIDY - CELEBRITY FACEMASKS FINAL 7200 IMAGES/2026 COMEDIANS/Kevin Hart e1392937258970.jpg,move,not run,
9,/2019 TIDY - CELEBRITY FACEMASKS FINAL 7200 IMAGES/Kirsten Wiig MINT .jpg,/2019 TIDY - CELEBRITY FACEMASKS FINAL 7200 IMAGES/2026 COMEDIANS/Kirsten Wiig MINT .jpg,move,not run,
9,/2019 TIDY - CELEBRITY FACEMASKS FINAL 7200 IMAGES/Kristen Schaal.jpg,/2019 TIDY - CELEBRITY FACEMASKS FINAL 7200 IMAGES/2026 COMEDIANS/Kristen Schaal.jpg,move,not run,
9,/2019 TIDY - CELEBRITY FACEMASKS FINAL 7200 IMAGES/Kristen Wiig Movie 2016.jpg,/2019 TIDY - CELEBRITY FACEMASKS FINAL 7200 IMAGES/2026 COMEDIANS/Kristen Wiig Movie 2016.jpg,move,not run,
9,/2019 TIDY - CELEBRITY FACEMASKS FINAL 7200 IMAGES/Lisa Lampanelli.jpg,/2019 TIDY - CELEBRITY FACEMASKS FINAL 7200 IMAGES/2026 COMEDIANS/Lisa Lampanelli.jpg,move,not run,
9,/2019 TIDY - CELEBRITY FACEMASKS FINAL 7200 IMAGES/Lisa Lampanelli2.jpg,/2019 TIDY - CELEBRITY FACEMASKS FINAL 7200 IMAGES/2026 COMEDIANS/Lisa Lampanelli2.jpg,move,not run,
9,/2019 TIDY - CELEBRITY FACEMASKS FINAL 7200 IMAGES/Louis C.K..jpg,/2019 TIDY - CELEBRITY FACEMASKS FINAL 7200 IMAGES/2026 COMEDIANS/Louis C.K..jpg,move,not run,
9,/2019 TIDY - CELEBRITY FACEMASKS FINAL 7200 IMAGES/MARLON WAYANS JB.jpg,/2019 TIDY - CELEBRITY FACEMASKS FINAL 7200 IMAGES/2026 COMEDIANS/MARLON WAYANS JB.jpg,move,not run,
9,/2019 TIDY - CELEBRITY FACEMASKS FINAL 7200 IMAGES/Maria Bamford.jpg,/2019 TIDY - CELEBRITY FACEMASKS FINAL 7200 IMAGES/2026 COMEDIANS/Maria Bamford.jpg,move,not run,
9,/2019 TIDY - CELEBRITY FACEMASKS FINAL 7200 IMAGES/Martin Short.jpg,/2019 TIDY - CELEBRITY FACEMASKS FINAL 7200 IMAGES/2026 COMEDIANS/Martin Short.jpg,move,not run,
9,/2019 TIDY - CELEBRITY FACEMASKS FINAL 7200 IMAGES/Matt Berry.jpg,/2019 TIDY - CELEBRITY FACEMASKS FINAL 7200 IMAGES/2026 COMEDIANS/Matt Berry.jpg,move,not run,
9,/2019 TIDY - CELEBRITY FACEMASKS FINAL 7200 IMAGES/Meera Syal JB.jpg,/2019 TIDY - CELEBRITY FACEMASKS FINAL 7200 IMAGES/2026 COMEDIANS/Meera Syal JB.jpg,move,not run,
9,/2019 TIDY - CELEBRITY FACEMASKS FINAL 7200 IMAGES/Michelle Collins comedian.jpg,/2019 TIDY - CELEBRITY FACEMASKS FINAL 7200 IMAGES/2026 COMEDIANS/Michelle Collins comedian.jpg,move,not run,
9,/2019 TIDY - CELEBRITY FACEMASKS FINAL 7200 IMAGES/Milton Jones.jpg,/2019 TIDY - CELEBRITY FACEMASKS FINAL 7200 IMAGES/2026 COMEDIANS/Milton Jones.jpg,move,not run,
9,/2019 TIDY - CELEBRITY FACEMASKS FINAL 7200 IMAGES/Miranda-Hart-2.jpg,/2019 TIDY - CELEBRITY FACEMASKS FINAL 7200 IMAGES/2026 COMEDIANS/Miranda-Hart-2.jpg,variant,not run,
9,/2019 TIDY - CELEBRITY FACEMASKS FINAL 7200 IMAGES/Nick Frost _Shaun of the Dead.jpg,/2019 TIDY - CELEBRITY FACEMASKS FINAL 7200 IMAGES/2026 COMEDIANS/Nick Frost _Shaun of the Dead.jpg,move,not run,
9,/2019 TIDY - CELEBRITY FACEMASKS FINAL 7200 IMAGES/Nick Kroll.jpg,/2019 TIDY - CELEBRITY FACEMASKS FINAL 7200 IMAGES/2026 COMEDIANS/Nick Kroll.jpg,move,not run,
9,/2019 TIDY - CELEBRITY FACEMASKS FINAL 7200 IMAGES/Nick Swardson.jpg,/2019 TIDY - CELEBRITY FACEMASKS FINAL 7200 IMAGES/2026 COMEDIANS/Nick Swardson.jpg,move,not run,
9,/2019 TIDY - CELEBRITY FACEMASKS FINAL 7200 IMAGES/Nikki Glaser.jpg,/2019 TIDY - CELEBRITY FACEMASKS FINAL 7200 IMAGES/2026 COMEDIANS/Nikki Glaser.jpg,move,not run,
9,/2019 TIDY - CELEBRITY FACEMASKS FINAL 7200 IMAGES/Nish Kumar.jpg,/2019 TIDY - CELEBRITY FACEMASKS FINAL 7200 IMAGES/2026 COMEDIANS/Nish Kumar.jpg,move,not run,
9,/2019 TIDY - CELEBRITY FACEMASKS FINAL 7200 IMAGES/Norman-Wisdom young.jpg,/2019 TIDY - CELEBRITY FACEMASKS FINAL 7200 IMAGES/2026 COMEDIANS/Norman-Wisdom young.jpg,move,not run,
9,/2019 TIDY - CELEBRITY FACEMASKS FINAL 7200 IMAGES/Omid Djalili JB.jpg,/2019 TIDY - CELEBRITY FACEMASKS FINAL 7200 IMAGES/2026 COMEDIANS/Omid Djalili JB.jpg,move,not run,
9,/2019 TIDY - CELEBRITY FACEMASKS FINAL 7200 IMAGES/Packy Lee.jpg,/2019 TIDY - CELEBRITY FACEMASKS FINAL 7200 IMAGES/2026 COMEDIANS/Packy Lee.jpg,move,not run,
9,/2019 TIDY - CELEBRITY FACEMASKS FINAL 7200 IMAGES/Pamela Stephenson - Connolly.jpg,/2019 TIDY - CELEBRITY FACEMASKS FINAL 7200 IMAGES/2026 COMEDIANS/Pamela Stephenson - Connolly.jpg,move,not run,
9,/2019 TIDY - CELEBRITY FACEMASKS FINAL 7200 IMAGES/Patrick Kielty.jpg,/2019 TIDY - CELEBRITY FACEMASKS FINAL 7200 IMAGES/2026 COMEDIANS/Patrick Kielty.jpg,move,not run,
9,/2019 TIDY - CELEBRITY FACEMASKS FINAL 7200 IMAGES/Paul F. Tompkins.jpg,/2019 TIDY - CELEBRITY FACEMASKS FINAL 7200 IMAGES/2026 COMEDIANS/Paul F. Tompkins.jpg,move,not run,
9,/2019 TIDY - CELEBRITY FACEMASKS FINAL 7200 IMAGES/Paul Merton.jpg,/2019 TIDY - CELEBRITY FACEMASKS FINAL 7200 IMAGES/2026 COMEDIANS/Paul Merton.jpg,move,not run,
9,/2019 TIDY - CELEBRITY FACEMASKS FINAL 7200 IMAGES/Pete Holmes.jpg,/2019 TIDY - CELEBRITY FACEMASKS FINAL 7200 IMAGES/2026 COMEDIANS/Pete Holmes.jpg,move,not run,
9,/2019 TIDY - CELEBRITY FACEMASKS FINAL 7200 IMAGES/Phil Wang - Comedian.jpg,/2019 TIDY - CELEBRITY FACEMASKS FINAL 7200 IMAGES/2026 COMEDIANS/Phil Wang - Comedian.jpg,move,not run,
9,/2019 TIDY - CELEBRITY FACEMASKS FINAL 7200 IMAGES/Portal Kurt Alo Alo.jpg,/2019 TIDY - CELEBRITY FACEMASKS FINAL 7200 IMAGES/2026 COMEDIANS/Portal Kurt Alo Alo.jpg,move,not run,
9,/2019 TIDY - CELEBRITY FACEMASKS FINAL 7200 IMAGES/Private Pike.jpg,/2019 TIDY - CELEBRITY FACEMASKS FINAL 7200 IMAGES/2026 COMEDIANS/Private Pike.jpg,move,not run,
9,/2019 TIDY - CELEBRITY FACEMASKS FINAL 7200 IMAGES/Rhod Gilbert.jpg,/2019 TIDY - CELEBRITY FACEMASKS FINAL 7200 IMAGES/2026 COMEDIANS/Rhod Gilbert.jpg,move,not run,
9,/2019 TIDY - CELEBRITY FACEMASKS FINAL 7200 IMAGES/Russel Brand-2.jpg,/2019 TIDY - CELEBRITY FACEMASKS FINAL 7200 IMAGES/2026 COMEDIANS/Russel Brand-2.jpg,move,not run,
9,/2019 TIDY - CELEBRITY FACEMASKS FINAL 7200 IMAGES/Taaj Manzoor- Come fly with Me.jpg,/2019 TIDY - CELEBRITY FACEMASKS FINAL 7200 IMAGES/2026 COMEDIANS/Taaj Manzoor- Come fly with Me.jpg,move,not run,
9,/2019 TIDY - CELEBRITY FACEMASKS FINAL 7200 IMAGES/Zach Galifianakis2.jpg,/2019 TIDY - CELEBRITY FACEMASKS FINAL 7200 IMAGES/2026 COMEDIANS/Zach Galifianakis2.jpg,variant,not run,
9,/2019 TIDY - CELEBRITY FACEMASKS FINAL 7200 IMAGES/andy pipkins_ little britain.jpg,/2019 TIDY - CELEBRITY FACEMASKS FINAL 7200 IMAGES/2026 COMEDIANS/andy pipkins_ little britain.jpg,move,not run,
9,/2019 TIDY - CELEBRITY FACEMASKS FINAL 7200 IMAGES/greg davies.jpg,/2019 TIDY - CELEBRITY FACEMASKS FINAL 7200 IMAGES/2026 COMEDIANS/greg davies.jpg,move,not run,
9,/2019 TIDY - CELEBRITY FACEMASKS FINAL 7200 IMAGES/joe-rogan.jpg,/2019 TIDY - CELEBRITY FACEMASKS FINAL 7200 IMAGES/2026 COMEDIANS/joe-rogan.jpg,move,not run,
9,/2019 TIDY - CELEBRITY FACEMASKS FINAL 7200 IMAGES/joey blower.jpg,/2019 TIDY - CELEBRITY FACEMASKS FINAL 7200 IMAGES/2026 COMEDIANS/joey blower.jpg,move,not run,
9,/2019 TIDY - CELEBRITY FACEMASKS FINAL 7200 IMAGES/lucas brothers 2.jpg,/2019 TIDY - CELEBRITY FACEMASKS FINAL 7200 IMAGES/2026 COMEDIANS/lucas brothers 2.jpg,move,not run,
9,/2019 TIDY - CELEBRITY FACEMASKS FINAL 7200 IMAGES/lucas brothers.jpg,/2019 TIDY - CELEBRITY FACEMASKS FINAL 7200 IMAGES/2026 COMEDIANS/lucas brothers.jpg,move,not run,
9,/2019 TIDY - CELEBRITY FACEMASKS FINAL 7200 IMAGES/maya rudolph Movie 2016.jpg,/2019 TIDY - CELEBRITY FACEMASKS FINAL 7200 IMAGES/2026 COMEDIANS/maya rudolph Movie 2016.jpg,move,not run,
9,/2019 TIDY - CELEBRITY FACEMASKS FINAL 7200 IMAGES/melissa mccarthy 2.jpg,/2019 TIDY - CELEBRITY FACEMASKS FINAL 7200 IMAGES/2026 COMEDIANS/melissa mccarthy 2.jpg,variant,not run,
9,/2019 TIDY - CELEBRITY FACEMASKS FINAL 7200 IMAGES/morgana robinson.jpg,/2019 TIDY - CELEBRITY FACEMASKS FINAL 7200 IMAGES/2026 COMEDIANS/morgana robinson.jpg,move,not run,
9,/2019 TIDY - CELEBRITY FACEMASKS FINAL 7200 IMAGES/penelope kieth_1.jpg,/2019 TIDY - CELEBRITY FACEMASKS FINAL 7200 IMAGES/2026 COMEDIANS/penelope kieth_1.jpg,move,not run,
9,/2019 TIDY - CELEBRITY FACEMASKS FINAL 7200 IMAGES/rik mayall.jpg,/2019 TIDY - CELEBRITY FACEMASKS FINAL 7200 IMAGES/2026 COMEDIANS/rik mayall.jpg,move,not run,
9,/2019 TIDY - CELEBRITY FACEMASKS FINAL 7200 IMAGES/Alistair Cook.jpg,/2019 TIDY - CELEBRITY FACEMASKS FINAL 7200 IMAGES/2026 CRICKET/Alistair Cook.jpg,move,not run,
9,/2019 TIDY - CELEBRITY FACEMASKS FINAL 7200 IMAGES/Andrew-Flintoff.jpg,/2019 TIDY - CELEBRITY FACEMASKS FINAL 7200 IMAGES/2026 CRICKET/Andrew-Flintoff.jpg,move,not run,
9,/2019 TIDY - CELEBRITY FACEMASKS FINAL 7200 IMAGES/David Gower- Cricket.jpg,/2019 TIDY - CELEBRITY FACEMASKS FINAL 7200 IMAGES/2026 CRICKET/David Gower- Cricket.jpg,move,not run,
9,/2019 TIDY - CELEBRITY FACEMASKS FINAL 7200 IMAGES/Eoin Morgan England Cricket.jpg,/2019 TIDY - CELEBRITY FACEMASKS FINAL 7200 IMAGES/2026 CRICKET/Eoin Morgan England Cricket.jpg,move,not run,
9,/2019 TIDY - CELEBRITY FACEMASKS FINAL 7200 IMAGES/Graeme Swann.JPG,/2019 TIDY - CELEBRITY FACEMASKS FINAL 7200 IMAGES/2026 CRICKET/Graeme Swann.JPG,move,not run,
9,/2019 TIDY - CELEBRITY FACEMASKS FINAL 7200 IMAGES/James Anderson.JPG,/2019 TIDY - CELEBRITY FACEMASKS FINAL 7200 IMAGES/2026 CRICKET/James Anderson.JPG,move,not run,
9,/2019 TIDY - CELEBRITY FACEMASKS FINAL 7200 IMAGES/Jofra Archer 2 England Cricket.jpg,/2019 TIDY - CELEBRITY FACEMASKS FINAL 7200 IMAGES/2026 CRICKET/Jofra Archer 2 England Cricket.jpg,move,not run,
9,/2019 TIDY - CELEBRITY FACEMASKS FINAL 7200 IMAGES/Jos Butler England Cricket Mask.jpg,/2019 TIDY - CELEBRITY FACEMASKS FINAL 7200 IMAGES/2026 CRICKET/Jos Butler England Cricket Mask.jpg,move,not run,
9,/2019 TIDY - CELEBRITY FACEMASKS FINAL 7200 IMAGES/Kevin-pieterson.jpg,/2019 TIDY - CELEBRITY FACEMASKS FINAL 7200 IMAGES/2026 CRICKET/Kevin-pieterson.jpg,move,not run,
9,/2019 TIDY - CELEBRITY FACEMASKS FINAL 7200 IMAGES/Lasith Malinga.jpg,/2019 TIDY - CELEBRITY FACEMASKS FINAL 7200 IMAGES/2026 CRICKET/Lasith Malinga.jpg,move,not run,
9,/2019 TIDY - CELEBRITY FACEMASKS FINAL 7200 IMAGES/Liam Dawson England Cricket Mask.jpg,/2019 TIDY - CELEBRITY FACEMASKS FINAL 7200 IMAGES/2026 CRICKET/Liam Dawson England Cricket Mask.jpg,move,not run,
9,/2019 TIDY - CELEBRITY FACEMASKS FINAL 7200 IMAGES/Liam Plunket England Cricket Mask.jpg,/2019 TIDY - CELEBRITY FACEMASKS FINAL 7200 IMAGES/2026 CRICKET/Liam Plunket England Cricket Mask.jpg,move,not run,
9,/2019 TIDY - CELEBRITY FACEMASKS FINAL 7200 IMAGES/MICHAEL ATHERTON.jpg,/2019 TIDY - CELEBRITY FACEMASKS FINAL 7200 IMAGES/2026 CRICKET/MICHAEL ATHERTON.jpg,move,not run,
9,/2019 TIDY - CELEBRITY FACEMASKS FINAL 7200 IMAGES/Matthew Hoggard cartoon.jpg,/2019 TIDY - CELEBRITY FACEMASKS FINAL 7200 IMAGES/2026 CRICKET/Matthew Hoggard cartoon.jpg,move,not run,
9,/2019 TIDY - CELEBRITY FACEMASKS FINAL 7200 IMAGES/Michael Clarke.JPG,/2019 TIDY - CELEBRITY FACEMASKS FINAL 7200 IMAGES/2026 CRICKET/Michael Clarke.JPG,move,not run,
9,/2019 TIDY - CELEBRITY FACEMASKS FINAL 7200 IMAGES/Michael Holding BEST.jpg,/2019 TIDY - CELEBRITY FACEMASKS FINAL 7200 IMAGES/2026 CRICKET/Michael Holding BEST.jpg,move,not run,
9,/2019 TIDY - CELEBRITY FACEMASKS FINAL 7200 IMAGES/Michael Holding.jpg,/2019 TIDY - CELEBRITY FACEMASKS FINAL 7200 IMAGES/2026 CRICKET/Michael Holding.jpg,move,not run,
9,/2019 TIDY - CELEBRITY FACEMASKS FINAL 7200 IMAGES/Michael Vaughn Cartoon.jpg,/2019 TIDY - CELEBRITY FACEMASKS FINAL 7200 IMAGES/2026 CRICKET/Michael Vaughn Cartoon.jpg,move,not run,
9,/2019 TIDY - CELEBRITY FACEMASKS FINAL 7200 IMAGES/Mike_Atherton_cricket.jpg,/2019 TIDY - CELEBRITY FACEMASKS FINAL 7200 IMAGES/2026 CRICKET/Mike_Atherton_cricket.jpg,move,not run,
9,/2019 TIDY - CELEBRITY FACEMASKS FINAL 7200 IMAGES/Muttiah-Muralitharan-cartoon.jpg,/2019 TIDY - CELEBRITY FACEMASKS FINAL 7200 IMAGES/2026 CRICKET/Muttiah-Muralitharan-cartoon.jpg,move,not run,
9,/2019 TIDY - CELEBRITY FACEMASKS FINAL 7200 IMAGES/Phil Tuffnel.jpg,/2019 TIDY - CELEBRITY FACEMASKS FINAL 7200 IMAGES/2026 CRICKET/Phil Tuffnel.jpg,move,not run,
9,/2019 TIDY - CELEBRITY FACEMASKS FINAL 7200 IMAGES/michael vaughan.jpg,/2019 TIDY - CELEBRITY FACEMASKS FINAL 7200 IMAGES/2026 CRICKET/michael vaughan.jpg,move,not run,
9,/2019 TIDY - CELEBRITY FACEMASKS FINAL 7200 IMAGES/Andrew Gilding - Darts.jpg,/2019 TIDY - CELEBRITY FACEMASKS FINAL 7200 IMAGES/2026 DARTS/Andrew Gilding - Darts.jpg,move,not run,
9,/2019 TIDY - CELEBRITY FACEMASKS FINAL 7200 IMAGES/Big-John-henderson-(Foxy Anderson).jpg,/2019 TIDY - CELEBRITY FACEMASKS FINAL 7200 IMAGES/2026 DARTS/Big-John-henderson-(Foxy Anderson).jpg,move,not run,
9,/2019 TIDY - CELEBRITY FACEMASKS FINAL 7200 IMAGES/Brendan Dolan  - Darts.jpg,/2019 TIDY - CELEBRITY FACEMASKS FINAL 7200 IMAGES/2026 DARTS/Brendan Dolan  - Darts.jpg,move,not run,
9,/2019 TIDY - CELEBRITY FACEMASKS FINAL 7200 IMAGES/Callan Rydz - Darts.jpg,/2019 TIDY - CELEBRITY FACEMASKS FINAL 7200 IMAGES/2026 DARTS/Callan Rydz - Darts.jpg,move,not run,
9,/2019 TIDY - CELEBRITY FACEMASKS FINAL 7200 IMAGES/Chris Dobey - Darts.jpg,/2019 TIDY - CELEBRITY FACEMASKS FINAL 7200 IMAGES/2026 DARTS/Chris Dobey - Darts.jpg,move,not run,
9,/2019 TIDY - CELEBRITY FACEMASKS FINAL 7200 IMAGES/Damon Heta - Darts.jpg,/2019 TIDY - CELEBRITY FACEMASKS FINAL 7200 IMAGES/2026 DARTS/Damon Heta - Darts.jpg,move,not run,
9,/2019 TIDY - CELEBRITY FACEMASKS FINAL 7200 IMAGES/Danny Noppert - Darts.jpg,/2019 TIDY - CELEBRITY FACEMASKS FINAL 7200 IMAGES/2026 DARTS/Danny Noppert - Darts.jpg,move,not run,
9,/2019 TIDY - CELEBRITY FACEMASKS FINAL 7200 IMAGES/Dirk Van Duijvenbode - Darts.jpg,/2019 TIDY - CELEBRITY FACEMASKS FINAL 7200 IMAGES/2026 DARTS/Dirk Van Duijvenbode - Darts.jpg,move,not run,
9,/2019 TIDY - CELEBRITY FACEMASKS FINAL 7200 IMAGES/Fallon Sherrock - Darts.jpg,/2019 TIDY - CELEBRITY FACEMASKS FINAL 7200 IMAGES/2026 DARTS/Fallon Sherrock - Darts.jpg,move,not run,
9,/2019 TIDY - CELEBRITY FACEMASKS FINAL 7200 IMAGES/Gabriel Clemens - Darts.jpg,/2019 TIDY - CELEBRITY FACEMASKS FINAL 7200 IMAGES/2026 DARTS/Gabriel Clemens - Darts.jpg,move,not run,
9,/2019 TIDY - CELEBRITY FACEMASKS FINAL 7200 IMAGES/Joe Cullen - Darts.jpg,/2019 TIDY - CELEBRITY FACEMASKS FINAL 7200 IMAGES/2026 DARTS/Joe Cullen - Darts.jpg,move,not run,
9,/2019 TIDY - CELEBRITY FACEMASKS FINAL 7200 IMAGES/Jonny Clayton - Darts.jpg,/2019 TIDY - CELEBRITY FACEMASKS FINAL 7200 IMAGES/2026 DARTS/Jonny Clayton - Darts.jpg,move,not run,
9,/2019 TIDY - CELEBRITY FACEMASKS FINAL 7200 IMAGES/Josh Rock - Darts.jpg,/2019 TIDY - CELEBRITY FACEMASKS FINAL 7200 IMAGES/2026 DARTS/Josh Rock - Darts.jpg,move,not run,
9,/2019 TIDY - CELEBRITY FACEMASKS FINAL 7200 IMAGES/José de Sousa - Darts.jpg,/2019 TIDY - CELEBRITY FACEMASKS FINAL 7200 IMAGES/2026 DARTS/José de Sousa - Darts.jpg,move,not run,
9,/2019 TIDY - CELEBRITY FACEMASKS FINAL 7200 IMAGES/Justin Pipe.jpg,/2019 TIDY - CELEBRITY FACEMASKS FINAL 7200 IMAGES/2026 DARTS/Justin Pipe.jpg,move,not run,
9,/2019 TIDY - CELEBRITY FACEMASKS FINAL 7200 IMAGES/Krzysztof Ratajski - Darts.jpg,/2019 TIDY - CELEBRITY FACEMASKS FINAL 7200 IMAGES/2026 DARTS/Krzysztof Ratajski - Darts.jpg,move,not run,
9,/2019 TIDY - CELEBRITY FACEMASKS FINAL 7200 IMAGES/Luke Humphries - Darts.jpg,/2019 TIDY - CELEBRITY FACEMASKS FINAL 7200 IMAGES/2026 DARTS/Luke Humphries - Darts.jpg,move,not run,
9,/2019 TIDY - CELEBRITY FACEMASKS FINAL 7200 IMAGES/Luke Littler - Darts Champion.jpg,/2019 TIDY - CELEBRITY FACEMASKS FINAL 7200 IMAGES/2026 DARTS/Luke Littler - Darts Champion.jpg,move,not run,
9,/2019 TIDY - CELEBRITY FACEMASKS FINAL 7200 IMAGES/MENSUR DARTS.jpg,/2019 TIDY - CELEBRITY FACEMASKS FINAL 7200 IMAGES/2026 DARTS/MENSUR DARTS.jpg,move,not run,
9,/2019 TIDY - CELEBRITY FACEMASKS FINAL 7200 IMAGES/Martin Schindler - Darts.jpg,/2019 TIDY - CELEBRITY FACEMASKS FINAL 7200 IMAGES/2026 DARTS/Martin Schindler - Darts.jpg,move,not run,
10,/2019 TIDY - CELEBRITY FACEMASKS FINAL 7200 IMAGES/Mervin King 2.jpg,/2019 TIDY - CELEBRITY FACEMASKS FINAL 7200 IMAGES/2026 DARTS/Mervin King 2.jpg,move,not run,
10,/2019 TIDY - CELEBRITY FACEMASKS FINAL 7200 IMAGES/Mervin King.JPG,/2019 TIDY - CELEBRITY FACEMASKS FINAL 7200 IMAGES/2026 DARTS/Mervin King.JPG,move,not run,
10,/2019 TIDY - CELEBRITY FACEMASKS FINAL 7200 IMAGES/Michael Smith Darts Player.jpg,/2019 TIDY - CELEBRITY FACEMASKS FINAL 7200 IMAGES/2026 DARTS/Michael Smith Darts Player.jpg,move,not run,
10,/2019 TIDY - CELEBRITY FACEMASKS FINAL 7200 IMAGES/Nathan Aspinall - Darts.jpg,/2019 TIDY - CELEBRITY FACEMASKS FINAL 7200 IMAGES/2026 DARTS/Nathan Aspinall - Darts.jpg,move,not run,
10,/2019 TIDY - CELEBRITY FACEMASKS FINAL 7200 IMAGES/Paul Nicholson.JPG,/2019 TIDY - CELEBRITY FACEMASKS FINAL 7200 IMAGES/2026 DARTS/Paul Nicholson.JPG,move,not run,
10,/2019 TIDY - CELEBRITY FACEMASKS FINAL 7200 IMAGES/Peter Manley.jpg,/2019 TIDY - CELEBRITY FACEMASKS FINAL 7200 IMAGES/2026 DARTS/Peter Manley.jpg,move,not run,
10,/2019 TIDY - CELEBRITY FACEMASKS FINAL 7200 IMAGES/Phil Taylor Glasses.jpg,/2019 TIDY - CELEBRITY FACEMASKS FINAL 7200 IMAGES/2026 DARTS/Phil Taylor Glasses.jpg,move,not run,
10,/2019 TIDY - CELEBRITY FACEMASKS FINAL 7200 IMAGES/Phil The Power Taylor.JPG,/2019 TIDY - CELEBRITY FACEMASKS FINAL 7200 IMAGES/2026 DARTS/Phil The Power Taylor.JPG,move,not run,
10,/2019 TIDY - CELEBRITY FACEMASKS FINAL 7200 IMAGES/Ross Smith - Darts.jpg,/2019 TIDY - CELEBRITY FACEMASKS FINAL 7200 IMAGES/2026 DARTS/Ross Smith - Darts.jpg,move,not run,
10,/2019 TIDY - CELEBRITY FACEMASKS FINAL 7200 IMAGES/Russ Bray - Darts.jpg,/2019 TIDY - CELEBRITY FACEMASKS FINAL 7200 IMAGES/2026 DARTS/Russ Bray - Darts.jpg,move,not run,
10,/2019 TIDY - CELEBRITY FACEMASKS FINAL 7200 IMAGES/Sid-Waddell.jpg,/2019 TIDY - CELEBRITY FACEMASKS FINAL 7200 IMAGES/2026 DARTS/Sid-Waddell.jpg,move,not run,
10,/2019 TIDY - CELEBRITY FACEMASKS FINAL 7200 IMAGES/Ted hankey The Count.jpg,/2019 TIDY - CELEBRITY FACEMASKS FINAL 7200 IMAGES/2026 DARTS/Ted hankey The Count.jpg,move,not run,
10,/2019 TIDY - CELEBRITY FACEMASKS FINAL 7200 IMAGES/Terry Jenkins 2.jpg,/2019 TIDY - CELEBRITY FACEMASKS FINAL 7200 IMAGES/2026 DARTS/Terry Jenkins 2.jpg,move,not run,
10,/2019 TIDY - CELEBRITY FACEMASKS FINAL 7200 IMAGES/Tony O'shea 3.jpg,/2019 TIDY - CELEBRITY FACEMASKS FINAL 7200 IMAGES/2026 DARTS/Tony O'shea 3.jpg,variant,not run,
10,/2019 TIDY - CELEBRITY FACEMASKS FINAL 7200 IMAGES/john-part.jpg,/2019 TIDY - CELEBRITY FACEMASKS FINAL 7200 IMAGES/2026 DARTS/john-part.jpg,move,not run,
10,/2019 TIDY - CELEBRITY FACEMASKS FINAL 7200 IMAGES/mervyn king.jpg,/2019 TIDY - CELEBRITY FACEMASKS FINAL 7200 IMAGES/2026 DARTS/mervyn king.jpg,move,not run,
10,/2019 TIDY - CELEBRITY FACEMASKS FINAL 7200 IMAGES/David coultard.jpg,/2019 TIDY - CELEBRITY FACEMASKS FINAL 7200 IMAGES/2026 F1 DRIVER/David coultard (larger).jpg,duplicate_larger,not run,
10,/2019 TIDY - CELEBRITY FACEMASKS FINAL 7200 IMAGES/Flavio Briatore.jpg,/2019 TIDY - CELEBRITY FACEMASKS FINAL 7200 IMAGES/2026 F1 DRIVER/Flavio Briatore.jpg,move,not run,
10,/2019 TIDY - CELEBRITY FACEMASKS FINAL 7200 IMAGES/Günther_Steiner_at_the_2022_Austrian_Grand_Prix.jpg,/2019 TIDY - CELEBRITY FACEMASKS FINAL 7200 IMAGES/2026 F1 DRIVER/Günther_Steiner_at_the_2022_Austrian_Grand_Prix.jpg,move,not run,
10,/2019 TIDY - CELEBRITY FACEMASKS FINAL 7200 IMAGES/Jolyon-palmer.jpg,/2019 TIDY - CELEBRITY FACEMASKS FINAL 7200 IMAGES/2026 F1 DRIVER/Jolyon-palmer.jpg,move,not run,
10,/2019 TIDY - CELEBRITY FACEMASKS FINAL 7200 IMAGES/Jonny Herbert (2).jpg,/2019 TIDY - CELEBRITY FACEMASKS FINAL 7200 IMAGES/2026 F1 DRIVER/Jonny Herbert (2).jpg,move,not run,
10,/2019 TIDY - CELEBRITY FACEMASKS FINAL 7200 IMAGES/Lewis-Hamilton-Formula1.png,/2019 TIDY - CELEBRITY FACEMASKS FINAL 7200 IMAGES/2026 F1 DRIVER/Lewis-Hamilton-Formula1.png,move,not run,
10,/2019 TIDY - CELEBRITY FACEMASKS FINAL 7200 IMAGES/Lewis_Hamilton_2016_Malaysia_2.jpg,/2019 TIDY - CELEBRITY FACEMASKS FINAL 7200 IMAGES/2026 F1 DRIVER/Lewis_Hamilton_2016_Malaysia_2.jpg,move,not run,
10,/2019 TIDY - CELEBRITY FACEMASKS FINAL 7200 IMAGES/MIKA HAKKINEN.jpg,/2019 TIDY - CELEBRITY FACEMASKS FINAL 7200 IMAGES/2026 F1 DRIVER/MIKA HAKKINEN.jpg,move,not run,
10,/2019 TIDY - CELEBRITY FACEMASKS FINAL 7200 IMAGES/Massa (2).jpg,/2019 TIDY - CELEBRITY FACEMASKS FINAL 7200 IMAGES/2026 F1 DRIVER/Massa (2).jpg,move,not run,
10,/2019 TIDY - CELEBRITY FACEMASKS FINAL 7200 IMAGES/Michael Schumacher.jpg,/2019 TIDY - CELEBRITY FACEMASKS FINAL 7200 IMAGES/2026 TV SHOWS AND STARS/Michael Schumacher (larger).jpg,duplicate_larger,not run,
10,/2019 TIDY - CELEBRITY FACEMASKS FINAL 7200 IMAGES/Murray Walker - Copy.JPG,/2019 TIDY - CELEBRITY FACEMASKS FINAL 7200 IMAGES/2026 F1 DRIVER/Murray Walker - Copy.JPG,move,not run,
10,/2019 TIDY - CELEBRITY FACEMASKS FINAL 7200 IMAGES/Nigel Mansell.jpg,/2019 TIDY - CELEBRITY FACEMASKS FINAL 7200 IMAGES/2026 F1 DRIVER/Nigel Mansell.jpg,move,not run,
10,/2019 TIDY - CELEBRITY FACEMASKS FINAL 7200 IMAGES/gilles villeneuve.jpg,/2019 TIDY - CELEBRITY FACEMASKS FINAL 7200 IMAGES/2026 F1 DRIVER/gilles villeneuve.jpg,move,not run,
10,/2019 TIDY - CELEBRITY FACEMASKS FINAL 7200 IMAGES/kevin-magnussen.jpg,/2019 TIDY - CELEBRITY FACEMASKS FINAL 7200 IMAGES/2026 SPORTS STARS/Formula 1/kevin-magnussen (larger).jpg,duplicate_larger,not run,
10,/2019 TIDY - CELEBRITY FACEMASKS FINAL 7200 IMAGES/lance-stroll-aston-martin-raci-1.jpg,/2019 TIDY - CELEBRITY FACEMASKS FINAL 7200 IMAGES/2026 F1 DRIVER/lance-stroll-aston-martin-raci-1.jpg,move,not run,
10,/2019 TIDY - CELEBRITY FACEMASKS FINAL 7200 IMAGES/montoya - Barcelona.jpg,/2019 TIDY - CELEBRITY FACEMASKS FINAL 7200 IMAGES/2026 F1 DRIVER/montoya - Barcelona.jpg,move,not run,
10,/2019 TIDY - CELEBRITY FACEMASKS FINAL 7200 IMAGES/nico-hulkenberg.jpg,/2019 TIDY - CELEBRITY FACEMASKS FINAL 7200 IMAGES/2026 SPORTS STARS/Formula 1/nico-hulkenberg (larger).jpg,duplicate_larger,not run,
10,/2019 TIDY - CELEBRITY FACEMASKS FINAL 7200 IMAGES/skysports-oscar-piastri-mclaren_6073078.jpg,/2019 TIDY - CELEBRITY FACEMASKS FINAL 7200 IMAGES/2026 F1 DRIVER/skysports-oscar-piastri-mclaren_6073078.jpg,move,not run,
10,/2019 TIDY - CELEBRITY FACEMASKS FINAL 7200 IMAGES/Alex-Ferguson-3.jpg,/2019 TIDY - CELEBRITY FACEMASKS FINAL 7200 IMAGES/2026 FOOTBALLERS/Alex-Ferguson-3.jpg,variant,not run,
10,/2019 TIDY - CELEBRITY FACEMASKS FINAL 7200 IMAGES/Andre-arshavin.jpg,/2019 TIDY - CELEBRITY FACEMASKS FINAL 7200 IMAGES/2026 FOOTBALLERS/Andre-arshavin.jpg,move,not run,
10,/2019 TIDY - CELEBRITY FACEMASKS FINAL 7200 IMAGES/Arne Slot-Football Manager.jpg,/2019 TIDY - CELEBRITY FACEMASKS FINAL 7200 IMAGES/2026 FOOTBALLERS/Arne Slot-Football Manager.jpg,move,not run,
10,/2019 TIDY - CELEBRITY FACEMASKS FINAL 7200 IMAGES/Arsne-wenger.jpg,/2019 TIDY - CELEBRITY FACEMASKS FINAL 7200 IMAGES/2026 FOOTBALLERS/Arsne-wenger.jpg,variant,not run,
10,/2019 TIDY - CELEBRITY FACEMASKS FINAL 7200 IMAGES/Ben-Chillwell-2022.jpg,/2019 TIDY - CELEBRITY FACEMASKS FINAL 7200 IMAGES/2026 FOOTBALLERS/Ben-Chillwell-2022.jpg,move,not run,
10,/2019 TIDY - CELEBRITY FACEMASKS FINAL 7200 IMAGES/Brian Clough -Notss forest manager.jpg,/2019 TIDY - CELEBRITY FACEMASKS FINAL 7200 IMAGES/2026 FOOTBALLERS/Brian Clough -Notss forest manager.jpg,move,not run,
10,/2019 TIDY - CELEBRITY FACEMASKS FINAL 7200 IMAGES/Carlos-Tevez-Smiling.jpg,/2019 TIDY - CELEBRITY FACEMASKS FINAL 7200 IMAGES/2026 FOOTBALLERS/Carlos-Tevez-Smiling.jpg,move,not run,
10,/2019 TIDY - CELEBRITY FACEMASKS FINAL 7200 IMAGES/Carlos-tevez-2.jpg,/2019 TIDY - CELEBRITY FACEMASKS FINAL 7200 IMAGES/2026 FOOTBALLERS/Carlos-tevez-2.jpg,variant,not run,
10,/2019 TIDY - CELEBRITY FACEMASKS FINAL 7200 IMAGES/Dan Burn Newcastle Champion 2025.jpg,/2019 TIDY - CELEBRITY FACEMASKS FINAL 7200 IMAGES/2026 FOOTBALLERS/Dan Burn Newcastle Champion 2025.jpg,move,not run,
10,/2019 TIDY - CELEBRITY FACEMASKS FINAL 7200 IMAGES/David Seaman- football.jpg,/2019 TIDY - CELEBRITY FACEMASKS FINAL 7200 IMAGES/2026 FOOTBALLERS/David Seaman- football.jpg,move,not run,
10,/2019 TIDY - CELEBRITY FACEMASKS FINAL 7200 IMAGES/David-Beckham-Cartoon.jpg,/2019 TIDY - CELEBRITY FACEMASKS FINAL 7200 IMAGES/2026 FOOTBALLERS/David-Beckham-Cartoon.jpg,move,not run,
10,/2019 TIDY - CELEBRITY FACEMASKS FINAL 7200 IMAGES/David-De-Gea.jpg,/2019 TIDY - CELEBRITY FACEMASKS FINAL 7200 IMAGES/2026 SPORTS STARS/Football/David-De-Gea (larger).jpg,duplicate_larger,not run,
10,/2019 TIDY - CELEBRITY FACEMASKS FINAL 7200 IMAGES/ERIK LAMELA - ARGENTINA.png,/2019 TIDY - CELEBRITY FACEMASKS FINAL 7200 IMAGES/2026 SPORTS STARS/Football/ERIK LAMELA - ARGENTINA (larger).png,duplicate_larger,not run,
10,/2019 TIDY - CELEBRITY FACEMASKS FINAL 7200 IMAGES/ETO Barcelona Footballer.jpg,/2019 TIDY - CELEBRITY FACEMASKS FINAL 7200 IMAGES/2026 FOOTBALLERS/ETO Barcelona Footballer.jpg,move,not run,
10,/2019 TIDY - CELEBRITY FACEMASKS FINAL 7200 IMAGES/Ella Toone - Lioness.jpg,/2019 TIDY - CELEBRITY FACEMASKS FINAL 7200 IMAGES/2026 FOOTBALLERS/Ella Toone - Lioness.jpg,move,not run,
10,/2019 TIDY - CELEBRITY FACEMASKS FINAL 7200 IMAGES/Eric Cantona-FOOTBALL 2018.jpg,/2019 TIDY - CELEBRITY FACEMASKS FINAL 7200 IMAGES/2026 FOOTBALLERS/Eric Cantona-FOOTBALL 2018.jpg,move,not run,
10,/2019 TIDY - CELEBRITY FACEMASKS FINAL 7200 IMAGES/Fabien Barthez.JPG,/2019 TIDY - CELEBRITY FACEMASKS FINAL 7200 IMAGES/2026 FOOTBALLERS/Fabien Barthez.JPG,move,not run,
10,/2019 TIDY - CELEBRITY FACEMASKS FINAL 7200 IMAGES/Fabio Cappello.jpg,/2019 TIDY - CELEBRITY FACEMASKS FINAL 7200 IMAGES/2026 FOOTBALLERS/Fabio Cappello.jpg,move,not run,
10,/2019 TIDY - CELEBRITY FACEMASKS FINAL 7200 IMAGES/Franz Beckenbaur.jpg,/2019 TIDY - CELEBRITY FACEMASKS FINAL 7200 IMAGES/2026 FOOTBALLERS/Franz Beckenbaur.jpg,move,not run,
10,/2019 TIDY - CELEBRITY FACEMASKS FINAL 7200 IMAGES/Freddie Ljunberg.jpg,/2019 TIDY - CELEBRITY FACEMASKS FINAL 7200 IMAGES/2026 FOOTBALLERS/Freddie Ljunberg.jpg,move,not run,
10,/2019 TIDY - CELEBRITY FACEMASKS FINAL 7200 IMAGES/Fredy Guarín.jpg,/2019 TIDY - CELEBRITY FACEMASKS FINAL 7200 IMAGES/2026 FOOTBALLERS/Fredy Guarín.jpg,move,not run,
10,/2019 TIDY - CELEBRITY FACEMASKS FINAL 7200 IMAGES/GONZALO HIGUAIN - ARGENTINA.jpg,/2019 TIDY - CELEBRITY FACEMASKS FINAL 7200 IMAGES/2026 FOOTBALLERS/GONZALO HIGUAIN - ARGENTINA.jpg,move,not run,
10,/2019 TIDY - CELEBRITY FACEMASKS FINAL 7200 IMAGES/Gabriel Agbonlahor Main.png,/2019 TIDY - CELEBRITY FACEMASKS FINAL 7200 IMAGES/2026 FOOTBALLERS/Gabriel Agbonlahor Main.png,move,not run,
10,/2019 TIDY - CELEBRITY FACEMASKS FINAL 7200 IMAGES/Gael Clichy Manchester City.jpg,/2019 TIDY - CELEBRITY FACEMASKS FINAL 7200 IMAGES/2026 FOOTBALLERS/Gael Clichy Manchester City.jpg,move,not run,
10,/2019 TIDY - CELEBRITY FACEMASKS FINAL 7200 IMAGES/Gareth barry.jpg,/2019 TIDY - CELEBRITY FACEMASKS FINAL 7200 IMAGES/2026 FOOTBALLERS/Gareth barry.jpg,move,not run,
10,/2019 TIDY - CELEBRITY FACEMASKS FINAL 7200 IMAGES/Gary Cahill.jpg,/2019 TIDY - CELEBRITY FACEMASKS FINAL 7200 IMAGES/2026 FOOTBALLERS/Gary Cahill (larger).jpg,duplicate_larger,not run,
10,/2019 TIDY - CELEBRITY FACEMASKS FINAL 7200 IMAGES/Gary Doherty.jpg,/2019 TIDY - CELEBRITY FACEMASKS FINAL 7200 IMAGES/2026 FOOTBALLERS/Gary Doherty.jpg,move,not run,
10,/2019 TIDY - CELEBRITY FACEMASKS FINAL 7200 IMAGES/Gary Pallister.jpg,/2019 TIDY - CELEBRITY FACEMASKS FINAL 7200 IMAGES/2026 FOOTBALLERS/Gary Pallister.jpg,move,not run,
10,/2019 TIDY - CELEBRITY FACEMASKS FINAL 7200 IMAGES/Gary Speed Sport.jpg,/2019 TIDY - CELEBRITY FACEMASKS FINAL 7200 IMAGES/2026 FOOTBALLERS/Gary Speed Sport.jpg,move,not run,
10,/2019 TIDY - CELEBRITY FACEMASKS FINAL 7200 IMAGES/Georgias Samaras.jpg,/2019 TIDY - CELEBRITY FACEMASKS FINAL 7200 IMAGES/2026 FOOTBALLERS/Georgias Samaras.jpg,move,not run,
10,/2019 TIDY - CELEBRITY FACEMASKS FINAL 7200 IMAGES/Georginio Wijnaldum.jpg,/2019 TIDY - CELEBRITY FACEMASKS FINAL 7200 IMAGES/2026 FOOTBALLERS/Georginio Wijnaldum.jpg,move,not run,
10,/2019 TIDY - CELEBRITY FACEMASKS FINAL 7200 IMAGES/Gevinho.jpg,/2019 TIDY - CELEBRITY FACEMASKS FINAL 7200 IMAGES/2026 FOOTBALLERS/Gevinho.jpg,move,not run,
10,/2019 TIDY - CELEBRITY FACEMASKS FINAL 7200 IMAGES/Gianfranco Zola.jpg,/2019 TIDY - CELEBRITY FACEMASKS FINAL 7200 IMAGES/2026 FOOTBALLERS/Gianfranco Zola.jpg,move,not run,
10,/2019 TIDY - CELEBRITY FACEMASKS FINAL 7200 IMAGES/Gianluca_Zambrotta Barcelona Footballer.jpg,/2019 TIDY - CELEBRITY FACEMASKS FINAL 7200 IMAGES/2026 FOOTBALLERS/Gianluca_Zambrotta Barcelona Footballer.jpg,move,not run,
10,/2019 TIDY - CELEBRITY FACEMASKS FINAL 7200 IMAGES/Giovani Van Brochorst.jpg,/2019 TIDY - CELEBRITY FACEMASKS FINAL 7200 IMAGES/2026 FOOTBALLERS/Giovani Van Brochorst.jpg,move,not run,
10,/2019 TIDY - CELEBRITY FACEMASKS FINAL 7200 IMAGES/Giovanni van Bronckhorst.jpg,/2019 TIDY - CELEBRITY FACEMASKS FINAL 7200 IMAGES/2026 FOOTBALLERS/Giovanni van Bronckhorst.jpg,move,not run,
10,/2019 TIDY - CELEBRITY FACEMASKS FINAL 7200 IMAGES/Glen Hoddle.jpg,/2019 TIDY - CELEBRITY FACEMASKS FINAL 7200 IMAGES/2026 FOOTBALLERS/Glen Hoddle.jpg,move,not run,
10,/2019 TIDY - CELEBRITY FACEMASKS FINAL 7200 IMAGES/Glen Johnson.jpg,/2019 TIDY - CELEBRITY FACEMASKS FINAL 7200 IMAGES/2026 FOOTBALLERS/Glen Johnson.jpg,move,not run,
10,/2019 TIDY - CELEBRITY FACEMASKS FINAL 7200 IMAGES/Graeme Souness.jpg,/2019 TIDY - CELEBRITY FACEMASKS FINAL 7200 IMAGES/2026 FOOTBALLERS/Graeme Souness.jpg,move,not run,
10,/2019 TIDY - CELEBRITY FACEMASKS FINAL 7200 IMAGES/Graham Zusi.jpg,/2019 TIDY - CELEBRITY FACEMASKS FINAL 7200 IMAGES/2026 FOOTBALLERS/Graham Zusi.jpg,move,not run,
10,/2019 TIDY - CELEBRITY FACEMASKS FINAL 7200 IMAGES/Gregorz Raziak.jpg,/2019 TIDY - CELEBRITY FACEMASKS FINAL 7200 IMAGES/2026 FOOTBALLERS/Gregorz Raziak.jpg,move,not run,
10,/2019 TIDY - CELEBRITY FACEMASKS FINAL 7200 IMAGES/Götze.jpg,/2019 TIDY - CELEBRITY FACEMASKS FINAL 7200 IMAGES/2026 FOOTBALLERS/Götze.jpg,move,not run,
10,/2019 TIDY - CELEBRITY FACEMASKS FINAL 7200 IMAGES/HENRIK MKHITARYAN - ARMENIA.jpg,/2019 TIDY - CELEBRITY FACEMASKS FINAL 7200 IMAGES/2026 FOOTBALLERS/HENRIK MKHITARYAN - ARMENIA.jpg,move,not run,
10,/2019 TIDY - CELEBRITY FACEMASKS FINAL 7200 IMAGES/HIBERNIAN MANAGER ALAN STUBBS.jpg,/2019 TIDY - CELEBRITY FACEMASKS FINAL 7200 IMAGES/2026 FOOTBALLERS/HIBERNIAN MANAGER ALAN STUBBS.jpg,move,not run,
10,/2019 TIDY - CELEBRITY FACEMASKS FINAL 7200 IMAGES/Headland-FC-CHAMPIONSHIP-6.png,/2019 TIDY - CELEBRITY FACEMASKS FINAL 7200 IMAGES/2026 FOOTBALLERS/Headland-FC-CHAMPIONSHIP-6.png,move,not run,
10,/2019 TIDY - CELEBRITY FACEMASKS FINAL 7200 IMAGES/Henrik Larsson.jpg,/2019 TIDY - CELEBRITY FACEMASKS FINAL 7200 IMAGES/2026 FOOTBALLERS/Henrik Larsson.jpg,move,not run,
10,/2019 TIDY - CELEBRITY FACEMASKS FINAL 7200 IMAGES/Hernandez Chicarito.jpg,/2019 TIDY - CELEBRITY FACEMASKS FINAL 7200 IMAGES/2026 FOOTBALLERS/Hernandez Chicarito.jpg,move,not run,
10,/2019 TIDY - CELEBRITY FACEMASKS FINAL 7200 IMAGES/Higuaín Argentina.jpg,/2019 TIDY - CELEBRITY FACEMASKS FINAL 7200 IMAGES/2026 FOOTBALLERS/Higuaín Argentina.jpg,move,not run,
10,/2019 TIDY - CELEBRITY FACEMASKS FINAL 7200 IMAGES/Hugo LLoris.JPG,/2019 TIDY - CELEBRITY FACEMASKS FINAL 7200 IMAGES/2026 SPORTS STARS/Football/Hugo LLoris (larger).JPG,duplicate_larger,not run,
10,/2019 TIDY - CELEBRITY FACEMASKS FINAL 7200 IMAGES/Hulk Brazil.jpg,/2019 TIDY - CELEBRITY FACEMASKS FINAL 7200 IMAGES/2026 FOOTBALLERS/Hulk Brazil.jpg,move,not run,
10,/2019 TIDY - CELEBRITY FACEMASKS FINAL 7200 IMAGES/IVAN RAKITIC - CROATIA.jpg,/2019 TIDY - CELEBRITY FACEMASKS FINAL 7200 IMAGES/2026 FOOTBALLERS/IVAN RAKITIC - CROATIA.jpg,move,not run,
10,/2019 TIDY - CELEBRITY FACEMASKS FINAL 7200 IMAGES/Ian Holloway.jpg,/2019 TIDY - CELEBRITY FACEMASKS FINAL 7200 IMAGES/2026 FOOTBALLERS/Ian Holloway.jpg,move,not run,
10,/2019 TIDY - CELEBRITY FACEMASKS FINAL 7200 IMAGES/Ian-Wright-Im-A-Celebrity-2019__35169.jpg,/2019 TIDY - CELEBRITY FACEMASKS FINAL 7200 IMAGES/2026 FOOTBALLERS/Ian-Wright-Im-A-Celebrity-2019__35169.jpg,move,not run,
10,/2019 TIDY - CELEBRITY FACEMASKS FINAL 7200 IMAGES/Insigne.jpg,/2019 TIDY - CELEBRITY FACEMASKS FINAL 7200 IMAGES/2026 FOOTBALLERS/Insigne.jpg,move,not run,
10,/2019 TIDY - CELEBRITY FACEMASKS FINAL 7200 IMAGES/JAMES RODRIGUEZ - COLUMBIA.jpg,/2019 TIDY - CELEBRITY FACEMASKS FINAL 7200 IMAGES/2026 FOOTBALLERS/JAMES RODRIGUEZ - COLUMBIA.jpg,move,not run,
10,/2019 TIDY - CELEBRITY FACEMASKS FINAL 7200 IMAGES/JAN VERTONGHEN - BELGIAN.jpg,/2019 TIDY - CELEBRITY FACEMASKS FINAL 7200 IMAGES/2026 FOOTBALLERS/JAN VERTONGHEN - BELGIAN.jpg,move,not run,
10,/2019 TIDY - CELEBRITY FACEMASKS FINAL 7200 IMAGES/JOCK STEIN.jpg,/2019 TIDY - CELEBRITY FACEMASKS FINAL 7200 IMAGES/2026 FOOTBALLERS/JOCK STEIN.jpg,move,not run,
10,/2019 TIDY - CELEBRITY FACEMASKS FINAL 7200 IMAGES/JORDAN IBE - ENGLAND.jpg,/2019 TIDY - CELEBRITY FACEMASKS FINAL 7200 IMAGES/2026 FOOTBALLERS/JORDAN IBE - ENGLAND.jpg,move,not run,
10,/2019 TIDY - CELEBRITY FACEMASKS FINAL 7200 IMAGES/JORQUERA Barcelona Footballer.jpg,/2019 TIDY - CELEBRITY FACEMASKS FINAL 7200 IMAGES/2026 FOOTBALLERS/JORQUERA Barcelona Footballer.jpg,move,not run,
10,/2019 TIDY - CELEBRITY FACEMASKS FINAL 7200 IMAGES/JUAN CUADRADO - COLUMBIA.jpg,/2019 TIDY - CELEBRITY FACEMASKS FINAL 7200 IMAGES/2026 FOOTBALLERS/JUAN CUADRADO - COLUMBIA.jpg,move,not run,
10,/2019 TIDY - CELEBRITY FACEMASKS FINAL 7200 IMAGES/JURGEN KLINSMAN.jpg,/2019 TIDY - CELEBRITY FACEMASKS FINAL 7200 IMAGES/2026 FOOTBALLERS/JURGEN KLINSMAN.jpg,move,not run,
10,/2019 TIDY - CELEBRITY FACEMASKS FINAL 7200 IMAGES/Jaap Stam.jpg,/2019 TIDY - CELEBRITY FACEMASKS FINAL 7200 IMAGES/2026 FOOTBALLERS/Jaap Stam.jpg,move,not run,
10,/2019 TIDY - CELEBRITY FACEMASKS FINAL 7200 IMAGES/Jackson Martinez.jpg,/2019 TIDY - CELEBRITY FACEMASKS FINAL 7200 IMAGES/2026 FOOTBALLERS/Jackson Martinez.jpg,move,not run,
10,/2019 TIDY - CELEBRITY FACEMASKS FINAL 7200 IMAGES/Jermaine Jones.jpg,/2019 TIDY - CELEBRITY FACEMASKS FINAL 7200 IMAGES/2026 FOOTBALLERS/Jermaine Jones.jpg,move,not run,
10,/2019 TIDY - CELEBRITY FACEMASKS FINAL 7200 IMAGES/Jesus Navas.jpg,/2019 TIDY - CELEBRITY FACEMASKS FINAL 7200 IMAGES/2026 FOOTBALLERS/Jesus Navas.jpg,move,not run,
10,/2019 TIDY - CELEBRITY FACEMASKS FINAL 7200 IMAGES/Joe Cole.jpg,/2019 TIDY - CELEBRITY FACEMASKS FINAL 7200 IMAGES/2026 FOOTBALLERS/Joe Cole.jpg,move,not run,
11,/2019 TIDY - CELEBRITY FACEMASKS FINAL 7200 IMAGES/Joe Hart.jpg,/2019 TIDY - CELEBRITY FACEMASKS FINAL 7200 IMAGES/2026 SPORTS STARS/Football/Joe Hart (larger).jpg,duplicate_larger,not run,
11,/2019 TIDY - CELEBRITY FACEMASKS FINAL 7200 IMAGES/Joel Matip.jpg,/2019 TIDY - CELEBRITY FACEMASKS FINAL 7200 IMAGES/2026 FOOTBALLERS/Joel Matip.jpg,move,not run,
11,/2019 TIDY - CELEBRITY FACEMASKS FINAL 7200 IMAGES/John Guidetti.jpg,/2019 TIDY - CELEBRITY FACEMASKS FINAL 7200 IMAGES/2026 FOOTBALLERS/John Guidetti.jpg,move,not run,
11,/2019 TIDY - CELEBRITY FACEMASKS FINAL 7200 IMAGES/Joleon Lescott.jpg,/2019 TIDY - CELEBRITY FACEMASKS FINAL 7200 IMAGES/2026 FOOTBALLERS/Joleon Lescott.jpg,move,not run,
11,/2019 TIDY - CELEBRITY FACEMASKS FINAL 7200 IMAGES/Jon Flanagan.jpg,/2019 TIDY - CELEBRITY FACEMASKS FINAL 7200 IMAGES/2026 FOOTBALLERS/Jon Flanagan.jpg,move,not run,
11,/2019 TIDY - CELEBRITY FACEMASKS FINAL 7200 IMAGES/Jozy Altidore.jpg,/2019 TIDY - CELEBRITY FACEMASKS FINAL 7200 IMAGES/2026 FOOTBALLERS/Jozy Altidore.jpg,move,not run,
11,/2019 TIDY - CELEBRITY FACEMASKS FINAL 7200 IMAGES/KARIM BENZEMA - FRANCE.jpeg,/2019 TIDY - CELEBRITY FACEMASKS FINAL 7200 IMAGES/2026 FOOTBALLERS/KARIM BENZEMA - FRANCE.jpeg,move,not run,
11,/2019 TIDY - CELEBRITY FACEMASKS FINAL 7200 IMAGES/KEVIN WIMMER - AUSTRIA.jpg,/2019 TIDY - CELEBRITY FACEMASKS FINAL 7200 IMAGES/2026 FOOTBALLERS/KEVIN WIMMER - AUSTRIA.jpg,move,not run,
11,/2019 TIDY - CELEBRITY FACEMASKS FINAL 7200 IMAGES/KEYLOR NAVAS - COSTA RICA.jpg,/2019 TIDY - CELEBRITY FACEMASKS FINAL 7200 IMAGES/2026 FOOTBALLERS/KEYLOR NAVAS - COSTA RICA.jpg,move,not run,
11,/2019 TIDY - CELEBRITY FACEMASKS FINAL 7200 IMAGES/KRUL - HARRY POTTER.jpg,/2019 TIDY - CELEBRITY FACEMASKS FINAL 7200 IMAGES/2026 FOOTBALLERS/KRUL - HARRY POTTER.jpg,move,not run,
11,/2019 TIDY - CELEBRITY FACEMASKS FINAL 7200 IMAGES/Katie McCabe - Lioness.jpg,/2019 TIDY - CELEBRITY FACEMASKS FINAL 7200 IMAGES/2026 FOOTBALLERS/Katie McCabe - Lioness.jpg,move,not run,
11,/2019 TIDY - CELEBRITY FACEMASKS FINAL 7200 IMAGES/Klaas-Jan Huntelaar.jpg,/2019 TIDY - CELEBRITY FACEMASKS FINAL 7200 IMAGES/2026 FOOTBALLERS/Klaas-Jan Huntelaar.jpg,move,not run,
11,/2019 TIDY - CELEBRITY FACEMASKS FINAL 7200 IMAGES/Kris Boyd Face Mask-1.jpg,/2019 TIDY - CELEBRITY FACEMASKS FINAL 7200 IMAGES/2026 FOOTBALLERS/Kris Boyd Face Mask-1.jpg,move,not run,
11,/2019 TIDY - CELEBRITY FACEMASKS FINAL 7200 IMAGES/Kris-Boyd-Face-Mask-2.jpg,/2019 TIDY - CELEBRITY FACEMASKS FINAL 7200 IMAGES/2026 FOOTBALLERS/Kris-Boyd-Face-Mask-2.jpg,move,not run,
11,/2019 TIDY - CELEBRITY FACEMASKS FINAL 7200 IMAGES/Kylian Mbappe.jpg,/2019 TIDY - CELEBRITY FACEMASKS FINAL 7200 IMAGES/2026 FOOTBALLERS/Kylian Mbappe.jpg,move,not run,
11,/2019 TIDY - CELEBRITY FACEMASKS FINAL 7200 IMAGES/Kyogo Furuhashi - Celtic.jpg,/2019 TIDY - CELEBRITY FACEMASKS FINAL 7200 IMAGES/2026 FOOTBALLERS/Kyogo Furuhashi - Celtic.jpg,move,not run,
11,/2019 TIDY - CELEBRITY FACEMASKS FINAL 7200 IMAGES/L Rakitic - Barcelona.jpg,/2019 TIDY - CELEBRITY FACEMASKS FINAL 7200 IMAGES/2026 FOOTBALLERS/L Rakitic - Barcelona.jpg,move,not run,
11,/2019 TIDY - CELEBRITY FACEMASKS FINAL 7200 IMAGES/LUCAS MOURA - BRAZIL.jpg,/2019 TIDY - CELEBRITY FACEMASKS FINAL 7200 IMAGES/2026 FOOTBALLERS/LUCAS MOURA - BRAZIL.jpg,move,not run,
11,/2019 TIDY - CELEBRITY FACEMASKS FINAL 7200 IMAGES/LUKA MODRIC - CROATIA.jpg,/2019 TIDY - CELEBRITY FACEMASKS FINAL 7200 IMAGES/2026 FOOTBALLERS/LUKA MODRIC - CROATIA.jpg,move,not run,
11,/2019 TIDY - CELEBRITY FACEMASKS FINAL 7200 IMAGES/Landon Donovan Footballer.jpg,/2019 TIDY - CELEBRITY FACEMASKS FINAL 7200 IMAGES/2026 FOOTBALLERS/Landon Donovan Footballer.jpg,move,not run,
11,/2019 TIDY - CELEBRITY FACEMASKS FINAL 7200 IMAGES/Luis Antonio Valencia.jpg,/2019 TIDY - CELEBRITY FACEMASKS FINAL 7200 IMAGES/2026 FOOTBALLERS/Luis Antonio Valencia.jpg,move,not run,
11,/2019 TIDY - CELEBRITY FACEMASKS FINAL 7200 IMAGES/Luis Enrique - Barac.jpg,/2019 TIDY - CELEBRITY FACEMASKS FINAL 7200 IMAGES/2026 FOOTBALLERS/Luis Enrique - Barac.jpg,move,not run,
11,/2019 TIDY - CELEBRITY FACEMASKS FINAL 7200 IMAGES/Luis Figo.jpg,/2019 TIDY - CELEBRITY FACEMASKS FINAL 7200 IMAGES/2026 FOOTBALLERS/Luis Figo.jpg,move,not run,
11,/2019 TIDY - CELEBRITY FACEMASKS FINAL 7200 IMAGES/Luis Van gaal.jpg,/2019 TIDY - CELEBRITY FACEMASKS FINAL 7200 IMAGES/2026 FOOTBALLERS/Luis Van gaal.jpg,move,not run,
11,/2019 TIDY - CELEBRITY FACEMASKS FINAL 7200 IMAGES/Lukas Podolski - Asrenal - Football.jpg,/2019 TIDY - CELEBRITY FACEMASKS FINAL 7200 IMAGES/2026 FOOTBALLERS/Lukas Podolski - Asrenal - Football.jpg,move,not run,
11,/2019 TIDY - CELEBRITY FACEMASKS FINAL 7200 IMAGES/Luke Shaw.jpg,/2019 TIDY - CELEBRITY FACEMASKS FINAL 7200 IMAGES/2026 EURO 2021/Luke Shaw (larger).jpg,duplicate_larger,not run,
11,/2019 TIDY - CELEBRITY FACEMASKS FINAL 7200 IMAGES/MAXWELL - BRAZIL.jpg,/2019 TIDY - CELEBRITY FACEMASKS FINAL 7200 IMAGES/2026 FOOTBALLERS/MAXWELL - BRAZIL.jpg,move,not run,
11,/2019 TIDY - CELEBRITY FACEMASKS FINAL 7200 IMAGES/MILITO Barcelona Footballer.jpg,/2019 TIDY - CELEBRITY FACEMASKS FINAL 7200 IMAGES/2026 FOOTBALLERS/MILITO Barcelona Footballer.jpg,move,not run,
11,/2019 TIDY - CELEBRITY FACEMASKS FINAL 7200 IMAGES/Marc Bartra - Barca.jpg,/2019 TIDY - CELEBRITY FACEMASKS FINAL 7200 IMAGES/2026 FOOTBALLERS/Marc Bartra - Barca.jpg,move,not run,
11,/2019 TIDY - CELEBRITY FACEMASKS FINAL 7200 IMAGES/Marc Wilmots Mask  JB.jpg,/2019 TIDY - CELEBRITY FACEMASKS FINAL 7200 IMAGES/2026 FOOTBALLERS/Marc Wilmots Mask  JB.jpg,move,not run,
11,/2019 TIDY - CELEBRITY FACEMASKS FINAL 7200 IMAGES/Mark Ashton - Football.jpg,/2019 TIDY - CELEBRITY FACEMASKS FINAL 7200 IMAGES/2026 FOOTBALLERS/Mark Ashton - Football.jpg,move,not run,
11,/2019 TIDY - CELEBRITY FACEMASKS FINAL 7200 IMAGES/Martin Demichelis.jpg,/2019 TIDY - CELEBRITY FACEMASKS FINAL 7200 IMAGES/2026 FOOTBALLERS/Martin Demichelis.jpg,move,not run,
11,/2019 TIDY - CELEBRITY FACEMASKS FINAL 7200 IMAGES/Martin Skirtel.jpg,/2019 TIDY - CELEBRITY FACEMASKS FINAL 7200 IMAGES/2026 FOOTBALLERS/Martin Skirtel.jpg,move,not run,
11,/2019 TIDY - CELEBRITY FACEMASKS FINAL 7200 IMAGES/Martin-Allen.jpg,/2019 TIDY - CELEBRITY FACEMASKS FINAL 7200 IMAGES/2026 FOOTBALLERS/Martin-Allen.jpg,move,not run,
11,/2019 TIDY - CELEBRITY FACEMASKS FINAL 7200 IMAGES/Masip - Barca.jpg,/2019 TIDY - CELEBRITY FACEMASKS FINAL 7200 IMAGES/2026 FOOTBALLERS/Masip - Barca.jpg,move,not run,
11,/2019 TIDY - CELEBRITY FACEMASKS FINAL 7200 IMAGES/Mathieu  - Barca.jpg,/2019 TIDY - CELEBRITY FACEMASKS FINAL 7200 IMAGES/2026 FOOTBALLERS/Mathieu  - Barca.jpg,move,not run,
11,/2019 TIDY - CELEBRITY FACEMASKS FINAL 7200 IMAGES/Matija Nastasic  Manchester City.jpg,/2019 TIDY - CELEBRITY FACEMASKS FINAL 7200 IMAGES/2026 FOOTBALLERS/Matija Nastasic  Manchester City.jpg,move,not run,
11,/2019 TIDY - CELEBRITY FACEMASKS FINAL 7200 IMAGES/Mertesacker copy.jpg,/2019 TIDY - CELEBRITY FACEMASKS FINAL 7200 IMAGES/2026 FOOTBALLERS/Mertesacker copy.jpg,move,not run,
11,/2019 TIDY - CELEBRITY FACEMASKS FINAL 7200 IMAGES/Mertesacker2.jpg,/2019 TIDY - CELEBRITY FACEMASKS FINAL 7200 IMAGES/2026 FOOTBALLERS/Mertesacker2.jpg,move,not run,
11,/2019 TIDY - CELEBRITY FACEMASKS FINAL 7200 IMAGES/Michael Dawson.jpg,/2019 TIDY - CELEBRITY FACEMASKS FINAL 7200 IMAGES/2026 FOOTBALLERS/Michael Dawson.jpg,move,not run,
11,/2019 TIDY - CELEBRITY FACEMASKS FINAL 7200 IMAGES/Michael Laudrup.jpg,/2019 TIDY - CELEBRITY FACEMASKS FINAL 7200 IMAGES/2026 FOOTBALLERS/Michael Laudrup.jpg,move,not run,
11,/2019 TIDY - CELEBRITY FACEMASKS FINAL 7200 IMAGES/Montolivo.jpg,/2019 TIDY - CELEBRITY FACEMASKS FINAL 7200 IMAGES/2026 FOOTBALLERS/Montolivo.jpg,move,not run,
11,/2019 TIDY - CELEBRITY FACEMASKS FINAL 7200 IMAGES/Mourouane fellani JB.jpg,/2019 TIDY - CELEBRITY FACEMASKS FINAL 7200 IMAGES/2026 FOOTBALLERS/Mourouane fellani JB.jpg,move,not run,
11,/2019 TIDY - CELEBRITY FACEMASKS FINAL 7200 IMAGES/NEIL LENNON.jpg,/2019 TIDY - CELEBRITY FACEMASKS FINAL 7200 IMAGES/2026 FOOTBALLERS/NEIL LENNON.jpg,move,not run,
11,/2019 TIDY - CELEBRITY FACEMASKS FINAL 7200 IMAGES/NICK POPE - ENGLAND.jpg,/2019 TIDY - CELEBRITY FACEMASKS FINAL 7200 IMAGES/2026 SPORTS STARS/Football/NICK POPE - ENGLAND (larger).jpg,duplicate_larger,not run,
11,/2019 TIDY - CELEBRITY FACEMASKS FINAL 7200 IMAGES/Nani.jpg,/2019 TIDY - CELEBRITY FACEMASKS FINAL 7200 IMAGES/2026 FOOTBALLERS/Nani.jpg,move,not run,
11,/2019 TIDY - CELEBRITY FACEMASKS FINAL 7200 IMAGES/Nathaniel Clyne.jpg,/2019 TIDY - CELEBRITY FACEMASKS FINAL 7200 IMAGES/2026 SPORTS STARS/Football/Nathaniel Clyne (larger).jpg,duplicate_larger,not run,
11,/2019 TIDY - CELEBRITY FACEMASKS FINAL 7200 IMAGES/Negrado Manchester City.jpg,/2019 TIDY - CELEBRITY FACEMASKS FINAL 7200 IMAGES/2026 FOOTBALLERS/Negrado Manchester City.jpg,move,not run,
11,/2019 TIDY - CELEBRITY FACEMASKS FINAL 7200 IMAGES/Neil Warnock 2.jpg,/2019 TIDY - CELEBRITY FACEMASKS FINAL 7200 IMAGES/2026 FOOTBALLERS/Neil Warnock 2.jpg,move,not run,
11,/2019 TIDY - CELEBRITY FACEMASKS FINAL 7200 IMAGES/Nemaja Vidic - Football.jpg,/2019 TIDY - CELEBRITY FACEMASKS FINAL 7200 IMAGES/2026 FOOTBALLERS/Nemaja Vidic - Football.jpg,move,not run,
11,/2019 TIDY - CELEBRITY FACEMASKS FINAL 7200 IMAGES/Nigel De Jong.jpg,/2019 TIDY - CELEBRITY FACEMASKS FINAL 7200 IMAGES/2026 FOOTBALLERS/Nigel De Jong.jpg,move,not run,
11,/2019 TIDY - CELEBRITY FACEMASKS FINAL 7200 IMAGES/Nigel adkins (2).jpg,/2019 TIDY - CELEBRITY FACEMASKS FINAL 7200 IMAGES/2026 FOOTBALLERS/Nigel adkins (2).jpg,move,not run,
11,/2019 TIDY - CELEBRITY FACEMASKS FINAL 7200 IMAGES/OSSIE ARDILES.jpg,/2019 TIDY - CELEBRITY FACEMASKS FINAL 7200 IMAGES/2026 SPORTS STARS/Football/OSSIE ARDILES (larger).jpg,duplicate_larger,not run,
11,/2019 TIDY - CELEBRITY FACEMASKS FINAL 7200 IMAGES/Oliver Giroud2.jpg,/2019 TIDY - CELEBRITY FACEMASKS FINAL 7200 IMAGES/2026 FOOTBALLERS/Oliver Giroud2.jpg,move,not run,
11,/2019 TIDY - CELEBRITY FACEMASKS FINAL 7200 IMAGES/Oliver Norwood JB.jpg,/2019 TIDY - CELEBRITY FACEMASKS FINAL 7200 IMAGES/2026 FOOTBALLERS/Oliver Norwood JB.jpg,move,not run,
11,/2019 TIDY - CELEBRITY FACEMASKS FINAL 7200 IMAGES/Oscar Brazil.jpg,/2019 TIDY - CELEBRITY FACEMASKS FINAL 7200 IMAGES/2026 FOOTBALLERS/Oscar Brazil.jpg,move,not run,
11,/2019 TIDY - CELEBRITY FACEMASKS FINAL 7200 IMAGES/PER MERTESACKER.jpg,/2019 TIDY - CELEBRITY FACEMASKS FINAL 7200 IMAGES/2026 FOOTBALLERS/PER MERTESACKER.jpg,move,not run,
11,/2019 TIDY - CELEBRITY FACEMASKS FINAL 7200 IMAGES/PHILIPPE COUTINHO.jpg,/2019 TIDY - CELEBRITY FACEMASKS FINAL 7200 IMAGES/2026 FOOTBALLERS/PHILIPPE COUTINHO.jpg,move,not run,
11,/2019 TIDY - CELEBRITY FACEMASKS FINAL 7200 IMAGES/Paolo Di Canio Sunderland Football Manager.jpg,/2019 TIDY - CELEBRITY FACEMASKS FINAL 7200 IMAGES/2026 FOOTBALLERS/Paolo Di Canio Sunderland Football Manager.jpg,move,not run,
11,/2019 TIDY - CELEBRITY FACEMASKS FINAL 7200 IMAGES/Patrice Evra.JPG,/2019 TIDY - CELEBRITY FACEMASKS FINAL 7200 IMAGES/2026 FOOTBALLERS/Patrice Evra.JPG,move,not run,
11,/2019 TIDY - CELEBRITY FACEMASKS FINAL 7200 IMAGES/Patrick Vieira.jpg,/2019 TIDY - CELEBRITY FACEMASKS FINAL 7200 IMAGES/2026 FOOTBALLERS/Patrick Vieira.jpg,move,not run,
11,/2019 TIDY - CELEBRITY FACEMASKS FINAL 7200 IMAGES/Paul Mcshane...jpg,/2019 TIDY - CELEBRITY FACEMASKS FINAL 7200 IMAGES/2026 FOOTBALLERS/Paul Mcshane...jpg,move,not run,
11,/2019 TIDY - CELEBRITY FACEMASKS FINAL 7200 IMAGES/Paul Merson.jpg,/2019 TIDY - CELEBRITY FACEMASKS FINAL 7200 IMAGES/2026 FOOTBALLERS/Paul Merson.jpg,variant,not run,
11,/2019 TIDY - CELEBRITY FACEMASKS FINAL 7200 IMAGES/Paul Merson2_5.jpg,/2019 TIDY - CELEBRITY FACEMASKS FINAL 7200 IMAGES/2026 FOOTBALLERS/Paul Merson2_5.jpg,move,not run,
11,/2019 TIDY - CELEBRITY FACEMASKS FINAL 7200 IMAGES/PaulLambert.jpg,/2019 TIDY - CELEBRITY FACEMASKS FINAL 7200 IMAGES/2026 FOOTBALLERS/PaulLambert.jpg,move,not run,
11,/2019 TIDY - CELEBRITY FACEMASKS FINAL 7200 IMAGES/Pedro Chirivella.jpg,/2019 TIDY - CELEBRITY FACEMASKS FINAL 7200 IMAGES/2026 FOOTBALLERS/Pedro Chirivella.jpg,move,not run,
11,/2019 TIDY - CELEBRITY FACEMASKS FINAL 7200 IMAGES/Pep Guadiola.jpg,/2019 TIDY - CELEBRITY FACEMASKS FINAL 7200 IMAGES/2026 FOOTBALLERS/Pep Guadiola.jpg,move,not run,
11,/2019 TIDY - CELEBRITY FACEMASKS FINAL 7200 IMAGES/Pepe.jpg,/2019 TIDY - CELEBRITY FACEMASKS FINAL 7200 IMAGES/2026 FOOTBALLERS/Pepe.jpg,move,not run,
11,/2019 TIDY - CELEBRITY FACEMASKS FINAL 7200 IMAGES/Peter-Crouch-Cartoon.jpg,/2019 TIDY - CELEBRITY FACEMASKS FINAL 7200 IMAGES/2026 FOOTBALLERS/Peter-Crouch-Cartoon.jpg,move,not run,
11,/2019 TIDY - CELEBRITY FACEMASKS FINAL 7200 IMAGES/PeterSchmeichel.jpg,/2019 TIDY - CELEBRITY FACEMASKS FINAL 7200 IMAGES/2026 FOOTBALLERS/PeterSchmeichel.jpg,move,not run,
11,/2019 TIDY - CELEBRITY FACEMASKS FINAL 7200 IMAGES/Phil Jones - Man utd.jpg,/2019 TIDY - CELEBRITY FACEMASKS FINAL 7200 IMAGES/2026 FOOTBALLERS/Phil Jones - Man utd (larger).jpg,duplicate_larger,not run,
11,/2019 TIDY - CELEBRITY FACEMASKS FINAL 7200 IMAGES/Phil Thompson.jpg,/2019 TIDY - CELEBRITY FACEMASKS FINAL 7200 IMAGES/2026 FOOTBALLERS/Phil Thompson.jpg,move,not run,
11,/2019 TIDY - CELEBRITY FACEMASKS FINAL 7200 IMAGES/Pierluigi Collina cartoon.jpg,/2019 TIDY - CELEBRITY FACEMASKS FINAL 7200 IMAGES/2026 FOOTBALLERS/Pierluigi Collina cartoon.jpg,move,not run,
11,/2019 TIDY - CELEBRITY FACEMASKS FINAL 7200 IMAGES/Pique - Barcelona.jpg,/2019 TIDY - CELEBRITY FACEMASKS FINAL 7200 IMAGES/2026 FOOTBALLERS/Pique - Barcelona.jpg,move,not run,
11,/2019 TIDY - CELEBRITY FACEMASKS FINAL 7200 IMAGES/Pirlo.jpg,/2019 TIDY - CELEBRITY FACEMASKS FINAL 7200 IMAGES/2026 FOOTBALLERS/Pirlo.jpg,move,not run,
11,/2019 TIDY - CELEBRITY FACEMASKS FINAL 7200 IMAGES/Roberto Mancini.jpg,/2019 TIDY - CELEBRITY FACEMASKS FINAL 7200 IMAGES/2026 FOOTBALLERS/Roberto Mancini.jpg,move,not run,
11,/2019 TIDY - CELEBRITY FACEMASKS FINAL 7200 IMAGES/Robin-Van-Persie-2.jpg,/2019 TIDY - CELEBRITY FACEMASKS FINAL 7200 IMAGES/2026 FOOTBALLERS/Robin-Van-Persie-2.jpg,variant,not run,
11,/2019 TIDY - CELEBRITY FACEMASKS FINAL 7200 IMAGES/Ronaldinho-cartoon.jpg,/2019 TIDY - CELEBRITY FACEMASKS FINAL 7200 IMAGES/2026 FOOTBALLERS/Ronaldinho-cartoon.jpg,move,not run,
11,/2019 TIDY - CELEBRITY FACEMASKS FINAL 7200 IMAGES/Sven Goran Errikson cartoon.jpg,/2019 TIDY - CELEBRITY FACEMASKS FINAL 7200 IMAGES/2026 FOOTBALLERS/Sven Goran Errikson cartoon.jpg,move,not run,
11,/2019 TIDY - CELEBRITY FACEMASKS FINAL 7200 IMAGES/alan hansen football.jpg,/2019 TIDY - CELEBRITY FACEMASKS FINAL 7200 IMAGES/2026 FOOTBALLERS/alan hansen football.jpg,move,not run,
11,/2019 TIDY - CELEBRITY FACEMASKS FINAL 7200 IMAGES/allan Hansen football.jpg,/2019 TIDY - CELEBRITY FACEMASKS FINAL 7200 IMAGES/2026 FOOTBALLERS/allan Hansen football.jpg,move,not run,
11,/2019 TIDY - CELEBRITY FACEMASKS FINAL 7200 IMAGES/callum mcgregor - Celtic.jpg,/2019 TIDY - CELEBRITY FACEMASKS FINAL 7200 IMAGES/2026 FOOTBALLERS/callum mcgregor - Celtic.jpg,move,not run,
11,/2019 TIDY - CELEBRITY FACEMASKS FINAL 7200 IMAGES/collina.jpg,/2019 TIDY - CELEBRITY FACEMASKS FINAL 7200 IMAGES/2026 FOOTBALLERS/collina.jpg,move,not run,
11,/2019 TIDY - CELEBRITY FACEMASKS FINAL 7200 IMAGES/eric_abidal Barcelona Footballer.jpg,/2019 TIDY - CELEBRITY FACEMASKS FINAL 7200 IMAGES/2026 FOOTBALLERS/eric_abidal Barcelona Footballer.jpg,move,not run,
11,/2019 TIDY - CELEBRITY FACEMASKS FINAL 7200 IMAGES/erling haaland football.jpg,/2019 TIDY - CELEBRITY FACEMASKS FINAL 7200 IMAGES/2026 FOOTBALLERS/erling haaland football.jpg,move,not run,
11,/2019 TIDY - CELEBRITY FACEMASKS FINAL 7200 IMAGES/felipao_Scholari__27389.jpg,/2019 TIDY - CELEBRITY FACEMASKS FINAL 7200 IMAGES/2026 FOOTBALLERS/felipao_Scholari__27389.jpg,move,not run,
11,/2019 TIDY - CELEBRITY FACEMASKS FINAL 7200 IMAGES/flamini.jpg,/2019 TIDY - CELEBRITY FACEMASKS FINAL 7200 IMAGES/2026 FOOTBALLERS/flamini.jpg,move,not run,
11,/2019 TIDY - CELEBRITY FACEMASKS FINAL 7200 IMAGES/garth crooks.jpg,/2019 TIDY - CELEBRITY FACEMASKS FINAL 7200 IMAGES/2026 FOOTBALLERS/garth crooks.jpg,move,not run,
11,/2019 TIDY - CELEBRITY FACEMASKS FINAL 7200 IMAGES/john fashanu.jpg,/2019 TIDY - CELEBRITY FACEMASKS FINAL 7200 IMAGES/2026 FOOTBALLERS/john fashanu.jpg,move,not run,
11,/2019 TIDY - CELEBRITY FACEMASKS FINAL 7200 IMAGES/juan mata.jpg,/2019 TIDY - CELEBRITY FACEMASKS FINAL 7200 IMAGES/2026 FOOTBALLERS/juan mata.jpg,move,not run,
11,/2019 TIDY - CELEBRITY FACEMASKS FINAL 7200 IMAGES/juan-manuel-mata.jpg,/2019 TIDY - CELEBRITY FACEMASKS FINAL 7200 IMAGES/2026 FOOTBALLERS/juan-manuel-mata.jpg,move,not run,
11,/2019 TIDY - CELEBRITY FACEMASKS FINAL 7200 IMAGES/kevin-gameiro.jpg,/2019 TIDY - CELEBRITY FACEMASKS FINAL 7200 IMAGES/2026 FOOTBALLERS/kevin-gameiro.jpg,move,not run,
11,/2019 TIDY - CELEBRITY FACEMASKS FINAL 7200 IMAGES/kieran gibbs.jpg,/2019 TIDY - CELEBRITY FACEMASKS FINAL 7200 IMAGES/2026 FOOTBALLERS/kieran gibbs (larger).jpg,duplicate_larger,not run,
11,/2019 TIDY - CELEBRITY FACEMASKS FINAL 7200 IMAGES/kim kallstrom.jpg,/2019 TIDY - CELEBRITY FACEMASKS FINAL 7200 IMAGES/2026 FOOTBALLERS/kim kallstrom.jpg,move,not run,
11,/2019 TIDY - CELEBRITY FACEMASKS FINAL 7200 IMAGES/lallana.jpg,/2019 TIDY - CELEBRITY FACEMASKS FINAL 7200 IMAGES/2026 FOOTBALLERS/lallana.jpg,move,not run,
11,/2019 TIDY - CELEBRITY FACEMASKS FINAL 7200 IMAGES/lan Shearer.jpg,/2019 TIDY - CELEBRITY FACEMASKS FINAL 7200 IMAGES/2026 FOOTBALLERS/lan Shearer.jpg,move,not run,
11,/2019 TIDY - CELEBRITY FACEMASKS FINAL 7200 IMAGES/laurent koscielny.jpg,/2019 TIDY - CELEBRITY FACEMASKS FINAL 7200 IMAGES/2026 FOOTBALLERS/laurent koscielny.jpg,move,not run,
11,/2019 TIDY - CELEBRITY FACEMASKS FINAL 7200 IMAGES/lee sharpe (2).jpg,/2019 TIDY - CELEBRITY FACEMASKS FINAL 7200 IMAGES/2026 FOOTBALLERS/lee sharpe (2).jpg,move,not run,
11,/2019 TIDY - CELEBRITY FACEMASKS FINAL 7200 IMAGES/lukas podolski2.jpg,/2019 TIDY - CELEBRITY FACEMASKS FINAL 7200 IMAGES/2026 FOOTBALLERS/lukas podolski2.jpg,move,not run,
11,/2019 TIDY - CELEBRITY FACEMASKS FINAL 7200 IMAGES/lukasz fabianski.jpg,/2019 TIDY - CELEBRITY FACEMASKS FINAL 7200 IMAGES/2026 FOOTBALLERS/lukasz fabianski.jpg,move,not run,
12,/2019 TIDY - CELEBRITY FACEMASKS FINAL 7200 IMAGES/lukasz-fabianski 2.jpg,/2019 TIDY - CELEBRITY FACEMASKS FINAL 7200 IMAGES/2026 FOOTBALLERS/lukasz-fabianski 2.jpg,move,not run,
12,/2019 TIDY - CELEBRITY FACEMASKS FINAL 7200 IMAGES/mark hughes (2).jpg,/2019 TIDY - CELEBRITY FACEMASKS FINAL 7200 IMAGES/2026 FOOTBALLERS/mark hughes (2).jpg,move,not run,
12,/2019 TIDY - CELEBRITY FACEMASKS FINAL 7200 IMAGES/mark viduka.jpg,/2019 TIDY - CELEBRITY FACEMASKS FINAL 7200 IMAGES/2026 FOOTBALLERS/mark viduka.jpg,move,not run,
12,/2019 TIDY - CELEBRITY FACEMASKS FINAL 7200 IMAGES/michael carrick.jpg,/2019 TIDY - CELEBRITY FACEMASKS FINAL 7200 IMAGES/2026 FOOTBALLERS/michael carrick (larger).jpg,duplicate_larger,not run,
12,/2019 TIDY - CELEBRITY FACEMASKS FINAL 7200 IMAGES/mikel-arteta.jpg,/2019 TIDY - CELEBRITY FACEMASKS FINAL 7200 IMAGES/2026 FOOTBALLERS/mikel-arteta.jpg,move,not run,
12,/2019 TIDY - CELEBRITY FACEMASKS FINAL 7200 IMAGES/mikel-john-obi.jpg,/2019 TIDY - CELEBRITY FACEMASKS FINAL 7200 IMAGES/2026 FOOTBALLERS/mikel-john-obi.jpg,move,not run,
12,/2019 TIDY - CELEBRITY FACEMASKS FINAL 7200 IMAGES/mile Jedinak.jpg,/2019 TIDY - CELEBRITY FACEMASKS FINAL 7200 IMAGES/2026 FOOTBALLERS/mile Jedinak.jpg,move,not run,
12,/2019 TIDY - CELEBRITY FACEMASKS FINAL 7200 IMAGES/monreal.jpg,/2019 TIDY - CELEBRITY FACEMASKS FINAL 7200 IMAGES/2026 FOOTBALLERS/monreal.jpg,move,not run,
12,/2019 TIDY - CELEBRITY FACEMASKS FINAL 7200 IMAGES/morata-injury.jpg,/2019 TIDY - CELEBRITY FACEMASKS FINAL 7200 IMAGES/2026 FOOTBALLERS/morata-injury.jpg,move,not run,
12,/2019 TIDY - CELEBRITY FACEMASKS FINAL 7200 IMAGES/moustapha salifou.jpg,/2019 TIDY - CELEBRITY FACEMASKS FINAL 7200 IMAGES/2026 FOOTBALLERS/moustapha salifou.jpg,move,not run,
12,/2019 TIDY - CELEBRITY FACEMASKS FINAL 7200 IMAGES/nicklas bendtner.jpg,/2019 TIDY - CELEBRITY FACEMASKS FINAL 7200 IMAGES/2026 FOOTBALLERS/nicklas bendtner.jpg,move,not run,
12,/2019 TIDY - CELEBRITY FACEMASKS FINAL 7200 IMAGES/nobby Styles.jpg,/2019 TIDY - CELEBRITY FACEMASKS FINAL 7200 IMAGES/2026 FOOTBALLERS/nobby Styles.jpg,move,not run,
12,/2019 TIDY - CELEBRITY FACEMASKS FINAL 7200 IMAGES/paul parker world cup 90.jpg,/2019 TIDY - CELEBRITY FACEMASKS FINAL 7200 IMAGES/2026 FOOTBALLERS/paul parker world cup 90.jpg,move,not run,
12,/2019 TIDY - CELEBRITY FACEMASKS FINAL 7200 IMAGES/paul-mcgrath.jpg,/2019 TIDY - CELEBRITY FACEMASKS FINAL 7200 IMAGES/2026 FOOTBALLERS/paul-mcgrath.jpg,move,not run,
12,/2019 TIDY - CELEBRITY FACEMASKS FINAL 7200 IMAGES/ruud van nistelrooy cartoon.jpg,/2019 TIDY - CELEBRITY FACEMASKS FINAL 7200 IMAGES/2026 FOOTBALLERS/ruud van nistelrooy cartoon.jpg,move,not run,
12,/2019 TIDY - CELEBRITY FACEMASKS FINAL 7200 IMAGES/steven gerrard cartoon.jpg,/2019 TIDY - CELEBRITY FACEMASKS FINAL 7200 IMAGES/2026 FOOTBALLERS/steven gerrard cartoon.jpg,move,not run,
12,/2019 TIDY - CELEBRITY FACEMASKS FINAL 7200 IMAGES/thierry henry cartoon mask.jpg,/2019 TIDY - CELEBRITY FACEMASKS FINAL 7200 IMAGES/2026 FOOTBALLERS/thierry henry cartoon mask.jpg,move,not run,
12,/2019 TIDY - CELEBRITY FACEMASKS FINAL 7200 IMAGES/Antonio Banderas.jpg,/2019 TIDY - CELEBRITY FACEMASKS FINAL 7200 IMAGES/2026 MOVIE STARS/Antonio Banderas (larger).jpg,duplicate_larger,not run,
12,/2019 TIDY - CELEBRITY FACEMASKS FINAL 7200 IMAGES/BRICKTOP - ALAN FORD.jpg,/2019 TIDY - CELEBRITY FACEMASKS FINAL 7200 IMAGES/2026 MOVIE STARS/BRICKTOP - ALAN FORD.jpg,move,not run,
12,/2019 TIDY - CELEBRITY FACEMASKS FINAL 7200 IMAGES/Bruce_Lee_Movie_2016__74902.jpg,/2019 TIDY - CELEBRITY FACEMASKS FINAL 7200 IMAGES/2026 MOVIE STARS/Bruce_Lee_Movie_2016__74902.jpg,move,not run,
12,/2019 TIDY - CELEBRITY FACEMASKS FINAL 7200 IMAGES/Daniel Kaluuya.jpg,/2019 TIDY - CELEBRITY FACEMASKS FINAL 7200 IMAGES/2026 MOVIE STARS/Daniel Kaluuya.jpg,move,not run,
12,/2019 TIDY - CELEBRITY FACEMASKS FINAL 7200 IMAGES/Desomd llewellin.jpg,/2019 TIDY - CELEBRITY FACEMASKS FINAL 7200 IMAGES/2026 MOVIE STARS/Desomd llewellin.jpg,move,not run,
12,/2019 TIDY - CELEBRITY FACEMASKS FINAL 7200 IMAGES/Drax_Marvel_Guardians_Of_The_Galaxy_Party_Face_Mask_buy_star_masks_at_starstills__25368.1427217203.1280.1280.jpg,/2019 TIDY - CELEBRITY FACEMASKS FINAL 7200 IMAGES/2026 MOVIE STARS/Drax_Marvel_Guardians_Of_The_Galaxy_Party_Face_Mask_buy_star_masks_at_starstills__25368.1427217203.1280.1280.jpg,move,not run,
12,/2019 TIDY - CELEBRITY FACEMASKS FINAL 7200 IMAGES/Elizabeth Olsen 2023.jpg,/2019 TIDY - CELEBRITY FACEMASKS FINAL 7200 IMAGES/2026 MOVIE STARS/Elizabeth Olsen 2023.jpg,move,not run,
12,/2019 TIDY - CELEBRITY FACEMASKS FINAL 7200 IMAGES/Elizabeth Taylor 2 small.jpg,/2019 TIDY - CELEBRITY FACEMASKS FINAL 7200 IMAGES/2026 MOVIE STARS/Elizabeth Taylor 2 small (larger).jpg,duplicate_larger,not run,
12,/2019 TIDY - CELEBRITY FACEMASKS FINAL 7200 IMAGES/Felicity Jones.jpg,/2019 TIDY - CELEBRITY FACEMASKS FINAL 7200 IMAGES/2026 MOVIE STARS/Felicity Jones.jpg,move,not run,
12,/2019 TIDY - CELEBRITY FACEMASKS FINAL 7200 IMAGES/Fiona Fullerton.jpg,/2019 TIDY - CELEBRITY FACEMASKS FINAL 7200 IMAGES/2026 MOVIE STARS/Fiona Fullerton.jpg,move,not run,
12,/2019 TIDY - CELEBRITY FACEMASKS FINAL 7200 IMAGES/Forrest Whittaker.JPG,/2019 TIDY - CELEBRITY FACEMASKS FINAL 7200 IMAGES/2026 MOVIE STARS/Forrest Whittaker.JPG,move,not run,
12,/2019 TIDY - CELEBRITY FACEMASKS FINAL 7200 IMAGES/Frances O’Connor.jpg,/2019 TIDY - CELEBRITY FACEMASKS FINAL 7200 IMAGES/2026 MOVIE STARS/Frances O’Connor.jpg,move,not run,
12,/2019 TIDY - CELEBRITY FACEMASKS FINAL 7200 IMAGES/GAL GADOT.png,/2019 TIDY - CELEBRITY FACEMASKS FINAL 7200 IMAGES/2026 MOVIE STARS/GAL GADOT.png,move,not run,
12,/2019 TIDY - CELEBRITY FACEMASKS FINAL 7200 IMAGES/Gabriella Wilde.jpg,/2019 TIDY - CELEBRITY FACEMASKS FINAL 7200 IMAGES/2026 MOVIE STARS/Gabriella Wilde.jpg,move,not run,
12,/2019 TIDY - CELEBRITY FACEMASKS FINAL 7200 IMAGES/Gaia Weiss.jpg,/2019 TIDY - CELEBRITY FACEMASKS FINAL 7200 IMAGES/2026 MOVIE STARS/Gaia Weiss.jpg,move,not run,
12,/2019 TIDY - CELEBRITY FACEMASKS FINAL 7200 IMAGES/Gaite Jansen.jpg,/2019 TIDY - CELEBRITY FACEMASKS FINAL 7200 IMAGES/2026 MOVIE STARS/Gaite Jansen.jpg,move,not run,
12,/2019 TIDY - CELEBRITY FACEMASKS FINAL 7200 IMAGES/Gamora_Marvel_Guardians_Of_The_Galaxy_Party_Face_Mask_buy_star_masks_at_starstills__80167.1427276299.1280.1280.jpg,/2019 TIDY - CELEBRITY FACEMASKS FINAL 7200 IMAGES/2026 MOVIE STARS/Gamora_Marvel_Guardians_Of_The_Galaxy_Party_Face_Mask_buy_star_masks_at_starstills__80167.1427276299.1280.1280.jpg,move,not run,
12,/2019 TIDY - CELEBRITY FACEMASKS FINAL 7200 IMAGES/Gerard-Depardieu.jpg,/2019 TIDY - CELEBRITY FACEMASKS FINAL 7200 IMAGES/2026 MOVIE STARS/Gerard-Depardieu.jpg,move,not run,
12,/2019 TIDY - CELEBRITY FACEMASKS FINAL 7200 IMAGES/Gina Carano.jpg,/2019 TIDY - CELEBRITY FACEMASKS FINAL 7200 IMAGES/2026 MOVIE STARS/Gina Carano.jpg,move,not run,
12,/2019 TIDY - CELEBRITY FACEMASKS FINAL 7200 IMAGES/Glen_Powell_top_gun_maverick.jpg,/2019 TIDY - CELEBRITY FACEMASKS FINAL 7200 IMAGES/2026 MOVIE STARS/Glen_Powell_top_gun_maverick.jpg,move,not run,
12,/2019 TIDY - CELEBRITY FACEMASKS FINAL 7200 IMAGES/HENRY CAVILL (3).jpg,/2019 TIDY - CELEBRITY FACEMASKS FINAL 7200 IMAGES/2026 MOVIE STARS/HENRY CAVILL (3).jpg,move,not run,
12,/2019 TIDY - CELEBRITY FACEMASKS FINAL 7200 IMAGES/GILDEROY LOCKHART.jpg,/2019 TIDY - CELEBRITY FACEMASKS FINAL 7200 IMAGES/2026 MOVIE STARS/Harry Potter/GILDEROY LOCKHART.jpg,move,not run,
12,/2019 TIDY - CELEBRITY FACEMASKS FINAL 7200 IMAGES/Horace Slughorn.jpg,/2019 TIDY - CELEBRITY FACEMASKS FINAL 7200 IMAGES/2026 MOVIE STARS/Harry Potter/Horace Slughorn.jpg,move,not run,
12,/2019 TIDY - CELEBRITY FACEMASKS FINAL 7200 IMAGES/Igor Karkaroff.jpg,/2019 TIDY - CELEBRITY FACEMASKS FINAL 7200 IMAGES/2026 MOVIE STARS/Harry Potter/Igor Karkaroff.jpg,move,not run,
12,/2019 TIDY - CELEBRITY FACEMASKS FINAL 7200 IMAGES/James Oliver Phelps.jpg,/2019 TIDY - CELEBRITY FACEMASKS FINAL 7200 IMAGES/2026 MOVIE STARS/Harry Potter/James Oliver Phelps.jpg,move,not run,
12,/2019 TIDY - CELEBRITY FACEMASKS FINAL 7200 IMAGES/Loona Lovegood.PNG,/2019 TIDY - CELEBRITY FACEMASKS FINAL 7200 IMAGES/2026 MOVIE STARS/Harry Potter/Loona Lovegood.PNG,move,not run,
12,/2019 TIDY - CELEBRITY FACEMASKS FINAL 7200 IMAGES/Mad Eye Moody - Harry Potter.jpg,/2019 TIDY - CELEBRITY FACEMASKS FINAL 7200 IMAGES/2026 MOVIE STARS/Harry Potter/Mad Eye Moody - Harry Potter.jpg,move,not run,
12,/2019 TIDY - CELEBRITY FACEMASKS FINAL 7200 IMAGES/Matthew Lewis Neville Longbottom.jpg,/2019 TIDY - CELEBRITY FACEMASKS FINAL 7200 IMAGES/2026 MOVIE STARS/Harry Potter/Matthew Lewis Neville Longbottom.jpg,move,not run,
12,/2019 TIDY - CELEBRITY FACEMASKS FINAL 7200 IMAGES/Michael Gambon.JPG,/2019 TIDY - CELEBRITY FACEMASKS FINAL 7200 IMAGES/2026 MOVIE STARS/Harry Potter/Michael Gambon.JPG,move,not run,
12,/2019 TIDY - CELEBRITY FACEMASKS FINAL 7200 IMAGES/Neville Longbottom Young.jpg,/2019 TIDY - CELEBRITY FACEMASKS FINAL 7200 IMAGES/2026 MOVIE STARS/Harry Potter/Neville Longbottom Young.jpg,move,not run,
12,/2019 TIDY - CELEBRITY FACEMASKS FINAL 7200 IMAGES/Nymphadora Tonks - harry Potter.png,/2019 TIDY - CELEBRITY FACEMASKS FINAL 7200 IMAGES/2026 MOVIE STARS/Harry Potter/Nymphadora Tonks - harry Potter.png,move,not run,
12,/2019 TIDY - CELEBRITY FACEMASKS FINAL 7200 IMAGES/Olumpe maxime.jpg,/2019 TIDY - CELEBRITY FACEMASKS FINAL 7200 IMAGES/2026 MOVIE STARS/Harry Potter/Olumpe maxime.jpg,move,not run,
12,/2019 TIDY - CELEBRITY FACEMASKS FINAL 7200 IMAGES/Quirrel.jpg,/2019 TIDY - CELEBRITY FACEMASKS FINAL 7200 IMAGES/2026 MOVIE STARS/Harry Potter/Quirrel.jpg,move,not run,
12,/2019 TIDY - CELEBRITY FACEMASKS FINAL 7200 IMAGES/rupert Grint 2.jpg,/2019 TIDY - CELEBRITY FACEMASKS FINAL 7200 IMAGES/2026 MOVIE STARS/Harry Potter/rupert Grint 2.jpg,variant,not run,
12,/2019 TIDY - CELEBRITY FACEMASKS FINAL 7200 IMAGES/Hayden Christianson.jpg,/2019 TIDY - CELEBRITY FACEMASKS FINAL 7200 IMAGES/2026 MOVIE STARS/Hayden Christianson.jpg,move,not run,
12,/2019 TIDY - CELEBRITY FACEMASKS FINAL 7200 IMAGES/Helen Hunt NEW.jpg,/2019 TIDY - CELEBRITY FACEMASKS FINAL 7200 IMAGES/2026 MOVIE STARS/Helen Hunt NEW.jpg,move,not run,
12,/2019 TIDY - CELEBRITY FACEMASKS FINAL 7200 IMAGES/Helena Bonham Carter (2).jpg,/2019 TIDY - CELEBRITY FACEMASKS FINAL 7200 IMAGES/2026 MOVIE STARS/Helena Bonham Carter (2).jpg,move,not run,
12,/2019 TIDY - CELEBRITY FACEMASKS FINAL 7200 IMAGES/Henry Cavill Movie stars 2018.jpg,/2019 TIDY - CELEBRITY FACEMASKS FINAL 7200 IMAGES/2026 MOVIE STARS/Henry Cavill Movie stars 2018.jpg,move,not run,
12,/2019 TIDY - CELEBRITY FACEMASKS FINAL 7200 IMAGES/Hugo Drax.jpg,/2019 TIDY - CELEBRITY FACEMASKS FINAL 7200 IMAGES/2026 MOVIE STARS/Hugo Drax.jpg,move,not run,
12,/2019 TIDY - CELEBRITY FACEMASKS FINAL 7200 IMAGES/Imogen Poots.jpg,/2019 TIDY - CELEBRITY FACEMASKS FINAL 7200 IMAGES/2026 MOVIE STARS/Imogen Poots.jpg,move,not run,
12,/2019 TIDY - CELEBRITY FACEMASKS FINAL 7200 IMAGES/India Jones Son.jpg,/2019 TIDY - CELEBRITY FACEMASKS FINAL 7200 IMAGES/2026 MOVIE STARS/India Jones Son.jpg,move,not run,
12,/2019 TIDY - CELEBRITY FACEMASKS FINAL 7200 IMAGES/Inspector Jacques Clouseau - Pink Panther - Peter Sellers.jpg,/2019 TIDY - CELEBRITY FACEMASKS FINAL 7200 IMAGES/2026 MOVIE STARS/Inspector Jacques Clouseau - Pink Panther - Peter Sellers.jpg,move,not run,
12,/2019 TIDY - CELEBRITY FACEMASKS FINAL 7200 IMAGES/Ivanna Sakhno.jpg,/2019 TIDY - CELEBRITY FACEMASKS FINAL 7200 IMAGES/2026 MOVIE STARS/Ivanna Sakhno.jpg,move,not run,
12,/2019 TIDY - CELEBRITY FACEMASKS FINAL 7200 IMAGES/JEFF BRIDGES.jpg,/2019 TIDY - CELEBRITY FACEMASKS FINAL 7200 IMAGES/2026 MOVIE STARS/JEFF BRIDGES.jpg,move,not run,
12,/2019 TIDY - CELEBRITY FACEMASKS FINAL 7200 IMAGES/JEREMY RENNER 90.jpg,/2019 TIDY - CELEBRITY FACEMASKS FINAL 7200 IMAGES/2026 MOVIE STARS/JEREMY RENNER 90.jpg,move,not run,
12,/2019 TIDY - CELEBRITY FACEMASKS FINAL 7200 IMAGES/JOHN HANNAH.jpg,/2019 TIDY - CELEBRITY FACEMASKS FINAL 7200 IMAGES/2026 MOVIE STARS/JOHN HANNAH.jpg,move,not run,
12,/2019 TIDY - CELEBRITY FACEMASKS FINAL 7200 IMAGES/JONNY LEE MILLER.jpg,/2019 TIDY - CELEBRITY FACEMASKS FINAL 7200 IMAGES/2026 MOVIE STARS/JONNY LEE MILLER.jpg,move,not run,
12,/2019 TIDY - CELEBRITY FACEMASKS FINAL 7200 IMAGES/Jake Blues - Blues Brothers - John Belushi.jpg,/2019 TIDY - CELEBRITY FACEMASKS FINAL 7200 IMAGES/2026 MOVIE STARS/Jake Blues - Blues Brothers - John Belushi.jpg,move,not run,
12,/2019 TIDY - CELEBRITY FACEMASKS FINAL 7200 IMAGES/James Marsden.jpg,/2019 TIDY - CELEBRITY FACEMASKS FINAL 7200 IMAGES/2026 MOVIE STARS/James Marsden.jpg,move,not run,
12,/2019 TIDY - CELEBRITY FACEMASKS FINAL 7200 IMAGES/James McAvoy.jpg,/2019 TIDY - CELEBRITY FACEMASKS FINAL 7200 IMAGES/2026 MOVIE STARS/James McAvoy.jpg,move,not run,
12,/2019 TIDY - CELEBRITY FACEMASKS FINAL 7200 IMAGES/James-Franco-58.jpg,/2019 TIDY - CELEBRITY FACEMASKS FINAL 7200 IMAGES/2026 MOVIE STARS/James-Franco-58.jpg,variant,not run,
12,/2019 TIDY - CELEBRITY FACEMASKS FINAL 7200 IMAGES/Jason Momoa 4.jpg,/2019 TIDY - CELEBRITY FACEMASKS FINAL 7200 IMAGES/2026 MOVIE STARS/Jason Momoa 4.jpg,move,not run,
12,/2019 TIDY - CELEBRITY FACEMASKS FINAL 7200 IMAGES/Jason Monmoa.jpg,/2019 TIDY - CELEBRITY FACEMASKS FINAL 7200 IMAGES/2026 MOVIE STARS/Jason Monmoa.jpg,move,not run,
12,/2019 TIDY - CELEBRITY FACEMASKS FINAL 7200 IMAGES/Jason_Momoa.jpg,/2019 TIDY - CELEBRITY FACEMASKS FINAL 7200 IMAGES/2026 MOVIE STARS/Jason_Momoa.jpg,move,not run,
12,/2019 TIDY - CELEBRITY FACEMASKS FINAL 7200 IMAGES/Jayne Mansfield.jpg,/2019 TIDY - CELEBRITY FACEMASKS FINAL 7200 IMAGES/2026 MOVIE STARS/Jayne Mansfield.jpg,move,not run,
12,/2019 TIDY - CELEBRITY FACEMASKS FINAL 7200 IMAGES/Jeanne Tripplehorn.jpg,/2019 TIDY - CELEBRITY FACEMASKS FINAL 7200 IMAGES/2026 MOVIE STARS/Jeanne Tripplehorn.jpg,move,not run,
12,/2019 TIDY - CELEBRITY FACEMASKS FINAL 7200 IMAGES/Jenna Dewan Tatum.jpg,/2019 TIDY - CELEBRITY FACEMASKS FINAL 7200 IMAGES/2026 MOVIE STARS/Jenna Dewan Tatum.jpg,move,not run,
12,/2019 TIDY - CELEBRITY FACEMASKS FINAL 7200 IMAGES/Jeremy Renner (2).jpg,/2019 TIDY - CELEBRITY FACEMASKS FINAL 7200 IMAGES/2026 MOVIE STARS/Jeremy Renner (2).jpg,move,not run,
12,/2019 TIDY - CELEBRITY FACEMASKS FINAL 7200 IMAGES/Jessica Biel.jpg,/2019 TIDY - CELEBRITY FACEMASKS FINAL 7200 IMAGES/2026 MOVIE STARS/Jessica Biel.jpg,move,not run,
12,/2019 TIDY - CELEBRITY FACEMASKS FINAL 7200 IMAGES/Jodie Foster Movie 2016.jpg,/2019 TIDY - CELEBRITY FACEMASKS FINAL 7200 IMAGES/2026 MOVIE STARS/Jodie Foster Movie 2016.jpg,move,not run,
12,/2019 TIDY - CELEBRITY FACEMASKS FINAL 7200 IMAGES/Joel Courtney.jpg,/2019 TIDY - CELEBRITY FACEMASKS FINAL 7200 IMAGES/2026 MOVIE STARS/Joel Courtney.jpg,move,not run,
12,/2019 TIDY - CELEBRITY FACEMASKS FINAL 7200 IMAGES/John Goodman.jpg,/2019 TIDY - CELEBRITY FACEMASKS FINAL 7200 IMAGES/2026 MOVIE STARS/John Goodman.jpg,move,not run,
12,/2019 TIDY - CELEBRITY FACEMASKS FINAL 7200 IMAGES/John Payne.jpg,/2019 TIDY - CELEBRITY FACEMASKS FINAL 7200 IMAGES/2026 MOVIE STARS/John Payne.jpg,move,not run,
12,/2019 TIDY - CELEBRITY FACEMASKS FINAL 7200 IMAGES/John Travolta Pulp Fiction.PNG,/2019 TIDY - CELEBRITY FACEMASKS FINAL 7200 IMAGES/2026 MOVIE STARS/John Travolta Pulp Fiction.PNG,move,not run,
12,/2019 TIDY - CELEBRITY FACEMASKS FINAL 7200 IMAGES/John malcovich mask.jpg,/2019 TIDY - CELEBRITY FACEMASKS FINAL 7200 IMAGES/2026 MOVIE STARS/John malcovich mask.jpg,move,not run,
12,/2019 TIDY - CELEBRITY FACEMASKS FINAL 7200 IMAGES/JohnCorbett.jpg,/2019 TIDY - CELEBRITY FACEMASKS FINAL 7200 IMAGES/2026 MOVIE STARS/JohnCorbett.jpg,move,not run,
12,/2019 TIDY - CELEBRITY FACEMASKS FINAL 7200 IMAGES/JohnHannah02.jpg,/2019 TIDY - CELEBRITY FACEMASKS FINAL 7200 IMAGES/2026 MOVIE STARS/JohnHannah02.jpg,move,not run,
12,/2019 TIDY - CELEBRITY FACEMASKS FINAL 7200 IMAGES/Jon Heder.jpg,/2019 TIDY - CELEBRITY FACEMASKS FINAL 7200 IMAGES/2026 MOVIE STARS/Jon Heder.jpg,move,not run,
12,/2019 TIDY - CELEBRITY FACEMASKS FINAL 7200 IMAGES/Jonathan Lipnicki.jpg,/2019 TIDY - CELEBRITY FACEMASKS FINAL 7200 IMAGES/2026 MOVIE STARS/Jonathan Lipnicki.jpg,move,not run,
12,/2019 TIDY - CELEBRITY FACEMASKS FINAL 7200 IMAGES/Jonathan_Pryce.jpg,/2019 TIDY - CELEBRITY FACEMASKS FINAL 7200 IMAGES/2026 MOVIE STARS/Jonathan_Pryce.jpg,move,not run,
12,/2019 TIDY - CELEBRITY FACEMASKS FINAL 7200 IMAGES/Jordana Brewster Fast & Furious.JPG,/2019 TIDY - CELEBRITY FACEMASKS FINAL 7200 IMAGES/2026 MOVIE STARS/Jordana Brewster Fast & Furious.JPG,move,not run,
12,/2019 TIDY - CELEBRITY FACEMASKS FINAL 7200 IMAGES/Joseph Gordon Levitt.jpg,/2019 TIDY - CELEBRITY FACEMASKS FINAL 7200 IMAGES/2026 MOVIE STARS/Joseph Gordon Levitt.jpg,move,not run,
12,/2019 TIDY - CELEBRITY FACEMASKS FINAL 7200 IMAGES/Josh Brolin.jpg,/2019 TIDY - CELEBRITY FACEMASKS FINAL 7200 IMAGES/2026 MOVIE STARS/Josh Brolin.jpg,move,not run,
12,/2019 TIDY - CELEBRITY FACEMASKS FINAL 7200 IMAGES/Josh Duhamel.jpg,/2019 TIDY - CELEBRITY FACEMASKS FINAL 7200 IMAGES/2026 MOVIE STARS/Josh Duhamel.jpg,move,not run,
12,/2019 TIDY - CELEBRITY FACEMASKS FINAL 7200 IMAGES/Julianna Guill.jpg,/2019 TIDY - CELEBRITY FACEMASKS FINAL 7200 IMAGES/2026 MOVIE STARS/Julianna Guill.jpg,move,not run,
12,/2019 TIDY - CELEBRITY FACEMASKS FINAL 7200 IMAGES/Julianne Hough.jpg,/2019 TIDY - CELEBRITY FACEMASKS FINAL 7200 IMAGES/2026 MOVIE STARS/Julianne Hough.jpg,move,not run,
12,/2019 TIDY - CELEBRITY FACEMASKS FINAL 7200 IMAGES/Juliette Lewis.jpg,/2019 TIDY - CELEBRITY FACEMASKS FINAL 7200 IMAGES/2026 MOVIE STARS/Juliette Lewis.jpg,move,not run,
12,/2019 TIDY - CELEBRITY FACEMASKS FINAL 7200 IMAGES/Justin Bartha.jpg,/2019 TIDY - CELEBRITY FACEMASKS FINAL 7200 IMAGES/2026 MOVIE STARS/Justin Bartha.jpg,move,not run,
12,/2019 TIDY - CELEBRITY FACEMASKS FINAL 7200 IMAGES/KATHERINE HEIGL copy.png,/2019 TIDY - CELEBRITY FACEMASKS FINAL 7200 IMAGES/2026 MOVIE STARS/KATHERINE HEIGL copy.png,move,not run,
12,/2019 TIDY - CELEBRITY FACEMASKS FINAL 7200 IMAGES/KURT RUSSELL IN GUARDIANS OF THE GALAXY 2.jpg,/2019 TIDY - CELEBRITY FACEMASKS FINAL 7200 IMAGES/2026 MOVIE STARS/KURT RUSSELL IN GUARDIANS OF THE GALAXY 2.jpg,move,not run,
12,/2019 TIDY - CELEBRITY FACEMASKS FINAL 7200 IMAGES/Kara Hayward.jpg,/2019 TIDY - CELEBRITY FACEMASKS FINAL 7200 IMAGES/2026 MOVIE STARS/Kara Hayward.jpg,move,not run,
12,/2019 TIDY - CELEBRITY FACEMASKS FINAL 7200 IMAGES/Katniss Everdeen.jpg,/2019 TIDY - CELEBRITY FACEMASKS FINAL 7200 IMAGES/2026 MOVIE STARS/Katniss Everdeen.jpg,move,not run,
12,/2019 TIDY - CELEBRITY FACEMASKS FINAL 7200 IMAGES/Keke Palmer.jpg,/2019 TIDY - CELEBRITY FACEMASKS FINAL 7200 IMAGES/2026 MOVIE STARS/Keke Palmer.jpg,move,not run,
13,/2019 TIDY - CELEBRITY FACEMASKS FINAL 7200 IMAGES/Kellan Lutz.jpg,/2019 TIDY - CELEBRITY FACEMASKS FINAL 7200 IMAGES/2026 MOVIE STARS/Kellan Lutz.jpg,move,not run,
13,/2019 TIDY - CELEBRITY FACEMASKS FINAL 7200 IMAGES/Kiersey Clemons.jpg,/2019 TIDY - CELEBRITY FACEMASKS FINAL 7200 IMAGES/2026 MOVIE STARS/Kiersey Clemons.jpg,move,not run,
13,/2019 TIDY - CELEBRITY FACEMASKS FINAL 7200 IMAGES/King Leonidas-300.jpg,/2019 TIDY - CELEBRITY FACEMASKS FINAL 7200 IMAGES/2026 MOVIE STARS/King Leonidas-300.jpg,move,not run,
13,/2019 TIDY - CELEBRITY FACEMASKS FINAL 7200 IMAGES/Kirsten Stewart.jpg,/2019 TIDY - CELEBRITY FACEMASKS FINAL 7200 IMAGES/2026 MOVIE STARS/Kirsten Stewart.jpg,move,not run,
13,/2019 TIDY - CELEBRITY FACEMASKS FINAL 7200 IMAGES/LACEY CHABERT 2.jpg,/2019 TIDY - CELEBRITY FACEMASKS FINAL 7200 IMAGES/2026 MOVIE STARS/LACEY CHABERT 2.jpg,variant,not run,
13,/2019 TIDY - CELEBRITY FACEMASKS FINAL 7200 IMAGES/Laura Haddock.jpg,/2019 TIDY - CELEBRITY FACEMASKS FINAL 7200 IMAGES/2026 MOVIE STARS/Laura Haddock.jpg,move,not run,
13,/2019 TIDY - CELEBRITY FACEMASKS FINAL 7200 IMAGES/Lauren-Bacall.jpg,/2019 TIDY - CELEBRITY FACEMASKS FINAL 7200 IMAGES/2026 MOVIE STARS/Lauren-Bacall.jpg,move,not run,
13,/2019 TIDY - CELEBRITY FACEMASKS FINAL 7200 IMAGES/Leonardo DiCaprio Laughing Meme.jpg,/2019 TIDY - CELEBRITY FACEMASKS FINAL 7200 IMAGES/2026 MOVIE STARS/Leonardo DiCaprio Laughing Meme.jpg,move,not run,
13,/2019 TIDY - CELEBRITY FACEMASKS FINAL 7200 IMAGES/Leslie Bibb.jpg,/2019 TIDY - CELEBRITY FACEMASKS FINAL 7200 IMAGES/2026 MOVIE STARS/Leslie Bibb.jpg,move,not run,
13,/2019 TIDY - CELEBRITY FACEMASKS FINAL 7200 IMAGES/Lily James 2.jpg,/2019 TIDY - CELEBRITY FACEMASKS FINAL 7200 IMAGES/2026 MOVIE STARS/Lily James 2.jpg,move,not run,
13,/2019 TIDY - CELEBRITY FACEMASKS FINAL 7200 IMAGES/Lily James.jpg,/2019 TIDY - CELEBRITY FACEMASKS FINAL 7200 IMAGES/2026 MOVIE STARS/Lily James.jpg,move,not run,
13,/2019 TIDY - CELEBRITY FACEMASKS FINAL 7200 IMAGES/Lisa Houseman - Dirty Dancing.jpg,/2019 TIDY - CELEBRITY FACEMASKS FINAL 7200 IMAGES/2026 MOVIE STARS/Lisa Houseman - Dirty Dancing.jpg,move,not run,
13,/2019 TIDY - CELEBRITY FACEMASKS FINAL 7200 IMAGES/Liza Soberano.jpg,/2019 TIDY - CELEBRITY FACEMASKS FINAL 7200 IMAGES/2026 MOVIE STARS/Liza Soberano.jpg,move,not run,
13,/2019 TIDY - CELEBRITY FACEMASKS FINAL 7200 IMAGES/Lizzy Caplan.jpg,/2019 TIDY - CELEBRITY FACEMASKS FINAL 7200 IMAGES/2026 MOVIE STARS/Lizzy Caplan (larger).jpg,duplicate_larger,not run,
13,/2019 TIDY - CELEBRITY FACEMASKS FINAL 7200 IMAGES/Lori Petty.jpg,/2019 TIDY - CELEBRITY FACEMASKS FINAL 7200 IMAGES/2026 MOVIE STARS/Lori Petty.jpg,move,not run,
13,/2019 TIDY - CELEBRITY FACEMASKS FINAL 7200 IMAGES/Lucy Liu.jpg,/2019 TIDY - CELEBRITY FACEMASKS FINAL 7200 IMAGES/2026 MOVIE STARS/Lucy Liu.jpg,move,not run,
13,/2019 TIDY - CELEBRITY FACEMASKS FINAL 7200 IMAGES/Luke Sywalker.jpg,/2019 TIDY - CELEBRITY FACEMASKS FINAL 7200 IMAGES/2026 MOVIE STARS/Luke Sywalker.jpg,move,not run,
13,/2019 TIDY - CELEBRITY FACEMASKS FINAL 7200 IMAGES/Lupita Nyongo.jpg,/2019 TIDY - CELEBRITY FACEMASKS FINAL 7200 IMAGES/2026 MOVIE STARS/Lupita Nyongo.jpg,move,not run,
13,/2019 TIDY - CELEBRITY FACEMASKS FINAL 7200 IMAGES/Lupita.jpg,/2019 TIDY - CELEBRITY FACEMASKS FINAL 7200 IMAGES/2026 MOVIE STARS/Lupita.jpg,move,not run,
13,/2019 TIDY - CELEBRITY FACEMASKS FINAL 7200 IMAGES/Lynn Collins.jpg,/2019 TIDY - CELEBRITY FACEMASKS FINAL 7200 IMAGES/2026 MOVIE STARS/Lynn Collins.jpg,move,not run,
13,/2019 TIDY - CELEBRITY FACEMASKS FINAL 7200 IMAGES/MADS MIKKELSEN.jpg,/2019 TIDY - CELEBRITY FACEMASKS FINAL 7200 IMAGES/2026 MOVIE STARS/MADS MIKKELSEN.jpg,move,not run,
13,/2019 TIDY - CELEBRITY FACEMASKS FINAL 7200 IMAGES/MARILYN MONROE JB Actor Movie Tv Celebrity Face Mask.jpg,/2019 TIDY - CELEBRITY FACEMASKS FINAL 7200 IMAGES/2026 MOVIE STARS/MARILYN MONROE JB Actor Movie Tv Celebrity Face Mask.jpg,move,not run,
13,/2019 TIDY - CELEBRITY FACEMASKS FINAL 7200 IMAGES/MICHAEL MYERS MASK NEW-01.jpg,/2019 TIDY - CELEBRITY FACEMASKS FINAL 7200 IMAGES/2026 MOVIE STARS/MICHAEL MYERS MASK NEW-01.jpg,move,not run,
13,/2019 TIDY - CELEBRITY FACEMASKS FINAL 7200 IMAGES/MICHELLE WILLIAMS.jpg,/2019 TIDY - CELEBRITY FACEMASKS FINAL 7200 IMAGES/2026 MOVIE STARS/MICHELLE WILLIAMS.jpg,move,not run,
13,/2019 TIDY - CELEBRITY FACEMASKS FINAL 7200 IMAGES/MILA KUNIS Light.jpg,/2019 TIDY - CELEBRITY FACEMASKS FINAL 7200 IMAGES/2026 MOVIE STARS/MILA KUNIS Light.jpg,move,not run,
13,/2019 TIDY - CELEBRITY FACEMASKS FINAL 7200 IMAGES/MONICA BELLUCCI.JPG,/2019 TIDY - CELEBRITY FACEMASKS FINAL 7200 IMAGES/2026 MOVIE STARS/MONICA BELLUCCI.JPG,move,not run,
13,/2019 TIDY - CELEBRITY FACEMASKS FINAL 7200 IMAGES/Maika Monroe.jpg,/2019 TIDY - CELEBRITY FACEMASKS FINAL 7200 IMAGES/2026 MOVIE STARS/Maika Monroe.jpg,move,not run,
13,/2019 TIDY - CELEBRITY FACEMASKS FINAL 7200 IMAGES/Mamma Mia-Julie Walters__15459.jpg,/2019 TIDY - CELEBRITY FACEMASKS FINAL 7200 IMAGES/2026 MOVIE STARS/Mamma Mia/Mamma Mia-Julie Walters__15459.jpg,move,not run,
13,/2019 TIDY - CELEBRITY FACEMASKS FINAL 7200 IMAGES/Margot Robbie-Barbie.jpg,/2019 TIDY - CELEBRITY FACEMASKS FINAL 7200 IMAGES/2026 MOVIE STARS/Margot Robbie-Barbie.jpg,move,not run,
13,/2019 TIDY - CELEBRITY FACEMASKS FINAL 7200 IMAGES/Mark Addy.jpg,/2019 TIDY - CELEBRITY FACEMASKS FINAL 7200 IMAGES/2026 MOVIE STARS/Mark Addy.jpg,move,not run,
13,/2019 TIDY - CELEBRITY FACEMASKS FINAL 7200 IMAGES/Mark Hamill 2016.jpeg,/2019 TIDY - CELEBRITY FACEMASKS FINAL 7200 IMAGES/2026 MOVIE STARS/Mark Hamill 2016.jpeg,move,not run,
13,/2019 TIDY - CELEBRITY FACEMASKS FINAL 7200 IMAGES/Marlon-Brando-Headshot.jpg,/2019 TIDY - CELEBRITY FACEMASKS FINAL 7200 IMAGES/2026 MOVIE STARS/Marlon-Brando-Headshot.jpg,move,not run,
13,/2019 TIDY - CELEBRITY FACEMASKS FINAL 7200 IMAGES/Mary_Poppins_julie andrews.jpg,/2019 TIDY - CELEBRITY FACEMASKS FINAL 7200 IMAGES/2026 MOVIE STARS/Mary_Poppins_julie andrews.jpg,move,not run,
13,/2019 TIDY - CELEBRITY FACEMASKS FINAL 7200 IMAGES/Mask of Loki-Jim Carrey-The Mask.jpg,/2019 TIDY - CELEBRITY FACEMASKS FINAL 7200 IMAGES/2026 MOVIE STARS/Mask of Loki-Jim Carrey-The Mask.jpg,move,not run,
13,/2019 TIDY - CELEBRITY FACEMASKS FINAL 7200 IMAGES/Max Von Sydow -Game of thrones.png,/2019 TIDY - CELEBRITY FACEMASKS FINAL 7200 IMAGES/2026 MOVIE STARS/Max Von Sydow -Game of thrones.png,move,not run,
13,/2019 TIDY - CELEBRITY FACEMASKS FINAL 7200 IMAGES/Meagan Good.jpg,/2019 TIDY - CELEBRITY FACEMASKS FINAL 7200 IMAGES/2026 MOVIE STARS/Meagan Good.jpg,move,not run,
13,/2019 TIDY - CELEBRITY FACEMASKS FINAL 7200 IMAGES/Meg Ryan.jpg,/2019 TIDY - CELEBRITY FACEMASKS FINAL 7200 IMAGES/2026 MOVIE STARS/Meg Ryan.jpg,move,not run,
13,/2019 TIDY - CELEBRITY FACEMASKS FINAL 7200 IMAGES/Megan Fox.jpg,/2019 TIDY - CELEBRITY FACEMASKS FINAL 7200 IMAGES/2026 MOVIE STARS/Megan Fox.jpg,move,not run,
13,/2019 TIDY - CELEBRITY FACEMASKS FINAL 7200 IMAGES/Melanie Griffith.jpg,/2019 TIDY - CELEBRITY FACEMASKS FINAL 7200 IMAGES/2026 MOVIE STARS/Melanie Griffith.jpg,move,not run,
13,/2019 TIDY - CELEBRITY FACEMASKS FINAL 7200 IMAGES/Merry Brandybuck - LOTR.jpg,/2019 TIDY - CELEBRITY FACEMASKS FINAL 7200 IMAGES/2026 MOVIE STARS/Merry Brandybuck - LOTR.jpg,move,not run,
13,/2019 TIDY - CELEBRITY FACEMASKS FINAL 7200 IMAGES/Michael B Jordan.jpg,/2019 TIDY - CELEBRITY FACEMASKS FINAL 7200 IMAGES/2026 MOVIE STARS/Michael B Jordan.jpg,move,not run,
13,/2019 TIDY - CELEBRITY FACEMASKS FINAL 7200 IMAGES/Michael Cera.jpg,/2019 TIDY - CELEBRITY FACEMASKS FINAL 7200 IMAGES/2026 MOVIE STARS/Michael Cera.jpg,move,not run,
13,/2019 TIDY - CELEBRITY FACEMASKS FINAL 7200 IMAGES/Michael Corleone-The Godfather-Al Pachino.jpg,/2019 TIDY - CELEBRITY FACEMASKS FINAL 7200 IMAGES/2026 MOVIE STARS/Michael Corleone-The Godfather-Al Pachino.jpg,move,not run,
13,/2019 TIDY - CELEBRITY FACEMASKS FINAL 7200 IMAGES/Michael Douglas.jpg,/2019 TIDY - CELEBRITY FACEMASKS FINAL 7200 IMAGES/2026 MOVIE STARS/Michael Douglas.jpg,move,not run,
13,/2019 TIDY - CELEBRITY FACEMASKS FINAL 7200 IMAGES/Michelle Yeoh.jpg,/2019 TIDY - CELEBRITY FACEMASKS FINAL 7200 IMAGES/2026 MOVIE STARS/Michelle Yeoh.jpg,move,not run,
13,/2019 TIDY - CELEBRITY FACEMASKS FINAL 7200 IMAGES/Mickey Rourke.jpg,/2019 TIDY - CELEBRITY FACEMASKS FINAL 7200 IMAGES/2026 MOVIE STARS/Mickey Rourke.jpg,move,not run,
13,/2019 TIDY - CELEBRITY FACEMASKS FINAL 7200 IMAGES/Micky Rourke.jpg,/2019 TIDY - CELEBRITY FACEMASKS FINAL 7200 IMAGES/2026 MOVIE STARS/Micky Rourke.jpg,move,not run,
13,/2019 TIDY - CELEBRITY FACEMASKS FINAL 7200 IMAGES/Miles Teller.jpg,/2019 TIDY - CELEBRITY FACEMASKS FINAL 7200 IMAGES/2026 MOVIE STARS/Miles Teller.jpg,move,not run,
13,/2019 TIDY - CELEBRITY FACEMASKS FINAL 7200 IMAGES/Milla Jovovich TV Stars.jpg,/2019 TIDY - CELEBRITY FACEMASKS FINAL 7200 IMAGES/2026 MOVIE STARS/Milla Jovovich TV Stars.jpg,move,not run,
13,/2019 TIDY - CELEBRITY FACEMASKS FINAL 7200 IMAGES/Milla Jovovich.jpg,/2019 TIDY - CELEBRITY FACEMASKS FINAL 7200 IMAGES/2026 MOVIE STARS/Milla Jovovich.jpg,move,not run,
13,/2019 TIDY - CELEBRITY FACEMASKS FINAL 7200 IMAGES/Miranda Otto.jpg,/2019 TIDY - CELEBRITY FACEMASKS FINAL 7200 IMAGES/2026 MOVIE STARS/Miranda Otto.jpg,move,not run,
13,/2019 TIDY - CELEBRITY FACEMASKS FINAL 7200 IMAGES/Mortedecai.jpg,/2019 TIDY - CELEBRITY FACEMASKS FINAL 7200 IMAGES/2026 MOVIE STARS/Mortedecai.jpg,move,not run,
13,/2019 TIDY - CELEBRITY FACEMASKS FINAL 7200 IMAGES/Natalie Portman.JPG,/2019 TIDY - CELEBRITY FACEMASKS FINAL 7200 IMAGES/2026 MOVIE STARS/Natalie Portman.JPG,move,not run,
13,/2019 TIDY - CELEBRITY FACEMASKS FINAL 7200 IMAGES/Natasha Lyons - Jessica (American Pie).jpg,/2019 TIDY - CELEBRITY FACEMASKS FINAL 7200 IMAGES/2026 MOVIE STARS/Natasha Lyons - Jessica (American Pie).jpg,move,not run,
13,/2019 TIDY - CELEBRITY FACEMASKS FINAL 7200 IMAGES/Nathalie Kelley.jpg,/2019 TIDY - CELEBRITY FACEMASKS FINAL 7200 IMAGES/2026 MOVIE STARS/Nathalie Kelley.jpg,move,not run,
13,/2019 TIDY - CELEBRITY FACEMASKS FINAL 7200 IMAGES/Nia long.jpg,/2019 TIDY - CELEBRITY FACEMASKS FINAL 7200 IMAGES/2026 MOVIE STARS/Nia long.jpg,move,not run,
13,/2019 TIDY - CELEBRITY FACEMASKS FINAL 7200 IMAGES/Nicholas_Hoult.jpg,/2019 TIDY - CELEBRITY FACEMASKS FINAL 7200 IMAGES/2026 MOVIE STARS/Nicholas_Hoult.jpg,move,not run,
13,/2019 TIDY - CELEBRITY FACEMASKS FINAL 7200 IMAGES/Nicola Peltz.jpg,/2019 TIDY - CELEBRITY FACEMASKS FINAL 7200 IMAGES/2026 MOVIE STARS/Nicola Peltz.jpg,move,not run,
13,/2019 TIDY - CELEBRITY FACEMASKS FINAL 7200 IMAGES/Noah Taylor.jpg,/2019 TIDY - CELEBRITY FACEMASKS FINAL 7200 IMAGES/2026 MOVIE STARS/Noah Taylor.jpg,move,not run,
13,/2019 TIDY - CELEBRITY FACEMASKS FINAL 7200 IMAGES/OCTAVIA SPENCER.jpg,/2019 TIDY - CELEBRITY FACEMASKS FINAL 7200 IMAGES/2026 MOVIE STARS/OCTAVIA SPENCER.jpg,move,not run,
13,/2019 TIDY - CELEBRITY FACEMASKS FINAL 7200 IMAGES/ORLANDO BLOOM.jpg,/2019 TIDY - CELEBRITY FACEMASKS FINAL 7200 IMAGES/2026 MOVIE STARS/ORLANDO BLOOM.jpg,move,not run,
13,/2019 TIDY - CELEBRITY FACEMASKS FINAL 7200 IMAGES/OSCAR ISAAC JB.jpg,/2019 TIDY - CELEBRITY FACEMASKS FINAL 7200 IMAGES/2026 MOVIE STARS/OSCAR ISAAC JB.jpg,move,not run,
13,/2019 TIDY - CELEBRITY FACEMASKS FINAL 7200 IMAGES/Old Sarah Connor-The Terminator.jpg,/2019 TIDY - CELEBRITY FACEMASKS FINAL 7200 IMAGES/2026 MOVIE STARS/Old Sarah Connor-The Terminator.jpg,move,not run,
13,/2019 TIDY - CELEBRITY FACEMASKS FINAL 7200 IMAGES/Olesya Rulin.jpg,/2019 TIDY - CELEBRITY FACEMASKS FINAL 7200 IMAGES/2026 MOVIE STARS/Olesya Rulin.jpg,move,not run,
13,/2019 TIDY - CELEBRITY FACEMASKS FINAL 7200 IMAGES/Olga_Kurylenko.JPG,/2019 TIDY - CELEBRITY FACEMASKS FINAL 7200 IMAGES/2026 MOVIE STARS/Olga_Kurylenko (larger).JPG,duplicate_larger,not run,
13,/2019 TIDY - CELEBRITY FACEMASKS FINAL 7200 IMAGES/Paddy Considine.jpg,/2019 TIDY - CELEBRITY FACEMASKS FINAL 7200 IMAGES/2026 MOVIE STARS/Paddy Considine.jpg,move,not run,
13,/2019 TIDY - CELEBRITY FACEMASKS FINAL 7200 IMAGES/Patricia Arquette.jpg,/2019 TIDY - CELEBRITY FACEMASKS FINAL 7200 IMAGES/2026 MOVIE STARS/Patricia Arquette.jpg,move,not run,
13,/2019 TIDY - CELEBRITY FACEMASKS FINAL 7200 IMAGES/Patrick Wilson (2).jpg,/2019 TIDY - CELEBRITY FACEMASKS FINAL 7200 IMAGES/2026 MOVIE STARS/Patrick Wilson (2).jpg,move,not run,
13,/2019 TIDY - CELEBRITY FACEMASKS FINAL 7200 IMAGES/Paula Patton.jpg,/2019 TIDY - CELEBRITY FACEMASKS FINAL 7200 IMAGES/2026 MOVIE STARS/Paula Patton.jpg,move,not run,
13,/2019 TIDY - CELEBRITY FACEMASKS FINAL 7200 IMAGES/Pete Postlethwaite.jpg,/2019 TIDY - CELEBRITY FACEMASKS FINAL 7200 IMAGES/2026 MOVIE STARS/Pete Postlethwaite.jpg,move,not run,
13,/2019 TIDY - CELEBRITY FACEMASKS FINAL 7200 IMAGES/Peter Lawford.jpg,/2019 TIDY - CELEBRITY FACEMASKS FINAL 7200 IMAGES/2026 MOVIE STARS/Peter Lawford.jpg,move,not run,
13,/2019 TIDY - CELEBRITY FACEMASKS FINAL 7200 IMAGES/Phil Wenneck-bradley_cooper.jpg,/2019 TIDY - CELEBRITY FACEMASKS FINAL 7200 IMAGES/2026 MOVIE STARS/Phil Wenneck-bradley_cooper.jpg,move,not run,
13,/2019 TIDY - CELEBRITY FACEMASKS FINAL 7200 IMAGES/Pippin Took - LOTR.jpg,/2019 TIDY - CELEBRITY FACEMASKS FINAL 7200 IMAGES/2026 MOVIE STARS/Pippin Took - LOTR.jpg,move,not run,
13,/2019 TIDY - CELEBRITY FACEMASKS FINAL 7200 IMAGES/Pulp-Fiction-444.jpg,/2019 TIDY - CELEBRITY FACEMASKS FINAL 7200 IMAGES/2026 MOVIE STARS/Pulp-Fiction-444.jpg,move,not run,
13,/2019 TIDY - CELEBRITY FACEMASKS FINAL 7200 IMAGES/Quentin Tarantino.jpg,/2019 TIDY - CELEBRITY FACEMASKS FINAL 7200 IMAGES/2026 MOVIE STARS/Quentin Tarantino.jpg,move,not run,
13,/2019 TIDY - CELEBRITY FACEMASKS FINAL 7200 IMAGES/Richard_Attenborough_jurassic_park__27638.jpg,/2019 TIDY - CELEBRITY FACEMASKS FINAL 7200 IMAGES/2026 MOVIE STARS/Richard_Attenborough_jurassic_park__27638.jpg,move,not run,
13,/2019 TIDY - CELEBRITY FACEMASKS FINAL 7200 IMAGES/Sarah Connor-Terminator 2.jpg,/2019 TIDY - CELEBRITY FACEMASKS FINAL 7200 IMAGES/2026 MOVIE STARS/Sarah Connor-Terminator 2.jpg,move,not run,
13,/2019 TIDY - CELEBRITY FACEMASKS FINAL 7200 IMAGES/Sarah Connor-The Terminator.jpg,/2019 TIDY - CELEBRITY FACEMASKS FINAL 7200 IMAGES/2026 MOVIE STARS/Sarah Connor-The Terminator.jpg,move,not run,
13,/2019 TIDY - CELEBRITY FACEMASKS FINAL 7200 IMAGES/Jigsaw - Saw Puppet.jpg,/2019 TIDY - CELEBRITY FACEMASKS FINAL 7200 IMAGES/2026 MOVIE STARS/Saw/Jigsaw - Saw Puppet.jpg,move,not run,
13,/2019 TIDY - CELEBRITY FACEMASKS FINAL 7200 IMAGES/Simon Pegg _Shaun of the Dead.jpg,/2019 TIDY - CELEBRITY FACEMASKS FINAL 7200 IMAGES/2026 MOVIE STARS/Simon Pegg _Shaun of the Dead.jpg,move,not run,
13,/2019 TIDY - CELEBRITY FACEMASKS FINAL 7200 IMAGES/Tom Holland.jpg,/2019 TIDY - CELEBRITY FACEMASKS FINAL 7200 IMAGES/2026 MOVIE STARS/Spider man/Tom Holland.jpg,move,not run,
13,/2019 TIDY - CELEBRITY FACEMASKS FINAL 7200 IMAGES/The Grinch-Jim Carrey.jpg,/2019 TIDY - CELEBRITY FACEMASKS FINAL 7200 IMAGES/2026 MOVIE STARS/The Grinch-Jim Carrey.jpg,move,not run,
13,/2019 TIDY - CELEBRITY FACEMASKS FINAL 7200 IMAGES/Timothee Chalemet JB.jpg,/2019 TIDY - CELEBRITY FACEMASKS FINAL 7200 IMAGES/2026 MOVIE STARS/Timothee Chalemet JB.jpg,move,not run,
13,/2019 TIDY - CELEBRITY FACEMASKS FINAL 7200 IMAGES/Uma Thurman-2.jpg,/2019 TIDY - CELEBRITY FACEMASKS FINAL 7200 IMAGES/2026 MOVIE STARS/Uma Thurman-2.jpg,variant,not run,
13,/2019 TIDY - CELEBRITY FACEMASKS FINAL 7200 IMAGES/Will Smith Bad Boys.jpg,/2019 TIDY - CELEBRITY FACEMASKS FINAL 7200 IMAGES/2026 MOVIE STARS/Will Smith Bad Boys.jpg,move,not run,
13,/2019 TIDY - CELEBRITY FACEMASKS FINAL 7200 IMAGES/Zoey Saldaña.jpg,/2019 TIDY - CELEBRITY FACEMASKS FINAL 7200 IMAGES/2026 MOVIE STARS/Zoey Saldaña.jpg,move,not run,
13,/2019 TIDY - CELEBRITY FACEMASKS FINAL 7200 IMAGES/ernie hudson.jpg,/2019 TIDY - CELEBRITY FACEMASKS FINAL 7200 IMAGES/2026 MOVIE STARS/ernie hudson.jpg,move,not run,
13,/2019 TIDY - CELEBRITY FACEMASKS FINAL 7200 IMAGES/erol-flynn.jpg,/2019 TIDY - CELEBRITY FACEMASKS FINAL 7200 IMAGES/2026 MOVIE STARS/erol-flynn.jpg,move,not run,
13,/2019 TIDY - CELEBRITY FACEMASKS FINAL 7200 IMAGES/faye dunaway.jpg,/2019 TIDY - CELEBRITY FACEMASKS FINAL 7200 IMAGES/2026 MOVIE STARS/faye dunaway.jpg,move,not run,
13,/2019 TIDY - CELEBRITY FACEMASKS FINAL 7200 IMAGES/gary cooper.jpg,/2019 TIDY - CELEBRITY FACEMASKS FINAL 7200 IMAGES/2026 MOVIE STARS/gary cooper.jpg,move,not run,
13,/2019 TIDY - CELEBRITY FACEMASKS FINAL 7200 IMAGES/gene kelly.jpg,/2019 TIDY - CELEBRITY FACEMASKS FINAL 7200 IMAGES/2026 MOVIE STARS/gene kelly.jpg,move,not run,
13,/2019 TIDY - CELEBRITY FACEMASKS FINAL 7200 IMAGES/glenn close.jpg,/2019 TIDY - CELEBRITY FACEMASKS FINAL 7200 IMAGES/2026 MOVIE STARS/glenn close.jpg,move,not run,
13,/2019 TIDY - CELEBRITY FACEMASKS FINAL 7200 IMAGES/goldie hawn.jpg,/2019 TIDY - CELEBRITY FACEMASKS FINAL 7200 IMAGES/2026 MOVIE STARS/goldie hawn.jpg,move,not run,
13,/2019 TIDY - CELEBRITY FACEMASKS FINAL 7200 IMAGES/harold_ramis_h_2016.jpg,/2019 TIDY - CELEBRITY FACEMASKS FINAL 7200 IMAGES/2026 MOVIE STARS/harold_ramis_h_2016.jpg,move,not run,
13,/2019 TIDY - CELEBRITY FACEMASKS FINAL 7200 IMAGES/harvey-weinstein__01645.jpg,/2019 TIDY - CELEBRITY FACEMASKS FINAL 7200 IMAGES/2026 MOVIE STARS/harvey-weinstein__01645.jpg,move,not run,
13,/2019 TIDY - CELEBRITY FACEMASKS FINAL 7200 IMAGES/henry fonda.jpg,/2019 TIDY - CELEBRITY FACEMASKS FINAL 7200 IMAGES/2026 MOVIE STARS/henry fonda.jpg,move,not run,
13,/2019 TIDY - CELEBRITY FACEMASKS FINAL 7200 IMAGES/hilary swank.jpg,/2019 TIDY - CELEBRITY FACEMASKS FINAL 7200 IMAGES/2026 MOVIE STARS/hilary swank.jpg,move,not run,
13,/2019 TIDY - CELEBRITY FACEMASKS FINAL 7200 IMAGES/holly hunter.jpg,/2019 TIDY - CELEBRITY FACEMASKS FINAL 7200 IMAGES/2026 MOVIE STARS/holly hunter.jpg,move,not run,
13,/2019 TIDY - CELEBRITY FACEMASKS FINAL 7200 IMAGES/hugo weaving.jpg,/2019 TIDY - CELEBRITY FACEMASKS FINAL 7200 IMAGES/2026 MOVIE STARS/hugo weaving.jpg,move,not run,
13,/2019 TIDY - CELEBRITY FACEMASKS FINAL 7200 IMAGES/ingrid-bergman.jpg,/2019 TIDY - CELEBRITY FACEMASKS FINAL 7200 IMAGES/2026 MOVIE STARS/ingrid-bergman.jpg,move,not run,
14,/2019 TIDY - CELEBRITY FACEMASKS FINAL 7200 IMAGES/jaimie alexander.jpg,/2019 TIDY - CELEBRITY FACEMASKS FINAL 7200 IMAGES/2026 MOVIE STARS/jaimie alexander.jpg,move,not run,
14,/2019 TIDY - CELEBRITY FACEMASKS FINAL 7200 IMAGES/james patrick stewart.jpg,/2019 TIDY - CELEBRITY FACEMASKS FINAL 7200 IMAGES/2026 MOVIE STARS/james patrick stewart.jpg,move,not run,
14,/2019 TIDY - CELEBRITY FACEMASKS FINAL 7200 IMAGES/javier bardem.jpg,/2019 TIDY - CELEBRITY FACEMASKS FINAL 7200 IMAGES/2026 BOND ACTOR PACK F/javier bardem (larger).jpg,duplicate_larger,not run,
14,/2019 TIDY - CELEBRITY FACEMASKS FINAL 7200 IMAGES/jessica alba 2.jpg,/2019 TIDY - CELEBRITY FACEMASKS FINAL 7200 IMAGES/2026 MOVIE STARS/jessica alba 2.jpg,variant,not run,
14,/2019 TIDY - CELEBRITY FACEMASKS FINAL 7200 IMAGES/joaquin-phoenix.jpg,/2019 TIDY - CELEBRITY FACEMASKS FINAL 7200 IMAGES/2026 MOVIE STARS/joaquin-phoenix.jpg,move,not run,
14,/2019 TIDY - CELEBRITY FACEMASKS FINAL 7200 IMAGES/john carroll lynch 2016.jpg,/2019 TIDY - CELEBRITY FACEMASKS FINAL 7200 IMAGES/2026 MOVIE STARS/john carroll lynch 2016.jpg,move,not run,
14,/2019 TIDY - CELEBRITY FACEMASKS FINAL 7200 IMAGES/john-boyega.jpg,/2019 TIDY - CELEBRITY FACEMASKS FINAL 7200 IMAGES/2026 MOVIE STARS/john-boyega.jpg,move,not run,
14,/2019 TIDY - CELEBRITY FACEMASKS FINAL 7200 IMAGES/john-wayne_fixed.png,/2019 TIDY - CELEBRITY FACEMASKS FINAL 7200 IMAGES/2026 MOVIE STARS/john-wayne_fixed.png,move,not run,
14,/2019 TIDY - CELEBRITY FACEMASKS FINAL 7200 IMAGES/jon voight.jpg,/2019 TIDY - CELEBRITY FACEMASKS FINAL 7200 IMAGES/2026 MOVIE STARS/jon voight.jpg,move,not run,
14,/2019 TIDY - CELEBRITY FACEMASKS FINAL 7200 IMAGES/josh hartnett.jpg,/2019 TIDY - CELEBRITY FACEMASKS FINAL 7200 IMAGES/2026 MOVIE STARS/josh hartnett.jpg,move,not run,
14,/2019 TIDY - CELEBRITY FACEMASKS FINAL 7200 IMAGES/josh-hutcherson.jpg,/2019 TIDY - CELEBRITY FACEMASKS FINAL 7200 IMAGES/2026 MOVIE STARS/josh-hutcherson.jpg,move,not run,
14,/2019 TIDY - CELEBRITY FACEMASKS FINAL 7200 IMAGES/julianne moore .jpg,/2019 TIDY - CELEBRITY FACEMASKS FINAL 7200 IMAGES/2026 MOVIE STARS/julianne moore  (larger).jpg,duplicate_larger,not run,
14,/2019 TIDY - CELEBRITY FACEMASKS FINAL 7200 IMAGES/kate Beckinsale Movie 2016.jpg,/2019 TIDY - CELEBRITY FACEMASKS FINAL 7200 IMAGES/2026 MOVIE STARS/kate Beckinsale Movie 2016.jpg,move,not run,
14,/2019 TIDY - CELEBRITY FACEMASKS FINAL 7200 IMAGES/katherine-heigl2.jpg,/2019 TIDY - CELEBRITY FACEMASKS FINAL 7200 IMAGES/2026 MOVIE STARS/katherine-heigl2.jpg,move,not run,
14,/2019 TIDY - CELEBRITY FACEMASKS FINAL 7200 IMAGES/kathy bates.jpg,/2019 TIDY - CELEBRITY FACEMASKS FINAL 7200 IMAGES/2026 MOVIE STARS/kathy bates.jpg,move,not run,
14,/2019 TIDY - CELEBRITY FACEMASKS FINAL 7200 IMAGES/kellen lutz.jpg,/2019 TIDY - CELEBRITY FACEMASKS FINAL 7200 IMAGES/2026 MOVIE STARS/kellen lutz.jpg,move,not run,
14,/2019 TIDY - CELEBRITY FACEMASKS FINAL 7200 IMAGES/lake bell.jpg,/2019 TIDY - CELEBRITY FACEMASKS FINAL 7200 IMAGES/2026 MOVIE STARS/lake bell.jpg,move,not run,
14,/2019 TIDY - CELEBRITY FACEMASKS FINAL 7200 IMAGES/lakeith stanfield.jpg,/2019 TIDY - CELEBRITY FACEMASKS FINAL 7200 IMAGES/2026 MOVIE STARS/lakeith stanfield.jpg,move,not run,
14,/2019 TIDY - CELEBRITY FACEMASKS FINAL 7200 IMAGES/lloyd_christmas_dumb_n_dumber_jim carey.jpg,/2019 TIDY - CELEBRITY FACEMASKS FINAL 7200 IMAGES/2026 MOVIE STARS/lloyd_christmas_dumb_n_dumber_jim carey.jpg,move,not run,
14,/2019 TIDY - CELEBRITY FACEMASKS FINAL 7200 IMAGES/lois maxwell.jpg,/2019 TIDY - CELEBRITY FACEMASKS FINAL 7200 IMAGES/2026 MOVIE STARS/lois maxwell.jpg,move,not run,
14,/2019 TIDY - CELEBRITY FACEMASKS FINAL 7200 IMAGES/malcolm-mcdowell-03.jpg,/2019 TIDY - CELEBRITY FACEMASKS FINAL 7200 IMAGES/2026 MOVIE STARS/malcolm-mcdowell-03.jpg,move,not run,
14,/2019 TIDY - CELEBRITY FACEMASKS FINAL 7200 IMAGES/marion cotillard.jpg,/2019 TIDY - CELEBRITY FACEMASKS FINAL 7200 IMAGES/2026 MOVIE STARS/marion cotillard.jpg,move,not run,
14,/2019 TIDY - CELEBRITY FACEMASKS FINAL 7200 IMAGES/mark ruffallo.jpg,/2019 TIDY - CELEBRITY FACEMASKS FINAL 7200 IMAGES/2026 MOVIE STARS/mark ruffallo.jpg,move,not run,
14,/2019 TIDY - CELEBRITY FACEMASKS FINAL 7200 IMAGES/mark strong.jpg,/2019 TIDY - CELEBRITY FACEMASKS FINAL 7200 IMAGES/2026 MOVIE STARS/mark strong.jpg,move,not run,
14,/2019 TIDY - CELEBRITY FACEMASKS FINAL 7200 IMAGES/marlon brando.jpg,/2019 TIDY - CELEBRITY FACEMASKS FINAL 7200 IMAGES/2026 MOVIE STARS/marlon brando.jpg,move,not run,
14,/2019 TIDY - CELEBRITY FACEMASKS FINAL 7200 IMAGES/matthew McMonaughey.jpg,/2019 TIDY - CELEBRITY FACEMASKS FINAL 7200 IMAGES/2026 MOVIE STARS/matthew McMonaughey.jpg,move,not run,
14,/2019 TIDY - CELEBRITY FACEMASKS FINAL 7200 IMAGES/mel_gibson_3__94603.jpg,/2019 TIDY - CELEBRITY FACEMASKS FINAL 7200 IMAGES/2026 MOVIE STARS/mel_gibson_3__94603.jpg,variant,not run,
14,/2019 TIDY - CELEBRITY FACEMASKS FINAL 7200 IMAGES/miriam margolyes.jpg,/2019 TIDY - CELEBRITY FACEMASKS FINAL 7200 IMAGES/2026 MOVIE STARS/miriam margolyes.jpg,move,not run,
14,/2019 TIDY - CELEBRITY FACEMASKS FINAL 7200 IMAGES/newt scamander.jpg,/2019 TIDY - CELEBRITY FACEMASKS FINAL 7200 IMAGES/2026 MOVIE STARS/newt scamander.jpg,move,not run,
14,/2019 TIDY - CELEBRITY FACEMASKS FINAL 7200 IMAGES/nicolas hoult.jpg,/2019 TIDY - CELEBRITY FACEMASKS FINAL 7200 IMAGES/2026 MOVIE STARS/nicolas hoult.jpg,move,not run,
14,/2019 TIDY - CELEBRITY FACEMASKS FINAL 7200 IMAGES/olivia de havilland.jpg,/2019 TIDY - CELEBRITY FACEMASKS FINAL 7200 IMAGES/2026 MOVIE STARS/olivia de havilland.jpg,move,not run,
14,/2019 TIDY - CELEBRITY FACEMASKS FINAL 7200 IMAGES/olivia-munn 2016.jpg,/2019 TIDY - CELEBRITY FACEMASKS FINAL 7200 IMAGES/2026 MOVIE STARS/olivia-munn 2016.jpg,move,not run,
14,/2019 TIDY - CELEBRITY FACEMASKS FINAL 7200 IMAGES/oscar isaac star wars.jpg,/2019 TIDY - CELEBRITY FACEMASKS FINAL 7200 IMAGES/2026 MOVIE STARS/oscar isaac star wars.jpg,move,not run,
14,/2019 TIDY - CELEBRITY FACEMASKS FINAL 7200 IMAGES/paul newman.jpg,/2019 TIDY - CELEBRITY FACEMASKS FINAL 7200 IMAGES/2026 MOVIE STARS/paul newman.jpg,move,not run,
14,/2019 TIDY - CELEBRITY FACEMASKS FINAL 7200 IMAGES/paul rudd 2016.jpg,/2019 TIDY - CELEBRITY FACEMASKS FINAL 7200 IMAGES/2026 MOVIE STARS/paul rudd 2016.jpg,move,not run,
14,/2019 TIDY - CELEBRITY FACEMASKS FINAL 7200 IMAGES/peter otoole.jpg,/2019 TIDY - CELEBRITY FACEMASKS FINAL 7200 IMAGES/2026 MOVIE STARS/peter otoole.jpg,move,not run,
14,/2019 TIDY - CELEBRITY FACEMASKS FINAL 7200 IMAGES/philip seymour hoffman.jpg,/2019 TIDY - CELEBRITY FACEMASKS FINAL 7200 IMAGES/2026 MOVIE STARS/philip seymour hoffman.jpg,move,not run,
14,/2019 TIDY - CELEBRITY FACEMASKS FINAL 7200 IMAGES/the grabber frown.jpg,/2019 TIDY - CELEBRITY FACEMASKS FINAL 7200 IMAGES/2026 MOVIE STARS/the grabber frown.jpg,move,not run,
14,/2019 TIDY - CELEBRITY FACEMASKS FINAL 7200 IMAGES/the grabber silent.jpg,/2019 TIDY - CELEBRITY FACEMASKS FINAL 7200 IMAGES/2026 MOVIE STARS/the grabber silent.jpg,move,not run,
14,/2019 TIDY - CELEBRITY FACEMASKS FINAL 7200 IMAGES/the grabber smile.jpg,/2019 TIDY - CELEBRITY FACEMASKS FINAL 7200 IMAGES/2026 MOVIE STARS/the grabber smile.jpg,move,not run,
14,/2019 TIDY - CELEBRITY FACEMASKS FINAL 7200 IMAGES/timothee chalamet _61289.jpg,/2019 TIDY - CELEBRITY FACEMASKS FINAL 7200 IMAGES/2026 MOVIE STARS/timothee chalamet _61289.jpg,move,not run,
14,/2019 TIDY - CELEBRITY FACEMASKS FINAL 7200 IMAGES/troy bolton -high school musical.jpg,/2019 TIDY - CELEBRITY FACEMASKS FINAL 7200 IMAGES/2026 MOVIE STARS/troy bolton -high school musical.jpg,move,not run,
14,/2019 TIDY - CELEBRITY FACEMASKS FINAL 7200 IMAGES/Bonnie-Tyler.jpg,/2019 TIDY - CELEBRITY FACEMASKS FINAL 7200 IMAGES/2026 MUSIC/Bonnie-Tyler.jpg,move,not run,
14,/2019 TIDY - CELEBRITY FACEMASKS FINAL 7200 IMAGES/Boo Hewerdine.jpg,/2019 TIDY - CELEBRITY FACEMASKS FINAL 7200 IMAGES/2026 MUSIC/Boo Hewerdine.jpg,move,not run,
14,/2019 TIDY - CELEBRITY FACEMASKS FINAL 7200 IMAGES/Bradley McIntosh - S CLub 7.jpg,/2019 TIDY - CELEBRITY FACEMASKS FINAL 7200 IMAGES/2026 MUSIC/Bradley McIntosh - S CLub 7.jpg,move,not run,
14,/2019 TIDY - CELEBRITY FACEMASKS FINAL 7200 IMAGES/Debbie Harry.jpg,/2019 TIDY - CELEBRITY FACEMASKS FINAL 7200 IMAGES/2026 MUSIC/Debbie Harry.jpg,move,not run,
14,/2019 TIDY - CELEBRITY FACEMASKS FINAL 7200 IMAGES/FAT JOE JB.jpg,/2019 TIDY - CELEBRITY FACEMASKS FINAL 7200 IMAGES/2026 MUSIC/FAT JOE JB.jpg,move,not run,
14,/2019 TIDY - CELEBRITY FACEMASKS FINAL 7200 IMAGES/Francis Rufelle.jpg,/2019 TIDY - CELEBRITY FACEMASKS FINAL 7200 IMAGES/2026 MUSIC/Francis Rufelle.jpg,move,not run,
14,/2019 TIDY - CELEBRITY FACEMASKS FINAL 7200 IMAGES/G Easy.jpg,/2019 TIDY - CELEBRITY FACEMASKS FINAL 7200 IMAGES/2026 MUSIC/G Easy.jpg,move,not run,
14,/2019 TIDY - CELEBRITY FACEMASKS FINAL 7200 IMAGES/GLEN CAMPBELL.jpg,/2019 TIDY - CELEBRITY FACEMASKS FINAL 7200 IMAGES/2026 MUSIC/GLEN CAMPBELL.jpg,move,not run,
14,/2019 TIDY - CELEBRITY FACEMASKS FINAL 7200 IMAGES/Gaz coombes.jpg,/2019 TIDY - CELEBRITY FACEMASKS FINAL 7200 IMAGES/2026 MUSIC/Gaz coombes.jpg,move,not run,
14,/2019 TIDY - CELEBRITY FACEMASKS FINAL 7200 IMAGES/George Benson.jpg,/2019 TIDY - CELEBRITY FACEMASKS FINAL 7200 IMAGES/2026 MUSIC/George Benson.jpg,move,not run,
14,/2019 TIDY - CELEBRITY FACEMASKS FINAL 7200 IMAGES/Gloria gaynor.jpg,/2019 TIDY - CELEBRITY FACEMASKS FINAL 7200 IMAGES/2026 MUSIC/Gloria gaynor.jpg,move,not run,
14,/2019 TIDY - CELEBRITY FACEMASKS FINAL 7200 IMAGES/Gnash.jpg,/2019 TIDY - CELEBRITY FACEMASKS FINAL 7200 IMAGES/2026 MUSIC/Gnash.jpg,move,not run,
14,/2019 TIDY - CELEBRITY FACEMASKS FINAL 7200 IMAGES/HARRY-STYLES-TRANSPARENT-bg.png,/2019 TIDY - CELEBRITY FACEMASKS FINAL 7200 IMAGES/2026 MUSIC/HARRY-STYLES-TRANSPARENT-bg.png,move,not run,
14,/2019 TIDY - CELEBRITY FACEMASKS FINAL 7200 IMAGES/Halsey.jpg,/2019 TIDY - CELEBRITY FACEMASKS FINAL 7200 IMAGES/2026 MUSIC/Halsey.jpg,move,not run,
14,/2019 TIDY - CELEBRITY FACEMASKS FINAL 7200 IMAGES/Hannah Spearritt -S Club 7.jpg,/2019 TIDY - CELEBRITY FACEMASKS FINAL 7200 IMAGES/2026 MUSIC/Hannah Spearritt -S Club 7.jpg,move,not run,
14,/2019 TIDY - CELEBRITY FACEMASKS FINAL 7200 IMAGES/Hayley Williams 2.jpg,/2019 TIDY - CELEBRITY FACEMASKS FINAL 7200 IMAGES/2026 MUSIC/Hayley Williams 2.jpg,move,not run,
14,/2019 TIDY - CELEBRITY FACEMASKS FINAL 7200 IMAGES/Hayley Williams.jpg,/2019 TIDY - CELEBRITY FACEMASKS FINAL 7200 IMAGES/2026 MUSIC/Hayley Williams.jpg,move,not run,
14,/2019 TIDY - CELEBRITY FACEMASKS FINAL 7200 IMAGES/Inna.jpg,/2019 TIDY - CELEBRITY FACEMASKS FINAL 7200 IMAGES/2026 MUSIC/Inna.jpg,move,not run,
14,/2019 TIDY - CELEBRITY FACEMASKS FINAL 7200 IMAGES/JACK WHITE JB.jpg,/2019 TIDY - CELEBRITY FACEMASKS FINAL 7200 IMAGES/2026 MUSIC/JACK WHITE JB.jpg,move,not run,
14,/2019 TIDY - CELEBRITY FACEMASKS FINAL 7200 IMAGES/JAYMI HENSLEY JB.jpg,/2019 TIDY - CELEBRITY FACEMASKS FINAL 7200 IMAGES/2026 MUSIC/JAYMI HENSLEY JB.jpg,move,not run,
14,/2019 TIDY - CELEBRITY FACEMASKS FINAL 7200 IMAGES/JIMI HENDRIX JB.jpg,/2019 TIDY - CELEBRITY FACEMASKS FINAL 7200 IMAGES/2026 MUSIC/JIMI HENDRIX JB.jpg,move,not run,
14,/2019 TIDY - CELEBRITY FACEMASKS FINAL 7200 IMAGES/JOHN DENVER.jpg,/2019 TIDY - CELEBRITY FACEMASKS FINAL 7200 IMAGES/2026 MUSIC/JOHN DENVER.jpg,move,not run,
14,/2019 TIDY - CELEBRITY FACEMASKS FINAL 7200 IMAGES/J_Hope_BTS_Face_Mask__86989.jpg,/2019 TIDY - CELEBRITY FACEMASKS FINAL 7200 IMAGES/2026 MUSIC/J_Hope_BTS_Face_Mask__86989.jpg,move,not run,
14,/2019 TIDY - CELEBRITY FACEMASKS FINAL 7200 IMAGES/Jahmene Douglas.jpg,/2019 TIDY - CELEBRITY FACEMASKS FINAL 7200 IMAGES/2026 MUSIC/Jahmene Douglas.jpg,move,not run,
14,/2019 TIDY - CELEBRITY FACEMASKS FINAL 7200 IMAGES/James Maslow.jpg,/2019 TIDY - CELEBRITY FACEMASKS FINAL 7200 IMAGES/2026 MUSIC/James Maslow.jpg,move,not run,
14,/2019 TIDY - CELEBRITY FACEMASKS FINAL 7200 IMAGES/Jayden Smith.jpg,/2019 TIDY - CELEBRITY FACEMASKS FINAL 7200 IMAGES/2026 MUSIC/Jayden Smith.jpg,move,not run,
14,/2019 TIDY - CELEBRITY FACEMASKS FINAL 7200 IMAGES/Jenny Frost Music.jpg,/2019 TIDY - CELEBRITY FACEMASKS FINAL 7200 IMAGES/2026 MUSIC/Jenny Frost Music.jpg,move,not run,
14,/2019 TIDY - CELEBRITY FACEMASKS FINAL 7200 IMAGES/Jessica Pietersen 1.jpg,/2019 TIDY - CELEBRITY FACEMASKS FINAL 7200 IMAGES/2026 MUSIC/Jessica Pietersen 1.jpg,move,not run,
14,/2019 TIDY - CELEBRITY FACEMASKS FINAL 7200 IMAGES/Jimin_BTS_Face_Mask__01877__02151.jpg,/2019 TIDY - CELEBRITY FACEMASKS FINAL 7200 IMAGES/2026 MUSIC/Jimin_BTS_Face_Mask__01877__02151.jpg,move,not run,
14,/2019 TIDY - CELEBRITY FACEMASKS FINAL 7200 IMAGES/Jimmy Page .jpg,/2019 TIDY - CELEBRITY FACEMASKS FINAL 7200 IMAGES/2026 MUSIC/Jimmy Page .jpg,move,not run,
14,/2019 TIDY - CELEBRITY FACEMASKS FINAL 7200 IMAGES/Jo O'Meara _S Club 7.jpg,/2019 TIDY - CELEBRITY FACEMASKS FINAL 7200 IMAGES/2026 MUSIC/Jo O'Meara _S Club 7.jpg,move,not run,
14,/2019 TIDY - CELEBRITY FACEMASKS FINAL 7200 IMAGES/Joe Jonas.jpg,/2019 TIDY - CELEBRITY FACEMASKS FINAL 7200 IMAGES/2026 MUSIC/Joe Jonas.jpg,move,not run,
14,/2019 TIDY - CELEBRITY FACEMASKS FINAL 7200 IMAGES/John Mayer.jpg,/2019 TIDY - CELEBRITY FACEMASKS FINAL 7200 IMAGES/2026 MUSIC/John Mayer.jpg,move,not run,
14,/2019 TIDY - CELEBRITY FACEMASKS FINAL 7200 IMAGES/John McVie.jpg,/2019 TIDY - CELEBRITY FACEMASKS FINAL 7200 IMAGES/2026 MUSIC/John McVie.jpg,move,not run,
14,/2019 TIDY - CELEBRITY FACEMASKS FINAL 7200 IMAGES/John Newman.jpg,/2019 TIDY - CELEBRITY FACEMASKS FINAL 7200 IMAGES/2026 MUSIC/John Newman.jpg,move,not run,
14,/2019 TIDY - CELEBRITY FACEMASKS FINAL 7200 IMAGES/John Secada.jpg,/2019 TIDY - CELEBRITY FACEMASKS FINAL 7200 IMAGES/2026 MUSIC/John Secada.jpg,move,not run,
14,/2019 TIDY - CELEBRITY FACEMASKS FINAL 7200 IMAGES/Johnny Cash.jpg,/2019 TIDY - CELEBRITY FACEMASKS FINAL 7200 IMAGES/2026 MUSIC/Johnny Cash.jpg,move,not run,
14,/2019 TIDY - CELEBRITY FACEMASKS FINAL 7200 IMAGES/Johnny Rotten.jpg,/2019 TIDY - CELEBRITY FACEMASKS FINAL 7200 IMAGES/2026 MUSIC/Johnny Rotten.jpg,move,not run,
14,/2019 TIDY - CELEBRITY FACEMASKS FINAL 7200 IMAGES/Jojo.jpg,/2019 TIDY - CELEBRITY FACEMASKS FINAL 7200 IMAGES/2026 MUSIC/Jojo.jpg,move,not run,
14,/2019 TIDY - CELEBRITY FACEMASKS FINAL 7200 IMAGES/Jon Lee - S Club 7.jpg,/2019 TIDY - CELEBRITY FACEMASKS FINAL 7200 IMAGES/2026 MUSIC/Jon Lee - S Club 7.jpg,move,not run,
14,/2019 TIDY - CELEBRITY FACEMASKS FINAL 7200 IMAGES/Jonathan King.jpg,/2019 TIDY - CELEBRITY FACEMASKS FINAL 7200 IMAGES/2026 MUSIC/Jonathan King.jpg,move,not run,
14,/2019 TIDY - CELEBRITY FACEMASKS FINAL 7200 IMAGES/Jordan Knight.jpg,/2019 TIDY - CELEBRITY FACEMASKS FINAL 7200 IMAGES/2026 MUSIC/Jordan Knight.jpg,move,not run,
14,/2019 TIDY - CELEBRITY FACEMASKS FINAL 7200 IMAGES/Julian Lennon.jpg,/2019 TIDY - CELEBRITY FACEMASKS FINAL 7200 IMAGES/2026 MUSIC/Julian Lennon.jpg,move,not run,
14,/2019 TIDY - CELEBRITY FACEMASKS FINAL 7200 IMAGES/Jungkook_jimin_Jungshook_BTS_Face_Mask__68623.png,/2019 TIDY - CELEBRITY FACEMASKS FINAL 7200 IMAGES/2026 MUSIC/Jungkook_jimin_Jungshook_BTS_Face_Mask__68623.png,move,not run,
14,/2019 TIDY - CELEBRITY FACEMASKS FINAL 7200 IMAGES/Justin Bieber Tv stars 2021-Fox-0986.jpg,/2019 TIDY - CELEBRITY FACEMASKS FINAL 7200 IMAGES/2026 MUSIC/Justin Bieber Tv stars 2021-Fox-0986.jpg,move,not run,
14,/2019 TIDY - CELEBRITY FACEMASKS FINAL 7200 IMAGES/KIM_TAEHYUNG_2_BTS_Face_Mask__18584__27732.jpg,/2019 TIDY - CELEBRITY FACEMASKS FINAL 7200 IMAGES/2026 MUSIC/KIM_TAEHYUNG_2_BTS_Face_Mask__18584__27732.jpg,move,not run,
14,/2019 TIDY - CELEBRITY FACEMASKS FINAL 7200 IMAGES/Kacey Musgraves.jpg,/2019 TIDY - CELEBRITY FACEMASKS FINAL 7200 IMAGES/2026 MUSIC/Kacey Musgraves.jpg,move,not run,
14,/2019 TIDY - CELEBRITY FACEMASKS FINAL 7200 IMAGES/Kate Bush better.jpg,/2019 TIDY - CELEBRITY FACEMASKS FINAL 7200 IMAGES/2026 MUSIC/Kate Bush better.jpg,move,not run,
14,/2019 TIDY - CELEBRITY FACEMASKS FINAL 7200 IMAGES/Kate-Bush.jpg,/2019 TIDY - CELEBRITY FACEMASKS FINAL 7200 IMAGES/2026 MUSIC/Kate-Bush.jpg,move,not run,
14,/2019 TIDY - CELEBRITY FACEMASKS FINAL 7200 IMAGES/Keith Urban.jpg,/2019 TIDY - CELEBRITY FACEMASKS FINAL 7200 IMAGES/2026 MUSIC/Keith Urban.jpg,move,not run,
14,/2019 TIDY - CELEBRITY FACEMASKS FINAL 7200 IMAGES/Kimberly Perry.jpg,/2019 TIDY - CELEBRITY FACEMASKS FINAL 7200 IMAGES/2026 MUSIC/Kimberly Perry.jpg,move,not run,
14,/2019 TIDY - CELEBRITY FACEMASKS FINAL 7200 IMAGES/Kinmberly Perry.jpg,/2019 TIDY - CELEBRITY FACEMASKS FINAL 7200 IMAGES/2026 MUSIC/Kinmberly Perry.jpg,move,not run,
14,/2019 TIDY - CELEBRITY FACEMASKS FINAL 7200 IMAGES/Kristin Chenoweth.jpg,/2019 TIDY - CELEBRITY FACEMASKS FINAL 7200 IMAGES/2026 MUSIC/Kristin Chenoweth.jpg,move,not run,
14,/2019 TIDY - CELEBRITY FACEMASKS FINAL 7200 IMAGES/LL Cool J.jpg,/2019 TIDY - CELEBRITY FACEMASKS FINAL 7200 IMAGES/2026 MUSIC/LL Cool J.jpg,move,not run,
14,/2019 TIDY - CELEBRITY FACEMASKS FINAL 7200 IMAGES/Lana del rey Movie 2016.jpg,/2019 TIDY - CELEBRITY FACEMASKS FINAL 7200 IMAGES/2026 MUSIC/Lana del rey Movie 2016.jpg,move,not run,
14,/2019 TIDY - CELEBRITY FACEMASKS FINAL 7200 IMAGES/Lauren Jauregui.jpg,/2019 TIDY - CELEBRITY FACEMASKS FINAL 7200 IMAGES/2026 MUSIC/Lauren Jauregui.jpg,move,not run,
14,/2019 TIDY - CELEBRITY FACEMASKS FINAL 7200 IMAGES/Lee Brennan.jpg,/2019 TIDY - CELEBRITY FACEMASKS FINAL 7200 IMAGES/2026 MUSIC/Lee Brennan.jpg,move,not run,
14,/2019 TIDY - CELEBRITY FACEMASKS FINAL 7200 IMAGES/Lennon.jpg,/2019 TIDY - CELEBRITY FACEMASKS FINAL 7200 IMAGES/2026 MUSIC/Lennon.jpg,move,not run,
15,/2019 TIDY - CELEBRITY FACEMASKS FINAL 7200 IMAGES/Leon Bridges.jpg,/2019 TIDY - CELEBRITY FACEMASKS FINAL 7200 IMAGES/2026 MUSIC/Leon Bridges.jpg,move,not run,
15,/2019 TIDY - CELEBRITY FACEMASKS FINAL 7200 IMAGES/Limahl Kajagoogoo.jpg,/2019 TIDY - CELEBRITY FACEMASKS FINAL 7200 IMAGES/2026 MUSIC/Limahl Kajagoogoo.jpg,move,not run,
15,/2019 TIDY - CELEBRITY FACEMASKS FINAL 7200 IMAGES/Lindsey Buckingham.jpg,/2019 TIDY - CELEBRITY FACEMASKS FINAL 7200 IMAGES/2026 MUSIC/Lindsey Buckingham.jpg,move,not run,
15,/2019 TIDY - CELEBRITY FACEMASKS FINAL 7200 IMAGES/Lisa Scott Lee.jpg,/2019 TIDY - CELEBRITY FACEMASKS FINAL 7200 IMAGES/2026 MUSIC/Lisa Scott Lee (larger).jpg,duplicate_larger,not run,
15,/2019 TIDY - CELEBRITY FACEMASKS FINAL 7200 IMAGES/Little Mix4 - Copy.jpg,/2019 TIDY - CELEBRITY FACEMASKS FINAL 7200 IMAGES/2026 MUSIC/Little Mix4 - Copy.jpg,variant,not run,
15,/2019 TIDY - CELEBRITY FACEMASKS FINAL 7200 IMAGES/Liz McClarnon - Atomic Kitten.jpg,/2019 TIDY - CELEBRITY FACEMASKS FINAL 7200 IMAGES/2026 MUSIC/Liz McClarnon - Atomic Kitten.jpg,move,not run,
15,/2019 TIDY - CELEBRITY FACEMASKS FINAL 7200 IMAGES/Louis-Tomlinson-2.jpg,/2019 TIDY - CELEBRITY FACEMASKS FINAL 7200 IMAGES/2026 MUSIC/Louis-Tomlinson-2.jpg,variant,not run,
15,/2019 TIDY - CELEBRITY FACEMASKS FINAL 7200 IMAGES/Ludacris.jpg,/2019 TIDY - CELEBRITY FACEMASKS FINAL 7200 IMAGES/2026 MUSIC/Ludacris.jpg,move,not run,
15,/2019 TIDY - CELEBRITY FACEMASKS FINAL 7200 IMAGES/Luke Hemmings - 5 Seconds of Summer.jpg,/2019 TIDY - CELEBRITY FACEMASKS FINAL 7200 IMAGES/2026 MUSIC/Luke Hemmings - 5 Seconds of Summer.jpg,move,not run,
15,/2019 TIDY - CELEBRITY FACEMASKS FINAL 7200 IMAGES/MICHAEL CLIFFORD JB.jpg,/2019 TIDY - CELEBRITY FACEMASKS FINAL 7200 IMAGES/2026 MUSIC/MICHAEL CLIFFORD JB.jpg,move,not run,
15,/2019 TIDY - CELEBRITY FACEMASKS FINAL 7200 IMAGES/Mac Miller.jpg,/2019 TIDY - CELEBRITY FACEMASKS FINAL 7200 IMAGES/2026 MUSIC/Mac Miller.jpg,move,not run,
15,/2019 TIDY - CELEBRITY FACEMASKS FINAL 7200 IMAGES/Madison Beer.jpg,/2019 TIDY - CELEBRITY FACEMASKS FINAL 7200 IMAGES/2026 MUSIC/Madison Beer.jpg,move,not run,
15,/2019 TIDY - CELEBRITY FACEMASKS FINAL 7200 IMAGES/Marcus-Collins.jpg,/2019 TIDY - CELEBRITY FACEMASKS FINAL 7200 IMAGES/2026 MUSIC/Marcus-Collins.jpg,move,not run,
15,/2019 TIDY - CELEBRITY FACEMASKS FINAL 7200 IMAGES/Mark Hoppus - Blink 182.jpg,/2019 TIDY - CELEBRITY FACEMASKS FINAL 7200 IMAGES/2026 MUSIC/Mark Hoppus - Blink 182.jpg,move,not run,
15,/2019 TIDY - CELEBRITY FACEMASKS FINAL 7200 IMAGES/Mark Hoppus Blink 182.jpg,/2019 TIDY - CELEBRITY FACEMASKS FINAL 7200 IMAGES/2026 MUSIC/Mark Hoppus Blink 182.jpg,move,not run,
15,/2019 TIDY - CELEBRITY FACEMASKS FINAL 7200 IMAGES/Mark Ronson NEW.jpg,/2019 TIDY - CELEBRITY FACEMASKS FINAL 7200 IMAGES/2026 MUSIC/Mark Ronson NEW.jpg,move,not run,
15,/2019 TIDY - CELEBRITY FACEMASKS FINAL 7200 IMAGES/Marvin Humes2.jpg,/2019 TIDY - CELEBRITY FACEMASKS FINAL 7200 IMAGES/2026 MUSIC/Marvin Humes2.jpg,move,not run,
15,/2019 TIDY - CELEBRITY FACEMASKS FINAL 7200 IMAGES/Matt Ronson.jpg,/2019 TIDY - CELEBRITY FACEMASKS FINAL 7200 IMAGES/2026 MUSIC/Matt Ronson.jpg,move,not run,
15,/2019 TIDY - CELEBRITY FACEMASKS FINAL 7200 IMAGES/Matt Skiba - Blink 182.jpg,/2019 TIDY - CELEBRITY FACEMASKS FINAL 7200 IMAGES/2026 MUSIC/Matt Skiba - Blink 182.jpg,move,not run,
15,/2019 TIDY - CELEBRITY FACEMASKS FINAL 7200 IMAGES/Matt Skiba Blink 182.jpg,/2019 TIDY - CELEBRITY FACEMASKS FINAL 7200 IMAGES/2026 MUSIC/Matt Skiba Blink 182.jpg,move,not run,
15,/2019 TIDY - CELEBRITY FACEMASKS FINAL 7200 IMAGES/Matt monro.jpg,/2019 TIDY - CELEBRITY FACEMASKS FINAL 7200 IMAGES/2026 MUSIC/Matt monro.jpg,move,not run,
15,/2019 TIDY - CELEBRITY FACEMASKS FINAL 7200 IMAGES/Max George.jpg,/2019 TIDY - CELEBRITY FACEMASKS FINAL 7200 IMAGES/2026 MUSIC/Max George (larger).jpg,duplicate_larger,not run,
15,/2019 TIDY - CELEBRITY FACEMASKS FINAL 7200 IMAGES/Meghan Trainor.jpg,/2019 TIDY - CELEBRITY FACEMASKS FINAL 7200 IMAGES/2026 MUSIC/Meghan Trainor.jpg,move,not run,
15,/2019 TIDY - CELEBRITY FACEMASKS FINAL 7200 IMAGES/Melanie Blatt.jpg,/2019 TIDY - CELEBRITY FACEMASKS FINAL 7200 IMAGES/2026 MUSIC/Melanie Blatt.jpg,move,not run,
15,/2019 TIDY - CELEBRITY FACEMASKS FINAL 7200 IMAGES/Melanie Martinez.jpg,/2019 TIDY - CELEBRITY FACEMASKS FINAL 7200 IMAGES/2026 MUSIC/Melanie Martinez.jpg,move,not run,
15,/2019 TIDY - CELEBRITY FACEMASKS FINAL 7200 IMAGES/Mick Fleetwood.jpg,/2019 TIDY - CELEBRITY FACEMASKS FINAL 7200 IMAGES/2026 MUSIC/Mick Fleetwood.jpg,move,not run,
15,/2019 TIDY - CELEBRITY FACEMASKS FINAL 7200 IMAGES/Mick-Taylor.jpg,/2019 TIDY - CELEBRITY FACEMASKS FINAL 7200 IMAGES/2026 MUSIC/Mick-Taylor.jpg,move,not run,
15,/2019 TIDY - CELEBRITY FACEMASKS FINAL 7200 IMAGES/Mike Skinner.jpg,/2019 TIDY - CELEBRITY FACEMASKS FINAL 7200 IMAGES/2026 MUSIC/Mike Skinner.jpg,move,not run,
15,/2019 TIDY - CELEBRITY FACEMASKS FINAL 7200 IMAGES/Misha B.jpg,/2019 TIDY - CELEBRITY FACEMASKS FINAL 7200 IMAGES/2026 MUSIC/Misha B.jpg,move,not run,
15,/2019 TIDY - CELEBRITY FACEMASKS FINAL 7200 IMAGES/Myleene Klass.jpg,/2019 TIDY - CELEBRITY FACEMASKS FINAL 7200 IMAGES/2026 MUSIC/Myleene Klass.jpg,move,not run,
15,/2019 TIDY - CELEBRITY FACEMASKS FINAL 7200 IMAGES/NELLY RAPPER.jpg,/2019 TIDY - CELEBRITY FACEMASKS FINAL 7200 IMAGES/2026 MUSIC/NELLY RAPPER.jpg,move,not run,
15,/2019 TIDY - CELEBRITY FACEMASKS FINAL 7200 IMAGES/NKOTB1.JPG,/2019 TIDY - CELEBRITY FACEMASKS FINAL 7200 IMAGES/2026 MUSIC/NKOTB1.JPG,move,not run,
15,/2019 TIDY - CELEBRITY FACEMASKS FINAL 7200 IMAGES/NKOTB1a.JPG,/2019 TIDY - CELEBRITY FACEMASKS FINAL 7200 IMAGES/2026 MUSIC/NKOTB1a.JPG,move,not run,
15,/2019 TIDY - CELEBRITY FACEMASKS FINAL 7200 IMAGES/NKOTB1b.JPG,/2019 TIDY - CELEBRITY FACEMASKS FINAL 7200 IMAGES/2026 MUSIC/NKOTB1b.JPG,move,not run,
15,/2019 TIDY - CELEBRITY FACEMASKS FINAL 7200 IMAGES/NKOTB1d.JPG,/2019 TIDY - CELEBRITY FACEMASKS FINAL 7200 IMAGES/2026 MUSIC/NKOTB1d.JPG,move,not run,
15,/2019 TIDY - CELEBRITY FACEMASKS FINAL 7200 IMAGES/NKOTB1e.JPG,/2019 TIDY - CELEBRITY FACEMASKS FINAL 7200 IMAGES/2026 MUSIC/NKOTB1e.JPG,move,not run,
15,/2019 TIDY - CELEBRITY FACEMASKS FINAL 7200 IMAGES/NKOTB2.JPG,/2019 TIDY - CELEBRITY FACEMASKS FINAL 7200 IMAGES/2026 MUSIC/NKOTB2.JPG,move,not run,
15,/2019 TIDY - CELEBRITY FACEMASKS FINAL 7200 IMAGES/NKOTB3.JPG,/2019 TIDY - CELEBRITY FACEMASKS FINAL 7200 IMAGES/2026 MUSIC/NKOTB3.JPG,move,not run,
15,/2019 TIDY - CELEBRITY FACEMASKS FINAL 7200 IMAGES/NKOTB4.JPG,/2019 TIDY - CELEBRITY FACEMASKS FINAL 7200 IMAGES/2026 MUSIC/NKOTB4.JPG,move,not run,
15,/2019 TIDY - CELEBRITY FACEMASKS FINAL 7200 IMAGES/NKOTB5.JPG,/2019 TIDY - CELEBRITY FACEMASKS FINAL 7200 IMAGES/2026 MUSIC/NKOTB5.JPG,move,not run,
15,/2019 TIDY - CELEBRITY FACEMASKS FINAL 7200 IMAGES/NKOTHB1c.JPG,/2019 TIDY - CELEBRITY FACEMASKS FINAL 7200 IMAGES/2026 MUSIC/NKOTHB1c.JPG,move,not run,
15,/2019 TIDY - CELEBRITY FACEMASKS FINAL 7200 IMAGES/Natalie Appleton.jpg,/2019 TIDY - CELEBRITY FACEMASKS FINAL 7200 IMAGES/2026 MUSIC/Natalie Appleton.jpg,move,not run,
15,/2019 TIDY - CELEBRITY FACEMASKS FINAL 7200 IMAGES/Natasha Hamilton.jpg,/2019 TIDY - CELEBRITY FACEMASKS FINAL 7200 IMAGES/2026 MUSIC/Natasha Hamilton.jpg,move,not run,
15,/2019 TIDY - CELEBRITY FACEMASKS FINAL 7200 IMAGES/Nathan Sykes.jpg,/2019 TIDY - CELEBRITY FACEMASKS FINAL 7200 IMAGES/2026 MUSIC/Nathan Sykes.jpg,move,not run,
15,/2019 TIDY - CELEBRITY FACEMASKS FINAL 7200 IMAGES/Ne-Yo.jpg,/2019 TIDY - CELEBRITY FACEMASKS FINAL 7200 IMAGES/2026 MUSIC/Ne-Yo.jpg,move,not run,
15,/2019 TIDY - CELEBRITY FACEMASKS FINAL 7200 IMAGES/Neil Diamond.jpg,/2019 TIDY - CELEBRITY FACEMASKS FINAL 7200 IMAGES/2026 MUSIC/Neil Diamond.jpg,move,not run,
15,/2019 TIDY - CELEBRITY FACEMASKS FINAL 7200 IMAGES/Nick Bains - Kaiser Chiefs.jpg,/2019 TIDY - CELEBRITY FACEMASKS FINAL 7200 IMAGES/2026 MUSIC/Nick Bains - Kaiser Chiefs.jpg,move,not run,
15,/2019 TIDY - CELEBRITY FACEMASKS FINAL 7200 IMAGES/Nick Carter.jpg,/2019 TIDY - CELEBRITY FACEMASKS FINAL 7200 IMAGES/2026 MUSIC/Nick Carter.jpg,move,not run,
15,/2019 TIDY - CELEBRITY FACEMASKS FINAL 7200 IMAGES/Nick Jonas - Jonas Brothers Kids.jpg,/2019 TIDY - CELEBRITY FACEMASKS FINAL 7200 IMAGES/2026 MUSIC/Nick Jonas - Jonas Brothers Kids.jpg,move,not run,
15,/2019 TIDY - CELEBRITY FACEMASKS FINAL 7200 IMAGES/Nick Jonas2.jpg,/2019 TIDY - CELEBRITY FACEMASKS FINAL 7200 IMAGES/2026 MUSIC/Nick Jonas2.jpg,move,not run,
15,/2019 TIDY - CELEBRITY FACEMASKS FINAL 7200 IMAGES/Nick Mccabe- the Verve.jpg,/2019 TIDY - CELEBRITY FACEMASKS FINAL 7200 IMAGES/2026 MUSIC/Nick Mccabe- the Verve.jpg,move,not run,
15,/2019 TIDY - CELEBRITY FACEMASKS FINAL 7200 IMAGES/Nirvana.jpg,/2019 TIDY - CELEBRITY FACEMASKS FINAL 7200 IMAGES/2026 MUSIC/Nirvana.jpg,move,not run,
15,/2019 TIDY - CELEBRITY FACEMASKS FINAL 7200 IMAGES/Noah Cyrus.jpg,/2019 TIDY - CELEBRITY FACEMASKS FINAL 7200 IMAGES/2026 MUSIC/Noah Cyrus.jpg,move,not run,
15,/2019 TIDY - CELEBRITY FACEMASKS FINAL 7200 IMAGES/Nsync1 justin Timberlake.jpg,/2019 TIDY - CELEBRITY FACEMASKS FINAL 7200 IMAGES/2026 MUSIC/Nsync1 justin Timberlake.jpg,move,not run,
15,/2019 TIDY - CELEBRITY FACEMASKS FINAL 7200 IMAGES/PETE TONG MASK JB.jpg,/2019 TIDY - CELEBRITY FACEMASKS FINAL 7200 IMAGES/2026 MUSIC/PETE TONG MASK JB.jpg,move,not run,
15,/2019 TIDY - CELEBRITY FACEMASKS FINAL 7200 IMAGES/Paul Cattermole -S Club 7.jpg,/2019 TIDY - CELEBRITY FACEMASKS FINAL 7200 IMAGES/2026 MUSIC/Paul Cattermole -S Club 7.jpg,move,not run,
15,/2019 TIDY - CELEBRITY FACEMASKS FINAL 7200 IMAGES/Pete Docherty.jpg,/2019 TIDY - CELEBRITY FACEMASKS FINAL 7200 IMAGES/2026 MUSIC/Pete Docherty.jpg,move,not run,
15,/2019 TIDY - CELEBRITY FACEMASKS FINAL 7200 IMAGES/Peter Salisbury the verve.jpg,/2019 TIDY - CELEBRITY FACEMASKS FINAL 7200 IMAGES/2026 MUSIC/Peter Salisbury the verve.jpg,move,not run,
15,/2019 TIDY - CELEBRITY FACEMASKS FINAL 7200 IMAGES/Plan B.jpg,/2019 TIDY - CELEBRITY FACEMASKS FINAL 7200 IMAGES/2026 MUSIC/Plan B.jpg,move,not run,
15,/2019 TIDY - CELEBRITY FACEMASKS FINAL 7200 IMAGES/Posh Spice.jpg,/2019 TIDY - CELEBRITY FACEMASKS FINAL 7200 IMAGES/2026 MUSIC/Posh Spice.jpg,move,not run,
15,/2019 TIDY - CELEBRITY FACEMASKS FINAL 7200 IMAGES/Proclaimers2.jpg,/2019 TIDY - CELEBRITY FACEMASKS FINAL 7200 IMAGES/2026 MUSIC/Proclaimers2 (larger).jpg,duplicate_larger,not run,
15,/2019 TIDY - CELEBRITY FACEMASKS FINAL 7200 IMAGES/Professor Green.jpg,/2019 TIDY - CELEBRITY FACEMASKS FINAL 7200 IMAGES/2026 MUSIC/Professor Green.jpg,move,not run,
15,/2019 TIDY - CELEBRITY FACEMASKS FINAL 7200 IMAGES/RM Rap Master - BTS Korean Music Star K POP - Music Star Fancy Dress Cardboard celebrity face mask Fancy Dress Face Mask 2021.jpg,/2019 TIDY - CELEBRITY FACEMASKS FINAL 7200 IMAGES/2026 MUSIC/RM Rap Master - BTS Korean Music Star K POP - Music Star Fancy Dress Cardboard celebrity face mask Fancy Dress Face Mask 2021.jpg,move,not run,
15,/2019 TIDY - CELEBRITY FACEMASKS FINAL 7200 IMAGES/Rachel Stevens -S CLub 7.jpg,/2019 TIDY - CELEBRITY FACEMASKS FINAL 7200 IMAGES/2026 MUSIC/Rachel Stevens -S CLub 7.jpg,move,not run,
15,/2019 TIDY - CELEBRITY FACEMASKS FINAL 7200 IMAGES/Richard Ashcroft-Oasis.jpg,/2019 TIDY - CELEBRITY FACEMASKS FINAL 7200 IMAGES/2026 MUSIC/Richard Ashcroft-Oasis.jpg,move,not run,
15,/2019 TIDY - CELEBRITY FACEMASKS FINAL 7200 IMAGES/Rita Ora  TV STARS.jpg,/2019 TIDY - CELEBRITY FACEMASKS FINAL 7200 IMAGES/2026 MUSIC/Rita Ora  TV STARS.jpg,move,not run,
15,/2019 TIDY - CELEBRITY FACEMASKS FINAL 7200 IMAGES/SUGA_BTS_Face_MAsk__60815__86172.jpg,/2019 TIDY - CELEBRITY FACEMASKS FINAL 7200 IMAGES/2026 MUSIC/SUGA_BTS_Face_MAsk__60815__86172.jpg,move,not run,
15,/2019 TIDY - CELEBRITY FACEMASKS FINAL 7200 IMAGES/Sir Tim Rice.jpg,/2019 TIDY - CELEBRITY FACEMASKS FINAL 7200 IMAGES/2026 MUSIC/Sir Tim Rice.jpg,move,not run,
15,/2019 TIDY - CELEBRITY FACEMASKS FINAL 7200 IMAGES/Slash- guns n roses.jpg,/2019 TIDY - CELEBRITY FACEMASKS FINAL 7200 IMAGES/2026 MUSIC/Slash- guns n roses.jpg,move,not run,
15,/2019 TIDY - CELEBRITY FACEMASKS FINAL 7200 IMAGES/Sophie Ellis Bextor.jpg,/2019 TIDY - CELEBRITY FACEMASKS FINAL 7200 IMAGES/2026 MUSIC/Sophie Ellis Bextor.jpg,move,not run,
15,/2019 TIDY - CELEBRITY FACEMASKS FINAL 7200 IMAGES/Tina Barrett - S Club 7.jpg,/2019 TIDY - CELEBRITY FACEMASKS FINAL 7200 IMAGES/2026 MUSIC/Tina Barrett - S Club 7.jpg,move,not run,
15,/2019 TIDY - CELEBRITY FACEMASKS FINAL 7200 IMAGES/Young Rick Astley.jpg,/2019 TIDY - CELEBRITY FACEMASKS FINAL 7200 IMAGES/2026 MUSIC/Young Rick Astley.jpg,move,not run,
15,/2019 TIDY - CELEBRITY FACEMASKS FINAL 7200 IMAGES/ahley Roberts 2.jpg,/2019 TIDY - CELEBRITY FACEMASKS FINAL 7200 IMAGES/2026 MUSIC/ahley Roberts 2.jpg,move,not run,
15,/2019 TIDY - CELEBRITY FACEMASKS FINAL 7200 IMAGES/andrea bocelli.jpg,/2019 TIDY - CELEBRITY FACEMASKS FINAL 7200 IMAGES/2026 MUSIC/andrea bocelli.jpg,move,not run,
15,/2019 TIDY - CELEBRITY FACEMASKS FINAL 7200 IMAGES/ashley roberts 2.jpg,/2019 TIDY - CELEBRITY FACEMASKS FINAL 7200 IMAGES/2026 MUSIC/ashley roberts 2.jpg,variant,not run,
15,/2019 TIDY - CELEBRITY FACEMASKS FINAL 7200 IMAGES/danny woods - new kid on the block.jpg,/2019 TIDY - CELEBRITY FACEMASKS FINAL 7200 IMAGES/2026 MUSIC/danny woods - new kid on the block.jpg,move,not run,
15,/2019 TIDY - CELEBRITY FACEMASKS FINAL 7200 IMAGES/gene simmons.jpg,/2019 TIDY - CELEBRITY FACEMASKS FINAL 7200 IMAGES/2026 MUSIC/gene simmons.jpg,move,not run,
15,/2019 TIDY - CELEBRITY FACEMASKS FINAL 7200 IMAGES/gloria-gaynor 2.jpg,/2019 TIDY - CELEBRITY FACEMASKS FINAL 7200 IMAGES/2026 MUSIC/gloria-gaynor 2.jpg,move,not run,
15,/2019 TIDY - CELEBRITY FACEMASKS FINAL 7200 IMAGES/hozier.jpg,/2019 TIDY - CELEBRITY FACEMASKS FINAL 7200 IMAGES/2026 MUSIC/hozier.jpg,move,not run,
15,/2019 TIDY - CELEBRITY FACEMASKS FINAL 7200 IMAGES/iggy azalea.jpg,/2019 TIDY - CELEBRITY FACEMASKS FINAL 7200 IMAGES/2026 MUSIC/iggy azalea.jpg,move,not run,
15,/2019 TIDY - CELEBRITY FACEMASKS FINAL 7200 IMAGES/jadakiss.jpg,/2019 TIDY - CELEBRITY FACEMASKS FINAL 7200 IMAGES/2026 MUSIC/jadakiss.jpg,move,not run,
15,/2019 TIDY - CELEBRITY FACEMASKS FINAL 7200 IMAGES/jay_mcguiness_.jpg,/2019 TIDY - CELEBRITY FACEMASKS FINAL 7200 IMAGES/2026 MUSIC/jay_mcguiness_.jpg,move,not run,
15,/2019 TIDY - CELEBRITY FACEMASKS FINAL 7200 IMAGES/jim reeves.jpg,/2019 TIDY - CELEBRITY FACEMASKS FINAL 7200 IMAGES/2026 MUSIC/jim reeves.jpg,move,not run,
15,/2019 TIDY - CELEBRITY FACEMASKS FINAL 7200 IMAGES/john legend.jpg,/2019 TIDY - CELEBRITY FACEMASKS FINAL 7200 IMAGES/2026 MUSIC/john legend.jpg,move,not run,
15,/2019 TIDY - CELEBRITY FACEMASKS FINAL 7200 IMAGES/kang yeosang ateez-01.jpg,/2019 TIDY - CELEBRITY FACEMASKS FINAL 7200 IMAGES/2026 MUSIC/kang yeosang ateez-01.jpg,move,not run,
15,/2019 TIDY - CELEBRITY FACEMASKS FINAL 7200 IMAGES/kanye.JPG,/2019 TIDY - CELEBRITY FACEMASKS FINAL 7200 IMAGES/2026 MUSIC/kanye.JPG,move,not run,
15,/2019 TIDY - CELEBRITY FACEMASKS FINAL 7200 IMAGES/katharine mcphee NEW.jpg,/2019 TIDY - CELEBRITY FACEMASKS FINAL 7200 IMAGES/2026 MUSIC/katharine mcphee NEW.jpg,move,not run,
15,/2019 TIDY - CELEBRITY FACEMASKS FINAL 7200 IMAGES/keisha buchanan.jpg,/2019 TIDY - CELEBRITY FACEMASKS FINAL 7200 IMAGES/2026 MUSIC/keisha buchanan.jpg,move,not run,
15,/2019 TIDY - CELEBRITY FACEMASKS FINAL 7200 IMAGES/lenny Kravitz.jpg,/2019 TIDY - CELEBRITY FACEMASKS FINAL 7200 IMAGES/2026 F1 DRIVER/lenny Kravitz (larger).jpg,duplicate_larger,not run,
15,/2019 TIDY - CELEBRITY FACEMASKS FINAL 7200 IMAGES/maria callas.jpg,/2019 TIDY - CELEBRITY FACEMASKS FINAL 7200 IMAGES/2026 MUSIC/maria callas.jpg,move,not run,
15,/2019 TIDY - CELEBRITY FACEMASKS FINAL 7200 IMAGES/maria-callas-2.jpg,/2019 TIDY - CELEBRITY FACEMASKS FINAL 7200 IMAGES/2026 MUSIC/maria-callas-2.jpg,move,not run,
15,/2019 TIDY - CELEBRITY FACEMASKS FINAL 7200 IMAGES/marianne faithfull JB.jpg,/2019 TIDY - CELEBRITY FACEMASKS FINAL 7200 IMAGES/2026 MUSIC/marianne faithfull JB.jpg,move,not run,
15,/2019 TIDY - CELEBRITY FACEMASKS FINAL 7200 IMAGES/noel_gallagher_new__69003__65297.jpg,/2019 TIDY - CELEBRITY FACEMASKS FINAL 7200 IMAGES/2026 MUSIC/noel_gallagher_new__69003__65297.jpg,move,not run,
15,/2019 TIDY - CELEBRITY FACEMASKS FINAL 7200 IMAGES/normani hamilton 2016 NEW.jpg,/2019 TIDY - CELEBRITY FACEMASKS FINAL 7200 IMAGES/2026 MUSIC/normani hamilton 2016 NEW.jpg,move,not run,
15,/2019 TIDY - CELEBRITY FACEMASKS FINAL 7200 IMAGES/paul akister.jpg,/2019 TIDY - CELEBRITY FACEMASKS FINAL 7200 IMAGES/2026 MUSIC/paul akister.jpg,move,not run,
15,/2019 TIDY - CELEBRITY FACEMASKS FINAL 7200 IMAGES/pete townsend.jpg,/2019 TIDY - CELEBRITY FACEMASKS FINAL 7200 IMAGES/2026 MUSIC/pete townsend.jpg,move,not run,
15,/2019 TIDY - CELEBRITY FACEMASKS FINAL 7200 IMAGES/petula clark.jpg,/2019 TIDY - CELEBRITY FACEMASKS FINAL 7200 IMAGES/2026 MUSIC/petula clark.jpg,move,not run,
15,/2019 TIDY - CELEBRITY FACEMASKS FINAL 7200 IMAGES/Adolf Hitler.jpg,/2019 TIDY - CELEBRITY FACEMASKS FINAL 7200 IMAGES/2026 ROYALS AND POLITICIANS/Adolf Hitler.jpg,move,not run,
15,/2019 TIDY - CELEBRITY FACEMASKS FINAL 7200 IMAGES/Akinwunmi Ambode.jpg,/2019 TIDY - CELEBRITY FACEMASKS FINAL 7200 IMAGES/2026 ROYALS AND POLITICIANS/Akinwunmi Ambode.jpg,move,not run,
15,/2019 TIDY - CELEBRITY FACEMASKS FINAL 7200 IMAGES/Alex Salmond1.jpg,/2019 TIDY - CELEBRITY FACEMASKS FINAL 7200 IMAGES/2026 ROYALS AND POLITICIANS/Alex Salmond1.jpg,move,not run,
16,/2019 TIDY - CELEBRITY FACEMASKS FINAL 7200 IMAGES/Alistair Darling.jpg,/2019 TIDY - CELEBRITY FACEMASKS FINAL 7200 IMAGES/2026 ROYALS AND POLITICIANS/Alistair Darling.jpg,move,not run,
16,/2019 TIDY - CELEBRITY FACEMASKS FINAL 7200 IMAGES/Amber Rudd - Politician.jpeg,/2019 TIDY - CELEBRITY FACEMASKS FINAL 7200 IMAGES/2026 ROYALS AND POLITICIANS/Amber Rudd - Politician.jpeg,move,not run,
16,/2019 TIDY - CELEBRITY FACEMASKS FINAL 7200 IMAGES/Andrea Leadsome.jpg,/2019 TIDY - CELEBRITY FACEMASKS FINAL 7200 IMAGES/2026 ROYALS AND POLITICIANS/Andrea Leadsome.jpg,move,not run,
16,/2019 TIDY - CELEBRITY FACEMASKS FINAL 7200 IMAGES/Angela Merkel 2016].jpeg,/2019 TIDY - CELEBRITY FACEMASKS FINAL 7200 IMAGES/2026 ROYALS AND POLITICIANS/Angela Merkel 2016].jpeg,move,not run,
16,/2019 TIDY - CELEBRITY FACEMASKS FINAL 7200 IMAGES/Angela Merkel Politician.jpg,/2019 TIDY - CELEBRITY FACEMASKS FINAL 7200 IMAGES/2026 ROYALS AND POLITICIANS/Angela Merkel Politician.jpg,move,not run,
16,/2019 TIDY - CELEBRITY FACEMASKS FINAL 7200 IMAGES/Ann Widecombe strictly.jpg,/2019 TIDY - CELEBRITY FACEMASKS FINAL 7200 IMAGES/2026 ROYALS AND POLITICIANS/Ann Widecombe strictly.jpg,move,not run,
16,/2019 TIDY - CELEBRITY FACEMASKS FINAL 7200 IMAGES/ArthurScargill.jpg,/2019 TIDY - CELEBRITY FACEMASKS FINAL 7200 IMAGES/2026 ROYALS AND POLITICIANS/ArthurScargill.jpg,move,not run,
16,/2019 TIDY - CELEBRITY FACEMASKS FINAL 7200 IMAGES/Bernie Sanders 2016.jpeg,/2019 TIDY - CELEBRITY FACEMASKS FINAL 7200 IMAGES/2026 ROYALS AND POLITICIANS/Bernie Sanders 2016.jpeg,move,not run,
16,/2019 TIDY - CELEBRITY FACEMASKS FINAL 7200 IMAGES/Boris_Johnson_FCA.jpg,/2019 TIDY - CELEBRITY FACEMASKS FINAL 7200 IMAGES/2026 ROYALS AND POLITICIANS/Boris_Johnson_FCA.jpg,move,not run,
16,/2019 TIDY - CELEBRITY FACEMASKS FINAL 7200 IMAGES/Camilla Coronation 2023-ROYALS.jpg,/2019 TIDY - CELEBRITY FACEMASKS FINAL 7200 IMAGES/2026 ROYALS AND POLITICIANS/Camilla Coronation 2023-ROYALS.jpg,move,not run,
16,/2019 TIDY - CELEBRITY FACEMASKS FINAL 7200 IMAGES/Camilla Parker Bowles.jpg,/2019 TIDY - CELEBRITY FACEMASKS FINAL 7200 IMAGES/2026 ROYALS AND POLITICIANS/Camilla Parker Bowles.jpg,move,not run,
16,/2019 TIDY - CELEBRITY FACEMASKS FINAL 7200 IMAGES/Cherie Blair.jpg,/2019 TIDY - CELEBRITY FACEMASKS FINAL 7200 IMAGES/2026 ROYALS AND POLITICIANS/Cherie Blair.jpg,move,not run,
16,/2019 TIDY - CELEBRITY FACEMASKS FINAL 7200 IMAGES/Ed Milliband.jpg,/2019 TIDY - CELEBRITY FACEMASKS FINAL 7200 IMAGES/2026 ROYALS AND POLITICIANS/Ed Milliband.jpg,move,not run,
16,/2019 TIDY - CELEBRITY FACEMASKS FINAL 7200 IMAGES/Enrico Letta Politician.jpg,/2019 TIDY - CELEBRITY FACEMASKS FINAL 7200 IMAGES/2026 ROYALS AND POLITICIANS/Enrico Letta Politician.jpg,move,not run,
16,/2019 TIDY - CELEBRITY FACEMASKS FINAL 7200 IMAGES/Eric Pickles.jpg,/2019 TIDY - CELEBRITY FACEMASKS FINAL 7200 IMAGES/2026 ROYALS AND POLITICIANS/Eric Pickles.jpg,move,not run,
16,/2019 TIDY - CELEBRITY FACEMASKS FINAL 7200 IMAGES/Francois Hollande Politician.jpg,/2019 TIDY - CELEBRITY FACEMASKS FINAL 7200 IMAGES/2026 ROYALS AND POLITICIANS/Francois Hollande Politician.jpg,move,not run,
16,/2019 TIDY - CELEBRITY FACEMASKS FINAL 7200 IMAGES/Gadaffi.jpg,/2019 TIDY - CELEBRITY FACEMASKS FINAL 7200 IMAGES/2026 ROYALS AND POLITICIANS/Gadaffi.jpg,move,not run,
16,/2019 TIDY - CELEBRITY FACEMASKS FINAL 7200 IMAGES/George Bush 2013.jpg,/2019 TIDY - CELEBRITY FACEMASKS FINAL 7200 IMAGES/2026 ROYALS AND POLITICIANS/George Bush 2013.jpg,move,not run,
16,/2019 TIDY - CELEBRITY FACEMASKS FINAL 7200 IMAGES/George osborne.jpg,/2019 TIDY - CELEBRITY FACEMASKS FINAL 7200 IMAGES/2026 ROYALS AND POLITICIANS/George osborne.jpg,move,not run,
16,/2019 TIDY - CELEBRITY FACEMASKS FINAL 7200 IMAGES/Gerry Adams.jpg,/2019 TIDY - CELEBRITY FACEMASKS FINAL 7200 IMAGES/2026 ROYALS AND POLITICIANS/Gerry Adams.jpg,move,not run,
16,/2019 TIDY - CELEBRITY FACEMASKS FINAL 7200 IMAGES/Greta thunberg pic.jpg,/2019 TIDY - CELEBRITY FACEMASKS FINAL 7200 IMAGES/2026 ROYALS AND POLITICIANS/Greta thunberg pic.jpg,move,not run,
16,/2019 TIDY - CELEBRITY FACEMASKS FINAL 7200 IMAGES/Greta thunberg.jpg,/2019 TIDY - CELEBRITY FACEMASKS FINAL 7200 IMAGES/2026 ROYALS AND POLITICIANS/Greta thunberg.jpg,move,not run,
16,/2019 TIDY - CELEBRITY FACEMASKS FINAL 7200 IMAGES/Half-prince-william.jpg,/2019 TIDY - CELEBRITY FACEMASKS FINAL 7200 IMAGES/2026 ROYALS AND POLITICIANS/Half-prince-william.jpg,move,not run,
16,/2019 TIDY - CELEBRITY FACEMASKS FINAL 7200 IMAGES/Hilary-clinton.jpg,/2019 TIDY - CELEBRITY FACEMASKS FINAL 7200 IMAGES/2026 ROYALS AND POLITICIANS/Hilary-clinton (larger).jpg,duplicate_larger,not run,
16,/2019 TIDY - CELEBRITY FACEMASKS FINAL 7200 IMAGES/Humza Yousaf.jpg,/2019 TIDY - CELEBRITY FACEMASKS FINAL 7200 IMAGES/2026 ROYALS AND POLITICIANS/Humza Yousaf.jpg,move,not run,
16,/2019 TIDY - CELEBRITY FACEMASKS FINAL 7200 IMAGES/Iain Duncan Smith.jpg,/2019 TIDY - CELEBRITY FACEMASKS FINAL 7200 IMAGES/2026 ROYALS AND POLITICIANS/Iain Duncan Smith.jpg,move,not run,
16,/2019 TIDY - CELEBRITY FACEMASKS FINAL 7200 IMAGES/Imelda Marcus.jpg,/2019 TIDY - CELEBRITY FACEMASKS FINAL 7200 IMAGES/2026 ROYALS AND POLITICIANS/Imelda Marcus.jpg,move,not run,
16,/2019 TIDY - CELEBRITY FACEMASKS FINAL 7200 IMAGES/JFK.JPG,/2019 TIDY - CELEBRITY FACEMASKS FINAL 7200 IMAGES/2026 ROYALS AND POLITICIANS/JFK.JPG,move,not run,
16,/2019 TIDY - CELEBRITY FACEMASKS FINAL 7200 IMAGES/Jack Straw.jpg,/2019 TIDY - CELEBRITY FACEMASKS FINAL 7200 IMAGES/2026 ROYALS AND POLITICIANS/Jack Straw.jpg,move,not run,
16,/2019 TIDY - CELEBRITY FACEMASKS FINAL 7200 IMAGES/Jacobreesmogg.jpg,/2019 TIDY - CELEBRITY FACEMASKS FINAL 7200 IMAGES/2026 ROYALS AND POLITICIANS/Jacobreesmogg.jpg,move,not run,
16,/2019 TIDY - CELEBRITY FACEMASKS FINAL 7200 IMAGES/John Major.jpg,/2019 TIDY - CELEBRITY FACEMASKS FINAL 7200 IMAGES/2026 ROYALS AND POLITICIANS/John Major.jpg,move,not run,
16,/2019 TIDY - CELEBRITY FACEMASKS FINAL 7200 IMAGES/John Prescott.jpg,/2019 TIDY - CELEBRITY FACEMASKS FINAL 7200 IMAGES/2026 ROYALS AND POLITICIANS/John Prescott.jpg,move,not run,
16,/2019 TIDY - CELEBRITY FACEMASKS FINAL 7200 IMAGES/Justine Greening - Politician.jpg,/2019 TIDY - CELEBRITY FACEMASKS FINAL 7200 IMAGES/2026 ROYALS AND POLITICIANS/Justine Greening - Politician.jpg,move,not run,
16,/2019 TIDY - CELEBRITY FACEMASKS FINAL 7200 IMAGES/Karl Marx.jpg,/2019 TIDY - CELEBRITY FACEMASKS FINAL 7200 IMAGES/2026 ROYALS AND POLITICIANS/Karl Marx.jpg,move,not run,
16,/2019 TIDY - CELEBRITY FACEMASKS FINAL 7200 IMAGES/Kate Middleton Coronation 2023-ROYALS.jpg,/2019 TIDY - CELEBRITY FACEMASKS FINAL 7200 IMAGES/2026 ROYALS AND POLITICIANS/Kate Middleton Coronation 2023-ROYALS.jpg,move,not run,
16,/2019 TIDY - CELEBRITY FACEMASKS FINAL 7200 IMAGES/Ken Livingstone.JPG,/2019 TIDY - CELEBRITY FACEMASKS FINAL 7200 IMAGES/2026 ROYALS AND POLITICIANS/Ken Livingstone.JPG,move,not run,
16,/2019 TIDY - CELEBRITY FACEMASKS FINAL 7200 IMAGES/Kevin Rudd.jpg,/2019 TIDY - CELEBRITY FACEMASKS FINAL 7200 IMAGES/2026 ROYALS AND POLITICIANS/Kevin Rudd.jpg,move,not run,
16,/2019 TIDY - CELEBRITY FACEMASKS FINAL 7200 IMAGES/Kier Starmer.jpg,/2019 TIDY - CELEBRITY FACEMASKS FINAL 7200 IMAGES/2026 ROYALS AND POLITICIANS/Kier Starmer.jpg,move,not run,
16,/2019 TIDY - CELEBRITY FACEMASKS FINAL 7200 IMAGES/King Charles III-Coronation 2023 -Royals.png,/2019 TIDY - CELEBRITY FACEMASKS FINAL 7200 IMAGES/2026 ROYALS AND POLITICIANS/King Charles III-Coronation 2023 -Royals.png,move,not run,
16,/2019 TIDY - CELEBRITY FACEMASKS FINAL 7200 IMAGES/Laura Bush.jpg,/2019 TIDY - CELEBRITY FACEMASKS FINAL 7200 IMAGES/2026 ROYALS AND POLITICIANS/Laura Bush.jpg,move,not run,
16,/2019 TIDY - CELEBRITY FACEMASKS FINAL 7200 IMAGES/Lembit Opik.jpg,/2019 TIDY - CELEBRITY FACEMASKS FINAL 7200 IMAGES/2026 ROYALS AND POLITICIANS/Lembit Opik.jpg,move,not run,
16,/2019 TIDY - CELEBRITY FACEMASKS FINAL 7200 IMAGES/Leon Trotskey.jpg,/2019 TIDY - CELEBRITY FACEMASKS FINAL 7200 IMAGES/2026 ROYALS AND POLITICIANS/Leon Trotskey.jpg,move,not run,
16,/2019 TIDY - CELEBRITY FACEMASKS FINAL 7200 IMAGES/Liz Kendall.jpg,/2019 TIDY - CELEBRITY FACEMASKS FINAL 7200 IMAGES/2026 ROYALS AND POLITICIANS/Liz Kendall.jpg,move,not run,
16,/2019 TIDY - CELEBRITY FACEMASKS FINAL 7200 IMAGES/Lord Phillips of Worth Matravers Politician.jpg,/2019 TIDY - CELEBRITY FACEMASKS FINAL 7200 IMAGES/2026 ROYALS AND POLITICIANS/Lord Phillips of Worth Matravers Politician.jpg,move,not run,
16,/2019 TIDY - CELEBRITY FACEMASKS FINAL 7200 IMAGES/Luciana Berger.jpg,/2019 TIDY - CELEBRITY FACEMASKS FINAL 7200 IMAGES/2026 ROYALS AND POLITICIANS/Luciana Berger.jpg,move,not run,
16,/2019 TIDY - CELEBRITY FACEMASKS FINAL 7200 IMAGES/MARIE LE PEN.jpg,/2019 TIDY - CELEBRITY FACEMASKS FINAL 7200 IMAGES/2026 ROYALS AND POLITICIANS/MARIE LE PEN.jpg,move,not run,
16,/2019 TIDY - CELEBRITY FACEMASKS FINAL 7200 IMAGES/Martin McGuinness.jpg,/2019 TIDY - CELEBRITY FACEMASKS FINAL 7200 IMAGES/2026 ROYALS AND POLITICIANS/Martin McGuinness.jpg,move,not run,
16,/2019 TIDY - CELEBRITY FACEMASKS FINAL 7200 IMAGES/Martin Mcguiness.jpg,/2019 TIDY - CELEBRITY FACEMASKS FINAL 7200 IMAGES/2026 ROYALS AND POLITICIANS/Martin Mcguiness.jpg,move,not run,
16,/2019 TIDY - CELEBRITY FACEMASKS FINAL 7200 IMAGES/Meghan Markle Coronation 2023-ROYALS.jpg,/2019 TIDY - CELEBRITY FACEMASKS FINAL 7200 IMAGES/2026 ROYALS AND POLITICIANS/Meghan Markle Coronation 2023-ROYALS.jpg,move,not run,
16,/2019 TIDY - CELEBRITY FACEMASKS FINAL 7200 IMAGES/Michelis Barnier.jpg,/2019 TIDY - CELEBRITY FACEMASKS FINAL 7200 IMAGES/2026 ROYALS AND POLITICIANS/Michelis Barnier.jpg,move,not run,
16,/2019 TIDY - CELEBRITY FACEMASKS FINAL 7200 IMAGES/Minister Edwin Poots.jpg,/2019 TIDY - CELEBRITY FACEMASKS FINAL 7200 IMAGES/2026 ROYALS AND POLITICIANS/Minister Edwin Poots.jpg,move,not run,
16,/2019 TIDY - CELEBRITY FACEMASKS FINAL 7200 IMAGES/Mitt Romney Face Mask.jpg,/2019 TIDY - CELEBRITY FACEMASKS FINAL 7200 IMAGES/2026 ROYALS AND POLITICIANS/Mitt Romney Face Mask.jpg,move,not run,
16,/2019 TIDY - CELEBRITY FACEMASKS FINAL 7200 IMAGES/Monica Lewinsky.jpg,/2019 TIDY - CELEBRITY FACEMASKS FINAL 7200 IMAGES/2026 ROYALS AND POLITICIANS/Monica Lewinsky.jpg,move,not run,
16,/2019 TIDY - CELEBRITY FACEMASKS FINAL 7200 IMAGES/Mr Jeremy hunt politician.jpg,/2019 TIDY - CELEBRITY FACEMASKS FINAL 7200 IMAGES/2026 ROYALS AND POLITICIANS/Mr Jeremy hunt politician.jpg,move,not run,
16,/2019 TIDY - CELEBRITY FACEMASKS FINAL 7200 IMAGES/NadhimZahawi.jpg,/2019 TIDY - CELEBRITY FACEMASKS FINAL 7200 IMAGES/2026 ROYALS AND POLITICIANS/NadhimZahawi.jpg,move,not run,
16,/2019 TIDY - CELEBRITY FACEMASKS FINAL 7200 IMAGES/Neil Kinnock.jpg,/2019 TIDY - CELEBRITY FACEMASKS FINAL 7200 IMAGES/2026 ROYALS AND POLITICIANS/Neil Kinnock.jpg,move,not run,
16,/2019 TIDY - CELEBRITY FACEMASKS FINAL 7200 IMAGES/Nelson Mandella.jpg,/2019 TIDY - CELEBRITY FACEMASKS FINAL 7200 IMAGES/2026 ROYALS AND POLITICIANS/Nelson Mandella.jpg,move,not run,
16,/2019 TIDY - CELEBRITY FACEMASKS FINAL 7200 IMAGES/Nick Clegg.JPG,/2019 TIDY - CELEBRITY FACEMASKS FINAL 7200 IMAGES/2026 ROYALS AND POLITICIANS/Nick Clegg.JPG,move,not run,
16,/2019 TIDY - CELEBRITY FACEMASKS FINAL 7200 IMAGES/Norman Tebit.jpg,/2019 TIDY - CELEBRITY FACEMASKS FINAL 7200 IMAGES/2026 ROYALS AND POLITICIANS/Norman Tebit.jpg,move,not run,
16,/2019 TIDY - CELEBRITY FACEMASKS FINAL 7200 IMAGES/Pena Nieto.jpg,/2019 TIDY - CELEBRITY FACEMASKS FINAL 7200 IMAGES/2026 ROYALS AND POLITICIANS/Pena Nieto.jpg,move,not run,
16,/2019 TIDY - CELEBRITY FACEMASKS FINAL 7200 IMAGES/Penny Mordaunt Politician.jpg,/2019 TIDY - CELEBRITY FACEMASKS FINAL 7200 IMAGES/2026 ROYALS AND POLITICIANS/Penny Mordaunt Politician.jpg,move,not run,
16,/2019 TIDY - CELEBRITY FACEMASKS FINAL 7200 IMAGES/Peter Robinson.jpg,/2019 TIDY - CELEBRITY FACEMASKS FINAL 7200 IMAGES/2026 ROYALS AND POLITICIANS/Peter Robinson.jpg,move,not run,
16,/2019 TIDY - CELEBRITY FACEMASKS FINAL 7200 IMAGES/Philip Hammond.jpg,/2019 TIDY - CELEBRITY FACEMASKS FINAL 7200 IMAGES/2026 ROYALS AND POLITICIANS/Philip Hammond.jpg,move,not run,
16,/2019 TIDY - CELEBRITY FACEMASKS FINAL 7200 IMAGES/Prince Harry Coronation 2023-ROYALS.jpg,/2019 TIDY - CELEBRITY FACEMASKS FINAL 7200 IMAGES/2026 ROYALS AND POLITICIANS/Prince Harry Coronation 2023-ROYALS.jpg,move,not run,
16,/2019 TIDY - CELEBRITY FACEMASKS FINAL 7200 IMAGES/Prince Philip Coronation 2023-ROYALS.jpg,/2019 TIDY - CELEBRITY FACEMASKS FINAL 7200 IMAGES/2026 ROYALS AND POLITICIANS/Prince Philip Coronation 2023-ROYALS.jpg,move,not run,
16,/2019 TIDY - CELEBRITY FACEMASKS FINAL 7200 IMAGES/Prince william Coronation 2023-ROYALS.jpg,/2019 TIDY - CELEBRITY FACEMASKS FINAL 7200 IMAGES/2026 ROYALS AND POLITICIANS/Prince william Coronation 2023-ROYALS.jpg,move,not run,
16,/2019 TIDY - CELEBRITY FACEMASKS FINAL 7200 IMAGES/Priti Patel - Politician.jpg,/2019 TIDY - CELEBRITY FACEMASKS FINAL 7200 IMAGES/2026 ROYALS AND POLITICIANS/Priti Patel - Politician.jpg,move,not run,
16,/2019 TIDY - CELEBRITY FACEMASKS FINAL 7200 IMAGES/Suella Braverman.jpg,/2019 TIDY - CELEBRITY FACEMASKS FINAL 7200 IMAGES/2026 ROYALS AND POLITICIANS/Suella Braverman.jpg,move,not run,
16,/2019 TIDY - CELEBRITY FACEMASKS FINAL 7200 IMAGES/THE QUEEN CROWN Coronation 2023-royals.jpg,/2019 TIDY - CELEBRITY FACEMASKS FINAL 7200 IMAGES/2026 ROYALS AND POLITICIANS/THE QUEEN CROWN Coronation 2023-royals.jpg,move,not run,
16,/2019 TIDY - CELEBRITY FACEMASKS FINAL 7200 IMAGES/The Queen 2012.PNG,/2019 TIDY - CELEBRITY FACEMASKS FINAL 7200 IMAGES/2026 ROYALS AND POLITICIANS/The Queen 2012.PNG,move,not run,
16,/2019 TIDY - CELEBRITY FACEMASKS FINAL 7200 IMAGES/Theresa May.jpg,/2019 TIDY - CELEBRITY FACEMASKS FINAL 7200 IMAGES/2026 ROYALS AND POLITICIANS/Theresa May.jpg,move,not run,
16,/2019 TIDY - CELEBRITY FACEMASKS FINAL 7200 IMAGES/adolf_hitler2.jpg,/2019 TIDY - CELEBRITY FACEMASKS FINAL 7200 IMAGES/2026 ROYALS AND POLITICIANS/adolf_hitler2.jpg,move,not run,
16,/2019 TIDY - CELEBRITY FACEMASKS FINAL 7200 IMAGES/alun cairns - Politician.jpg,/2019 TIDY - CELEBRITY FACEMASKS FINAL 7200 IMAGES/2026 ROYALS AND POLITICIANS/alun cairns - Politician.jpg,move,not run,
16,/2019 TIDY - CELEBRITY FACEMASKS FINAL 7200 IMAGES/esther-mcvey.jpg,/2019 TIDY - CELEBRITY FACEMASKS FINAL 7200 IMAGES/2026 ROYALS AND POLITICIANS/esther-mcvey.jpg,move,not run,
16,/2019 TIDY - CELEBRITY FACEMASKS FINAL 7200 IMAGES/george osbourne mp.jpg,/2019 TIDY - CELEBRITY FACEMASKS FINAL 7200 IMAGES/2026 ROYALS AND POLITICIANS/george osbourne mp.jpg,move,not run,
16,/2019 TIDY - CELEBRITY FACEMASKS FINAL 7200 IMAGES/henry_viii.jpg,/2019 TIDY - CELEBRITY FACEMASKS FINAL 7200 IMAGES/2026 ROYALS AND POLITICIANS/henry_viii.jpg,move,not run,
16,/2019 TIDY - CELEBRITY FACEMASKS FINAL 7200 IMAGES/jack brooksbank.jpg,/2019 TIDY - CELEBRITY FACEMASKS FINAL 7200 IMAGES/2026 ROYALS AND POLITICIANS/jack brooksbank.jpg,move,not run,
16,/2019 TIDY - CELEBRITY FACEMASKS FINAL 7200 IMAGES/jamie brysonnn.jpg,/2019 TIDY - CELEBRITY FACEMASKS FINAL 7200 IMAGES/2026 ROYALS AND POLITICIANS/jamie brysonnn.jpg,move,not run,
16,/2019 TIDY - CELEBRITY FACEMASKS FINAL 7200 IMAGES/jean-claude-juncker.jpg,/2019 TIDY - CELEBRITY FACEMASKS FINAL 7200 IMAGES/2026 ROYALS AND POLITICIANS/jean-claude-juncker.jpg,move,not run,
16,/2019 TIDY - CELEBRITY FACEMASKS FINAL 7200 IMAGES/jim murphy mp.jpg,/2019 TIDY - CELEBRITY FACEMASKS FINAL 7200 IMAGES/2026 ROYALS AND POLITICIANS/jim murphy mp.jpg,move,not run,
16,/2019 TIDY - CELEBRITY FACEMASKS FINAL 7200 IMAGES/julia gillard.jpg,/2019 TIDY - CELEBRITY FACEMASKS FINAL 7200 IMAGES/2026 ROYALS AND POLITICIANS/julia gillard.jpg,move,not run,
16,/2019 TIDY - CELEBRITY FACEMASKS FINAL 7200 IMAGES/julia-gillard-june-2010-a.jpg,/2019 TIDY - CELEBRITY FACEMASKS FINAL 7200 IMAGES/2026 ROYALS AND POLITICIANS/julia-gillard-june-2010-a.jpg,move,not run,
16,/2019 TIDY - CELEBRITY FACEMASKS FINAL 7200 IMAGES/liam fox.jpg,/2019 TIDY - CELEBRITY FACEMASKS FINAL 7200 IMAGES/2026 ROYALS AND POLITICIANS/liam fox.jpg,move,not run,
16,/2019 TIDY - CELEBRITY FACEMASKS FINAL 7200 IMAGES/megan markel.jpg,/2019 TIDY - CELEBRITY FACEMASKS FINAL 7200 IMAGES/2026 ROYALS AND POLITICIANS/megan markel.jpg,move,not run,
16,/2019 TIDY - CELEBRITY FACEMASKS FINAL 7200 IMAGES/michael fallon - Politician.jpg,/2019 TIDY - CELEBRITY FACEMASKS FINAL 7200 IMAGES/2026 ROYALS AND POLITICIANS/michael fallon - Politician.jpg,move,not run,
16,/2019 TIDY - CELEBRITY FACEMASKS FINAL 7200 IMAGES/michelle_obamaMINT.jpg,/2019 TIDY - CELEBRITY FACEMASKS FINAL 7200 IMAGES/2026 ROYALS AND POLITICIANS/michelle_obamaMINT.jpg,move,not run,
16,/2019 TIDY - CELEBRITY FACEMASKS FINAL 7200 IMAGES/silly-boris.jpg,/2019 TIDY - CELEBRITY FACEMASKS FINAL 7200 IMAGES/2026 ROYALS AND POLITICIANS/silly-boris.jpg,move,not run,
16,/2019 TIDY - CELEBRITY FACEMASKS FINAL 7200 IMAGES/Howard_Dwight.jpg,/2019 TIDY - CELEBRITY FACEMASKS FINAL 7200 IMAGES/2026 SPORTS STARS/Basketball/Howard_Dwight.jpg,move,not run,
16,/2019 TIDY - CELEBRITY FACEMASKS FINAL 7200 IMAGES/Kevin Durant.jpg,/2019 TIDY - CELEBRITY FACEMASKS FINAL 7200 IMAGES/2026 SPORTS STARS/Basketball/Kevin Durant (larger).jpg,duplicate_larger,not run,
16,/2019 TIDY - CELEBRITY FACEMASKS FINAL 7200 IMAGES/Kevin Love.jpg,/2019 TIDY - CELEBRITY FACEMASKS FINAL 7200 IMAGES/2026 SPORTS STARS/Basketball/Kevin Love.jpg,move,not run,
16,/2019 TIDY - CELEBRITY FACEMASKS FINAL 7200 IMAGES/Kobe_Bryant.jpg,/2019 TIDY - CELEBRITY FACEMASKS FINAL 7200 IMAGES/2026 SPORTS STARS/Basketball/Kobe_Bryant (larger).jpg,duplicate_larger,not run,
16,/2019 TIDY - CELEBRITY FACEMASKS FINAL 7200 IMAGES/Michael Jordan.jpg,/2019 TIDY - CELEBRITY FACEMASKS FINAL 7200 IMAGES/2026 SPORTS STARS/Basketball/Michael Jordan (larger).jpg,duplicate_larger,not run,
16,/2019 TIDY - CELEBRITY FACEMASKS FINAL 7200 IMAGES/kevin garnett.JPG,/2019 TIDY - CELEBRITY FACEMASKS FINAL 7200 IMAGES/2026 SPORTS STARS/Basketball/kevin garnett.JPG,move,not run,
16,/2019 TIDY - CELEBRITY FACEMASKS FINAL 7200 IMAGES/Jason Kenny.jpg,/2019 TIDY - CELEBRITY FACEMASKS FINAL 7200 IMAGES/2026 SPORTS STARS/Cycling/Jason Kenny.jpg,move,not run,
16,/2019 TIDY - CELEBRITY FACEMASKS FINAL 7200 IMAGES/Laura Trott.jpg,/2019 TIDY - CELEBRITY FACEMASKS FINAL 7200 IMAGES/2026 SPORTS STARS/Cycling/Laura Trott.jpg,move,not run,
16,/2019 TIDY - CELEBRITY FACEMASKS FINAL 7200 IMAGES/Lizzie-Armitstead.jpg,/2019 TIDY - CELEBRITY FACEMASKS FINAL 7200 IMAGES/2026 SPORTS STARS/Cycling/Lizzie-Armitstead.jpg,move,not run,
16,/2019 TIDY - CELEBRITY FACEMASKS FINAL 7200 IMAGES/Mark Cavendish Olympic Racing.jpg,/2019 TIDY - CELEBRITY FACEMASKS FINAL 7200 IMAGES/2026 SPORTS STARS/Cycling/Mark Cavendish Olympic Racing.jpg,move,not run,
16,/2019 TIDY - CELEBRITY FACEMASKS FINAL 7200 IMAGES/Peter Sagan.jpg,/2019 TIDY - CELEBRITY FACEMASKS FINAL 7200 IMAGES/2026 SPORTS STARS/Cycling/Peter Sagan.jpg,move,not run,
16,/2019 TIDY - CELEBRITY FACEMASKS FINAL 7200 IMAGES/Brooks Koepka - Golf.jpg,/2019 TIDY - CELEBRITY FACEMASKS FINAL 7200 IMAGES/2026 SPORTS STARS/Golf/Brooks Koepka - Golf.jpg,move,not run,
16,/2019 TIDY - CELEBRITY FACEMASKS FINAL 7200 IMAGES/Ernie Els.jpg,/2019 TIDY - CELEBRITY FACEMASKS FINAL 7200 IMAGES/2026 SPORTS STARS/Golf/Ernie Els.jpg,move,not run,
17,/2019 TIDY - CELEBRITY FACEMASKS FINAL 7200 IMAGES/Greg Norman.jpg,/2019 TIDY - CELEBRITY FACEMASKS FINAL 7200 IMAGES/2026 SPORTS STARS/Golf/Greg Norman.jpg,move,not run,
17,/2019 TIDY - CELEBRITY FACEMASKS FINAL 7200 IMAGES/Ian Woosnam.jpg,/2019 TIDY - CELEBRITY FACEMASKS FINAL 7200 IMAGES/2026 SPORTS STARS/Golf/Ian Woosnam.jpg,move,not run,
17,/2019 TIDY - CELEBRITY FACEMASKS FINAL 7200 IMAGES/JACK-NICKLAUS.jpg,/2019 TIDY - CELEBRITY FACEMASKS FINAL 7200 IMAGES/2026 SPORTS STARS/Golf/JACK-NICKLAUS (larger).jpg,duplicate_larger,not run,
17,/2019 TIDY - CELEBRITY FACEMASKS FINAL 7200 IMAGES/Jim Furyk 2.jpg,/2019 TIDY - CELEBRITY FACEMASKS FINAL 7200 IMAGES/2026 SPORTS STARS/Golf/Jim Furyk 2.jpg,move,not run,
17,/2019 TIDY - CELEBRITY FACEMASKS FINAL 7200 IMAGES/Jim Furyk.jpg,/2019 TIDY - CELEBRITY FACEMASKS FINAL 7200 IMAGES/2026 SPORTS STARS/Golf/Jim Furyk.jpg,move,not run,
17,/2019 TIDY - CELEBRITY FACEMASKS FINAL 7200 IMAGES/José María Olazábal.jpg,/2019 TIDY - CELEBRITY FACEMASKS FINAL 7200 IMAGES/2026 SPORTS STARS/Golf/José María Olazábal.jpg,move,not run,
17,/2019 TIDY - CELEBRITY FACEMASKS FINAL 7200 IMAGES/Keegan Bradeley.jpg,/2019 TIDY - CELEBRITY FACEMASKS FINAL 7200 IMAGES/2026 SPORTS STARS/Golf/Keegan Bradeley.jpg,move,not run,
17,/2019 TIDY - CELEBRITY FACEMASKS FINAL 7200 IMAGES/Phil Mickleson.jpg,/2019 TIDY - CELEBRITY FACEMASKS FINAL 7200 IMAGES/2026 SPORTS STARS/Golf/Phil Mickleson.jpg,move,not run,
17,/2019 TIDY - CELEBRITY FACEMASKS FINAL 7200 IMAGES/Pieters_Thomas.jpg,/2019 TIDY - CELEBRITY FACEMASKS FINAL 7200 IMAGES/2026 SPORTS STARS/Golf/Pieters_Thomas.jpg,move,not run,
17,/2019 TIDY - CELEBRITY FACEMASKS FINAL 7200 IMAGES/Tyrrell Hatton - Golf.jpg,/2019 TIDY - CELEBRITY FACEMASKS FINAL 7200 IMAGES/2026 SPORTS STARS/Golf/Tyrrell Hatton - Golf.jpg,move,not run,
17,/2019 TIDY - CELEBRITY FACEMASKS FINAL 7200 IMAGES/francesco molinari.jpg,/2019 TIDY - CELEBRITY FACEMASKS FINAL 7200 IMAGES/2026 SPORTS STARS/Golf/francesco molinari.jpg,move,not run,
17,/2019 TIDY - CELEBRITY FACEMASKS FINAL 7200 IMAGES/gonzalo fernandez-castano.jpg,/2019 TIDY - CELEBRITY FACEMASKS FINAL 7200 IMAGES/2026 SPORTS STARS/Golf/gonzalo fernandez-castano.jpg,move,not run,
17,/2019 TIDY - CELEBRITY FACEMASKS FINAL 7200 IMAGES/graeme mcdowell 2.jpg,/2019 TIDY - CELEBRITY FACEMASKS FINAL 7200 IMAGES/2026 SPORTS STARS/Golf/graeme mcdowell 2.jpg,move,not run,
17,/2019 TIDY - CELEBRITY FACEMASKS FINAL 7200 IMAGES/graeme mcdowell.jpg,/2019 TIDY - CELEBRITY FACEMASKS FINAL 7200 IMAGES/2026 SPORTS STARS/Golf/graeme mcdowell.jpg,move,not run,
17,/2019 TIDY - CELEBRITY FACEMASKS FINAL 7200 IMAGES/graham delaet 2.jpg,/2019 TIDY - CELEBRITY FACEMASKS FINAL 7200 IMAGES/2026 SPORTS STARS/Golf/graham delaet 2.jpg,move,not run,
17,/2019 TIDY - CELEBRITY FACEMASKS FINAL 7200 IMAGES/graham delaet.jpg,/2019 TIDY - CELEBRITY FACEMASKS FINAL 7200 IMAGES/2026 SPORTS STARS/Golf/graham delaet.jpg,move,not run,
17,/2019 TIDY - CELEBRITY FACEMASKS FINAL 7200 IMAGES/gregory bourdy 2.jpg,/2019 TIDY - CELEBRITY FACEMASKS FINAL 7200 IMAGES/2026 SPORTS STARS/Golf/gregory bourdy 2.jpg,move,not run,
17,/2019 TIDY - CELEBRITY FACEMASKS FINAL 7200 IMAGES/harris english.jpg,/2019 TIDY - CELEBRITY FACEMASKS FINAL 7200 IMAGES/2026 SPORTS STARS/Golf/harris english.jpg,move,not run,
17,/2019 TIDY - CELEBRITY FACEMASKS FINAL 7200 IMAGES/henrik stenson.jpg,/2019 TIDY - CELEBRITY FACEMASKS FINAL 7200 IMAGES/2026 SPORTS STARS/Golf/henrik stenson.jpg,move,not run,
17,/2019 TIDY - CELEBRITY FACEMASKS FINAL 7200 IMAGES/hideki matsuyam 2.jpg,/2019 TIDY - CELEBRITY FACEMASKS FINAL 7200 IMAGES/2026 SPORTS STARS/Golf/hideki matsuyam 2.jpg,move,not run,
17,/2019 TIDY - CELEBRITY FACEMASKS FINAL 7200 IMAGES/hideki matsuyama.jpg,/2019 TIDY - CELEBRITY FACEMASKS FINAL 7200 IMAGES/2026 SPORTS STARS/Golf/hideki matsuyama (larger).jpg,duplicate_larger,not run,
17,/2019 TIDY - CELEBRITY FACEMASKS FINAL 7200 IMAGES/hunter mahan.jpg,/2019 TIDY - CELEBRITY FACEMASKS FINAL 7200 IMAGES/2026 SPORTS STARS/Golf/hunter mahan.jpg,move,not run,
17,/2019 TIDY - CELEBRITY FACEMASKS FINAL 7200 IMAGES/jamie donaldson 2.jpg,/2019 TIDY - CELEBRITY FACEMASKS FINAL 7200 IMAGES/2026 SPORTS STARS/Golf/jamie donaldson 2.jpg,move,not run,
17,/2019 TIDY - CELEBRITY FACEMASKS FINAL 7200 IMAGES/jamie donaldson.jpg,/2019 TIDY - CELEBRITY FACEMASKS FINAL 7200 IMAGES/2026 SPORTS STARS/Golf/jamie donaldson.jpg,move,not run,
17,/2019 TIDY - CELEBRITY FACEMASKS FINAL 7200 IMAGES/jason day.jpg,/2019 TIDY - CELEBRITY FACEMASKS FINAL 7200 IMAGES/2026 SPORTS STARS/Golf/jason day (larger).jpg,duplicate_larger,not run,
17,/2019 TIDY - CELEBRITY FACEMASKS FINAL 7200 IMAGES/jason dufner.jpg,/2019 TIDY - CELEBRITY FACEMASKS FINAL 7200 IMAGES/2026 SPORTS STARS/Golf/jason dufner (larger).jpg,duplicate_larger,not run,
17,/2019 TIDY - CELEBRITY FACEMASKS FINAL 7200 IMAGES/jimmy walker.jpg,/2019 TIDY - CELEBRITY FACEMASKS FINAL 7200 IMAGES/2026 SPORTS STARS/Golf/jimmy walker.jpg,move,not run,
17,/2019 TIDY - CELEBRITY FACEMASKS FINAL 7200 IMAGES/john daly 2.jpg,/2019 TIDY - CELEBRITY FACEMASKS FINAL 7200 IMAGES/2026 SPORTS STARS/Golf/john daly 2.jpg,move,not run,
17,/2019 TIDY - CELEBRITY FACEMASKS FINAL 7200 IMAGES/john daly 3.jpg,/2019 TIDY - CELEBRITY FACEMASKS FINAL 7200 IMAGES/2026 SPORTS STARS/Golf/john daly 3.jpg,move,not run,
17,/2019 TIDY - CELEBRITY FACEMASKS FINAL 7200 IMAGES/john daly 4.jpg,/2019 TIDY - CELEBRITY FACEMASKS FINAL 7200 IMAGES/2026 SPORTS STARS/Golf/john daly 4.jpg,move,not run,
17,/2019 TIDY - CELEBRITY FACEMASKS FINAL 7200 IMAGES/john daly.jpg,/2019 TIDY - CELEBRITY FACEMASKS FINAL 7200 IMAGES/2026 SPORTS STARS/Golf/john daly.jpg,move,not run,
17,/2019 TIDY - CELEBRITY FACEMASKS FINAL 7200 IMAGES/john senden.jpg,/2019 TIDY - CELEBRITY FACEMASKS FINAL 7200 IMAGES/2026 SPORTS STARS/Golf/john senden.jpg,move,not run,
17,/2019 TIDY - CELEBRITY FACEMASKS FINAL 7200 IMAGES/jonas blixt 2.jpg,/2019 TIDY - CELEBRITY FACEMASKS FINAL 7200 IMAGES/2026 SPORTS STARS/Golf/jonas blixt 2.jpg,move,not run,
17,/2019 TIDY - CELEBRITY FACEMASKS FINAL 7200 IMAGES/joost luiten.jpg,/2019 TIDY - CELEBRITY FACEMASKS FINAL 7200 IMAGES/2026 SPORTS STARS/Golf/joost luiten.jpg,move,not run,
17,/2019 TIDY - CELEBRITY FACEMASKS FINAL 7200 IMAGES/jose olazabal (2).jpg,/2019 TIDY - CELEBRITY FACEMASKS FINAL 7200 IMAGES/2026 SPORTS STARS/Golf/jose olazabal (2).jpg,move,not run,
17,/2019 TIDY - CELEBRITY FACEMASKS FINAL 7200 IMAGES/juvic pagunsan 2.jpg,/2019 TIDY - CELEBRITY FACEMASKS FINAL 7200 IMAGES/2026 SPORTS STARS/Golf/juvic pagunsan 2.jpg,move,not run,
17,/2019 TIDY - CELEBRITY FACEMASKS FINAL 7200 IMAGES/juvic pagunsan.jpg,/2019 TIDY - CELEBRITY FACEMASKS FINAL 7200 IMAGES/2026 SPORTS STARS/Golf/juvic pagunsan.jpg,move,not run,
17,/2019 TIDY - CELEBRITY FACEMASKS FINAL 7200 IMAGES/keegan bradley.jpg,/2019 TIDY - CELEBRITY FACEMASKS FINAL 7200 IMAGES/2026 SPORTS STARS/Golf/keegan bradley.jpg,move,not run,
17,/2019 TIDY - CELEBRITY FACEMASKS FINAL 7200 IMAGES/kiradech aphibarnrat.jpg,/2019 TIDY - CELEBRITY FACEMASKS FINAL 7200 IMAGES/2026 SPORTS STARS/Golf/kiradech aphibarnrat.jpg,move,not run,
17,/2019 TIDY - CELEBRITY FACEMASKS FINAL 7200 IMAGES/louis oosthuizen.jpg,/2019 TIDY - CELEBRITY FACEMASKS FINAL 7200 IMAGES/2026 SPORTS STARS/Golf/louis oosthuizen.jpg,move,not run,
17,/2019 TIDY - CELEBRITY FACEMASKS FINAL 7200 IMAGES/luke donald 2.jpg,/2019 TIDY - CELEBRITY FACEMASKS FINAL 7200 IMAGES/2026 SPORTS STARS/Golf/luke donald 2.jpg,variant,not run,
17,/2019 TIDY - CELEBRITY FACEMASKS FINAL 7200 IMAGES/mark calcavecchia.jpg,/2019 TIDY - CELEBRITY FACEMASKS FINAL 7200 IMAGES/2026 SPORTS STARS/Golf/mark calcavecchia.jpg,move,not run,
17,/2019 TIDY - CELEBRITY FACEMASKS FINAL 7200 IMAGES/mark omeara.jpg,/2019 TIDY - CELEBRITY FACEMASKS FINAL 7200 IMAGES/2026 SPORTS STARS/Golf/mark omeara.jpg,variant,not run,
17,/2019 TIDY - CELEBRITY FACEMASKS FINAL 7200 IMAGES/mark wiebe.jpg,/2019 TIDY - CELEBRITY FACEMASKS FINAL 7200 IMAGES/2026 SPORTS STARS/Golf/mark wiebe.jpg,move,not run,
17,/2019 TIDY - CELEBRITY FACEMASKS FINAL 7200 IMAGES/martin kaymer (2).jpg,/2019 TIDY - CELEBRITY FACEMASKS FINAL 7200 IMAGES/2026 SPORTS STARS/Golf/martin kaymer (2).jpg,move,not run,
17,/2019 TIDY - CELEBRITY FACEMASKS FINAL 7200 IMAGES/matt kucher.jpg,/2019 TIDY - CELEBRITY FACEMASKS FINAL 7200 IMAGES/2026 SPORTS STARS/Golf/matt kucher.jpg,move,not run,
17,/2019 TIDY - CELEBRITY FACEMASKS FINAL 7200 IMAGES/matteo manassero 2.jpg,/2019 TIDY - CELEBRITY FACEMASKS FINAL 7200 IMAGES/2026 SPORTS STARS/Golf/matteo manassero 2.jpg,move,not run,
17,/2019 TIDY - CELEBRITY FACEMASKS FINAL 7200 IMAGES/matteo manassero.jpg,/2019 TIDY - CELEBRITY FACEMASKS FINAL 7200 IMAGES/2026 SPORTS STARS/Golf/matteo manassero.jpg,move,not run,
17,/2019 TIDY - CELEBRITY FACEMASKS FINAL 7200 IMAGES/mikko ilonen.jpg,/2019 TIDY - CELEBRITY FACEMASKS FINAL 7200 IMAGES/2026 SPORTS STARS/Golf/mikko ilonen.jpg,move,not run,
17,/2019 TIDY - CELEBRITY FACEMASKS FINAL 7200 IMAGES/patrick reed.jpg,/2019 TIDY - CELEBRITY FACEMASKS FINAL 7200 IMAGES/2026 SPORTS STARS/Golf/patrick reed (larger).jpg,duplicate_larger,not run,
17,/2019 TIDY - CELEBRITY FACEMASKS FINAL 7200 IMAGES/paul lawrie (2).jpg,/2019 TIDY - CELEBRITY FACEMASKS FINAL 7200 IMAGES/2026 SPORTS STARS/Golf/paul lawrie (2).jpg,move,not run,
17,/2019 TIDY - CELEBRITY FACEMASKS FINAL 7200 IMAGES/paul lawrie 2.jpg,/2019 TIDY - CELEBRITY FACEMASKS FINAL 7200 IMAGES/2026 SPORTS STARS/Golf/paul lawrie 2.jpg,move,not run,
17,/2019 TIDY - CELEBRITY FACEMASKS FINAL 7200 IMAGES/peter uihlein.jpg,/2019 TIDY - CELEBRITY FACEMASKS FINAL 7200 IMAGES/2026 SPORTS STARS/Golf/peter uihlein.jpg,move,not run,
17,/2019 TIDY - CELEBRITY FACEMASKS FINAL 7200 IMAGES/phil mickelson.jpg,/2019 TIDY - CELEBRITY FACEMASKS FINAL 7200 IMAGES/2026 SPORTS STARS/Golf/phil mickelson (larger).jpg,duplicate_larger,not run,
17,/2019 TIDY - CELEBRITY FACEMASKS FINAL 7200 IMAGES/poults.jpg,/2019 TIDY - CELEBRITY FACEMASKS FINAL 7200 IMAGES/2026 SPORTS STARS/Golf/poults.jpg,move,not run,
17,/2019 TIDY - CELEBRITY FACEMASKS FINAL 7200 IMAGES/sergio_garcia_golf 2018.jpg,/2019 TIDY - CELEBRITY FACEMASKS FINAL 7200 IMAGES/2026 SPORTS STARS/Golf/sergio_garcia_golf 2018.jpg,move,not run,
17,/2019 TIDY - CELEBRITY FACEMASKS FINAL 7200 IMAGES/CONOR MCGREGOR JB.jpg,/2019 TIDY - CELEBRITY FACEMASKS FINAL 7200 IMAGES/2026 BOXERS/CONOR MCGREGOR JB (larger).jpg,duplicate_larger,not run,
17,/2019 TIDY - CELEBRITY FACEMASKS FINAL 7200 IMAGES/Jon Jones 2016.jpg,/2019 TIDY - CELEBRITY FACEMASKS FINAL 7200 IMAGES/2026 SPORTS STARS/MMA/Jon Jones 2016.jpg,move,not run,
17,/2019 TIDY - CELEBRITY FACEMASKS FINAL 7200 IMAGES/Quinton Rampage Jackson UFC.jpg,/2019 TIDY - CELEBRITY FACEMASKS FINAL 7200 IMAGES/2026 SPORTS STARS/MMA/Quinton Rampage Jackson UFC.jpg,move,not run,
17,/2019 TIDY - CELEBRITY FACEMASKS FINAL 7200 IMAGES/holly holm.jpg,/2019 TIDY - CELEBRITY FACEMASKS FINAL 7200 IMAGES/2026 SPORTS STARS/MMA/holly holm.jpg,move,not run,
17,/2019 TIDY - CELEBRITY FACEMASKS FINAL 7200 IMAGES/jon jones ufc.jpg,/2019 TIDY - CELEBRITY FACEMASKS FINAL 7200 IMAGES/2026 SPORTS STARS/MMA/jon jones ufc.jpg,move,not run,
17,/2019 TIDY - CELEBRITY FACEMASKS FINAL 7200 IMAGES/josh koscheck.jpg,/2019 TIDY - CELEBRITY FACEMASKS FINAL 7200 IMAGES/2026 SPORTS STARS/MMA/josh koscheck.jpg,move,not run,
17,/2019 TIDY - CELEBRITY FACEMASKS FINAL 7200 IMAGES/Justin Verlander.jpg,/2019 TIDY - CELEBRITY FACEMASKS FINAL 7200 IMAGES/2026 SPORTS STARS/Misc Sports/Justin Verlander.jpg,move,not run,
17,/2019 TIDY - CELEBRITY FACEMASKS FINAL 7200 IMAGES/Phil Ivey.jpg,/2019 TIDY - CELEBRITY FACEMASKS FINAL 7200 IMAGES/2026 SPORTS STARS/Misc Sports/Phil Ivey.jpg,move,not run,
17,/2019 TIDY - CELEBRITY FACEMASKS FINAL 7200 IMAGES/Gemma Gibbons Sport.jpg,/2019 TIDY - CELEBRITY FACEMASKS FINAL 7200 IMAGES/2026 SPORTS STARS/Olympic Athletes/Gemma Gibbons Sport.jpg,move,not run,
17,/2019 TIDY - CELEBRITY FACEMASKS FINAL 7200 IMAGES/Jade Jones.jpg,/2019 TIDY - CELEBRITY FACEMASKS FINAL 7200 IMAGES/2026 SPORTS STARS/Olympic Athletes/Jade Jones (larger).jpg,duplicate_larger,not run,
17,/2019 TIDY - CELEBRITY FACEMASKS FINAL 7200 IMAGES/JosephCraig SWIMMER.jpg,/2019 TIDY - CELEBRITY FACEMASKS FINAL 7200 IMAGES/2026 SPORTS STARS/Olympic Athletes/JosephCraig SWIMMER.jpg,move,not run,
17,/2019 TIDY - CELEBRITY FACEMASKS FINAL 7200 IMAGES/Katherine Grainger.jpg,/2019 TIDY - CELEBRITY FACEMASKS FINAL 7200 IMAGES/2026 SPORTS STARS/Olympic Athletes/Katherine Grainger.jpg,move,not run,
17,/2019 TIDY - CELEBRITY FACEMASKS FINAL 7200 IMAGES/Mark Foster.jpg,/2019 TIDY - CELEBRITY FACEMASKS FINAL 7200 IMAGES/2026 SPORTS STARS/Olympic Athletes/Mark Foster.jpg,move,not run,
17,/2019 TIDY - CELEBRITY FACEMASKS FINAL 7200 IMAGES/Mathew Pinsent.JPG,/2019 TIDY - CELEBRITY FACEMASKS FINAL 7200 IMAGES/2026 SPORTS STARS/Olympic Athletes/Mathew Pinsent.JPG,move,not run,
17,/2019 TIDY - CELEBRITY FACEMASKS FINAL 7200 IMAGES/Michael Phelps Rio.jpg,/2019 TIDY - CELEBRITY FACEMASKS FINAL 7200 IMAGES/2026 SPORTS STARS/Olympic Athletes/Michael Phelps Rio.jpg,move,not run,
17,/2019 TIDY - CELEBRITY FACEMASKS FINAL 7200 IMAGES/Michael_Phelps_Rio_Olympics_2016.jpg,/2019 TIDY - CELEBRITY FACEMASKS FINAL 7200 IMAGES/2026 SPORTS STARS/Olympic Athletes/Michael_Phelps_Rio_Olympics_2016.jpg,move,not run,
17,/2019 TIDY - CELEBRITY FACEMASKS FINAL 7200 IMAGES/Nick-Woodbridge-with-medal.jpg,/2019 TIDY - CELEBRITY FACEMASKS FINAL 7200 IMAGES/2026 SPORTS STARS/Olympic Athletes/Nick-Woodbridge-with-medal.jpg,move,not run,
17,/2019 TIDY - CELEBRITY FACEMASKS FINAL 7200 IMAGES/ian thorpe.jpg,/2019 TIDY - CELEBRITY FACEMASKS FINAL 7200 IMAGES/2026 SPORTS STARS/Olympic Athletes/ian thorpe.jpg,move,not run,
17,/2019 TIDY - CELEBRITY FACEMASKS FINAL 7200 IMAGES/Antoine Dupont - Rugby.jpg,/2019 TIDY - CELEBRITY FACEMASKS FINAL 7200 IMAGES/2026 SPORTS STARS/Rugby/Antoine Dupont - Rugby.jpg,move,not run,
17,/2019 TIDY - CELEBRITY FACEMASKS FINAL 7200 IMAGES/GETHIN JENKINS.jpg,/2019 TIDY - CELEBRITY FACEMASKS FINAL 7200 IMAGES/2026 SPORTS STARS/Rugby/GETHIN JENKINS.jpg,move,not run,
17,/2019 TIDY - CELEBRITY FACEMASKS FINAL 7200 IMAGES/Gareth Jenkins.jpg,/2019 TIDY - CELEBRITY FACEMASKS FINAL 7200 IMAGES/2026 SPORTS STARS/Rugby/Gareth Jenkins.jpg,move,not run,
17,/2019 TIDY - CELEBRITY FACEMASKS FINAL 7200 IMAGES/Gareth Thomas.jpg,/2019 TIDY - CELEBRITY FACEMASKS FINAL 7200 IMAGES/2026 SPORTS STARS/Rugby/Gareth Thomas.jpg,move,not run,
17,/2019 TIDY - CELEBRITY FACEMASKS FINAL 7200 IMAGES/Gavin-Hastings-selects-his-post-6-Nations-Lions-XV.jpg,/2019 TIDY - CELEBRITY FACEMASKS FINAL 7200 IMAGES/2026 SPORTS STARS/Rugby/Gavin-Hastings-selects-his-post-6-Nations-Lions-XV.jpg,move,not run,
17,/2019 TIDY - CELEBRITY FACEMASKS FINAL 7200 IMAGES/Genith Jenkis.jpg,/2019 TIDY - CELEBRITY FACEMASKS FINAL 7200 IMAGES/2026 SPORTS STARS/Rugby/Genith Jenkis.jpg,move,not run,
17,/2019 TIDY - CELEBRITY FACEMASKS FINAL 7200 IMAGES/Jamie Peacock.jpg,/2019 TIDY - CELEBRITY FACEMASKS FINAL 7200 IMAGES/2026 SPORTS STARS/Rugby/Jamie Peacock.jpg,move,not run,
17,/2019 TIDY - CELEBRITY FACEMASKS FINAL 7200 IMAGES/Jason Robinson.jpg,/2019 TIDY - CELEBRITY FACEMASKS FINAL 7200 IMAGES/2026 SPORTS STARS/Rugby/Jason Robinson.jpg,move,not run,
17,/2019 TIDY - CELEBRITY FACEMASKS FINAL 7200 IMAGES/Johnny Sexton-Rugby.jpg,/2019 TIDY - CELEBRITY FACEMASKS FINAL 7200 IMAGES/2026 SPORTS STARS/Rugby/Johnny Sexton-Rugby.jpg,move,not run,
17,/2019 TIDY - CELEBRITY FACEMASKS FINAL 7200 IMAGES/Jonathan Joseph Rugby.jpg,/2019 TIDY - CELEBRITY FACEMASKS FINAL 7200 IMAGES/2026 SPORTS STARS/Rugby/Jonathan Joseph Rugby.jpg,move,not run,
17,/2019 TIDY - CELEBRITY FACEMASKS FINAL 7200 IMAGES/Jonathan-Davies-selects-his-post-6-nations-Lions-XV.jpg,/2019 TIDY - CELEBRITY FACEMASKS FINAL 7200 IMAGES/2026 SPORTS STARS/Rugby/Jonathan-Davies-selects-his-post-6-nations-Lions-XV.jpg,move,not run,
17,/2019 TIDY - CELEBRITY FACEMASKS FINAL 7200 IMAGES/Justin Tipuric (2).jpg,/2019 TIDY - CELEBRITY FACEMASKS FINAL 7200 IMAGES/2026 SPORTS STARS/Rugby/Justin Tipuric (2).jpg,move,not run,
17,/2019 TIDY - CELEBRITY FACEMASKS FINAL 7200 IMAGES/Kevin Sinfield.jpg,/2019 TIDY - CELEBRITY FACEMASKS FINAL 7200 IMAGES/2026 SPORTS STARS/Rugby/Kevin Sinfield.jpg,move,not run,
17,/2019 TIDY - CELEBRITY FACEMASKS FINAL 7200 IMAGES/KyleSinckler.jpg,/2019 TIDY - CELEBRITY FACEMASKS FINAL 7200 IMAGES/2026 SPORTS STARS/Rugby/KyleSinckler.jpg,move,not run,
17,/2019 TIDY - CELEBRITY FACEMASKS FINAL 7200 IMAGES/Lawrence Dallaglio.jpg,/2019 TIDY - CELEBRITY FACEMASKS FINAL 7200 IMAGES/2026 SPORTS STARS/Rugby/Lawrence Dallaglio.jpg,move,not run,
17,/2019 TIDY - CELEBRITY FACEMASKS FINAL 7200 IMAGES/MAXIME MERMOZ.jpg,/2019 TIDY - CELEBRITY FACEMASKS FINAL 7200 IMAGES/2026 SPORTS STARS/Rugby/MAXIME MERMOZ.jpg,move,not run,
17,/2019 TIDY - CELEBRITY FACEMASKS FINAL 7200 IMAGES/Mako Vunipola.jpg,/2019 TIDY - CELEBRITY FACEMASKS FINAL 7200 IMAGES/2026 SPORTS STARS/Rugby/Mako Vunipola.jpg,move,not run,
17,/2019 TIDY - CELEBRITY FACEMASKS FINAL 7200 IMAGES/Mike Phillips.jpg,/2019 TIDY - CELEBRITY FACEMASKS FINAL 7200 IMAGES/2026 SPORTS STARS/Rugby/Mike Phillips.jpg,move,not run,
17,/2019 TIDY - CELEBRITY FACEMASKS FINAL 7200 IMAGES/cameron redpath - Rugby.jpg,/2019 TIDY - CELEBRITY FACEMASKS FINAL 7200 IMAGES/2026 SPORTS STARS/Rugby/cameron redpath - Rugby.jpg,move,not run,
17,/2019 TIDY - CELEBRITY FACEMASKS FINAL 7200 IMAGES/kane-douglas-wallabies-profile.jpg,/2019 TIDY - CELEBRITY FACEMASKS FINAL 7200 IMAGES/2026 SPORTS STARS/Rugby/kane-douglas-wallabies-profile.jpg,move,not run,
17,/2019 TIDY - CELEBRITY FACEMASKS FINAL 7200 IMAGES/Gabriela Sabatini Tennis.jpg,/2019 TIDY - CELEBRITY FACEMASKS FINAL 7200 IMAGES/2026 SPORTS STARS/Tennis/Gabriela Sabatini Tennis.jpg,move,not run,
17,/2019 TIDY - CELEBRITY FACEMASKS FINAL 7200 IMAGES/Gael Monfils.jpg,/2019 TIDY - CELEBRITY FACEMASKS FINAL 7200 IMAGES/2026 SPORTS STARS/Tennis/Gael Monfils (larger).jpg,duplicate_larger,not run,
17,/2019 TIDY - CELEBRITY FACEMASKS FINAL 7200 IMAGES/Grigor Dimitrov.jpg,/2019 TIDY - CELEBRITY FACEMASKS FINAL 7200 IMAGES/2026 SPORTS STARS/Tennis/Grigor Dimitrov.jpg,move,not run,
17,/2019 TIDY - CELEBRITY FACEMASKS FINAL 7200 IMAGES/Gustavo Kuerten.jpg,/2019 TIDY - CELEBRITY FACEMASKS FINAL 7200 IMAGES/2026 SPORTS STARS/Tennis/Gustavo Kuerten.jpg,move,not run,
17,/2019 TIDY - CELEBRITY FACEMASKS FINAL 7200 IMAGES/Jo Wilfred Tsonga.jpg,/2019 TIDY - CELEBRITY FACEMASKS FINAL 7200 IMAGES/2026 SPORTS STARS/Tennis/Jo Wilfred Tsonga.jpg,move,not run,
17,/2019 TIDY - CELEBRITY FACEMASKS FINAL 7200 IMAGES/Juan Del Potro.jpg,/2019 TIDY - CELEBRITY FACEMASKS FINAL 7200 IMAGES/2026 SPORTS STARS/Tennis/Juan Del Potro.jpg,move,not run,
18,/2019 TIDY - CELEBRITY FACEMASKS FINAL 7200 IMAGES/Juan Martin del Potro.jpg,/2019 TIDY - CELEBRITY FACEMASKS FINAL 7200 IMAGES/2026 SPORTS STARS/Tennis/Juan Martin del Potro.jpg,move,not run,
18,/2019 TIDY - CELEBRITY FACEMASKS FINAL 7200 IMAGES/Kyle Edmund copy.png,/2019 TIDY - CELEBRITY FACEMASKS FINAL 7200 IMAGES/2026 SPORTS STARS/Tennis/Kyle Edmund copy.png,move,not run,
18,/2019 TIDY - CELEBRITY FACEMASKS FINAL 7200 IMAGES/Marat Safin.jpg,/2019 TIDY - CELEBRITY FACEMASKS FINAL 7200 IMAGES/2026 SPORTS STARS/Tennis/Marat Safin.jpg,move,not run,
18,/2019 TIDY - CELEBRITY FACEMASKS FINAL 7200 IMAGES/Maria Sharapova (2).jpg,/2019 TIDY - CELEBRITY FACEMASKS FINAL 7200 IMAGES/2026 SPORTS STARS/Tennis/Maria Sharapova (2).jpg,move,not run,
18,/2019 TIDY - CELEBRITY FACEMASKS FINAL 7200 IMAGES/Maria Sharapova MO.jpg,/2019 TIDY - CELEBRITY FACEMASKS FINAL 7200 IMAGES/2026 SPORTS STARS/Tennis/Maria Sharapova MO.jpg,move,not run,
18,/2019 TIDY - CELEBRITY FACEMASKS FINAL 7200 IMAGES/Marin Cilic.jpg,/2019 TIDY - CELEBRITY FACEMASKS FINAL 7200 IMAGES/2026 SPORTS STARS/Tennis/Marin Cilic (larger).jpg,duplicate_larger,not run,
18,/2019 TIDY - CELEBRITY FACEMASKS FINAL 7200 IMAGES/Novak Djokavic - Tennis.jpg,/2019 TIDY - CELEBRITY FACEMASKS FINAL 7200 IMAGES/2026 SPORTS STARS/Tennis/Novak Djokavic - Tennis.jpg,move,not run,
18,/2019 TIDY - CELEBRITY FACEMASKS FINAL 7200 IMAGES/Novak-djokovic.jpg,/2019 TIDY - CELEBRITY FACEMASKS FINAL 7200 IMAGES/2026 SPORTS STARS/Tennis/Novak-djokovic (larger).jpg,duplicate_larger,not run,
18,/2019 TIDY - CELEBRITY FACEMASKS FINAL 7200 IMAGES/Patrick Rafter.jpg,/2019 TIDY - CELEBRITY FACEMASKS FINAL 7200 IMAGES/2026 SPORTS STARS/Tennis/Patrick Rafter.jpg,move,not run,
18,/2019 TIDY - CELEBRITY FACEMASKS FINAL 7200 IMAGES/Pete Sampras.jpg,/2019 TIDY - CELEBRITY FACEMASKS FINAL 7200 IMAGES/2026 SPORTS STARS/Tennis/Pete Sampras (larger).jpg,duplicate_larger,not run,
18,/2019 TIDY - CELEBRITY FACEMASKS FINAL 7200 IMAGES/Rafael-Nadal-CARTOON.jpg,/2019 TIDY - CELEBRITY FACEMASKS FINAL 7200 IMAGES/2026 SPORTS STARS/Tennis/Rafael-Nadal-CARTOON.jpg,move,not run,
18,/2019 TIDY - CELEBRITY FACEMASKS FINAL 7200 IMAGES/Taylor Fritz.jpg,/2019 TIDY - CELEBRITY FACEMASKS FINAL 7200 IMAGES/2026 SPORTS STARS/Tennis/Taylor Fritz (larger).jpg,duplicate_larger,not run,
18,/2019 TIDY - CELEBRITY FACEMASKS FINAL 7200 IMAGES/boris becker.jpg,/2019 TIDY - CELEBRITY FACEMASKS FINAL 7200 IMAGES/2026 SPORTS STARS/Tennis/boris becker.jpg,move,not run,
18,/2019 TIDY - CELEBRITY FACEMASKS FINAL 7200 IMAGES/goran-ivanisevic.jpg,/2019 TIDY - CELEBRITY FACEMASKS FINAL 7200 IMAGES/2026 SPORTS STARS/Tennis/goran-ivanisevic.jpg,move,not run,
18,/2019 TIDY - CELEBRITY FACEMASKS FINAL 7200 IMAGES/pat cash.jpg,/2019 TIDY - CELEBRITY FACEMASKS FINAL 7200 IMAGES/2026 SPORTS STARS/Tennis/pat cash.jpg,move,not run,
18,/2019 TIDY - CELEBRITY FACEMASKS FINAL 7200 IMAGES/roger federer 3.jpg,/2019 TIDY - CELEBRITY FACEMASKS FINAL 7200 IMAGES/2026 SPORTS STARS/Tennis/roger federer 3.jpg,variant,not run,
18,/2019 TIDY - CELEBRITY FACEMASKS FINAL 7200 IMAGES/Kenny Ireland JB.jpg,/2019 TIDY - CELEBRITY FACEMASKS FINAL 7200 IMAGES/2026 TV SHOWS AND STARS/2026 BENIDORM/Kenny Ireland JB.jpg,move,not run,
18,/2019 TIDY - CELEBRITY FACEMASKS FINAL 7200 IMAGES/Liam - Benidorm.jpg,/2019 TIDY - CELEBRITY FACEMASKS FINAL 7200 IMAGES/2026 TV SHOWS AND STARS/2026 BENIDORM/Liam - Benidorm.jpg,move,not run,
18,/2019 TIDY - CELEBRITY FACEMASKS FINAL 7200 IMAGES/Mateo - Benidorm.jpg,/2019 TIDY - CELEBRITY FACEMASKS FINAL 7200 IMAGES/2026 TV SHOWS AND STARS/2026 BENIDORM/Mateo - Benidorm.jpg,move,not run,
18,/2019 TIDY - CELEBRITY FACEMASKS FINAL 7200 IMAGES/Mel Benidorm.JPG,/2019 TIDY - CELEBRITY FACEMASKS FINAL 7200 IMAGES/2026 TV SHOWS AND STARS/2026 BENIDORM/Mel Benidorm.JPG,move,not run,
18,/2019 TIDY - CELEBRITY FACEMASKS FINAL 7200 IMAGES/madge benidorm 2.png,/2019 TIDY - CELEBRITY FACEMASKS FINAL 7200 IMAGES/2026 TV SHOWS AND STARS/2026 BENIDORM/madge benidorm 2.png,move,not run,
18,/2019 TIDY - CELEBRITY FACEMASKS FINAL 7200 IMAGES/Betty Driver-_Coronation_Street__72812.jpg,/2019 TIDY - CELEBRITY FACEMASKS FINAL 7200 IMAGES/2026 TV SHOWS AND STARS/2026 CORONATION STREET/Betty Driver-_Coronation_Street__72812.jpg,move,not run,
18,/2019 TIDY - CELEBRITY FACEMASKS FINAL 7200 IMAGES/Blanch Hunt Coronation Street.jpg,/2019 TIDY - CELEBRITY FACEMASKS FINAL 7200 IMAGES/2026 TV SHOWS AND STARS/Blanch Hunt Coronation Street (larger).jpg,duplicate_larger,not run,
18,/2019 TIDY - CELEBRITY FACEMASKS FINAL 7200 IMAGES/Blanche- Golden Girls.jpg,/2019 TIDY - CELEBRITY FACEMASKS FINAL 7200 IMAGES/2026 TV SHOWS AND STARS/2026 CORONATION STREET/Blanche- Golden Girls.jpg,move,not run,
18,/2019 TIDY - CELEBRITY FACEMASKS FINAL 7200 IMAGES/Cilla Battersby - Coronation Street.jpg,/2019 TIDY - CELEBRITY FACEMASKS FINAL 7200 IMAGES/2026 TV SHOWS AND STARS/2026 CORONATION STREET/Cilla Battersby - Coronation Street.jpg,move,not run,
18,/2019 TIDY - CELEBRITY FACEMASKS FINAL 7200 IMAGES/Craig-gazey-greame-proctor.jpg,/2019 TIDY - CELEBRITY FACEMASKS FINAL 7200 IMAGES/2026 TV SHOWS AND STARS/2026 CORONATION STREET/Craig-gazey-greame-proctor.jpg,move,not run,
18,/2019 TIDY - CELEBRITY FACEMASKS FINAL 7200 IMAGES/GEORGIA TAYLOR - TOYAH BATTERSBY.jpg,/2019 TIDY - CELEBRITY FACEMASKS FINAL 7200 IMAGES/2026 TV SHOWS AND STARS/2026 CORONATION STREET/GEORGIA TAYLOR - TOYAH BATTERSBY.jpg,move,not run,
18,/2019 TIDY - CELEBRITY FACEMASKS FINAL 7200 IMAGES/GRAEME HAWLEY aka John Stape.jpg,/2019 TIDY - CELEBRITY FACEMASKS FINAL 7200 IMAGES/2026 TV SHOWS AND STARS/2026 CORONATION STREET/GRAEME HAWLEY aka John Stape.jpg,move,not run,
18,/2019 TIDY - CELEBRITY FACEMASKS FINAL 7200 IMAGES/Jack-duckworth.jpg,/2019 TIDY - CELEBRITY FACEMASKS FINAL 7200 IMAGES/2026 TV SHOWS AND STARS/2026 CORONATION STREET/Jack-duckworth.jpg,move,not run,
18,/2019 TIDY - CELEBRITY FACEMASKS FINAL 7200 IMAGES/Jennie McAlpine - Fiz Dobbs - Coronation Street.jpg,/2019 TIDY - CELEBRITY FACEMASKS FINAL 7200 IMAGES/2026 TV SHOWS AND STARS/2026 CORONATION STREET/Jennie McAlpine - Fiz Dobbs - Coronation Street.jpg,move,not run,
18,/2019 TIDY - CELEBRITY FACEMASKS FINAL 7200 IMAGES/Jimmi Harkishin - Dev Alahan - Coronation Street.jpg,/2019 TIDY - CELEBRITY FACEMASKS FINAL 7200 IMAGES/2026 TV SHOWS AND STARS/2026 CORONATION STREET/Jimmi Harkishin - Dev Alahan - Coronation Street.jpg,move,not run,
18,/2019 TIDY - CELEBRITY FACEMASKS FINAL 7200 IMAGES/Joe Duttine - Tim Metcalfe.jpg,/2019 TIDY - CELEBRITY FACEMASKS FINAL 7200 IMAGES/2026 TV SHOWS AND STARS/2026 CORONATION STREET/Joe Duttine - Tim Metcalfe.jpg,move,not run,
18,/2019 TIDY - CELEBRITY FACEMASKS FINAL 7200 IMAGES/Karl Munro.jpg,/2019 TIDY - CELEBRITY FACEMASKS FINAL 7200 IMAGES/2026 TV SHOWS AND STARS/2026 CORONATION STREET/Karl Munro.jpg,move,not run,
18,/2019 TIDY - CELEBRITY FACEMASKS FINAL 7200 IMAGES/PAULA LANE - KYLIE PLATT.jpg,/2019 TIDY - CELEBRITY FACEMASKS FINAL 7200 IMAGES/2026 TV SHOWS AND STARS/2026 CORONATION STREET/PAULA LANE - KYLIE PLATT.jpg,move,not run,
18,/2019 TIDY - CELEBRITY FACEMASKS FINAL 7200 IMAGES/Sally Dynevor Sally Webster.jpg,/2019 TIDY - CELEBRITY FACEMASKS FINAL 7200 IMAGES/2026 TV SHOWS AND STARS/2026 CORONATION STREET/Sally Dynevor Sally Webster.jpg,move,not run,
18,/2019 TIDY - CELEBRITY FACEMASKS FINAL 7200 IMAGES/Simon-Gregson-Steve-Mcdonald.jpg,/2019 TIDY - CELEBRITY FACEMASKS FINAL 7200 IMAGES/2026 TV SHOWS AND STARS/2026 CORONATION STREET/Simon-Gregson-Steve-Mcdonald.jpg,move,not run,
18,/2019 TIDY - CELEBRITY FACEMASKS FINAL 7200 IMAGES/david neilson roy cropper.jpg,/2019 TIDY - CELEBRITY FACEMASKS FINAL 7200 IMAGES/2026 TV SHOWS AND STARS/2026 CORONATION STREET/david neilson roy cropper.jpg,move,not run,
18,/2019 TIDY - CELEBRITY FACEMASKS FINAL 7200 IMAGES/hilda ogden - Coronation Street.jpg,/2019 TIDY - CELEBRITY FACEMASKS FINAL 7200 IMAGES/2026 TV SHOWS AND STARS/2026 CORONATION STREET/hilda ogden - Coronation Street.jpg,move,not run,
18,/2019 TIDY - CELEBRITY FACEMASKS FINAL 7200 IMAGES/julie goodyear bet lynch.jpg,/2019 TIDY - CELEBRITY FACEMASKS FINAL 7200 IMAGES/2026 TV SHOWS AND STARS/2026 CORONATION STREET/julie goodyear bet lynch.jpg,move,not run,
18,/2019 TIDY - CELEBRITY FACEMASKS FINAL 7200 IMAGES/kirsty coronation.JPG,/2019 TIDY - CELEBRITY FACEMASKS FINAL 7200 IMAGES/2026 TV SHOWS AND STARS/2026 CORONATION STREET/kirsty coronation.JPG,move,not run,
18,/2019 TIDY - CELEBRITY FACEMASKS FINAL 7200 IMAGES/nikki sanderson.jpg,/2019 TIDY - CELEBRITY FACEMASKS FINAL 7200 IMAGES/2026 TV SHOWS AND STARS/2026 CORONATION STREET/nikki sanderson.jpg,move,not run,
18,/2019 TIDY - CELEBRITY FACEMASKS FINAL 7200 IMAGES/norris cole2.jpg,/2019 TIDY - CELEBRITY FACEMASKS FINAL 7200 IMAGES/2026 TV SHOWS AND STARS/2026 CORONATION STREET/norris cole2.jpg,variant,not run,
18,/2019 TIDY - CELEBRITY FACEMASKS FINAL 7200 IMAGES/Jacqueline Jossa aka Lauren Branning.jpg,/2019 TIDY - CELEBRITY FACEMASKS FINAL 7200 IMAGES/2026 TV SHOWS AND STARS/2026 Eastenders/Jacqueline Jossa aka Lauren Branning.jpg,move,not run,
18,/2019 TIDY - CELEBRITY FACEMASKS FINAL 7200 IMAGES/Jacqueline jossa.jpg,/2019 TIDY - CELEBRITY FACEMASKS FINAL 7200 IMAGES/2026 TV SHOWS AND STARS/2026 Eastenders/Jacqueline jossa.jpg,move,not run,
18,/2019 TIDY - CELEBRITY FACEMASKS FINAL 7200 IMAGES/Jo Joyner DE.jpg,/2019 TIDY - CELEBRITY FACEMASKS FINAL 7200 IMAGES/2026 TV SHOWS AND STARS/2026 Eastenders/Jo Joyner DE.jpg,move,not run,
18,/2019 TIDY - CELEBRITY FACEMASKS FINAL 7200 IMAGES/Jo Joyner.jpg,/2019 TIDY - CELEBRITY FACEMASKS FINAL 7200 IMAGES/2026 TV SHOWS AND STARS/2026 Eastenders/Jo Joyner.jpg,move,not run,
18,/2019 TIDY - CELEBRITY FACEMASKS FINAL 7200 IMAGES/Lauren Branning.jpg,/2019 TIDY - CELEBRITY FACEMASKS FINAL 7200 IMAGES/2026 TV SHOWS AND STARS/2026 Eastenders/Lauren Branning.jpg,move,not run,
18,/2019 TIDY - CELEBRITY FACEMASKS FINAL 7200 IMAGES/Nigel Harman.jpg,/2019 TIDY - CELEBRITY FACEMASKS FINAL 7200 IMAGES/2026 TV SHOWS AND STARS/2026 Eastenders/Nigel Harman.jpg,move,not run,
18,/2019 TIDY - CELEBRITY FACEMASKS FINAL 7200 IMAGES/Pat Butcher.JPG,/2019 TIDY - CELEBRITY FACEMASKS FINAL 7200 IMAGES/2026 TV SHOWS AND STARS/2026 Eastenders/Pat Butcher.JPG,move,not run,
18,/2019 TIDY - CELEBRITY FACEMASKS FINAL 7200 IMAGES/Rachel Bright.jpg,/2019 TIDY - CELEBRITY FACEMASKS FINAL 7200 IMAGES/2026 TV SHOWS AND STARS/2026 Eastenders/Rachel Bright.jpg,move,not run,
18,/2019 TIDY - CELEBRITY FACEMASKS FINAL 7200 IMAGES/minty Girlfriend.jpg,/2019 TIDY - CELEBRITY FACEMASKS FINAL 7200 IMAGES/2026 TV SHOWS AND STARS/2026 Eastenders/minty Girlfriend.jpg,move,not run,
18,/2019 TIDY - CELEBRITY FACEMASKS FINAL 7200 IMAGES/phil mitchell 2.jpg,/2019 TIDY - CELEBRITY FACEMASKS FINAL 7200 IMAGES/2026 TV SHOWS AND STARS/2026 Eastenders/phil mitchell 2.jpg,move,not run,
18,/2019 TIDY - CELEBRITY FACEMASKS FINAL 7200 IMAGES/phil mitchell.jpg,/2019 TIDY - CELEBRITY FACEMASKS FINAL 7200 IMAGES/2026 TV SHOWS AND STARS/2026 Eastenders/phil mitchell.jpg,move,not run,
18,/2019 TIDY - CELEBRITY FACEMASKS FINAL 7200 IMAGES/Claire_King_2020_Face__64750.jpg,/2019 TIDY - CELEBRITY FACEMASKS FINAL 7200 IMAGES/2026 TV SHOWS AND STARS/2026 Emmerdale/Claire_King_2020_Face__64750.jpg,move,not run,
18,/2019 TIDY - CELEBRITY FACEMASKS FINAL 7200 IMAGES/James_Hooton_2020_Face__19670.jpg,/2019 TIDY - CELEBRITY FACEMASKS FINAL 7200 IMAGES/2026 TV SHOWS AND STARS/2026 Emmerdale/James_Hooton_2020_Face__19670.jpg,move,not run,
18,/2019 TIDY - CELEBRITY FACEMASKS FINAL 7200 IMAGES/Jeff Hordley.jpg,/2019 TIDY - CELEBRITY FACEMASKS FINAL 7200 IMAGES/2026 TV SHOWS AND STARS/2026 Emmerdale/Jeff Hordley.jpg,move,not run,
18,/2019 TIDY - CELEBRITY FACEMASKS FINAL 7200 IMAGES/Joe Warren Plant.jpg,/2019 TIDY - CELEBRITY FACEMASKS FINAL 7200 IMAGES/2026 TV SHOWS AND STARS/2026 Emmerdale/Joe Warren Plant.jpg,move,not run,
18,/2019 TIDY - CELEBRITY FACEMASKS FINAL 7200 IMAGES/John Middleton 2.jpg,/2019 TIDY - CELEBRITY FACEMASKS FINAL 7200 IMAGES/2026 TV SHOWS AND STARS/2026 Emmerdale/John Middleton 2.jpg,move,not run,
18,/2019 TIDY - CELEBRITY FACEMASKS FINAL 7200 IMAGES/John Middleton.jpg,/2019 TIDY - CELEBRITY FACEMASKS FINAL 7200 IMAGES/2026 TV SHOWS AND STARS/2026 Emmerdale/John Middleton.jpg,move,not run,
18,/2019 TIDY - CELEBRITY FACEMASKS FINAL 7200 IMAGES/Mandy Dingle - Emmerdale.jpg,/2019 TIDY - CELEBRITY FACEMASKS FINAL 7200 IMAGES/2026 TV SHOWS AND STARS/2026 Emmerdale/Mandy Dingle - Emmerdale.jpg,move,not run,
18,/2019 TIDY - CELEBRITY FACEMASKS FINAL 7200 IMAGES/Michael Praed  Frank Clayton.jpg,/2019 TIDY - CELEBRITY FACEMASKS FINAL 7200 IMAGES/2026 TV SHOWS AND STARS/2026 Emmerdale/Michael Praed  Frank Clayton.jpg,move,not run,
18,/2019 TIDY - CELEBRITY FACEMASKS FINAL 7200 IMAGES/Michelle Hardwick.jpg,/2019 TIDY - CELEBRITY FACEMASKS FINAL 7200 IMAGES/2026 TV SHOWS AND STARS/2026 Emmerdale/Michelle Hardwick.jpg,move,not run,
18,/2019 TIDY - CELEBRITY FACEMASKS FINAL 7200 IMAGES/Natalie J Robb JB.jpg,/2019 TIDY - CELEBRITY FACEMASKS FINAL 7200 IMAGES/2026 TV SHOWS AND STARS/2026 Emmerdale/Natalie J Robb JB.jpg,move,not run,
18,/2019 TIDY - CELEBRITY FACEMASKS FINAL 7200 IMAGES/Samantha_Giles_2020_Face__24932.jpg,/2019 TIDY - CELEBRITY FACEMASKS FINAL 7200 IMAGES/2026 TV SHOWS AND STARS/2026 Emmerdale/Samantha_Giles_2020_Face__24932.jpg,move,not run,
18,/2019 TIDY - CELEBRITY FACEMASKS FINAL 7200 IMAGES/Zoe_Henry_2020_Face__29508.jpg,/2019 TIDY - CELEBRITY FACEMASKS FINAL 7200 IMAGES/2026 TV SHOWS AND STARS/2026 Emmerdale/Zoe_Henry_2020_Face__29508.jpg,move,not run,
18,/2019 TIDY - CELEBRITY FACEMASKS FINAL 7200 IMAGES/emma atkins 2021.jpg,/2019 TIDY - CELEBRITY FACEMASKS FINAL 7200 IMAGES/2026 TV SHOWS AND STARS/2026 Emmerdale/emma atkins 2021.jpg,move,not run,
18,/2019 TIDY - CELEBRITY FACEMASKS FINAL 7200 IMAGES/joe gill finn barton.jpg,/2019 TIDY - CELEBRITY FACEMASKS FINAL 7200 IMAGES/2026 TV SHOWS AND STARS/2026 Emmerdale/joe gill finn barton.jpg,move,not run,
18,/2019 TIDY - CELEBRITY FACEMASKS FINAL 7200 IMAGES/joe warren plant jacob gallagher.jpg,/2019 TIDY - CELEBRITY FACEMASKS FINAL 7200 IMAGES/2026 TV SHOWS AND STARS/2026 Emmerdale/joe warren plant jacob gallagher.jpg,move,not run,
18,/2019 TIDY - CELEBRITY FACEMASKS FINAL 7200 IMAGES/katherine dow blyton harriet finch.jpg,/2019 TIDY - CELEBRITY FACEMASKS FINAL 7200 IMAGES/2026 TV SHOWS AND STARS/2026 Emmerdale/katherine dow blyton harriet finch.jpg,move,not run,
18,/2019 TIDY - CELEBRITY FACEMASKS FINAL 7200 IMAGES/laura norton kerry wyatt (1).jpg,/2019 TIDY - CELEBRITY FACEMASKS FINAL 7200 IMAGES/2026 TV SHOWS AND STARS/2026 Emmerdale/laura norton kerry wyatt (1).jpg,move,not run,
18,/2019 TIDY - CELEBRITY FACEMASKS FINAL 7200 IMAGES/louise marwood chrissie sugden.jpg,/2019 TIDY - CELEBRITY FACEMASKS FINAL 7200 IMAGES/2026 TV SHOWS AND STARS/2026 Emmerdale/louise marwood chrissie sugden.jpg,move,not run,
18,/2019 TIDY - CELEBRITY FACEMASKS FINAL 7200 IMAGES/megan macey.jpg,/2019 TIDY - CELEBRITY FACEMASKS FINAL 7200 IMAGES/2026 TV SHOWS AND STARS/2026 Emmerdale/megan macey.jpg,move,not run,
18,/2019 TIDY - CELEBRITY FACEMASKS FINAL 7200 IMAGES/michael parr ross barton.jpg,/2019 TIDY - CELEBRITY FACEMASKS FINAL 7200 IMAGES/2026 TV SHOWS AND STARS/2026 Emmerdale/michael parr ross barton.jpg,move,not run,
18,/2019 TIDY - CELEBRITY FACEMASKS FINAL 7200 IMAGES/michelle hardwick vanessa woodfield.jpg,/2019 TIDY - CELEBRITY FACEMASKS FINAL 7200 IMAGES/2026 TV SHOWS AND STARS/2026 Emmerdale/michelle hardwick vanessa woodfield.jpg,move,not run,
18,/2019 TIDY - CELEBRITY FACEMASKS FINAL 7200 IMAGES/rachel breckle.jpg,/2019 TIDY - CELEBRITY FACEMASKS FINAL 7200 IMAGES/2026 TV SHOWS AND STARS/2026 Emmerdale/rachel breckle.jpg,move,not run,
18,/2019 TIDY - CELEBRITY FACEMASKS FINAL 7200 IMAGES/Adrian Dunbar.jpg,/2019 TIDY - CELEBRITY FACEMASKS FINAL 7200 IMAGES/2026 TV SHOWS AND STARS/Adrian Dunbar.jpg,move,not run,
18,/2019 TIDY - CELEBRITY FACEMASKS FINAL 7200 IMAGES/Andre_Braugher_brooklyn_99__26629.jpg,/2019 TIDY - CELEBRITY FACEMASKS FINAL 7200 IMAGES/2026 TV SHOWS AND STARS/Andre_Braugher_brooklyn_99__26629.jpg,move,not run,
18,/2019 TIDY - CELEBRITY FACEMASKS FINAL 7200 IMAGES/Anthea Turner.JPG,/2019 TIDY - CELEBRITY FACEMASKS FINAL 7200 IMAGES/2026 TV SHOWS AND STARS/Anthea Turner.JPG,move,not run,
18,/2019 TIDY - CELEBRITY FACEMASKS FINAL 7200 IMAGES/Barbara Royle - The Royle Family.jpg,/2019 TIDY - CELEBRITY FACEMASKS FINAL 7200 IMAGES/2026 TV SHOWS AND STARS/Barbara Royle - The Royle Family.jpg,move,not run,
18,/2019 TIDY - CELEBRITY FACEMASKS FINAL 7200 IMAGES/Bob_Odenkirk_better_call_saul_.jpg,/2019 TIDY - CELEBRITY FACEMASKS FINAL 7200 IMAGES/2026 TV SHOWS AND STARS/Bob_Odenkirk_better_call_saul_.jpg,move,not run,
18,/2019 TIDY - CELEBRITY FACEMASKS FINAL 7200 IMAGES/Bobby ewing.jpg,/2019 TIDY - CELEBRITY FACEMASKS FINAL 7200 IMAGES/2026 TV SHOWS AND STARS/Bobby ewing (larger).jpg,duplicate_larger,not run,
18,/2019 TIDY - CELEBRITY FACEMASKS FINAL 7200 IMAGES/Breaking_Bad_Saul__bob odenkirk tv stars 2018.jpg,/2019 TIDY - CELEBRITY FACEMASKS FINAL 7200 IMAGES/2026 TV SHOWS AND STARS/Breaking_Bad_Saul__bob odenkirk tv stars 2018.jpg,move,not run,
18,/2019 TIDY - CELEBRITY FACEMASKS FINAL 7200 IMAGES/Buffy - Sarah Michelle Gellar.jpg,/2019 TIDY - CELEBRITY FACEMASKS FINAL 7200 IMAGES/2026 TV SHOWS AND STARS/Buffy - Sarah Michelle Gellar.jpg,move,not run,
18,/2019 TIDY - CELEBRITY FACEMASKS FINAL 7200 IMAGES/Carole_Baskin_42786- tiger king.jpg,/2019 TIDY - CELEBRITY FACEMASKS FINAL 7200 IMAGES/2026 TV SHOWS AND STARS/Carole_Baskin_42786- tiger king.jpg,move,not run,
18,/2019 TIDY - CELEBRITY FACEMASKS FINAL 7200 IMAGES/Carole_Baskin_Face_Mask__05071__42786-tiger king.webp,/2019 TIDY - CELEBRITY FACEMASKS FINAL 7200 IMAGES/2026 TV SHOWS AND STARS/Carole_Baskin_Face_Mask__05071__42786-tiger king.webp,move,not run,
18,/2019 TIDY - CELEBRITY FACEMASKS FINAL 7200 IMAGES/Charlie-Sheen-2.jpg,/2019 TIDY - CELEBRITY FACEMASKS FINAL 7200 IMAGES/2026 TV SHOWS AND STARS/Charlie-Sheen-2.jpg,variant,not run,
18,/2019 TIDY - CELEBRITY FACEMASKS FINAL 7200 IMAGES/Chris Packham.jpg,/2019 TIDY - CELEBRITY FACEMASKS FINAL 7200 IMAGES/2026 TV SHOWS AND STARS/Chris Packham.jpg,move,not run,
18,/2019 TIDY - CELEBRITY FACEMASKS FINAL 7200 IMAGES/Christopher Eccleston - The Ninth Doctor - Doctor Who.jpg,/2019 TIDY - CELEBRITY FACEMASKS FINAL 7200 IMAGES/2026 TV SHOWS AND STARS/Christopher Eccleston - The Ninth Doctor - Doctor Who.jpg,move,not run,
18,/2019 TIDY - CELEBRITY FACEMASKS FINAL 7200 IMAGES/Claudia-winkelman.png,/2019 TIDY - CELEBRITY FACEMASKS FINAL 7200 IMAGES/2026 TV SHOWS AND STARS/Claudia-winkelman.png,move,not run,
18,/2019 TIDY - CELEBRITY FACEMASKS FINAL 7200 IMAGES/Coach Beard-Ted lasso-Brendan Hunt.jpg,/2019 TIDY - CELEBRITY FACEMASKS FINAL 7200 IMAGES/2026 TV SHOWS AND STARS/Coach Beard-Ted lasso-Brendan Hunt.jpg,move,not run,
18,/2019 TIDY - CELEBRITY FACEMASKS FINAL 7200 IMAGES/Colin Baker - The Sixth Doctor - Doctor Who.jpg,/2019 TIDY - CELEBRITY FACEMASKS FINAL 7200 IMAGES/2026 TV SHOWS AND STARS/Colin Baker - The Sixth Doctor - Doctor Who.jpg,move,not run,
18,/2019 TIDY - CELEBRITY FACEMASKS FINAL 7200 IMAGES/Columbo.jpg,/2019 TIDY - CELEBRITY FACEMASKS FINAL 7200 IMAGES/2026 TV SHOWS AND STARS/Columbo.jpg,move,not run,
18,/2019 TIDY - CELEBRITY FACEMASKS FINAL 7200 IMAGES/Cooper-The-Farm.jpg,/2019 TIDY - CELEBRITY FACEMASKS FINAL 7200 IMAGES/2026 TV SHOWS AND STARS/Cooper-The-Farm.jpg,move,not run,
18,/2019 TIDY - CELEBRITY FACEMASKS FINAL 7200 IMAGES/Dame Thora Hird.jpg,/2019 TIDY - CELEBRITY FACEMASKS FINAL 7200 IMAGES/2026 TV SHOWS AND STARS/Dame Thora Hird.jpg,move,not run,
18,/2019 TIDY - CELEBRITY FACEMASKS FINAL 7200 IMAGES/Dave Lister - Red Dwarf.jpg,/2019 TIDY - CELEBRITY FACEMASKS FINAL 7200 IMAGES/2026 TV SHOWS AND STARS/Dave Lister - Red Dwarf.jpg,move,not run,
18,/2019 TIDY - CELEBRITY FACEMASKS FINAL 7200 IMAGES/David Brent- The Office.jpg,/2019 TIDY - CELEBRITY FACEMASKS FINAL 7200 IMAGES/2026 TV SHOWS AND STARS/David Brent- The Office.jpg,move,not run,
18,/2019 TIDY - CELEBRITY FACEMASKS FINAL 7200 IMAGES/David Dimbleby.jpg,/2019 TIDY - CELEBRITY FACEMASKS FINAL 7200 IMAGES/2026 TV SHOWS AND STARS/David Dimbleby.jpg,move,not run,
18,/2019 TIDY - CELEBRITY FACEMASKS FINAL 7200 IMAGES/David Hasselhoff-The Hoff.jpg,/2019 TIDY - CELEBRITY FACEMASKS FINAL 7200 IMAGES/2026 TV SHOWS AND STARS/David Hasselhoff-The Hoff.jpg,move,not run,
18,/2019 TIDY - CELEBRITY FACEMASKS FINAL 7200 IMAGES/David Jason.jpg,/2019 TIDY - CELEBRITY FACEMASKS FINAL 7200 IMAGES/2026 TV SHOWS AND STARS/David Jason.jpg,move,not run,
18,/2019 TIDY - CELEBRITY FACEMASKS FINAL 7200 IMAGES/David Palmer - 24.jpg,/2019 TIDY - CELEBRITY FACEMASKS FINAL 7200 IMAGES/2026 TV SHOWS AND STARS/David Palmer - 24.jpg,move,not run,
19,/2019 TIDY - CELEBRITY FACEMASKS FINAL 7200 IMAGES/David- Lost boys -Keifer Sutherland.jpg,/2019 TIDY - CELEBRITY FACEMASKS FINAL 7200 IMAGES/2026 TV SHOWS AND STARS/David- Lost boys -Keifer Sutherland (larger).jpg,duplicate_larger,not run,
19,/2019 TIDY - CELEBRITY FACEMASKS FINAL 7200 IMAGES/Denise Royle - The Royle Family.jpg,/2019 TIDY - CELEBRITY FACEMASKS FINAL 7200 IMAGES/2026 TV SHOWS AND STARS/Denise Royle - The Royle Family.jpg,move,not run,
19,/2019 TIDY - CELEBRITY FACEMASKS FINAL 7200 IMAGES/Dr Jennifer Melfi.jpg,/2019 TIDY - CELEBRITY FACEMASKS FINAL 7200 IMAGES/2026 TV SHOWS AND STARS/Dr Jennifer Melfi.jpg,move,not run,
19,/2019 TIDY - CELEBRITY FACEMASKS FINAL 7200 IMAGES/Emma_Mackey_sex_education__52144.jpg,/2019 TIDY - CELEBRITY FACEMASKS FINAL 7200 IMAGES/2026 TV SHOWS AND STARS/Emma_Mackey_sex_education__52144.jpg,move,not run,
19,/2019 TIDY - CELEBRITY FACEMASKS FINAL 7200 IMAGES/Eric Stonestreet.jpg,/2019 TIDY - CELEBRITY FACEMASKS FINAL 7200 IMAGES/2026 TV SHOWS AND STARS/Eric Stonestreet.jpg,move,not run,
19,/2019 TIDY - CELEBRITY FACEMASKS FINAL 7200 IMAGES/Esme Shelby Peaky Blinders.jpg,/2019 TIDY - CELEBRITY FACEMASKS FINAL 7200 IMAGES/2026 TV SHOWS AND STARS/Esme Shelby Peaky Blinders.jpg,move,not run,
19,/2019 TIDY - CELEBRITY FACEMASKS FINAL 7200 IMAGES/Ewan Dragons Den.jpg,/2019 TIDY - CELEBRITY FACEMASKS FINAL 7200 IMAGES/2026 TV SHOWS AND STARS/Ewan Dragons Den.jpg,move,not run,
19,/2019 TIDY - CELEBRITY FACEMASKS FINAL 7200 IMAGES/Exotic-Joe-1__80265__92641 -tiger king.webp,/2019 TIDY - CELEBRITY FACEMASKS FINAL 7200 IMAGES/2026 TV SHOWS AND STARS/Exotic-Joe-1__80265__92641 -tiger king.webp,move,not run,
19,/2019 TIDY - CELEBRITY FACEMASKS FINAL 7200 IMAGES/Fay Ripley 2016.jpg,/2019 TIDY - CELEBRITY FACEMASKS FINAL 7200 IMAGES/2026 TV SHOWS AND STARS/Fay Ripley 2016.jpg,move,not run,
19,/2019 TIDY - CELEBRITY FACEMASKS FINAL 7200 IMAGES/Fern Deacon.jpg,/2019 TIDY - CELEBRITY FACEMASKS FINAL 7200 IMAGES/2026 TV SHOWS AND STARS/Fern Deacon.jpg,move,not run,
19,/2019 TIDY - CELEBRITY FACEMASKS FINAL 7200 IMAGES/Finn Cole.jpg,/2019 TIDY - CELEBRITY FACEMASKS FINAL 7200 IMAGES/2026 TV SHOWS AND STARS/Finn Cole.jpg,move,not run,
19,/2019 TIDY - CELEBRITY FACEMASKS FINAL 7200 IMAGES/Francesca Hull.jpg,/2019 TIDY - CELEBRITY FACEMASKS FINAL 7200 IMAGES/2026 TV SHOWS AND STARS/Francesca Hull.jpg,move,not run,
19,/2019 TIDY - CELEBRITY FACEMASKS FINAL 7200 IMAGES/FrancisBoulle.jpg,/2019 TIDY - CELEBRITY FACEMASKS FINAL 7200 IMAGES/2026 TV SHOWS AND STARS/FrancisBoulle.jpg,move,not run,
19,/2019 TIDY - CELEBRITY FACEMASKS FINAL 7200 IMAGES/Frankie Grande.jpg,/2019 TIDY - CELEBRITY FACEMASKS FINAL 7200 IMAGES/2026 TV SHOWS AND STARS/Frankie Grande.jpg,move,not run,
19,/2019 TIDY - CELEBRITY FACEMASKS FINAL 7200 IMAGES/Joey Friends 2.jpg,/2019 TIDY - CELEBRITY FACEMASKS FINAL 7200 IMAGES/2026 TV SHOWS AND STARS/Friends/Joey Friends 2.jpg,variant,not run,
19,/2019 TIDY - CELEBRITY FACEMASKS FINAL 7200 IMAGES/Monica Friends 2.jpg,/2019 TIDY - CELEBRITY FACEMASKS FINAL 7200 IMAGES/2026 TV SHOWS AND STARS/Friends/Monica Friends 2.jpg,move,not run,
19,/2019 TIDY - CELEBRITY FACEMASKS FINAL 7200 IMAGES/Phoebe Friends 2.jpg,/2019 TIDY - CELEBRITY FACEMASKS FINAL 7200 IMAGES/2026 TV SHOWS AND STARS/Friends/Phoebe Friends 2.jpg,move,not run,
19,/2019 TIDY - CELEBRITY FACEMASKS FINAL 7200 IMAGES/Fulton_Mackay - porridge.jpg,/2019 TIDY - CELEBRITY FACEMASKS FINAL 7200 IMAGES/2026 TV SHOWS AND STARS/Fulton_Mackay - porridge.jpg,move,not run,
19,/2019 TIDY - CELEBRITY FACEMASKS FINAL 7200 IMAGES/Furio Guiunta.jpg,/2019 TIDY - CELEBRITY FACEMASKS FINAL 7200 IMAGES/2026 TV SHOWS AND STARS/Furio Guiunta.jpg,move,not run,
19,/2019 TIDY - CELEBRITY FACEMASKS FINAL 7200 IMAGES/Steffan-Rhodri---Dave-Coaches-Gavin-Stacey.jpg,/2019 TIDY - CELEBRITY FACEMASKS FINAL 7200 IMAGES/2026 TV SHOWS AND STARS/GAVIN STACEY/Steffan-Rhodri---Dave-Coaches-Gavin-Stacey.jpg,move,not run,
19,/2019 TIDY - CELEBRITY FACEMASKS FINAL 7200 IMAGES/Marnie Geordie Shore.jpg,/2019 TIDY - CELEBRITY FACEMASKS FINAL 7200 IMAGES/2026 TV SHOWS AND STARS/GEORDIE SHORE/Marnie Geordie Shore.jpg,move,not run,
19,/2019 TIDY - CELEBRITY FACEMASKS FINAL 7200 IMAGES/marnie simpson (2).jpg,/2019 TIDY - CELEBRITY FACEMASKS FINAL 7200 IMAGES/2026 TV SHOWS AND STARS/GEORDIE SHORE/marnie simpson (2).jpg,move,not run,
19,/2019 TIDY - CELEBRITY FACEMASKS FINAL 7200 IMAGES/nathan henry.jpeg,/2019 TIDY - CELEBRITY FACEMASKS FINAL 7200 IMAGES/2026 TV SHOWS AND STARS/GEORDIE SHORE/nathan henry.jpeg,move,not run,
19,/2019 TIDY - CELEBRITY FACEMASKS FINAL 7200 IMAGES/Gen Padalecki.jpg,/2019 TIDY - CELEBRITY FACEMASKS FINAL 7200 IMAGES/2026 TV SHOWS AND STARS/Gen Padalecki.jpg,move,not run,
19,/2019 TIDY - CELEBRITY FACEMASKS FINAL 7200 IMAGES/Gillian Anderson.jpg,/2019 TIDY - CELEBRITY FACEMASKS FINAL 7200 IMAGES/2026 MOVIE STARS/Gillian Anderson (larger).jpg,duplicate_larger,not run,
19,/2019 TIDY - CELEBRITY FACEMASKS FINAL 7200 IMAGES/Giuliana Rancic.jpg,/2019 TIDY - CELEBRITY FACEMASKS FINAL 7200 IMAGES/2026 TV SHOWS AND STARS/Giuliana Rancic.jpg,move,not run,
19,/2019 TIDY - CELEBRITY FACEMASKS FINAL 7200 IMAGES/Gleb Savchenko JB.jpg,/2019 TIDY - CELEBRITY FACEMASKS FINAL 7200 IMAGES/2026 TV SHOWS AND STARS/Gleb Savchenko JB.jpg,move,not run,
19,/2019 TIDY - CELEBRITY FACEMASKS FINAL 7200 IMAGES/Gleb.jpg,/2019 TIDY - CELEBRITY FACEMASKS FINAL 7200 IMAGES/2026 TV SHOWS AND STARS/Gleb.jpg,move,not run,
19,/2019 TIDY - CELEBRITY FACEMASKS FINAL 7200 IMAGES/Grant Gustin.jpg,/2019 TIDY - CELEBRITY FACEMASKS FINAL 7200 IMAGES/2026 TV SHOWS AND STARS/Grant Gustin.jpg,move,not run,
19,/2019 TIDY - CELEBRITY FACEMASKS FINAL 7200 IMAGES/Greg Sulkin.jpg,/2019 TIDY - CELEBRITY FACEMASKS FINAL 7200 IMAGES/2026 TV SHOWS AND STARS/Greg Sulkin.jpg,move,not run,
19,/2019 TIDY - CELEBRITY FACEMASKS FINAL 7200 IMAGES/Greg_Walace__tv stars 2018.jpg,/2019 TIDY - CELEBRITY FACEMASKS FINAL 7200 IMAGES/2026 TV SHOWS AND STARS/Greg_Walace__tv stars 2018.jpg,move,not run,
19,/2019 TIDY - CELEBRITY FACEMASKS FINAL 7200 IMAGES/Hannah Murray.jpg,/2019 TIDY - CELEBRITY FACEMASKS FINAL 7200 IMAGES/2026 TV SHOWS AND STARS/Hannah Murray.jpg,move,not run,
19,/2019 TIDY - CELEBRITY FACEMASKS FINAL 7200 IMAGES/Hannah Tointon.jpg,/2019 TIDY - CELEBRITY FACEMASKS FINAL 7200 IMAGES/2026 TV SHOWS AND STARS/Hannah Tointon.jpg,move,not run,
19,/2019 TIDY - CELEBRITY FACEMASKS FINAL 7200 IMAGES/Hannibal Smith - A Team.jpg,/2019 TIDY - CELEBRITY FACEMASKS FINAL 7200 IMAGES/2026 TV SHOWS AND STARS/Hannibal Smith - A Team.jpg,move,not run,
19,/2019 TIDY - CELEBRITY FACEMASKS FINAL 7200 IMAGES/Harry Kirton.jpg,/2019 TIDY - CELEBRITY FACEMASKS FINAL 7200 IMAGES/2026 TV SHOWS AND STARS/Harry Kirton.jpg,move,not run,
19,/2019 TIDY - CELEBRITY FACEMASKS FINAL 7200 IMAGES/Harry Lloyd.jpg,/2019 TIDY - CELEBRITY FACEMASKS FINAL 7200 IMAGES/2026 TV SHOWS AND STARS/Harry Lloyd.jpg,move,not run,
19,/2019 TIDY - CELEBRITY FACEMASKS FINAL 7200 IMAGES/Harry Richardson.jpg,/2019 TIDY - CELEBRITY FACEMASKS FINAL 7200 IMAGES/2026 TV SHOWS AND STARS/Harry Richardson.jpg,move,not run,
19,/2019 TIDY - CELEBRITY FACEMASKS FINAL 7200 IMAGES/Heath Baxton - home and away (2).jpg,/2019 TIDY - CELEBRITY FACEMASKS FINAL 7200 IMAGES/2026 TV SHOWS AND STARS/Heath Baxton - home and away (2).jpg,move,not run,
19,/2019 TIDY - CELEBRITY FACEMASKS FINAL 7200 IMAGES/Heather Morris.jpg,/2019 TIDY - CELEBRITY FACEMASKS FINAL 7200 IMAGES/2026 TV SHOWS AND STARS/Heather Morris.jpg,move,not run,
19,/2019 TIDY - CELEBRITY FACEMASKS FINAL 7200 IMAGES/Heidi Montag.jpg,/2019 TIDY - CELEBRITY FACEMASKS FINAL 7200 IMAGES/2026 TV SHOWS AND STARS/Heidi Montag.jpg,move,not run,
19,/2019 TIDY - CELEBRITY FACEMASKS FINAL 7200 IMAGES/Helen McCrory.jpg,/2019 TIDY - CELEBRITY FACEMASKS FINAL 7200 IMAGES/2026 TV SHOWS AND STARS/Helen McCrory.jpg,move,not run,
19,/2019 TIDY - CELEBRITY FACEMASKS FINAL 7200 IMAGES/Helga Alo Alo.gif,/2019 TIDY - CELEBRITY FACEMASKS FINAL 7200 IMAGES/2026 TV SHOWS AND STARS/Helga Alo Alo.gif,move,not run,
19,/2019 TIDY - CELEBRITY FACEMASKS FINAL 7200 IMAGES/Hilary Duff.jpg,/2019 TIDY - CELEBRITY FACEMASKS FINAL 7200 IMAGES/2026 TV SHOWS AND STARS/Hilary Duff.jpg,move,not run,
19,/2019 TIDY - CELEBRITY FACEMASKS FINAL 7200 IMAGES/Holland Taylor.jpg,/2019 TIDY - CELEBRITY FACEMASKS FINAL 7200 IMAGES/2026 TV SHOWS AND STARS/Holland Taylor.jpg,move,not run,
19,/2019 TIDY - CELEBRITY FACEMASKS FINAL 7200 IMAGES/Darren Osbourne Hollyoaks.jpg,/2019 TIDY - CELEBRITY FACEMASKS FINAL 7200 IMAGES/2026 TV SHOWS AND STARS/Hollyoaks/Darren Osbourne Hollyoaks.jpg,move,not run,
19,/2019 TIDY - CELEBRITY FACEMASKS FINAL 7200 IMAGES/Esther Bloom (Jazmine Franks) DE.jpg,/2019 TIDY - CELEBRITY FACEMASKS FINAL 7200 IMAGES/2026 TV SHOWS AND STARS/Hollyoaks/Esther Bloom (Jazmine Franks) DE.jpg,move,not run,
19,/2019 TIDY - CELEBRITY FACEMASKS FINAL 7200 IMAGES/Frankie Osborne (Helen Pearson)DE.jpg,/2019 TIDY - CELEBRITY FACEMASKS FINAL 7200 IMAGES/2026 TV SHOWS AND STARS/Hollyoaks/Frankie Osborne (Helen Pearson)DE.jpg,move,not run,
19,/2019 TIDY - CELEBRITY FACEMASKS FINAL 7200 IMAGES/Grace Black (Tamara Wall) DE.jpg,/2019 TIDY - CELEBRITY FACEMASKS FINAL 7200 IMAGES/2026 TV SHOWS AND STARS/Hollyoaks/Grace Black (Tamara Wall) DE.jpg,move,not run,
19,/2019 TIDY - CELEBRITY FACEMASKS FINAL 7200 IMAGES/Holly Cunningham (Amanda Clapham) DE.jpg,/2019 TIDY - CELEBRITY FACEMASKS FINAL 7200 IMAGES/2026 TV SHOWS AND STARS/Hollyoaks/Holly Cunningham (Amanda Clapham) DE.jpg,move,not run,
19,/2019 TIDY - CELEBRITY FACEMASKS FINAL 7200 IMAGES/Jack Osborne (Jimmy McKenna) DE.jpg,/2019 TIDY - CELEBRITY FACEMASKS FINAL 7200 IMAGES/2026 TV SHOWS AND STARS/Hollyoaks/Jack Osborne (Jimmy McKenna) DE.jpg,move,not run,
19,/2019 TIDY - CELEBRITY FACEMASKS FINAL 7200 IMAGES/Joe Tracini - Dennis.jpg,/2019 TIDY - CELEBRITY FACEMASKS FINAL 7200 IMAGES/2026 TV SHOWS AND STARS/Hollyoaks/Joe Tracini - Dennis.jpg,move,not run,
19,/2019 TIDY - CELEBRITY FACEMASKS FINAL 7200 IMAGES/Leela Lomax (Kirsty-Leigh Porter) DE.jpg,/2019 TIDY - CELEBRITY FACEMASKS FINAL 7200 IMAGES/2026 TV SHOWS AND STARS/Hollyoaks/Leela Lomax (Kirsty-Leigh Porter) DE.jpg,move,not run,
19,/2019 TIDY - CELEBRITY FACEMASKS FINAL 7200 IMAGES/Lisa Loveday (Rachel Adedeji) DE.jpg,/2019 TIDY - CELEBRITY FACEMASKS FINAL 7200 IMAGES/2026 TV SHOWS AND STARS/Hollyoaks/Lisa Loveday (Rachel Adedeji) DE.jpg,move,not run,
19,/2019 TIDY - CELEBRITY FACEMASKS FINAL 7200 IMAGES/Maxine Blake (Nikki Sanderson) DE.jpg,/2019 TIDY - CELEBRITY FACEMASKS FINAL 7200 IMAGES/2026 TV SHOWS AND STARS/Hollyoaks/Maxine Blake (Nikki Sanderson) DE.jpg,move,not run,
19,/2019 TIDY - CELEBRITY FACEMASKS FINAL 7200 IMAGES/Myra McQueen (Nicole Barber-Lane) DE.jpg,/2019 TIDY - CELEBRITY FACEMASKS FINAL 7200 IMAGES/2026 TV SHOWS AND STARS/Hollyoaks/Myra McQueen (Nicole Barber-Lane) DE.jpg,move,not run,
19,/2019 TIDY - CELEBRITY FACEMASKS FINAL 7200 IMAGES/Myra Mcqueen Hollyoaks.jpg,/2019 TIDY - CELEBRITY FACEMASKS FINAL 7200 IMAGES/2026 TV SHOWS AND STARS/Hollyoaks/Myra Mcqueen Hollyoaks.jpg,move,not run,
19,/2019 TIDY - CELEBRITY FACEMASKS FINAL 7200 IMAGES/Prince McQueen (Malique Thompson-Dwyer) DE.jpg,/2019 TIDY - CELEBRITY FACEMASKS FINAL 7200 IMAGES/2026 TV SHOWS AND STARS/Hollyoaks/Prince McQueen (Malique Thompson-Dwyer) DE.jpg,move,not run,
19,/2019 TIDY - CELEBRITY FACEMASKS FINAL 7200 IMAGES/gemma merna.jpg,/2019 TIDY - CELEBRITY FACEMASKS FINAL 7200 IMAGES/2026 TV SHOWS AND STARS/Hollyoaks/gemma merna.jpg,move,not run,
19,/2019 TIDY - CELEBRITY FACEMASKS FINAL 7200 IMAGES/Hugh Fearnley Whittingstall.jpg,/2019 TIDY - CELEBRITY FACEMASKS FINAL 7200 IMAGES/2026 TV SHOWS AND STARS/Hugh Fearnley Whittingstall.jpg,move,not run,
19,/2019 TIDY - CELEBRITY FACEMASKS FINAL 7200 IMAGES/Hugo Alo Alo.jpg,/2019 TIDY - CELEBRITY FACEMASKS FINAL 7200 IMAGES/2026 TV SHOWS AND STARS/Hugo Alo Alo.jpg,move,not run,
19,/2019 TIDY - CELEBRITY FACEMASKS FINAL 7200 IMAGES/Hugo Taylor - Made in Chelsea.jpg,/2019 TIDY - CELEBRITY FACEMASKS FINAL 7200 IMAGES/2026 TV SHOWS AND STARS/Hugo Taylor - Made in Chelsea.jpg,move,not run,
19,/2019 TIDY - CELEBRITY FACEMASKS FINAL 7200 IMAGES/Lord Brocket.jpg,/2019 TIDY - CELEBRITY FACEMASKS FINAL 7200 IMAGES/2026 TV SHOWS AND STARS/IM A CELEB/Lord Brocket.jpg,move,not run,
19,/2019 TIDY - CELEBRITY FACEMASKS FINAL 7200 IMAGES/ISAAC HEMPSTEAD - BRAN STARK - GAME OF THRONES.jpg,/2019 TIDY - CELEBRITY FACEMASKS FINAL 7200 IMAGES/2026 TV SHOWS AND STARS/ISAAC HEMPSTEAD - BRAN STARK - GAME OF THRONES.jpg,move,not run,
19,/2019 TIDY - CELEBRITY FACEMASKS FINAL 7200 IMAGES/Ian Cheeseman.jpg,/2019 TIDY - CELEBRITY FACEMASKS FINAL 7200 IMAGES/2026 TV SHOWS AND STARS/Ian Cheeseman.jpg,move,not run,
19,/2019 TIDY - CELEBRITY FACEMASKS FINAL 7200 IMAGES/Ian Gallagher New.jpg,/2019 TIDY - CELEBRITY FACEMASKS FINAL 7200 IMAGES/2026 TV SHOWS AND STARS/Ian Gallagher New.jpg,move,not run,
19,/2019 TIDY - CELEBRITY FACEMASKS FINAL 7200 IMAGES/Ian Harding.jpg,/2019 TIDY - CELEBRITY FACEMASKS FINAL 7200 IMAGES/2026 TV SHOWS AND STARS/Ian Harding.jpg,move,not run,
19,/2019 TIDY - CELEBRITY FACEMASKS FINAL 7200 IMAGES/Iddo Goldberg.jpg,/2019 TIDY - CELEBRITY FACEMASKS FINAL 7200 IMAGES/2026 TV SHOWS AND STARS/Iddo Goldberg.jpg,move,not run,
19,/2019 TIDY - CELEBRITY FACEMASKS FINAL 7200 IMAGES/Idris Elba JB 30104__71584.jpg,/2019 TIDY - CELEBRITY FACEMASKS FINAL 7200 IMAGES/2026 TV SHOWS AND STARS/Idris Elba JB 30104__71584.jpg,move,not run,
19,/2019 TIDY - CELEBRITY FACEMASKS FINAL 7200 IMAGES/India Eisley.jpg,/2019 TIDY - CELEBRITY FACEMASKS FINAL 7200 IMAGES/2026 TV SHOWS AND STARS/India Eisley.jpg,move,not run,
19,/2019 TIDY - CELEBRITY FACEMASKS FINAL 7200 IMAGES/Indira Varma.jpg,/2019 TIDY - CELEBRITY FACEMASKS FINAL 7200 IMAGES/2026 TV SHOWS AND STARS/Indira Varma.jpg,move,not run,
19,/2019 TIDY - CELEBRITY FACEMASKS FINAL 7200 IMAGES/Isobel Crawley.jpg,/2019 TIDY - CELEBRITY FACEMASKS FINAL 7200 IMAGES/2026 TV SHOWS AND STARS/Isobel Crawley.jpg,move,not run,
19,/2019 TIDY - CELEBRITY FACEMASKS FINAL 7200 IMAGES/Issac Hempstead Wright.jpg,/2019 TIDY - CELEBRITY FACEMASKS FINAL 7200 IMAGES/2026 TV SHOWS AND STARS/Issac Hempstead Wright.jpg,move,not run,
19,/2019 TIDY - CELEBRITY FACEMASKS FINAL 7200 IMAGES/Iwan Rheon.jpg,/2019 TIDY - CELEBRITY FACEMASKS FINAL 7200 IMAGES/2026 TV SHOWS AND STARS/Iwan Rheon.jpg,move,not run,
19,/2019 TIDY - CELEBRITY FACEMASKS FINAL 7200 IMAGES/JAX TELLER-charlie-hunnam.jpg,/2019 TIDY - CELEBRITY FACEMASKS FINAL 7200 IMAGES/2026 TV SHOWS AND STARS/JAX TELLER-charlie-hunnam.jpg,move,not run,
19,/2019 TIDY - CELEBRITY FACEMASKS FINAL 7200 IMAGES/JEFFREY DEAN MORGAN.jpg,/2019 TIDY - CELEBRITY FACEMASKS FINAL 7200 IMAGES/2026 TV SHOWS AND STARS/JEFFREY DEAN MORGAN.jpg,move,not run,
19,/2019 TIDY - CELEBRITY FACEMASKS FINAL 7200 IMAGES/JOANN FLETCHER.jpg,/2019 TIDY - CELEBRITY FACEMASKS FINAL 7200 IMAGES/2026 TV SHOWS AND STARS/JOANN FLETCHER.jpg,move,not run,
19,/2019 TIDY - CELEBRITY FACEMASKS FINAL 7200 IMAGES/JON HAMM.jpg,/2019 TIDY - CELEBRITY FACEMASKS FINAL 7200 IMAGES/2026 TV SHOWS AND STARS/JON HAMM.jpg,move,not run,
19,/2019 TIDY - CELEBRITY FACEMASKS FINAL 7200 IMAGES/JONATHAN BANKS breaking_bad_3.jpg,/2019 TIDY - CELEBRITY FACEMASKS FINAL 7200 IMAGES/2026 TV SHOWS AND STARS/JONATHAN BANKS breaking_bad_3.jpg,move,not run,
19,/2019 TIDY - CELEBRITY FACEMASKS FINAL 7200 IMAGES/JUSTIN BOBBY - THE HILLS.jpg,/2019 TIDY - CELEBRITY FACEMASKS FINAL 7200 IMAGES/2026 TV SHOWS AND STARS/JUSTIN BOBBY - THE HILLS.jpg,move,not run,
19,/2019 TIDY - CELEBRITY FACEMASKS FINAL 7200 IMAGES/Jack Farthing.jpg,/2019 TIDY - CELEBRITY FACEMASKS FINAL 7200 IMAGES/2026 TV SHOWS AND STARS/Jack Farthing.jpg,move,not run,
19,/2019 TIDY - CELEBRITY FACEMASKS FINAL 7200 IMAGES/Jack Lord.jpg,/2019 TIDY - CELEBRITY FACEMASKS FINAL 7200 IMAGES/2026 TV SHOWS AND STARS/Jack Lord.jpg,move,not run,
19,/2019 TIDY - CELEBRITY FACEMASKS FINAL 7200 IMAGES/Jackie Cruz.jpg,/2019 TIDY - CELEBRITY FACEMASKS FINAL 7200 IMAGES/2026 TV SHOWS AND STARS/Jackie Cruz.jpg,move,not run,
19,/2019 TIDY - CELEBRITY FACEMASKS FINAL 7200 IMAGES/Jackie st clare NEW 1.jpg,/2019 TIDY - CELEBRITY FACEMASKS FINAL 7200 IMAGES/2026 TV SHOWS AND STARS/Jackie st clare NEW 1.jpg,move,not run,
19,/2019 TIDY - CELEBRITY FACEMASKS FINAL 7200 IMAGES/Jackie st clare NEW 2.jpg,/2019 TIDY - CELEBRITY FACEMASKS FINAL 7200 IMAGES/2026 TV SHOWS AND STARS/Jackie st clare NEW 2.jpg,move,not run,
19,/2019 TIDY - CELEBRITY FACEMASKS FINAL 7200 IMAGES/Jaclyn Smith.jpg,/2019 TIDY - CELEBRITY FACEMASKS FINAL 7200 IMAGES/2026 TV SHOWS AND STARS/Jaclyn Smith.jpg,move,not run,
19,/2019 TIDY - CELEBRITY FACEMASKS FINAL 7200 IMAGES/Jai Rodriguez - Queer Eye.jpg,/2019 TIDY - CELEBRITY FACEMASKS FINAL 7200 IMAGES/2026 TV SHOWS AND STARS/Jai Rodriguez - Queer Eye.jpg,move,not run,
19,/2019 TIDY - CELEBRITY FACEMASKS FINAL 7200 IMAGES/James Spander.jpg,/2019 TIDY - CELEBRITY FACEMASKS FINAL 7200 IMAGES/2026 TV SHOWS AND STARS/James Spander.jpg,move,not run,
19,/2019 TIDY - CELEBRITY FACEMASKS FINAL 7200 IMAGES/Jamie Lannister Game of thrones.jpg,/2019 TIDY - CELEBRITY FACEMASKS FINAL 7200 IMAGES/2026 TV SHOWS AND STARS/Jamie Lannister Game of thrones.jpg,move,not run,
19,/2019 TIDY - CELEBRITY FACEMASKS FINAL 7200 IMAGES/Jamie Lynn Sigler.jpg,/2019 TIDY - CELEBRITY FACEMASKS FINAL 7200 IMAGES/2026 TV SHOWS AND STARS/Jamie Lynn Sigler.jpg,move,not run,
19,/2019 TIDY - CELEBRITY FACEMASKS FINAL 7200 IMAGES/Jamie Tartt-Ted Lasso.jpg,/2019 TIDY - CELEBRITY FACEMASKS FINAL 7200 IMAGES/2026 TV SHOWS AND STARS/Jamie Tartt-Ted Lasso.jpg,move,not run,
19,/2019 TIDY - CELEBRITY FACEMASKS FINAL 7200 IMAGES/Janel Parrish.jpg,/2019 TIDY - CELEBRITY FACEMASKS FINAL 7200 IMAGES/2026 TV SHOWS AND STARS/Janel Parrish.jpg,move,not run,
19,/2019 TIDY - CELEBRITY FACEMASKS FINAL 7200 IMAGES/January Jones.jpg,/2019 TIDY - CELEBRITY FACEMASKS FINAL 7200 IMAGES/2026 TV SHOWS AND STARS/January Jones.jpg,move,not run,
19,/2019 TIDY - CELEBRITY FACEMASKS FINAL 7200 IMAGES/January-Jones-Betty-Francis.jpg,/2019 TIDY - CELEBRITY FACEMASKS FINAL 7200 IMAGES/2026 TV SHOWS AND STARS/January-Jones-Betty-Francis.jpg,move,not run,
19,/2019 TIDY - CELEBRITY FACEMASKS FINAL 7200 IMAGES/Jared Padalecki.jpg,/2019 TIDY - CELEBRITY FACEMASKS FINAL 7200 IMAGES/2026 TV SHOWS AND STARS/Jared Padalecki.jpg,move,not run,
19,/2019 TIDY - CELEBRITY FACEMASKS FINAL 7200 IMAGES/Jason Bateman - The Change Up.jpg,/2019 TIDY - CELEBRITY FACEMASKS FINAL 7200 IMAGES/2026 TV SHOWS AND STARS/Jason Bateman - The Change Up.jpg,move,not run,
19,/2019 TIDY - CELEBRITY FACEMASKS FINAL 7200 IMAGES/Jason Segel.jpg,/2019 TIDY - CELEBRITY FACEMASKS FINAL 7200 IMAGES/2026 TV SHOWS AND STARS/Jason Segel.jpg,move,not run,
19,/2019 TIDY - CELEBRITY FACEMASKS FINAL 7200 IMAGES/Jason_Bradbury.jpg,/2019 TIDY - CELEBRITY FACEMASKS FINAL 7200 IMAGES/2026 TV SHOWS AND STARS/Jason_Bradbury.jpg,move,not run,
19,/2019 TIDY - CELEBRITY FACEMASKS FINAL 7200 IMAGES/Jean-Christophe Novelli.jpg,/2019 TIDY - CELEBRITY FACEMASKS FINAL 7200 IMAGES/2026 TV SHOWS AND STARS/Jean-Christophe Novelli.jpg,move,not run,
19,/2019 TIDY - CELEBRITY FACEMASKS FINAL 7200 IMAGES/Jean-Luc Bilodeau.jpg,/2019 TIDY - CELEBRITY FACEMASKS FINAL 7200 IMAGES/2026 TV SHOWS AND STARS/Jean-Luc Bilodeau.jpg,move,not run,
19,/2019 TIDY - CELEBRITY FACEMASKS FINAL 7200 IMAGES/Jeff Brazier.jpg,/2019 TIDY - CELEBRITY FACEMASKS FINAL 7200 IMAGES/2026 TV SHOWS AND STARS/Jeff Brazier.jpg,move,not run,
20,/2019 TIDY - CELEBRITY FACEMASKS FINAL 7200 IMAGES/Jeffrey Demunn Walking Dead.png,/2019 TIDY - CELEBRITY FACEMASKS FINAL 7200 IMAGES/2026 TV SHOWS AND STARS/Jeffrey Demunn Walking Dead.png,move,not run,
20,/2019 TIDY - CELEBRITY FACEMASKS FINAL 7200 IMAGES/Jenette McCurdy.jpg,/2019 TIDY - CELEBRITY FACEMASKS FINAL 7200 IMAGES/2026 TV SHOWS AND STARS/Jenette McCurdy.jpg,move,not run,
20,/2019 TIDY - CELEBRITY FACEMASKS FINAL 7200 IMAGES/Jenna Loise Coleman.jpg,/2019 TIDY - CELEBRITY FACEMASKS FINAL 7200 IMAGES/2026 TV SHOWS AND STARS/Jenna Loise Coleman.jpg,move,not run,
20,/2019 TIDY - CELEBRITY FACEMASKS FINAL 7200 IMAGES/Jenna Ortega.jpg,/2019 TIDY - CELEBRITY FACEMASKS FINAL 7200 IMAGES/2026 TV SHOWS AND STARS/Jenna Ortega.jpg,move,not run,
20,/2019 TIDY - CELEBRITY FACEMASKS FINAL 7200 IMAGES/Jennette Mccurdy.jpg,/2019 TIDY - CELEBRITY FACEMASKS FINAL 7200 IMAGES/2026 MOVIE STARS/Jennette Mccurdy (larger).jpg,duplicate_larger,not run,
20,/2019 TIDY - CELEBRITY FACEMASKS FINAL 7200 IMAGES/Jenni Falconer.jpg,/2019 TIDY - CELEBRITY FACEMASKS FINAL 7200 IMAGES/2026 TV SHOWS AND STARS/Jenni Falconer.jpg,move,not run,
20,/2019 TIDY - CELEBRITY FACEMASKS FINAL 7200 IMAGES/Jenni Konner.jpg,/2019 TIDY - CELEBRITY FACEMASKS FINAL 7200 IMAGES/2026 TV SHOWS AND STARS/Jenni Konner.jpg,move,not run,
20,/2019 TIDY - CELEBRITY FACEMASKS FINAL 7200 IMAGES/Jennie Garth.jpg,/2019 TIDY - CELEBRITY FACEMASKS FINAL 7200 IMAGES/2026 TV SHOWS AND STARS/Jennie Garth.jpg,move,not run,
20,/2019 TIDY - CELEBRITY FACEMASKS FINAL 7200 IMAGES/Jennifer Morrison.jpg,/2019 TIDY - CELEBRITY FACEMASKS FINAL 7200 IMAGES/2026 MOVIE STARS/Jennifer Morrison (larger).jpg,duplicate_larger,not run,
20,/2019 TIDY - CELEBRITY FACEMASKS FINAL 7200 IMAGES/Jensen Ackles Sexy.jpg,/2019 TIDY - CELEBRITY FACEMASKS FINAL 7200 IMAGES/2026 TV SHOWS AND STARS/Jensen Ackles Sexy.jpg,move,not run,
20,/2019 TIDY - CELEBRITY FACEMASKS FINAL 7200 IMAGES/Jensen Ackles.JPG,/2019 TIDY - CELEBRITY FACEMASKS FINAL 7200 IMAGES/2026 TV SHOWS AND STARS/Jensen Ackles.JPG,move,not run,
20,/2019 TIDY - CELEBRITY FACEMASKS FINAL 7200 IMAGES/Jeremy Beadle.jpg,/2019 TIDY - CELEBRITY FACEMASKS FINAL 7200 IMAGES/2026 TV SHOWS AND STARS/Jeremy Beadle.jpg,move,not run,
20,/2019 TIDY - CELEBRITY FACEMASKS FINAL 7200 IMAGES/Jeremy Piven.jpg,/2019 TIDY - CELEBRITY FACEMASKS FINAL 7200 IMAGES/2026 TV SHOWS AND STARS/Jeremy Piven.jpg,move,not run,
20,/2019 TIDY - CELEBRITY FACEMASKS FINAL 7200 IMAGES/Jeremy-Clarkson-Kaleb--Cooper-Face-masks.jpg,/2019 TIDY - CELEBRITY FACEMASKS FINAL 7200 IMAGES/2026 TV SHOWS AND STARS/Jeremy-Clarkson-Kaleb--Cooper-Face-masks.jpg,move,not run,
20,/2019 TIDY - CELEBRITY FACEMASKS FINAL 7200 IMAGES/Jeri Ryan.jpg,/2019 TIDY - CELEBRITY FACEMASKS FINAL 7200 IMAGES/2026 TV SHOWS AND STARS/Jeri Ryan.jpg,move,not run,
20,/2019 TIDY - CELEBRITY FACEMASKS FINAL 7200 IMAGES/Jerry 'Smith' Jerrod-Jason Lewis-Sex and the City.jpg,/2019 TIDY - CELEBRITY FACEMASKS FINAL 7200 IMAGES/2026 TV SHOWS AND STARS/Jerry 'Smith' Jerrod-Jason Lewis-Sex and the City.jpg,move,not run,
20,/2019 TIDY - CELEBRITY FACEMASKS FINAL 7200 IMAGES/Jessica Brown Findlay.jpg,/2019 TIDY - CELEBRITY FACEMASKS FINAL 7200 IMAGES/2026 MOVIE STARS/Jessica Brown Findlay (larger).jpg,duplicate_larger,not run,
20,/2019 TIDY - CELEBRITY FACEMASKS FINAL 7200 IMAGES/Jessica Jane Clement.JPG,/2019 TIDY - CELEBRITY FACEMASKS FINAL 7200 IMAGES/2026 TV SHOWS AND STARS/Jessica Jane Clement.JPG,move,not run,
20,/2019 TIDY - CELEBRITY FACEMASKS FINAL 7200 IMAGES/Jessica Lowndes.jpg,/2019 TIDY - CELEBRITY FACEMASKS FINAL 7200 IMAGES/2026 TV SHOWS AND STARS/Jessica Lowndes.jpg,move,not run,
20,/2019 TIDY - CELEBRITY FACEMASKS FINAL 7200 IMAGES/Jessica Lucas.jpg,/2019 TIDY - CELEBRITY FACEMASKS FINAL 7200 IMAGES/2026 TV SHOWS AND STARS/Jessica Lucas.jpg,move,not run,
20,/2019 TIDY - CELEBRITY FACEMASKS FINAL 7200 IMAGES/Jessica Pimentel.jpg,/2019 TIDY - CELEBRITY FACEMASKS FINAL 7200 IMAGES/2026 TV SHOWS AND STARS/Jessica Pimentel.jpg,move,not run,
20,/2019 TIDY - CELEBRITY FACEMASKS FINAL 7200 IMAGES/Jessica-Paré-Megan-Draper.jpg,/2019 TIDY - CELEBRITY FACEMASKS FINAL 7200 IMAGES/2026 TV SHOWS AND STARS/Jessica-Paré-Megan-Draper.jpg,move,not run,
20,/2019 TIDY - CELEBRITY FACEMASKS FINAL 7200 IMAGES/Jessie Pavelka.jpg,/2019 TIDY - CELEBRITY FACEMASKS FINAL 7200 IMAGES/2026 TV SHOWS AND STARS/Jessie Pavelka.jpg,move,not run,
20,/2019 TIDY - CELEBRITY FACEMASKS FINAL 7200 IMAGES/Jewel Staite.jpg,/2019 TIDY - CELEBRITY FACEMASKS FINAL 7200 IMAGES/2026 TV SHOWS AND STARS/Jewel Staite.jpg,move,not run,
20,/2019 TIDY - CELEBRITY FACEMASKS FINAL 7200 IMAGES/Jim Beaver.jpg,/2019 TIDY - CELEBRITY FACEMASKS FINAL 7200 IMAGES/2026 TV SHOWS AND STARS/Jim Beaver.jpg,move,not run,
20,/2019 TIDY - CELEBRITY FACEMASKS FINAL 7200 IMAGES/Jim Parsons.jpeg,/2019 TIDY - CELEBRITY FACEMASKS FINAL 7200 IMAGES/2026 TV SHOWS AND STARS/Jim Parsons.jpeg,move,not run,
20,/2019 TIDY - CELEBRITY FACEMASKS FINAL 7200 IMAGES/Joe Dempsie.jpg,/2019 TIDY - CELEBRITY FACEMASKS FINAL 7200 IMAGES/2026 TV SHOWS AND STARS/Joe Dempsie.jpg,move,not run,
20,/2019 TIDY - CELEBRITY FACEMASKS FINAL 7200 IMAGES/Joe Exotic- Tiger King.jpg,/2019 TIDY - CELEBRITY FACEMASKS FINAL 7200 IMAGES/2026 TV SHOWS AND STARS/Joe Exotic- Tiger King.jpg,move,not run,
20,/2019 TIDY - CELEBRITY FACEMASKS FINAL 7200 IMAGES/Joely Richardson.jpg,/2019 TIDY - CELEBRITY FACEMASKS FINAL 7200 IMAGES/2026 TV SHOWS AND STARS/Joely Richardson.jpg,move,not run,
20,/2019 TIDY - CELEBRITY FACEMASKS FINAL 7200 IMAGES/Joffery geoffery  Baratheon - GoT.jpg,/2019 TIDY - CELEBRITY FACEMASKS FINAL 7200 IMAGES/2026 TV SHOWS AND STARS/Joffery geoffery  Baratheon - GoT.jpg,move,not run,
20,/2019 TIDY - CELEBRITY FACEMASKS FINAL 7200 IMAGES/John Bates.jpg,/2019 TIDY - CELEBRITY FACEMASKS FINAL 7200 IMAGES/2026 TV SHOWS AND STARS/John Bates.jpg,move,not run,
20,/2019 TIDY - CELEBRITY FACEMASKS FINAL 7200 IMAGES/John Boy Walton.jpg,/2019 TIDY - CELEBRITY FACEMASKS FINAL 7200 IMAGES/2026 TV SHOWS AND STARS/John Boy Walton.jpg,move,not run,
20,/2019 TIDY - CELEBRITY FACEMASKS FINAL 7200 IMAGES/John Clark.jpg,/2019 TIDY - CELEBRITY FACEMASKS FINAL 7200 IMAGES/2026 TV SHOWS AND STARS/John Clark.jpg,move,not run,
20,/2019 TIDY - CELEBRITY FACEMASKS FINAL 7200 IMAGES/John Nettles (2).jpg,/2019 TIDY - CELEBRITY FACEMASKS FINAL 7200 IMAGES/2026 TV SHOWS AND STARS/John Nettles (2).jpg,move,not run,
20,/2019 TIDY - CELEBRITY FACEMASKS FINAL 7200 IMAGES/John Pertwee.jpg,/2019 TIDY - CELEBRITY FACEMASKS FINAL 7200 IMAGES/2026 TV SHOWS AND STARS/John Pertwee.jpg,move,not run,
20,/2019 TIDY - CELEBRITY FACEMASKS FINAL 7200 IMAGES/John-Slattery-Roger-Sterling.jpg,/2019 TIDY - CELEBRITY FACEMASKS FINAL 7200 IMAGES/2026 TV SHOWS AND STARS/John-Slattery-Roger-Sterling.jpg,move,not run,
20,/2019 TIDY - CELEBRITY FACEMASKS FINAL 7200 IMAGES/Johnny Robinson XFactor.jpg,/2019 TIDY - CELEBRITY FACEMASKS FINAL 7200 IMAGES/2026 TV SHOWS AND STARS/Johnny Robinson XFactor.jpg,move,not run,
20,/2019 TIDY - CELEBRITY FACEMASKS FINAL 7200 IMAGES/Jolene Purdy.jpg,/2019 TIDY - CELEBRITY FACEMASKS FINAL 7200 IMAGES/2026 TV SHOWS AND STARS/Jolene Purdy.jpg,move,not run,
20,/2019 TIDY - CELEBRITY FACEMASKS FINAL 7200 IMAGES/Jon Clark.jpg,/2019 TIDY - CELEBRITY FACEMASKS FINAL 7200 IMAGES/2026 TV SHOWS AND STARS/Jon Clark.jpg,variant,not run,
20,/2019 TIDY - CELEBRITY FACEMASKS FINAL 7200 IMAGES/Jon Pertwee - the Third Doctor - Doctor Who.jpg,/2019 TIDY - CELEBRITY FACEMASKS FINAL 7200 IMAGES/2026 TV SHOWS AND STARS/Jon Pertwee - the Third Doctor - Doctor Who.jpg,move,not run,
20,/2019 TIDY - CELEBRITY FACEMASKS FINAL 7200 IMAGES/Jon Tickle.jpg,/2019 TIDY - CELEBRITY FACEMASKS FINAL 7200 IMAGES/2026 TV SHOWS AND STARS/Jon Tickle.jpg,move,not run,
20,/2019 TIDY - CELEBRITY FACEMASKS FINAL 7200 IMAGES/Jon cryer.jpg,/2019 TIDY - CELEBRITY FACEMASKS FINAL 7200 IMAGES/2026 TV SHOWS AND STARS/Jon cryer.jpg,move,not run,
20,/2019 TIDY - CELEBRITY FACEMASKS FINAL 7200 IMAGES/Jon-Hamm-Don-Draper.jpg,/2019 TIDY - CELEBRITY FACEMASKS FINAL 7200 IMAGES/2026 TV SHOWS AND STARS/Jon-Hamm-Don-Draper.jpg,move,not run,
20,/2019 TIDY - CELEBRITY FACEMASKS FINAL 7200 IMAGES/Jonathan Bailey.jpg,/2019 TIDY - CELEBRITY FACEMASKS FINAL 7200 IMAGES/2026 TV SHOWS AND STARS/Jonathan Bailey.jpg,move,not run,
20,/2019 TIDY - CELEBRITY FACEMASKS FINAL 7200 IMAGES/Jorja Fox.jpg,/2019 TIDY - CELEBRITY FACEMASKS FINAL 7200 IMAGES/2026 TV SHOWS AND STARS/Jorja Fox.jpg,move,not run,
20,/2019 TIDY - CELEBRITY FACEMASKS FINAL 7200 IMAGES/Josh Radnor.jpg,/2019 TIDY - CELEBRITY FACEMASKS FINAL 7200 IMAGES/2026 TV SHOWS AND STARS/Josh Radnor.jpg,move,not run,
20,/2019 TIDY - CELEBRITY FACEMASKS FINAL 7200 IMAGES/Josh holloway.jpg,/2019 TIDY - CELEBRITY FACEMASKS FINAL 7200 IMAGES/2026 TV SHOWS AND STARS/Josh holloway.jpg,move,not run,
20,/2019 TIDY - CELEBRITY FACEMASKS FINAL 7200 IMAGES/Joshua Jackson.jpg,/2019 TIDY - CELEBRITY FACEMASKS FINAL 7200 IMAGES/2026 TV SHOWS AND STARS/Joshua Jackson.jpg,move,not run,
20,/2019 TIDY - CELEBRITY FACEMASKS FINAL 7200 IMAGES/Josie Gibson.jpg,/2019 TIDY - CELEBRITY FACEMASKS FINAL 7200 IMAGES/2026 TV SHOWS AND STARS/Josie Gibson.jpg,move,not run,
20,/2019 TIDY - CELEBRITY FACEMASKS FINAL 7200 IMAGES/Justin Lee Collins.jpg,/2019 TIDY - CELEBRITY FACEMASKS FINAL 7200 IMAGES/2026 TV SHOWS AND STARS/Justin Lee Collins.jpg,move,not run,
20,/2019 TIDY - CELEBRITY FACEMASKS FINAL 7200 IMAGES/KALEB.jpg,/2019 TIDY - CELEBRITY FACEMASKS FINAL 7200 IMAGES/2026 TV SHOWS AND STARS/KALEB.jpg,move,not run,
20,/2019 TIDY - CELEBRITY FACEMASKS FINAL 7200 IMAGES/KATIE PIPER.jpg,/2019 TIDY - CELEBRITY FACEMASKS FINAL 7200 IMAGES/2026 TV SHOWS AND STARS/KATIE PIPER.jpg,move,not run,
20,/2019 TIDY - CELEBRITY FACEMASKS FINAL 7200 IMAGES/KEITH FLOYD.jpg,/2019 TIDY - CELEBRITY FACEMASKS FINAL 7200 IMAGES/2026 TV SHOWS AND STARS/KEITH FLOYD.jpg,move,not run,
20,/2019 TIDY - CELEBRITY FACEMASKS FINAL 7200 IMAGES/KEIYNAN LONSDALE.jpg,/2019 TIDY - CELEBRITY FACEMASKS FINAL 7200 IMAGES/2026 TV SHOWS AND STARS/KEIYNAN LONSDALE.jpg,move,not run,
20,/2019 TIDY - CELEBRITY FACEMASKS FINAL 7200 IMAGES/KELLYHOPPEN ADDRESS LONDON E1358240851515.jpg,/2019 TIDY - CELEBRITY FACEMASKS FINAL 7200 IMAGES/2026 TV SHOWS AND STARS/KELLYHOPPEN ADDRESS LONDON E1358240851515.jpg,move,not run,
20,/2019 TIDY - CELEBRITY FACEMASKS FINAL 7200 IMAGES/KELSEY ASBILLE.jpg,/2019 TIDY - CELEBRITY FACEMASKS FINAL 7200 IMAGES/2026 TV SHOWS AND STARS/KELSEY ASBILLE.jpg,move,not run,
20,/2019 TIDY - CELEBRITY FACEMASKS FINAL 7200 IMAGES/KEN STOTT.jpg,/2019 TIDY - CELEBRITY FACEMASKS FINAL 7200 IMAGES/2026 TV SHOWS AND STARS/KEN STOTT.jpg,move,not run,
20,/2019 TIDY - CELEBRITY FACEMASKS FINAL 7200 IMAGES/KRISTOFER HIVJU - TORMUND GIANTSBANE - GAME OF THRONES.jpg,/2019 TIDY - CELEBRITY FACEMASKS FINAL 7200 IMAGES/2026 TV SHOWS AND STARS/KRISTOFER HIVJU - TORMUND GIANTSBANE - GAME OF THRONES.jpg,move,not run,
20,/2019 TIDY - CELEBRITY FACEMASKS FINAL 7200 IMAGES/KRYSTEN RITTER.jpg,/2019 TIDY - CELEBRITY FACEMASKS FINAL 7200 IMAGES/2026 TV SHOWS AND STARS/KRYSTEN RITTER.jpg,move,not run,
20,/2019 TIDY - CELEBRITY FACEMASKS FINAL 7200 IMAGES/Kadiff Kirwan.jpg,/2019 TIDY - CELEBRITY FACEMASKS FINAL 7200 IMAGES/2026 TV SHOWS AND STARS/Kadiff Kirwan.jpg,move,not run,
20,/2019 TIDY - CELEBRITY FACEMASKS FINAL 7200 IMAGES/Kaleb-The-Farm.jpg,/2019 TIDY - CELEBRITY FACEMASKS FINAL 7200 IMAGES/2026 TV SHOWS AND STARS/Kaleb-The-Farm.jpg,move,not run,
20,/2019 TIDY - CELEBRITY FACEMASKS FINAL 7200 IMAGES/Kaley Cuoco New 2016.jpg,/2019 TIDY - CELEBRITY FACEMASKS FINAL 7200 IMAGES/2026 TV SHOWS AND STARS/Kaley Cuoco New 2016.jpg,move,not run,
20,/2019 TIDY - CELEBRITY FACEMASKS FINAL 7200 IMAGES/Karen-brady.jpg,/2019 TIDY - CELEBRITY FACEMASKS FINAL 7200 IMAGES/2026 TV SHOWS AND STARS/Karen-brady.jpg,move,not run,
20,/2019 TIDY - CELEBRITY FACEMASKS FINAL 7200 IMAGES/Kat Graham (3).jpg,/2019 TIDY - CELEBRITY FACEMASKS FINAL 7200 IMAGES/2026 TV SHOWS AND STARS/Kat Graham (3).jpg,move,not run,
20,/2019 TIDY - CELEBRITY FACEMASKS FINAL 7200 IMAGES/Kate Mulgrew.jpg,/2019 TIDY - CELEBRITY FACEMASKS FINAL 7200 IMAGES/2026 TV SHOWS AND STARS/Kate Mulgrew.jpg,move,not run,
20,/2019 TIDY - CELEBRITY FACEMASKS FINAL 7200 IMAGES/Kate Silverton.jpg,/2019 TIDY - CELEBRITY FACEMASKS FINAL 7200 IMAGES/2026 TV SHOWS AND STARS/Kate Silverton.jpg,move,not run,
20,/2019 TIDY - CELEBRITY FACEMASKS FINAL 7200 IMAGES/Katherine McNamara.jpg,/2019 TIDY - CELEBRITY FACEMASKS FINAL 7200 IMAGES/2026 TV SHOWS AND STARS/Katherine McNamara.jpg,move,not run,
20,/2019 TIDY - CELEBRITY FACEMASKS FINAL 7200 IMAGES/Katie price 2.jpg,/2019 TIDY - CELEBRITY FACEMASKS FINAL 7200 IMAGES/2026 TV SHOWS AND STARS/Katie price 2.jpg,variant,not run,
20,/2019 TIDY - CELEBRITY FACEMASKS FINAL 7200 IMAGES/Katrina Law.jpg,/2019 TIDY - CELEBRITY FACEMASKS FINAL 7200 IMAGES/2026 TV SHOWS AND STARS/Katrina Law.jpg,move,not run,
20,/2019 TIDY - CELEBRITY FACEMASKS FINAL 7200 IMAGES/Keegan Allen.jpg,/2019 TIDY - CELEBRITY FACEMASKS FINAL 7200 IMAGES/2026 TV SHOWS AND STARS/Keegan Allen.jpg,move,not run,
20,/2019 TIDY - CELEBRITY FACEMASKS FINAL 7200 IMAGES/Keith Allen.jpg,/2019 TIDY - CELEBRITY FACEMASKS FINAL 7200 IMAGES/2026 TV SHOWS AND STARS/Keith Allen.jpg,move,not run,
20,/2019 TIDY - CELEBRITY FACEMASKS FINAL 7200 IMAGES/Kelly Monaco.jpg,/2019 TIDY - CELEBRITY FACEMASKS FINAL 7200 IMAGES/2026 TV SHOWS AND STARS/Kelly Monaco.jpg,move,not run,
20,/2019 TIDY - CELEBRITY FACEMASKS FINAL 7200 IMAGES/Ken Bruce.jpg,/2019 TIDY - CELEBRITY FACEMASKS FINAL 7200 IMAGES/2026 TV SHOWS AND STARS/Ken Bruce.jpg,move,not run,
20,/2019 TIDY - CELEBRITY FACEMASKS FINAL 7200 IMAGES/Kerry Washington.jpg,/2019 TIDY - CELEBRITY FACEMASKS FINAL 7200 IMAGES/2026 TV SHOWS AND STARS/Kerry Washington.jpg,move,not run,
20,/2019 TIDY - CELEBRITY FACEMASKS FINAL 7200 IMAGES/Kevin Mccloud - Grand Designs.jpg,/2019 TIDY - CELEBRITY FACEMASKS FINAL 7200 IMAGES/2026 TV SHOWS AND STARS/Kevin Mccloud - Grand Designs.jpg,move,not run,
20,/2019 TIDY - CELEBRITY FACEMASKS FINAL 7200 IMAGES/Khal Drogo.jpg,/2019 TIDY - CELEBRITY FACEMASKS FINAL 7200 IMAGES/2026 TV SHOWS AND STARS/Khal Drogo.jpg,move,not run,
20,/2019 TIDY - CELEBRITY FACEMASKS FINAL 7200 IMAGES/Kiernan Shipka.jpg,/2019 TIDY - CELEBRITY FACEMASKS FINAL 7200 IMAGES/2026 TV SHOWS AND STARS/Kiernan Shipka.jpg,move,not run,
20,/2019 TIDY - CELEBRITY FACEMASKS FINAL 7200 IMAGES/Kim Fisher.jpg,/2019 TIDY - CELEBRITY FACEMASKS FINAL 7200 IMAGES/2026 TV SHOWS AND STARS/Kim Fisher.jpg,move,not run,
20,/2019 TIDY - CELEBRITY FACEMASKS FINAL 7200 IMAGES/Kimiko Glenn.jpg,/2019 TIDY - CELEBRITY FACEMASKS FINAL 7200 IMAGES/2026 TV SHOWS AND STARS/Kimiko Glenn.jpg,move,not run,
20,/2019 TIDY - CELEBRITY FACEMASKS FINAL 7200 IMAGES/Kirsty Gallagher.jpg,/2019 TIDY - CELEBRITY FACEMASKS FINAL 7200 IMAGES/2026 TV SHOWS AND STARS/Kirsty Gallagher.jpg,move,not run,
20,/2019 TIDY - CELEBRITY FACEMASKS FINAL 7200 IMAGES/Kitten Big BROTHER.jpg,/2019 TIDY - CELEBRITY FACEMASKS FINAL 7200 IMAGES/2026 TV SHOWS AND STARS/Kitten Big BROTHER.jpg,move,not run,
20,/2019 TIDY - CELEBRITY FACEMASKS FINAL 7200 IMAGES/Kristian Nairn.jpeg,/2019 TIDY - CELEBRITY FACEMASKS FINAL 7200 IMAGES/2026 TV SHOWS AND STARS/Kristian Nairn.jpeg,move,not run,
20,/2019 TIDY - CELEBRITY FACEMASKS FINAL 7200 IMAGES/Kyan Douglas - Queer Eye.jpg,/2019 TIDY - CELEBRITY FACEMASKS FINAL 7200 IMAGES/2026 TV SHOWS AND STARS/Kyan Douglas - Queer Eye.jpg,move,not run,
20,/2019 TIDY - CELEBRITY FACEMASKS FINAL 7200 IMAGES/Kyle Braxton - home and away (2).jpg,/2019 TIDY - CELEBRITY FACEMASKS FINAL 7200 IMAGES/2026 TV SHOWS AND STARS/Kyle Braxton - home and away (2).jpg,move,not run,
20,/2019 TIDY - CELEBRITY FACEMASKS FINAL 7200 IMAGES/Kyle Soller.jpg,/2019 TIDY - CELEBRITY FACEMASKS FINAL 7200 IMAGES/2026 TV SHOWS AND STARS/Kyle Soller.jpg,move,not run,
20,/2019 TIDY - CELEBRITY FACEMASKS FINAL 7200 IMAGES/LIAM CUNNINGHAM - DAVOS SEAWORTH - GAME OF THRONES.jpg,/2019 TIDY - CELEBRITY FACEMASKS FINAL 7200 IMAGES/2026 TV SHOWS AND STARS/LIAM CUNNINGHAM - DAVOS SEAWORTH - GAME OF THRONES.jpg,move,not run,
20,/2019 TIDY - CELEBRITY FACEMASKS FINAL 7200 IMAGES/LIEV SCHREIBER.jpg,/2019 TIDY - CELEBRITY FACEMASKS FINAL 7200 IMAGES/2026 TV SHOWS AND STARS/LIEV SCHREIBER.jpg,move,not run,
20,/2019 TIDY - CELEBRITY FACEMASKS FINAL 7200 IMAGES/LILI REINHART 2.jpg,/2019 TIDY - CELEBRITY FACEMASKS FINAL 7200 IMAGES/2026 TV SHOWS AND STARS/LILI REINHART 2.jpg,move,not run,
20,/2019 TIDY - CELEBRITY FACEMASKS FINAL 7200 IMAGES/LILI REINHART.jpg,/2019 TIDY - CELEBRITY FACEMASKS FINAL 7200 IMAGES/2026 TV SHOWS AND STARS/LILI REINHART.jpg,move,not run,
20,/2019 TIDY - CELEBRITY FACEMASKS FINAL 7200 IMAGES/Gerogina Harrison.jpg,/2019 TIDY - CELEBRITY FACEMASKS FINAL 7200 IMAGES/2026 TV SHOWS AND STARS/LOVE ISLAND/Gerogina Harrison.jpg,move,not run,
20,/2019 TIDY - CELEBRITY FACEMASKS FINAL 7200 IMAGES/Kem.jpg,/2019 TIDY - CELEBRITY FACEMASKS FINAL 7200 IMAGES/2026 TV SHOWS AND STARS/LOVE ISLAND/Kem.jpg,move,not run,
20,/2019 TIDY - CELEBRITY FACEMASKS FINAL 7200 IMAGES/MEGAN BARTON.jpg,/2019 TIDY - CELEBRITY FACEMASKS FINAL 7200 IMAGES/2026 TV SHOWS AND STARS/LOVE ISLAND/MEGAN BARTON.jpg,move,not run,
20,/2019 TIDY - CELEBRITY FACEMASKS FINAL 7200 IMAGES/kady mcdermott2.jpg,/2019 TIDY - CELEBRITY FACEMASKS FINAL 7200 IMAGES/2026 TV SHOWS AND STARS/LOVE ISLAND/kady mcdermott2.jpg,move,not run,
20,/2019 TIDY - CELEBRITY FACEMASKS FINAL 7200 IMAGES/kem love island.jpg,/2019 TIDY - CELEBRITY FACEMASKS FINAL 7200 IMAGES/2026 TV SHOWS AND STARS/LOVE ISLAND/kem love island.jpg,move,not run,
20,/2019 TIDY - CELEBRITY FACEMASKS FINAL 7200 IMAGES/olivia attwood love island.jpg,/2019 TIDY - CELEBRITY FACEMASKS FINAL 7200 IMAGES/2026 TV SHOWS AND STARS/LOVE ISLAND/olivia attwood love island.jpg,move,not run,
20,/2019 TIDY - CELEBRITY FACEMASKS FINAL 7200 IMAGES/Lana Parrilla.jpg,/2019 TIDY - CELEBRITY FACEMASKS FINAL 7200 IMAGES/2026 TV SHOWS AND STARS/Lana Parrilla.jpg,move,not run,
20,/2019 TIDY - CELEBRITY FACEMASKS FINAL 7200 IMAGES/Lara Logan3.jpg,/2019 TIDY - CELEBRITY FACEMASKS FINAL 7200 IMAGES/2026 TV SHOWS AND STARS/Lara Logan3.jpg,move,not run,
20,/2019 TIDY - CELEBRITY FACEMASKS FINAL 7200 IMAGES/Larry King.jpg,/2019 TIDY - CELEBRITY FACEMASKS FINAL 7200 IMAGES/2026 TV SHOWS AND STARS/Larry King.jpg,move,not run,
20,/2019 TIDY - CELEBRITY FACEMASKS FINAL 7200 IMAGES/Larvene Cox.jpg,/2019 TIDY - CELEBRITY FACEMASKS FINAL 7200 IMAGES/2026 TV SHOWS AND STARS/Larvene Cox.jpg,move,not run,
20,/2019 TIDY - CELEBRITY FACEMASKS FINAL 7200 IMAGES/Laura Marano.jpg,/2019 TIDY - CELEBRITY FACEMASKS FINAL 7200 IMAGES/2026 TV SHOWS AND STARS/Laura Marano.jpg,move,not run,
21,/2019 TIDY - CELEBRITY FACEMASKS FINAL 7200 IMAGES/Laura Vandervoort.jpg,/2019 TIDY - CELEBRITY FACEMASKS FINAL 7200 IMAGES/2026 TV SHOWS AND STARS/Laura Vandervoort.jpg,move,not run,
21,/2019 TIDY - CELEBRITY FACEMASKS FINAL 7200 IMAGES/Lauren Cohan (2).jpg,/2019 TIDY - CELEBRITY FACEMASKS FINAL 7200 IMAGES/2026 TV SHOWS AND STARS/Lauren Cohan (2).jpg,move,not run,
21,/2019 TIDY - CELEBRITY FACEMASKS FINAL 7200 IMAGES/Lauren Cohan Walking Dead.jpg,/2019 TIDY - CELEBRITY FACEMASKS FINAL 7200 IMAGES/2026 TV SHOWS AND STARS/Lauren Cohan Walking Dead.jpg,move,not run,
21,/2019 TIDY - CELEBRITY FACEMASKS FINAL 7200 IMAGES/Lauren Cohen Walking Dead.jpg,/2019 TIDY - CELEBRITY FACEMASKS FINAL 7200 IMAGES/2026 TV SHOWS AND STARS/Lauren Cohen Walking Dead.jpg,move,not run,
21,/2019 TIDY - CELEBRITY FACEMASKS FINAL 7200 IMAGES/Lauren Harries.jpg,/2019 TIDY - CELEBRITY FACEMASKS FINAL 7200 IMAGES/2026 TV SHOWS AND STARS/Lauren Harries.jpg,move,not run,
21,/2019 TIDY - CELEBRITY FACEMASKS FINAL 7200 IMAGES/Lea Michele.jpg,/2019 TIDY - CELEBRITY FACEMASKS FINAL 7200 IMAGES/2026 TV SHOWS AND STARS/Lea Michele.jpg,move,not run,
21,/2019 TIDY - CELEBRITY FACEMASKS FINAL 7200 IMAGES/Leighton Meester.jpg,/2019 TIDY - CELEBRITY FACEMASKS FINAL 7200 IMAGES/2026 TV SHOWS AND STARS/Leighton Meester.jpg,move,not run,
21,/2019 TIDY - CELEBRITY FACEMASKS FINAL 7200 IMAGES/Lena Headley.jpeg,/2019 TIDY - CELEBRITY FACEMASKS FINAL 7200 IMAGES/2026 TV SHOWS AND STARS/Lena Headley.jpeg,move,not run,
21,/2019 TIDY - CELEBRITY FACEMASKS FINAL 7200 IMAGES/Lisa Armstrong.jpg,/2019 TIDY - CELEBRITY FACEMASKS FINAL 7200 IMAGES/2026 TV SHOWS AND STARS/Lisa Armstrong.jpg,move,not run,
21,/2019 TIDY - CELEBRITY FACEMASKS FINAL 7200 IMAGES/Lisa Edelstein.jpg,/2019 TIDY - CELEBRITY FACEMASKS FINAL 7200 IMAGES/2026 TV SHOWS AND STARS/Lisa Edelstein.jpg,move,not run,
21,/2019 TIDY - CELEBRITY FACEMASKS FINAL 7200 IMAGES/Liz White DE.jpg,/2019 TIDY - CELEBRITY FACEMASKS FINAL 7200 IMAGES/2026 TV SHOWS AND STARS/Liz White DE.jpg,move,not run,
21,/2019 TIDY - CELEBRITY FACEMASKS FINAL 7200 IMAGES/Liz White.jpg,/2019 TIDY - CELEBRITY FACEMASKS FINAL 7200 IMAGES/2026 TV SHOWS AND STARS/Liz White.jpg,move,not run,
21,/2019 TIDY - CELEBRITY FACEMASKS FINAL 7200 IMAGES/Lorraine Cheshire (left hand side).jpg,/2019 TIDY - CELEBRITY FACEMASKS FINAL 7200 IMAGES/2026 TV SHOWS AND STARS/Lorraine Cheshire (left hand side).jpg,move,not run,
21,/2019 TIDY - CELEBRITY FACEMASKS FINAL 7200 IMAGES/Louis Theroux.jpg,/2019 TIDY - CELEBRITY FACEMASKS FINAL 7200 IMAGES/2026 TV SHOWS AND STARS/Louis Theroux.jpg,move,not run,
21,/2019 TIDY - CELEBRITY FACEMASKS FINAL 7200 IMAGES/Lucy Hale.jpg,/2019 TIDY - CELEBRITY FACEMASKS FINAL 7200 IMAGES/2026 MOVIE STARS/Lucy Hale (larger).jpg,duplicate_larger,not run,
21,/2019 TIDY - CELEBRITY FACEMASKS FINAL 7200 IMAGES/Lucy Watson.jpg,/2019 TIDY - CELEBRITY FACEMASKS FINAL 7200 IMAGES/2026 TV SHOWS AND STARS/Lucy Watson.jpg,move,not run,
21,/2019 TIDY - CELEBRITY FACEMASKS FINAL 7200 IMAGES/Luke - Sarah Jane Adventures Kids Mask.jpg,/2019 TIDY - CELEBRITY FACEMASKS FINAL 7200 IMAGES/2026 TV SHOWS AND STARS/Luke - Sarah Jane Adventures Kids Mask.jpg,move,not run,
21,/2019 TIDY - CELEBRITY FACEMASKS FINAL 7200 IMAGES/Lynne Bowle.jpg,/2019 TIDY - CELEBRITY FACEMASKS FINAL 7200 IMAGES/2026 TV SHOWS AND STARS/Lynne Bowle.jpg,move,not run,
21,/2019 TIDY - CELEBRITY FACEMASKS FINAL 7200 IMAGES/MANDY MOORE.jpg,/2019 TIDY - CELEBRITY FACEMASKS FINAL 7200 IMAGES/2026 TV SHOWS AND STARS/MANDY MOORE.jpg,move,not run,
21,/2019 TIDY - CELEBRITY FACEMASKS FINAL 7200 IMAGES/MARG HELGENBERGER copy.png,/2019 TIDY - CELEBRITY FACEMASKS FINAL 7200 IMAGES/2026 TV SHOWS AND STARS/MARG HELGENBERGER copy.png,move,not run,
21,/2019 TIDY - CELEBRITY FACEMASKS FINAL 7200 IMAGES/MR SELFRIDGE CHARACTER.jpg,/2019 TIDY - CELEBRITY FACEMASKS FINAL 7200 IMAGES/2026 TV SHOWS AND STARS/MR SELFRIDGE CHARACTER.jpg,move,not run,
21,/2019 TIDY - CELEBRITY FACEMASKS FINAL 7200 IMAGES/Maddie Ziegler.jpg,/2019 TIDY - CELEBRITY FACEMASKS FINAL 7200 IMAGES/2026 TV SHOWS AND STARS/Maddie Ziegler.jpg,move,not run,
21,/2019 TIDY - CELEBRITY FACEMASKS FINAL 7200 IMAGES/Madeline Zima.jpg,/2019 TIDY - CELEBRITY FACEMASKS FINAL 7200 IMAGES/2026 TV SHOWS AND STARS/Madeline Zima.jpg,move,not run,
21,/2019 TIDY - CELEBRITY FACEMASKS FINAL 7200 IMAGES/Maggie Steed.jpg,/2019 TIDY - CELEBRITY FACEMASKS FINAL 7200 IMAGES/2026 TV SHOWS AND STARS/Maggie Steed.jpg,move,not run,
21,/2019 TIDY - CELEBRITY FACEMASKS FINAL 7200 IMAGES/Maia Mitchell.jpg,/2019 TIDY - CELEBRITY FACEMASKS FINAL 7200 IMAGES/2026 TV SHOWS AND STARS/Maia Mitchell.jpg,move,not run,
21,/2019 TIDY - CELEBRITY FACEMASKS FINAL 7200 IMAGES/Marc Francis Vandelli.jpg,/2019 TIDY - CELEBRITY FACEMASKS FINAL 7200 IMAGES/2026 TV SHOWS AND STARS/Marc Francis Vandelli.jpg,move,not run,
21,/2019 TIDY - CELEBRITY FACEMASKS FINAL 7200 IMAGES/Marco-Pierre-White.jpg,/2019 TIDY - CELEBRITY FACEMASKS FINAL 7200 IMAGES/2026 TV SHOWS AND STARS/Marco-Pierre-White.jpg,move,not run,
21,/2019 TIDY - CELEBRITY FACEMASKS FINAL 7200 IMAGES/Marg Helgen.jpg,/2019 TIDY - CELEBRITY FACEMASKS FINAL 7200 IMAGES/2026 TV SHOWS AND STARS/Marg Helgen.jpg,move,not run,
21,/2019 TIDY - CELEBRITY FACEMASKS FINAL 7200 IMAGES/Margaret Mountford.jpeg,/2019 TIDY - CELEBRITY FACEMASKS FINAL 7200 IMAGES/2026 TV SHOWS AND STARS/Margaret Mountford.jpeg,move,not run,
21,/2019 TIDY - CELEBRITY FACEMASKS FINAL 7200 IMAGES/Margeret Mountford.jpg,/2019 TIDY - CELEBRITY FACEMASKS FINAL 7200 IMAGES/2026 TV SHOWS AND STARS/Margeret Mountford.jpg,move,not run,
21,/2019 TIDY - CELEBRITY FACEMASKS FINAL 7200 IMAGES/Marie Avgeropoulos.jpg,/2019 TIDY - CELEBRITY FACEMASKS FINAL 7200 IMAGES/2026 TV SHOWS AND STARS/Marie Avgeropoulos.jpg,move,not run,
21,/2019 TIDY - CELEBRITY FACEMASKS FINAL 7200 IMAGES/Mark Benton.jpg,/2019 TIDY - CELEBRITY FACEMASKS FINAL 7200 IMAGES/2026 TV SHOWS AND STARS/Mark Benton.jpg,move,not run,
21,/2019 TIDY - CELEBRITY FACEMASKS FINAL 7200 IMAGES/Martin Lewis.jpg,/2019 TIDY - CELEBRITY FACEMASKS FINAL 7200 IMAGES/2026 TV SHOWS AND STARS/Martin Lewis.jpg,move,not run,
21,/2019 TIDY - CELEBRITY FACEMASKS FINAL 7200 IMAGES/Mary Louise Parker.jpg,/2019 TIDY - CELEBRITY FACEMASKS FINAL 7200 IMAGES/2026 TV SHOWS AND STARS/Mary Louise Parker.jpg,move,not run,
21,/2019 TIDY - CELEBRITY FACEMASKS FINAL 7200 IMAGES/Mary Portas 2016.jpg,/2019 TIDY - CELEBRITY FACEMASKS FINAL 7200 IMAGES/2026 TV SHOWS AND STARS/Mary Portas 2016.jpg,move,not run,
21,/2019 TIDY - CELEBRITY FACEMASKS FINAL 7200 IMAGES/Matthew Daddario.jpg,/2019 TIDY - CELEBRITY FACEMASKS FINAL 7200 IMAGES/2026 TV SHOWS AND STARS/Matthew Daddario.jpg,move,not run,
21,/2019 TIDY - CELEBRITY FACEMASKS FINAL 7200 IMAGES/Matthew crawley.jpg,/2019 TIDY - CELEBRITY FACEMASKS FINAL 7200 IMAGES/2026 TV SHOWS AND STARS/Matthew crawley.jpg,move,not run,
21,/2019 TIDY - CELEBRITY FACEMASKS FINAL 7200 IMAGES/Max Rushden.jpg,/2019 TIDY - CELEBRITY FACEMASKS FINAL 7200 IMAGES/2026 TV SHOWS AND STARS/Max Rushden.jpg,move,not run,
21,/2019 TIDY - CELEBRITY FACEMASKS FINAL 7200 IMAGES/Megan Boone.jpg,/2019 TIDY - CELEBRITY FACEMASKS FINAL 7200 IMAGES/2026 TV SHOWS AND STARS/Megan Boone.jpg,move,not run,
21,/2019 TIDY - CELEBRITY FACEMASKS FINAL 7200 IMAGES/Megan Dodds.jpg,/2019 TIDY - CELEBRITY FACEMASKS FINAL 7200 IMAGES/2026 TV SHOWS AND STARS/Megan Dodds.jpg,move,not run,
21,/2019 TIDY - CELEBRITY FACEMASKS FINAL 7200 IMAGES/Megan Mullally.jpg,/2019 TIDY - CELEBRITY FACEMASKS FINAL 7200 IMAGES/2026 TV SHOWS AND STARS/Megan Mullally.jpg,move,not run,
21,/2019 TIDY - CELEBRITY FACEMASKS FINAL 7200 IMAGES/Mehgan James.jpg,/2019 TIDY - CELEBRITY FACEMASKS FINAL 7200 IMAGES/2026 TV SHOWS AND STARS/Mehgan James.jpg,move,not run,
21,/2019 TIDY - CELEBRITY FACEMASKS FINAL 7200 IMAGES/Melanie Lynskey.jpg,/2019 TIDY - CELEBRITY FACEMASKS FINAL 7200 IMAGES/2026 TV SHOWS AND STARS/Melanie Lynskey.jpg,move,not run,
21,/2019 TIDY - CELEBRITY FACEMASKS FINAL 7200 IMAGES/Melina Kankaredes.jpg,/2019 TIDY - CELEBRITY FACEMASKS FINAL 7200 IMAGES/2026 TV SHOWS AND STARS/Melina Kankaredes.jpg,move,not run,
21,/2019 TIDY - CELEBRITY FACEMASKS FINAL 7200 IMAGES/Melissa McBride Walking Dead.jpg,/2019 TIDY - CELEBRITY FACEMASKS FINAL 7200 IMAGES/2026 TV SHOWS AND STARS/Melissa McBride Walking Dead.jpg,move,not run,
21,/2019 TIDY - CELEBRITY FACEMASKS FINAL 7200 IMAGES/Melissa Rauch.jpeg,/2019 TIDY - CELEBRITY FACEMASKS FINAL 7200 IMAGES/2026 TV SHOWS AND STARS/Melissa Rauch.jpeg,move,not run,
21,/2019 TIDY - CELEBRITY FACEMASKS FINAL 7200 IMAGES/Michaela Coel.jpg,/2019 TIDY - CELEBRITY FACEMASKS FINAL 7200 IMAGES/2026 TV SHOWS AND STARS/Michaela Coel.jpg,move,not run,
21,/2019 TIDY - CELEBRITY FACEMASKS FINAL 7200 IMAGES/Michelle Dockery.jpg,/2019 TIDY - CELEBRITY FACEMASKS FINAL 7200 IMAGES/2026 TV SHOWS AND STARS/Michelle Dockery.jpg,move,not run,
21,/2019 TIDY - CELEBRITY FACEMASKS FINAL 7200 IMAGES/Michelle Fairley.jpg,/2019 TIDY - CELEBRITY FACEMASKS FINAL 7200 IMAGES/2026 TV SHOWS AND STARS/Michelle Fairley.jpg,move,not run,
21,/2019 TIDY - CELEBRITY FACEMASKS FINAL 7200 IMAGES/Michiel Huisman.jpg,/2019 TIDY - CELEBRITY FACEMASKS FINAL 7200 IMAGES/2026 TV SHOWS AND STARS/Michiel Huisman.jpg,move,not run,
21,/2019 TIDY - CELEBRITY FACEMASKS FINAL 7200 IMAGES/Mickey Pearce-OFAH.jpg,/2019 TIDY - CELEBRITY FACEMASKS FINAL 7200 IMAGES/2026 TV SHOWS AND STARS/Mickey Pearce-OFAH.jpg,move,not run,
21,/2019 TIDY - CELEBRITY FACEMASKS FINAL 7200 IMAGES/Mike Morris.jpg,/2019 TIDY - CELEBRITY FACEMASKS FINAL 7200 IMAGES/2026 TV SHOWS AND STARS/Mike Morris.jpg,move,not run,
21,/2019 TIDY - CELEBRITY FACEMASKS FINAL 7200 IMAGES/Milana Vayntrub.jpg,/2019 TIDY - CELEBRITY FACEMASKS FINAL 7200 IMAGES/2026 TV SHOWS AND STARS/Milana Vayntrub.jpg,move,not run,
21,/2019 TIDY - CELEBRITY FACEMASKS FINAL 7200 IMAGES/Miranda Cosgrove.jpg,/2019 TIDY - CELEBRITY FACEMASKS FINAL 7200 IMAGES/2026 TV SHOWS AND STARS/Miranda Cosgrove.jpg,move,not run,
21,/2019 TIDY - CELEBRITY FACEMASKS FINAL 7200 IMAGES/Miranda Raison.jpg,/2019 TIDY - CELEBRITY FACEMASKS FINAL 7200 IMAGES/2026 TV SHOWS AND STARS/Miranda Raison.jpg,move,not run,
21,/2019 TIDY - CELEBRITY FACEMASKS FINAL 7200 IMAGES/Miss Hoolie.jpg,/2019 TIDY - CELEBRITY FACEMASKS FINAL 7200 IMAGES/2026 TV SHOWS AND STARS/Miss Hoolie.jpg,move,not run,
21,/2019 TIDY - CELEBRITY FACEMASKS FINAL 7200 IMAGES/Molly Ephraim.jpg,/2019 TIDY - CELEBRITY FACEMASKS FINAL 7200 IMAGES/2026 TV SHOWS AND STARS/Molly Ephraim.jpg,move,not run,
21,/2019 TIDY - CELEBRITY FACEMASKS FINAL 7200 IMAGES/Mr Carson - Downton Abbey.jpg,/2019 TIDY - CELEBRITY FACEMASKS FINAL 7200 IMAGES/2026 TV SHOWS AND STARS/Mr Carson - Downton Abbey (larger).jpg,duplicate_larger,not run,
21,/2019 TIDY - CELEBRITY FACEMASKS FINAL 7200 IMAGES/Mr Motivator.jpg,/2019 TIDY - CELEBRITY FACEMASKS FINAL 7200 IMAGES/2026 TV SHOWS AND STARS/Mr Motivator.jpg,move,not run,
21,/2019 TIDY - CELEBRITY FACEMASKS FINAL 7200 IMAGES/Mr belvadere.jpg,/2019 TIDY - CELEBRITY FACEMASKS FINAL 7200 IMAGES/2026 TV SHOWS AND STARS/Mr belvadere.jpg,move,not run,
21,/2019 TIDY - CELEBRITY FACEMASKS FINAL 7200 IMAGES/Mycroft Sherlock Mark gatiss.jpg,/2019 TIDY - CELEBRITY FACEMASKS FINAL 7200 IMAGES/2026 TV SHOWS AND STARS/Mycroft Sherlock Mark gatiss.jpg,move,not run,
21,/2019 TIDY - CELEBRITY FACEMASKS FINAL 7200 IMAGES/NIKOLAJ COSTER WALDAU - JAIME LANNISTER - GAME OF THRONES.jpg,/2019 TIDY - CELEBRITY FACEMASKS FINAL 7200 IMAGES/2026 TV SHOWS AND STARS/NIKOLAJ COSTER WALDAU - JAIME LANNISTER - GAME OF THRONES.jpg,move,not run,
21,/2019 TIDY - CELEBRITY FACEMASKS FINAL 7200 IMAGES/Nabilla Benattia.jpg,/2019 TIDY - CELEBRITY FACEMASKS FINAL 7200 IMAGES/2026 TV SHOWS AND STARS/Nabilla Benattia.jpg,move,not run,
21,/2019 TIDY - CELEBRITY FACEMASKS FINAL 7200 IMAGES/Nadine Velazquez.jpg,/2019 TIDY - CELEBRITY FACEMASKS FINAL 7200 IMAGES/2026 TV SHOWS AND STARS/Nadine Velazquez.jpg,move,not run,
21,/2019 TIDY - CELEBRITY FACEMASKS FINAL 7200 IMAGES/Nancy Lam's Enak Enak.jpg,/2019 TIDY - CELEBRITY FACEMASKS FINAL 7200 IMAGES/2026 TV SHOWS AND STARS/Nancy Lam's Enak Enak.jpg,move,not run,
21,/2019 TIDY - CELEBRITY FACEMASKS FINAL 7200 IMAGES/Natalie Alyn Lind.jpg,/2019 TIDY - CELEBRITY FACEMASKS FINAL 7200 IMAGES/2026 TV SHOWS AND STARS/Natalie Alyn Lind.jpg,move,not run,
21,/2019 TIDY - CELEBRITY FACEMASKS FINAL 7200 IMAGES/Natalie Anderson.jpg,/2019 TIDY - CELEBRITY FACEMASKS FINAL 7200 IMAGES/2026 TV SHOWS AND STARS/Natalie Anderson.jpg,move,not run,
21,/2019 TIDY - CELEBRITY FACEMASKS FINAL 7200 IMAGES/Natalie Pinkham (2).jpg,/2019 TIDY - CELEBRITY FACEMASKS FINAL 7200 IMAGES/2026 TV SHOWS AND STARS/Natalie Pinkham (2).jpg,move,not run,
21,/2019 TIDY - CELEBRITY FACEMASKS FINAL 7200 IMAGES/Natasha O'Keeffe.jpg,/2019 TIDY - CELEBRITY FACEMASKS FINAL 7200 IMAGES/2026 TV SHOWS AND STARS/Natasha O'Keeffe.jpg,move,not run,
21,/2019 TIDY - CELEBRITY FACEMASKS FINAL 7200 IMAGES/Nate Shelley-Ted Lasso.jpg,/2019 TIDY - CELEBRITY FACEMASKS FINAL 7200 IMAGES/2026 TV SHOWS AND STARS/Nate Shelley-Ted Lasso.jpg,move,not run,
21,/2019 TIDY - CELEBRITY FACEMASKS FINAL 7200 IMAGES/Nathalia Ramos.jpg,/2019 TIDY - CELEBRITY FACEMASKS FINAL 7200 IMAGES/2026 TV SHOWS AND STARS/Nathalia Ramos.jpg,move,not run,
21,/2019 TIDY - CELEBRITY FACEMASKS FINAL 7200 IMAGES/Nathalie Emmanuel.jpg,/2019 TIDY - CELEBRITY FACEMASKS FINAL 7200 IMAGES/2026 TV SHOWS AND STARS/Nathalie Emmanuel.jpg,move,not run,
21,/2019 TIDY - CELEBRITY FACEMASKS FINAL 7200 IMAGES/Ned Dennehy.jpg,/2019 TIDY - CELEBRITY FACEMASKS FINAL 7200 IMAGES/2026 TV SHOWS AND STARS/Ned Dennehy.jpg,move,not run,
21,/2019 TIDY - CELEBRITY FACEMASKS FINAL 7200 IMAGES/Ned stark - game of thrones.jpg,/2019 TIDY - CELEBRITY FACEMASKS FINAL 7200 IMAGES/2026 TV SHOWS AND STARS/Ned stark - game of thrones.jpg,move,not run,
21,/2019 TIDY - CELEBRITY FACEMASKS FINAL 7200 IMAGES/Neil Patrick Harris.jpg,/2019 TIDY - CELEBRITY FACEMASKS FINAL 7200 IMAGES/2026 TV SHOWS AND STARS/Neil Patrick Harris.jpg,move,not run,
21,/2019 TIDY - CELEBRITY FACEMASKS FINAL 7200 IMAGES/Nella Rose - I'm a Celeb.jpg,/2019 TIDY - CELEBRITY FACEMASKS FINAL 7200 IMAGES/2026 TV SHOWS AND STARS/Nella Rose - I'm a Celeb.jpg,move,not run,
21,/2019 TIDY - CELEBRITY FACEMASKS FINAL 7200 IMAGES/New-Professional-Dancers-Tristan-MacManus.jpg,/2019 TIDY - CELEBRITY FACEMASKS FINAL 7200 IMAGES/2026 TV SHOWS AND STARS/New-Professional-Dancers-Tristan-MacManus.jpg,move,not run,
21,/2019 TIDY - CELEBRITY FACEMASKS FINAL 7200 IMAGES/Nick Knowles.jpg,/2019 TIDY - CELEBRITY FACEMASKS FINAL 7200 IMAGES/2026 TV SHOWS AND STARS/Nick Knowles (larger).jpg,duplicate_larger,not run,
21,/2019 TIDY - CELEBRITY FACEMASKS FINAL 7200 IMAGES/Nick Miller.jpg,/2019 TIDY - CELEBRITY FACEMASKS FINAL 7200 IMAGES/2026 TV SHOWS AND STARS/Nick Miller.jpg,move,not run,
21,/2019 TIDY - CELEBRITY FACEMASKS FINAL 7200 IMAGES/Nicole Polizzi (Snooki) JB.jpg,/2019 TIDY - CELEBRITY FACEMASKS FINAL 7200 IMAGES/2026 TV SHOWS AND STARS/Nicole Polizzi (Snooki) JB.jpg,move,not run,
21,/2019 TIDY - CELEBRITY FACEMASKS FINAL 7200 IMAGES/Nicollette Sheridan.jpg,/2019 TIDY - CELEBRITY FACEMASKS FINAL 7200 IMAGES/2026 TV SHOWS AND STARS/Nicollette Sheridan.jpg,move,not run,
21,/2019 TIDY - CELEBRITY FACEMASKS FINAL 7200 IMAGES/Nigella Lawson [cookery lady].jpg,/2019 TIDY - CELEBRITY FACEMASKS FINAL 7200 IMAGES/2026 TV SHOWS AND STARS/Nigella Lawson [cookery lady].jpg,move,not run,
21,/2019 TIDY - CELEBRITY FACEMASKS FINAL 7200 IMAGES/Nikki Sanders.jpg,/2019 TIDY - CELEBRITY FACEMASKS FINAL 7200 IMAGES/2026 TV SHOWS AND STARS/Nikki Sanders.jpg,move,not run,
21,/2019 TIDY - CELEBRITY FACEMASKS FINAL 7200 IMAGES/Norman Reedus.jpg,/2019 TIDY - CELEBRITY FACEMASKS FINAL 7200 IMAGES/2026 TV SHOWS AND STARS/Norman Reedus.jpg,move,not run,
21,/2019 TIDY - CELEBRITY FACEMASKS FINAL 7200 IMAGES/Norris Mcwhirter Left.jpg,/2019 TIDY - CELEBRITY FACEMASKS FINAL 7200 IMAGES/2026 TV SHOWS AND STARS/Norris Mcwhirter Left.jpg,move,not run,
21,/2019 TIDY - CELEBRITY FACEMASKS FINAL 7200 IMAGES/Norris-McWhirter.jpg,/2019 TIDY - CELEBRITY FACEMASKS FINAL 7200 IMAGES/2026 TV SHOWS AND STARS/Norris-McWhirter.jpg,move,not run,
21,/2019 TIDY - CELEBRITY FACEMASKS FINAL 7200 IMAGES/Oberyn Martell - Game of thrones.jpg,/2019 TIDY - CELEBRITY FACEMASKS FINAL 7200 IMAGES/2026 TV SHOWS AND STARS/Oberyn Martell - Game of thrones.jpg,move,not run,
21,/2019 TIDY - CELEBRITY FACEMASKS FINAL 7200 IMAGES/Oliver Proudlock.jpg,/2019 TIDY - CELEBRITY FACEMASKS FINAL 7200 IMAGES/2026 TV SHOWS AND STARS/Oliver Proudlock.jpg,move,not run,
21,/2019 TIDY - CELEBRITY FACEMASKS FINAL 7200 IMAGES/Olivia Hallinan.jpg,/2019 TIDY - CELEBRITY FACEMASKS FINAL 7200 IMAGES/2026 TV SHOWS AND STARS/Olivia Hallinan.jpg,move,not run,
21,/2019 TIDY - CELEBRITY FACEMASKS FINAL 7200 IMAGES/Olivia Taylor Dudley.jpg,/2019 TIDY - CELEBRITY FACEMASKS FINAL 7200 IMAGES/2026 TV SHOWS AND STARS/Olivia Taylor Dudley.jpg,move,not run,
21,/2019 TIDY - CELEBRITY FACEMASKS FINAL 7200 IMAGES/Ollie Lock.jpg,/2019 TIDY - CELEBRITY FACEMASKS FINAL 7200 IMAGES/2026 TV SHOWS AND STARS/Ollie Lock.jpg,move,not run,
21,/2019 TIDY - CELEBRITY FACEMASKS FINAL 7200 IMAGES/Ollie locke (2).jpg,/2019 TIDY - CELEBRITY FACEMASKS FINAL 7200 IMAGES/2026 TV SHOWS AND STARS/Ollie locke (2).jpg,move,not run,
21,/2019 TIDY - CELEBRITY FACEMASKS FINAL 7200 IMAGES/Omar Epps.jpg,/2019 TIDY - CELEBRITY FACEMASKS FINAL 7200 IMAGES/2026 TV SHOWS AND STARS/Omar Epps.jpg,move,not run,
21,/2019 TIDY - CELEBRITY FACEMASKS FINAL 7200 IMAGES/Omar Sy lupin.jpg,/2019 TIDY - CELEBRITY FACEMASKS FINAL 7200 IMAGES/2026 TV SHOWS AND STARS/Omar Sy lupin.jpg,move,not run,
21,/2019 TIDY - CELEBRITY FACEMASKS FINAL 7200 IMAGES/Oona Chaplin.jpg,/2019 TIDY - CELEBRITY FACEMASKS FINAL 7200 IMAGES/2026 TV SHOWS AND STARS/Oona Chaplin.jpg,move,not run,
21,/2019 TIDY - CELEBRITY FACEMASKS FINAL 7200 IMAGES/Paddy Doherty.jpg,/2019 TIDY - CELEBRITY FACEMASKS FINAL 7200 IMAGES/2026 TV SHOWS AND STARS/Paddy Doherty.jpg,move,not run,
21,/2019 TIDY - CELEBRITY FACEMASKS FINAL 7200 IMAGES/Paddy Maguire.jpg,/2019 TIDY - CELEBRITY FACEMASKS FINAL 7200 IMAGES/2026 TV SHOWS AND STARS/Paddy Maguire.jpg,move,not run,
21,/2019 TIDY - CELEBRITY FACEMASKS FINAL 7200 IMAGES/Pasha Bocarie as Rakesh Kotecha.jpg,/2019 TIDY - CELEBRITY FACEMASKS FINAL 7200 IMAGES/2026 TV SHOWS AND STARS/Pasha Bocarie as Rakesh Kotecha.jpg,move,not run,
21,/2019 TIDY - CELEBRITY FACEMASKS FINAL 7200 IMAGES/Patrick J Adams 2.jpg,/2019 TIDY - CELEBRITY FACEMASKS FINAL 7200 IMAGES/2026 TV SHOWS AND STARS/Patrick J Adams 2.jpg,move,not run,
21,/2019 TIDY - CELEBRITY FACEMASKS FINAL 7200 IMAGES/Patrick J Adams.jpg,/2019 TIDY - CELEBRITY FACEMASKS FINAL 7200 IMAGES/2026 TV SHOWS AND STARS/Patrick J Adams.jpg,move,not run,
22,/2019 TIDY - CELEBRITY FACEMASKS FINAL 7200 IMAGES/Patrick Troughton - The Second Doctor - Doctor Who.jpg,/2019 TIDY - CELEBRITY FACEMASKS FINAL 7200 IMAGES/2026 TV SHOWS AND STARS/Patrick Troughton - The Second Doctor - Doctor Who.jpg,move,not run,
22,/2019 TIDY - CELEBRITY FACEMASKS FINAL 7200 IMAGES/Paul McGann - The Eighth Doctor - Doctor Who.jpg,/2019 TIDY - CELEBRITY FACEMASKS FINAL 7200 IMAGES/2026 TV SHOWS AND STARS/Paul McGann - The Eighth Doctor - Doctor Who.jpg,move,not run,
22,/2019 TIDY - CELEBRITY FACEMASKS FINAL 7200 IMAGES/Paul Nichols DE.jpg,/2019 TIDY - CELEBRITY FACEMASKS FINAL 7200 IMAGES/2026 TV SHOWS AND STARS/Paul Nichols DE.jpg,move,not run,
22,/2019 TIDY - CELEBRITY FACEMASKS FINAL 7200 IMAGES/Paul Nichols.jpg,/2019 TIDY - CELEBRITY FACEMASKS FINAL 7200 IMAGES/2026 TV SHOWS AND STARS/Paul Nichols.jpg,move,not run,
22,/2019 TIDY - CELEBRITY FACEMASKS FINAL 7200 IMAGES/Pauley Parrette.jpg,/2019 TIDY - CELEBRITY FACEMASKS FINAL 7200 IMAGES/2026 TV SHOWS AND STARS/Pauley Parrette.jpg,move,not run,
22,/2019 TIDY - CELEBRITY FACEMASKS FINAL 7200 IMAGES/Pedro_Pascal_narcos__80229.jpg,/2019 TIDY - CELEBRITY FACEMASKS FINAL 7200 IMAGES/2026 TV SHOWS AND STARS/Pedro_Pascal_narcos__80229.jpg,move,not run,
22,/2019 TIDY - CELEBRITY FACEMASKS FINAL 7200 IMAGES/Penelope Mitchell.jpg,/2019 TIDY - CELEBRITY FACEMASKS FINAL 7200 IMAGES/2026 TV SHOWS AND STARS/Penelope Mitchell.jpg,move,not run,
22,/2019 TIDY - CELEBRITY FACEMASKS FINAL 7200 IMAGES/Penny Johnson - Dirty Dancing.jpg,/2019 TIDY - CELEBRITY FACEMASKS FINAL 7200 IMAGES/2026 TV SHOWS AND STARS/Penny Johnson - Dirty Dancing.jpg,move,not run,
22,/2019 TIDY - CELEBRITY FACEMASKS FINAL 7200 IMAGES/Peter Capaldi New 08 .jpg,/2019 TIDY - CELEBRITY FACEMASKS FINAL 7200 IMAGES/2026 TV SHOWS AND STARS/Peter Capaldi New 08 .jpg,move,not run,
22,/2019 TIDY - CELEBRITY FACEMASKS FINAL 7200 IMAGES/Peter Davison - The Fifth Doctor - Doctor Who.jpg,/2019 TIDY - CELEBRITY FACEMASKS FINAL 7200 IMAGES/2026 TV SHOWS AND STARS/Peter Davison - The Fifth Doctor - Doctor Who.jpg,move,not run,
22,/2019 TIDY - CELEBRITY FACEMASKS FINAL 7200 IMAGES/Peyton List.jpg,/2019 TIDY - CELEBRITY FACEMASKS FINAL 7200 IMAGES/2026 TV SHOWS AND STARS/Peyton List.jpg,move,not run,
22,/2019 TIDY - CELEBRITY FACEMASKS FINAL 7200 IMAGES/Phil Davis.jpg,/2019 TIDY - CELEBRITY FACEMASKS FINAL 7200 IMAGES/2026 TV SHOWS AND STARS/Phil Davis.jpg,move,not run,
22,/2019 TIDY - CELEBRITY FACEMASKS FINAL 7200 IMAGES/Phil Spencer.jpg,/2019 TIDY - CELEBRITY FACEMASKS FINAL 7200 IMAGES/2026 TV SHOWS AND STARS/Phil Spencer.jpg,move,not run,
22,/2019 TIDY - CELEBRITY FACEMASKS FINAL 7200 IMAGES/Philip Winchester .jpg,/2019 TIDY - CELEBRITY FACEMASKS FINAL 7200 IMAGES/2026 TV SHOWS AND STARS/Philip Winchester .jpg,move,not run,
22,/2019 TIDY - CELEBRITY FACEMASKS FINAL 7200 IMAGES/Phoebe_Dynevor_bridgerton__64554.jpg,/2019 TIDY - CELEBRITY FACEMASKS FINAL 7200 IMAGES/2026 TV SHOWS AND STARS/Phoebe_Dynevor_bridgerton__64554.jpg,move,not run,
22,/2019 TIDY - CELEBRITY FACEMASKS FINAL 7200 IMAGES/Pierse Morgan.jpg,/2019 TIDY - CELEBRITY FACEMASKS FINAL 7200 IMAGES/2026 TV SHOWS AND STARS/Pierse Morgan.jpg,move,not run,
22,/2019 TIDY - CELEBRITY FACEMASKS FINAL 7200 IMAGES/Poldark.jpg,/2019 TIDY - CELEBRITY FACEMASKS FINAL 7200 IMAGES/2026 TV SHOWS AND STARS/Poldark.jpg,move,not run,
22,/2019 TIDY - CELEBRITY FACEMASKS FINAL 7200 IMAGES/Poppy Lee Friar.jpg,/2019 TIDY - CELEBRITY FACEMASKS FINAL 7200 IMAGES/2026 TV SHOWS AND STARS/Poppy Lee Friar.jpg,move,not run,
22,/2019 TIDY - CELEBRITY FACEMASKS FINAL 7200 IMAGES/Proudlock.jpg,/2019 TIDY - CELEBRITY FACEMASKS FINAL 7200 IMAGES/2026 TV SHOWS AND STARS/Proudlock.jpg,move,not run,
22,/2019 TIDY - CELEBRITY FACEMASKS FINAL 7200 IMAGES/Ralph_Macchio_cobra_kai__.jpg,/2019 TIDY - CELEBRITY FACEMASKS FINAL 7200 IMAGES/2026 TV SHOWS AND STARS/Ralph_Macchio_cobra_kai__.jpg,move,not run,
22,/2019 TIDY - CELEBRITY FACEMASKS FINAL 7200 IMAGES/Ramsay Bolton - Iwan Rheon - Game of thrones.jpg,/2019 TIDY - CELEBRITY FACEMASKS FINAL 7200 IMAGES/2026 TV SHOWS AND STARS/Ramsay Bolton - Iwan Rheon - Game of thrones.jpg,move,not run,
22,/2019 TIDY - CELEBRITY FACEMASKS FINAL 7200 IMAGES/Rose- Golden Girls.jpg,/2019 TIDY - CELEBRITY FACEMASKS FINAL 7200 IMAGES/2026 TV SHOWS AND STARS/Rose- Golden Girls.jpg,move,not run,
22,/2019 TIDY - CELEBRITY FACEMASKS FINAL 7200 IMAGES/Ru Paul Drag race.jpg,/2019 TIDY - CELEBRITY FACEMASKS FINAL 7200 IMAGES/2026 TV SHOWS AND STARS/Ru Pauls Drag Race/Ru Paul Drag race.jpg,variant,not run,
22,/2019 TIDY - CELEBRITY FACEMASKS FINAL 7200 IMAGES/STEVE BACKSHALL-01.jpg,/2019 TIDY - CELEBRITY FACEMASKS FINAL 7200 IMAGES/2026 TV SHOWS AND STARS/STEVE BACKSHALL-01.jpg,move,not run,
22,/2019 TIDY - CELEBRITY FACEMASKS FINAL 7200 IMAGES/Billy Hargrove - Stranger Things.jpg,/2019 TIDY - CELEBRITY FACEMASKS FINAL 7200 IMAGES/2026 TV SHOWS AND STARS/STRANGER THINGS/Billy Hargrove - Stranger Things.jpg,move,not run,
22,/2019 TIDY - CELEBRITY FACEMASKS FINAL 7200 IMAGES/Jamie Campbell Bower.jpg,/2019 TIDY - CELEBRITY FACEMASKS FINAL 7200 IMAGES/2026 TV SHOWS AND STARS/STRANGER THINGS/Jamie Campbell Bower.jpg,move,not run,
22,/2019 TIDY - CELEBRITY FACEMASKS FINAL 7200 IMAGES/Sandra Oh.jpg,/2019 TIDY - CELEBRITY FACEMASKS FINAL 7200 IMAGES/2026 TV SHOWS AND STARS/Sandra Oh.jpg,move,not run,
22,/2019 TIDY - CELEBRITY FACEMASKS FINAL 7200 IMAGES/Sophia - Golden Girls.jpg,/2019 TIDY - CELEBRITY FACEMASKS FINAL 7200 IMAGES/2026 TV SHOWS AND STARS/Sophia - Golden Girls.jpg,move,not run,
22,/2019 TIDY - CELEBRITY FACEMASKS FINAL 7200 IMAGES/Giovani Pernice Strictly.jpg,/2019 TIDY - CELEBRITY FACEMASKS FINAL 7200 IMAGES/2026 TV SHOWS AND STARS/Strictly Come Dancing/Giovani Pernice Strictly.jpg,move,not run,
22,/2019 TIDY - CELEBRITY FACEMASKS FINAL 7200 IMAGES/Giovanni Pernice Dancer.jpg,/2019 TIDY - CELEBRITY FACEMASKS FINAL 7200 IMAGES/2026 TV SHOWS AND STARS/Strictly Come Dancing/Giovanni Pernice Dancer.jpg,move,not run,
22,/2019 TIDY - CELEBRITY FACEMASKS FINAL 7200 IMAGES/Janette Manarara.jpg,/2019 TIDY - CELEBRITY FACEMASKS FINAL 7200 IMAGES/2026 TV SHOWS AND STARS/Strictly Come Dancing/Janette Manarara.jpg,move,not run,
22,/2019 TIDY - CELEBRITY FACEMASKS FINAL 7200 IMAGES/Karen Hauer.jpg,/2019 TIDY - CELEBRITY FACEMASKS FINAL 7200 IMAGES/2026 TV SHOWS AND STARS/Strictly Come Dancing/Karen Hauer.jpg,move,not run,
22,/2019 TIDY - CELEBRITY FACEMASKS FINAL 7200 IMAGES/Kevin Clifton Dancer.jpg,/2019 TIDY - CELEBRITY FACEMASKS FINAL 7200 IMAGES/2026 TV SHOWS AND STARS/Strictly Come Dancing/Kevin Clifton Dancer.jpg,move,not run,
22,/2019 TIDY - CELEBRITY FACEMASKS FINAL 7200 IMAGES/Lilia Kopylova.jpg,/2019 TIDY - CELEBRITY FACEMASKS FINAL 7200 IMAGES/2026 TV SHOWS AND STARS/Strictly Come Dancing/Lilia Kopylova.jpg,move,not run,
22,/2019 TIDY - CELEBRITY FACEMASKS FINAL 7200 IMAGES/Motsi Mabuse.jpg,/2019 TIDY - CELEBRITY FACEMASKS FINAL 7200 IMAGES/2026 TV SHOWS AND STARS/Strictly Come Dancing/actors/Motsi Mabuse (larger).jpg,duplicate_larger,not run,
22,/2019 TIDY - CELEBRITY FACEMASKS FINAL 7200 IMAGES/Natalie Lowe JB.jpg,/2019 TIDY - CELEBRITY FACEMASKS FINAL 7200 IMAGES/2026 TV SHOWS AND STARS/Strictly Come Dancing/Natalie Lowe JB.jpg,move,not run,
22,/2019 TIDY - CELEBRITY FACEMASKS FINAL 7200 IMAGES/New-Professional-Dancers-Trent-Whiddon.jpg,/2019 TIDY - CELEBRITY FACEMASKS FINAL 7200 IMAGES/2026 TV SHOWS AND STARS/Strictly Come Dancing/New-Professional-Dancers-Trent-Whiddon.jpg,move,not run,
22,/2019 TIDY - CELEBRITY FACEMASKS FINAL 7200 IMAGES/Tristan MacManus Strictly.jpg,/2019 TIDY - CELEBRITY FACEMASKS FINAL 7200 IMAGES/2026 TV SHOWS AND STARS/Strictly Come Dancing/Tristan MacManus Strictly.jpg,move,not run,
22,/2019 TIDY - CELEBRITY FACEMASKS FINAL 7200 IMAGES/flavia-cacace STRICTLY.jpg,/2019 TIDY - CELEBRITY FACEMASKS FINAL 7200 IMAGES/2026 TV SHOWS AND STARS/Strictly Come Dancing/flavia-cacace STRICTLY.jpg,move,not run,
22,/2019 TIDY - CELEBRITY FACEMASKS FINAL 7200 IMAGES/james jordan.jpg,/2019 TIDY - CELEBRITY FACEMASKS FINAL 7200 IMAGES/2026 TV SHOWS AND STARS/Strictly Come Dancing/james jordan.jpg,move,not run,
22,/2019 TIDY - CELEBRITY FACEMASKS FINAL 7200 IMAGES/neil jones strictly.jpg,/2019 TIDY - CELEBRITY FACEMASKS FINAL 7200 IMAGES/2026 TV SHOWS AND STARS/Strictly Come Dancing/neil jones strictly.jpg,move,not run,
22,/2019 TIDY - CELEBRITY FACEMASKS FINAL 7200 IMAGES/Sylvester Mccoy - The Seventh Doctor - Doctor Who.jpg,/2019 TIDY - CELEBRITY FACEMASKS FINAL 7200 IMAGES/2026 TV SHOWS AND STARS/Sylvester Mccoy - The Seventh Doctor - Doctor Who.jpg,move,not run,
22,/2019 TIDY - CELEBRITY FACEMASKS FINAL 7200 IMAGES/Billi Mucklow.jpg,/2019 TIDY - CELEBRITY FACEMASKS FINAL 7200 IMAGES/2026 TV SHOWS AND STARS/TOWIE/Billi Mucklow.jpg,move,not run,
22,/2019 TIDY - CELEBRITY FACEMASKS FINAL 7200 IMAGES/Kyle Christie TOWIE.jpg,/2019 TIDY - CELEBRITY FACEMASKS FINAL 7200 IMAGES/2026 TV SHOWS AND STARS/TOWIE/Kyle Christie TOWIE.jpg,move,not run,
22,/2019 TIDY - CELEBRITY FACEMASKS FINAL 7200 IMAGES/Kyle Christie.jpg,/2019 TIDY - CELEBRITY FACEMASKS FINAL 7200 IMAGES/2026 TV SHOWS AND STARS/TOWIE/Kyle Christie.jpg,move,not run,
22,/2019 TIDY - CELEBRITY FACEMASKS FINAL 7200 IMAGES/Lucy Mecklenburgh Red Hair 2015.jpg,/2019 TIDY - CELEBRITY FACEMASKS FINAL 7200 IMAGES/2026 TV SHOWS AND STARS/TOWIE/Lucy Mecklenburgh Red Hair 2015.jpg,move,not run,
22,/2019 TIDY - CELEBRITY FACEMASKS FINAL 7200 IMAGES/Lydias-towie.jpg,/2019 TIDY - CELEBRITY FACEMASKS FINAL 7200 IMAGES/2026 TV SHOWS AND STARS/TOWIE/Lydias-towie.jpg,move,not run,
22,/2019 TIDY - CELEBRITY FACEMASKS FINAL 7200 IMAGES/Maria Fowler.jpg,/2019 TIDY - CELEBRITY FACEMASKS FINAL 7200 IMAGES/2026 TV SHOWS AND STARS/TOWIE/Maria Fowler.jpg,move,not run,
22,/2019 TIDY - CELEBRITY FACEMASKS FINAL 7200 IMAGES/Pete ‘The Pirate’ Wicks.jpg,/2019 TIDY - CELEBRITY FACEMASKS FINAL 7200 IMAGES/2026 TV SHOWS AND STARS/TOWIE/Pete ‘The Pirate’ Wicks.jpg,move,not run,
22,/2019 TIDY - CELEBRITY FACEMASKS FINAL 7200 IMAGES/Ted Lasso.jpg,/2019 TIDY - CELEBRITY FACEMASKS FINAL 7200 IMAGES/2026 TV SHOWS AND STARS/Ted Lasso.jpg,move,not run,
22,/2019 TIDY - CELEBRITY FACEMASKS FINAL 7200 IMAGES/Karl Urban.jpg,/2019 TIDY - CELEBRITY FACEMASKS FINAL 7200 IMAGES/2026 TV SHOWS AND STARS/The Boys Tv/actors/Karl Urban (larger).jpg,duplicate_larger,not run,
22,/2019 TIDY - CELEBRITY FACEMASKS FINAL 7200 IMAGES/Thomas_Brodie-Sangster_queens_gambit__85274.jpg,/2019 TIDY - CELEBRITY FACEMASKS FINAL 7200 IMAGES/2026 TV SHOWS AND STARS/Thomas_Brodie-Sangster_queens_gambit__85274.jpg,move,not run,
22,/2019 TIDY - CELEBRITY FACEMASKS FINAL 7200 IMAGES/Toby Neighbour.jpg,/2019 TIDY - CELEBRITY FACEMASKS FINAL 7200 IMAGES/2026 TV SHOWS AND STARS/Toby Neighbour.jpg,move,not run,
22,/2019 TIDY - CELEBRITY FACEMASKS FINAL 7200 IMAGES/Tom Baker - The Fourth Doctor - Doctor Who.jpg,/2019 TIDY - CELEBRITY FACEMASKS FINAL 7200 IMAGES/2026 TV SHOWS AND STARS/Tom Baker - The Fourth Doctor - Doctor Who.jpg,move,not run,
22,/2019 TIDY - CELEBRITY FACEMASKS FINAL 7200 IMAGES/Wayne Lineker.jpg,/2019 TIDY - CELEBRITY FACEMASKS FINAL 7200 IMAGES/2026 TV SHOWS AND STARS/Wayne Lineker.jpg,move,not run,
22,/2019 TIDY - CELEBRITY FACEMASKS FINAL 7200 IMAGES/William Hartnell - The First Doctor - Doctor Who.jpg,/2019 TIDY - CELEBRITY FACEMASKS FINAL 7200 IMAGES/2026 TV SHOWS AND STARS/William Hartnell - The First Doctor - Doctor Who.jpg,move,not run,
22,/2019 TIDY - CELEBRITY FACEMASKS FINAL 7200 IMAGES/William_Zabka_cobra_kai_.jpg,/2019 TIDY - CELEBRITY FACEMASKS FINAL 7200 IMAGES/2026 TV SHOWS AND STARS/William_Zabka_cobra_kai_.jpg,move,not run,
22,/2019 TIDY - CELEBRITY FACEMASKS FINAL 7200 IMAGES/alex belfield.jpg,/2019 TIDY - CELEBRITY FACEMASKS FINAL 7200 IMAGES/2026 TV SHOWS AND STARS/alex belfield.jpg,move,not run,
22,/2019 TIDY - CELEBRITY FACEMASKS FINAL 7200 IMAGES/barbara windsor.jpg,/2019 TIDY - CELEBRITY FACEMASKS FINAL 7200 IMAGES/2026 TV SHOWS AND STARS/barbara windsor.jpg,move,not run,
22,/2019 TIDY - CELEBRITY FACEMASKS FINAL 7200 IMAGES/cheska.jpg,/2019 TIDY - CELEBRITY FACEMASKS FINAL 7200 IMAGES/2026 TV SHOWS AND STARS/cheska.jpg,move,not run,
22,/2019 TIDY - CELEBRITY FACEMASKS FINAL 7200 IMAGES/eamonn_holmes__97640.jpg,/2019 TIDY - CELEBRITY FACEMASKS FINAL 7200 IMAGES/2026 TV SHOWS AND STARS/eamonn_holmes__97640 (larger).jpg,duplicate_larger,not run,
22,/2019 TIDY - CELEBRITY FACEMASKS FINAL 7200 IMAGES/frank gallagher shameless.jpg,/2019 TIDY - CELEBRITY FACEMASKS FINAL 7200 IMAGES/2026 TV SHOWS AND STARS/frank gallagher shameless.jpg,move,not run,
22,/2019 TIDY - CELEBRITY FACEMASKS FINAL 7200 IMAGES/gabby logan.jpg,/2019 TIDY - CELEBRITY FACEMASKS FINAL 7200 IMAGES/2026 TV SHOWS AND STARS/gabby logan.jpg,move,not run,
22,/2019 TIDY - CELEBRITY FACEMASKS FINAL 7200 IMAGES/gabriel macht.png,/2019 TIDY - CELEBRITY FACEMASKS FINAL 7200 IMAGES/2026 TV SHOWS AND STARS/gabriel macht.png,move,not run,
22,/2019 TIDY - CELEBRITY FACEMASKS FINAL 7200 IMAGES/gabriella ellis.jpg,/2019 TIDY - CELEBRITY FACEMASKS FINAL 7200 IMAGES/2026 TV SHOWS AND STARS/gabriella ellis.jpg,move,not run,
22,/2019 TIDY - CELEBRITY FACEMASKS FINAL 7200 IMAGES/gene hunt philip glenister.jpg,/2019 TIDY - CELEBRITY FACEMASKS FINAL 7200 IMAGES/2026 TV SHOWS AND STARS/gene hunt philip glenister.jpg,move,not run,
22,/2019 TIDY - CELEBRITY FACEMASKS FINAL 7200 IMAGES/genmma atkinson 2.jpg,/2019 TIDY - CELEBRITY FACEMASKS FINAL 7200 IMAGES/2026 TV SHOWS AND STARS/genmma atkinson 2.jpg,move,not run,
22,/2019 TIDY - CELEBRITY FACEMASKS FINAL 7200 IMAGES/georgina campbell.jpg,/2019 TIDY - CELEBRITY FACEMASKS FINAL 7200 IMAGES/2026 TV SHOWS AND STARS/georgina campbell.jpg,move,not run,
22,/2019 TIDY - CELEBRITY FACEMASKS FINAL 7200 IMAGES/glynis barber.jpg,/2019 TIDY - CELEBRITY FACEMASKS FINAL 7200 IMAGES/2026 TV SHOWS AND STARS/glynis barber.jpg,move,not run,
22,/2019 TIDY - CELEBRITY FACEMASKS FINAL 7200 IMAGES/greg-james.jpg,/2019 TIDY - CELEBRITY FACEMASKS FINAL 7200 IMAGES/2026 TV SHOWS AND STARS/greg-james.jpg,move,not run,
22,/2019 TIDY - CELEBRITY FACEMASKS FINAL 7200 IMAGES/hayley Orrantia 2016 CPDVD.jpg,/2019 TIDY - CELEBRITY FACEMASKS FINAL 7200 IMAGES/2026 TV SHOWS AND STARS/hayley Orrantia 2016 CPDVD.jpg,move,not run,
22,/2019 TIDY - CELEBRITY FACEMASKS FINAL 7200 IMAGES/helen george.jpg,/2019 TIDY - CELEBRITY FACEMASKS FINAL 7200 IMAGES/2026 TV SHOWS AND STARS/helen george.jpg,move,not run,
22,/2019 TIDY - CELEBRITY FACEMASKS FINAL 7200 IMAGES/howard-stern.jpg,/2019 TIDY - CELEBRITY FACEMASKS FINAL 7200 IMAGES/2026 TV SHOWS AND STARS/howard-stern.jpg,move,not run,
22,/2019 TIDY - CELEBRITY FACEMASKS FINAL 7200 IMAGES/hugh dancy.jpg,/2019 TIDY - CELEBRITY FACEMASKS FINAL 7200 IMAGES/2026 TV SHOWS AND STARS/hugh dancy.jpg,move,not run,
22,/2019 TIDY - CELEBRITY FACEMASKS FINAL 7200 IMAGES/james Gandolfini.jpg,/2019 TIDY - CELEBRITY FACEMASKS FINAL 7200 IMAGES/2026 TV SHOWS AND STARS/james Gandolfini.jpg,move,not run,
22,/2019 TIDY - CELEBRITY FACEMASKS FINAL 7200 IMAGES/jason bradbury gadget show.jpg,/2019 TIDY - CELEBRITY FACEMASKS FINAL 7200 IMAGES/2026 TV SHOWS AND STARS/jason bradbury gadget show.jpg,move,not run,
22,/2019 TIDY - CELEBRITY FACEMASKS FINAL 7200 IMAGES/jeffrey tambor .jpg,/2019 TIDY - CELEBRITY FACEMASKS FINAL 7200 IMAGES/2026 TV SHOWS AND STARS/jeffrey tambor .jpg,move,not run,
22,/2019 TIDY - CELEBRITY FACEMASKS FINAL 7200 IMAGES/jenna louise coleman.jpg,/2019 TIDY - CELEBRITY FACEMASKS FINAL 7200 IMAGES/2026 TV SHOWS AND STARS/jenna louise coleman.jpg,move,not run,
22,/2019 TIDY - CELEBRITY FACEMASKS FINAL 7200 IMAGES/jenna ortega wednesday addams.jpg,/2019 TIDY - CELEBRITY FACEMASKS FINAL 7200 IMAGES/2026 TV SHOWS AND STARS/jenna ortega wednesday addams.jpg,move,not run,
22,/2019 TIDY - CELEBRITY FACEMASKS FINAL 7200 IMAGES/jesse birdsall - fraser black.jpg,/2019 TIDY - CELEBRITY FACEMASKS FINAL 7200 IMAGES/2026 TV SHOWS AND STARS/jesse birdsall - fraser black.jpg,move,not run,
22,/2019 TIDY - CELEBRITY FACEMASKS FINAL 7200 IMAGES/john forsyth.jpg,/2019 TIDY - CELEBRITY FACEMASKS FINAL 7200 IMAGES/2026 TV SHOWS AND STARS/john forsyth.jpg,move,not run,
22,/2019 TIDY - CELEBRITY FACEMASKS FINAL 7200 IMAGES/john leslie.jpg,/2019 TIDY - CELEBRITY FACEMASKS FINAL 7200 IMAGES/2026 TV SHOWS AND STARS/john leslie.jpg,move,not run,
22,/2019 TIDY - CELEBRITY FACEMASKS FINAL 7200 IMAGES/john nettles2.jpg,/2019 TIDY - CELEBRITY FACEMASKS FINAL 7200 IMAGES/2026 TV SHOWS AND STARS/john nettles2.jpg,move,not run,
22,/2019 TIDY - CELEBRITY FACEMASKS FINAL 7200 IMAGES/john sergeant.jpg,/2019 TIDY - CELEBRITY FACEMASKS FINAL 7200 IMAGES/2026 TV SHOWS AND STARS/john sergeant.jpg,move,not run,
22,/2019 TIDY - CELEBRITY FACEMASKS FINAL 7200 IMAGES/john stamos.jpg,/2019 TIDY - CELEBRITY FACEMASKS FINAL 7200 IMAGES/2026 TV SHOWS AND STARS/john stamos.jpg,move,not run,
22,/2019 TIDY - CELEBRITY FACEMASKS FINAL 7200 IMAGES/jon bernthal Walking dead.jpg,/2019 TIDY - CELEBRITY FACEMASKS FINAL 7200 IMAGES/2026 TV SHOWS AND STARS/jon bernthal Walking dead.jpg,move,not run,
22,/2019 TIDY - CELEBRITY FACEMASKS FINAL 7200 IMAGES/jonathan wilkes.jpg,/2019 TIDY - CELEBRITY FACEMASKS FINAL 7200 IMAGES/2026 TV SHOWS AND STARS/jonathan wilkes.jpg,move,not run,
22,/2019 TIDY - CELEBRITY FACEMASKS FINAL 7200 IMAGES/keely shaye smith.jpg,/2019 TIDY - CELEBRITY FACEMASKS FINAL 7200 IMAGES/2026 TV SHOWS AND STARS/keely shaye smith.jpg,move,not run,
22,/2019 TIDY - CELEBRITY FACEMASKS FINAL 7200 IMAGES/kevin mcloud.jpg,/2019 TIDY - CELEBRITY FACEMASKS FINAL 7200 IMAGES/2026 TV SHOWS AND STARS/kevin mcloud.jpg,move,not run,
22,/2019 TIDY - CELEBRITY FACEMASKS FINAL 7200 IMAGES/kim cattrall best.jpg,/2019 TIDY - CELEBRITY FACEMASKS FINAL 7200 IMAGES/2026 TV SHOWS AND STARS/kim cattrall best.jpg,move,not run,
22,/2019 TIDY - CELEBRITY FACEMASKS FINAL 7200 IMAGES/kira-kosarin.jpg,/2019 TIDY - CELEBRITY FACEMASKS FINAL 7200 IMAGES/2026 TV SHOWS AND STARS/kira-kosarin.jpg,move,not run,
22,/2019 TIDY - CELEBRITY FACEMASKS FINAL 7200 IMAGES/leslie ash.jpg,/2019 TIDY - CELEBRITY FACEMASKS FINAL 7200 IMAGES/2026 TV SHOWS AND STARS/leslie ash.jpg,move,not run,
22,/2019 TIDY - CELEBRITY FACEMASKS FINAL 7200 IMAGES/lilah parsons.jpg,/2019 TIDY - CELEBRITY FACEMASKS FINAL 7200 IMAGES/2026 TV SHOWS AND STARS/lilah parsons.jpg,move,not run,
22,/2019 TIDY - CELEBRITY FACEMASKS FINAL 7200 IMAGES/lily collins.jpg,/2019 TIDY - CELEBRITY FACEMASKS FINAL 7200 IMAGES/2026 TV SHOWS AND STARS/lily collins.jpg,move,not run,
22,/2019 TIDY - CELEBRITY FACEMASKS FINAL 7200 IMAGES/louise thompson.jpg,/2019 TIDY - CELEBRITY FACEMASKS FINAL 7200 IMAGES/2026 TV SHOWS AND STARS/louise thompson.jpg,move,not run,
22,/2019 TIDY - CELEBRITY FACEMASKS FINAL 7200 IMAGES/lutenant hubert allo allo.jpg,/2019 TIDY - CELEBRITY FACEMASKS FINAL 7200 IMAGES/2026 TV SHOWS AND STARS/lutenant hubert allo allo.jpg,move,not run,
22,/2019 TIDY - CELEBRITY FACEMASKS FINAL 7200 IMAGES/lynsey Bartilson.jpg,/2019 TIDY - CELEBRITY FACEMASKS FINAL 7200 IMAGES/2026 TV SHOWS AND STARS/lynsey Bartilson.jpg,move,not run,
22,/2019 TIDY - CELEBRITY FACEMASKS FINAL 7200 IMAGES/mATT COHEN.jpg,/2019 TIDY - CELEBRITY FACEMASKS FINAL 7200 IMAGES/2026 TV SHOWS AND STARS/mATT COHEN.jpg,move,not run,
22,/2019 TIDY - CELEBRITY FACEMASKS FINAL 7200 IMAGES/madelaine-petsch.jpg,/2019 TIDY - CELEBRITY FACEMASKS FINAL 7200 IMAGES/2026 TV SHOWS AND STARS/madelaine-petsch.jpg,move,not run,
22,/2019 TIDY - CELEBRITY FACEMASKS FINAL 7200 IMAGES/malcolm_gets SUITS.jpg,/2019 TIDY - CELEBRITY FACEMASKS FINAL 7200 IMAGES/2026 TV SHOWS AND STARS/malcolm_gets SUITS.jpg,move,not run,
23,/2019 TIDY - CELEBRITY FACEMASKS FINAL 7200 IMAGES/mark sheppard crowley supernatural.jpg,/2019 TIDY - CELEBRITY FACEMASKS FINAL 7200 IMAGES/2026 TV SHOWS AND STARS/mark sheppard crowley supernatural.jpg,move,not run,
23,/2019 TIDY - CELEBRITY FACEMASKS FINAL 7200 IMAGES/matt bomer.jpg,/2019 TIDY - CELEBRITY FACEMASKS FINAL 7200 IMAGES/2026 TV SHOWS AND STARS/matt bomer.jpg,move,not run,
23,/2019 TIDY - CELEBRITY FACEMASKS FINAL 7200 IMAGES/matt smith doctor who 2011.jpg,/2019 TIDY - CELEBRITY FACEMASKS FINAL 7200 IMAGES/2026 TV SHOWS AND STARS/matt smith doctor who 2011.jpg,move,not run,
23,/2019 TIDY - CELEBRITY FACEMASKS FINAL 7200 IMAGES/max greenfield sq.jpg,/2019 TIDY - CELEBRITY FACEMASKS FINAL 7200 IMAGES/2026 TV SHOWS AND STARS/max greenfield sq.jpg,move,not run,
23,/2019 TIDY - CELEBRITY FACEMASKS FINAL 7200 IMAGES/meaghan-rath.jpg,/2019 TIDY - CELEBRITY FACEMASKS FINAL 7200 IMAGES/2026 TV SHOWS AND STARS/meaghan-rath.jpg,move,not run,
23,/2019 TIDY - CELEBRITY FACEMASKS FINAL 7200 IMAGES/monica_galetti_.jpg,/2019 TIDY - CELEBRITY FACEMASKS FINAL 7200 IMAGES/2026 TV SHOWS AND STARS/monica_galetti_.jpg,move,not run,
23,/2019 TIDY - CELEBRITY FACEMASKS FINAL 7200 IMAGES/nancy dell'olio.jpg,/2019 TIDY - CELEBRITY FACEMASKS FINAL 7200 IMAGES/2026 TV SHOWS AND STARS/nancy dell'olio.jpg,move,not run,
23,/2019 TIDY - CELEBRITY FACEMASKS FINAL 7200 IMAGES/natasha kaplinsky.jpg,/2019 TIDY - CELEBRITY FACEMASKS FINAL 7200 IMAGES/2026 TV SHOWS AND STARS/natasha kaplinsky.jpg,move,not run,
23,/2019 TIDY - CELEBRITY FACEMASKS FINAL 7200 IMAGES/neil-morrissey.jpg,/2019 TIDY - CELEBRITY FACEMASKS FINAL 7200 IMAGES/2026 TV SHOWS AND STARS/neil-morrissey.jpg,move,not run,
23,/2019 TIDY - CELEBRITY FACEMASKS FINAL 7200 IMAGES/nick ferrari.jpg,/2019 TIDY - CELEBRITY FACEMASKS FINAL 7200 IMAGES/2026 TV SHOWS AND STARS/nick ferrari.jpg,move,not run,
23,/2019 TIDY - CELEBRITY FACEMASKS FINAL 7200 IMAGES/nicole-richie.jpg,/2019 TIDY - CELEBRITY FACEMASKS FINAL 7200 IMAGES/2026 TV SHOWS AND STARS/nicole-richie.jpg,move,not run,
23,/2019 TIDY - CELEBRITY FACEMASKS FINAL 7200 IMAGES/nina dobrev.jpg,/2019 TIDY - CELEBRITY FACEMASKS FINAL 7200 IMAGES/2026 TV SHOWS AND STARS/nina dobrev.jpg,move,not run,
23,/2019 TIDY - CELEBRITY FACEMASKS FINAL 7200 IMAGES/norman-reedus Walking Dead - Fox 0502 subsitute.jpg,/2019 TIDY - CELEBRITY FACEMASKS FINAL 7200 IMAGES/2026 TV SHOWS AND STARS/norman-reedus Walking Dead - Fox 0502 subsitute.jpg,move,not run,
23,/2019 TIDY - CELEBRITY FACEMASKS FINAL 7200 IMAGES/olivia holt.jpg,/2019 TIDY - CELEBRITY FACEMASKS FINAL 7200 IMAGES/2026 TV SHOWS AND STARS/olivia holt (larger).jpg,duplicate_larger,not run,
23,/2019 TIDY - CELEBRITY FACEMASKS FINAL 7200 IMAGES/philip glenister.jpg,/2019 TIDY - CELEBRITY FACEMASKS FINAL 7200 IMAGES/2026 TV SHOWS AND STARS/philip glenister.jpg,move,not run,
23,/2019 TIDY - CELEBRITY FACEMASKS FINAL 7200 IMAGES/piers morgan.jpg,/2019 TIDY - CELEBRITY FACEMASKS FINAL 7200 IMAGES/2026 TV SHOWS AND STARS/piers morgan (larger).jpg,duplicate_larger,not run,
23,/2019 TIDY - CELEBRITY FACEMASKS FINAL 7200 IMAGES/pollyanna-woodward gadget show.jpg,/2019 TIDY - CELEBRITY FACEMASKS FINAL 7200 IMAGES/2026 TV SHOWS AND STARS/pollyanna-woodward gadget show.jpg,move,not run,
23,/2019 TIDY - CELEBRITY FACEMASKS FINAL 7200 IMAGES/portia de rossi.jpg,/2019 TIDY - CELEBRITY FACEMASKS FINAL 7200 IMAGES/2026 TV SHOWS AND STARS/portia de rossi.jpg,move,not run,
23,/2019 TIDY - CELEBRITY FACEMASKS FINAL 7200 IMAGES/professor brian cox.jpg,/2019 TIDY - CELEBRITY FACEMASKS FINAL 7200 IMAGES/2026 TV SHOWS AND STARS/professor brian cox.jpg,move,not run,
23,/2019 TIDY - CELEBRITY FACEMASKS FINAL 7200 IMAGES/Edith - Still Game.jpg,/2019 TIDY - CELEBRITY FACEMASKS FINAL 7200 IMAGES/2026 TV SHOWS AND STARS/still game/Edith - Still Game.jpg,move,not run,
23,/2019 TIDY - CELEBRITY FACEMASKS FINAL 7200 IMAGES/Isa - Still Game.jpg,/2019 TIDY - CELEBRITY FACEMASKS FINAL 7200 IMAGES/2026 TV SHOWS AND STARS/still game/Isa - Still Game.jpg,move,not run,
23,/2019 TIDY - CELEBRITY FACEMASKS FINAL 7200 IMAGES/tuco salamanca-breaking bad.jpg,/2019 TIDY - CELEBRITY FACEMASKS FINAL 7200 IMAGES/2026 TV SHOWS AND STARS/tuco salamanca-breaking bad.jpg,move,not run,
23,/2019 TIDY - CELEBRITY FACEMASKS FINAL 7200 IMAGES/victoria-s3-cast-interview-laurence-fox-3200x1800.jpg,/2019 TIDY - CELEBRITY FACEMASKS FINAL 7200 IMAGES/2026 TV SHOWS AND STARS/victoria-s3-cast-interview-laurence-fox-3200x1800.jpg,move,not run,
23,/2019 TIDY - CELEBRITY FACEMASKS FINAL 7200 IMAGES/David Gandy.jpg,/2019 TIDY - CELEBRITY FACEMASKS FINAL 7200 IMAGES/2026 WAGS AND MODELS/David Gandy.jpg,move,not run,
23,/2019 TIDY - CELEBRITY FACEMASKS FINAL 7200 IMAGES/Erin Heatherton JB.jpg,/2019 TIDY - CELEBRITY FACEMASKS FINAL 7200 IMAGES/2026 WAGS AND MODELS/Erin Heatherton JB.jpg,move,not run,
23,/2019 TIDY - CELEBRITY FACEMASKS FINAL 7200 IMAGES/Genevieve Morton 2016 CPDVD.jpg,/2019 TIDY - CELEBRITY FACEMASKS FINAL 7200 IMAGES/2026 WAGS AND MODELS/Genevieve Morton 2016 CPDVD.jpg,move,not run,
23,/2019 TIDY - CELEBRITY FACEMASKS FINAL 7200 IMAGES/Gigi Hadid.jpg,/2019 TIDY - CELEBRITY FACEMASKS FINAL 7200 IMAGES/2026 WAGS AND MODELS/Gigi Hadid.jpg,move,not run,
23,/2019 TIDY - CELEBRITY FACEMASKS FINAL 7200 IMAGES/Haley Baldwin.jpg,/2019 TIDY - CELEBRITY FACEMASKS FINAL 7200 IMAGES/2026 WAGS AND MODELS/Haley Baldwin.jpg,move,not run,
23,/2019 TIDY - CELEBRITY FACEMASKS FINAL 7200 IMAGES/Hannah Davis.jpg,/2019 TIDY - CELEBRITY FACEMASKS FINAL 7200 IMAGES/2026 WAGS AND MODELS/Hannah Davis.jpg,move,not run,
23,/2019 TIDY - CELEBRITY FACEMASKS FINAL 7200 IMAGES/Hannah Ferguson.jpg,/2019 TIDY - CELEBRITY FACEMASKS FINAL 7200 IMAGES/2026 WAGS AND MODELS/Hannah Ferguson.jpg,move,not run,
23,/2019 TIDY - CELEBRITY FACEMASKS FINAL 7200 IMAGES/Inka Williams.jpg,/2019 TIDY - CELEBRITY FACEMASKS FINAL 7200 IMAGES/2026 WAGS AND MODELS/Inka Williams.jpg,move,not run,
23,/2019 TIDY - CELEBRITY FACEMASKS FINAL 7200 IMAGES/Izabel Goulart.jpg,/2019 TIDY - CELEBRITY FACEMASKS FINAL 7200 IMAGES/2026 WAGS AND MODELS/Izabel Goulart.jpg,move,not run,
23,/2019 TIDY - CELEBRITY FACEMASKS FINAL 7200 IMAGES/Janice Dickinson.jpg,/2019 TIDY - CELEBRITY FACEMASKS FINAL 7200 IMAGES/2026 WAGS AND MODELS/Janice Dickinson.jpg,move,not run,
23,/2019 TIDY - CELEBRITY FACEMASKS FINAL 7200 IMAGES/Jennifer Hawkins.jpg,/2019 TIDY - CELEBRITY FACEMASKS FINAL 7200 IMAGES/2026 WAGS AND MODELS/Jennifer Hawkins.jpg,move,not run,
23,/2019 TIDY - CELEBRITY FACEMASKS FINAL 7200 IMAGES/Jerry hall.jpg,/2019 TIDY - CELEBRITY FACEMASKS FINAL 7200 IMAGES/2026 WAGS AND MODELS/Jerry hall.jpg,move,not run,
23,/2019 TIDY - CELEBRITY FACEMASKS FINAL 7200 IMAGES/Joan Smalls.jpg,/2019 TIDY - CELEBRITY FACEMASKS FINAL 7200 IMAGES/2026 WAGS AND MODELS/Joan Smalls.jpg,move,not run,
23,/2019 TIDY - CELEBRITY FACEMASKS FINAL 7200 IMAGES/Jodie Marsh.JPG,/2019 TIDY - CELEBRITY FACEMASKS FINAL 7200 IMAGES/2026 WAGS AND MODELS/Jodie Marsh.JPG,move,not run,
23,/2019 TIDY - CELEBRITY FACEMASKS FINAL 7200 IMAGES/Karlie Kloss New 08 2016.jpg,/2019 TIDY - CELEBRITY FACEMASKS FINAL 7200 IMAGES/2026 WAGS AND MODELS/Karlie Kloss New 08 2016.jpg,move,not run,
23,/2019 TIDY - CELEBRITY FACEMASKS FINAL 7200 IMAGES/Karlie Kloss.jpg,/2019 TIDY - CELEBRITY FACEMASKS FINAL 7200 IMAGES/2026 WAGS AND MODELS/Karlie Kloss.jpg,move,not run,
23,/2019 TIDY - CELEBRITY FACEMASKS FINAL 7200 IMAGES/Kathy Ireland.jpg,/2019 TIDY - CELEBRITY FACEMASKS FINAL 7200 IMAGES/2026 WAGS AND MODELS/Kathy Ireland.jpg,move,not run,
23,/2019 TIDY - CELEBRITY FACEMASKS FINAL 7200 IMAGES/Kendal Jenner.png,/2019 TIDY - CELEBRITY FACEMASKS FINAL 7200 IMAGES/2026 WAGS AND MODELS/Kendal Jenner.png,move,not run,
23,/2019 TIDY - CELEBRITY FACEMASKS FINAL 7200 IMAGES/Lily Aldridge.jpg,/2019 TIDY - CELEBRITY FACEMASKS FINAL 7200 IMAGES/2026 WAGS AND MODELS/Lily Aldridge.jpg,move,not run,
23,/2019 TIDY - CELEBRITY FACEMASKS FINAL 7200 IMAGES/Lucy Pinder.jpg,/2019 TIDY - CELEBRITY FACEMASKS FINAL 7200 IMAGES/2026 WAGS AND MODELS/Lucy Pinder.jpg,move,not run,
23,/2019 TIDY - CELEBRITY FACEMASKS FINAL 7200 IMAGES/Martha Hunt MO.jpg,/2019 TIDY - CELEBRITY FACEMASKS FINAL 7200 IMAGES/2026 WAGS AND MODELS/Martha Hunt MO.jpg,move,not run,
23,/2019 TIDY - CELEBRITY FACEMASKS FINAL 7200 IMAGES/Melinda Messenger.jpg,/2019 TIDY - CELEBRITY FACEMASKS FINAL 7200 IMAGES/2026 WAGS AND MODELS/Melinda Messenger.jpg,move,not run,
23,/2019 TIDY - CELEBRITY FACEMASKS FINAL 7200 IMAGES/Mirander Kerr.jpg,/2019 TIDY - CELEBRITY FACEMASKS FINAL 7200 IMAGES/2026 MOVIE STARS/Mirander Kerr (larger).jpg,duplicate_larger,not run,
23,/2019 TIDY - CELEBRITY FACEMASKS FINAL 7200 IMAGES/Pia Wurtzbach.jpg,/2019 TIDY - CELEBRITY FACEMASKS FINAL 7200 IMAGES/2026 WAGS AND MODELS/Pia Wurtzbach.jpg,move,not run,
23,/2019 TIDY - CELEBRITY FACEMASKS FINAL 7200 IMAGES/gisele bundchen.jpg,/2019 TIDY - CELEBRITY FACEMASKS FINAL 7200 IMAGES/2026 WAGS AND MODELS/gisele bundchen.jpg,move,not run,
23,/2019 TIDY - CELEBRITY FACEMASKS FINAL 7200 IMAGES/hailey clauson 2.jpg,/2019 TIDY - CELEBRITY FACEMASKS FINAL 7200 IMAGES/2026 WAGS AND MODELS/hailey clauson 2.jpg,move,not run,
23,/2019 TIDY - CELEBRITY FACEMASKS FINAL 7200 IMAGES/hailey_clauson.jpg,/2019 TIDY - CELEBRITY FACEMASKS FINAL 7200 IMAGES/2026 WAGS AND MODELS/hailey_clauson.jpg,move,not run,
23,/2019 TIDY - CELEBRITY FACEMASKS FINAL 7200 IMAGES/heidi klum.jpg,/2019 TIDY - CELEBRITY FACEMASKS FINAL 7200 IMAGES/2026 WAGS AND MODELS/heidi klum.jpg,move,not run,
23,/2019 TIDY - CELEBRITY FACEMASKS FINAL 7200 IMAGES/irina shayk.jpg,/2019 TIDY - CELEBRITY FACEMASKS FINAL 7200 IMAGES/2026 WAGS AND MODELS/irina shayk.jpg,move,not run,
23,/2019 TIDY - CELEBRITY FACEMASKS FINAL 7200 IMAGES/jeremy meeks.jpg,/2019 TIDY - CELEBRITY FACEMASKS FINAL 7200 IMAGES/2026 WAGS AND MODELS/jeremy meeks.jpg,move,not run,
23,/2019 TIDY - CELEBRITY FACEMASKS FINAL 7200 IMAGES/jon galliano.jpg,/2019 TIDY - CELEBRITY FACEMASKS FINAL 7200 IMAGES/2026 WAGS AND MODELS/jon galliano.jpg,move,not run,
23,/2019 TIDY - CELEBRITY FACEMASKS FINAL 7200 IMAGES/melinda messenger2.jpg,/2019 TIDY - CELEBRITY FACEMASKS FINAL 7200 IMAGES/2026 WAGS AND MODELS/melinda messenger2.jpg,move,not run,
23,/2019 TIDY - CELEBRITY FACEMASKS FINAL 7200 IMAGES/nell-mcandrew.jpg,/2019 TIDY - CELEBRITY FACEMASKS FINAL 7200 IMAGES/2026 WAGS AND MODELS/nell-mcandrew.jpg,move,not run,
23,/2019 TIDY - CELEBRITY FACEMASKS FINAL 7200 IMAGES/nick bateman.jpg,/2019 TIDY - CELEBRITY FACEMASKS FINAL 7200 IMAGES/2026 WAGS AND MODELS/nick bateman.jpg,move,not run,
23,/2019 TIDY - CELEBRITY FACEMASKS FINAL 7200 IMAGES/olivia culpo.jpg,/2019 TIDY - CELEBRITY FACEMASKS FINAL 7200 IMAGES/2026 WAGS AND MODELS/olivia culpo.jpg,move,not run,
23,/2019 TIDY - CELEBRITY FACEMASKS FINAL 7200 IMAGES/penny lancaster.jpg,/2019 TIDY - CELEBRITY FACEMASKS FINAL 7200 IMAGES/2026 WAGS AND MODELS/penny lancaster.jpg,move,not run,
