path,size,wanted,clash_with,clash_size,reason
2026 ATHLETES/Carl Fogarty web.jpg,2478426,Carl Fogarty.jpg,Carl Fogarty.jpg,191424,different size: renamed to next free version -> Carl Fogarty 2.jpg
2026 ATHLETES/FRANKIE DETORI.jpg,1791985,Frankie Dettori.jpg,Frankie Dettori.jpg,3093811,different size: renamed to next free version -> Frankie Dettori 2.jpg
2026 ATHLETES/Louis Smith - Gymnast.JPG,2216620,Louis Smith.jpg,Louis Smith.jpg,413201,different size: renamed to next free version -> Louis Smith 2.jpg
2026 ATHLETES/Rebecca Adlington (3).jpg,44662,Rebecca Adlington.jpg,Rebecca Adlington.jpg,1488042,different size: renamed to next free version -> Rebecca Adlington 2.jpg
2026 ATHLETES/Ronda Rousey UFC Fighter.jpg,379690,Ronda Rousey.jpg,Ronda Rousey.jpg,557584,different size: renamed to next free version -> Ronda Rousey 2.jpg
2026 ATHLETES/Usain Bolt (2).jpg,2532668,Usain Bolt.jpg,Usain Bolt.jpg,1585154,different size: renamed to next free version -> Usain Bolt 2.jpg
2026 ATHLETES/Usain Bolt 2012.JPG,1593056,Usain Bolt.jpg,Usain Bolt.jpg,1585154,different size: renamed to next free version -> Usain Bolt 3.jpg
2026 ATHLETES/Usain Bolt 2016.jpg,3102494,Usain Bolt.jpg,Usain Bolt.jpg,1585154,different size: renamed to next free version -> Usain Bolt 4.jpg
2026 BOLLYWOOD ACTORS/Amitabh-Bachchan1.jpg,462738,Amitabh Bachchan.jpg,Amitabh Bachchan.jpg,3409426,different size: renamed to next free version -> Amitabh Bachchan 2.jpg
2026 BOLLYWOOD ACTORS/Deepika_Padukone.jpg,2370020,Deepika Padukone.jpg,Deepika Padukone.jpg,2640367,different size: renamed to next free version -> Deepika Padukone 2.jpg
2026 BOLLYWOOD ACTORS/Hema_Malini.jpg,2236038,Hema Malini.jpg,Hema Malini.jpg,3104530,different size: renamed to next free version -> Hema Malini 2.jpg
2026 BOLLYWOOD ACTORS/karishma-kapoor.jpg,1943127,Karishma Kapoor.jpg,Karishma Kapoor.jpg,2269734,different size: renamed to next free version -> Karishma Kapoor 2.jpg
2026 BOLLYWOOD ACTORS/katrina-kaif.jpg,1851704,Katrina Kaif.jpg,Katrina Kaif.jpg,1818320,different size: renamed to next free version -> Katrina Kaif 2.jpg
2026 BOLLYWOOD ACTORS/Priyanka Chopra (2).jpg,459745,Priyanka Chopra.jpg,Priyanka Chopra.jpg,2444630,different size: renamed to next free version -> Priyanka Chopra 3.jpg
2026 BOND ACTOR PACK F/Brit Ekland.JPG,2564077,Britt Ekland.jpg,Britt Ekland.jpg,2564077,same name and same size already in folder: left unrenamed
2026 BOND ACTOR PACK F/george lazenby NEW.jpg,2160880,George Lazenby.jpg,George Lazenby.jpg,1677246,different size: renamed to next free version -> George Lazenby 2.jpg
2026 BOND ACTOR PACK F/Sean Connery - James Bond.JPG,2054925,Sean Connery.jpg,Sean Connery.jpg,718631,different size: renamed to next free version -> Sean Connery 2.jpg
2026 BOXERS/Chris Eubank Im a Celeb.jpg,1863411,Chris Eubank.jpg,Chris Eubank.jpg,2249654,different size: renamed to next free version -> Chris Eubank 2.jpg
2026 BOXERS/Floyd Mayweather EBAY.jpg,650363,Floyd Mayweather.jpg,Floyd Mayweather.jpg,544586,different size: renamed to next free version -> Floyd Mayweather 2.jpg
"2026 CARTOON, GAME AND FILM CHARACTERS/dr_bunson_honeydew__90440.jpg",40592,Dr Bunson Honeydew.jpg,Dr Bunson Honeydew.jpg,1503862,different size: renamed to next free version -> Dr Bunson Honeydew 2.jpg
"2026 CARTOON, GAME AND FILM CHARACTERS/FREDDY KRUEGER NEW 2018.jpg",1046241,Freddy Krueger.jpg,Freddy Krueger.jpg,234774,different size: renamed to next free version -> Freddy Krueger 2.jpg
"2026 CARTOON, GAME AND FILM CHARACTERS/Freddy-Krueger-Wallpapers-HD-Download.jpg",2135114,Freddy Krueger.jpg,Freddy Krueger.jpg,234774,different size: renamed to next free version -> Freddy Krueger 3.jpg
"2026 CARTOON, GAME AND FILM CHARACTERS/Pyrooo 1.jpg",357678,Pyrooo.jpg,Pyrooo.jpg,637020,different size: renamed to next free version -> Pyrooo 2.jpg
"2026 CARTOON, GAME AND FILM CHARACTERS/SANTA_112.jpg",2106338,Santa.jpg,Santa.jpg,1823103,different size: renamed to next free version -> Santa 2.jpg
"2026 CARTOON, GAME AND FILM CHARACTERS/Screaming Eyes Face Mask.jpg",292989,Screaming Eyes.jpg,Screaming Eyes.jpg,292989,same name and same size already in folder: left unrenamed
"2026 CARTOON, GAME AND FILM CHARACTERS/Sulley_and_Mike_Face_Mask_Set_buy_Disney_Monsters_University_star_masks_at_starstills__90036__40314.1394515706.1280.1280.jpg",1922300,Sulley and Mike.jpg,Sulley and Mike.jpg,1889801,different size: renamed to next free version -> Sulley and Mike 2.jpg
"2026 CARTOON, GAME AND FILM CHARACTERS/TinTin Best.jpg",211012,Tin Tin.jpg,Tin Tin.jpg,1382456,different size: renamed to next free version -> Tin Tin 2.jpg
2026 COMEDIANS/Alan Partridge 1.jpg,2207622,Alan Partridge.jpg,Alan Partridge.jpg,2548036,different size: renamed to next free version -> Alan Partridge 2.jpg
2026 COMEDIANS/Amy Schumer Comedian.jpg,2661156,Amy Schumer.jpg,Amy Schumer.jpg,1913921,different size: renamed to next free version -> Amy Schumer 2.jpg
2026 COMEDIANS/andy pipkins - Little Britain.jpg,1910874,Andy Pipkins.jpg,Andy Pipkins.jpg,1910874,same name and same size already in folder: left unrenamed
2026 COMEDIANS/andy pipkins_ little britain.jpg,136818,Andy Pipkins.jpg,Andy Pipkins.jpg,1910874,different size: renamed to next free version -> Andy Pipkins 2.jpg
2026 COMEDIANS/Chris-Fairbanks.jpg,2162476,Chris Fairbanks.jpg,Chris Fairbanks.jpg,2162476,same name and same size already in folder: left unrenamed
2026 COMEDIANS/doug-stanhope.jpg,2175626,Doug Stanhope.jpg,Doug Stanhope 2.jpg,2175626,same size as an existing numbered version: left unrenamed
2026 COMEDIANS/Jane-horrocks.jpg,1324943,Jane Horrocks.jpg,Jane Horrocks.jpg,2797853,different size: renamed to next free version -> Jane Horrocks 2.jpg
2026 COMEDIANS/Jim Davidson (2).jpg,2202900,Jim Davidson.jpg,Jim Davidson.jpg,2202900,same name and same size already in folder: left unrenamed
2026 COMEDIANS/Jon Richardson (2).jpg,2121446,Jon Richardson.jpg,Jon Richardson.jpg,1744925,different size: renamed to next free version -> Jon Richardson 2.jpg
2026 COMEDIANS/julian cleary.jpg,2230388,Julian Clary.jpg,Julian Clary.jpg,1943367,different size: renamed to next free version -> Julian Clary 2.jpg
2026 COMEDIANS/Kevin Hart e1392937258970.jpg,2907006,Kevin Hart.jpg,Kevin Hart.jpg,2907006,same name and same size already in folder: left unrenamed
2026 COMEDIANS/Kristen Wiig Movie 2016.jpg,732889,Kristen Wiig.jpg,Kristen Wiig.jpg,2642291,different size: renamed to next free version -> Kristen Wiig 2.jpg
2026 COMEDIANS/michael macyntyre.jpg,3013701,Michael McIntyre.jpg,Michael McIntyre.jpg,3196236,different size: renamed to next free version -> Michael McIntyre 2.jpg
2026 COMEDIANS/quincy jones_comedian.jpg,2157717,Quincy Jones.jpg,Quincy Jones.jpg,2157717,same name and same size already in folder: left unrenamed
2026 COMEDIANS/Sir Les Patterson - Comedian.jpg,3935854,Sir Les Patterson.jpg,Sir Les Patterson.jpg,442141,different size: renamed to next free version -> Sir Les Patterson 2.jpg
2026 COMEDIANS/Sir-Les-Patterson.jpg,1711893,Sir Les Patterson.jpg,Sir Les Patterson.jpg,442141,different size: renamed to next free version -> Sir Les Patterson 3.jpg
2026 COMEDIANS/victoria-wood.jpg,2175369,Victoria Wood.jpg,Victoria Wood.jpg,2175369,same name and same size already in folder: left unrenamed
2026 CRICKET/David Bumble Lloyd 2016.jpg,380117,David Bumble Lloyd.jpg,David Bumble Lloyd.jpg,2476350,different size: renamed to next free version -> David Bumble Lloyd 2.jpg
2026 CRICKET/IAN BOTHAM (2).jpg,2014409,Ian Botham.jpg,Ian Botham.jpg,3267741,different size: renamed to next free version -> Ian Botham 2.jpg
2026 CRICKET/joe root Cricket.jpg,366776,Joe Root.jpg,Joe Root.jpg,3092121,different size: renamed to next free version -> Joe Root 2.jpg
2026 CRICKET/Kevin Pietersen Cricket Face Mask.jpg,1834239,Kevin Pietersen.jpg,Kevin Pietersen.jpg,2524500,different size: renamed to next free version -> Kevin Pietersen 3.jpg
2026 CRICKET/Kevin-pieterson.jpg,650157,Kevin Pietersen.jpg,Kevin Pietersen.jpg,2524500,different size: renamed to next free version -> Kevin Pietersen 4.jpg
2026 CRICKET/Michael Holding BEST.jpg,2100623,Michael Holding.jpg,Michael Holding.jpg,1665401,different size: renamed to next free version -> Michael Holding 2.jpg
2026 CRICKET/Sachin Tendulkar Cricket Face Mask.jpg,1233541,Sachin Tendulkar.jpg,Sachin Tendulkar.jpg,5361094,different size: renamed to next free version -> Sachin Tendulkar 2.jpg
2026 DARTS/Adrian Lewis 2016.jpg,243677,Adrian Lewis.jpg,Adrian Lewis.jpg,2100635,different size: renamed to next free version -> Adrian Lewis 2.jpg
2026 DARTS/Adrian Lewis MINT.jpg,2537938,Adrian Lewis.jpg,Adrian Lewis.jpg,2100635,different size: renamed to next free version -> Adrian Lewis 3.jpg
2026 DARTS/Bobby George Darts.jpg,63884,Bobby George.jpg,Bobby George.jpg,2160914,different size: renamed to next free version -> Bobby George 2.jpg
2026 DARTS/eric bristow_.jpg,146500,Eric Bristow.jpg,Eric Bristow.jpg,1950930,different size: renamed to next free version -> Eric Bristow 2.jpg
2026 DARTS/James Wade (2).jpg,2252469,James Wade.jpg,James Wade.jpg,2073169,different size: renamed to next free version -> James Wade 2.jpg
2026 DARTS/Mervin King.JPG,2088479,Mervyn King.jpg,Mervyn King.jpg,1856942,different size: renamed to next free version -> Mervyn King 3.jpg
2026 DARTS/Robert Thornton Darts.jpg,656107,Robert Thornton.jpg,Robert Thornton.jpg,580473,different size: renamed to next free version -> Robert Thornton 2.jpg
2026 DARTS/Ted hankey The Count.jpg,946088,Ted Hankey.jpg,Ted Hankey.jpg,603597,different size: renamed to next free version -> Ted Hankey 2.jpg
2026 F1 DRIVER/DANIEL RICARDO.jpg,2248124,Daniel Ricciardo.jpg,Daniel Ricciardo.jpg,2182744,different size: renamed to next free version -> Daniel Ricciardo 2.jpg
2026 F1 DRIVER/Daniel Ricciardo-Formula 1.jpg,287513,Daniel Ricciardo.jpg,Daniel Ricciardo.jpg,2182744,different size: renamed to next free version -> Daniel Ricciardo 3.jpg
2026 F1 DRIVER/David Coultard.jpg,159369,David Coulthard.jpg,David Coulthard.jpg,1425292,different size: renamed to next free version -> David Coulthard 2.jpg
2026 F1 DRIVER/FERNANDO ALONSO (2).jpg,2123480,Fernando Alonso.jpg,Fernando Alonso.jpg,1591866,different size: renamed to next free version -> Fernando Alonso 2.jpg
2026 F1 DRIVER/Jensen Button 2013.JPG,2016199,Jenson Button.jpg,Jenson Button.jpg,1999727,different size: renamed to next free version -> Jenson Button 2.jpg
2026 F1 DRIVER/Jensen Button.jpg,2240418,Jenson Button.jpg,Jenson Button.jpg,1999727,different size: renamed to next free version -> Jenson Button 3.jpg
2026 F1 DRIVER/jenson-button.jpg,2240418,Jenson Button.jpg,Jenson Button 3.jpg,2240418,same size as an existing numbered version: left unrenamed
2026 F1 DRIVER/KIMI RAIKKONEN (2).jpg,2056011,Kimi Raikkonen.jpg,Kimi Raikkonen.jpg,1581034,different size: renamed to next free version -> Kimi Raikkonen 2.jpg
2026 F1 DRIVER/Lewis Hamilton (2).jpg,476469,Lewis Hamilton.jpg,Lewis Hamilton.jpg,2271284,different size: renamed to next free version -> Lewis Hamilton 2.jpg
2026 F1 DRIVER/Lewis Hamilton 2013.jpg,569491,Lewis Hamilton.jpg,Lewis Hamilton.jpg,2271284,different size: renamed to next free version -> Lewis Hamilton 3.jpg
2026 F1 DRIVER/Lewis Hamilton 2013b.jpg,616201,Lewis Hamilton.jpg,Lewis Hamilton.jpg,2271284,different size: renamed to next free version -> Lewis Hamilton 4.jpg
2026 F1 DRIVER/LEWIS HAMILTON 2016 MINT (2).jpg,1894214,Lewis Hamilton.jpg,Lewis Hamilton.jpg,2271284,different size: renamed to next free version -> Lewis Hamilton 5.jpg
2026 F1 DRIVER/LEWIS HAMILTON 2016 MINT.jpg,1894214,Lewis Hamilton.jpg,Lewis Hamilton 5.jpg,1894214,same size as an existing numbered version: left unrenamed
2026 F1 DRIVER/Lewis_Hamilton_2016_Malaysia_2.jpg,592099,Lewis Hamilton 2.jpg,Lewis Hamilton 2.jpg,476469,different size: renamed to next free version -> Lewis Hamilton 6.jpg
2026 F1 DRIVER/Max Verstappen F1.jpg,1880677,Max Verstappen.jpg,Max Verstappen.jpg,2200686,different size: renamed to next free version -> Max Verstappen 2.jpg
2026 F1 DRIVER/NICO ROSBERG (2).jpg,2199045,Nico Rosberg.jpg,Nico Rosberg.jpg,755570,different size: renamed to next free version -> Nico Rosberg 2.jpg
2026 F1 DRIVER/Sebastain Vettel F1.JPG,2867044,Sebastian Vettel.jpg,Sebastian Vettel.jpg,1990973,different size: renamed to next free version -> Sebastian Vettel 2.jpg
2026 F1 DRIVER/SEBASTIAN VETTEL (2).jpg,2142130,Sebastian Vettel.jpg,Sebastian Vettel.jpg,1990973,different size: renamed to next free version -> Sebastian Vettel 3.jpg
2026 F1 DRIVER/Sebastian Vettel2.jpg,728492,Sebastian Vettel 2.jpg,Sebastian Vettel 2.jpg,2867044,different size: renamed to next free version -> Sebastian Vettel 4.jpg
2026 F1 DRIVER/Sebastian Vettell - Formula 1.jpg,2734689,Sebastian Vettel.jpg,Sebastian Vettel.jpg,1990973,different size: renamed to next free version -> Sebastian Vettel 5.jpg
2026 FOOTBALLERS/ADAM LALLANA - ENGLAND.jpg,1636243,Adam Lallana.jpg,Adam Lallana.jpg,2831637,different size: renamed to next free version -> Adam Lallana 2.jpg
2026 FOOTBALLERS/Ahmed Elmohamady (2).jpg,971507,Ahmed Elmohamady.jpg,Ahmed Elmohamady.jpg,333318,different size: renamed to next free version -> Ahmed Elmohamady 2.jpg
2026 FOOTBALLERS/Ahmed Elmohamady (3).jpg,1252044,Ahmed Elmohamady.jpg,Ahmed Elmohamady.jpg,333318,different size: renamed to next free version -> Ahmed Elmohamady 3.jpg
2026 FOOTBALLERS/Ahmed Elmohamady 2020 Face.jpg,715311,Ahmed Elmohamady.jpg,Ahmed Elmohamady.jpg,333318,different size: renamed to next free version -> Ahmed Elmohamady 4.jpg
2026 FOOTBALLERS/alan hansen football.jpg,451398,Alan Hansen.jpg,Alan Hansen.jpg,2513999,different size: renamed to next free version -> Alan Hansen 2.jpg
2026 FOOTBALLERS/Aleksandar Kolarov 2020 Face.jpg,669855,Aleksandar Kolarov.jpg,Aleksandar Kolarov.jpg,354873,different size: renamed to next free version -> Aleksandar Kolarov 2.jpg
2026 FOOTBALLERS/Aleksandar Kolarov Manchester City.jpg,868386,Aleksandar Kolarov.jpg,Aleksandar Kolarov.jpg,354873,different size: renamed to next free version -> Aleksandar Kolarov 3.jpg
2026 FOOTBALLERS/ALEX OXLADE-CHAMBERLAIN - ENGLAND.jpg,1196474,Alex Oxlade Chamberlain.jpg,Alex Oxlade Chamberlain.jpg,746548,different size: renamed to next free version -> Alex Oxlade Chamberlain 2.jpg
2026 FOOTBALLERS/Alexandre Lacazette 2020 Face.jpg,579486,Alexandre Lacazette.jpg,Alexandre Lacazette.jpg,305208,different size: renamed to next free version -> Alexandre Lacazette 2.jpg
2026 FOOTBALLERS/ALEXIS SANCHEZ (2).jpg,247101,Alexis Sanchez.jpg,Alexis Sanchez.jpg,274498,different size: renamed to next free version -> Alexis Sanchez 2.jpg
2026 FOOTBALLERS/ALEXIS SANCHEZ - CHILE.jpg,1006014,Alexis Sanchez.jpg,Alexis Sanchez.jpg,274498,different size: renamed to next free version -> Alexis Sanchez 3.jpg
2026 FOOTBALLERS/Alvaro Morata 2020 Face.jpg,859887,Alvaro Morata.jpg,Alvaro Morata.jpg,423142,different size: renamed to next free version -> Alvaro Morata 2.jpg
2026 FOOTBALLERS/Andrew Robertson 2020 Face.jpg,578922,Andrew Robertson.jpg,Andrew Robertson.jpg,250880,different size: renamed to next free version -> Andrew Robertson 2.jpg
2026 FOOTBALLERS/ANTHONY MARTIAL - FRANCE.jpg,1067054,Anthony Martial.jpg,Anthony Martial.jpg,262997,different size: renamed to next free version -> Anthony Martial 2.jpg
2026 FOOTBALLERS/Anthony Martial2.jpg,235899,Anthony Martial 2.jpg,Anthony Martial 2.jpg,1067054,different size: renamed to next free version -> Anthony Martial 3.jpg
2026 FOOTBALLERS/Arsne-wenger.jpg,903556,Arsene Wenger.jpg,Arsene Wenger.jpg,377980,different size: renamed to next free version -> Arsene Wenger 3.jpg
2026 FOOTBALLERS/Arsne_Wenger_2__40509.jpg,99609,Arsene Wenger 2.jpg,Arsene Wenger 2.jpg,1512813,different size: renamed to next free version -> Arsene Wenger 4.jpg
2026 FOOTBALLERS/Bertrand Traore 2020 Face.jpg,1171718,Bertrand Traore.jpg,Bertrand Traore.jpg,540553,different size: renamed to next free version -> Bertrand Traore 2.jpg
2026 FOOTBALLERS/Brendan Rogers 2013.jpg,2864404,Brendan Rodgers.jpg,Brendan Rodgers.jpg,434603,different size: renamed to next free version -> Brendan Rodgers 2.jpg
2026 FOOTBALLERS/BrendanRodgers.jpg,2891635,Brendan Rodgers.jpg,Brendan Rodgers.jpg,434603,different size: renamed to next free version -> Brendan Rodgers 3.jpg
2026 FOOTBALLERS/Britt-Assombalonga.jpg,1193418,Britt Assombalonga.jpg,Britt Assombalonga.jpg,566029,different size: renamed to next free version -> Britt Assombalonga 2.jpg
2026 FOOTBALLERS/Bruno Martins Indi 2020 Face.jpg,825640,Bruno Martins Indi.jpg,Bruno Martins Indi.jpg,408248,different size: renamed to next free version -> Bruno Martins Indi 2.jpg
2026 FOOTBALLERS/CARLOS TEVEZ - ARGENTINA.jpg,1106695,Carlos Tevez.jpg,Carlos Tevez.jpg,150854,different size: renamed to next free version -> Carlos Tevez 2.jpg
2026 FOOTBALLERS/Carlos-tevez-2.jpg,1183991,Carlos Tevez 2.jpg,Carlos Tevez 2.jpg,1106695,different size: renamed to next free version -> Carlos Tevez 3.jpg
2026 FOOTBALLERS/Chris Smalling (2).jpg,1962693,Chris Smalling.jpg,Chris Smalling.jpg,2310142,different size: renamed to next free version -> Chris Smalling 2.jpg
2026 FOOTBALLERS/CHRIS SMALLING - ENGLAND.jpg,1758988,Chris Smalling.jpg,Chris Smalling.jpg,2310142,different size: renamed to next free version -> Chris Smalling 3.jpg
2026 FOOTBALLERS/CHRISTIAN ERIKSON.jpg,1551581,Christian Eriksen.jpg,Christian Eriksen.jpg,1608564,different size: renamed to next free version -> Christian Eriksen 2.jpg
2026 FOOTBALLERS/Dan Burn-NEWCASTLE.jpg,408107,Dan Burn.jpg,Dan Burn.jpg,347449,different size: renamed to next free version -> Dan Burn 2.jpg
2026 FOOTBALLERS/DANI ALVES - BRAZIL.jpg,1721870,Dani Alves.jpg,Dani Alves.jpg,1990400,different size: renamed to next free version -> Dani Alves 2.jpg
2026 FOOTBALLERS/DANIEL STURRIDGE - ENGLAND.jpg,1382971,Daniel Sturridge.jpg,Daniel Sturridge.jpg,756670,different size: renamed to next free version -> Daniel Sturridge 2.jpg
2026 FOOTBALLERS/Danilo 2020 Face.jpg,846970,Danilo.jpg,Danilo.jpg,428463,different size: renamed to next free version -> Danilo 2.jpg
2026 FOOTBALLERS/DANNY WELBECK (2).jpg,319530,Danny Welbeck.jpg,Danny Welbeck.jpg,2292886,different size: renamed to next free version -> Danny Welbeck 2.jpg
2026 FOOTBALLERS/DANNY WELBECK - ENGLAND.jpg,1798007,Danny Welbeck.jpg,Danny Welbeck.jpg,2292886,different size: renamed to next free version -> Danny Welbeck 3.jpg
2026 FOOTBALLERS/Danny wellbeck.jpg,2016647,Danny Welbeck.jpg,Danny Welbeck.jpg,2292886,different size: renamed to next free version -> Danny Welbeck 4.jpg
2026 FOOTBALLERS/Darren Randolph 2020 Face.jpg,708237,Darren Randolph.jpg,Darren Randolph.jpg,1004681,different size: renamed to next free version -> Darren Randolph 2.jpg
2026 FOOTBALLERS/David Beckham - 2012.JPG,2111143,David Beckham.jpg,David Beckham.jpg,1325443,different size: renamed to next free version -> David Beckham 2.jpg
2026 FOOTBALLERS/David Luiz Brazil.jpg,2396881,David Luiz.jpg,David Luiz.jpg,1000807,different size: renamed to next free version -> David Luiz 2.jpg
2026 FOOTBALLERS/david-seaman-tag-heuer_ui8vzs9v5la71brbdixv3qwxr.jpg,641975,David Seaman.jpg,David Seaman.jpg,395458,different size: renamed to next free version -> David Seaman 2.jpg
2026 FOOTBALLERS/EDEN HAZARD - BELGIUM.jpg,958735,Eden Hazard.jpg,Eden Hazard.jpg,685743,different size: renamed to next free version -> Eden Hazard 2.jpg
2026 FOOTBALLERS/Ederson Moraes 2020 Face.jpg,998309,Ederson Moraes.jpg,Ederson Moraes.jpg,469566,different size: renamed to next free version -> Ederson Moraes 2.jpg
2026 FOOTBALLERS/ENGLAND (2).jpg,56813,England.jpg,England.jpg,1628785,different size: renamed to next free version -> England 2.jpg
2026 FOOTBALLERS/Eric Cantona-FOOTBALL 2018.jpg,211408,Eric Cantona.jpg,Eric Cantona.jpg,3182411,different size: renamed to next free version -> Eric Cantona 2.jpg
2026 FOOTBALLERS/eric cantonna.jpg,323607,Eric Cantona.jpg,Eric Cantona.jpg,3182411,different size: renamed to next free version -> Eric Cantona 3.jpg
2026 FOOTBALLERS/FabianJohnson.jpg,169660,Fabian Johnson.jpg,Fabian Johnson.jpg,2805006,different size: renamed to next free version -> Fabian Johnson 2.jpg
2026 FOOTBALLERS/France 1.jpg,135440,France.jpg,France.jpg,1125473,different size: renamed to next free version -> France 2.jpg
2026 FOOTBALLERS/FRANCK RIBERY - FRANCE.JPG,1358650,Franck Ribery.jpg,Franck Ribery.jpg,3403658,different size: renamed to next free version -> Franck Ribery 2.jpg
2026 FOOTBALLERS/FRANK LAMPARD - ENGLAND.jpg,930289,Frank Lampard.jpg,Frank Lampard.jpg,2029732,different size: renamed to next free version -> Frank Lampard 2.jpg
2026 FOOTBALLERS/Gareth Southgate (2).jpg,2268463,Gareth Southgate.jpg,Gareth Southgate.jpg,2268463,same name and same size already in folder: left unrenamed
2026 FOOTBALLERS/Harry Maguire 2020 Face.jpg,567126,Harry Maguire.jpg,Harry Maguire.jpg,736877,different size: renamed to next free version -> Harry Maguire 2.jpg
2026 FOOTBALLERS/Harry Rednapp.JPG,4725403,Harry Redknapp.jpg,Harry Redknapp.jpg,1725215,different size: renamed to next free version -> Harry Redknapp 2.jpg
2026 FOOTBALLERS/James milner Manchester City.jpg,979863,James Milner.jpg,James Milner.jpg,769607,different size: renamed to next free version -> James Milner 2.jpg
2026 FOOTBALLERS/javier hernandez sensation.jpg,835268,Javier Hernandez.jpg,Javier Hernandez.jpg,1030129,different size: renamed to next free version -> Javier Hernandez 2.jpg
2026 FOOTBALLERS/Jesus navas Manchester City.jpg,941283,Jesus Navas.jpg,Jesus Navas.jpg,447942,different size: renamed to next free version -> Jesus Navas 2.jpg
2026 FOOTBALLERS/Jimmy-Bullard.jpg,192558,Jimmy Bullard.jpg,Jimmy Bullard.jpg,297946,different size: renamed to next free version -> Jimmy Bullard 2.jpg
2026 FOOTBALLERS/JOHN STONES - ENGLAND.jpg,1193010,John Stones.jpg,John Stones.jpg,2384479,different size: renamed to next free version -> John Stones 2.jpg
2026 FOOTBALLERS/JOHN TERRY - ENGLAND.jpg.jpg,1788770,John Terry.jpg,John Terry.jpg,2340279,different size: renamed to next free version -> John Terry 2.jpg
2026 FOOTBALLERS/Jordi Alba - Barcelona.jpg,1773758,Jordi Alba.jpg,Jordi Alba.jpg,1930817,different size: renamed to next free version -> Jordi Alba 2.jpg
2026 FOOTBALLERS/Jose Mourinho Man Utd Manager 2016.jpg,2578729,Jose Mourinho.jpg,Jose Mourinho.jpg,2589770,different size: renamed to next free version -> Jose Mourinho 2.jpg
2026 FOOTBALLERS/jose-mourinho-chelsea.jpg,3146302,Jose Mourinho.jpg,Jose Mourinho.jpg,2589770,different size: renamed to next free version -> Jose Mourinho 3.jpg
2026 FOOTBALLERS/KYLE WALKER - ENGLAND.jpg,1237800,Kyle Walker.jpg,Kyle Walker.jpg,503079,different size: renamed to next free version -> Kyle Walker 2.jpg
2026 FOOTBALLERS/Kyle Walker 2020 Face.jpg,1095855,Kyle Walker.jpg,Kyle Walker.jpg,503079,different size: renamed to next free version -> Kyle Walker 3.jpg
2026 FOOTBALLERS/lan Shearer.jpg,10230492,Alan Shearer.jpg,Alan Shearer.jpg,3809124,different size: renamed to next free version -> Alan Shearer 3.jpg
2026 FOOTBALLERS/Leighton Baines - Football.jpg,4607334,Leighton Baines.jpg,Leighton Baines.jpg,1981074,different size: renamed to next free version -> Leighton Baines 2.jpg
2026 FOOTBALLERS/LIONEL MESSI - ARGENTINA.jpg,862684,Lionel Messi.jpg,Lionel Messi.jpg,1924559,different size: renamed to next free version -> Lionel Messi 2.jpg
2026 FOOTBALLERS/Lionel Messi 2018 - Barcelona.jpg,1794001,Lionel Messi.jpg,Lionel Messi.jpg,1924559,different size: renamed to next free version -> Lionel Messi 3.jpg
2026 FOOTBALLERS/lionel-messi-face-1600x1200.jpg,300218,Lionel Messi.jpg,Lionel Messi.jpg,1924559,different size: renamed to next free version -> Lionel Messi 4.jpg
2026 FOOTBALLERS/lionelmessi__18015__63309__57498.jpg,173556,Lionel Messi.jpg,Lionel Messi.jpg,1924559,different size: renamed to next free version -> Lionel Messi 5.jpg
2026 FOOTBALLERS/marcos Rojo Argentina.jpg,2791604,Marcos Rojo.jpg,Marcos Rojo.jpg,1537497,different size: renamed to next free version -> Marcos Rojo 2.jpg
2026 FOOTBALLERS/Mario Ballotelli - Man City.jpg,3192303,Mario Balotelli.jpg,Mario Balotelli.jpg,2626683,different size: renamed to next free version -> Mario Balotelli 2.jpg
2026 FOOTBALLERS/Mario Ballotelli.JPG,2928639,Mario Balotelli.jpg,Mario Balotelli.jpg,2626683,different size: renamed to next free version -> Mario Balotelli 3.jpg
2026 FOOTBALLERS/MAROUANNE FELLAINI - BELGIUM.jpg,1080151,Marouane Fellaini.jpg,Marouane Fellaini.jpg,254318,different size: renamed to next free version -> Marouane Fellaini 2.jpg
2026 FOOTBALLERS/Mohamed Salah 2018.jpg,1234423,Mohamed Salah.jpg,Mohamed Salah.jpg,479774,different size: renamed to next free version -> Mohamed Salah 2.jpg
2026 FOOTBALLERS/morata-injury.jpg,982842,Alvaro Morata.jpg,Alvaro Morata.jpg,423142,different size: renamed to next free version -> Alvaro Morata 3.jpg
2026 FOOTBALLERS/OLIVIER GIROUD (2).jpg,323482,Olivier Giroud.jpg,Olivier Giroud.jpg,1155095,different size: renamed to next free version -> Olivier Giroud 2.jpg
2026 FOOTBALLERS/Olivier Giroud Arsenal.jpg,300361,Olivier Giroud.jpg,Olivier Giroud.jpg,1155095,different size: renamed to next free version -> Olivier Giroud 3.jpg
2026 FOOTBALLERS/Paul Gascoigne 1990s.jpg,1558493,Paul Gascoigne.jpg,Paul Gascoigne.jpg,2413001,different size: renamed to next free version -> Paul Gascoigne 2.jpg
2026 FOOTBALLERS/Paul Pogba 2017.jpg,1236071,Paul Pogba.jpg,Paul Pogba.jpg,496342,different size: renamed to next free version -> Paul Pogba 2.jpg
2026 FOOTBALLERS/pele Footballer 2016.jpg,1050933,Pele.jpg,Pele.jpg,745254,different size: renamed to next free version -> Pele 2.jpg
2026 FOOTBALLERS/PORTUGAL (2).jpg,105064,Portugal.jpg,Portugal.jpg,2983955,different size: renamed to next free version -> Portugal 2.jpg
2026 FOOTBALLERS/Richard Keys (2).JPG,1935677,Richard Keys.jpg,Richard Keys.jpg,1935677,same name and same size already in folder: left unrenamed
2026 FOOTBALLERS/robbie savage__70957__25002__27113.jpg,38567,Robbie Savage.jpg,Robbie Savage.jpg,2691480,different size: renamed to next free version -> Robbie Savage 2.jpg
2026 FOOTBALLERS/ROBERTO FIRMINHO - BRAZIL.jpg,824922,Roberto Firmino.jpg,Roberto Firmino.jpg,1186683,different size: renamed to next free version -> Roberto Firmino 2.jpg
2026 FOOTBALLERS/Romelu Lukaku (2).jpg,555942,Romelu Lukaku.jpg,Romelu Lukaku.jpg,1484149,different size: renamed to next free version -> Romelu Lukaku 2.jpg
2026 FOOTBALLERS/Romelu Lukaku 2020 Face.jpg,1171412,Romelu Lukaku.jpg,Romelu Lukaku.jpg,1484149,different size: renamed to next free version -> Romelu Lukaku 3.jpg
2026 FOOTBALLERS/RONALDINHO - BRAZIL.jpg,1075884,Ronaldinho.jpg,Ronaldinho.jpg,1450623,different size: renamed to next free version -> Ronaldinho 2.jpg
2026 FOOTBALLERS/SERGIO AGUERO - ARGENTINA.jpg,799323,Sergio Aguero.jpg,Sergio Aguero.jpg,1530334,different size: renamed to next free version -> Sergio Aguero 2.jpg
2026 FOOTBALLERS/Sergio Aguero - Manchester City.jpg,6219262,Sergio Aguero.jpg,Sergio Aguero.jpg,1530334,different size: renamed to next free version -> Sergio Aguero 3.jpg
2026 FOOTBALLERS/SIMON MIGNOLET - BELGIUM.jpg,1498183,Simon Mignolet.jpg,Simon Mignolet.jpg,1517473,different size: renamed to next free version -> Simon Mignolet 2.jpg
2026 FOOTBALLERS/SPAIN (2).jpg,92233,Spain.jpg,Spain.jpg,1348219,different size: renamed to next free version -> Spain 2.jpg
2026 FOOTBALLERS/Steven gerard.jpg,1914000,Steven Gerrard.jpg,Steven Gerrard.jpg,2326767,different size: renamed to next free version -> Steven Gerrard 2.jpg
2026 FOOTBALLERS/STEVEN GERRARD - ENGLAND.jpg,955464,Steven Gerrard.jpg,Steven Gerrard.jpg,2326767,different size: renamed to next free version -> Steven Gerrard 3.jpg
2026 FOOTBALLERS/Steven Gerrard New Rangers Boss 2.jpg,3050122,Steven Gerrard 2.jpg,Steven Gerrard 2.jpg,1914000,different size: renamed to next free version -> Steven Gerrard 4.jpg
2026 FOOTBALLERS/Steven Gerrard New Rangers Boss.jpg,3169912,Steven Gerrard.jpg,Steven Gerrard.jpg,2326767,different size: renamed to next free version -> Steven Gerrard 5.jpg
2026 FOOTBALLERS/THEO WALCOTT COPY.jpg,321669,Theo Walcott.jpg,Theo Walcott.jpg,906128,different size: renamed to next free version -> Theo Walcott 2.jpg
2026 FOOTBALLERS/Theo Walcott- Arsenal.JPG,1844140,Theo Walcott.jpg,Theo Walcott.jpg,906128,different size: renamed to next free version -> Theo Walcott 3.jpg
2026 FOOTBALLERS/Thiago Silva Brazil.jpg,2535932,Thiago Silva.jpg,Thiago Silva.jpg,1278624,different size: renamed to next free version -> Thiago Silva 2.jpg
2026 FOOTBALLERS/Thiago_Silva__83019.jpg,166196,Thiago Silva.jpg,Thiago Silva.jpg,1278624,different size: renamed to next free version -> Thiago Silva 3.jpg
2026 FOOTBALLERS/Vincent Kompany  Manchester City.jpg,868745,Vincent Kompany.jpg,Vincent Kompany.jpg,2799468,different size: renamed to next free version -> Vincent Kompany 2.jpg
2026 FOOTBALLERS/VINCENT KOMPANY - BELGIUM.jpg,1244876,Vincent Kompany.jpg,Vincent Kompany.jpg,2799468,different size: renamed to next free version -> Vincent Kompany 3.jpg
2026 FOOTBALLERS/WAYNE ROONEY - ENGLAND.jpg,1461106,Wayne Rooney.jpg,Wayne Rooney.jpg,2863284,different size: renamed to next free version -> Wayne Rooney 2.jpg
2026 FOOTBALLERS/Wayne Rooney 2013.jpg,2925926,Wayne Rooney.jpg,Wayne Rooney.jpg,2863284,different size: renamed to next free version -> Wayne Rooney 3.jpg
2026 FOOTBALLERS/xavi1 Barcelona Footballer.jpg,870593,Xavi.jpg,Xavi.jpg,1632426,different size: renamed to next free version -> Xavi 2.jpg
2026 FOOTBALLERS/Yaya Toure (2).jpg,3756684,Yaya Toure.jpg,Yaya Toure.jpg,1164343,different size: renamed to next free version -> Yaya Toure 2.jpg
2026 FOOTBALLERS/Yaya Toure Manchester City.jpg,1652201,Yaya Toure.jpg,Yaya Toure.jpg,1164343,different size: renamed to next free version -> Yaya Toure 3.jpg
2026 FOOTBALLERS/Zlatan Ibrahimovic Footballer.jpg,227472,Zlatan Ibrahimovic.jpg,Zlatan Ibrahimovic.jpg,2397378,different size: renamed to next free version -> Zlatan Ibrahimovic 2.jpg
2026 MOVIE STARS/Aaron Paul (2).jpg,2367881,Aaron Paul.jpg,Aaron Paul.jpg,2681796,different size: renamed to next free version -> Aaron Paul 2.jpg
2026 MOVIE STARS/AARON PAUL (3).jpg,1577051,Aaron Paul.jpg,Aaron Paul.jpg,2681796,different size: renamed to next free version -> Aaron Paul 3.jpg
2026 MOVIE STARS/Abbie Cornish  MH.jpg,1849910,Abbie Cornish MH.jpg,Abbie Cornish MH.jpg,2388602,different size: renamed to next free version -> Abbie Cornish 3 MH.jpg
2026 MOVIE STARS/Adam-Driver-Whos-Dated-Who.jpg,2037177,Adam Driver Whos Dated Who.jpg,Adam Driver Whos Dated Who.jpg,2037177,same name and same size already in folder: left unrenamed
2026 MOVIE STARS/AIDAN GILLEN - PETYR BAELISH - GAME OF THRONES.jpg,1096013,Aidan Gillen.jpg,Aidan Gillen.jpg,468361,different size: renamed to next free version -> Aidan Gillen 2.jpg
2026 MOVIE STARS/Alden_Ehrenreich.jpg,2135164,Alden Ehrenreich.jpg,Alden Ehrenreich.jpg,2135164,same name and same size already in folder: left unrenamed
2026 MOVIE STARS/Alec Baldwin (2).jpg,2538471,Alec Baldwin.jpg,Alec Baldwin.jpg,2218671,different size: renamed to next free version -> Alec Baldwin 2.jpg
2026 MOVIE STARS/Alexander Skarsgård.jpg,1870484,Alexander Skarsgard.jpg,Alexander Skarsgard.jpg,2121671,different size: renamed to next free version -> Alexander Skarsgard 2.jpg
2026 MOVIE STARS/alexandr Sex and The City.jpg,1949710,Alexandr (Sex and the City).jpg,Alexandr (Sex and the City).jpg,1949710,same name and same size already in folder: left unrenamed
2026 MOVIE STARS/Alexandra Daddario (2).jpg,1461069,Alexandra Daddario.jpg,Alexandra Daddario.jpg,2183401,different size: renamed to next free version -> Alexandra Daddario 2.jpg
2026 MOVIE STARS/ALFIE ALLEN - THEON GREYJOY - GAME OF THRONES.jpg,1475113,Alfie Allen.jpg,Alfie Allen.jpg,504610,different size: renamed to next free version -> Alfie Allen 2.jpg
2026 MOVIE STARS/ALI LARTER (2).jpg,1073794,Ali Larter.jpg,Ali Larter.jpg,2544725,different size: renamed to next free version -> Ali Larter 2.jpg
2026 MOVIE STARS/Amanda Steele 2016 NEW.jpg,2870131,Amanda Steele.jpg,Amanda Steele.jpg,2532705,different size: renamed to next free version -> Amanda Steele 2.jpg
2026 MOVIE STARS/Amanda Steele NEW.jpg,2870131,Amanda Steele.jpg,Amanda Steele 2.jpg,2870131,same size as an existing numbered version: left unrenamed
2026 MOVIE STARS/Amy Adams MH (2).jpg,2220227,Amy Adams MH.jpg,Amy Adams MH.jpg,3784584,different size: renamed to next free version -> Amy Adams 2 MH.jpg
2026 MOVIE STARS/Amy Willerton (2).jpg,550903,Amy Willerton.jpg,Amy Willerton.jpg,2889956,different size: renamed to next free version -> Amy Willerton 2.jpg
2026 MOVIE STARS/Amy-Leigh Hickman.jpg,432886,Amy Leigh Hickman.jpg,Amy Leigh Hickman.jpg,382922,different size: renamed to next free version -> Amy Leigh Hickman 2.jpg
2026 MOVIE STARS/Andy-Garcia.jpg,854568,Andy Garcia.jpg,Andy Garcia.jpg,3224467,different size: renamed to next free version -> Andy Garcia 2.jpg
2026 MOVIE STARS/Angelina Jolie MINT.JPG,2289348,Angelina Jolie.jpg,Angelina Jolie.jpg,2289348,same name and same size already in folder: left unrenamed
2026 MOVIE STARS/Anna Chlumsky (2).jpg,2558665,Anna Chlumsky.jpg,Anna Chlumsky.jpg,2391889,different size: renamed to next free version -> Anna Chlumsky 2.jpg
2026 MOVIE STARS/anna faris (2).jpg,463595,Anna Faris.jpg,Anna Faris.jpg,2418587,different size: renamed to next free version -> Anna Faris 2.jpg
2026 MOVIE STARS/anna-paquin-08.jpg,3004745,Anna Paquin 8.jpg,Anna Paquin 8.jpg,3004745,same name and same size already in folder: left unrenamed
2026 MOVIE STARS/AnnaLynne McCord MH.jpg,2567842,Anna Lynne McCord MH.jpg,Anna Lynne McCord MH.jpg,2263884,different size: renamed to next free version -> Anna Lynne McCord 2 MH.jpg
2026 MOVIE STARS/Anne Hathaway  MH (2).jpg,2212561,Anne Hathaway MH.jpg,Anne Hathaway MH.jpg,2173655,different size: renamed to next free version -> Anne Hathaway 2 MH.jpg
2026 MOVIE STARS/Anne Hathaway  MH (3).jpg,2654182,Anne Hathaway MH.jpg,Anne Hathaway MH.jpg,2173655,different size: renamed to next free version -> Anne Hathaway 3 MH.jpg
2026 MOVIE STARS/Anne Hathaway  MH.jpg,1941300,Anne Hathaway MH.jpg,Anne Hathaway MH.jpg,2173655,different size: renamed to next free version -> Anne Hathaway 4 MH.jpg
2026 MOVIE STARS/Ashton Kutchar.JPG,3184659,Ashton Kutcher.jpg,Ashton Kutcher.jpg,2717113,different size: renamed to next free version -> Ashton Kutcher 2.jpg
2026 MOVIE STARS/AustinPowers_125Pyxurz.jpg,323576,Austin Powers.jpg,Austin Powers.jpg,1956769,different size: renamed to next free version -> Austin Powers 2.jpg
2026 MOVIE STARS/Azita Ghanizad MH (2).jpg,3164290,Azita Ghanizad MH.jpg,Azita Ghanizad MH.jpg,2649192,different size: renamed to next free version -> Azita Ghanizad 2 MH.jpg
2026 MOVIE STARS/Bar Refaeli MH (2).jpg,2754269,Bar Refaeli MH.jpg,Bar Refaeli MH.jpg,2684911,different size: renamed to next free version -> Bar Refaeli 2 MH.jpg
2026 MOVIE STARS/Ben Affleck (2).jpg,9164431,Ben Affleck.jpg,Ben Affleck.jpg,2235165,different size: renamed to next free version -> Ben Affleck 2.jpg
2026 MOVIE STARS/Beth Behrs 2015.jpg,2548701,Beth Behrs.jpg,Beth Behrs.jpg,3332337,different size: renamed to next free version -> Beth Behrs 2.jpg
2026 MOVIE STARS/Beth Behrs 2016.jpg,3332337,Beth Behrs.jpg,Beth Behrs.jpg,3332337,same name and same size already in folder: left unrenamed
2026 MOVIE STARS/BLAKE LIVELY (2).jpg,1156220,Blake Lively.jpg,Blake Lively.jpg,833106,different size: renamed to next free version -> Blake Lively 2.jpg
2026 MOVIE STARS/blake lively (3).jpg,356521,Blake Lively.jpg,Blake Lively.jpg,833106,different size: renamed to next free version -> Blake Lively 3.jpg
2026 MOVIE STARS/Brad pitt 2015.jpg,262890,Brad Pitt.jpg,Brad Pitt.jpg,1138647,different size: renamed to next free version -> Brad Pitt 2.jpg
2026 MOVIE STARS/Bradd Pitt MOVIE.jpg,1138647,Brad Pitt.jpg,Brad Pitt.jpg,1138647,same name and same size already in folder: left unrenamed
2026 MOVIE STARS/Bradley Cooper 2015.jpg,279728,Bradley Cooper.jpg,Bradley Cooper.jpg,3643721,different size: renamed to next free version -> Bradley Cooper 2.jpg
2026 MOVIE STARS/Breaking bad Walter White.JPG,2223137,Walter White.jpg,Walter White.jpg,2522623,different size: renamed to next free version -> Walter White 2.jpg
2026 MOVIE STARS/Bridget Regan 635 HQ-UHQ.jpg,3463724,Bridget Regan.jpg,Bridget Regan.jpg,3463724,same name and same size already in folder: left unrenamed
2026 MOVIE STARS/Brittany Snow (2).jpg,3465382,Brittany Snow.jpg,Brittany Snow.jpg,2148828,different size: renamed to next free version -> Brittany Snow 2.jpg
2026 MOVIE STARS/Bruce_Lee_Movie_2016__74902.jpg,212463,Bruce Lee.jpg,Bruce Lee.jpg,1889559,different size: renamed to next free version -> Bruce Lee 2.jpg
2026 MOVIE STARS/Candace Cameron-Bure.jpg,2304637,Candace Cameron Bure.jpg,Candace Cameron Bure.jpg,2304637,same name and same size already in folder: left unrenamed
2026 MOVIE STARS/carey mulligan MH (2).jpg,2348525,Carey Mulligan MH.jpg,Carey Mulligan MH.jpg,2004224,different size: renamed to next free version -> Carey Mulligan 2 MH.jpg
2026 MOVIE STARS/Carrie Keagan (2).jpg,2271148,Carrie Keagan.jpg,Carrie Keagan.jpg,1803612,different size: renamed to next free version -> Carrie Keagan 2.jpg
2026 MOVIE STARS/channing-tatum.jpg,188960,Channing Tatum.jpg,Channing Tatum.jpg,2353506,different size: renamed to next free version -> Channing Tatum 2.jpg
2026 MOVIE STARS/CHARLIE HUNNAM (2).jpg,1198524,Charlie Hunnam.jpg,Charlie Hunnam.jpg,1783399,different size: renamed to next free version -> Charlie Hunnam 2.jpg
2026 MOVIE STARS/CHARLIE HUNNAM (3).jpg,1198524,Charlie Hunnam.jpg,Charlie Hunnam 2.jpg,1198524,same size as an existing numbered version: left unrenamed
2026 MOVIE STARS/Charlie Sheen (2).jpg,294712,Charlie Sheen.jpg,Charlie Sheen.jpg,294712,same name and same size already in folder: left unrenamed
2026 MOVIE STARS/Charlize Theron (2).jpg,406357,Charlize Theron.jpg,Charlize Theron.jpg,1172420,different size: renamed to next free version -> Charlize Theron 2.jpg
2026 MOVIE STARS/Charlize Theron (3).jpg,3261474,Charlize Theron.jpg,Charlize Theron.jpg,1172420,different size: renamed to next free version -> Charlize Theron 3.jpg
2026 MOVIE STARS/Chloe Sevigny 2016 CPDVD.jpg,3867226,Chloe Sevigny.jpg,Chloe Sevigny.jpg,2410855,different size: renamed to next free version -> Chloe Sevigny 2.jpg
2026 MOVIE STARS/Chloe Sevigny CPDVD.jpg,3867226,Chloe Sevigny.jpg,Chloe Sevigny 2.jpg,3867226,same size as an existing numbered version: left unrenamed
2026 MOVIE STARS/CHRIS HEMSWORTH (2).jpg,1393949,Chris Hemsworth.jpg,Chris Hemsworth.jpg,3151128,different size: renamed to next free version -> Chris Hemsworth 2.jpg
2026 MOVIE STARS/Chris Pine 2014.jpg,1548083,Chris Pine.jpg,Chris Pine.jpg,585660,different size: renamed to next free version -> Chris Pine 2.jpg
2026 MOVIE STARS/CHRIS PRATT (2).jpg,1092464,Chris Pratt.jpg,Chris Pratt.jpg,2703871,different size: renamed to next free version -> Chris Pratt 2.jpg
2026 MOVIE STARS/chris pratt (3).jpg,1459912,Chris Pratt.jpg,Chris Pratt.jpg,2703871,different size: renamed to next free version -> Chris Pratt 3.jpg
2026 MOVIE STARS/Chris Pratt].jpeg,528985,Chris Pratt.jpeg,Chris Pratt.jpeg,528985,same name and same size already in folder: left unrenamed
2026 MOVIE STARS/Chris Tucker 2013.jpg,578648,Chris Tucker.jpg,Chris Tucker.jpg,1877517,different size: renamed to next free version -> Chris Tucker 2.jpg
2026 MOVIE STARS/Chris-Hemsworth.jpg,3282657,Chris Hemsworth.jpg,Chris Hemsworth.jpg,3151128,different size: renamed to next free version -> Chris Hemsworth 3.jpg
2026 MOVIE STARS/chris-tucker.jpg,1877517,Chris Tucker.jpg,Chris Tucker.jpg,1877517,same name and same size already in folder: left unrenamed
2026 MOVIE STARS/Christian Bale  MH.jpg,1757982,Christian Bale MH.jpg,Christian Bale MH.jpg,2138091,different size: renamed to next free version -> Christian Bale 2 MH.jpg
2026 MOVIE STARS/christoph waltz (2).jpg,448466,Christoph Waltz.jpg,Christoph Waltz.jpg,577495,different size: renamed to next free version -> Christoph Waltz 2.jpg
2026 MOVIE STARS/Chuck Norris New.jpg,1197012,Chuck Norris.jpg,Chuck Norris.jpg,1679716,different size: renamed to next free version -> Chuck Norris 2.jpg
2026 MOVIE STARS/Chuck Norris2.jpg,9087917,Chuck Norris 2.jpg,Chuck Norris 2.jpg,1197012,different size: renamed to next free version -> Chuck Norris 3.jpg
2026 MOVIE STARS/Chuck-Norris.jpg,2230108,Chuck Norris.jpg,Chuck Norris.jpg,1679716,different size: renamed to next free version -> Chuck Norris 4.jpg
2026 MOVIE STARS/cindy-crawford.jpg,2569885,Cindy Crawford.jpg,Cindy Crawford.jpg,2569885,same name and same size already in folder: left unrenamed
2026 MOVIE STARS/Clark Gregg New 08 2016.jpg,2476637,Clark Gregg 8.jpg,Clark Gregg 8.jpg,2476637,same name and same size already in folder: left unrenamed
2026 MOVIE STARS/Cobie Smulders New.jpg,2380394,Cobie Smulders.jpg,Cobie Smulders.jpg,2380394,same name and same size already in folder: left unrenamed
2026 MOVIE STARS/Coco Austin (2).jpg,731841,Coco Austin.jpg,Coco Austin.jpg,2891482,different size: renamed to next free version -> Coco Austin 2.jpg
2026 MOVIE STARS/Colin Farrel (2).jpg,1529394,Colin Farrel.jpg,Colin Farrel.jpg,1529394,same name and same size already in folder: left unrenamed
2026 MOVIE STARS/colin firth (2).JPG,2179121,Colin Firth.jpg,Colin Firth.jpg,2179121,same name and same size already in folder: left unrenamed
2026 MOVIE STARS/Daisy-Ridley.jpg,1630385,Daisy Ridley.jpg,Daisy Ridley.jpg,1545662,different size: renamed to next free version -> Daisy Ridley 3.jpg
2026 MOVIE STARS/Daisy_Ridley.jpg,2248357,Daisy Ridley.jpg,Daisy Ridley 2.jpg,2248357,same size as an existing numbered version: left unrenamed
2026 MOVIE STARS/Daniel Craig - James Bond Actor.jpg,2502638,Daniel Craig.jpg,Daniel Craig.jpg,1901261,different size: renamed to next free version -> Daniel Craig 3.jpg
2026 MOVIE STARS/danielle-campbell.jpg,1969412,Danielle Campbell.jpg,Danielle Campbell.jpg,1969412,same name and same size already in folder: left unrenamed
2026 MOVIE STARS/Danniel Radcliffe .jpg,2522722,Daniel Radcliffe.jpg,Daniel Radcliffe.jpg,4102962,different size: renamed to next free version -> Daniel Radcliffe 2.jpg
2026 MOVIE STARS/Danniel Radcliffe 2016.jpg,2522722,Daniel Radcliffe.jpg,Daniel Radcliffe 2.jpg,2522722,same size as an existing numbered version: left unrenamed
2026 MOVIE STARS/Danny DeVito Movie.jpg,2690374,Danny DeVito.jpg,Danny DeVito.jpg,2716601,different size: renamed to next free version -> Danny DeVito 2.jpg
2026 MOVIE STARS/David Hasslehoff (2).jpg,1785229,David Hasselhoff.jpg,David Hasselhoff.jpg,2521099,different size: renamed to next free version -> David Hasselhoff 2.jpg
2026 MOVIE STARS/David Hasslehoff.jpg,1785229,David Hasselhoff.jpg,David Hasselhoff 2.jpg,1785229,same size as an existing numbered version: left unrenamed
2026 MOVIE STARS/dean martin 2018.jpg,926378,Dean Martin.jpg,Dean Martin.jpg,2052054,different size: renamed to next free version -> Dean Martin 2.jpg
2026 MOVIE STARS/dennis quiad.jpg,1274637,Dennis Quaid.jpg,Dennis Quaid.jpg,2404617,different size: renamed to next free version -> Dennis Quaid 2.jpg
2026 MOVIE STARS/Diane Kruger 2016 CPDVD.jpg,2367444,Diane Kruger.jpg,Diane Kruger.jpg,399292,different size: renamed to next free version -> Diane Kruger 2.jpg
2026 MOVIE STARS/Diane Kruger CPDVD.jpg,2367444,Diane Kruger.jpg,Diane Kruger 2.jpg,2367444,same size as an existing numbered version: left unrenamed
2026 MOVIE STARS/domonic cooper.jpg,486907,Dominic Cooper.jpg,Dominic Cooper.jpg,2535404,different size: renamed to next free version -> Dominic Cooper 2.jpg
2026 MOVIE STARS/Donald Sutherland (2).jpg,1212506,Donald Sutherland.jpg,Donald Sutherland.jpg,1210568,different size: renamed to next free version -> Donald Sutherland 2.jpg
2026 MOVIE STARS/dwayne johnson (2).jpg,5025434,Dwayne Johnson.jpg,Dwayne Johnson.jpg,3281305,different size: renamed to next free version -> Dwayne Johnson 2.jpg
2026 MOVIE STARS/Dwayne Johnson 2018.jpg,1786413,Dwayne Johnson.jpg,Dwayne Johnson.jpg,3281305,different size: renamed to next free version -> Dwayne Johnson 3.jpg
2026 MOVIE STARS/dwayne-johnson-929058l.jpg,5025434,Dwayne Johnson.jpg,Dwayne Johnson 2.jpg,5025434,same size as an existing numbered version: left unrenamed
2026 MOVIE STARS/Ed Helmsl 2016.jpg,2748186,Ed Helms.jpg,Ed Helms.jpg,2748186,same name and same size already in folder: left unrenamed
2026 MOVIE STARS/Eddie Murphy 2013.jpg,2459282,Eddie Murphy.jpg,Eddie Murphy.jpg,3794460,different size: renamed to next free version -> Eddie Murphy 2.jpg
2026 MOVIE STARS/EDDIE REDMAYNE (2) - Copy.jpg,1273294,Eddie Redmayne.jpg,Eddie Redmayne.jpg,784245,different size: renamed to next free version -> Eddie Redmayne 2.jpg
2026 MOVIE STARS/EDDIE REDMAYNE (2).jpg,1273294,Eddie Redmayne.jpg,Eddie Redmayne 2.jpg,1273294,same size as an existing numbered version: left unrenamed
2026 MOVIE STARS/Eddie Redmayne 2016 - Copy.jpg,288557,Eddie Redmayne.jpg,Eddie Redmayne.jpg,784245,different size: renamed to next free version -> Eddie Redmayne 3.jpg
2026 MOVIE STARS/Eddie Redmayne 2016.jpg,288557,Eddie Redmayne.jpg,Eddie Redmayne 3.jpg,288557,same size as an existing numbered version: left unrenamed
2026 MOVIE STARS/elizabeth Hurley 2016 CPDVD.jpg,3433729,Elizabeth Hurley.jpg,Elizabeth Hurley.jpg,677066,different size: renamed to next free version -> Elizabeth Hurley 2.jpg
2026 MOVIE STARS/elizabeth Hurley CPDVD.jpg,3433729,Elizabeth Hurley.jpg,Elizabeth Hurley 2.jpg,3433729,same size as an existing numbered version: left unrenamed
2026 MOVIE STARS/Emily Blunt MH (2).jpg,2459930,Emily Blunt MH.jpg,Emily Blunt MH.jpg,2623590,different size: renamed to next free version -> Emily Blunt 2 MH.jpg
2026 MOVIE STARS/Emma Clarke 2016.jpg,2026120,Emma Clarke.jpg,Emma Clarke.jpg,2026120,same name and same size already in folder: left unrenamed
2026 MOVIE STARS/Emma Stone MH (2).jpg,2587769,Emma Stone MH.jpg,Emma Stone MH.jpg,3377107,different size: renamed to next free version -> Emma Stone 2 MH.jpg
2026 MOVIE STARS/Emma stone promo MH.jpg,2503504,Emma Stone MH.jpg,Emma Stone MH.jpg,3377107,different size: renamed to next free version -> Emma Stone 3 MH.jpg
2026 MOVIE STARS/Emma Watson MH (2).jpg,1780920,Emma Watson MH.jpg,Emma Watson MH.jpg,2147743,different size: renamed to next free version -> Emma Watson 2 MH.jpg
2026 MOVIE STARS/ewan-mcgregor_sc_768x1024.jpg,3160201,Ewan McGregor Sc.jpg,Ewan McGregor Sc.jpg,3160201,same name and same size already in folder: left unrenamed
2026 MOVIE STARS/forrest-gump.jpg,1934160,Forrest Gump.jpg,Forrest Gump.jpg,1934160,same name and same size already in folder: left unrenamed
2026 MOVIE STARS/Gan fox MH.jpg,1759522,Megan Fox MH.jpg,Megan Fox MH.jpg,2239014,different size: renamed to next free version -> Megan Fox 2 MH.jpg
2026 MOVIE STARS/George Clooney (4).jpg,2049380,George Clooney.jpg,George Clooney.jpg,3041247,different size: renamed to next free version -> George Clooney 2.jpg
2026 MOVIE STARS/Gwyneth Paltrow 2018.jpg,1052699,Gwyneth Paltrow.jpg,Gwyneth Paltrow.jpg,3266672,different size: renamed to next free version -> Gwyneth Paltrow 2.jpg
2026 MOVIE STARS/Hayley Atwell MH (2).jpg,2163267,Hayley Atwell MH.jpg,Hayley Atwell MH.jpg,2896480,different size: renamed to next free version -> Hayley Atwell 2 MH.jpg
2026 MOVIE STARS/Hayley Atwell MH (3).jpg,2153534,Hayley Atwell MH.jpg,Hayley Atwell MH.jpg,2896480,different size: renamed to next free version -> Hayley Atwell 3 MH.jpg
2026 MOVIE STARS/Helen Mirren (2).jpg,2870777,Helen Mirren.jpg,Helen Mirren.jpg,1941972,different size: renamed to next free version -> Helen Mirren 2.jpg
2026 MOVIE STARS/Henry Cavill Movie stars 2018.jpg,207451,Henry Cavill.jpg,Henry Cavill.jpg,1184641,different size: renamed to next free version -> Henry Cavill 2.jpg
2026 MOVIE STARS/Holland Roden MH (2).jpg,2119020,Holland Roden MH.jpg,Holland Roden MH.jpg,2312234,different size: renamed to next free version -> Holland Roden 2 MH.jpg
2026 MOVIE STARS/Hugh Grant (2).jpg,512614,Hugh Grant.jpg,Hugh Grant.jpg,3161813,different size: renamed to next free version -> Hugh Grant 2.jpg
2026 MOVIE STARS/Hugh Jackman (2).jpg,3147346,Hugh Jackman.jpg,Hugh Jackman.jpg,636997,different size: renamed to next free version -> Hugh Jackman 2.jpg
2026 MOVIE STARS/Ian Mckellen - Xmen.jpg,11059465,Ian McKellen.jpg,Ian McKellen.jpg,687859,different size: renamed to next free version -> Ian McKellen 2.jpg
2026 MOVIE STARS/IAN SOMERHALDER (2).jpg,1778892,Ian Somerhalder.jpg,Ian Somerhalder.jpg,2297860,different size: renamed to next free version -> Ian Somerhalder 2.jpg
2026 MOVIE STARS/indianna jones BIG MASK.jpg,2328791,Indiana Jones.jpg,Indiana Jones.jpg,2145869,different size: renamed to next free version -> Indiana Jones 2.jpg
2026 MOVIE STARS/james-dean.jpg,2286659,James Dean.jpg,James Dean.jpg,2447962,different size: renamed to next free version -> James Dean 2.jpg
2026 MOVIE STARS/James-Stewart-1.jpg,2586094,James Stewart.jpg,James Stewart.jpg,2390927,different size: renamed to next free version -> James Stewart 2.jpg
2026 MOVIE STARS/jamie Dornan (2).jpg,663148,Jamie Dornan.jpg,Jamie Dornan.jpg,2860918,different size: renamed to next free version -> Jamie Dornan 2.jpg
2026 MOVIE STARS/JAMIE DORNAN BEARD (2).jpg,1478744,Jamie Dornan Beard.jpg,Jamie Dornan Beard.jpg,485458,different size: renamed to next free version -> Jamie Dornan Beard 2.jpg
2026 MOVIE STARS/jamie lee curtis MH (3).jpg,1742626,Jamie Lee Curtis MH.jpg,Jamie Lee Curtis MH.jpg,1929530,different size: renamed to next free version -> Jamie Lee Curtis 2 MH.jpg
2026 MOVIE STARS/Jared Leto (2).jpg,2886145,Jared Leto.jpg,Jared Leto.jpg,2327322,different size: renamed to next free version -> Jared Leto 2.jpg
2026 MOVIE STARS/Jared Leto (3).jpg,2886145,Jared Leto.jpg,Jared Leto 2.jpg,2886145,same size as an existing numbered version: left unrenamed
2026 MOVIE STARS/Jason Statham (2).JPG,2474424,Jason Statham.jpg,Jason Statham.jpg,3738434,different size: renamed to next free version -> Jason Statham 2.jpg
2026 MOVIE STARS/Jason Statham (3).jpg,2098926,Jason Statham.jpg,Jason Statham.jpg,3738434,different size: renamed to next free version -> Jason Statham 3.jpg
2026 MOVIE STARS/jennifer Connelly MH (2).jpg,3329706,Jennifer Connelly MH.jpg,Jennifer Connelly MH.jpg,2508088,different size: renamed to next free version -> Jennifer Connelly 2 MH.jpg
2026 MOVIE STARS/Jennifer Lopez MH (2).jpg,2793571,Jennifer Lopez MH.jpg,Jennifer Lopez MH.jpg,1674832,different size: renamed to next free version -> Jennifer Lopez 2 MH.jpg
2026 MOVIE STARS/Jennifer Lopez MH (3).jpg,2522285,Jennifer Lopez MH.jpg,Jennifer Lopez MH.jpg,1674832,different size: renamed to next free version -> Jennifer Lopez 3 MH.jpg
2026 MOVIE STARS/Jennifer Lopez Mh(4) 2018.jpg,318244,Jennifer Lopez MH.jpg,Jennifer Lopez MH.jpg,1674832,different size: renamed to next free version -> Jennifer Lopez 4 MH.jpg
2026 MOVIE STARS/Jennifer Morrison  MH.jpg,1965844,Jennifer Morrison MH.jpg,Jennifer Morrison MH.jpg,1837302,different size: renamed to next free version -> Jennifer Morrison 2 MH.jpg
2026 MOVIE STARS/jennyfar Lopz MH.jpg,3006441,Jennifer Lopez MH.jpg,Jennifer Lopez MH.jpg,1674832,different size: renamed to next free version -> Jennifer Lopez 5 MH.jpg
2026 MOVIE STARS/Jessica Alba MH (2).jpg,2176641,Jessica Alba MH.jpg,Jessica Alba MH.jpg,2118362,different size: renamed to next free version -> Jessica Alba 2 MH.jpg
2026 MOVIE STARS/jessica Beil 2016 CPDVD.jpg,3575354,Jessica Biel.jpg,Jessica Biel.jpg,329183,different size: renamed to next free version -> Jessica Biel 2.jpg
2026 MOVIE STARS/Jessica Chastain MH (2).jpg,2288993,Jessica Chastain MH.jpg,Jessica Chastain MH.jpg,3234496,different size: renamed to next free version -> Jessica Chastain 2 MH.jpg
2026 MOVIE STARS/jim carrey (2).jpg,1794386,Jim Carrey.jpg,Jim Carrey.jpg,2635531,different size: renamed to next free version -> Jim Carrey 2.jpg
2026 MOVIE STARS/john-candy.jpg,1362143,John Candy.jpg,John Candy.jpg,2166323,different size: renamed to next free version -> John Candy 2.jpg
2026 MOVIE STARS/John_Malkovich.jpg,2724779,John Malkovich.jpg,John Malkovich.jpg,235699,different size: renamed to next free version -> John Malkovich 2.jpg
2026 MOVIE STARS/Johnny Depp New.jpg,2890289,Johnny Depp.jpg,Johnny Depp.jpg,2890289,same name and same size already in folder: left unrenamed
2026 MOVIE STARS/Johnny Depp Tv Stars.jpg,3137712,Johnny Depp.jpg,Johnny Depp.jpg,2890289,different size: renamed to next free version -> Johnny Depp 2.jpg
2026 MOVIE STARS/Jonah Hill 2013.jpg,1889076,Jonah Hill.jpg,Jonah Hill.jpg,2499539,different size: renamed to next free version -> Jonah Hill 2.jpg
2026 MOVIE STARS/jonny depp.jpg,2128704,Johnny Depp.jpg,Johnny Depp.jpg,2890289,different size: renamed to next free version -> Johnny Depp 3.jpg
2026 MOVIE STARS/kate winslet new 2016.jpg,417175,Kate Winslet.jpg,Kate Winslet.jpg,1552530,different size: renamed to next free version -> Kate Winslet 2.jpg
2026 MOVIE STARS/Kate Winslett (3).jpg,2529581,Kate Winslet.jpg,Kate Winslet.jpg,1552530,different size: renamed to next free version -> Kate Winslet 3.jpg
2026 MOVIE STARS/kate-winslet-titanic.jpg,1551739,Kate Winslet.jpg,Kate Winslet.jpg,1552530,different size: renamed to next free version -> Kate Winslet 4.jpg
2026 MOVIE STARS/Keanu_Reeves.jpg,916414,Keanu Reeves.jpg,Keanu Reeves.jpg,2214933,different size: renamed to next free version -> Keanu Reeves 2.jpg
2026 MOVIE STARS/Keira Knightley 2016.jpg,2921539,Keira Knightley.jpg,Keira Knightley.jpg,2191815,different size: renamed to next free version -> Keira Knightley 2.jpg
2026 MOVIE STARS/Keira Knightley movies stars 2018.jpg,597643,Keira Knightley.jpg,Keira Knightley.jpg,2191815,different size: renamed to next free version -> Keira Knightley 3.jpg
2026 MOVIE STARS/KENNETH WILLIAMS CARRY ON.jpg,954759,Kenneth Williams.jpg,Kenneth Williams.jpg,1724942,different size: renamed to next free version -> Kenneth Williams 2.jpg
2026 MOVIE STARS/Kevin Costner (2).jpg,648383,Kevin Costner.jpg,Kevin Costner.jpg,2948548,different size: renamed to next free version -> Kevin Costner 2.jpg
2026 MOVIE STARS/Kevin Costner .jpg,2210060,Kevin Costner.jpg,Kevin Costner.jpg,2948548,different size: renamed to next free version -> Kevin Costner 3.jpg
2026 MOVIE STARS/Kevin Costner 2016.jpg,2210060,Kevin Costner.jpg,Kevin Costner 3.jpg,2210060,same size as an existing numbered version: left unrenamed
2026 MOVIE STARS/kevin hart MH (2).jpg,2055809,Kevin Hart MH.jpg,Kevin Hart MH.jpg,1693700,different size: renamed to next free version -> Kevin Hart 2 MH.jpg
2026 MOVIE STARS/Kevin Spacey (2).jpg,2064812,Kevin Spacey.jpg,Kevin Spacey.jpg,2344367,different size: renamed to next free version -> Kevin Spacey 2.jpg
2026 MOVIE STARS/Kevinh Hart NEW.jpg,2147993,Kevin Hart.jpg,Kevin Hart.jpg,2147993,same name and same size already in folder: left unrenamed
2026 MOVIE STARS/Kit harrington .jpg,2503897,Kit Harington.jpg,Kit Harington.jpg,1475592,different size: renamed to next free version -> Kit Harington 2.jpg
2026 MOVIE STARS/Kit harrington 2016.jpg,2503897,Kit Harington.jpg,Kit Harington 2.jpg,2503897,same size as an existing numbered version: left unrenamed
2026 MOVIE STARS/Kit Harrington TV Movie star.jpg,534293,Kit Harington.jpg,Kit Harington.jpg,1475592,different size: renamed to next free version -> Kit Harington 3.jpg
2026 MOVIE STARS/Kristanna Loken MH (2).jpg,2588029,Kristanna Loken MH.jpg,Kristanna Loken MH.jpg,2696360,different size: renamed to next free version -> Kristanna Loken 2 MH.jpg
2026 MOVIE STARS/Lacey Chabert MH (2).jpg,2431555,Lacey Chabert MH.jpg,Lacey Chabert MH.jpg,2288577,different size: renamed to next free version -> Lacey Chabert 2 MH.jpg
2026 MOVIE STARS/Lacey-Chabert MEAN GIRLS.jpg,1514887,Lacey Chabert.jpg,Lacey Chabert.jpg,2188091,different size: renamed to next free version -> Lacey Chabert 3.jpg
2026 MOVIE STARS/Leonardo DiCaprio - Young.jpg,1682428,Leonardo DiCaprio.jpg,Leonardo DiCaprio.jpg,320647,different size: renamed to next free version -> Leonardo DiCaprio 2.jpg
2026 MOVIE STARS/Leonardo DiCaprio 2013.jpg,1845385,Leonardo DiCaprio.jpg,Leonardo DiCaprio.jpg,320647,different size: renamed to next free version -> Leonardo DiCaprio 3.jpg
2026 MOVIE STARS/Liam Hemsworth (2).jpg,979635,Liam Hemsworth.jpg,Liam Hemsworth.jpg,979635,same name and same size already in folder: left unrenamed
2026 MOVIE STARS/Lindsay Lohan (2).jpg,2517263,Lindsay Lohan.jpg,Lindsay Lohan.jpg,292113,different size: renamed to next free version -> Lindsay Lohan 2.jpg
2026 MOVIE STARS/lindsay-lohan-Mean Girls.jpg,1622997,Lindsay Lohan.jpg,Lindsay Lohan.jpg,292113,different size: renamed to next free version -> Lindsay Lohan 3.jpg
2026 MOVIE STARS/LINDSAY-LOHAN.jpg,2474741,Lindsay Lohan.jpg,Lindsay Lohan.jpg,292113,different size: renamed to next free version -> Lindsay Lohan 4.jpg
2026 MOVIE STARS/Lynda Carter (2).jpg,2289313,Lynda Carter.jpg,Lynda Carter.jpg,211389,different size: renamed to next free version -> Lynda Carter 2.jpg
2026 MOVIE STARS/Marlon-Brando-Headshot.jpg,2137976,Marlon Brando.jpg,Marlon Brando.jpg,1027525,different size: renamed to next free version -> Marlon Brando 2.jpg
2026 MOVIE STARS/Marylin Monroe (2).jpg,2318867,Marilyn Monroe.jpg,Marilyn Monroe.jpg,1793987,different size: renamed to next free version -> Marilyn Monroe 2.jpg
2026 MOVIE STARS/Michael fassbender (4).JPG,3083278,Michael Fassbender.jpg,Michael Fassbender.jpg,2949731,different size: renamed to next free version -> Michael Fassbender 2.jpg
2026 MOVIE STARS/Milla Jovovich TV Stars.jpg,3457288,Milla Jovovich.jpg,Milla Jovovich.jpg,631225,different size: renamed to next free version -> Milla Jovovich 2.jpg
2026 MOVIE STARS/Ming Na Wen MH (2).jpg,2093583,Ming Na Wen MH.jpg,Ming Na Wen MH.jpg,2382064,different size: renamed to next free version -> Ming Na Wen 2 MH.jpg
2026 MOVIE STARS/Naomi Watts MH (2).jpg,2677856,Naomi Watts MH.jpg,Naomi Watts MH.jpg,3094145,different size: renamed to next free version -> Naomi Watts 2 MH.jpg
2026 MOVIE STARS/Naomi Watts MH (3).jpg,2401163,Naomi Watts MH.jpg,Naomi Watts MH.jpg,3094145,different size: renamed to next free version -> Naomi Watts 3 MH.jpg
2026 MOVIE STARS/Nicole Kidman .jpg,2532020,Nicole Kidman.jpg,Nicole Kidman.jpg,2155271,different size: renamed to next free version -> Nicole Kidman 2.jpg
2026 MOVIE STARS/Nicole-Kidman-2016.jpg,2532020,Nicole Kidman.jpg,Nicole Kidman 2.jpg,2532020,same size as an existing numbered version: left unrenamed
2026 MOVIE STARS/Oliver Hardy (2).jpg,305326,Oliver Hardy.jpg,Oliver Hardy.jpg,305326,same name and same size already in folder: left unrenamed
2026 MOVIE STARS/olivia newtonjohn.jpg,4383145,Olivia Newton John.jpg,Olivia Newton John.jpg,3257945,different size: renamed to next free version -> Olivia Newton John 2.jpg
2026 MOVIE STARS/Olivia Wilde MH (2).jpg,2537778,Olivia Wilde MH.jpg,Olivia Wilde MH.jpg,2531523,different size: renamed to next free version -> Olivia Wilde 2 MH.jpg
2026 MOVIE STARS/Olivia Wilde MH (3).jpg,1890886,Olivia Wilde MH.jpg,Olivia Wilde MH.jpg,2531523,different size: renamed to next free version -> Olivia Wilde 3 MH.jpg
2026 MOVIE STARS/ORLANDO BLOOM AUGUST 2011.jpg,3997582,Orlando Bloom.jpg,Orlando Bloom.jpg,2293253,different size: renamed to next free version -> Orlando Bloom 2.jpg
2026 MOVIE STARS/Patrick Swayze (2).jpg,2374194,Patrick Swayze.jpg,Patrick Swayze.jpg,2367007,different size: renamed to next free version -> Patrick Swayze 2.jpg
2026 MOVIE STARS/Pierce Brosnan - Bond.JPG,3487071,Pierce Brosnan.jpg,Pierce Brosnan.jpg,3487071,same name and same size already in folder: left unrenamed
2026 MOVIE STARS/Piers Brosnan - James Bond.JPG,2511549,Pierce Brosnan.jpg,Pierce Brosnan.jpg,3487071,different size: renamed to next free version -> Pierce Brosnan 2.jpg
2026 MOVIE STARS/RACHEL MCADAMS Mean Girls.jpg,1907398,Rachel McAdams.jpg,Rachel McAdams.jpg,1314948,different size: renamed to next free version -> Rachel McAdams 2.jpg
2026 MOVIE STARS/Rachel McAdams MH (2).jpg,2870247,Rachel McAdams MH.jpg,Rachel McAdams MH.jpg,2842197,different size: renamed to next free version -> Rachel McAdams 2 MH.jpg
2026 MOVIE STARS/Rambo new.jpg,1305458,Rambo.jpg,Rambo.jpg,774846,different size: renamed to next free version -> Rambo 2.jpg
2026 MOVIE STARS/Rebel Wilson (2).jpg,3301705,Rebel Wilson.jpg,Rebel Wilson.jpg,1033331,different size: renamed to next free version -> Rebel Wilson 2.jpg
2026 MOVIE STARS/Rebel Wilson - BOB.jpg,1087562,Rebel Wilson.jpg,Rebel Wilson.jpg,1033331,different size: renamed to next free version -> Rebel Wilson 3.jpg
2026 MOVIE STARS/Rebel Wilson - Fat Amy.JPG,338223,Rebel Wilson.jpg,Rebel Wilson.jpg,1033331,different size: renamed to next free version -> Rebel Wilson 4.jpg
2026 MOVIE STARS/Renee Zellwiger (2).jpg,1555271,Renee Zellwiger.jpg,Renee Zellwiger.jpg,1555271,same name and same size already in folder: left unrenamed
2026 MOVIE STARS/Richard_Gere.jpg,2122914,Richard Gere.jpg,Richard Gere.jpg,9521483,different size: renamed to next free version -> Richard Gere 2.jpg
2026 MOVIE STARS/Rob Lowe (2).jpg,490389,Rob Lowe.jpg,Rob Lowe.jpg,300036,different size: renamed to next free version -> Rob Lowe 2.jpg
2026 MOVIE STARS/Rose Byrne Movie Star.jpg,864551,Rose Byrne.jpg,Rose Byrne.jpg,2729649,different size: renamed to next free version -> Rose Byrne 2.jpg
2026 MOVIE STARS/Rose McGowan MH (2).jpg,2106592,Rose McGowan MH.jpg,Rose McGowan MH.jpg,2260718,different size: renamed to next free version -> Rose McGowan 2 MH.jpg
2026 MOVIE STARS/Russel Crowe.JPG,2549680,Russell Crowe.jpg,Russell Crowe.jpg,366701,different size: renamed to next free version -> Russell Crowe 2.jpg
2026 MOVIE STARS/Ryan Gosling (2).JPG,2141405,Ryan Gosling.jpg,Ryan Gosling.jpg,3423730,different size: renamed to next free version -> Ryan Gosling 2.jpg
2026 MOVIE STARS/RYAN GOSLING (3).jpg,1177426,Ryan Gosling.jpg,Ryan Gosling.jpg,3423730,different size: renamed to next free version -> Ryan Gosling 3.jpg
2026 MOVIE STARS/Ryan Reynolds - Green Lantern.jpg,2665510,Ryan Reynolds.jpg,Ryan Reynolds.jpg,3263910,different size: renamed to next free version -> Ryan Reynolds 2.jpg
2026 MOVIE STARS/Ryan Reynolds2.jpg,2864066,Ryan Reynolds 2.jpg,Ryan Reynolds 2.jpg,2665510,different size: renamed to next free version -> Ryan Reynolds 3.jpg
2026 MOVIE STARS/Sandra Bullock (2).jpg,2273298,Sandra Bullock.jpg,Sandra Bullock.jpg,2273298,same name and same size already in folder: left unrenamed
2026 MOVIE STARS/sarah hyland .jpg,2404333,Sarah Hyland.jpg,Sarah Hyland.jpg,2277014,different size: renamed to next free version -> Sarah Hyland 2.jpg
2026 MOVIE STARS/sarah hyland MH (2).jpg,2485171,Sarah Hyland MH.jpg,Sarah Hyland MH.jpg,2069537,different size: renamed to next free version -> Sarah Hyland 2 MH.jpg
2026 MOVIE STARS/Scarlett Johansson (3).jpg,2358010,Scarlett Johansson.jpg,Scarlett Johansson.jpg,729433,different size: renamed to next free version -> Scarlett Johansson 2.jpg
2026 MOVIE STARS/scarlette johanson (2).jpg,2423416,Scarlett Johansson.jpg,Scarlett Johansson.jpg,729433,different size: renamed to next free version -> Scarlett Johansson 3.jpg
2026 MOVIE STARS/Selena Gomez (2).jpg,2960489,Selena Gomez.jpg,Selena Gomez.jpg,2703313,different size: renamed to next free version -> Selena Gomez 2.jpg
2026 MOVIE STARS/Selena Gomez (3).jpg,1909206,Selena Gomez.jpg,Selena Gomez.jpg,2703313,different size: renamed to next free version -> Selena Gomez 3.jpg
2026 MOVIE STARS/simon-pegg-large-picture-761537081.jpg,280525,Simon Pegg.jpg,Simon Pegg.jpg,3098025,different size: renamed to next free version -> Simon Pegg 2.jpg
2026 MOVIE STARS/STALONE 2017.jpg,1341275,Sylvester Stallone.jpg,Sylvester Stallone.jpg,2334608,different size: renamed to next free version -> Sylvester Stallone 2.jpg
2026 MOVIE STARS/Tanya - Mamma mia.jpg,3420162,Tanya (Mamma Mia).jpg,Tanya (Mamma Mia).jpg,3420162,same name and same size already in folder: left unrenamed
2026 MOVIE STARS/The Joker - Heath Ledger.jpg,2273165,The Joker.jpg,The Joker.jpg,458351,different size: renamed to next free version -> The Joker 2.jpg
2026 MOVIE STARS/THE JOKER MASK.jpg,566387,The Joker.jpg,The Joker.jpg,458351,different size: renamed to next free version -> The Joker 3.jpg
2026 MOVIE STARS/TOM CRUISE 2017.jpg,457784,Tom Cruise.jpg,Tom Cruise.jpg,2299443,different size: renamed to next free version -> Tom Cruise 2.jpg
2026 MOVIE STARS/Tom Hardy (2).jpg,454988,Tom Hardy.jpg,Tom Hardy.jpg,454988,same name and same size already in folder: left unrenamed
2026 MOVIE STARS/Tom Hiddlestone Avengers MH (2).jpg,2018050,Tom Hiddleston MH.jpg,Tom Hiddleston MH.jpg,2159272,different size: renamed to next free version -> Tom Hiddleston 2 MH.jpg
2026 MOVIE STARS/Tom Hiddlestone Avengers MH.jpg,2018050,Tom Hiddleston MH.jpg,Tom Hiddleston 2 MH.jpg,2018050,same size as an existing numbered version: left unrenamed
2026 MOVIE STARS/Tom Hiddlestone MH.jpg,1629297,Tom Hiddleston MH.jpg,Tom Hiddleston MH.jpg,2159272,different size: renamed to next free version -> Tom Hiddleston 3 MH.jpg
2026 MOVIE STARS/Tony Stark - Iron Man.jpg,279089,Tony Stark.jpg,Tony Stark.jpg,415750,different size: renamed to next free version -> Tony Stark 2.jpg
2026 MOVIE STARS/Uma Thurman (2).jpg,2361213,Uma Thurman.jpg,Uma Thurman.jpg,2361213,same name and same size already in folder: left unrenamed
2026 MOVIE STARS/vigo mortensen.jpg,1722520,Viggo Mortensen.jpg,Viggo Mortensen.jpg,3203432,different size: renamed to next free version -> Viggo Mortensen 2.jpg
2026 MOVIE STARS/Vin Diesel (2).jpg,1829763,Vin Diesel.jpg,Vin Diesel.jpg,1829763,same name and same size already in folder: left unrenamed
2026 MOVIE STARS/vince vaughn (2).jpg,3192196,Vince Vaughn.jpg,Vince Vaughn.jpg,3224923,different size: renamed to next free version -> Vince Vaughn 2.jpg
2026 MOVIE STARS/vincent-vega-52886.jpg,1790618,Vincent Vega.jpg,Vincent Vega.jpg,1772860,different size: renamed to next free version -> Vincent Vega 3.jpg
2026 MOVIE STARS/Will Ferrel (2).jpg,3405869,Will Ferrel.jpg,Will Ferrel.jpg,3405869,same name and same size already in folder: left unrenamed
2026 MOVIE STARS/Will Smith 2012.JPG,2658997,Will Smith.jpg,Will Smith.jpg,2014253,different size: renamed to next free version -> Will Smith 2.jpg
2026 MOVIE STARS/Will Smith Bad Boys.jpg,236859,Will Smith.jpg,Will Smith.jpg,2014253,different size: renamed to next free version -> Will Smith 3.jpg
2026 MOVIE STARS/Woody Toy Story (3).jpg,1834628,Woody Toy Story.jpg,Woody Toy Story.jpg,1757540,different size: renamed to next free version -> Woody Toy Story 2.jpg
2026 MOVIE STARS/Yoday.JPG,383465,Yoda.jpg,Yoda.jpg,2504057,different size: renamed to next free version -> Yoda 2.jpg
2026 MOVIE STARS/YOUNG MEL GIBSON.jpg,360014,Mel Gibson Young.jpg,Mel Gibson Young.jpg,1823058,different size: renamed to next free version -> Mel Gibson Young 2.jpg
2026 MOVIE STARS/Zac Efron (2).jpg,2658600,Zac Efron.jpg,Zac Efron.jpg,840042,different size: renamed to next free version -> Zac Efron 2.jpg
2026 MOVIE STARS/Zac Efron (3).jpg,840042,Zac Efron.jpg,Zac Efron.jpg,840042,same name and same size already in folder: left unrenamed
2026 MOVIE STARS/Zac Efron 2018 Best.jpg,1797996,Zac Efron.jpg,Zac Efron.jpg,840042,different size: renamed to next free version -> Zac Efron 3.jpg
2026 MOVIE STARS/Zac Efron 2021.jpg,2159911,Zac Efron.jpg,Zac Efron.jpg,840042,different size: renamed to next free version -> Zac Efron 4.jpg
2026 MOVIE STARS/Zendaya (2).jpg,2061429,Zendaya.jpg,Zendaya.jpg,2475139,different size: renamed to next free version -> Zendaya 2.jpg
2026 MOVIE STARS/Zendaya (3).jpg,483132,Zendaya.jpg,Zendaya.jpg,2475139,different size: renamed to next free version -> Zendaya 3.jpg
2026 MOVIE STARS/zendaya .jpg,2156426,Zendaya.jpg,Zendaya.jpg,2475139,different size: renamed to next free version -> Zendaya 4.jpg
2026 MOVIE STARS/zendaya 2016.jpg,2156426,Zendaya.jpg,Zendaya 4.jpg,2156426,same size as an existing numbered version: left unrenamed
2026 MOVIE STARS/Zoe Saldana MH (2).jpg,2301520,Zoe Saldana MH.jpg,Zoe Saldana MH.jpg,2430548,different size: renamed to next free version -> Zoe Saldana 2 MH.jpg
2026 MOVIE STARS/Zoey Deutch MH (2).jpg,2488671,Zoey Deutch MH.jpg,Zoey Deutch MH.jpg,1857765,different size: renamed to next free version -> Zoey Deutch 2 MH.jpg
2026 MOVIE STARS/Mamma Mia/Mamma Mia-Julie Walters__15459.jpg,141822,Julie Walters.jpg,Julie Walters.jpg,1301809,different size: renamed to next free version -> Julie Walters 2.jpg
2026 MOVIE STARS/new facemasks oscars 2022/Jessie-Buckley.jpg,1494194,Jessie Buckley.jpg,Jessie Buckley.jpg,1250471,different size: renamed to next free version -> Jessie Buckley 2.jpg
2026 MOVIE STARS/new facemasks oscars 2022/Kristen-Stewart-2022.jpg,1249985,Kristen Stewart.jpg,Kristen Stewart.jpg,1006380,different size: renamed to next free version -> Kristen Stewart 2.jpg
2026 MUSIC/Adam Levine (2).jpg,1110342,Adam Levine.jpg,Adam Levine.jpg,3033993,different size: renamed to next free version -> Adam Levine 2.jpg
2026 MUSIC/adele 2020 Face.jpg,1022712,Adele.jpg,Adele.jpg,2779774,different size: renamed to next free version -> Adele 2.jpg
2026 MUSIC/ahley Roberts 2.jpg,1498752,Ashley Roberts 2.jpg,Ashley Roberts 2.jpg,1498752,same name and same size already in folder: left unrenamed
2026 MUSIC/AJ Mclean Back Street Boys.jpg,1835448,AJ McLean.jpg,AJ McLean.jpg,112113,different size: renamed to next free version -> AJ McLean 2.jpg
2026 MUSIC/amy whinehouse.jpg,2202474,Amy Winehouse.jpg,Amy Winehouse.jpg,2599090,different size: renamed to next free version -> Amy Winehouse 2.jpg
2026 MUSIC/Amy_Winehouse_MINT 2021.jpg,251631,Amy Winehouse.jpg,Amy Winehouse.jpg,2599090,different size: renamed to next free version -> Amy Winehouse 3.jpg
2026 MUSIC/andrew ridgely.jpg,2538519,Andrew Ridgeley.jpg,Andrew Ridgeley.jpg,2516005,different size: renamed to next free version -> Andrew Ridgeley 2.jpg
2026 MUSIC/Andrew-Lloyd-Webber.jpg,1863566,Andrew Lloyd Webber.jpg,Andrew Lloyd Webber.jpg,2123353,different size: renamed to next free version -> Andrew Lloyd Webber 2.jpg
2026 MUSIC/Ariana Grande (2).jpg,1852314,Ariana Grande.jpg,Ariana Grande.jpg,243506,different size: renamed to next free version -> Ariana Grande 2.jpg
2026 MUSIC/ariana grande 2020 Face.jpg,893265,Ariana Grande.jpg,Ariana Grande.jpg,243506,different size: renamed to next free version -> Ariana Grande 3.jpg
2026 MUSIC/bay city rollers1.jpg,1737450,Bay City Rollers.jpg,Bay City Rollers.jpg,2156421,different size: renamed to next free version -> Bay City Rollers 2.jpg
2026 MUSIC/bay city rollers2.jpg,1833805,Bay City Rollers 2.jpg,Bay City Rollers 2.jpg,1737450,different size: renamed to next free version -> Bay City Rollers 3.jpg
2026 MUSIC/bay city rollers3.jpg,2237332,Bay City Rollers 3.jpg,Bay City Rollers 3.jpg,1833805,different size: renamed to next free version -> Bay City Rollers 4.jpg
2026 MUSIC/bay city rollers4.jpg,2106688,Bay City Rollers 4.jpg,Bay City Rollers 4.jpg,2237332,different size: renamed to next free version -> Bay City Rollers 5.jpg
2026 MUSIC/bay city rollers5.jpg,2084529,Bay City Rollers 5.jpg,Bay City Rollers 5.jpg,2106688,different size: renamed to next free version -> Bay City Rollers 6.jpg
2026 MUSIC/bay city rollers6.jpg,2071686,Bay City Rollers 6.jpg,Bay City Rollers 6.jpg,2084529,different size: renamed to next free version -> Bay City Rollers 7.jpg
2026 MUSIC/bay-city-rollers.jpg,2156421,Bay City Rollers.jpg,Bay City Rollers.jpg,2156421,same name and same size already in folder: left unrenamed
2026 MUSIC/bay-city-rollers1.jpg,1737450,Bay City Rollers.jpg,Bay City Rollers 2.jpg,1737450,same size as an existing numbered version: left unrenamed
2026 MUSIC/bay-city-rollers2.jpg,1833805,Bay City Rollers 2.jpg,Bay City Rollers 3.jpg,1833805,same size as an existing numbered version: left unrenamed
2026 MUSIC/bay-city-rollers3.jpg,2237332,Bay City Rollers 3.jpg,Bay City Rollers 4.jpg,2237332,same size as an existing numbered version: left unrenamed
2026 MUSIC/bay-city-rollers4.jpg,2106688,Bay City Rollers 4.jpg,Bay City Rollers 5.jpg,2106688,same size as an existing numbered version: left unrenamed
2026 MUSIC/bay-city-rollers5.jpg,2084529,Bay City Rollers 5.jpg,Bay City Rollers 6.jpg,2084529,same size as an existing numbered version: left unrenamed
2026 MUSIC/bay-city-rollers6.jpg,2071686,Bay City Rollers 6.jpg,Bay City Rollers 7.jpg,2071686,same size as an existing numbered version: left unrenamed
2026 MUSIC/ben haenow (2).jpg,288568,Ben Haenow.jpg,Ben Haenow.jpg,305667,different size: renamed to next free version -> Ben Haenow 2.jpg
2026 MUSIC/Beyonce  JB.jpg,274881,Beyonce JB.jpg,Beyonce JB.jpg,143291,different size: renamed to next free version -> Beyonce 2 JB.jpg
2026 MUSIC/beyonce 2020 Face.jpg,1124801,Beyonce.jpg,Beyonce.jpg,1736398,different size: renamed to next free version -> Beyonce 2.jpg
2026 MUSIC/Bonnie Mckee (2).jpg,1711104,Bonnie McKee.jpg,Bonnie McKee.jpg,492157,different size: renamed to next free version -> Bonnie McKee 2.jpg
2026 MUSIC/Bono Fox-0995.jpg,2996976,Bono.jpg,Bono.jpg,2996976,same name and same size already in folder: left unrenamed
2026 MUSIC/brandy-norwood.jpg,2959448,Brandy Norwood.jpg,Brandy Norwood.jpg,2959448,same name and same size already in folder: left unrenamed
2026 MUSIC/Brian Littrell Back Street Boys.jpg,1514619,Brian Littrell.jpg,Brian Littrell.jpg,1501792,different size: renamed to next free version -> Brian Littrell 2.jpg
2026 MUSIC/Brian Mcfadden 2016.jpg,1933605,Brian McFadden.jpg,Brian McFadden.jpg,3782739,different size: renamed to next free version -> Brian McFadden 2.jpg
2026 MUSIC/camila cabello 2020 Face.jpg,1320435,Camila Cabello.jpg,Camila Cabello.jpg,1079422,different size: renamed to next free version -> Camila Cabello 2.jpg
2026 MUSIC/Carrie Underwood MH (2).jpg,2564641,Carrie Underwood MH.jpg,Carrie Underwood MH.jpg,1949565,different size: renamed to next free version -> Carrie Underwood 2 MH.jpg
2026 MUSIC/carrie underwood MH (3).jpg,1949565,Carrie Underwood MH.jpg,Carrie Underwood MH.jpg,1949565,same name and same size already in folder: left unrenamed
2026 MUSIC/celine dion (2).jpg,106063,Celine Dion.jpg,Celine Dion.jpg,2844842,different size: renamed to next free version -> Celine Dion 2.jpg
2026 MUSIC/Charlie Puth (2).jpg,1887983,Charlie Puth.jpg,Charlie Puth.jpg,1924726,different size: renamed to next free version -> Charlie Puth 2.jpg
2026 MUSIC/Charlotte Church (2).jpg,2886403,Charlotte Church.jpg,Charlotte Church.jpg,2013750,different size: renamed to next free version -> Charlotte Church 2.jpg
2026 MUSIC/Charlotte Church (3).jpg,2886403,Charlotte Church.jpg,Charlotte Church 2.jpg,2886403,same size as an existing numbered version: left unrenamed
2026 MUSIC/Cher - Music Star.JPG,835735,Cher.jpg,Cher.jpg,835735,same name and same size already in folder: left unrenamed
2026 MUSIC/Cheryl Cole (2).jpg,3504526,Cheryl Cole.jpg,Cheryl Cole.jpg,2839869,different size: renamed to next free version -> Cheryl Cole 2.jpg
2026 MUSIC/Christina Aguilera (2).jpg,2503033,Christina Aguilera.jpg,Christina Aguilera.jpg,2801352,different size: renamed to next free version -> Christina Aguilera 2.jpg
2026 MUSIC/Claire STEPS.jpg,3956723,Claire Richards.jpg,Claire Richards.jpg,1598797,different size: renamed to next free version -> Claire Richards 2.jpg
2026 MUSIC/Claire Steps2.jpg,995978,Claire Richards 2.jpg,Claire Richards 2.jpg,3956723,different size: renamed to next free version -> Claire Richards 3.jpg
2026 MUSIC/Daniel O Donnel.jpg,1035286,Daniel O'Donnell.jpg,Daniel O'Donnell.jpg,3591170,different size: renamed to next free version -> Daniel O'Donnell 2.jpg
2026 MUSIC/Dannii Minogue X Factor.JPG,2726591,Dannii Minogue.jpg,Dannii Minogue.jpg,2726591,same name and same size already in folder: left unrenamed
2026 MUSIC/Danny Jones - McFly (2).JPG,2188963,Danny Jones.jpg,Danny Jones.jpg,607898,different size: renamed to next free version -> Danny Jones 2.jpg
2026 MUSIC/Danny Jones - McFly.JPG,2188963,Danny Jones.jpg,Danny Jones 2.jpg,2188963,same size as an existing numbered version: left unrenamed
2026 MUSIC/DAVE-LEE-TRAVIS.jpg,1484996,Dave Lee Travis.jpg,Dave Lee Travis.jpg,2292661,different size: renamed to next free version -> Dave Lee Travis 2.jpg
2026 MUSIC/demi lovato 2020 Face.jpg,1054017,Demi Lovato.jpg,Demi Lovato.jpg,454270,different size: renamed to next free version -> Demi Lovato 2.jpg
2026 MUSIC/demi moore (2).jpg,472741,Demi Moore.jpg,Demi Moore.jpg,3136652,different size: renamed to next free version -> Demi Moore 2.jpg
2026 MUSIC/drake 2020 Face.jpg,814235,Drake.jpg,Drake.jpg,3364834,different size: renamed to next free version -> Drake 2.jpg
2026 MUSIC/Ed Sheeran (2).jpg,1438385,Ed Sheeran.jpg,Ed Sheeran.jpg,2251523,different size: renamed to next free version -> Ed Sheeran 2.jpg
2026 MUSIC/ED SHEERAN 2018.jpg,1979467,Ed Sheeran.jpg,Ed Sheeran.jpg,2251523,different size: renamed to next free version -> Ed Sheeran 3.jpg
2026 MUSIC/ed sheeran 2020 Face.jpg,2078696,Ed Sheeran.jpg,Ed Sheeran.jpg,2251523,different size: renamed to next free version -> Ed Sheeran 4.jpg
2026 MUSIC/Ed Sheeran New .jpg,2585317,Ed Sheeran.jpg,Ed Sheeran.jpg,2251523,different size: renamed to next free version -> Ed Sheeran 5.jpg
2026 MUSIC/Ed Sheeran New 2016.jpg,2585317,Ed Sheeran.jpg,Ed Sheeran 5.jpg,2585317,same size as an existing numbered version: left unrenamed
2026 MUSIC/Ed-Sheeran-1.jpg,507943,Ed Sheeran.jpg,Ed Sheeran.jpg,2251523,different size: renamed to next free version -> Ed Sheeran 6.jpg
2026 MUSIC/Eddie Izzard (2).jpg,2810492,Eddie Izzard.jpg,Eddie Izzard.jpg,679014,different size: renamed to next free version -> Eddie Izzard 2.jpg
2026 MUSIC/Ellie Goulding (2).jpg,2137164,Ellie Goulding.jpg,Ellie Goulding.jpg,1491699,different size: renamed to next free version -> Ellie Goulding 2.jpg
2026 MUSIC/Ellie Goulding .jpg,793331,Ellie Goulding.jpg,Ellie Goulding.jpg,1491699,different size: renamed to next free version -> Ellie Goulding 3.jpg
2026 MUSIC/ellie goulding 2020 Face.jpg,817176,Ellie Goulding.jpg,Ellie Goulding.jpg,1491699,different size: renamed to next free version -> Ellie Goulding 4.jpg
2026 MUSIC/Elton John 2012.JPG,2414498,Elton John.jpg,Elton John.jpg,10272145,different size: renamed to next free version -> Elton John 2.jpg
2026 MUSIC/Elvis Colour 2016.jpg,2105946,Elvis Colour.jpg,Elvis Colour.jpg,2105946,same name and same size already in folder: left unrenamed
2026 MUSIC/EMMA BUNTON 2018.jpg,776433,Emma Bunton.jpg,Emma Bunton.jpg,2366994,different size: renamed to next free version -> Emma Bunton 2.jpg
2026 MUSIC/Frankie Sandford - The Saturdays.JPG,2844902,Frankie Sandford.jpg,Frankie Sandford.jpg,1698683,different size: renamed to next free version -> Frankie Sandford 2.jpg
2026 MUSIC/Geaorge Harrison - Beatles.jpg,5532519,George Harrison.jpg,George Harrison.jpg,1329944,different size: renamed to next free version -> George Harrison 2.jpg
2026 MUSIC/George Michael 2013.jpg,1183032,George Michael.jpg,George Michael.jpg,2403740,different size: renamed to next free version -> George Michael 2.jpg
2026 MUSIC/Geri Halliwell (2).jpg,2655535,Geri Halliwell.jpg,Geri Halliwell.jpg,2217722,different size: renamed to next free version -> Geri Halliwell 3.jpg
2026 MUSIC/Geri Halliwell (3).jpg,2655535,Geri Halliwell.jpg,Geri Halliwell 3.jpg,2655535,same size as an existing numbered version: left unrenamed
2026 MUSIC/GERI HALLIWELL 2 (2).jpg,744145,Geri Halliwell 2.jpg,Geri Halliwell 2.jpg,744145,same name and same size already in folder: left unrenamed
2026 MUSIC/Geri Halliwell 2012.JPG,2408502,Geri Halliwell.jpg,Geri Halliwell.jpg,2217722,different size: renamed to next free version -> Geri Halliwell 4.jpg
2026 MUSIC/Girls Aloud Sarah Harding.jpg,2625885,Sarah Harding.jpg,Sarah Harding.jpg,1015090,different size: renamed to next free version -> Sarah Harding 2.jpg
2026 MUSIC/Harry Styles Face Mask (2).JPG,2524218,Harry Styles.jpg,Harry Styles.jpg,1501156,different size: renamed to next free version -> Harry Styles 2.jpg
2026 MUSIC/Harry Styles Face Mask.JPG,2524218,Harry Styles.jpg,Harry Styles 2.jpg,2524218,same size as an existing numbered version: left unrenamed
2026 MUSIC/Heather Small Mirander.JPG,2104280,Heather Small.jpg,Heather Small.jpg,2377958,different size: renamed to next free version -> Heather Small 2.jpg
2026 MUSIC/ian brown - stone roses.jpg,2428995,Ian Brown.jpg,Ian Brown.jpg,2162803,different size: renamed to next free version -> Ian Brown 2.jpg
2026 MUSIC/Iggy Pop (2).jpg,2551317,Iggy Pop.jpg,Iggy Pop.jpg,2341937,different size: renamed to next free version -> Iggy Pop 2.jpg
2026 MUSIC/james brown (1).jpg,3591297,James Brown.jpg,James Brown.jpg,3563383,different size: renamed to next free version -> James Brown 2.jpg
2026 MUSIC/jay_mcguiness_.jpg,159065,Jay McGuiness.jpg,Jay McGuiness.jpg,2913396,different size: renamed to next free version -> Jay McGuiness 2.jpg
2026 MUSIC/Jedward Edward 2013 (2).jpg,1817454,Edward (Jedward).jpg,Edward (Jedward).jpg,2415863,different size: renamed to next free version -> Edward (Jedward) 2.jpg
2026 MUSIC/jesy nelson 2020 Face.jpg,938882,Jesy Nelson.jpg,Jesy Nelson.jpg,2775656,different size: renamed to next free version -> Jesy Nelson 2.jpg
2026 MUSIC/jimmy_osmond__.jpg,136490,Jimmy Osmond.jpg,Jimmy Osmond.jpg,2562007,different size: renamed to next free version -> Jimmy Osmond 2.jpg
2026 MUSIC/john - Jedward.jpg,2329145,John (Jedward).jpg,John (Jedward).jpg,1835149,different size: renamed to next free version -> John (Jedward) 2.jpg
2026 MUSIC/John Lennon - Beatles.jpg,5775785,John Lennon.jpg,John Lennon.jpg,5782396,different size: renamed to next free version -> John Lennon 2.jpg
2026 MUSIC/John Lennon - Colour.jpg,4592376,John Lennon.jpg,John Lennon.jpg,5782396,different size: renamed to next free version -> John Lennon 3.jpg
2026 MUSIC/Justin Beiber 2011.jpg,2256899,Justin Bieber.jpg,Justin Bieber.jpg,878865,different size: renamed to next free version -> Justin Bieber 2.jpg
2026 MUSIC/justin bieber 2020 Face.jpg,1194963,Justin Bieber.jpg,Justin Bieber.jpg,878865,different size: renamed to next free version -> Justin Bieber 3.jpg
2026 MUSIC/justin bieber MINT 2013 Music.jpg,2787177,Justin Bieber.jpg,Justin Bieber.jpg,878865,different size: renamed to next free version -> Justin Bieber 4.jpg
2026 MUSIC/Justin Bieber Tv stars 2021-Fox-0986.jpg,168300,Justin Bieber.jpg,Justin Bieber.jpg,878865,different size: renamed to next free version -> Justin Bieber 5.jpg
2026 MUSIC/Justin Timberlake (2).jpg,2857693,Justin Timberlake.jpg,Justin Timberlake.jpg,2457005,different size: renamed to next free version -> Justin Timberlake 2.jpg
2026 MUSIC/Justin Timberlake (3).JPG,1666655,Justin Timberlake.jpg,Justin Timberlake.jpg,2457005,different size: renamed to next free version -> Justin Timberlake 3.jpg
2026 MUSIC/Kanye West (2).JPG,1967696,Kanye West.jpg,Kanye West.jpg,1890087,different size: renamed to next free version -> Kanye West 2.jpg
2026 MUSIC/kanye west 2020 Face.jpg,724491,Kanye West.jpg,Kanye West.jpg,1890087,different size: renamed to next free version -> Kanye West 3.jpg
2026 MUSIC/Kanye-West-music-star.jpg,515697,Kanye West.jpg,Kanye West.jpg,1890087,different size: renamed to next free version -> Kanye West 4.jpg
2026 MUSIC/Kate-Bush.jpg,772482,Kate Bush.jpg,Kate Bush.jpg,420282,different size: renamed to next free version -> Kate Bush 2.jpg
2026 MUSIC/Katherine Jenkins (2).jpg,2629028,Katherine Jenkins.jpg,Katherine Jenkins.jpg,2380095,different size: renamed to next free version -> Katherine Jenkins 2.jpg
2026 MUSIC/katy perry MH (2).jpg,1862297,Katy Perry MH.jpg,Katy Perry MH.jpg,131630,different size: renamed to next free version -> Katy Perry 2 MH.jpg
2026 MUSIC/Keith Richards (2).jpg,1218421,Keith Richards.jpg,Keith Richards.jpg,3014553,different size: renamed to next free version -> Keith Richards 2.jpg
2026 MUSIC/Kelly Osbourne - Blonde.JPG,2253726,Kelly Osbourne.jpg,Kelly Osbourne.jpg,2221461,different size: renamed to next free version -> Kelly Osbourne 2.jpg
2026 MUSIC/kellyosbourne NEW.jpg,2221461,Kelly Osbourne.jpg,Kelly Osbourne.jpg,2221461,same name and same size already in folder: left unrenamed
2026 MUSIC/Kesha Sebert MH (2).jpg,2909774,Kesha Sebert MH.jpg,Kesha Sebert MH.jpg,2563610,different size: renamed to next free version -> Kesha Sebert 2 MH.jpg
2026 MUSIC/Kesha Sebert MH (3).jpg,3028053,Kesha Sebert MH.jpg,Kesha Sebert MH.jpg,2563610,different size: renamed to next free version -> Kesha Sebert 3 MH.jpg
2026 MUSIC/kevin richardson Back Street Boys (2).jpg,1685040,Kevin Richardson.jpg,Kevin Richardson.jpg,266203,different size: renamed to next free version -> Kevin Richardson 2.jpg
2026 MUSIC/Kurt_cobain_rolling_stone_cover.jpg,2353524,Kurt Cobain.jpg,Kurt Cobain 2.jpg,2353524,same size as an existing numbered version: left unrenamed
2026 MUSIC/Kylie Minogue (2).jpg,2106814,Kylie Minogue.jpg,Kylie Minogue.jpg,2544936,different size: renamed to next free version -> Kylie Minogue 2.jpg
2026 MUSIC/kylie minogue 2 2020 Face.jpg,1024062,Kylie Minogue 2.jpg,Kylie Minogue 2.jpg,2106814,different size: renamed to next free version -> Kylie Minogue 3.jpg
2026 MUSIC/kylie minogue 2020 Face.jpg,1069687,Kylie Minogue.jpg,Kylie Minogue.jpg,2544936,different size: renamed to next free version -> Kylie Minogue 4.jpg
2026 MUSIC/ladygagaBIG.jpg,2365408,Lady Gaga.jpg,Lady Gaga.jpg,2243842,different size: renamed to next free version -> Lady Gaga 2.jpg
2026 MUSIC/Leona Lewis 2016.jpg,398443,Leona Lewis.jpg,Leona Lewis.jpg,3126293,different size: renamed to next free version -> Leona Lewis 2.jpg
2026 MUSIC/liam payne MH (2).jpg,2385236,Liam Payne MH.jpg,Liam Payne MH.jpg,2507165,different size: renamed to next free version -> Liam Payne 2 MH.jpg
2026 MUSIC/Lil Wayne (2).jpg,2328524,Lil Wayne.jpg,Lil Wayne.jpg,3034842,different size: renamed to next free version -> Lil Wayne 2.jpg
2026 MUSIC/Lil-Peep-Rapper-face-mask-FOXY.jpg,154150,Lil Peep.jpg,Lil Peep.jpg,259300,different size: renamed to next free version -> Lil Peep 2.jpg
2026 MUSIC/Little Mix - Jesy Nelson Mask - Copy - Copy - Copy - Copy.jpg,1735059,Jesy Nelson.jpg,Jesy Nelson.jpg,2775656,different size: renamed to next free version -> Jesy Nelson 3.jpg
2026 MUSIC/Little Mix Leigh-Anne Pinnock Mask.jpg,2205864,Leigh Anne Pinnock.jpg,Leigh Anne Pinnock.jpg,924012,different size: renamed to next free version -> Leigh Anne Pinnock 2.jpg
2026 MUSIC/Little Mix Perrie Edwards Mask].jpg,2934828,Perrie Edwards.jpg,Perrie Edwards.jpg,656964,different size: renamed to next free version -> Perrie Edwards 2.jpg
2026 MUSIC/Little Mix2.jpg,5528619,Little Mix 2.jpg,Little Mix 2.jpg,1935048,different size: renamed to next free version -> Little Mix 3.jpg
2026 MUSIC/Little Mix3.jpg,3904889,Little Mix 3.jpg,Little Mix 3.jpg,5528619,different size: renamed to next free version -> Little Mix 4.jpg
2026 MUSIC/Little Mix4 - Copy.jpg,4637884,Little Mix 4.jpg,Little Mix 4.jpg,3904889,different size: renamed to next free version -> Little Mix 5.jpg
2026 MUSIC/Louis Tomlinson - 1 Direction.JPG,2997307,Louis Tomlinson.jpg,Louis Tomlinson.jpg,4575629,different size: renamed to next free version -> Louis Tomlinson 2.jpg
2026 MUSIC/Louis Tomlinson 2016.jpg,2489518,Louis Tomlinson.jpg,Louis Tomlinson.jpg,4575629,different size: renamed to next free version -> Louis Tomlinson 3.jpg
2026 MUSIC/Louis Tomlinson X FACTOR (2).jpg,947231,Louis Tomlinson.jpg,Louis Tomlinson.jpg,4575629,different size: renamed to next free version -> Louis Tomlinson 4.jpg
2026 MUSIC/louis tomlinson x factor.jpg,1078835,Louis Tomlinson.jpg,Louis Tomlinson.jpg,4575629,different size: renamed to next free version -> Louis Tomlinson 5.jpg
2026 MUSIC/Louis-Tomlinson-2.jpg,903446,Louis Tomlinson 2.jpg,Louis Tomlinson 2.jpg,2997307,different size: renamed to next free version -> Louis Tomlinson 6.jpg
2026 MUSIC/luluPOOR.jpg,1862176,Lulu.jpg,Lulu.jpg,480033,different size: renamed to next free version -> Lulu 2.jpg
2026 MUSIC/madonna 2020 Face.jpg,923035,Madonna.jpg,Madonna.jpg,525803,different size: renamed to next free version -> Madonna 2.jpg
2026 MUSIC/Madonna-face-Mask.jpg,3137266,Madonna.jpg,Madonna.jpg,525803,different size: renamed to next free version -> Madonna 3.jpg
2026 MUSIC/Mark Hoppus Blink 182.jpg,2614558,Mark Hoppus.jpg,Mark Hoppus.jpg,2614558,same name and same size already in folder: left unrenamed
2026 MUSIC/Matt Skiba Blink 182.jpg,3215292,Matt Skiba.jpg,Matt Skiba.jpg,3215292,same name and same size already in folder: left unrenamed
2026 MUSIC/Matt Willis McBusted.JPG,2148044,Matt Willis.jpg,Matt Willis.jpg,2661836,different size: renamed to next free version -> Matt Willis 2.jpg
2026 MUSIC/Mel B X Factor.jpg,1289875,Mel B.jpg,Mel B.jpg,1017019,different size: renamed to next free version -> Mel B 2.jpg
2026 MUSIC/Mel-B.jpg,1289875,Mel B.jpg,Mel B 2.jpg,1289875,same size as an existing numbered version: left unrenamed
2026 MUSIC/Melanie C Spice Girl 1.jpg,1421423,Melanie C.jpg,Melanie C.jpg,1226954,different size: renamed to next free version -> Melanie C 2.jpg
2026 MUSIC/Michael Buble 2018.jpg,1022077,Michael Buble.jpg,Michael Buble.jpg,2139084,different size: renamed to next free version -> Michael Buble 2.jpg
2026 MUSIC/Michael Buble MINT.jpg,638029,Michael Buble.jpg,Michael Buble.jpg,2139084,different size: renamed to next free version -> Michael Buble 3.jpg
2026 MUSIC/michael Jackson BAD - Copy.jpg,1945908,Michael Jackson Bad.jpg,Michael Jackson Bad.jpg,1945908,same name and same size already in folder: left unrenamed
2026 MUSIC/Michael Jackson BAD Music.jpg,2258262,Michael Jackson.jpg,Michael Jackson.jpg,1026261,different size: renamed to next free version -> Michael Jackson 2.jpg
2026 MUSIC/Michael Jackson NEW.jpg,2608934,Michael Jackson.jpg,Michael Jackson.jpg,1026261,different size: renamed to next free version -> Michael Jackson 3.jpg
2026 MUSIC/Michael Jackson NEW2.jpg,2388122,Michael Jackson New 2.jpg,Michael Jackson New 2.jpg,2388122,same name and same size already in folder: left unrenamed
2026 MUSIC/Michael Jackson young 1 - Copy.jpg,933714,Michael Jackson Young.jpg,Michael Jackson Young.jpg,2389223,different size: renamed to next free version -> Michael Jackson Young 2.jpg
2026 MUSIC/Michael Jackson young 1.jpg,933714,Michael Jackson Young.jpg,Michael Jackson Young 2.jpg,933714,same size as an existing numbered version: left unrenamed
2026 MUSIC/Mick Jagger (2).jpg,1383861,Mick Jagger.jpg,Mick Jagger.jpg,3285885,different size: renamed to next free version -> Mick Jagger 2.jpg
2026 MUSIC/Miley Cyris new.jpg,2289533,Miley Cyrus.jpg,Miley Cyrus.jpg,684953,different size: renamed to next free version -> Miley Cyrus 2.jpg
2026 MUSIC/miley cyrus 2020 Face.jpg,967179,Miley Cyrus.jpg,Miley Cyrus.jpg,684953,different size: renamed to next free version -> Miley Cyrus 3.jpg
2026 MUSIC/Miley Cyrus New 2013.JPG,3090303,Miley Cyrus.jpg,Miley Cyrus.jpg,684953,different size: renamed to next free version -> Miley Cyrus 4.jpg
2026 MUSIC/miley-cyrus.jpg,435518,Miley Cyrus.jpg,Miley Cyrus.jpg,684953,different size: renamed to next free version -> Miley Cyrus 5.jpg
2026 MUSIC/Nail - One Direction.JPG,2842430,Niall Horan.jpg,Niall Horan.jpg,2291425,different size: renamed to next free version -> Niall Horan 2.jpg
2026 MUSIC/Nat king cole (2).jpg,1288542,Nat King Cole.jpg,Nat King Cole.jpg,1579987,different size: renamed to next free version -> Nat King Cole 2.jpg
2026 MUSIC/Niall Horan - One Direction.jpg,2637888,Niall Horan.jpg,Niall Horan.jpg,2291425,different size: renamed to next free version -> Niall Horan 3.jpg
2026 MUSIC/niall horan 2020 Face.jpg,1447668,Niall Horan.jpg,Niall Horan.jpg,2291425,different size: renamed to next free version -> Niall Horan 4.jpg
2026 MUSIC/Nick Carter Back Street Boys (2).jpg,2013049,Nick Carter.jpg,Nick Carter.jpg,2492844,different size: renamed to next free version -> Nick Carter 2.jpg
2026 MUSIC/nicki minaj  2016 NEW.jpg,2378305,Nicki Minaj.jpg,Nicki Minaj.jpg,2744150,different size: renamed to next free version -> Nicki Minaj 2.jpg
2026 MUSIC/nicki minaj 2020 Face.jpg,742592,Nicki Minaj.jpg,Nicki Minaj.jpg,2744150,different size: renamed to next free version -> Nicki Minaj 3.jpg
2026 MUSIC/Nikki Minaje mask Proof (2).jpg,1336588,Nicki Minaj.jpg,Nicki Minaj.jpg,2744150,different size: renamed to next free version -> Nicki Minaj 4.jpg
2026 MUSIC/Nikki Minaje mask Proof.jpg,1336588,Nicki Minaj.jpg,Nicki Minaj 4.jpg,1336588,same size as an existing numbered version: left unrenamed
2026 MUSIC/nikki minaje.jpg,2953077,Nicki Minaj.jpg,Nicki Minaj.jpg,2744150,different size: renamed to next free version -> Nicki Minaj 5.jpg
2026 MUSIC/Nsync1 justin Timberlake.jpg,1476114,Justin Timberlake.jpg,Justin Timberlake.jpg,2457005,different size: renamed to next free version -> Justin Timberlake 4.jpg
2026 MUSIC/perrie edwards 2020 Face.jpg,1092959,Perrie Edwards.jpg,Perrie Edwards.jpg,656964,different size: renamed to next free version -> Perrie Edwards 3.jpg
2026 MUSIC/Pharrell Williams (2).jpg,2884609,Pharrell Williams.jpg,Pharrell Williams.jpg,341314,different size: renamed to next free version -> Pharrell Williams 2.jpg
2026 MUSIC/pharrell williams 2016.jpg,538859,Pharrell Williams.jpg,Pharrell Williams.jpg,341314,different size: renamed to next free version -> Pharrell Williams 3.jpg
2026 MUSIC/pink 2020 Face.jpg,707769,Pink.jpg,Pink.jpg,3378869,different size: renamed to next free version -> Pink 2.jpg
2026 MUSIC/pitbull 2020 Face.jpg,794727,Pitbull.jpg,Pitbull.jpg,1762182,different size: renamed to next free version -> Pitbull 2.jpg
2026 MUSIC/Pixie Lott (2).jpg,3395950,Pixie Lott.jpg,Pixie Lott.jpg,3395950,same name and same size already in folder: left unrenamed
2026 MUSIC/Pixie Lott 2020 Face.jpg,940935,Pixie Lott.jpg,Pixie Lott.jpg,3395950,different size: renamed to next free version -> Pixie Lott 2.jpg
2026 MUSIC/Proclaimers1.jpg,2473552,Proclaimers.jpg,Proclaimers.jpg,204883,different size: renamed to next free version -> Proclaimers 2.jpg
2026 MUSIC/proclaimers2.jpg,188492,Proclaimers 2.jpg,Proclaimers 2.jpg,2473552,different size: renamed to next free version -> Proclaimers 3.jpg
2026 MUSIC/Rihanna .jpg,3123408,Rihanna.jpg,Rihanna.jpg,2192009,different size: renamed to next free version -> Rihanna 2.jpg
2026 MUSIC/Rihanna 2016.jpg,3123408,Rihanna.jpg,Rihanna 2.jpg,3123408,same size as an existing numbered version: left unrenamed
2026 MUSIC/rihanna 2020 Face.jpg,885389,Rihanna.jpg,Rihanna.jpg,2192009,different size: renamed to next free version -> Rihanna 3.jpg
2026 MUSIC/Rihanna MH (2).jpg,1923146,Rihanna MH.jpg,Rihanna MH.jpg,2879699,different size: renamed to next free version -> Rihanna 2 MH.jpg
2026 MUSIC/Rihanna MH (3).jpg,2380232,Rihanna MH.jpg,Rihanna MH.jpg,2879699,different size: renamed to next free version -> Rihanna 3 MH.jpg
2026 MUSIC/rihanna-ally wolf.jpg,2495328,Rihanna Ally Wolf.jpg,Rihanna Ally Wolf.jpg,2495328,same name and same size already in folder: left unrenamed
2026 MUSIC/Rihanna2.JPG,2141092,Rihanna 2.jpg,Rihanna 2.jpg,3123408,different size: renamed to next free version -> Rihanna 4.jpg
2026 MUSIC/Rita Ora  TV STARS.jpg,184546,Rita Ora.jpg,Rita Ora.jpg,331441,different size: renamed to next free version -> Rita Ora 2.jpg
2026 MUSIC/Rita Ora (2).jpg,567594,Rita Ora.jpg,Rita Ora.jpg,331441,different size: renamed to next free version -> Rita Ora 3.jpg
2026 MUSIC/Rita Ora (3).jpg,1620229,Rita Ora.jpg,Rita Ora.jpg,331441,different size: renamed to next free version -> Rita Ora 4.jpg
2026 MUSIC/Rita Ora X Factor 2015.jpg,645358,Rita Ora.jpg,Rita Ora.jpg,331441,different size: renamed to next free version -> Rita Ora 5.jpg
2026 MUSIC/Rizzle Kicks (2).jpg,87868,Rizzle Kicks.jpg,Rizzle Kicks.jpg,9546038,different size: renamed to next free version -> Rizzle Kicks 2.jpg
2026 MUSIC/Rizzle Kicks 1.jpg,33596,Rizzle Kicks.jpg,Rizzle Kicks.jpg,9546038,different size: renamed to next free version -> Rizzle Kicks 3.jpg
2026 MUSIC/Rizzle Kicks_2.jpg,3398647,Rizzle Kicks 2.jpg,Rizzle Kicks 2.jpg,87868,different size: renamed to next free version -> Rizzle Kicks 4.jpg
2026 MUSIC/robbie williams 2020 Face.jpg,894734,Robbie Williams.jpg,Robbie Williams.jpg,1290808,different size: renamed to next free version -> Robbie Williams 2.jpg
2026 MUSIC/Robbie Williams X FACTOR.jpg,984766,Robbie Williams.jpg,Robbie Williams.jpg,1290808,different size: renamed to next free version -> Robbie Williams 3.jpg
2026 MUSIC/Ronan Keating - Boyzone (2).JPG,2077738,Ronan Keating.jpg,Ronan Keating.jpg,2691350,different size: renamed to next free version -> Ronan Keating 2.jpg
2026 MUSIC/Sam Smith 2016.jpg,235898,Sam Smith.jpg,Sam Smith.jpg,1804099,different size: renamed to next free version -> Sam Smith 2.jpg
2026 MUSIC/sam smith 2020 Face.jpg,829663,Sam Smith.jpg,Sam Smith.jpg,1804099,different size: renamed to next free version -> Sam Smith 3.jpg
2026 MUSIC/sam smith Music.jpg,998382,Sam Smith.jpg,Sam Smith.jpg,1804099,different size: renamed to next free version -> Sam Smith 4.jpg
2026 MUSIC/sammy davies jnr.jpg,1918258,Sammy Davis Jr.jpg,Sammy Davis Jr.jpg,1199298,different size: renamed to next free version -> Sammy Davis Jr 2.jpg
2026 MUSIC/sammydavisjr.jpg,4476591,Sammy Davis Jr.jpg,Sammy Davis Jr.jpg,1199298,different size: renamed to next free version -> Sammy Davis Jr 3.jpg
2026 MUSIC/SARAH HARDING - GIRLS ALOUD.JPG,2641890,Sarah Harding.jpg,Sarah Harding.jpg,1015090,different size: renamed to next free version -> Sarah Harding 3.jpg
2026 MUSIC/SEAL (2).jpg,1575665,Seal.jpg,Seal.jpg,3024468,different size: renamed to next free version -> Seal 2.jpg
2026 MUSIC/selenagomez.jpg,2473370,Selena Gomez.jpg,Selena Gomez.jpg,467885,different size: renamed to next free version -> Selena Gomez 2.jpg
2026 MUSIC/shakin-stevens.jpg,2475409,Shakin Stevens.jpg,Shakin Stevens.jpg,1552970,different size: renamed to next free version -> Shakin Stevens 2.jpg
2026 MUSIC/sophie ellis bexter.jpg,503178,Sophie Ellis Bextor.jpg,Sophie Ellis Bextor.jpg,267807,different size: renamed to next free version -> Sophie Ellis Bextor 2.jpg
2026 MUSIC/Spice Girl Geri Halliwell.jpg,2409606,Geri Halliwell.jpg,Geri Halliwell.jpg,2217722,different size: renamed to next free version -> Geri Halliwell 5.jpg
2026 MUSIC/Stacey Solomon 2016 CPDVD.jpg,4119884,Stacey Solomon.jpg,Stacey Solomon.jpg,3096429,different size: renamed to next free version -> Stacey Solomon 2.jpg
2026 MUSIC/Susan Boyle MINT.jpg,1958919,Susan Boyle.jpg,Susan Boyle.jpg,2041368,different size: renamed to next free version -> Susan Boyle 2.jpg
2026 MUSIC/Susan Boyle1.jpg,2038309,Susan Boyle.jpg,Susan Boyle.jpg,2041368,different size: renamed to next free version -> Susan Boyle 3.jpg
2026 MUSIC/taylor swift  2016 NEW.jpg,1870586,Taylor Swift.jpg,Taylor Swift.jpg,1930977,different size: renamed to next free version -> Taylor Swift 2.jpg
2026 MUSIC/Taylor Swift (2).jpg,2001504,Taylor Swift.jpg,Taylor Swift.jpg,1930977,different size: renamed to next free version -> Taylor Swift 3.jpg
2026 MUSIC/The Wanted Max George.jpg,2228871,Max George.jpg,Max George.jpg,1976966,different size: renamed to next free version -> Max George 2.jpg
2026 MUSIC/this-tom-jonesTom Jones.jpg,3068944,Tom Jones.jpg,Tom Jones.jpg,2678614,different size: renamed to next free version -> Tom Jones 2.jpg
2026 MUSIC/Tom Jones 2015 (2).jpg,198417,Tom Jones.jpg,Tom Jones.jpg,2678614,different size: renamed to next free version -> Tom Jones 3.jpg
2026 MUSIC/Tom Jones 2015 2020 Face.jpg,783191,Tom Jones.jpg,Tom Jones.jpg,2678614,different size: renamed to next free version -> Tom Jones 4.jpg
2026 MUSIC/Tom Jones 2015.jpg,198417,Tom Jones.jpg,Tom Jones 3.jpg,198417,same size as an existing numbered version: left unrenamed
2026 MUSIC/tom-jones.jpg,2540536,Tom Jones.jpg,Tom Jones.jpg,2678614,different size: renamed to next free version -> Tom Jones 5.jpg
2026 MUSIC/Travis Barker Blink 182.jpg,1833359,Travis Barker.jpg,Travis Barker.jpg,1833359,same name and same size already in folder: left unrenamed
2026 MUSIC/USHER (2).jpg,474907,Usher.jpg,Usher.jpg,2320003,different size: renamed to next free version -> Usher 2.jpg
2026 MUSIC/Usher-celebrity-music.jpg,162949,Usher.jpg,Usher.jpg,2320003,different size: renamed to next free version -> Usher 3.jpg
2026 MUSIC/Zayn Malik 2017.jpg,2439866,Zayn Malik.jpg,Zayn Malik.jpg,3380076,different size: renamed to next free version -> Zayn Malik 2.jpg
2026 MUSIC/zayn malik 2020 Face.jpg,1010518,Zayn Malik.jpg,Zayn Malik.jpg,3380076,different size: renamed to next free version -> Zayn Malik 3.jpg
2026 ROYALS AND POLITICIANS/David Cameron (2).jpg,3564814,David Cameron.jpg,David Cameron.jpg,3496547,different size: renamed to next free version -> David Cameron 2.jpg
2026 ROYALS AND POLITICIANS/David Cameron onbuy.jpg,424171,David Cameron.jpg,David Cameron.jpg,3496547,different size: renamed to next free version -> David Cameron 3.jpg
2026 ROYALS AND POLITICIANS/Donald_Tusk.jpg,1171577,Donald Tusk.jpg,Donald Tusk.jpg,477102,different size: renamed to next free version -> Donald Tusk 2.jpg
2026 ROYALS AND POLITICIANS/Greta thunberg pic.jpg,101048,Greta Thunberg.jpg,Greta Thunberg.jpg,201085,different size: renamed to next free version -> Greta Thunberg 2.jpg
2026 ROYALS AND POLITICIANS/jeremy paxman (2).jpg,1974586,Jeremy Paxman.jpg,Jeremy Paxman.jpg,1974586,same name and same size already in folder: left unrenamed
2026 ROYALS AND POLITICIANS/julia-gillard-june-2010-a.jpg,2256944,Julia Gillard.jpg,Julia Gillard.jpg,2256944,same name and same size already in folder: left unrenamed
2026 ROYALS AND POLITICIANS/Kate Middleton Coronation 2023-ROYALS.jpg,337094,Kate Middleton.jpg,Kate Middleton.jpg,2754111,different size: renamed to next free version -> Kate Middleton 2.jpg
2026 ROYALS AND POLITICIANS/Kate Middleton NEW.jpg,3213299,Kate Middleton.jpg,Kate Middleton.jpg,2754111,different size: renamed to next free version -> Kate Middleton 3.jpg
2026 ROYALS AND POLITICIANS/Kim John un.jpg,2429599,Kim Jong Un.jpg,Kim Jong Un.jpg,2292755,different size: renamed to next free version -> Kim Jong Un 2.jpg
2026 ROYALS AND POLITICIANS/Kim Jong Un 2018.jpg,1341677,Kim Jong Un.jpg,Kim Jong Un.jpg,2292755,different size: renamed to next free version -> Kim Jong Un 3.jpg
2026 ROYALS AND POLITICIANS/KIM JONG.jpg,2292755,Kim Jong Un.jpg,Kim Jong Un.jpg,2292755,same name and same size already in folder: left unrenamed
2026 ROYALS AND POLITICIANS/lenin (2).jpg,1273666,Lenin.jpg,Lenin.jpg,1063370,different size: renamed to next free version -> Lenin 2.jpg
2026 ROYALS AND POLITICIANS/Martin Mcguiness.jpg,1705132,Martin McGuinness.jpg,Martin McGuinness.jpg,600786,different size: renamed to next free version -> Martin McGuinness 2.jpg
2026 ROYALS AND POLITICIANS/Meghan Markle Coronation 2023-ROYALS.jpg,341165,Meghan Markle.jpg,Meghan Markle.jpg,335097,different size: renamed to next free version -> Meghan Markle 2.jpg
2026 ROYALS AND POLITICIANS/MELANIA TRUMP (2).jpg,506359,Melania Trump.jpg,Melania Trump.jpg,443989,different size: renamed to next free version -> Melania Trump 2.jpg
2026 ROYALS AND POLITICIANS/Michael Gove - Politican.jpg,268654,Michael Gove.jpg,Michael Gove.jpg,1468023,different size: renamed to next free version -> Michael Gove 2.jpg
2026 ROYALS AND POLITICIANS/Nigel farage New .jpg,2636461,Nigel Farage.jpg,Nigel Farage.jpg,2285221,different size: renamed to next free version -> Nigel Farage 2.jpg
2026 ROYALS AND POLITICIANS/Prince Harry Coronation 2023-ROYALS.jpg,334869,Prince Harry.jpg,Prince Harry.jpg,618806,different size: renamed to next free version -> Prince Harry 2.jpg
2026 ROYALS AND POLITICIANS/Prince Harry NEW.jpg,3076705,Prince Harry.jpg,Prince Harry.jpg,618806,different size: renamed to next free version -> Prince Harry 3.jpg
2026 ROYALS AND POLITICIANS/Prince Philip Coronation 2023-ROYALS.jpg,464262,Prince Philip.jpg,Prince Philip.jpg,2352698,different size: renamed to next free version -> Prince Philip 2.jpg
2026 ROYALS AND POLITICIANS/Prince William NEW.jpg,2716102,Prince William.jpg,Prince William.jpg,203283,different size: renamed to next free version -> Prince William 2.jpg
2026 ROYALS AND POLITICIANS/Princess-Diana-Wedding-mask.jpg,413787,Princess Diana Wedding.jpg,Princess Diana Wedding.jpg,2112524,different size: renamed to next free version -> Princess Diana Wedding 2.jpg
2026 ROYALS AND POLITICIANS/Princess_Anne.jpg,1750922,Princess Anne.jpg,Princess Anne.jpg,327327,different size: renamed to next free version -> Princess Anne 2.jpg
2026 ROYALS AND POLITICIANS/Vladimir Putin Politician.jpg,2345508,Vladimir Putin.jpg,Vladimir Putin.jpg,1880304,different size: renamed to next free version -> Vladimir Putin 2.jpg
2026 SPORTS STARS/Carl Froch (2).jpg,1856060,Carl Froch.jpg,Carl Froch.jpg,1856060,same name and same size already in folder: left unrenamed
2026 SPORTS STARS/Carl Froch Face Mask.jpg,542554,Carl Froch.jpg,Carl Froch.jpg,1856060,different size: renamed to next free version -> Carl Froch 2.jpg
2026 SPORTS STARS/Chris Kamara (2)a.jpg,2165143,Chris Kamara.jpg,Chris Kamara.jpg,2164950,different size: renamed to next free version -> Chris Kamara 3.jpg
2026 SPORTS STARS/christ froome.jpg,1580255,Chris Froome.jpg,Chris Froome.jpg,2644478,different size: renamed to next free version -> Chris Froome 2.jpg
2026 SPORTS STARS/Connor McGreggor 1.jpg,733155,Conor McGregor.jpg,Conor McGregor.jpg,733155,same name and same size already in folder: left unrenamed
2026 SPORTS STARS/Connor McGreggor 3.jpg,781538,Conor McGregor 3.jpg,Conor McGregor 3.jpg,781538,same name and same size already in folder: left unrenamed
2026 SPORTS STARS/Connor Mcgregor UFC (2).jpg,338780,Conor McGregor.jpg,Conor McGregor.jpg,733155,different size: renamed to next free version -> Conor McGregor 2.jpg
2026 SPORTS STARS/Connor Mcgregor UFC (3).jpg,338780,Conor McGregor.jpg,Conor McGregor 2.jpg,338780,same size as an existing numbered version: left unrenamed
2026 SPORTS STARS/Connor Mcgregor UFC 1.jpg,854734,Conor McGregor.jpg,Conor McGregor.jpg,733155,different size: renamed to next free version -> Conor McGregor 4.jpg
2026 SPORTS STARS/Connor Mcgregor UFC.jpg,338780,Conor McGregor.jpg,Conor McGregor 2.jpg,338780,same size as an existing numbered version: left unrenamed
2026 SPORTS STARS/dennis-rodman.jpg,2347751,Dennis Rodman.jpg,Dennis Rodman.jpg,2347751,same name and same size already in folder: left unrenamed
2026 SPORTS STARS/Ellie Simmonds (2).jpg,177865,Ellie Simmonds.jpg,Ellie Simmonds.jpg,9460783,different size: renamed to next free version -> Ellie Simmonds 2.jpg
2026 SPORTS STARS/Cycling/bradley wiggins face mask JB.JPG,864410,Bradley Wiggins JB.jpg,Bradley Wiggins JB.jpg,181132,different size: renamed to next free version -> Bradley Wiggins 2 JB.jpg
2026 SPORTS STARS/Football/Christian Eriksen Mask JB.jpg,103936,Christian Eriksen JB.jpg,Christian Eriksen JB.jpg,124774,different size: renamed to next free version -> Christian Eriksen 2 JB.jpg
2026 SPORTS STARS/Football/Danny Rose Mask JB.jpg,186014,Danny Rose JB.jpg,Danny Rose JB.jpg,126928,different size: renamed to next free version -> Danny Rose 2 JB.jpg
2026 SPORTS STARS/Football/ERIC DIER-01 JB.jpg,131378,Eric Dier JB.jpg,Eric Dier JB.jpg,100339,different size: renamed to next free version -> Eric Dier 2 JB.jpg
2026 SPORTS STARS/Football/Gary Cahill Mask JB.jpg,209523,Gary Cahill JB.jpg,Gary Cahill JB.jpg,135561,different size: renamed to next free version -> Gary Cahill 2 JB.jpg
2026 SPORTS STARS/Football/Harry Kane Mask JB.jpg,118830,Harry Kane JB.jpg,Harry Kane JB.jpg,118830,same name and same size already in folder: left unrenamed
2026 SPORTS STARS/Football/Hugo Lloris Mask JB.jpg,105148,Hugo Lloris JB.jpg,Hugo Lloris JB.jpg,139003,different size: renamed to next free version -> Hugo Lloris 2 JB.jpg
2026 SPORTS STARS/Football/Jordan Henderson Mask JB.jpg,259755,Jordan Henderson JB.jpg,Jordan Henderson JB.jpg,160991,different size: renamed to next free version -> Jordan Henderson 2 JB.jpg
2026 SPORTS STARS/Football/Kyle-Walker JB.jpg,274410,Kyle Walker JB.jpg,Kyle Walker JB.jpg,101516,different size: renamed to next free version -> Kyle Walker 2 JB.jpg
2026 SPORTS STARS/Football/neymar face mask JB.jpg,25271,Neymar JB.jpg,Neymar JB.jpg,139162,different size: renamed to next free version -> Neymar 2 JB.jpg
2026 SPORTS STARS/Football/Steven Gerrard JB Fox-0194.jpg,153863,Steven Gerrard JB.jpg,Steven Gerrard JB.jpg,730489,different size: renamed to next free version -> Steven Gerrard 2 JB.jpg
2026 SPORTS STARS/Golf/brandt snedeker (2).jpg,2296026,Brandt Snedeker.jpg,Brandt Snedeker.jpg,538176,different size: renamed to next free version -> Brandt Snedeker 2.jpg
2026 SPORTS STARS/Golf/bubba watson (2).jpg,2716585,Bubba Watson.jpg,Bubba Watson.jpg,1584420,different size: renamed to next free version -> Bubba Watson 2.jpg
2026 SPORTS STARS/Golf/Bubba Watson JB (2).jpg,159138,Bubba Watson JB.jpg,Bubba Watson JB.jpg,598970,different size: renamed to next free version -> Bubba Watson 2 JB.jpg
2026 SPORTS STARS/Golf/Ian Poulter Golfer.jpg,1628210,Ian Poulter.jpg,Ian Poulter.jpg,2025500,different size: renamed to next free version -> Ian Poulter 2.jpg
2026 SPORTS STARS/Golf/Jordan Speith Golfer 2016.jpg,545245,Jordan Spieth.jpg,Jordan Spieth.jpg,2204372,different size: renamed to next free version -> Jordan Spieth 2.jpg
2026 SPORTS STARS/Golf/jordon speith.jpg,1612640,Jordan Spieth.jpg,Jordan Spieth.jpg,2204372,different size: renamed to next free version -> Jordan Spieth 3.jpg
2026 SPORTS STARS/Golf/Lee-Westwood.JPG,3025905,Lee Westwood.jpg,Lee Westwood.jpg,3178878,different size: renamed to next free version -> Lee Westwood 2.jpg
2026 SPORTS STARS/Golf/Padraig Harrington 2 (2).jpg,2505960,Padraig Harrington 2.jpg,Padraig Harrington 2.jpg,2455182,different size: renamed to next free version -> Padraig Harrington 3.jpg
2026 SPORTS STARS/Golf/paul casey (2).jpg,3162818,Paul Casey.jpg,Paul Casey.jpg,844635,different size: renamed to next free version -> Paul Casey 2.jpg
2026 SPORTS STARS/Golf/Rory Mcilroy 2016.jpg,298143,Rory McIlroy.jpg,Rory McIlroy.jpg,2326385,different size: renamed to next free version -> Rory McIlroy 2.jpg
2026 SPORTS STARS/Golf/rory mcilroy2.jpg,1457346,Rory McIlroy 2.jpg,Rory McIlroy 2.jpg,298143,different size: renamed to next free version -> Rory McIlroy 3.jpg
2026 SPORTS STARS/Golf/sergio_garcia_golf 2018.jpg,41622,Sergio Garcia.jpg,Sergio Garcia.jpg,2450367,different size: renamed to next free version -> Sergio Garcia 3.jpg
2026 SPORTS STARS/Golf/tiger woods (2).jpg,1968071,Tiger Woods.jpg,Tiger Woods.jpg,3661568,different size: renamed to next free version -> Tiger Woods 2.jpg
2026 SPORTS STARS/MMA/jon jones ufc.jpg,553936,Jon Jones.jpg,Jon Jones.jpg,433654,different size: renamed to next free version -> Jon Jones 2.jpg
2026 SPORTS STARS/Olympic Athletes/rebecca-adlington-celebrity-face-mask JB.jpg,8238,Rebecca Adlington JB.jpg,Rebecca Adlington JB.jpg,123332,different size: renamed to next free version -> Rebecca Adlington 2 JB.jpg
2026 SPORTS STARS/Olympic Athletes/Victoria Pendleton-01 JB.jpg,457871,Victoria Pendleton JB.jpg,Victoria Pendleton JB.jpg,1291578,different size: renamed to next free version -> Victoria Pendleton 2 JB.jpg
2026 SPORTS STARS/Rugby/eddie-jones.jpg,2968993,Eddie Jones.jpg,Eddie Jones.jpg,2968993,same name and same size already in folder: left unrenamed
2026 SPORTS STARS/Rugby/George Ford Rugby 2016.jpg,388303,George Ford.jpg,George Ford.jpg,356503,different size: renamed to next free version -> George Ford 2.jpg
2026 SPORTS STARS/Rugby/James Haskell Rugby.jpg,284508,James Haskell.jpg,James Haskell.jpg,2364696,different size: renamed to next free version -> James Haskell 2.jpg
2026 SPORTS STARS/Tennis/Andrew Murray face mask JB.jpg,8517,Andrew Murray JB.jpg,Andrew Murray JB.jpg,203410,different size: renamed to next free version -> Andrew Murray 2 JB.jpg
2026 SPORTS STARS/Tennis/ANDY MURRAY 2017.jpg,451022,Andy Murray.jpg,Andy Murray.jpg,1940124,different size: renamed to next free version -> Andy Murray 2.jpg
2026 SPORTS STARS/Tennis/macenroe.jpg,3320817,John McEnroe.jpg,John McEnroe.jpg,1520224,different size: renamed to next free version -> John McEnroe 2.jpg
2026 SPORTS STARS/Tennis/Martina-Navratilova.jpg,511485,Martina Navratilova.jpg,Martina Navratilova.jpg,2205526,different size: renamed to next free version -> Martina Navratilova 2.jpg
2026 SPORTS STARS/Tennis/RAFAEL NADAL (2).jpg,1470438,Rafael Nadal.jpg,Rafael Nadal.jpg,349917,different size: renamed to next free version -> Rafael Nadal 2.jpg
2026 SPORTS STARS/Tennis/ROGER FEDERER (2).jpg,3202701,Roger Federer.jpg,Roger Federer.jpg,3929046,different size: renamed to next free version -> Roger Federer 2.jpg
2026 TV SHOWS AND STARS/Ab Fab2.jpg,2988828,Ab Fab 2.jpg,Ab Fab 2.jpg,542411,different size: renamed to next free version -> Ab Fab 3.jpg
2026 TV SHOWS AND STARS/Abby-Lee Miller.jpg,4122378,Abby Lee Miller.jpg,Abby Lee Miller.jpg,4122378,same name and same size already in folder: left unrenamed
2026 TV SHOWS AND STARS/Adam Woodyatt (2).jpg,1936838,Adam Woodyatt.jpg,Adam Woodyatt.jpg,1867562,different size: renamed to next free version -> Adam Woodyatt 2.jpg
2026 TV SHOWS AND STARS/Aidan Gallagher-Umbrella Academy.jpg,328771,Aidan Gallagher.jpg,Aidan Gallagher.jpg,377994,different size: renamed to next free version -> Aidan Gallagher 2.jpg
2026 TV SHOWS AND STARS/Alan Partidge AMAZOON DOCTIORED.jpg,284388,Alan Partridge.jpg,Alan Partridge.jpg,2548036,different size: renamed to next free version -> Alan Partridge 2.jpg
2026 TV SHOWS AND STARS/Alan Partidge AMAZOON.jpg,287744,Alan Partridge.jpg,Alan Partridge.jpg,2548036,different size: renamed to next free version -> Alan Partridge 3.jpg
2026 TV SHOWS AND STARS/Alan Partridge 1.jpg,2207622,Alan Partridge.jpg,Alan Partridge.jpg,2548036,different size: renamed to next free version -> Alan Partridge 4.jpg
2026 TV SHOWS AND STARS/Alex Reid (2).jpg,2755355,Alex Reid.jpg,Alex Reid.jpg,2024652,different size: renamed to next free version -> Alex Reid 2.jpg
2026 TV SHOWS AND STARS/Alfie Solomons Peaky Blinders.jpg,510785,Alfie Solomons.jpg,Alfie Solomons.jpg,151367,different size: renamed to next free version -> Alfie Solomons 2.jpg
2026 TV SHOWS AND STARS/Alja Skorjanec strictly.jpg,1065058,Alja Skorjanec.jpg,Alja Skorjanec.jpg,1065058,same name and same size already in folder: left unrenamed
2026 TV SHOWS AND STARS/Amy Childs 2012.JPG,3573103,Amy Childs.jpg,Amy Childs.jpg,2244478,different size: renamed to next free version -> Amy Childs 2.jpg
2026 TV SHOWS AND STARS/Andrew Lincoln Walking Dead.jpg,333462,Andrew Lincoln.jpg,Andrew Lincoln.jpg,463504,different size: renamed to next free version -> Andrew Lincoln 2.jpg
2026 TV SHOWS AND STARS/Andy Sugden Emmerdale.jpg,2159144,Andy Sugden.jpg,Andy Sugden.jpg,2541540,different size: renamed to next free version -> Andy Sugden 2.jpg
2026 TV SHOWS AND STARS/AnnaLynne McCord MH.jpg,2567842,Anna Lynne McCord MH.jpg,Anna Lynne McCord MH.jpg,2263884,different size: renamed to next free version -> Anna Lynne McCord 2 MH.jpg
2026 TV SHOWS AND STARS/annette-badland2.jpg,2495843,Annette Badland 2.jpg,Annette Badland 2.jpg,2495843,same name and same size already in folder: left unrenamed
2026 TV SHOWS AND STARS/Ant Mcpartlain.JPG,871484,Ant McPartlin.jpg,Ant McPartlin.jpg,772015,different size: renamed to next free version -> Ant McPartlin 2.jpg
2026 TV SHOWS AND STARS/Ashley Tisdale (2).jpg,799489,Ashley Tisdale.jpg,Ashley Tisdale.jpg,3636150,different size: renamed to next free version -> Ashley Tisdale 3.jpg
2026 TV SHOWS AND STARS/aziz-ansari.jpg,2123775,Aziz Ansari.jpg,Aziz Ansari 2.jpg,2123775,same size as an existing numbered version: left unrenamed
2026 TV SHOWS AND STARS/barbera windsor.jpg,2255121,Barbara Windsor.jpg,Barbara Windsor.jpg,157198,different size: renamed to next free version -> Barbara Windsor 2.jpg
2026 TV SHOWS AND STARS/Basil Fawlty 2016.jpg,225967,Basil Fawlty.jpg,Basil Fawlty.jpg,2120999,different size: renamed to next free version -> Basil Fawlty 2.jpg
2026 TV SHOWS AND STARS/BeanMask1.jpg,7190640,Mr Bean.jpg,Mr Bean.jpg,886869,different size: renamed to next free version -> Mr Bean 2.jpg
2026 TV SHOWS AND STARS/belle dingle (2).jpg,416525,Belle Dingle.jpg,Belle Dingle.jpg,2084538,different size: renamed to next free version -> Belle Dingle 2.jpg
2026 TV SHOWS AND STARS/Ben Shepherd 2016.jpeg,350738,Ben Shepherd.jpeg,Ben Shepherd.jpeg,335602,different size: renamed to next free version -> Ben Shepherd 2.jpeg
2026 TV SHOWS AND STARS/Bernard Cribbinis.jpg,2475900,Bernard Cribbins.jpg,Bernard Cribbins.jpg,2202658,different size: renamed to next free version -> Bernard Cribbins 2.jpg
2026 TV SHOWS AND STARS/Bradley Branning - Eastenders.JPG,759530,Bradley Branning.jpg,Bradley Branning.jpg,2469739,different size: renamed to next free version -> Bradley Branning 2.jpg
2026 TV SHOWS AND STARS/Brian Friedman X Factor.jpg,496863,Brian Friedman.jpg,Brian Friedman.jpg,390789,different size: renamed to next free version -> Brian Friedman 2.jpg
2026 TV SHOWS AND STARS/brooklyn beckham (2).jpg,740715,Brooklyn Beckham.jpg,Brooklyn Beckham.jpg,2206161,different size: renamed to next free version -> Brooklyn Beckham 2.jpg
2026 TV SHOWS AND STARS/BRUCE FORSYTH NEW.jpg,2255881,Bruce Forsyth.jpg,Bruce Forsyth.jpg,2599553,different size: renamed to next free version -> Bruce Forsyth 2.jpg
2026 TV SHOWS AND STARS/Bruce-Forsyth-MINT.jpg,3260979,Bruce Forsyth.jpg,Bruce Forsyth.jpg,2599553,different size: renamed to next free version -> Bruce Forsyth 3.jpg
2026 TV SHOWS AND STARS/Carice van Houten (2).jpg,428630,Carice van Houten.jpg,Carice van Houten.jpg,1905855,different size: renamed to next free version -> Carice van Houten 2.jpg
2026 TV SHOWS AND STARS/CARICE VAN HOUTEN - MELISANDRE - GAME OF THRONES.jpg,1442565,Carice Van Houten.jpg,Carice Van Houten.jpg,1905855,different size: renamed to next free version -> Carice Van Houten 3.jpg
2026 TV SHOWS AND STARS/Carol Vorderman (2).jpg,2261857,Carol Vorderman.jpg,Carol Vorderman.jpg,863052,different size: renamed to next free version -> Carol Vorderman 2.jpg
2026 TV SHOWS AND STARS/caroline flack (2).jpg,1827359,Caroline Flack.jpg,Caroline Flack.jpg,2279918,different size: renamed to next free version -> Caroline Flack 2.jpg
2026 TV SHOWS AND STARS/Carrie Fisher New.jpg,2820250,Carrie Fisher.jpg,Carrie Fisher.jpg,2820250,same name and same size already in folder: left unrenamed
2026 TV SHOWS AND STARS/Catherine Zeta Jones (2).jpg,591470,Catherine Zeta Jones.jpg,Catherine Zeta Jones.jpg,591470,same name and same size already in folder: left unrenamed
2026 TV SHOWS AND STARS/Catherine Zeta Jones (3).jpg,2479791,Catherine Zeta Jones.jpg,Catherine Zeta Jones.jpg,591470,different size: renamed to next free version -> Catherine Zeta Jones 2.jpg
2026 TV SHOWS AND STARS/Chandler Riggs Walking dead.jpg,1074044,Chandler Riggs.jpg,Chandler Riggs.jpg,598181,different size: renamed to next free version -> Chandler Riggs 2.jpg
2026 TV SHOWS AND STARS/Charlie King TOWIE.png,924488,Charlie King.png,Charlie King.png,546699,different size: renamed to next free version -> Charlie King 2.png
2026 TV SHOWS AND STARS/charlotte bellamy laurel thomas (2).jpg,1223523,Charlotte Bellamy Laurel Thomas.jpg,Charlotte Bellamy Laurel Thomas.jpg,472640,different size: renamed to next free version -> Charlotte Bellamy Laurel Thomas 2.jpg
2026 TV SHOWS AND STARS/Charlotte Crosby (2).jpg,490732,Charlotte Crosby.jpg,Charlotte Crosby.jpg,372238,different size: renamed to next free version -> Charlotte Crosby 2.jpg
2026 TV SHOWS AND STARS/Charlotte Riley (2).jpg,1426579,Charlotte Riley.jpg,Charlotte Riley.jpg,621877,different size: renamed to next free version -> Charlotte Riley 2.jpg
2026 TV SHOWS AND STARS/Chloe Ferry (2).jpg,580147,Chloe Ferry.jpg,Chloe Ferry.jpg,580147,same name and same size already in folder: left unrenamed
2026 TV SHOWS AND STARS/chloe lewis towie .jpg,2247035,Chloe Lewis.jpg,Chloe Lewis.jpg,453903,different size: renamed to next free version -> Chloe Lewis 2.jpg
2026 TV SHOWS AND STARS/chloe lewis towie 2 .jpg,2079456,Chloe Lewis 2.jpg,Chloe Lewis 2.jpg,2247035,different size: renamed to next free version -> Chloe Lewis 3.jpg
2026 TV SHOWS AND STARS/chloe lewis towie 2 2016.jpg,2079456,Chloe Lewis 2.jpg,Chloe Lewis 3.jpg,2079456,same size as an existing numbered version: left unrenamed
2026 TV SHOWS AND STARS/chloe lewis towie 2016.jpg,2247035,Chloe Lewis.jpg,Chloe Lewis 2.jpg,2247035,same size as an existing numbered version: left unrenamed
2026 TV SHOWS AND STARS/Chris Jenner NEW.jpg,2223595,Chris Jenner.jpg,Chris Jenner.jpg,2223595,same name and same size already in folder: left unrenamed
2026 TV SHOWS AND STARS/chrissy teigen (2).jpg,613862,Chrissy Teigen.jpg,Chrissy Teigen.jpg,2940508,different size: renamed to next free version -> Chrissy Teigen 2.jpg
2026 TV SHOWS AND STARS/chrissy-teigen.jpg,1672134,Chrissy Teigen.jpg,Chrissy Teigen.jpg,2940508,different size: renamed to next free version -> Chrissy Teigen 3.jpg
2026 TV SHOWS AND STARS/Christopher Maloney NEW.jpg,1437300,Christopher Maloney.jpg,Christopher Maloney.jpg,2029465,different size: renamed to next free version -> Christopher Maloney 2.jpg
2026 TV SHOWS AND STARS/Cillian Murphy (2).jpg,992651,Cillian Murphy.jpg,Cillian Murphy.jpg,1453183,different size: renamed to next free version -> Cillian Murphy 2.jpg
2026 TV SHOWS AND STARS/Cillian Murphy (3).jpg,443618,Cillian Murphy.jpg,Cillian Murphy.jpg,1453183,different size: renamed to next free version -> Cillian Murphy 3.jpg
2026 TV SHOWS AND STARS/cillian murphy (4).jpg,1453183,Cillian Murphy.jpg,Cillian Murphy.jpg,1453183,same name and same size already in folder: left unrenamed
2026 TV SHOWS AND STARS/Courtney Cox.jpg,2503814,Courteney Cox.jpg,Courteney Cox.jpg,3329717,different size: renamed to next free version -> Courteney Cox 2.jpg
2026 TV SHOWS AND STARS/Craig Revel Horwood-STRICTLY.JPG,2421588,Craig Revel Horwood.jpg,Craig Revel Horwood.jpg,2192957,different size: renamed to next free version -> Craig Revel Horwood 2.jpg
2026 TV SHOWS AND STARS/Damian-Lewis.jpg,1586978,Damian Lewis.jpg,Damian Lewis.jpg,986212,different size: renamed to next free version -> Damian Lewis 2.jpg
2026 TV SHOWS AND STARS/dance-moms-reunion.jpg,2538470,Dance Moms Reunion.jpg,Dance Moms Reunion.jpg,2538470,same name and same size already in folder: left unrenamed
2026 TV SHOWS AND STARS/danny-odonoghue.jpg,1251136,Danny O'Donoghue.jpg,Danny O'Donoghue.jpg,1251136,same name and same size already in folder: left unrenamed
2026 TV SHOWS AND STARS/darcey buscell MINT.jpg,892032,Darcey Bussell.jpg,Darcey Bussell.jpg,544473,different size: renamed to next free version -> Darcey Bussell 2.jpg
2026 TV SHOWS AND STARS/darceybussell.jpg,285356,Darcey Bussell.jpg,Darcey Bussell.jpg,544473,different size: renamed to next free version -> Darcey Bussell 3.jpg
2026 TV SHOWS AND STARS/David Attenborough BBC.jpg,675278,David Attenborough.jpg,David Attenborough.jpg,1726244,different size: renamed to next free version -> David Attenborough 2.jpg
2026 TV SHOWS AND STARS/David Neilson - AKA Roy.jpg,638996,David Neilson.jpg,David Neilson.jpg,638996,same name and same size already in folder: left unrenamed
2026 TV SHOWS AND STARS/DAVINA MCCALL (2).jpg,1770009,Davina McCall.jpg,Davina McCall.jpg,3216868,different size: renamed to next free version -> Davina McCall 2.jpg
2026 TV SHOWS AND STARS/Dawn OPorter.jpg,726925,Dawn O'Porter.jpg,Dawn O'Porter.jpg,720684,different size: renamed to next free version -> Dawn O'Porter 2.jpg
2026 TV SHOWS AND STARS/Debbie Dingle - Dark Hair.jpg,95381,Debbie Dingle.jpg,Debbie Dingle.jpg,292754,different size: renamed to next free version -> Debbie Dingle 2.jpg
2026 TV SHOWS AND STARS/Decland Donnolly.jpg,2292182,Declan Donnelly.jpg,Declan Donnelly.jpg,2531053,different size: renamed to next free version -> Declan Donnelly 2.jpg
2026 TV SHOWS AND STARS/DEIRDRE BARLOW ANNE KIRKBRIDE (2).jpg,523490,Deirdre Barlow Anne Kirkbride.jpg,Deirdre Barlow Anne Kirkbride.jpg,523490,same name and same size already in folder: left unrenamed
2026 TV SHOWS AND STARS/Del Boy Trotter New.jpg,1817650,Del Boy Trotter.jpg,Del Boy Trotter.jpg,1817650,same name and same size already in folder: left unrenamed
2026 TV SHOWS AND STARS/Dermot O leary 2016.JPG,345903,Dermot O'Leary.jpg,Dermot O'Leary.jpg,1632356,different size: renamed to next free version -> Dermot O'Leary 2.jpg
2026 TV SHOWS AND STARS/dermot o'leary X FACTOR.jpg,1632356,Dermot O'Leary.jpg,Dermot O'Leary.jpg,1632356,same name and same size already in folder: left unrenamed
2026 TV SHOWS AND STARS/Doctor-Who David Tennant.jpg,9950466,David Tennant.jpg,David Tennant.jpg,1153217,different size: renamed to next free version -> David Tennant 2.jpg
2026 TV SHOWS AND STARS/Dominic Littlewood (2).jpg,909838,Dominic Littlewood.jpg,Dominic Littlewood.jpg,1179984,different size: renamed to next free version -> Dominic Littlewood 2.jpg
2026 TV SHOWS AND STARS/dot cotton (2).jpg,11063376,Dot Cotton.jpg,Dot Cotton.jpg,112758,different size: renamed to next free version -> Dot Cotton 2.jpg
2026 TV SHOWS AND STARS/Edna Birch (2).jpg,330742,Edna Birch.jpg,Edna Birch.jpg,458234,different size: renamed to next free version -> Edna Birch 2.jpg
2026 TV SHOWS AND STARS/Elijah-Wood.jpg,1541313,Elijah Wood.jpg,Elijah Wood.jpg,2336166,different size: renamed to next free version -> Elijah Wood 2.jpg
2026 TV SHOWS AND STARS/Eliza Coupe 2016.jpg,2677058,Eliza Coupe.jpg,Eliza Coupe.jpg,2677058,same name and same size already in folder: left unrenamed
2026 TV SHOWS AND STARS/Elizabeth Banks (2).jpg,2218916,Elizabeth Banks.jpg,Elizabeth Banks.jpg,294050,different size: renamed to next free version -> Elizabeth Banks 2.jpg
2026 TV SHOWS AND STARS/Ellie-Kemper.jpg,2748348,Ellie Kemper.jpg,Ellie Kemper 2.jpg,2748348,same size as an existing numbered version: left unrenamed
2026 TV SHOWS AND STARS/Emilia Clarke (2).jpg,392101,Emilia Clarke.jpg,Emilia Clarke.jpg,2644186,different size: renamed to next free version -> Emilia Clarke 2.jpg
2026 TV SHOWS AND STARS/EMILIA CLARKE - DAENERYS TARGERYAN - GAME OF THRONES.jpg,842779,Emilia Clarke.jpg,Emilia Clarke.jpg,2644186,different size: renamed to next free version -> Emilia Clarke 3.jpg
2026 TV SHOWS AND STARS/emily berrington 2016.jpg,1876648,Emily Berrington.jpg,Emily Berrington.jpg,1876648,same name and same size already in folder: left unrenamed
2026 TV SHOWS AND STARS/Emily Blunt MH (2).jpg,2459930,Emily Blunt MH.jpg,Emily Blunt MH.jpg,2623590,different size: renamed to next free version -> Emily Blunt 2 MH.jpg
2026 TV SHOWS AND STARS/Emily Ratajkowski (2).jpg,560199,Emily Ratajkowski.jpg,Emily Ratajkowski.jpg,323289,different size: renamed to next free version -> Emily Ratajkowski 2.jpg
2026 TV SHOWS AND STARS/Eric-Morcambe.jpg,220780,Eric Morecambe.jpg,Eric Morecambe.jpg,2484829,different size: renamed to next free version -> Eric Morecambe 2.jpg
2026 TV SHOWS AND STARS/Eric_Pollard (1).jpg,492076,Eric Pollard.jpg,Eric Pollard.jpg,427252,different size: renamed to next free version -> Eric Pollard 2.jpg
2026 TV SHOWS AND STARS/Father TED (2).jpg,1831960,Father Ted.jpg,Father Ted.jpg,1831960,same name and same size already in folder: left unrenamed
2026 TV SHOWS AND STARS/Ferne Cotton.JPG,3034406,Fearne Cotton.jpg,Fearne Cotton.jpg,2956012,different size: renamed to next free version -> Fearne Cotton 2.jpg
2026 TV SHOWS AND STARS/finn jones the defenders 2020 Face.jpg,828641,Finn Jones.jpg,Finn Jones.jpg,765871,different size: renamed to next free version -> Finn Jones 2.jpg
2026 TV SHOWS AND STARS/Flavia Cacace 2016.jpg,491105,Flavia Cacace.jpg,Flavia Cacace.jpg,302246,different size: renamed to next free version -> Flavia Cacace 2.jpg
2026 TV SHOWS AND STARS/frank gallagher shameless.jpg,190481,Frank Gallagher.jpg,Frank Gallagher.jpg,3522007,different size: renamed to next free version -> Frank Gallagher 2.jpg
2026 TV SHOWS AND STARS/Gemma Atkinson  2016 CPDVD.jpg,3562270,Gemma Atkinson.jpg,Gemma Atkinson.jpg,2949262,different size: renamed to next free version -> Gemma Atkinson 2.jpg
2026 TV SHOWS AND STARS/Gemma Atkinson (2).jpg,3034847,Gemma Atkinson.jpg,Gemma Atkinson.jpg,2949262,different size: renamed to next free version -> Gemma Atkinson 3.jpg
2026 TV SHOWS AND STARS/Gemma Atkinson CPDVD.jpg,3562270,Gemma Atkinson.jpg,Gemma Atkinson 2.jpg,3562270,same size as an existing numbered version: left unrenamed
2026 TV SHOWS AND STARS/genmma atkinson 2.jpg,602388,Gemma Atkinson 2.jpg,Gemma Atkinson 2.jpg,3562270,different size: renamed to next free version -> Gemma Atkinson 4.jpg
2026 TV SHOWS AND STARS/geordie-shore-lads_1.jpg,1789580,Lads (Geordie Shore).jpg,Lads (Geordie Shore).jpg,1789580,same name and same size already in folder: left unrenamed
2026 TV SHOWS AND STARS/geordie-shore-lads_2.jpg,1779665,Lads (Geordie Shore) 2.jpg,Lads (Geordie Shore) 2.jpg,1779665,same name and same size already in folder: left unrenamed
2026 TV SHOWS AND STARS/Greg_Walace__tv stars 2018.jpg,203149,Greg Walace.jpg,Greg Walace.jpg,234416,different size: renamed to next free version -> Greg Walace 2.jpg
2026 TV SHOWS AND STARS/GWENDOLINE CHRISTIE - BRIENNE OF TARTH - GAME OF THRONES.jpg,1035390,Gwendoline Christie.jpg,Gwendoline Christie.jpg,440541,different size: renamed to next free version -> Gwendoline Christie 2.jpg
2026 TV SHOWS AND STARS/hercule Piorot.jpg,2896272,Hercule Poirot.jpg,Hercule Poirot.jpg,1808069,different size: renamed to next free version -> Hercule Poirot 2.jpg
2026 TV SHOWS AND STARS/Holland Roden 2016 NEW.jpg,2076628,Holland Roden.jpg,Holland Roden.jpg,2712292,different size: renamed to next free version -> Holland Roden 2.jpg
2026 TV SHOWS AND STARS/Holland Roden MH (2).jpg,2119020,Holland Roden MH.jpg,Holland Roden MH.jpg,2312234,different size: renamed to next free version -> Holland Roden 2 MH.jpg
2026 TV SHOWS AND STARS/Holland Roden NEW.jpg,2076628,Holland Roden.jpg,Holland Roden 2.jpg,2076628,same size as an existing numbered version: left unrenamed
2026 TV SHOWS AND STARS/Holly Hagan (2).jpg,336853,Holly Hagan.jpg,Holly Hagan.jpg,2663448,different size: renamed to next free version -> Holly Hagan 2.jpg
2026 TV SHOWS AND STARS/Holly Hagan (3).jpg,649125,Holly Hagan.jpg,Holly Hagan.jpg,2663448,different size: renamed to next free version -> Holly Hagan 3.jpg
2026 TV SHOWS AND STARS/Holly Willoughby (2).jpg,2626002,Holly Willoughby.jpg,Holly Willoughby.jpg,4172638,different size: renamed to next free version -> Holly Willoughby 2.jpg
2026 TV SHOWS AND STARS/Ian Beale -tramp.jpg,1659594,Ian Beale.jpg,Ian Beale.jpg,406031,different size: renamed to next free version -> Ian Beale 2.jpg
2026 TV SHOWS AND STARS/ian-beale.jpg,2024192,Ian Beale.jpg,Ian Beale.jpg,406031,different size: renamed to next free version -> Ian Beale 3.jpg
2026 TV SHOWS AND STARS/INSPECTOR MORSE (2).jpg,516184,Inspector Morse.jpg,Inspector Morse.jpg,605839,different size: renamed to next free version -> Inspector Morse 2.jpg
2026 TV SHOWS AND STARS/JACK FINCHAM LOVE ISLAND 2018.jpg,1333387,Jack Fincham.jpg,Jack Fincham.jpg,1727858,different size: renamed to next free version -> Jack Fincham 2.jpg
2026 TV SHOWS AND STARS/JACK GLEESON - JOFFREY BARATHEON - GAME OF THRONES.jpg,1034826,Jack Gleeson.jpg,Jack Gleeson.jpg,579944,different size: renamed to next free version -> Jack Gleeson 2.jpg
2026 TV SHOWS AND STARS/jack-whitehall.jpg,1684179,Jack Whitehall.jpg,Jack Whitehall.jpg,3127011,different size: renamed to next free version -> Jack Whitehall 2.jpg
2026 TV SHOWS AND STARS/Jake Hall TOWIE .jpg,2701299,Jake Hall.jpg,Jake Hall.jpg,287804,different size: renamed to next free version -> Jake Hall 2.jpg
2026 TV SHOWS AND STARS/Jake Hall TOWIE 2016.jpg,2701299,Jake Hall.jpg,Jake Hall 2.jpg,2701299,same size as an existing numbered version: left unrenamed
2026 TV SHOWS AND STARS/James Corden (2).jpg,2101659,James Corden.jpg,James Corden.jpg,2869397,different size: renamed to next free version -> James Corden 2.jpg
2026 TV SHOWS AND STARS/JAMES MAY (2).JPG,2652454,James May.jpg,James May.jpg,2495399,different size: renamed to next free version -> James May 2.jpg
2026 TV SHOWS AND STARS/James-Jordan STRICTLY.jpg,1590571,James Jordan.jpg,James Jordan.jpg,2283226,different size: renamed to next free version -> James Jordan 2.jpg
2026 TV SHOWS AND STARS/jamie laing made in chelsea.jpg,1247235,Jamie Laing.jpg,Jamie Laing.jpg,1746315,different size: renamed to next free version -> Jamie Laing 2.jpg
2026 TV SHOWS AND STARS/Jamie Oliver - Chef.JPG,2492664,Jamie Oliver.jpg,Jamie Oliver.jpg,2566129,different size: renamed to next free version -> Jamie Oliver 2.jpg
2026 TV SHOWS AND STARS/Jamie Reed towie.jpg,345665,Jamie Reed.jpg,Jamie Reed.jpg,402189,different size: renamed to next free version -> Jamie Reed 2.jpg
2026 TV SHOWS AND STARS/Jane Beale 2015.jpg,741595,Jane Beale.jpg,Jane Beale.jpg,437107,different size: renamed to next free version -> Jane Beale 2.jpg
2026 TV SHOWS AND STARS/Janet Street Porter (2).jpg,1285085,Janet Street Porter.jpg,Janet Street Porter.jpg,1285085,same name and same size already in folder: left unrenamed
2026 TV SHOWS AND STARS/Jasmin Walia Towie 2016.jpg,2602271,Jasmin Walia.jpg,Jasmin Walia.jpg,2602271,same name and same size already in folder: left unrenamed
2026 TV SHOWS AND STARS/Jason_Bradbury.jpg,2329550,Jason Bradbury.jpg,Jason Bradbury.jpg,2345062,different size: renamed to next free version -> Jason Bradbury 2.jpg
2026 TV SHOWS AND STARS/Jenifer Saunders.JPG,3387005,Jennifer Saunders.jpg,Jennifer Saunders.jpg,2809700,different size: renamed to next free version -> Jennifer Saunders 2.jpg
2026 TV SHOWS AND STARS/jenna ortega wednesday addams.jpg,1251068,Jenna Ortega.jpg,Jenna Ortega.jpg,2008730,different size: renamed to next free version -> Jenna Ortega 2.jpg
2026 TV SHOWS AND STARS/jennifer_saunders.jpg,2809700,Jennifer Saunders.jpg,Jennifer Saunders.jpg,2809700,same name and same size already in folder: left unrenamed
2026 TV SHOWS AND STARS/Jim carter - Mr Carson Downton.jpg,1539079,Jim Carter.jpg,Jim Carter.jpg,824190,different size: renamed to next free version -> Jim Carter 2.jpg
2026 TV SHOWS AND STARS/Jimmy-Tarbuck.jpg,1573865,Jimmy Tarbuck.jpg,Jimmy Tarbuck.jpg,1604342,different size: renamed to next free version -> Jimmy Tarbuck 2.jpg
2026 TV SHOWS AND STARS/Joan Collins benidorm.jpg,608452,Joan Collins.jpg,Joan Collins.jpg,521666,different size: renamed to next free version -> Joan Collins 2.jpg
2026 TV SHOWS AND STARS/joanna Lumley (2).jpg,3828970,Joanna Lumley.jpg,Joanna Lumley.jpg,876801,different size: renamed to next free version -> Joanna Lumley 2.jpg
2026 TV SHOWS AND STARS/Joey essex 2014.jpg,2742194,Joey Essex.jpg,Joey Essex.jpg,2279363,different size: renamed to next free version -> Joey Essex 2.jpg
2026 TV SHOWS AND STARS/John Barrowman (2).jpg,145168,John Barrowman.jpg,John Barrowman.jpg,2933543,different size: renamed to next free version -> John Barrowman 2.jpg
2026 TV SHOWS AND STARS/John McCririck 2014.jpg,2115037,John McCririck.jpg,John McCririck.jpg,3160561,different size: renamed to next free version -> John McCririck 2.jpg
2026 TV SHOWS AND STARS/John Shelby Peaky Blinders.jpg,522698,John Shelby.jpg,John Shelby.jpg,163277,different size: renamed to next free version -> John Shelby 2.jpg
2026 TV SHOWS AND STARS/Jorgie Porter Im A CELEB.jpg,351033,Jorgie Porter.jpg,Jorgie Porter.jpg,1347529,different size: renamed to next free version -> Jorgie Porter 2.jpg
2026 TV SHOWS AND STARS/JudyFinnegan1.jpg,1553012,Judy Finnegan.jpg,Judy Finnegan.jpg,2290198,different size: renamed to next free version -> Judy Finnegan 2.jpg
2026 TV SHOWS AND STARS/KATIE PRICE 2017.jpg,1274329,Katie Price.jpg,Katie Price.jpg,896410,different size: renamed to next free version -> Katie Price 3.jpg
2026 TV SHOWS AND STARS/Keith Chegwin 2013.jpg,4107023,Keith Chegwin.jpg,Keith Chegwin.jpg,1969556,different size: renamed to next free version -> Keith Chegwin 2.jpg
2026 TV SHOWS AND STARS/kendall jenner (2).jpg,365435,Kendall Jenner.jpg,Kendall Jenner.jpg,1956433,different size: renamed to next free version -> Kendall Jenner 2.jpg
2026 TV SHOWS AND STARS/KENDALL JENNER (3).jpg,1085540,Kendall Jenner.jpg,Kendall Jenner.jpg,1956433,different size: renamed to next free version -> Kendall Jenner 3.jpg
2026 TV SHOWS AND STARS/Kendell Jenner (2).jpg,1241041,Kendall Jenner.jpg,Kendall Jenner.jpg,1956433,different size: renamed to next free version -> Kendall Jenner 4.jpg
2026 TV SHOWS AND STARS/KENDELL JENNER.jpg,1202610,Kendall Jenner.jpg,Kendall Jenner.jpg,1956433,different size: renamed to next free version -> Kendall Jenner 5.jpg
2026 TV SHOWS AND STARS/Kenneth Benidorm.jpg,983135,Kenneth (Benidorm).jpg,Kenneth (Benidorm).jpg,405739,different size: renamed to next free version -> Kenneth (Benidorm) 2.jpg
2026 TV SHOWS AND STARS/kevin mcloud.jpg,2160300,Kevin McCloud.jpg,Kevin McCloud.jpg,269940,different size: renamed to next free version -> Kevin McCloud 2.jpg
2026 TV SHOWS AND STARS/kim kardashian (2).jpg,1290309,Kim Kardashian.jpg,Kim Kardashian.jpg,2336841,different size: renamed to next free version -> Kim Kardashian 3.jpg
2026 TV SHOWS AND STARS/KIM KARDASHIAN (3).jpg,1116047,Kim Kardashian.jpg,Kim Kardashian.jpg,2336841,different size: renamed to next free version -> Kim Kardashian 4.jpg
2026 TV SHOWS AND STARS/Kim Kardashian 2018.jpg,1543114,Kim Kardashian.jpg,Kim Kardashian.jpg,2336841,different size: renamed to next free version -> Kim Kardashian 5.jpg
2026 TV SHOWS AND STARS/Kim-Kardashian-Net-Worth.jpg,1125744,Kim Kardashian.jpg,Kim Kardashian.jpg,2336841,different size: renamed to next free version -> Kim Kardashian 6.jpg
2026 TV SHOWS AND STARS/KIT HARRINGTON - JON SNOW - GAME OF THRONES.jpg,790374,Kit Harington.jpg,Kit Harington.jpg,3069531,different size: renamed to next free version -> Kit Harington 2.jpg
2026 TV SHOWS AND STARS/kourtney Kardashian (2).jpg,1107415,Kourtney Kardashian.jpg,Kourtney Kardashian.jpg,2550430,different size: renamed to next free version -> Kourtney Kardashian 2.jpg
2026 TV SHOWS AND STARS/Kris Jenner (2).jpg,1280585,Kris Jenner.jpg,Kris Jenner.jpg,2305027,different size: renamed to next free version -> Kris Jenner 2.jpg
2026 TV SHOWS AND STARS/Kris Jenner_01.jpg,1170532,Kris Jenner.jpg,Kris Jenner.jpg,2305027,different size: renamed to next free version -> Kris Jenner 3.jpg
2026 TV SHOWS AND STARS/krysten ritter the defenders 2020 Face.jpg,1374196,Krysten Ritter.jpg,Krysten Ritter.jpg,2507941,different size: renamed to next free version -> Krysten Ritter 2.jpg
2026 TV SHOWS AND STARS/kylie jenner (2).jpg,315335,Kylie Jenner.jpg,Kylie Jenner.jpg,1634323,different size: renamed to next free version -> Kylie Jenner 2.jpg
2026 TV SHOWS AND STARS/kylie Jenner (3).jpg,1012447,Kylie Jenner.jpg,Kylie Jenner.jpg,1634323,different size: renamed to next free version -> Kylie Jenner 3.jpg
2026 TV SHOWS AND STARS/Lauren Cohan Walking Dead.jpg,308902,Lauren Cohan.jpg,Lauren Cohan.jpg,1226837,different size: renamed to next free version -> Lauren Cohan 2.jpg
2026 TV SHOWS AND STARS/Lauren Cohen Walking Dead.jpg,1203072,Lauren Cohan.jpg,Lauren Cohan.jpg,1226837,different size: renamed to next free version -> Lauren Cohan 3.jpg
2026 TV SHOWS AND STARS/Lauren Goodger 2012.jpg,2858286,Lauren Goodger.jpg,Lauren Goodger.jpg,1746442,different size: renamed to next free version -> Lauren Goodger 2.jpg
2026 TV SHOWS AND STARS/Lauren Pope TOWIE.jpg,405155,Lauren Pope.jpg,Lauren Pope.jpg,2375703,different size: renamed to next free version -> Lauren Pope 2.jpg
2026 TV SHOWS AND STARS/Len Goodman-Strictly.JPG,2703769,Len Goodman.jpg,Len Goodman.jpg,463306,different size: renamed to next free version -> Len Goodman 2.jpg
2026 TV SHOWS AND STARS/Les Dennis 2015.jpg,147681,Les Dennis.jpg,Les Dennis.jpg,485372,different size: renamed to next free version -> Les Dennis 2.jpg
2026 TV SHOWS AND STARS/Les_Dennis.jpg,1695432,Les Dennis.jpg,Les Dennis.jpg,485372,different size: renamed to next free version -> Les Dennis 3.jpg
2026 TV SHOWS AND STARS/Lisa_Riley.JPG,2251602,Lisa Riley.jpg,Lisa Riley.jpg,1069178,different size: renamed to next free version -> Lisa Riley 2.jpg
2026 TV SHOWS AND STARS/Louis Spence NEW (2).jpg,1564599,Louis Spence.jpg,Louis Spence.jpg,1926952,different size: renamed to next free version -> Louis Spence 2.jpg
2026 TV SHOWS AND STARS/Louis Walsh X Factor.png,4623537,Louis Walsh.png,Louis Walsh.png,4623537,same name and same size already in folder: left unrenamed
2026 TV SHOWS AND STARS/Lucy Mecklenburgh MINT (2).jpg,2108145,Lucy Mecklenburgh.jpg,Lucy Mecklenburgh.jpg,2165024,different size: renamed to next free version -> Lucy Mecklenburgh 2.jpg
2026 TV SHOWS AND STARS/madge1.jpg,2477818,Madge.jpg,Madge.jpg,1380292,different size: renamed to next free version -> Madge 2.jpg
2026 TV SHOWS AND STARS/Maisie Williams (2).jpg,440811,Maisie Williams.jpg,Maisie Williams.jpg,2736586,different size: renamed to next free version -> Maisie Williams 2.jpg
2026 TV SHOWS AND STARS/MAISIE WILLIAMS - ARYA STARK - GAME OF THRONES.jpg,1292206,Maisie Williams.jpg,Maisie Williams.jpg,2736586,different size: renamed to next free version -> Maisie Williams 3.jpg
2026 TV SHOWS AND STARS/MARGOT ROBBIE (2).jpg,1535700,Margot Robbie.jpg,Margot Robbie.jpg,3661510,different size: renamed to next free version -> Margot Robbie 2.jpg
2026 TV SHOWS AND STARS/Margot Robbie 2016 NEW.jpg,2618949,Margot Robbie.jpg,Margot Robbie.jpg,3661510,different size: renamed to next free version -> Margot Robbie 3.jpg
2026 TV SHOWS AND STARS/Margot Robbie NEW.jpg,2618949,Margot Robbie.jpg,Margot Robbie 3.jpg,2618949,same size as an existing numbered version: left unrenamed
2026 TV SHOWS AND STARS/Mark Wright 2016.jpg,931860,Mark Wright.jpg,Mark Wright.jpg,2883882,different size: renamed to next free version -> Mark Wright 2.jpg
2026 TV SHOWS AND STARS/marlon dingle 2017.jpg,441328,Marlon Dingle.jpg,Marlon Dingle.jpg,805599,different size: renamed to next free version -> Marlon Dingle 2.jpg
2026 TV SHOWS AND STARS/Mary Berry AMAZON.jpg,164784,Mary Berry.jpg,Mary Berry.jpg,1953654,different size: renamed to next free version -> Mary Berry 2.jpg
2026 TV SHOWS AND STARS/Mary Berry Bookl.JPG,2182882,Mary Berry.jpg,Mary Berry.jpg,1953654,different size: renamed to next free version -> Mary Berry 3.jpg
2026 TV SHOWS AND STARS/Matthew Kelly NEW.jpg,81182,Matthew Kelly.jpg,Matthew Kelly.jpg,2148030,different size: renamed to next free version -> Matthew Kelly 2.jpg
2026 TV SHOWS AND STARS/Max Branning New.jpg,1816547,Max Branning.jpg,Max Branning.jpg,1880351,different size: renamed to next free version -> Max Branning 2.jpg
2026 TV SHOWS AND STARS/megan-mckenna.jpg,999838,Megan McKenna.jpg,Megan McKenna.jpg,558488,different size: renamed to next free version -> Megan McKenna 2.jpg
2026 TV SHOWS AND STARS/Mel from Bake Off.JPG,2434923,Mel (Bake Off).jpg,Mel (Bake Off).jpg,1745500,different size: renamed to next free version -> Mel (Bake Off) 2.jpg
2026 TV SHOWS AND STARS/Mercedes Mcqueen Hollyoaks.jpg,1310310,Mercedes McQueen.jpg,Mercedes McQueen.jpg,304604,different size: renamed to next free version -> Mercedes McQueen 2.jpg
2026 TV SHOWS AND STARS/Michael parkinson copy.jpg,299335,Michael Parkinson.jpg,Michael Parkinson.jpg,1132287,different size: renamed to next free version -> Michael Parkinson 2.jpg
2026 TV SHOWS AND STARS/Millie Mackintosh (2).jpg,1928252,Millie Mackintosh.jpg,Millie Mackintosh.jpg,1982841,different size: renamed to next free version -> Millie Mackintosh 2.jpg
2026 TV SHOWS AND STARS/millie mackintosh - made in chelsea.jpg,2041735,Millie Mackintosh.jpg,Millie Mackintosh.jpg,1982841,different size: renamed to next free version -> Millie Mackintosh 3.jpg
2026 TV SHOWS AND STARS/miranda best (2).jpg,2446448,Miranda Hart.jpg,Miranda Hart.jpg,1950703,different size: renamed to next free version -> Miranda Hart 2.jpg
2026 TV SHOWS AND STARS/miranda best.jpg,2636821,Miranda Hart.jpg,Miranda Hart.jpg,1950703,different size: renamed to next free version -> Miranda Hart 3.jpg
2026 TV SHOWS AND STARS/Mirander Hart.JPG,1688781,Miranda Hart.jpg,Miranda Hart.jpg,1950703,different size: renamed to next free version -> Miranda Hart 4.jpg
2026 TV SHOWS AND STARS/Miss Marple New.jpg,1970574,Miss Marple.jpg,Miss Marple.jpg,1713296,different size: renamed to next free version -> Miss Marple 2.jpg
2026 TV SHOWS AND STARS/MrsBrown.jpg,2438378,Mrs Brown.jpg,Mrs Brown.jpg,1887705,different size: renamed to next free version -> Mrs Brown 2.jpg
2026 TV SHOWS AND STARS/Nanny Pat 2017.jpg,457073,Nanny Pat.jpg,Nanny Pat.jpg,2206313,different size: renamed to next free version -> Nanny Pat 2.jpg
2026 TV SHOWS AND STARS/NATALIE DORMER 2016.jpg,329290,Natalie Dormer.jpg,Natalie Dormer.jpg,1236753,different size: renamed to next free version -> Natalie Dormer 2.jpg
2026 TV SHOWS AND STARS/Neil - Inbetweeners 2012.JPG,1425454,Neil (The Inbetweeners).jpg,Neil (The Inbetweeners).jpg,1698918,different size: renamed to next free version -> Neil (The Inbetweeners) 2.jpg
2026 TV SHOWS AND STARS/Nicole Scherzinger (2).jpg,3105182,Nicole Scherzinger.jpg,Nicole Scherzinger.jpg,2631012,different size: renamed to next free version -> Nicole Scherzinger 2.jpg
2026 TV SHOWS AND STARS/Noel Edmonds MINT.jpg,1997616,Noel Edmonds.jpg,Noel Edmonds.jpg,495615,different size: renamed to next free version -> Noel Edmonds 2.jpg
2026 TV SHOWS AND STARS/Noel Fielding (2).jpg,2259491,Noel Fielding.jpg,Noel Fielding.jpg,2274123,different size: renamed to next free version -> Noel Fielding 2.jpg
2026 TV SHOWS AND STARS/Noel_Edmonds_2006.jpg,495615,Noel Edmonds.jpg,Noel Edmonds.jpg,495615,same name and same size already in folder: left unrenamed
2026 TV SHOWS AND STARS/norman-reedus Walking Dead - Fox 0502 subsitute.jpg,321343,Norman Reedus.jpg,Norman Reedus.jpg,3143588,different size: renamed to next free version -> Norman Reedus 2.jpg
2026 TV SHOWS AND STARS/o-DENISE-WELCH-facebook.jpg,2506641,Denise Welch.jpg,Denise Welch.jpg,681442,different size: renamed to next free version -> Denise Welch 2.jpg
2026 TV SHOWS AND STARS/paddy mcguiness (2).jpg,831317,Paddy McGuiness.jpg,Paddy McGuiness.jpg,1693301,different size: renamed to next free version -> Paddy McGuiness 2.jpg
2026 TV SHOWS AND STARS/paul hollywood (2).jpg,1401333,Paul Hollywood.jpg,Paul Hollywood.jpg,2149550,different size: renamed to next free version -> Paul Hollywood 2.jpg
2026 TV SHOWS AND STARS/Peter Jones Dragons Den.JPG,3237689,Peter Jones.jpg,Peter Jones.jpg,1216166,different size: renamed to next free version -> Peter Jones 2.jpg
2026 TV SHOWS AND STARS/Phillip Schofield (2).jpg,2509625,Phillip Schofield.jpg,Phillip Schofield.jpg,2509625,same name and same size already in folder: left unrenamed
2026 TV SHOWS AND STARS/Phillip_Schofield__TV stars 2018.jpg,273671,Phillip Schofield.jpg,Phillip Schofield.jpg,2509625,different size: renamed to next free version -> Phillip Schofield 2.jpg
2026 TV SHOWS AND STARS/playboy hugh hefner.jpg,8304067,Hugh Hefner.jpg,Hugh Hefner.jpg,2938552,different size: renamed to next free version -> Hugh Hefner 2.jpg
2026 TV SHOWS AND STARS/pollyanna-woodward gadget show.jpg,103351,Pollyanna Woodward.jpg,Pollyanna Woodward.jpg,445287,different size: renamed to next free version -> Pollyanna Woodward 2.jpg
2026 TV SHOWS AND STARS/Pryce-GAME OF THRONES.jpg,2228964,Pryce (Game of Thrones).jpg,Pryce (Game of Thrones).jpg,2228964,same name and same size already in folder: left unrenamed
2026 TV SHOWS AND STARS/RICHARD MADELEY (2).jpg,2614792,Richard Madeley.jpg,Richard Madeley.jpg,2614792,same name and same size already in folder: left unrenamed
2026 TV SHOWS AND STARS/richard-branson.jpg,389931,Richard Branson.jpg,Richard Branson.jpg,2676302,different size: renamed to next free version -> Richard Branson 2.jpg
2026 TV SHOWS AND STARS/Ricky Gervais (2).jpg,2334255,Ricky Gervais.jpg,Ricky Gervais.jpg,2374931,different size: renamed to next free version -> Ricky Gervais 2.jpg
2026 TV SHOWS AND STARS/ricky gervais NEW.jpg,1732514,Ricky Gervais.jpg,Ricky Gervais.jpg,2374931,different size: renamed to next free version -> Ricky Gervais 3.jpg
2026 TV SHOWS AND STARS/River-Boys-home n away.jpg,923711,River Boys.jpg,River Boys.jpg,899940,different size: renamed to next free version -> River Boys 3.jpg
2026 TV SHOWS AND STARS/Rob Brydon (2).jpg,3814562,Rob Brydon.jpg,Rob Brydon.jpg,7645646,different size: renamed to next free version -> Rob Brydon 2.jpg
2026 TV SHOWS AND STARS/rob kardashain.jpg,986223,Rob Kardashian.jpg,Rob Kardashian.jpg,11003838,different size: renamed to next free version -> Rob Kardashian 2.jpg
2026 TV SHOWS AND STARS/robbie jackson dean gaffney.jpg,1513632,Dean Gaffney.jpg,Dean Gaffney.jpg,3173214,different size: renamed to next free version -> Dean Gaffney 2.jpg
2026 TV SHOWS AND STARS/Rodney Trotter 2014.jpg,1413891,Rodney Trotter.jpg,Rodney Trotter.jpg,2005583,different size: renamed to next free version -> Rodney Trotter 2.jpg
2026 TV SHOWS AND STARS/rodney Trotter 2017.jpg,86469,Rodney Trotter.jpg,Rodney Trotter.jpg,2005583,different size: renamed to next free version -> Rodney Trotter 3.jpg
2026 TV SHOWS AND STARS/Ronnie Corbett (2).jpg,3398321,Ronnie Corbett.jpg,Ronnie Corbett.jpg,3398321,same name and same size already in folder: left unrenamed
2026 TV SHOWS AND STARS/ronnie mithcell samantha womack.jpg,307164,Samantha Womack.jpg,Samantha Womack.jpg,2120695,different size: renamed to next free version -> Samantha Womack 2.jpg
2026 TV SHOWS AND STARS/Ronnie O'Sullivan Snooker.jpg,2321001,Ronnie O'Sullivan.jpg,Ronnie O'Sullivan.jpg,908411,different size: renamed to next free version -> Ronnie O'Sullivan 2.jpg
2026 TV SHOWS AND STARS/Rosie Fortescue best.jpg,1669201,Rosie Fortescue.jpg,Rosie Fortescue.jpg,1717930,different size: renamed to next free version -> Rosie Fortescue 2.jpg
2026 TV SHOWS AND STARS/Rosie Fortescue Chelsea.jpg,1613339,Rosie Fortescue.jpg,Rosie Fortescue.jpg,1717930,different size: renamed to next free version -> Rosie Fortescue 3.jpg
2026 TV SHOWS AND STARS/Rowan atkin - black adder blackadder.jpg,838562,Rowan Atkinson.jpg,Rowan Atkinson.jpg,2357618,different size: renamed to next free version -> Rowan Atkinson 3.jpg
2026 TV SHOWS AND STARS/Rowan Atkinson (2).jpg,2357618,Rowan Atkinson.jpg,Rowan Atkinson.jpg,2357618,same name and same size already in folder: left unrenamed
2026 TV SHOWS AND STARS/Russell Brand (2).jpg,973164,Russell Brand.jpg,Russell Brand.jpg,10999914,different size: renamed to next free version -> Russell Brand 2.jpg
2026 TV SHOWS AND STARS/russell brand MINT.jpg,11076626,Russell Brand.jpg,Russell Brand.jpg,10999914,different size: renamed to next free version -> Russell Brand 3.jpg
2026 TV SHOWS AND STARS/Sally Phillips (2).jpg,2336602,Sally Phillips.jpg,Sally Phillips.jpg,2296444,different size: renamed to next free version -> Sally Phillips 2.jpg
2026 TV SHOWS AND STARS/Sam (2).jpg,359362,Sam.jpg,Sam.jpg,2322632,different size: renamed to next free version -> Sam 2.jpg
2026 TV SHOWS AND STARS/Sam Friers 2015.jpg,1289741,Sam Friers.jpg,Sam Friers.jpg,3940239,different size: renamed to next free version -> Sam Friers 2.jpg
2026 TV SHOWS AND STARS/Samia Ghadie CPDVD.jpg,2738768,Samia Ghadie.jpg,Samia Ghadie.jpg,2738768,same name and same size already in folder: left unrenamed
2026 TV SHOWS AND STARS/Sandi Toksvig Bake Off 2017.jpg,460008,Sandi Toksvig.jpg,Sandi Toksvig.jpg,396985,different size: renamed to next free version -> Sandi Toksvig 2.jpg
2026 TV SHOWS AND STARS/Scott disick (2).jpg,1343651,Scott Disick.jpg,Scott Disick.jpg,2345904,different size: renamed to next free version -> Scott Disick 2.jpg
2026 TV SHOWS AND STARS/sex_and_the_city mr big.jpg,1757103,Mr Big.jpg,Mr Big.jpg,1775707,different size: renamed to next free version -> Mr Big 2.jpg
2026 TV SHOWS AND STARS/Sharon Osborne AMAZON.jpg,2007119,Sharon Osborne.jpg,Sharon Osborne.jpg,2426717,different size: renamed to next free version -> Sharon Osborne 2.jpg
2026 TV SHOWS AND STARS/Sharon Osbourne X Factor.jpg,2007119,Sharon Osbourne.jpg,Sharon Osbourne.jpg,2007119,same name and same size already in folder: left unrenamed
2026 TV SHOWS AND STARS/SHON McGARTY MH.jpg,1922299,Shona McGarty MH.jpg,Shona McGarty MH.jpg,2244533,different size: renamed to next free version -> Shona McGarty 2 MH.jpg
2026 TV SHOWS AND STARS/simon Cowel Mint.jpg,2127927,Simon Cowell.jpg,Simon Cowell.jpg,2775205,different size: renamed to next free version -> Simon Cowell 2.jpg
2026 TV SHOWS AND STARS/Simon Cowell New.jpg,2002498,Simon Cowell.jpg,Simon Cowell.jpg,2775205,different size: renamed to next free version -> Simon Cowell 3.jpg
2026 TV SHOWS AND STARS/Simon Cowell X Factor (2).jpg,2002498,Simon Cowell.jpg,Simon Cowell 3.jpg,2002498,same size as an existing numbered version: left unrenamed
2026 TV SHOWS AND STARS/Simon Cowell X Factor.jpg,2002498,Simon Cowell.jpg,Simon Cowell 3.jpg,2002498,same size as an existing numbered version: left unrenamed
2026 TV SHOWS AND STARS/SOPHIE TURNER - SANSA STARK - GAME OF THRONES.jpg,1134185,Sophie Turner.jpg,Sophie Turner.jpg,524568,different size: renamed to next free version -> Sophie Turner 2.jpg
2026 TV SHOWS AND STARS/Sophie Turner New 08 2016.jpg,2299048,Sophie Turner 8.jpg,Sophie Turner 8.jpg,2299048,same name and same size already in folder: left unrenamed
2026 TV SHOWS AND STARS/Stacey Solomon CPDVD.jpg,4119884,Stacey Solomon.jpg,Stacey Solomon.jpg,2883626,different size: renamed to next free version -> Stacey Solomon 2.jpg
2026 TV SHOWS AND STARS/Stephen Fry (2).jpg,3520938,Stephen Fry.jpg,Stephen Fry.jpg,2385594,different size: renamed to next free version -> Stephen Fry 2.jpg
2026 TV SHOWS AND STARS/Stephen Fry (3).jpg,3029327,Stephen Fry.jpg,Stephen Fry.jpg,2385594,different size: renamed to next free version -> Stephen Fry 3.jpg
2026 TV SHOWS AND STARS/steve pemberton (2).jpg,1964242,Steve Pemberton.jpg,Steve Pemberton.jpg,1964242,same name and same size already in folder: left unrenamed
2026 TV SHOWS AND STARS/Steven yeun Walking Dead.jpg,369017,Steven Yeun.jpg,Steven Yeun.jpg,352498,different size: renamed to next free version -> Steven Yeun 2.jpg
2026 TV SHOWS AND STARS/sybil Fawlty 2015.jpg,244781,Sybil Fawlty.jpg,Sybil Fawlty.jpg,2204617,different size: renamed to next free version -> Sybil Fawlty 2.jpg
2026 TV SHOWS AND STARS/Ted Danson (2).jpg,2941152,Ted Danson.jpg,Ted Danson.jpg,390375,different size: renamed to next free version -> Ted Danson 2.jpg
2026 TV SHOWS AND STARS/The Krankies - Copy.jpg,307412,The Krankies.jpg,The Krankies.jpg,307412,same name and same size already in folder: left unrenamed
2026 TV SHOWS AND STARS/The Krankies 1.jpg,1910037,The Krankies.jpg,The Krankies.jpg,307412,different size: renamed to next free version -> The Krankies 2.jpg
2026 TV SHOWS AND STARS/Tom Pearce (2).jpg,460081,Tom Pearce.jpg,Tom Pearce.jpg,2111470,different size: renamed to next free version -> Tom Pearce 2.jpg
2026 TV SHOWS AND STARS/Tom Pearce (3).jpg,469797,Tom Pearce.jpg,Tom Pearce.jpg,2111470,different size: renamed to next free version -> Tom Pearce 3.jpg
2026 TV SHOWS AND STARS/Tom Pearce Towie.jpg,2846928,Tom Pearce.jpg,Tom Pearce.jpg,2111470,different size: renamed to next free version -> Tom Pearce 4.jpg
2026 TV SHOWS AND STARS/Tony Hutchinson Hollyoaks.jpg,1407515,Tony Hutchinson.jpg,Tony Hutchinson.jpg,2325903,different size: renamed to next free version -> Tony Hutchinson 2.jpg
2026 TV SHOWS AND STARS/TORVILL AND DEANE.jpg,2652263,Torvill and Dean.jpg,Torvill and Dean.jpg,2597620,different size: renamed to next free version -> Torvill and Dean 2.jpg
2026 TV SHOWS AND STARS/Trigger (2).jpg,1925677,Trigger.jpg,Trigger.jpg,1925677,same name and same size already in folder: left unrenamed
2026 TV SHOWS AND STARS/TristanMacManus-0803.jpg,2346209,Tristan MacManus.jpg,Tristan MacManus.jpg,367175,different size: renamed to next free version -> Tristan MacManus 2.jpg
2026 TV SHOWS AND STARS/Vanessa Feltz (2).jpg,2594810,Vanessa Feltz.jpg,Vanessa Feltz.jpg,2594810,same name and same size already in folder: left unrenamed
2026 TV SHOWS AND STARS/Vannessa Feltz (2).jpg,2933831,Vanessa Feltz.jpg,Vanessa Feltz.jpg,2594810,different size: renamed to next free version -> Vanessa Feltz 2.jpg
2026 TV SHOWS AND STARS/Verne Troyer (2).jpg,1642634,Verne Troyer.jpg,Verne Troyer.jpg,2075304,different size: renamed to next free version -> Verne Troyer 2.jpg
2026 TV SHOWS AND STARS/vicky-pattison Geordie Shore.jpg,2537584,Vicky Pattison.jpg,Vicky Pattison.jpg,327312,different size: renamed to next free version -> Vicky Pattison 2.jpg
2026 TV SHOWS AND STARS/Victoria Justice MH (2).jpg,2358551,Victoria Justice MH.jpg,Victoria Justice MH.jpg,2561023,different size: renamed to next free version -> Victoria Justice 2 MH.jpg
2026 TV SHOWS AND STARS/wentworth-bee-smith.jpg,2328959,Wentworth Bee Smith.jpg,Wentworth Bee Smith.jpg,2328959,same name and same size already in folder: left unrenamed
2026 TV SHOWS AND STARS/wentworth-boomer.jpg,2364563,Wentworth Boomer.jpg,Wentworth Boomer.jpg,2364563,same name and same size already in folder: left unrenamed
2026 TV SHOWS AND STARS/wentworth-doreen.jpg,2001583,Wentworth Doreen.jpg,Wentworth Doreen.jpg,2001583,same name and same size already in folder: left unrenamed
2026 TV SHOWS AND STARS/wentworth-franky.jpg,1971393,Wentworth Franky.jpg,Wentworth Franky.jpg,1971393,same name and same size already in folder: left unrenamed
2026 TV SHOWS AND STARS/Wentworth-Kaz.jpg,2008538,Wentworth Kaz.jpg,Wentworth Kaz.jpg,2008538,same name and same size already in folder: left unrenamed
2026 TV SHOWS AND STARS/wentworth-vera.jpg,1677936,Wentworth Vera.jpg,Wentworth Vera.jpg,1677936,same name and same size already in folder: left unrenamed
2026 TV SHOWS AND STARS/2026 BENIDORM/Sheridan Smith Wallpapers 01 2020 Face.jpg,654709,Sheridan Smith.jpg,Sheridan Smith.jpg,436456,different size: renamed to next free version -> Sheridan Smith 2.jpg
2026 TV SHOWS AND STARS/2026 BENIDORM/SHERRIE HEWSON LOOSE WOMEN 2020 Face.jpg,507483,Sherrie Hewson.jpg,Sherrie Hewson.jpg,732370,different size: renamed to next free version -> Sherrie Hewson 2.jpg
2026 TV SHOWS AND STARS/2026 BENIDORM/Shridan Smith 2 2020 Face.jpg,525892,Sheridan Smith 2.jpg,Sheridan Smith 2.jpg,654709,different size: renamed to next free version -> Sheridan Smith 3.jpg
2026 TV SHOWS AND STARS/2026 Eastenders/Diane Parish DENNIS EASTENDERS 2020 Face.jpg,849464,Diane Parish.jpg,Diane Parish.jpg,1310779,different size: renamed to next free version -> Diane Parish 2.jpg
2026 TV SHOWS AND STARS/2026 Eastenders/Jacqueline Jossa aka Lauren Branning.jpg,354576,Jacqueline Jossa.jpg,Jacqueline Jossa.jpg,2292931,different size: renamed to next free version -> Jacqueline Jossa 2.jpg
2026 TV SHOWS AND STARS/2026 Eastenders/Jacqueline Jossa LAUREN EASTENDERS 2020 Face.jpg,1284530,Jacqueline Jossa.jpg,Jacqueline Jossa.jpg,2292931,different size: renamed to next free version -> Jacqueline Jossa 3.jpg
2026 TV SHOWS AND STARS/2026 Emmerdale/AARON DINGLE EMMERDALE.jpg,317836,Aaron Dingle.jpg,Aaron Dingle.jpg,1240111,different size: renamed to next free version -> Aaron Dingle 2.jpg
2026 TV SHOWS AND STARS/2026 Emmerdale/Megan Macey emmerdale face.jpg,1803768,Megan Macey.jpg,Megan Macey.jpg,443435,different size: renamed to next free version -> Megan Macey 2.jpg
2026 TV SHOWS AND STARS/2026 Emmerdale/victoria_sugden.jpg,500002,Victoria Sugden.jpg,Victoria Sugden.jpg,678400,different size: renamed to next free version -> Victoria Sugden 2.jpg
2026 TV SHOWS AND STARS/GEORDIE SHORE/Aaron Chalmers (2).jpg,420258,Aaron Chalmers.jpg,Aaron Chalmers.jpg,871321,different size: renamed to next free version -> Aaron Chalmers 2.jpg
2026 TV SHOWS AND STARS/GEORDIE SHORE/Aaron Chalmers 2015.jpg,309541,Aaron Chalmers.jpg,Aaron Chalmers.jpg,871321,different size: renamed to next free version -> Aaron Chalmers 3.jpg
2026 TV SHOWS AND STARS/Strictly Come Dancing/Giovanni Pernice Dancer.jpg,878230,Giovanni Pernice.jpg,Giovanni Pernice.jpg,1279428,different size: renamed to next free version -> Giovanni Pernice 2.jpg
2026 TV SHOWS AND STARS/Strictly Come Dancing/Trent-Whiddon.jpg,300860,Trent Whiddon.jpg,Trent Whiddon.jpg,2477379,different size: renamed to next free version -> Trent Whiddon 2.jpg
2026 TV SHOWS AND STARS/The office- American/foxy/Brian Baumgartner-The Office Foxy Alt.jpg,1955375,Brian Baumgartner.jpg,Brian Baumgartner.jpg,329797,different size: renamed to next free version -> Brian Baumgartner 2.jpg
2026 TV SHOWS AND STARS/TOWIE/Kyle Christie TOWIE.jpg,1841344,Kyle Christie.jpg,Kyle Christie.jpg,372679,different size: renamed to next free version -> Kyle Christie 2.jpg
2026 TV SHOWS AND STARS/TOWIE/Lewis Bloor. 2020 Face.jpg,393211,Lewis Bloor.jpg,Lewis Bloor.jpg,499501,different size: renamed to next free version -> Lewis Bloor 2.jpg
2026 WAGS AND MODELS/Ashley Graham (2).jpg,3689234,Ashley Graham.jpg,Ashley Graham.jpg,2731403,different size: renamed to next free version -> Ashley Graham 2.jpg
2026 WAGS AND MODELS/bella hadid (2).jpg,527496,Bella Hadid.jpg,Bella Hadid.jpg,3083016,different size: renamed to next free version -> Bella Hadid 2.jpg
2026 WAGS AND MODELS/Cara Delevigne (2).jpg,1934609,Cara Delevingne.jpg,Cara Delevingne.jpg,779348,different size: renamed to next free version -> Cara Delevingne 2.jpg
2026 WAGS AND MODELS/Cara Delevigne.jpg,1172169,Cara Delevingne.jpg,Cara Delevingne.jpg,779348,different size: renamed to next free version -> Cara Delevingne 3.jpg
2026 WAGS AND MODELS/Donna Air CPDVD.jpg,2681663,Donna Air.jpg,Donna Air.jpg,2681663,same name and same size already in folder: left unrenamed
