Handle,Title,Status,Option1 Name,Option1 Value,Option2 Name,Option2 Value,Variant SKU,Variant Price,Variant Inventory Policy,Variant Inventory Tracker,Variant Fulfillment Service,Variant Requires Shipping,Variant Taxable,Variant Grams
swizz-beatz-2025-celebrity-face-mask-fancy-dress-cardboard-costume-mask,Swizz Beatz Face Mask – Fancy Dress Cardboard Costume Mask,active,Style,Ready Cut,Fitting,Elastic,2025-409-RC-E,2.99,continue,,manual,TRUE,TRUE,100
swizz-beatz-2025-celebrity-face-mask-fancy-dress-cardboard-costume-mask,,,,Ready Cut,,Stick,2025-409-RC-S,3.49,continue,,manual,TRUE,TRUE,100
swizz-beatz-2025-celebrity-face-mask-fancy-dress-cardboard-costume-mask,,,,DIY,,Elastic,2025-409-DIY-E,1.50,continue,,manual,TRUE,TRUE,100
swizz-beatz-2025-celebrity-face-mask-fancy-dress-cardboard-costume-mask,,,,DIY,,Stick,2025-409-DIY-S,2.00,continue,,manual,TRUE,TRUE,100
taraji-p-henderson-celebrity-face-mask-fancy-dress-cardboard-costume-mask,Taraji P Henderson Celebrity Face Mask Fancy Dress Cardboard Costume Mask,active,Style,Ready Cut,Fitting,Elastic,2025-410-RC-E,2.99,continue,,manual,TRUE,TRUE,100
taraji-p-henderson-celebrity-face-mask-fancy-dress-cardboard-costume-mask,,,,Ready Cut,,Stick,2025-410-RC-S,3.49,continue,,manual,TRUE,TRUE,100
taraji-p-henderson-celebrity-face-mask-fancy-dress-cardboard-costume-mask,,,,DIY,,Elastic,2025-410-DIY-E,1.50,continue,,manual,TRUE,TRUE,100
taraji-p-henderson-celebrity-face-mask-fancy-dress-cardboard-costume-mask,,,,DIY,,Stick,2025-410-DIY-S,2.00,continue,,manual,TRUE,TRUE,100
taylor-swift-2025-celebrity-face-mask-fancy-dress-cardboard-costume-mask,Taylor Swift Face Mask – Fancy Dress Cardboard Costume Mask,active,Style,Ready Cut,Fitting,Elastic,2025-411-RC-E,2.99,continue,,manual,TRUE,TRUE,100
taylor-swift-2025-celebrity-face-mask-fancy-dress-cardboard-costume-mask,,,,Ready Cut,,Stick,2025-411-RC-S,3.49,continue,,manual,TRUE,TRUE,100
taylor-swift-2025-celebrity-face-mask-fancy-dress-cardboard-costume-mask,,,,DIY,,Elastic,2025-411-DIY-E,1.50,continue,,manual,TRUE,TRUE,100
taylor-swift-2025-celebrity-face-mask-fancy-dress-cardboard-costume-mask,,,,DIY,,Stick,2025-411-DIY-S,2.00,continue,,manual,TRUE,TRUE,100
td-jakes-celebrity-face-mask-fancy-dress-cardboard-costume-mask,TD Jakes Face Mask – Fancy Dress Cardboard Costume Mask,active,Style,Ready Cut,Fitting,Elastic,2025-412-RC-E,2.99,continue,,manual,TRUE,TRUE,100
td-jakes-celebrity-face-mask-fancy-dress-cardboard-costume-mask,,,,Ready Cut,,Stick,2025-412-RC-S,3.49,continue,,manual,TRUE,TRUE,100
td-jakes-celebrity-face-mask-fancy-dress-cardboard-costume-mask,,,,DIY,,Elastic,2025-412-DIY-E,1.50,continue,,manual,TRUE,TRUE,100
td-jakes-celebrity-face-mask-fancy-dress-cardboard-costume-mask,,,,DIY,,Stick,2025-412-DIY-S,2.00,continue,,manual,TRUE,TRUE,100
the-weeknd-2025-celebrity-face-mask-fancy-dress-cardboard-costume-mask,The Weeknd 2025 Celebrity Face Mask Fancy Dress Cardboard Costume Mask,active,Style,Ready Cut,Fitting,Elastic,2025-413-RC-E,2.99,continue,,manual,TRUE,TRUE,100
the-weeknd-2025-celebrity-face-mask-fancy-dress-cardboard-costume-mask,,,,Ready Cut,,Stick,2025-413-RC-S,3.49,continue,,manual,TRUE,TRUE,100
the-weeknd-2025-celebrity-face-mask-fancy-dress-cardboard-costume-mask,,,,DIY,,Elastic,2025-413-DIY-E,1.50,continue,,manual,TRUE,TRUE,100
the-weeknd-2025-celebrity-face-mask-fancy-dress-cardboard-costume-mask,,,,DIY,,Stick,2025-413-DIY-S,2.00,continue,,manual,TRUE,TRUE,100
tiffany-haddish-celebrity-face-mask-fancy-dress-cardboard-costume-mask,Tiffany Haddish Celebrity Face Mask Fancy Dress Cardboard Costume Mask,active,Style,Ready Cut,Fitting,Elastic,2025-414-RC-E,2.99,continue,,manual,TRUE,TRUE,100
tiffany-haddish-celebrity-face-mask-fancy-dress-cardboard-costume-mask,,,,Ready Cut,,Stick,2025-414-RC-S,3.49,continue,,manual,TRUE,TRUE,100
tiffany-haddish-celebrity-face-mask-fancy-dress-cardboard-costume-mask,,,,DIY,,Elastic,2025-414-DIY-E,1.50,continue,,manual,TRUE,TRUE,100
tiffany-haddish-celebrity-face-mask-fancy-dress-cardboard-costume-mask,,,,DIY,,Stick,2025-414-DIY-S,2.00,continue,,manual,TRUE,TRUE,100
tiger-woods-2025-celebrity-face-mask-fancy-dress-cardboard-costume-mask,Tiger Woods 2025 Celebrity Face Mask Fancy Dress Cardboard Costume Mask,active,Style,Ready Cut,Fitting,Elastic,2025-415-RC-E,2.99,continue,,manual,TRUE,TRUE,100
tiger-woods-2025-celebrity-face-mask-fancy-dress-cardboard-costume-mask,,,,Ready Cut,,Stick,2025-415-RC-S,3.49,continue,,manual,TRUE,TRUE,100
tiger-woods-2025-celebrity-face-mask-fancy-dress-cardboard-costume-mask,,,,DIY,,Elastic,2025-415-DIY-E,1.50,continue,,manual,TRUE,TRUE,100
tiger-woods-2025-celebrity-face-mask-fancy-dress-cardboard-costume-mask,,,,DIY,,Stick,2025-415-DIY-S,2.00,continue,,manual,TRUE,TRUE,100
timbaland-celebrity-face-mask-fancy-dress-cardboard-costume-mask,Timbaland Face Mask – Fancy Dress Cardboard Costume Mask,active,Style,Ready Cut,Fitting,Elastic,2025-416-RC-E,2.99,continue,,manual,TRUE,TRUE,100
timbaland-celebrity-face-mask-fancy-dress-cardboard-costume-mask,,,,Ready Cut,,Stick,2025-416-RC-S,3.49,continue,,manual,TRUE,TRUE,100
timbaland-celebrity-face-mask-fancy-dress-cardboard-costume-mask,,,,DIY,,Elastic,2025-416-DIY-E,1.50,continue,,manual,TRUE,TRUE,100
timbaland-celebrity-face-mask-fancy-dress-cardboard-costume-mask,,,,DIY,,Stick,2025-416-DIY-S,2.00,continue,,manual,TRUE,TRUE,100
lisa-lopez-tlc-celebrity-face-mask-fancy-dress-cardboard-costume-mask,Lisa Lopez Face Mask – Fancy Dress Cardboard Costume Mask,active,Style,Ready Cut,Fitting,Elastic,2025-417-RC-E,2.99,continue,,manual,TRUE,TRUE,100
lisa-lopez-tlc-celebrity-face-mask-fancy-dress-cardboard-costume-mask,,,,Ready Cut,,Stick,2025-417-RC-S,3.49,continue,,manual,TRUE,TRUE,100
lisa-lopez-tlc-celebrity-face-mask-fancy-dress-cardboard-costume-mask,,,,DIY,,Elastic,2025-417-DIY-E,1.50,continue,,manual,TRUE,TRUE,100
lisa-lopez-tlc-celebrity-face-mask-fancy-dress-cardboard-costume-mask,,,,DIY,,Stick,2025-417-DIY-S,2.00,continue,,manual,TRUE,TRUE,100
tracy-ellis-ross-celebrity-face-mask-fancy-dress-cardboard-costume-mask,Tracee Ellis Ross Face Mask – Fancy Dress Cardboard Costume Mask,active,Style,Ready Cut,Fitting,Elastic,2025-418-RC-E,2.99,continue,,manual,TRUE,TRUE,100
tracy-ellis-ross-celebrity-face-mask-fancy-dress-cardboard-costume-mask,,,,Ready Cut,,Stick,2025-418-RC-S,3.49,continue,,manual,TRUE,TRUE,100
tracy-ellis-ross-celebrity-face-mask-fancy-dress-cardboard-costume-mask,,,,DIY,,Elastic,2025-418-DIY-E,1.50,continue,,manual,TRUE,TRUE,100
tracy-ellis-ross-celebrity-face-mask-fancy-dress-cardboard-costume-mask,,,,DIY,,Stick,2025-418-DIY-S,2.00,continue,,manual,TRUE,TRUE,100
travis-scott-celebrity-face-mask-fancy-dress-cardboard-costume-mask,Travis Scott 2025 Celebrity Face Mask Fancy Dress Cardboard Costume Mask,active,Style,Ready Cut,Fitting,Elastic,2025-419-RC-E,2.99,continue,,manual,TRUE,TRUE,100
travis-scott-celebrity-face-mask-fancy-dress-cardboard-costume-mask,,,,Ready Cut,,Stick,2025-419-RC-S,3.49,continue,,manual,TRUE,TRUE,100
travis-scott-celebrity-face-mask-fancy-dress-cardboard-costume-mask,,,,DIY,,Elastic,2025-419-DIY-E,1.50,continue,,manual,TRUE,TRUE,100
travis-scott-celebrity-face-mask-fancy-dress-cardboard-costume-mask,,,,DIY,,Stick,2025-419-DIY-S,2.00,continue,,manual,TRUE,TRUE,100
trey-songz-celebrity-face-mask-fancy-dress-cardboard-costume-mask,Trey Songz Face Mask – Fancy Dress Cardboard Costume Mask,active,Style,Ready Cut,Fitting,Elastic,2025-420-RC-E,2.99,continue,,manual,TRUE,TRUE,100
trey-songz-celebrity-face-mask-fancy-dress-cardboard-costume-mask,,,,Ready Cut,,Stick,2025-420-RC-S,3.49,continue,,manual,TRUE,TRUE,100
trey-songz-celebrity-face-mask-fancy-dress-cardboard-costume-mask,,,,DIY,,Elastic,2025-420-DIY-E,1.50,continue,,manual,TRUE,TRUE,100
trey-songz-celebrity-face-mask-fancy-dress-cardboard-costume-mask,,,,DIY,,Stick,2025-420-DIY-S,2.00,continue,,manual,TRUE,TRUE,100
trump-2025-celebrity-face-mask-fancy-dress-cardboard-costume-mask,Trump Face Mask – Fancy Dress Cardboard Costume Mask,active,Style,Ready Cut,Fitting,Elastic,2025-421-RC-E,2.99,continue,,manual,TRUE,TRUE,100
trump-2025-celebrity-face-mask-fancy-dress-cardboard-costume-mask,,,,Ready Cut,,Stick,2025-421-RC-S,3.49,continue,,manual,TRUE,TRUE,100
trump-2025-celebrity-face-mask-fancy-dress-cardboard-costume-mask,,,,DIY,,Elastic,2025-421-DIY-E,1.50,continue,,manual,TRUE,TRUE,100
trump-2025-celebrity-face-mask-fancy-dress-cardboard-costume-mask,,,,DIY,,Stick,2025-421-DIY-S,2.00,continue,,manual,TRUE,TRUE,100
tyler-perry-celebrity-face-mask-fancy-dress-cardboard-costume-mask,Tyler Perry Face Mask – Fancy Dress Cardboard Costume Mask,active,Style,Ready Cut,Fitting,Elastic,2025-422-RC-E,2.99,continue,,manual,TRUE,TRUE,100
tyler-perry-celebrity-face-mask-fancy-dress-cardboard-costume-mask,,,,Ready Cut,,Stick,2025-422-RC-S,3.49,continue,,manual,TRUE,TRUE,100
tyler-perry-celebrity-face-mask-fancy-dress-cardboard-costume-mask,,,,DIY,,Elastic,2025-422-DIY-E,1.50,continue,,manual,TRUE,TRUE,100
tyler-perry-celebrity-face-mask-fancy-dress-cardboard-costume-mask,,,,DIY,,Stick,2025-422-DIY-S,2.00,continue,,manual,TRUE,TRUE,100
wendy-willlams-celebrity-face-mask-fancy-dress-cardboard-costume-mask,Wendy Williams Face Mask – Fancy Dress Cardboard Costume Mask,active,Style,Ready Cut,Fitting,Elastic,2025-423-RC-E,2.99,continue,,manual,TRUE,TRUE,100
wendy-willlams-celebrity-face-mask-fancy-dress-cardboard-costume-mask,,,,Ready Cut,,Stick,2025-423-RC-S,3.49,continue,,manual,TRUE,TRUE,100
wendy-willlams-celebrity-face-mask-fancy-dress-cardboard-costume-mask,,,,DIY,,Elastic,2025-423-DIY-E,1.50,continue,,manual,TRUE,TRUE,100
wendy-willlams-celebrity-face-mask-fancy-dress-cardboard-costume-mask,,,,DIY,,Stick,2025-423-DIY-S,2.00,continue,,manual,TRUE,TRUE,100
whoopi-goldberg-celebrity-face-mask-fancy-dress-cardboard-costume-mask,Whoopi Goldberg Face Mask – Fancy Dress Cardboard Costume Mask,active,Style,Ready Cut,Fitting,Elastic,2025-424-RC-E,2.99,continue,,manual,TRUE,TRUE,100
whoopi-goldberg-celebrity-face-mask-fancy-dress-cardboard-costume-mask,,,,Ready Cut,,Stick,2025-424-RC-S,3.49,continue,,manual,TRUE,TRUE,100
whoopi-goldberg-celebrity-face-mask-fancy-dress-cardboard-costume-mask,,,,DIY,,Elastic,2025-424-DIY-E,1.50,continue,,manual,TRUE,TRUE,100
whoopi-goldberg-celebrity-face-mask-fancy-dress-cardboard-costume-mask,,,,DIY,,Stick,2025-424-DIY-S,2.00,continue,,manual,TRUE,TRUE,100
will-smith-2025-celebrity-face-mask-fancy-dress-cardboard-costume-mask,Will Smith 2025 Celebrity Face Mask Fancy Dress Cardboard Costume Mask,active,Style,Ready Cut,Fitting,Elastic,2025-425-RC-E,2.99,continue,,manual,TRUE,TRUE,100
will-smith-2025-celebrity-face-mask-fancy-dress-cardboard-costume-mask,,,,Ready Cut,,Stick,2025-425-RC-S,3.49,continue,,manual,TRUE,TRUE,100
will-smith-2025-celebrity-face-mask-fancy-dress-cardboard-costume-mask,,,,DIY,,Elastic,2025-425-DIY-E,1.50,continue,,manual,TRUE,TRUE,100
will-smith-2025-celebrity-face-mask-fancy-dress-cardboard-costume-mask,,,,DIY,,Stick,2025-425-DIY-S,2.00,continue,,manual,TRUE,TRUE,100
wiz-khalifa-2025-celebrity-face-mask-fancy-dress-cardboard-costume-mask,Wiz Khalifa Face Mask – Fancy Dress Cardboard Costume Mask,active,Style,Ready Cut,Fitting,Elastic,2025-426-RC-E,2.99,continue,,manual,TRUE,TRUE,100
wiz-khalifa-2025-celebrity-face-mask-fancy-dress-cardboard-costume-mask,,,,Ready Cut,,Stick,2025-426-RC-S,3.49,continue,,manual,TRUE,TRUE,100
wiz-khalifa-2025-celebrity-face-mask-fancy-dress-cardboard-costume-mask,,,,DIY,,Elastic,2025-426-DIY-E,1.50,continue,,manual,TRUE,TRUE,100
wiz-khalifa-2025-celebrity-face-mask-fancy-dress-cardboard-costume-mask,,,,DIY,,Stick,2025-426-DIY-S,2.00,continue,,manual,TRUE,TRUE,100
young-chris-young-gunz-celebrity-face-mask-fancy-dress-cardboard-costume-mask,Young Chris - Young Gunz Celebrity Face Mask Fancy Dress Cardboard Costume Mask,active,Style,Ready Cut,Fitting,Elastic,2025-427-RC-E,2.99,continue,,manual,TRUE,TRUE,100
young-chris-young-gunz-celebrity-face-mask-fancy-dress-cardboard-costume-mask,,,,Ready Cut,,Stick,2025-427-RC-S,3.49,continue,,manual,TRUE,TRUE,100
young-chris-young-gunz-celebrity-face-mask-fancy-dress-cardboard-costume-mask,,,,DIY,,Elastic,2025-427-DIY-E,1.50,continue,,manual,TRUE,TRUE,100
young-chris-young-gunz-celebrity-face-mask-fancy-dress-cardboard-costume-mask,,,,DIY,,Stick,2025-427-DIY-S,2.00,continue,,manual,TRUE,TRUE,100
neef-buck-young-gunz-celebrity-face-mask-fancy-dress-cardboard-costume-mask,Neef Buck - Young Gunz Celebrity Face Mask Fancy Dress Cardboard Costume Mask,active,Style,Ready Cut,Fitting,Elastic,2025-428-RC-E,2.99,continue,,manual,TRUE,TRUE,100
neef-buck-young-gunz-celebrity-face-mask-fancy-dress-cardboard-costume-mask,,,,Ready Cut,,Stick,2025-428-RC-S,3.49,continue,,manual,TRUE,TRUE,100
neef-buck-young-gunz-celebrity-face-mask-fancy-dress-cardboard-costume-mask,,,,DIY,,Elastic,2025-428-DIY-E,1.50,continue,,manual,TRUE,TRUE,100
neef-buck-young-gunz-celebrity-face-mask-fancy-dress-cardboard-costume-mask,,,,DIY,,Stick,2025-428-DIY-S,2.00,continue,,manual,TRUE,TRUE,100
adam-brody-2025-celebrity-face-mask-fancy-dress-cardboard-costume-mask,Adam Brody 2025 Celebrity Face Mask Fancy Dress Cardboard Costume Mask,active,Style,Ready Cut,Fitting,Elastic,2025-429-RC-E,2.99,continue,,manual,TRUE,TRUE,100
adam-brody-2025-celebrity-face-mask-fancy-dress-cardboard-costume-mask,,,,Ready Cut,,Stick,2025-429-RC-S,3.49,continue,,manual,TRUE,TRUE,100
adam-brody-2025-celebrity-face-mask-fancy-dress-cardboard-costume-mask,,,,DIY,,Elastic,2025-429-DIY-E,1.50,continue,,manual,TRUE,TRUE,100
adam-brody-2025-celebrity-face-mask-fancy-dress-cardboard-costume-mask,,,,DIY,,Stick,2025-429-DIY-S,2.00,continue,,manual,TRUE,TRUE,100
adam-sandler-2025-celebrity-face-mask-fancy-dress-cardboard-costume-mask,Adam Sandler 2025 Celebrity Face Mask Fancy Dress Cardboard Costume Mask,active,Style,Ready Cut,Fitting,Elastic,2025-430-RC-E,2.99,continue,,manual,TRUE,TRUE,100
adam-sandler-2025-celebrity-face-mask-fancy-dress-cardboard-costume-mask,,,,Ready Cut,,Stick,2025-430-RC-S,3.49,continue,,manual,TRUE,TRUE,100
adam-sandler-2025-celebrity-face-mask-fancy-dress-cardboard-costume-mask,,,,DIY,,Elastic,2025-430-DIY-E,1.50,continue,,manual,TRUE,TRUE,100
adam-sandler-2025-celebrity-face-mask-fancy-dress-cardboard-costume-mask,,,,DIY,,Stick,2025-430-DIY-S,2.00,continue,,manual,TRUE,TRUE,100
adrien-brody-2025-celebrity-face-mask-fancy-dress-cardboard-costume-mask,Adrien Brody 2025 Celebrity Face Mask Fancy Dress Cardboard Costume Mask,active,Style,Ready Cut,Fitting,Elastic,2025-431-RC-E,2.99,continue,,manual,TRUE,TRUE,100
adrien-brody-2025-celebrity-face-mask-fancy-dress-cardboard-costume-mask,,,,Ready Cut,,Stick,2025-431-RC-S,3.49,continue,,manual,TRUE,TRUE,100
adrien-brody-2025-celebrity-face-mask-fancy-dress-cardboard-costume-mask,,,,DIY,,Elastic,2025-431-DIY-E,1.50,continue,,manual,TRUE,TRUE,100
adrien-brody-2025-celebrity-face-mask-fancy-dress-cardboard-costume-mask,,,,DIY,,Stick,2025-431-DIY-S,2.00,continue,,manual,TRUE,TRUE,100
dan-burn-newcastle-champion-2025-celebrity-face-mask-fancy-dress-cardboard-costume-mask,Dan Burn Face Mask – Fancy Dress Cardboard Costume Mask,active,Style,Ready Cut,Fitting,Elastic,2025-432-RC-E,2.99,continue,,manual,TRUE,TRUE,100
dan-burn-newcastle-champion-2025-celebrity-face-mask-fancy-dress-cardboard-costume-mask,,,,Ready Cut,,Stick,2025-432-RC-S,3.49,continue,,manual,TRUE,TRUE,100
dan-burn-newcastle-champion-2025-celebrity-face-mask-fancy-dress-cardboard-costume-mask,,,,DIY,,Elastic,2025-432-DIY-E,1.50,continue,,manual,TRUE,TRUE,100
dan-burn-newcastle-champion-2025-celebrity-face-mask-fancy-dress-cardboard-costume-mask,,,,DIY,,Stick,2025-432-DIY-S,2.00,continue,,manual,TRUE,TRUE,100
nish-kumar-celebrity-face-mask-fancy-dress-cardboard-costume-mask,Nish Kumar Face Mask – Fancy Dress Cardboard Costume Mask,active,Style,Ready Cut,Fitting,Elastic,2025-433-RC-E,2.99,continue,,manual,TRUE,TRUE,100
nish-kumar-celebrity-face-mask-fancy-dress-cardboard-costume-mask,,,,Ready Cut,,Stick,2025-433-RC-S,3.49,continue,,manual,TRUE,TRUE,100
nish-kumar-celebrity-face-mask-fancy-dress-cardboard-costume-mask,,,,DIY,,Elastic,2025-433-DIY-E,1.50,continue,,manual,TRUE,TRUE,100
nish-kumar-celebrity-face-mask-fancy-dress-cardboard-costume-mask,,,,DIY,,Stick,2025-433-DIY-S,2.00,continue,,manual,TRUE,TRUE,100
nick-mccabe-the-verve-celebrity-face-mask-fancy-dress-cardboard-costume-mask,Nick McCabe Face Mask – Fancy Dress Cardboard Costume Mask,active,Style,Ready Cut,Fitting,Elastic,2025-434-RC-E,2.99,continue,,manual,TRUE,TRUE,100
nick-mccabe-the-verve-celebrity-face-mask-fancy-dress-cardboard-costume-mask,,,,Ready Cut,,Stick,2025-434-RC-S,3.49,continue,,manual,TRUE,TRUE,100
nick-mccabe-the-verve-celebrity-face-mask-fancy-dress-cardboard-costume-mask,,,,DIY,,Elastic,2025-434-DIY-E,1.50,continue,,manual,TRUE,TRUE,100
nick-mccabe-the-verve-celebrity-face-mask-fancy-dress-cardboard-costume-mask,,,,DIY,,Stick,2025-434-DIY-S,2.00,continue,,manual,TRUE,TRUE,100
peter-salisbury-the-verve-celebrity-face-mask-fancy-dress-cardboard-costume-mask,Peter Salisbury Face Mask – Fancy Dress Cardboard Costume Mask,active,Style,Ready Cut,Fitting,Elastic,2025-435-RC-E,2.99,continue,,manual,TRUE,TRUE,100
peter-salisbury-the-verve-celebrity-face-mask-fancy-dress-cardboard-costume-mask,,,,Ready Cut,,Stick,2025-435-RC-S,3.49,continue,,manual,TRUE,TRUE,100
peter-salisbury-the-verve-celebrity-face-mask-fancy-dress-cardboard-costume-mask,,,,DIY,,Elastic,2025-435-DIY-E,1.50,continue,,manual,TRUE,TRUE,100
peter-salisbury-the-verve-celebrity-face-mask-fancy-dress-cardboard-costume-mask,,,,DIY,,Stick,2025-435-DIY-S,2.00,continue,,manual,TRUE,TRUE,100
richard-ashcroft-oasis-celebrity-face-mask-fancy-dress-cardboard-costume-mask,Richard Ashcroft Face Mask – Fancy Dress Cardboard Costume Mask,active,Style,Ready Cut,Fitting,Elastic,2025-436-RC-E,2.99,continue,,manual,TRUE,TRUE,100
richard-ashcroft-oasis-celebrity-face-mask-fancy-dress-cardboard-costume-mask,,,,Ready Cut,,Stick,2025-436-RC-S,3.49,continue,,manual,TRUE,TRUE,100
richard-ashcroft-oasis-celebrity-face-mask-fancy-dress-cardboard-costume-mask,,,,DIY,,Elastic,2025-436-DIY-E,1.50,continue,,manual,TRUE,TRUE,100
richard-ashcroft-oasis-celebrity-face-mask-fancy-dress-cardboard-costume-mask,,,,DIY,,Stick,2025-436-DIY-S,2.00,continue,,manual,TRUE,TRUE,100
billy-ocean-celebrity-face-mask-fancy-dress-cardboard-costume-mask,Billy Ocean Face Mask – Fancy Dress Cardboard Costume Mask,active,Style,Ready Cut,Fitting,Elastic,2025-437-RC-E,2.99,continue,,manual,TRUE,TRUE,100
billy-ocean-celebrity-face-mask-fancy-dress-cardboard-costume-mask,,,,Ready Cut,,Stick,2025-437-RC-S,3.49,continue,,manual,TRUE,TRUE,100
billy-ocean-celebrity-face-mask-fancy-dress-cardboard-costume-mask,,,,DIY,,Elastic,2025-437-DIY-E,1.50,continue,,manual,TRUE,TRUE,100
billy-ocean-celebrity-face-mask-fancy-dress-cardboard-costume-mask,,,,DIY,,Stick,2025-437-DIY-S,2.00,continue,,manual,TRUE,TRUE,100
tionne-watkins-tlc-celebrity-face-mask-fancy-dress-cardboard-costume-mask,Tionne Watkins Face Mask – Fancy Dress Cardboard Costume Mask,active,Style,Ready Cut,Fitting,Elastic,2025-438-RC-E,2.99,continue,,manual,TRUE,TRUE,100
tionne-watkins-tlc-celebrity-face-mask-fancy-dress-cardboard-costume-mask,,,,Ready Cut,,Stick,2025-438-RC-S,3.49,continue,,manual,TRUE,TRUE,100
tionne-watkins-tlc-celebrity-face-mask-fancy-dress-cardboard-costume-mask,,,,DIY,,Elastic,2025-438-DIY-E,1.50,continue,,manual,TRUE,TRUE,100
tionne-watkins-tlc-celebrity-face-mask-fancy-dress-cardboard-costume-mask,,,,DIY,,Stick,2025-438-DIY-S,2.00,continue,,manual,TRUE,TRUE,100
rozonda-chilli-thomas-tlc-celebrity-face-mask-fancy-dress-cardboard-costume-mask-copy,Rozonda 'Chilli' Thomas Face Mask – Fancy Dress Cardboard Costume Mask,active,Style,Ready Cut,Fitting,Elastic,2025-439-RC-E,2.99,continue,,manual,TRUE,TRUE,100
rozonda-chilli-thomas-tlc-celebrity-face-mask-fancy-dress-cardboard-costume-mask-copy,,,,Ready Cut,,Stick,2025-439-RC-S,3.49,continue,,manual,TRUE,TRUE,100
rozonda-chilli-thomas-tlc-celebrity-face-mask-fancy-dress-cardboard-costume-mask-copy,,,,DIY,,Elastic,2025-439-DIY-E,1.50,continue,,manual,TRUE,TRUE,100
rozonda-chilli-thomas-tlc-celebrity-face-mask-fancy-dress-cardboard-costume-mask-copy,,,,DIY,,Stick,2025-439-DIY-S,2.00,continue,,manual,TRUE,TRUE,100
harvey-barnes-newcastle-celebrity-face-mask-fancy-dress-cardboard-costume-mask,Harvey Barnes Face Mask – Fancy Dress Cardboard Costume Mask,active,Style,Ready Cut,Fitting,Elastic,2025-440-RC-E,2.99,continue,,manual,TRUE,TRUE,100
harvey-barnes-newcastle-celebrity-face-mask-fancy-dress-cardboard-costume-mask,,,,Ready Cut,,Stick,2025-440-RC-S,3.49,continue,,manual,TRUE,TRUE,100
harvey-barnes-newcastle-celebrity-face-mask-fancy-dress-cardboard-costume-mask,,,,DIY,,Elastic,2025-440-DIY-E,1.50,continue,,manual,TRUE,TRUE,100
harvey-barnes-newcastle-celebrity-face-mask-fancy-dress-cardboard-costume-mask,,,,DIY,,Stick,2025-440-DIY-S,2.00,continue,,manual,TRUE,TRUE,100
sandro-tonali-newcastle-celebrity-face-mask-fancy-dress-cardboard-costume-mask,Sandro Tonali Face Mask – Fancy Dress Cardboard Costume Mask,active,Style,Ready Cut,Fitting,Elastic,2025-441-RC-E,2.99,continue,,manual,TRUE,TRUE,100
sandro-tonali-newcastle-celebrity-face-mask-fancy-dress-cardboard-costume-mask,,,,Ready Cut,,Stick,2025-441-RC-S,3.49,continue,,manual,TRUE,TRUE,100
sandro-tonali-newcastle-celebrity-face-mask-fancy-dress-cardboard-costume-mask,,,,DIY,,Elastic,2025-441-DIY-E,1.50,continue,,manual,TRUE,TRUE,100
sandro-tonali-newcastle-celebrity-face-mask-fancy-dress-cardboard-costume-mask,,,,DIY,,Stick,2025-441-DIY-S,2.00,continue,,manual,TRUE,TRUE,100
tino-livramento-newcastle-celebrity-face-mask-fancy-dress-cardboard-costume-mask,Tino Livramento Face Mask – Fancy Dress Cardboard Costume Mask,active,Style,Ready Cut,Fitting,Elastic,2025-442-RC-E,2.99,continue,,manual,TRUE,TRUE,100
tino-livramento-newcastle-celebrity-face-mask-fancy-dress-cardboard-costume-mask,,,,Ready Cut,,Stick,2025-442-RC-S,3.49,continue,,manual,TRUE,TRUE,100
tino-livramento-newcastle-celebrity-face-mask-fancy-dress-cardboard-costume-mask,,,,DIY,,Elastic,2025-442-DIY-E,1.50,continue,,manual,TRUE,TRUE,100
tino-livramento-newcastle-celebrity-face-mask-fancy-dress-cardboard-costume-mask,,,,DIY,,Stick,2025-442-DIY-S,2.00,continue,,manual,TRUE,TRUE,100
joe-marler-rugby-celebrity-face-mask-fancy-dress-cardboard-costume-mask,Joe Marler Face Mask – Fancy Dress Cardboard Costume Mask,active,Style,Ready Cut,Fitting,Elastic,2025-443-RC-E,2.99,continue,,manual,TRUE,TRUE,100
joe-marler-rugby-celebrity-face-mask-fancy-dress-cardboard-costume-mask,,,,Ready Cut,,Stick,2025-443-RC-S,3.49,continue,,manual,TRUE,TRUE,100
joe-marler-rugby-celebrity-face-mask-fancy-dress-cardboard-costume-mask,,,,DIY,,Elastic,2025-443-DIY-E,1.50,continue,,manual,TRUE,TRUE,100
joe-marler-rugby-celebrity-face-mask-fancy-dress-cardboard-costume-mask,,,,DIY,,Stick,2025-443-DIY-S,2.00,continue,,manual,TRUE,TRUE,100
giant-gladiators-celebrity-face-mask-fancy-dress-cardboard-costume-mask,Giant - Gladiators Celebrity Face Mask Fancy Dress Cardboard Costume Mask,active,Style,Ready Cut,Fitting,Elastic,2025-444-RC-E,2.99,continue,,manual,TRUE,TRUE,100
giant-gladiators-celebrity-face-mask-fancy-dress-cardboard-costume-mask,,,,Ready Cut,,Stick,2025-444-RC-S,3.49,continue,,manual,TRUE,TRUE,100
giant-gladiators-celebrity-face-mask-fancy-dress-cardboard-costume-mask,,,,DIY,,Elastic,2025-444-DIY-E,1.50,continue,,manual,TRUE,TRUE,100
giant-gladiators-celebrity-face-mask-fancy-dress-cardboard-costume-mask,,,,DIY,,Stick,2025-444-DIY-S,2.00,continue,,manual,TRUE,TRUE,100
sabre-gladiators-celebrity-face-mask-fancy-dress-cardboard-costume-mask,Sabre - Gladiators Celebrity Face Mask Fancy Dress Cardboard Costume Mask,active,Style,Ready Cut,Fitting,Elastic,2025-445-RC-E,2.99,continue,,manual,TRUE,TRUE,100
sabre-gladiators-celebrity-face-mask-fancy-dress-cardboard-costume-mask,,,,Ready Cut,,Stick,2025-445-RC-S,3.49,continue,,manual,TRUE,TRUE,100
sabre-gladiators-celebrity-face-mask-fancy-dress-cardboard-costume-mask,,,,DIY,,Elastic,2025-445-DIY-E,1.50,continue,,manual,TRUE,TRUE,100
sabre-gladiators-celebrity-face-mask-fancy-dress-cardboard-costume-mask,,,,DIY,,Stick,2025-445-DIY-S,2.00,continue,,manual,TRUE,TRUE,100
ibiza-final-boss-lionesses-fancy-dress-cardboard-celebrity-face-mask,Ibiza Final Boss Fancy Dress Cardboard Celebrity Face Mask,active,Style,Ready Cut,Fitting,Elastic,FOXY-MASK-LIONESS-IBIZA-RC-E,2.99,continue,,manual,TRUE,TRUE,90
ibiza-final-boss-lionesses-fancy-dress-cardboard-celebrity-face-mask,,,,Ready Cut,,Stick,FOXY-MASK-LIONESS-IBIZA-RC-S,3.49,continue,,manual,TRUE,TRUE,90
ibiza-final-boss-lionesses-fancy-dress-cardboard-celebrity-face-mask,,,,DIY,,Elastic,FOXY-MASK-LIONESS-IBIZA-DIY-E,1.50,continue,,manual,TRUE,TRUE,90
ibiza-final-boss-lionesses-fancy-dress-cardboard-celebrity-face-mask,,,,DIY,,Stick,FOXY-MASK-LIONESS-IBIZA-DIY-S,2.00,continue,,manual,TRUE,TRUE,90
alison-king-celebrity-cardboard-party-face-mask-coronation-street-star-funny-soap-star-party-prop-fancy-dress-costume-accessory-for-hen-do-stag-do-birthdays-tv-theme-events,Alison King Face Mask – Fancy Dress Cardboard Costume Mask,active,Style,Ready Cut,Fitting,Elastic,Foxy-Mask-1570031-Alison-King-RC-E,2.99,continue,,manual,TRUE,TRUE,90
alison-king-celebrity-cardboard-party-face-mask-coronation-street-star-funny-soap-star-party-prop-fancy-dress-costume-accessory-for-hen-do-stag-do-birthdays-tv-theme-events,,,,Ready Cut,,Stick,Foxy-Mask-1570031-Alison-King-RC-S,3.49,continue,,manual,TRUE,TRUE,90
alison-king-celebrity-cardboard-party-face-mask-coronation-street-star-funny-soap-star-party-prop-fancy-dress-costume-accessory-for-hen-do-stag-do-birthdays-tv-theme-events,,,,DIY,,Elastic,Foxy-Mask-1570031-Alison-King-DIY-E,1.50,continue,,manual,TRUE,TRUE,90
alison-king-celebrity-cardboard-party-face-mask-coronation-street-star-funny-soap-star-party-prop-fancy-dress-costume-accessory-for-hen-do-stag-do-birthdays-tv-theme-events,,,,DIY,,Stick,Foxy-Mask-1570031-Alison-King-DIY-S,2.00,continue,,manual,TRUE,TRUE,90
audrey-roberts-celebrity-cardboard-party-face-mask-coronation-street-star-funny-soap-star-party-prop-fancy-dress-costume-accessory-for-hen-do-stag-do-birthdays-tv-theme-events,Audrey Roberts Celebrity Cardboard Party Face Mask,active,Style,Ready Cut,Fitting,Elastic,Foxy-Mask-1570032-Audrey-Roberts-RC-E,2.99,continue,,manual,TRUE,TRUE,90
audrey-roberts-celebrity-cardboard-party-face-mask-coronation-street-star-funny-soap-star-party-prop-fancy-dress-costume-accessory-for-hen-do-stag-do-birthdays-tv-theme-events,,,,Ready Cut,,Stick,Foxy-Mask-1570032-Audrey-Roberts-RC-S,3.49,continue,,manual,TRUE,TRUE,90
audrey-roberts-celebrity-cardboard-party-face-mask-coronation-street-star-funny-soap-star-party-prop-fancy-dress-costume-accessory-for-hen-do-stag-do-birthdays-tv-theme-events,,,,DIY,,Elastic,Foxy-Mask-1570032-Audrey-Roberts-DIY-E,1.50,continue,,manual,TRUE,TRUE,90
audrey-roberts-celebrity-cardboard-party-face-mask-coronation-street-star-funny-soap-star-party-prop-fancy-dress-costume-accessory-for-hen-do-stag-do-birthdays-tv-theme-events,,,,DIY,,Stick,Foxy-Mask-1570032-Audrey-Roberts-DIY-S,2.00,continue,,manual,TRUE,TRUE,90
barbara-knox-celebrity-cardboard-party-face-mask-coronation-street-star-funny-soap-star-party-prop-fancy-dress-costume-accessory-for-hen-do-stag-do-birthdays-tv-theme-events,Barbara Knox Face Mask – Fancy Dress Cardboard Costume Mask,active,Style,Ready Cut,Fitting,Elastic,Foxy-Mask-1570033-Barbara-Knox-RC-E,2.99,continue,,manual,TRUE,TRUE,90
barbara-knox-celebrity-cardboard-party-face-mask-coronation-street-star-funny-soap-star-party-prop-fancy-dress-costume-accessory-for-hen-do-stag-do-birthdays-tv-theme-events,,,,Ready Cut,,Stick,Foxy-Mask-1570033-Barbara-Knox-RC-S,3.49,continue,,manual,TRUE,TRUE,90
barbara-knox-celebrity-cardboard-party-face-mask-coronation-street-star-funny-soap-star-party-prop-fancy-dress-costume-accessory-for-hen-do-stag-do-birthdays-tv-theme-events,,,,DIY,,Elastic,Foxy-Mask-1570033-Barbara-Knox-DIY-E,1.50,continue,,manual,TRUE,TRUE,90
barbara-knox-celebrity-cardboard-party-face-mask-coronation-street-star-funny-soap-star-party-prop-fancy-dress-costume-accessory-for-hen-do-stag-do-birthdays-tv-theme-events,,,,DIY,,Stick,Foxy-Mask-1570033-Barbara-Knox-DIY-S,2.00,continue,,manual,TRUE,TRUE,90
carla-connor-celebrity-cardboard-party-face-mask-coronation-street-star-funny-soap-star-party-prop-fancy-dress-costume-accessory-for-hen-do-stag-do-birthdays-tv-theme-events,Carla Connor Celebrity Cardboard Party Face Mask,active,Style,Ready Cut,Fitting,Elastic,Foxy-Mask-1570034-Carla-Connor-RC-E,2.99,continue,,manual,TRUE,TRUE,90
carla-connor-celebrity-cardboard-party-face-mask-coronation-street-star-funny-soap-star-party-prop-fancy-dress-costume-accessory-for-hen-do-stag-do-birthdays-tv-theme-events,,,,Ready Cut,,Stick,Foxy-Mask-1570034-Carla-Connor-RC-S,3.49,continue,,manual,TRUE,TRUE,90
carla-connor-celebrity-cardboard-party-face-mask-coronation-street-star-funny-soap-star-party-prop-fancy-dress-costume-accessory-for-hen-do-stag-do-birthdays-tv-theme-events,,,,DIY,,Elastic,Foxy-Mask-1570034-Carla-Connor-DIY-E,1.50,continue,,manual,TRUE,TRUE,90
carla-connor-celebrity-cardboard-party-face-mask-coronation-street-star-funny-soap-star-party-prop-fancy-dress-costume-accessory-for-hen-do-stag-do-birthdays-tv-theme-events,,,,DIY,,Stick,Foxy-Mask-1570034-Carla-Connor-DIY-S,2.00,continue,,manual,TRUE,TRUE,90
david-platt-celebrity-cardboard-party-face-mask-coronation-street-star-funny-soap-star-party-prop-fancy-dress-costume-accessory-for-hen-do-stag-do-birthdays-tv-theme-events,David Platt Face Mask – Fancy Dress Cardboard Costume Mask,active,Style,Ready Cut,Fitting,Elastic,Foxy-Mask-1570035-david-platt-RC-E,2.99,continue,,manual,TRUE,TRUE,90
david-platt-celebrity-cardboard-party-face-mask-coronation-street-star-funny-soap-star-party-prop-fancy-dress-costume-accessory-for-hen-do-stag-do-birthdays-tv-theme-events,,,,Ready Cut,,Stick,Foxy-Mask-1570035-david-platt-RC-S,3.49,continue,,manual,TRUE,TRUE,90
david-platt-celebrity-cardboard-party-face-mask-coronation-street-star-funny-soap-star-party-prop-fancy-dress-costume-accessory-for-hen-do-stag-do-birthdays-tv-theme-events,,,,DIY,,Elastic,Foxy-Mask-1570035-david-platt-DIY-E,1.50,continue,,manual,TRUE,TRUE,90
david-platt-celebrity-cardboard-party-face-mask-coronation-street-star-funny-soap-star-party-prop-fancy-dress-costume-accessory-for-hen-do-stag-do-birthdays-tv-theme-events,,,,DIY,,Stick,Foxy-Mask-1570035-david-platt-DIY-S,2.00,continue,,manual,TRUE,TRUE,90
gail-platt-celebrity-cardboard-party-face-mask-coronation-street-star-funny-soap-star-party-prop-fancy-dress-costume-accessory-for-hen-do-stag-do-birthdays-tv-theme-events,Gail Platt Face Mask – Fancy Dress Cardboard Costume Mask,active,Style,Ready Cut,Fitting,Elastic,Foxy-Mask-1570036-Gail-Platt-RC-E,2.99,continue,,manual,TRUE,TRUE,90
gail-platt-celebrity-cardboard-party-face-mask-coronation-street-star-funny-soap-star-party-prop-fancy-dress-costume-accessory-for-hen-do-stag-do-birthdays-tv-theme-events,,,,Ready Cut,,Stick,Foxy-Mask-1570036-Gail-Platt-RC-S,3.49,continue,,manual,TRUE,TRUE,90
gail-platt-celebrity-cardboard-party-face-mask-coronation-street-star-funny-soap-star-party-prop-fancy-dress-costume-accessory-for-hen-do-stag-do-birthdays-tv-theme-events,,,,DIY,,Elastic,Foxy-Mask-1570036-Gail-Platt-DIY-E,1.50,continue,,manual,TRUE,TRUE,90
gail-platt-celebrity-cardboard-party-face-mask-coronation-street-star-funny-soap-star-party-prop-fancy-dress-costume-accessory-for-hen-do-stag-do-birthdays-tv-theme-events,,,,DIY,,Stick,Foxy-Mask-1570036-Gail-Platt-DIY-S,2.00,continue,,manual,TRUE,TRUE,90
helen-worth-celebrity-cardboard-party-face-mask-coronation-street-star-funny-soap-star-party-prop-fancy-dress-costume-accessory-for-hen-do-stag-do-birthdays-tv-theme-events,Helen Worth Celebrity Cardboard Party Face Mask,active,Style,Ready Cut,Fitting,Elastic,Foxy-Mask-1570037-Helen-Worth-RC-E,2.99,continue,,manual,TRUE,TRUE,90
helen-worth-celebrity-cardboard-party-face-mask-coronation-street-star-funny-soap-star-party-prop-fancy-dress-costume-accessory-for-hen-do-stag-do-birthdays-tv-theme-events,,,,Ready Cut,,Stick,Foxy-Mask-1570037-Helen-Worth-RC-S,3.49,continue,,manual,TRUE,TRUE,90
helen-worth-celebrity-cardboard-party-face-mask-coronation-street-star-funny-soap-star-party-prop-fancy-dress-costume-accessory-for-hen-do-stag-do-birthdays-tv-theme-events,,,,DIY,,Elastic,Foxy-Mask-1570037-Helen-Worth-DIY-E,1.50,continue,,manual,TRUE,TRUE,90
helen-worth-celebrity-cardboard-party-face-mask-coronation-street-star-funny-soap-star-party-prop-fancy-dress-costume-accessory-for-hen-do-stag-do-birthdays-tv-theme-events,,,,DIY,,Stick,Foxy-Mask-1570037-Helen-Worth-DIY-S,2.00,continue,,manual,TRUE,TRUE,90
jack-p-shepherd-celebrity-cardboard-party-face-mask-coronation-street-star-funny-soap-star-party-prop-fancy-dress-costume-accessory-for-hen-do-stag-do-birthdays-tv-theme-events,Jack P. Shepherd Face Mask – Fancy Dress Cardboard Costume Mask,active,Style,Ready Cut,Fitting,Elastic,Foxy-Mask-1570038-Jack-P.-Shepherd-RC-E,2.99,continue,,manual,TRUE,TRUE,90
jack-p-shepherd-celebrity-cardboard-party-face-mask-coronation-street-star-funny-soap-star-party-prop-fancy-dress-costume-accessory-for-hen-do-stag-do-birthdays-tv-theme-events,,,,Ready Cut,,Stick,Foxy-Mask-1570038-Jack-P.-Shepherd-RC-S,3.49,continue,,manual,TRUE,TRUE,90
jack-p-shepherd-celebrity-cardboard-party-face-mask-coronation-street-star-funny-soap-star-party-prop-fancy-dress-costume-accessory-for-hen-do-stag-do-birthdays-tv-theme-events,,,,DIY,,Elastic,Foxy-Mask-1570038-Jack-P.-Shepherd-DIY-E,1.50,continue,,manual,TRUE,TRUE,90
jack-p-shepherd-celebrity-cardboard-party-face-mask-coronation-street-star-funny-soap-star-party-prop-fancy-dress-costume-accessory-for-hen-do-stag-do-birthdays-tv-theme-events,,,,DIY,,Stick,Foxy-Mask-1570038-Jack-P.-Shepherd-DIY-S,2.00,continue,,manual,TRUE,TRUE,90
ken-barlow-celebrity-cardboard-party-face-mask-coronation-street-star-funny-soap-star-party-prop-fancy-dress-costume-accessory-for-hen-do-stag-do-birthdays-tv-theme-events,Ken Barlow Celebrity Cardboard Party Face Mask,active,Style,Ready Cut,Fitting,Elastic,Foxy-Mask-1570039-Ken-Barlow-RC-E,2.99,continue,,manual,TRUE,TRUE,90
ken-barlow-celebrity-cardboard-party-face-mask-coronation-street-star-funny-soap-star-party-prop-fancy-dress-costume-accessory-for-hen-do-stag-do-birthdays-tv-theme-events,,,,Ready Cut,,Stick,Foxy-Mask-1570039-Ken-Barlow-RC-S,3.49,continue,,manual,TRUE,TRUE,90
ken-barlow-celebrity-cardboard-party-face-mask-coronation-street-star-funny-soap-star-party-prop-fancy-dress-costume-accessory-for-hen-do-stag-do-birthdays-tv-theme-events,,,,DIY,,Elastic,Foxy-Mask-1570039-Ken-Barlow-DIY-E,1.50,continue,,manual,TRUE,TRUE,90
ken-barlow-celebrity-cardboard-party-face-mask-coronation-street-star-funny-soap-star-party-prop-fancy-dress-costume-accessory-for-hen-do-stag-do-birthdays-tv-theme-events,,,,DIY,,Stick,Foxy-Mask-1570039-Ken-Barlow-DIY-S,2.00,continue,,manual,TRUE,TRUE,90
kevin-webster-celebrity-cardboard-party-face-mask-coronation-street-star-funny-soap-star-party-prop-fancy-dress-costume-accessory-for-hen-do-stag-do-birthdays-tv-theme-events,Kevin Webster Celebrity Cardboard Party Face Mask,active,Style,Ready Cut,Fitting,Elastic,Foxy-Mask-1570040-Kevin-Webster-RC-E,2.99,continue,,manual,TRUE,TRUE,90
kevin-webster-celebrity-cardboard-party-face-mask-coronation-street-star-funny-soap-star-party-prop-fancy-dress-costume-accessory-for-hen-do-stag-do-birthdays-tv-theme-events,,,,Ready Cut,,Stick,Foxy-Mask-1570040-Kevin-Webster-RC-S,3.49,continue,,manual,TRUE,TRUE,90
kevin-webster-celebrity-cardboard-party-face-mask-coronation-street-star-funny-soap-star-party-prop-fancy-dress-costume-accessory-for-hen-do-stag-do-birthdays-tv-theme-events,,,,DIY,,Elastic,Foxy-Mask-1570040-Kevin-Webster-DIY-E,1.50,continue,,manual,TRUE,TRUE,90
kevin-webster-celebrity-cardboard-party-face-mask-coronation-street-star-funny-soap-star-party-prop-fancy-dress-costume-accessory-for-hen-do-stag-do-birthdays-tv-theme-events,,,,DIY,,Stick,Foxy-Mask-1570040-Kevin-Webster-DIY-S,2.00,continue,,manual,TRUE,TRUE,90
maria-connor-celebrity-cardboard-party-face-mask-coronation-street-star-funny-soap-star-party-prop-fancy-dress-costume-accessory-for-hen-do-stag-do-birthdays-tv-theme-events,Maria Connor Face Mask – Fancy Dress Cardboard Costume Mask,active,Style,Ready Cut,Fitting,Elastic,Foxy-Mask-1570041-Maria-Connor-RC-E,2.99,continue,,manual,TRUE,TRUE,90
maria-connor-celebrity-cardboard-party-face-mask-coronation-street-star-funny-soap-star-party-prop-fancy-dress-costume-accessory-for-hen-do-stag-do-birthdays-tv-theme-events,,,,Ready Cut,,Stick,Foxy-Mask-1570041-Maria-Connor-RC-S,3.49,continue,,manual,TRUE,TRUE,90
maria-connor-celebrity-cardboard-party-face-mask-coronation-street-star-funny-soap-star-party-prop-fancy-dress-costume-accessory-for-hen-do-stag-do-birthdays-tv-theme-events,,,,DIY,,Elastic,Foxy-Mask-1570041-Maria-Connor-DIY-E,1.50,continue,,manual,TRUE,TRUE,90
maria-connor-celebrity-cardboard-party-face-mask-coronation-street-star-funny-soap-star-party-prop-fancy-dress-costume-accessory-for-hen-do-stag-do-birthdays-tv-theme-events,,,,DIY,,Stick,Foxy-Mask-1570041-Maria-Connor-DIY-S,2.00,continue,,manual,TRUE,TRUE,90
michael-le-vell-celebrity-cardboard-party-face-mask-coronation-street-star-funny-soap-star-party-prop-fancy-dress-costume-accessory-for-hen-do-stag-do-birthdays-tv-theme-events,Michael Le Vell Celebrity Cardboard Party Face Mask,active,Style,Ready Cut,Fitting,Elastic,Foxy-Mask-1570042-Michael-Le-Vell-RC-E,2.99,continue,,manual,TRUE,TRUE,90
michael-le-vell-celebrity-cardboard-party-face-mask-coronation-street-star-funny-soap-star-party-prop-fancy-dress-costume-accessory-for-hen-do-stag-do-birthdays-tv-theme-events,,,,Ready Cut,,Stick,Foxy-Mask-1570042-Michael-Le-Vell-RC-S,3.49,continue,,manual,TRUE,TRUE,90
michael-le-vell-celebrity-cardboard-party-face-mask-coronation-street-star-funny-soap-star-party-prop-fancy-dress-costume-accessory-for-hen-do-stag-do-birthdays-tv-theme-events,,,,DIY,,Elastic,Foxy-Mask-1570042-Michael-Le-Vell-DIY-E,1.50,continue,,manual,TRUE,TRUE,90
michael-le-vell-celebrity-cardboard-party-face-mask-coronation-street-star-funny-soap-star-party-prop-fancy-dress-costume-accessory-for-hen-do-stag-do-birthdays-tv-theme-events,,,,DIY,,Stick,Foxy-Mask-1570042-Michael-Le-Vell-DIY-S,2.00,continue,,manual,TRUE,TRUE,90
rita-tanner-celebrity-cardboard-party-face-mask-coronation-street-star-funny-soap-star-party-prop-fancy-dress-costume-accessory-for-hen-do-stag-do-birthdays-tv-theme-events,Rita Tanner Face Mask – Fancy Dress Cardboard Costume Mask,active,Style,Ready Cut,Fitting,Elastic,Foxy-Mask-1570043-Rita-Tanner-RC-E,2.99,continue,,manual,TRUE,TRUE,90
rita-tanner-celebrity-cardboard-party-face-mask-coronation-street-star-funny-soap-star-party-prop-fancy-dress-costume-accessory-for-hen-do-stag-do-birthdays-tv-theme-events,,,,Ready Cut,,Stick,Foxy-Mask-1570043-Rita-Tanner-RC-S,3.49,continue,,manual,TRUE,TRUE,90
rita-tanner-celebrity-cardboard-party-face-mask-coronation-street-star-funny-soap-star-party-prop-fancy-dress-costume-accessory-for-hen-do-stag-do-birthdays-tv-theme-events,,,,DIY,,Elastic,Foxy-Mask-1570043-Rita-Tanner-DIY-E,1.50,continue,,manual,TRUE,TRUE,90
rita-tanner-celebrity-cardboard-party-face-mask-coronation-street-star-funny-soap-star-party-prop-fancy-dress-costume-accessory-for-hen-do-stag-do-birthdays-tv-theme-events,,,,DIY,,Stick,Foxy-Mask-1570043-Rita-Tanner-DIY-S,2.00,continue,,manual,TRUE,TRUE,90
sally-dynevor-celebrity-cardboard-party-face-mask-coronation-street-star-funny-soap-star-party-prop-fancy-dress-costume-accessory-for-hen-do-stag-do-birthdays-tv-theme-events,Sally Dynevor Face Mask – Fancy Dress Cardboard Costume Mask,active,Style,Ready Cut,Fitting,Elastic,Foxy-Mask-1570044-Sally-Dynevor-RC-E,2.99,continue,,manual,TRUE,TRUE,90
sally-dynevor-celebrity-cardboard-party-face-mask-coronation-street-star-funny-soap-star-party-prop-fancy-dress-costume-accessory-for-hen-do-stag-do-birthdays-tv-theme-events,,,,Ready Cut,,Stick,Foxy-Mask-1570044-Sally-Dynevor-RC-S,3.49,continue,,manual,TRUE,TRUE,90
sally-dynevor-celebrity-cardboard-party-face-mask-coronation-street-star-funny-soap-star-party-prop-fancy-dress-costume-accessory-for-hen-do-stag-do-birthdays-tv-theme-events,,,,DIY,,Elastic,Foxy-Mask-1570044-Sally-Dynevor-DIY-E,1.50,continue,,manual,TRUE,TRUE,90
sally-dynevor-celebrity-cardboard-party-face-mask-coronation-street-star-funny-soap-star-party-prop-fancy-dress-costume-accessory-for-hen-do-stag-do-birthdays-tv-theme-events,,,,DIY,,Stick,Foxy-Mask-1570044-Sally-Dynevor-DIY-S,2.00,continue,,manual,TRUE,TRUE,90
sally-webster-celebrity-cardboard-party-face-mask-coronation-street-star-funny-soap-star-party-prop-fancy-dress-costume-accessory-for-hen-do-stag-do-birthdays-tv-theme-events,Sally Webster Face Mask – Fancy Dress Cardboard Costume Mask,active,Style,Ready Cut,Fitting,Elastic,Foxy-Mask-1570045-Sally-Webster-RC-E,2.99,continue,,manual,TRUE,TRUE,90
sally-webster-celebrity-cardboard-party-face-mask-coronation-street-star-funny-soap-star-party-prop-fancy-dress-costume-accessory-for-hen-do-stag-do-birthdays-tv-theme-events,,,,Ready Cut,,Stick,Foxy-Mask-1570045-Sally-Webster-RC-S,3.49,continue,,manual,TRUE,TRUE,90
sally-webster-celebrity-cardboard-party-face-mask-coronation-street-star-funny-soap-star-party-prop-fancy-dress-costume-accessory-for-hen-do-stag-do-birthdays-tv-theme-events,,,,DIY,,Elastic,Foxy-Mask-1570045-Sally-Webster-DIY-E,1.50,continue,,manual,TRUE,TRUE,90
sally-webster-celebrity-cardboard-party-face-mask-coronation-street-star-funny-soap-star-party-prop-fancy-dress-costume-accessory-for-hen-do-stag-do-birthdays-tv-theme-events,,,,DIY,,Stick,Foxy-Mask-1570045-Sally-Webster-DIY-S,2.00,continue,,manual,TRUE,TRUE,90
samia-longchambon-celebrity-cardboard-party-face-mask-coronation-street-star-funny-soap-star-party-prop-fancy-dress-costume-accessory-for-hen-do-stag-do-birthdays-tv-theme-events,Samia Longchambon Face Mask – Fancy Dress Cardboard Costume Mask,active,Style,Ready Cut,Fitting,Elastic,Foxy-Mask-1570046-Samia-Longchambon-RC-E,2.99,continue,,manual,TRUE,TRUE,90
samia-longchambon-celebrity-cardboard-party-face-mask-coronation-street-star-funny-soap-star-party-prop-fancy-dress-costume-accessory-for-hen-do-stag-do-birthdays-tv-theme-events,,,,Ready Cut,,Stick,Foxy-Mask-1570046-Samia-Longchambon-RC-S,3.49,continue,,manual,TRUE,TRUE,90
samia-longchambon-celebrity-cardboard-party-face-mask-coronation-street-star-funny-soap-star-party-prop-fancy-dress-costume-accessory-for-hen-do-stag-do-birthdays-tv-theme-events,,,,DIY,,Elastic,Foxy-Mask-1570046-Samia-Longchambon-DIY-E,1.50,continue,,manual,TRUE,TRUE,90
samia-longchambon-celebrity-cardboard-party-face-mask-coronation-street-star-funny-soap-star-party-prop-fancy-dress-costume-accessory-for-hen-do-stag-do-birthdays-tv-theme-events,,,,DIY,,Stick,Foxy-Mask-1570046-Samia-Longchambon-DIY-S,2.00,continue,,manual,TRUE,TRUE,90
simon-gregson-celebrity-cardboard-party-face-mask-coronation-street-star-funny-soap-star-party-prop-fancy-dress-costume-accessory-for-hen-do-stag-do-birthdays-tv-theme-events,Simon Gregson Face Mask – Fancy Dress Cardboard Costume Mask,active,Style,Ready Cut,Fitting,Elastic,Foxy-Mask-1570047-Simon-Gregson-RC-E,2.99,continue,,manual,TRUE,TRUE,90
simon-gregson-celebrity-cardboard-party-face-mask-coronation-street-star-funny-soap-star-party-prop-fancy-dress-costume-accessory-for-hen-do-stag-do-birthdays-tv-theme-events,,,,Ready Cut,,Stick,Foxy-Mask-1570047-Simon-Gregson-RC-S,3.49,continue,,manual,TRUE,TRUE,90
simon-gregson-celebrity-cardboard-party-face-mask-coronation-street-star-funny-soap-star-party-prop-fancy-dress-costume-accessory-for-hen-do-stag-do-birthdays-tv-theme-events,,,,DIY,,Elastic,Foxy-Mask-1570047-Simon-Gregson-DIY-E,1.50,continue,,manual,TRUE,TRUE,90
simon-gregson-celebrity-cardboard-party-face-mask-coronation-street-star-funny-soap-star-party-prop-fancy-dress-costume-accessory-for-hen-do-stag-do-birthdays-tv-theme-events,,,,DIY,,Stick,Foxy-Mask-1570047-Simon-Gregson-DIY-S,2.00,continue,,manual,TRUE,TRUE,90
steve-mcdonald-celebrity-cardboard-party-face-mask-coronation-street-star-funny-soap-star-party-prop-fancy-dress-costume-accessory-for-hen-do-stag-do-birthdays-tv-theme-events,Steve McDonald Face Mask – Fancy Dress Cardboard Costume Mask,active,Style,Ready Cut,Fitting,Elastic,Foxy-Mask-1570048-Steve-McDonald-RC-E,2.99,continue,,manual,TRUE,TRUE,90
steve-mcdonald-celebrity-cardboard-party-face-mask-coronation-street-star-funny-soap-star-party-prop-fancy-dress-costume-accessory-for-hen-do-stag-do-birthdays-tv-theme-events,,,,Ready Cut,,Stick,Foxy-Mask-1570048-Steve-McDonald-RC-S,3.49,continue,,manual,TRUE,TRUE,90
steve-mcdonald-celebrity-cardboard-party-face-mask-coronation-street-star-funny-soap-star-party-prop-fancy-dress-costume-accessory-for-hen-do-stag-do-birthdays-tv-theme-events,,,,DIY,,Elastic,Foxy-Mask-1570048-Steve-McDonald-DIY-E,1.50,continue,,manual,TRUE,TRUE,90
steve-mcdonald-celebrity-cardboard-party-face-mask-coronation-street-star-funny-soap-star-party-prop-fancy-dress-costume-accessory-for-hen-do-stag-do-birthdays-tv-theme-events,,,,DIY,,Stick,Foxy-Mask-1570048-Steve-McDonald-DIY-S,2.00,continue,,manual,TRUE,TRUE,90
sue-nicholls-celebrity-cardboard-party-face-mask-coronation-street-star-funny-soap-star-party-prop-fancy-dress-costume-accessory-for-hen-do-stag-do-birthdays-tv-theme-events,Sue Nicholls Face Mask – Fancy Dress Cardboard Costume Mask,active,Style,Ready Cut,Fitting,Elastic,Foxy-Mask-1570049-Sue-Nicholls-RC-E,2.99,continue,,manual,TRUE,TRUE,90
sue-nicholls-celebrity-cardboard-party-face-mask-coronation-street-star-funny-soap-star-party-prop-fancy-dress-costume-accessory-for-hen-do-stag-do-birthdays-tv-theme-events,,,,Ready Cut,,Stick,Foxy-Mask-1570049-Sue-Nicholls-RC-S,3.49,continue,,manual,TRUE,TRUE,90
sue-nicholls-celebrity-cardboard-party-face-mask-coronation-street-star-funny-soap-star-party-prop-fancy-dress-costume-accessory-for-hen-do-stag-do-birthdays-tv-theme-events,,,,DIY,,Elastic,Foxy-Mask-1570049-Sue-Nicholls-DIY-E,1.50,continue,,manual,TRUE,TRUE,90
sue-nicholls-celebrity-cardboard-party-face-mask-coronation-street-star-funny-soap-star-party-prop-fancy-dress-costume-accessory-for-hen-do-stag-do-birthdays-tv-theme-events,,,,DIY,,Stick,Foxy-Mask-1570049-Sue-Nicholls-DIY-S,2.00,continue,,manual,TRUE,TRUE,90
william-roache-celebrity-cardboard-party-face-mask-coronation-street-star-funny-soap-star-party-prop-fancy-dress-costume-accessory-for-hen-do-stag-do-birthdays-tv-theme-events,William Roache Face Mask – Fancy Dress Cardboard Costume Mask,active,Style,Ready Cut,Fitting,Elastic,Foxy-Mask-1570050-William-Roache-RC-E,2.99,continue,,manual,TRUE,TRUE,90
william-roache-celebrity-cardboard-party-face-mask-coronation-street-star-funny-soap-star-party-prop-fancy-dress-costume-accessory-for-hen-do-stag-do-birthdays-tv-theme-events,,,,Ready Cut,,Stick,Foxy-Mask-1570050-William-Roache-RC-S,3.49,continue,,manual,TRUE,TRUE,90
william-roache-celebrity-cardboard-party-face-mask-coronation-street-star-funny-soap-star-party-prop-fancy-dress-costume-accessory-for-hen-do-stag-do-birthdays-tv-theme-events,,,,DIY,,Elastic,Foxy-Mask-1570050-William-Roache-DIY-E,1.50,continue,,manual,TRUE,TRUE,90
william-roache-celebrity-cardboard-party-face-mask-coronation-street-star-funny-soap-star-party-prop-fancy-dress-costume-accessory-for-hen-do-stag-do-birthdays-tv-theme-events,,,,DIY,,Stick,Foxy-Mask-1570050-William-Roache-DIY-S,2.00,continue,,manual,TRUE,TRUE,90
james-wade-celebrity-cardboard-party-face-mask-professional-darts-player-fancy-dress-costume-accessory-for-hen-do-stag-do-birthdays-sports-party-events,James Wade Celebrity Cardboard Party Face Mask,active,Style,Ready Cut,Fitting,Elastic,Foxy-Mask-1570051-James-Wade-RC-E,2.99,continue,,manual,TRUE,TRUE,90
james-wade-celebrity-cardboard-party-face-mask-professional-darts-player-fancy-dress-costume-accessory-for-hen-do-stag-do-birthdays-sports-party-events,,,,Ready Cut,,Stick,Foxy-Mask-1570051-James-Wade-RC-S,3.49,continue,,manual,TRUE,TRUE,90
james-wade-celebrity-cardboard-party-face-mask-professional-darts-player-fancy-dress-costume-accessory-for-hen-do-stag-do-birthdays-sports-party-events,,,,DIY,,Elastic,Foxy-Mask-1570051-James-Wade-DIY-E,1.50,continue,,manual,TRUE,TRUE,90
james-wade-celebrity-cardboard-party-face-mask-professional-darts-player-fancy-dress-costume-accessory-for-hen-do-stag-do-birthdays-sports-party-events,,,,DIY,,Stick,Foxy-Mask-1570051-James-Wade-DIY-S,2.00,continue,,manual,TRUE,TRUE,90
luke-humphries-celebrity-cardboard-party-face-mask-professional-darts-player-fancy-dress-costume-accessory-for-hen-do-stag-do-birthdays-sports-party-events,Luke Humphries Celebrity Cardboard Party Face Mask,active,Style,Ready Cut,Fitting,Elastic,Foxy-Mask-1570052-Luke-Humphries-RC-E,2.99,continue,,manual,TRUE,TRUE,90
luke-humphries-celebrity-cardboard-party-face-mask-professional-darts-player-fancy-dress-costume-accessory-for-hen-do-stag-do-birthdays-sports-party-events,,,,Ready Cut,,Stick,Foxy-Mask-1570052-Luke-Humphries-RC-S,3.49,continue,,manual,TRUE,TRUE,90
luke-humphries-celebrity-cardboard-party-face-mask-professional-darts-player-fancy-dress-costume-accessory-for-hen-do-stag-do-birthdays-sports-party-events,,,,DIY,,Elastic,Foxy-Mask-1570052-Luke-Humphries-DIY-E,1.50,continue,,manual,TRUE,TRUE,90
luke-humphries-celebrity-cardboard-party-face-mask-professional-darts-player-fancy-dress-costume-accessory-for-hen-do-stag-do-birthdays-sports-party-events,,,,DIY,,Stick,Foxy-Mask-1570052-Luke-Humphries-DIY-S,2.00,continue,,manual,TRUE,TRUE,90
luke-littler-celebrity-cardboard-party-face-mask-professional-darts-player-fancy-dress-costume-accessory-for-hen-do-stag-do-birthdays-sports-party-events,Luke Littler Celebrity Cardboard Party Face Mask,active,Style,Ready Cut,Fitting,Elastic,Foxy-Mask-1570053-Luke-Littler-RC-E,2.99,continue,,manual,TRUE,TRUE,90
luke-littler-celebrity-cardboard-party-face-mask-professional-darts-player-fancy-dress-costume-accessory-for-hen-do-stag-do-birthdays-sports-party-events,,,,Ready Cut,,Stick,Foxy-Mask-1570053-Luke-Littler-RC-S,3.49,continue,,manual,TRUE,TRUE,90
luke-littler-celebrity-cardboard-party-face-mask-professional-darts-player-fancy-dress-costume-accessory-for-hen-do-stag-do-birthdays-sports-party-events,,,,DIY,,Elastic,Foxy-Mask-1570053-Luke-Littler-DIY-E,1.50,continue,,manual,TRUE,TRUE,90
luke-littler-celebrity-cardboard-party-face-mask-professional-darts-player-fancy-dress-costume-accessory-for-hen-do-stag-do-birthdays-sports-party-events,,,,DIY,,Stick,Foxy-Mask-1570053-Luke-Littler-DIY-S,2.00,continue,,manual,TRUE,TRUE,90
michael-van-gerwen-celebrity-cardboard-party-face-mask-professional-darts-player-fancy-dress-costume-accessory-for-hen-do-stag-do-birthdays-sports-party-events,Michael van Gerwen Celebrity Cardboard Party Face Mask,active,Style,Ready Cut,Fitting,Elastic,Foxy-Mask-1570054-Michael-van-Gerwen-RC-E,2.99,continue,,manual,TRUE,TRUE,90
michael-van-gerwen-celebrity-cardboard-party-face-mask-professional-darts-player-fancy-dress-costume-accessory-for-hen-do-stag-do-birthdays-sports-party-events,,,,Ready Cut,,Stick,Foxy-Mask-1570054-Michael-van-Gerwen-RC-S,3.49,continue,,manual,TRUE,TRUE,90
michael-van-gerwen-celebrity-cardboard-party-face-mask-professional-darts-player-fancy-dress-costume-accessory-for-hen-do-stag-do-birthdays-sports-party-events,,,,DIY,,Elastic,Foxy-Mask-1570054-Michael-van-Gerwen-DIY-E,1.50,continue,,manual,TRUE,TRUE,90
michael-van-gerwen-celebrity-cardboard-party-face-mask-professional-darts-player-fancy-dress-costume-accessory-for-hen-do-stag-do-birthdays-sports-party-events,,,,DIY,,Stick,Foxy-Mask-1570054-Michael-van-Gerwen-DIY-S,2.00,continue,,manual,TRUE,TRUE,90
stephen-bunting-celebrity-cardboard-party-face-mask-professional-darts-player-fancy-dress-costume-accessory-for-hen-do-stag-do-birthdays-sports-party-events,Stephen Bunting Celebrity Cardboard Party Face Mask,active,Style,Ready Cut,Fitting,Elastic,Foxy-Mask-1570055-Stephen-Bunting-RC-E,2.99,continue,,manual,TRUE,TRUE,90
stephen-bunting-celebrity-cardboard-party-face-mask-professional-darts-player-fancy-dress-costume-accessory-for-hen-do-stag-do-birthdays-sports-party-events,,,,Ready Cut,,Stick,Foxy-Mask-1570055-Stephen-Bunting-RC-S,3.49,continue,,manual,TRUE,TRUE,90
stephen-bunting-celebrity-cardboard-party-face-mask-professional-darts-player-fancy-dress-costume-accessory-for-hen-do-stag-do-birthdays-sports-party-events,,,,DIY,,Elastic,Foxy-Mask-1570055-Stephen-Bunting-DIY-E,1.50,continue,,manual,TRUE,TRUE,90
stephen-bunting-celebrity-cardboard-party-face-mask-professional-darts-player-fancy-dress-costume-accessory-for-hen-do-stag-do-birthdays-sports-party-events,,,,DIY,,Stick,Foxy-Mask-1570055-Stephen-Bunting-DIY-S,2.00,continue,,manual,TRUE,TRUE,90
aaliyah-james-celebrity-face-mask-eastenders-tv-soap-star-fancy-dress-costume-party-prop-for-hen-stag-do-birthday-accessory,Aaliyah James Face Mask – Fancy Dress Cardboard Costume Mask,active,Style,Ready Cut,Fitting,Elastic,Foxy-Mask-1570056-Aaliyah-James-RC-E,2.99,continue,,manual,TRUE,TRUE,90
aaliyah-james-celebrity-face-mask-eastenders-tv-soap-star-fancy-dress-costume-party-prop-for-hen-stag-do-birthday-accessory,,,,Ready Cut,,Stick,Foxy-Mask-1570056-Aaliyah-James-RC-S,3.49,continue,,manual,TRUE,TRUE,90
aaliyah-james-celebrity-face-mask-eastenders-tv-soap-star-fancy-dress-costume-party-prop-for-hen-stag-do-birthday-accessory,,,,DIY,,Elastic,Foxy-Mask-1570056-Aaliyah-James-DIY-E,1.50,continue,,manual,TRUE,TRUE,90
aaliyah-james-celebrity-face-mask-eastenders-tv-soap-star-fancy-dress-costume-party-prop-for-hen-stag-do-birthday-accessory,,,,DIY,,Stick,Foxy-Mask-1570056-Aaliyah-James-DIY-S,2.00,continue,,manual,TRUE,TRUE,90
alex-walkinshaw-celebrity-face-mask-eastenders-tv-soap-star-fancy-dress-costume-party-prop-for-hen-stag-do-birthday-accessory,Alex Walkinshaw Face Mask – Fancy Dress Cardboard Costume Mask,active,Style,Ready Cut,Fitting,Elastic,Foxy-Mask-1570057-Alex-Walkinshaw-RC-E,2.99,continue,,manual,TRUE,TRUE,90
alex-walkinshaw-celebrity-face-mask-eastenders-tv-soap-star-fancy-dress-costume-party-prop-for-hen-stag-do-birthday-accessory,,,,Ready Cut,,Stick,Foxy-Mask-1570057-Alex-Walkinshaw-RC-S,3.49,continue,,manual,TRUE,TRUE,90
alex-walkinshaw-celebrity-face-mask-eastenders-tv-soap-star-fancy-dress-costume-party-prop-for-hen-stag-do-birthday-accessory,,,,DIY,,Elastic,Foxy-Mask-1570057-Alex-Walkinshaw-DIY-E,1.50,continue,,manual,TRUE,TRUE,90
alex-walkinshaw-celebrity-face-mask-eastenders-tv-soap-star-fancy-dress-costume-party-prop-for-hen-stag-do-birthday-accessory,,,,DIY,,Stick,Foxy-Mask-1570057-Alex-Walkinshaw-DIY-S,2.00,continue,,manual,TRUE,TRUE,90
avani-nandra-hart-celebrity-face-mask-eastenders-tv-soap-star-fancy-dress-costume-party-prop-for-hen-stag-do-birthday-accessory,Avani Nandra-Hart Face Mask – Fancy Dress Cardboard Costume Mask,active,Style,Ready Cut,Fitting,Elastic,Foxy-Mask-1570058-Avani-Nandra-Hart-RC-E,2.99,continue,,manual,TRUE,TRUE,90
avani-nandra-hart-celebrity-face-mask-eastenders-tv-soap-star-fancy-dress-costume-party-prop-for-hen-stag-do-birthday-accessory,,,,Ready Cut,,Stick,Foxy-Mask-1570058-Avani-Nandra-Hart-RC-S,3.49,continue,,manual,TRUE,TRUE,90
avani-nandra-hart-celebrity-face-mask-eastenders-tv-soap-star-fancy-dress-costume-party-prop-for-hen-stag-do-birthday-accessory,,,,DIY,,Elastic,Foxy-Mask-1570058-Avani-Nandra-Hart-DIY-E,1.50,continue,,manual,TRUE,TRUE,90
avani-nandra-hart-celebrity-face-mask-eastenders-tv-soap-star-fancy-dress-costume-party-prop-for-hen-stag-do-birthday-accessory,,,,DIY,,Stick,Foxy-Mask-1570058-Avani-Nandra-Hart-DIY-S,2.00,continue,,manual,TRUE,TRUE,90
barney-mitchell-celebrity-face-mask-eastenders-tv-soap-star-fancy-dress-costume-party-prop-for-hen-stag-do-birthday-accessory,Barney Mitchell Face Mask – Fancy Dress Cardboard Costume Mask,active,Style,Ready Cut,Fitting,Elastic,Foxy-Mask-1570059-Barney-Mitchell-RC-E,2.99,continue,,manual,TRUE,TRUE,90
barney-mitchell-celebrity-face-mask-eastenders-tv-soap-star-fancy-dress-costume-party-prop-for-hen-stag-do-birthday-accessory,,,,Ready Cut,,Stick,Foxy-Mask-1570059-Barney-Mitchell-RC-S,3.49,continue,,manual,TRUE,TRUE,90
barney-mitchell-celebrity-face-mask-eastenders-tv-soap-star-fancy-dress-costume-party-prop-for-hen-stag-do-birthday-accessory,,,,DIY,,Elastic,Foxy-Mask-1570059-Barney-Mitchell-DIY-E,1.50,continue,,manual,TRUE,TRUE,90
barney-mitchell-celebrity-face-mask-eastenders-tv-soap-star-fancy-dress-costume-party-prop-for-hen-stag-do-birthday-accessory,,,,DIY,,Stick,Foxy-Mask-1570059-Barney-Mitchell-DIY-S,2.00,continue,,manual,TRUE,TRUE,90
danny-dyer-celebrity-face-mask-eastenders-tv-soap-star-fancy-dress-costume-party-prop-for-hen-stag-do-birthday-accessory,Danny Dyer Celebrity Face Mask – EastEnders TV Soap Star Fancy Dress Costume Party Prop for Hen Stag Do Birthday Accessory,active,Style,Ready Cut,Fitting,Elastic,Foxy-Mask-1570060-Danny-Dyer-RC-E,2.99,continue,,manual,TRUE,TRUE,90
danny-dyer-celebrity-face-mask-eastenders-tv-soap-star-fancy-dress-costume-party-prop-for-hen-stag-do-birthday-accessory,,,,Ready Cut,,Stick,Foxy-Mask-1570060-Danny-Dyer-RC-S,3.49,continue,,manual,TRUE,TRUE,90
danny-dyer-celebrity-face-mask-eastenders-tv-soap-star-fancy-dress-costume-party-prop-for-hen-stag-do-birthday-accessory,,,,DIY,,Elastic,Foxy-Mask-1570060-Danny-Dyer-DIY-E,1.50,continue,,manual,TRUE,TRUE,90
danny-dyer-celebrity-face-mask-eastenders-tv-soap-star-fancy-dress-costume-party-prop-for-hen-stag-do-birthday-accessory,,,,DIY,,Stick,Foxy-Mask-1570060-Danny-Dyer-DIY-S,2.00,continue,,manual,TRUE,TRUE,90
eve-unwin-celebrity-face-mask-eastenders-tv-soap-star-fancy-dress-costume-party-prop-for-hen-stag-do-birthday-accessory,Eve Unwin Face Mask – Fancy Dress Cardboard Costume Mask,active,Style,Ready Cut,Fitting,Elastic,Foxy-Mask-1570061-Eve-Unwin-RC-E,2.99,continue,,manual,TRUE,TRUE,90
eve-unwin-celebrity-face-mask-eastenders-tv-soap-star-fancy-dress-costume-party-prop-for-hen-stag-do-birthday-accessory,,,,Ready Cut,,Stick,Foxy-Mask-1570061-Eve-Unwin-RC-S,3.49,continue,,manual,TRUE,TRUE,90
eve-unwin-celebrity-face-mask-eastenders-tv-soap-star-fancy-dress-costume-party-prop-for-hen-stag-do-birthday-accessory,,,,DIY,,Elastic,Foxy-Mask-1570061-Eve-Unwin-DIY-E,1.50,continue,,manual,TRUE,TRUE,90
eve-unwin-celebrity-face-mask-eastenders-tv-soap-star-fancy-dress-costume-party-prop-for-hen-stag-do-birthday-accessory,,,,DIY,,Stick,Foxy-Mask-1570061-Eve-Unwin-DIY-S,2.00,continue,,manual,TRUE,TRUE,90
heather-peace-celebrity-face-mask-eastenders-tv-soap-star-fancy-dress-costume-party-prop-for-hen-stag-do-birthday-accessory,Heather Peace Face Mask – Fancy Dress Cardboard Costume Mask,active,Style,Ready Cut,Fitting,Elastic,Foxy-Mask-1570062-Heather-Peace-RC-E,2.99,continue,,manual,TRUE,TRUE,90
heather-peace-celebrity-face-mask-eastenders-tv-soap-star-fancy-dress-costume-party-prop-for-hen-stag-do-birthday-accessory,,,,Ready Cut,,Stick,Foxy-Mask-1570062-Heather-Peace-RC-S,3.49,continue,,manual,TRUE,TRUE,90
heather-peace-celebrity-face-mask-eastenders-tv-soap-star-fancy-dress-costume-party-prop-for-hen-stag-do-birthday-accessory,,,,DIY,,Elastic,Foxy-Mask-1570062-Heather-Peace-DIY-E,1.50,continue,,manual,TRUE,TRUE,90
heather-peace-celebrity-face-mask-eastenders-tv-soap-star-fancy-dress-costume-party-prop-for-hen-stag-do-birthday-accessory,,,,DIY,,Stick,Foxy-Mask-1570062-Heather-Peace-DIY-S,2.00,continue,,manual,TRUE,TRUE,90
jacqueline-jossa-celebrity-face-mask-eastenders-tv-soap-star-fancy-dress-costume-party-prop-for-hen-stag-do-birthday-accessory,Jacqueline Jossa Celebrity Face Mask – EastEnders TV Soap Star Fancy Dress Costume Party Prop for Hen Stag Do Birthday Accessory,active,Style,Ready Cut,Fitting,Elastic,Foxy-Mask-1570063-Jacqueline-Jossa-RC-E,2.99,continue,,manual,TRUE,TRUE,90
jacqueline-jossa-celebrity-face-mask-eastenders-tv-soap-star-fancy-dress-costume-party-prop-for-hen-stag-do-birthday-accessory,,,,Ready Cut,,Stick,Foxy-Mask-1570063-Jacqueline-Jossa-RC-S,3.49,continue,,manual,TRUE,TRUE,90
jacqueline-jossa-celebrity-face-mask-eastenders-tv-soap-star-fancy-dress-costume-party-prop-for-hen-stag-do-birthday-accessory,,,,DIY,,Elastic,Foxy-Mask-1570063-Jacqueline-Jossa-DIY-E,1.50,continue,,manual,TRUE,TRUE,90
jacqueline-jossa-celebrity-face-mask-eastenders-tv-soap-star-fancy-dress-costume-party-prop-for-hen-stag-do-birthday-accessory,,,,DIY,,Stick,Foxy-Mask-1570063-Jacqueline-Jossa-DIY-S,2.00,continue,,manual,TRUE,TRUE,90
jamie-borthwick-celebrity-face-mask-eastenders-tv-soap-star-fancy-dress-costume-party-prop-for-hen-stag-do-birthday-accessory,Jamie Borthwick Face Mask – Fancy Dress Cardboard Costume Mask,active,Style,Ready Cut,Fitting,Elastic,Foxy-Mask-1570064-Jamie-Borthwick-RC-E,2.99,continue,,manual,TRUE,TRUE,90
jamie-borthwick-celebrity-face-mask-eastenders-tv-soap-star-fancy-dress-costume-party-prop-for-hen-stag-do-birthday-accessory,,,,Ready Cut,,Stick,Foxy-Mask-1570064-Jamie-Borthwick-RC-S,3.49,continue,,manual,TRUE,TRUE,90
jamie-borthwick-celebrity-face-mask-eastenders-tv-soap-star-fancy-dress-costume-party-prop-for-hen-stag-do-birthday-accessory,,,,DIY,,Elastic,Foxy-Mask-1570064-Jamie-Borthwick-DIY-E,1.50,continue,,manual,TRUE,TRUE,90
jamie-borthwick-celebrity-face-mask-eastenders-tv-soap-star-fancy-dress-costume-party-prop-for-hen-stag-do-birthday-accessory,,,,DIY,,Stick,Foxy-Mask-1570064-Jamie-Borthwick-DIY-S,2.00,continue,,manual,TRUE,TRUE,90
jay-brown-celebrity-face-mask-eastenders-tv-soap-star-fancy-dress-costume-party-prop-for-hen-stag-do-birthday-accessory,Jay Brown Face Mask – Fancy Dress Cardboard Costume Mask,active,Style,Ready Cut,Fitting,Elastic,Foxy-Mask-1570065-jay-brown--RC-E,2.99,continue,,manual,TRUE,TRUE,90
jay-brown-celebrity-face-mask-eastenders-tv-soap-star-fancy-dress-costume-party-prop-for-hen-stag-do-birthday-accessory,,,,Ready Cut,,Stick,Foxy-Mask-1570065-jay-brown--RC-S,3.49,continue,,manual,TRUE,TRUE,90
jay-brown-celebrity-face-mask-eastenders-tv-soap-star-fancy-dress-costume-party-prop-for-hen-stag-do-birthday-accessory,,,,DIY,,Elastic,Foxy-Mask-1570065-jay-brown--DIY-E,1.50,continue,,manual,TRUE,TRUE,90
jay-brown-celebrity-face-mask-eastenders-tv-soap-star-fancy-dress-costume-party-prop-for-hen-stag-do-birthday-accessory,,,,DIY,,Stick,Foxy-Mask-1570065-jay-brown--DIY-S,2.00,continue,,manual,TRUE,TRUE,90
lacey-turner-celebrity-face-mask-eastenders-tv-soap-star-fancy-dress-costume-party-prop-for-hen-stag-do-birthday-accessory,Lacey Turner Face Mask – Fancy Dress Cardboard Costume Mask,active,Style,Ready Cut,Fitting,Elastic,Foxy-Mask-1570066-Lacey-Turner-RC-E,2.99,continue,,manual,TRUE,TRUE,90
lacey-turner-celebrity-face-mask-eastenders-tv-soap-star-fancy-dress-costume-party-prop-for-hen-stag-do-birthday-accessory,,,,Ready Cut,,Stick,Foxy-Mask-1570066-Lacey-Turner-RC-S,3.49,continue,,manual,TRUE,TRUE,90
lacey-turner-celebrity-face-mask-eastenders-tv-soap-star-fancy-dress-costume-party-prop-for-hen-stag-do-birthday-accessory,,,,DIY,,Elastic,Foxy-Mask-1570066-Lacey-Turner-DIY-E,1.50,continue,,manual,TRUE,TRUE,90
lacey-turner-celebrity-face-mask-eastenders-tv-soap-star-fancy-dress-costume-party-prop-for-hen-stag-do-birthday-accessory,,,,DIY,,Stick,Foxy-Mask-1570066-Lacey-Turner-DIY-S,2.00,continue,,manual,TRUE,TRUE,90
lauren-branning-celebrity-face-mask-eastenders-tv-soap-star-fancy-dress-costume-party-prop-for-hen-stag-do-birthday-accessory,Lauren Branning Face Mask – Fancy Dress Cardboard Costume Mask,active,Style,Ready Cut,Fitting,Elastic,Foxy-Mask-1570067-Lauren-Branning-RC-E,2.99,continue,,manual,TRUE,TRUE,90
lauren-branning-celebrity-face-mask-eastenders-tv-soap-star-fancy-dress-costume-party-prop-for-hen-stag-do-birthday-accessory,,,,Ready Cut,,Stick,Foxy-Mask-1570067-Lauren-Branning-RC-S,3.49,continue,,manual,TRUE,TRUE,90
lauren-branning-celebrity-face-mask-eastenders-tv-soap-star-fancy-dress-costume-party-prop-for-hen-stag-do-birthday-accessory,,,,DIY,,Elastic,Foxy-Mask-1570067-Lauren-Branning-DIY-E,1.50,continue,,manual,TRUE,TRUE,90
lauren-branning-celebrity-face-mask-eastenders-tv-soap-star-fancy-dress-costume-party-prop-for-hen-stag-do-birthday-accessory,,,,DIY,,Stick,Foxy-Mask-1570067-Lauren-Branning-DIY-S,2.00,continue,,manual,TRUE,TRUE,90
lewis-bridgeman-celebrity-face-mask-eastenders-tv-soap-star-fancy-dress-costume-party-prop-for-hen-stag-do-birthday-accessory,Lewis Bridgeman Face Mask – Fancy Dress Cardboard Costume Mask,active,Style,Ready Cut,Fitting,Elastic,Foxy-Mask-1570068-Lewis-Bridgeman-RC-E,2.99,continue,,manual,TRUE,TRUE,90
lewis-bridgeman-celebrity-face-mask-eastenders-tv-soap-star-fancy-dress-costume-party-prop-for-hen-stag-do-birthday-accessory,,,,Ready Cut,,Stick,Foxy-Mask-1570068-Lewis-Bridgeman-RC-S,3.49,continue,,manual,TRUE,TRUE,90
lewis-bridgeman-celebrity-face-mask-eastenders-tv-soap-star-fancy-dress-costume-party-prop-for-hen-stag-do-birthday-accessory,,,,DIY,,Elastic,Foxy-Mask-1570068-Lewis-Bridgeman-DIY-E,1.50,continue,,manual,TRUE,TRUE,90
lewis-bridgeman-celebrity-face-mask-eastenders-tv-soap-star-fancy-dress-costume-party-prop-for-hen-stag-do-birthday-accessory,,,,DIY,,Stick,Foxy-Mask-1570068-Lewis-Bridgeman-DIY-S,2.00,continue,,manual,TRUE,TRUE,90
maisie-smith-celebrity-face-mask-eastenders-tv-soap-star-fancy-dress-costume-party-prop-for-hen-stag-do-birthday-accessory,Maisie Smith Face Mask – Fancy Dress Cardboard Costume Mask,active,Style,Ready Cut,Fitting,Elastic,Foxy-Mask-1570069-Maisie-Smith-RC-E,2.99,continue,,manual,TRUE,TRUE,90
maisie-smith-celebrity-face-mask-eastenders-tv-soap-star-fancy-dress-costume-party-prop-for-hen-stag-do-birthday-accessory,,,,Ready Cut,,Stick,Foxy-Mask-1570069-Maisie-Smith-RC-S,3.49,continue,,manual,TRUE,TRUE,90
maisie-smith-celebrity-face-mask-eastenders-tv-soap-star-fancy-dress-costume-party-prop-for-hen-stag-do-birthday-accessory,,,,DIY,,Elastic,Foxy-Mask-1570069-Maisie-Smith-DIY-E,1.50,continue,,manual,TRUE,TRUE,90
maisie-smith-celebrity-face-mask-eastenders-tv-soap-star-fancy-dress-costume-party-prop-for-hen-stag-do-birthday-accessory,,,,DIY,,Stick,Foxy-Mask-1570069-Maisie-Smith-DIY-S,2.00,continue,,manual,TRUE,TRUE,90
mick-carter-celebrity-face-mask-eastenders-tv-soap-star-fancy-dress-costume-party-prop-for-hen-stag-do-birthday-accessory,Mick Carter Face Mask – Fancy Dress Cardboard Costume Mask,active,Style,Ready Cut,Fitting,Elastic,Foxy-Mask-1570070-Mick-Carter-RC-E,2.99,continue,,manual,TRUE,TRUE,90
mick-carter-celebrity-face-mask-eastenders-tv-soap-star-fancy-dress-costume-party-prop-for-hen-stag-do-birthday-accessory,,,,Ready Cut,,Stick,Foxy-Mask-1570070-Mick-Carter-RC-S,3.49,continue,,manual,TRUE,TRUE,90
mick-carter-celebrity-face-mask-eastenders-tv-soap-star-fancy-dress-costume-party-prop-for-hen-stag-do-birthday-accessory,,,,DIY,,Elastic,Foxy-Mask-1570070-Mick-Carter-DIY-E,1.50,continue,,manual,TRUE,TRUE,90
mick-carter-celebrity-face-mask-eastenders-tv-soap-star-fancy-dress-costume-party-prop-for-hen-stag-do-birthday-accessory,,,,DIY,,Stick,Foxy-Mask-1570070-Mick-Carter-DIY-S,2.00,continue,,manual,TRUE,TRUE,90
priya-nandra-hart-celebrity-face-mask-eastenders-tv-soap-star-fancy-dress-costume-party-prop-for-hen-stag-do-birthday-accessory,Priya Nandra-Hart Face Mask – Fancy Dress Cardboard Costume Mask,active,Style,Ready Cut,Fitting,Elastic,Foxy-Mask-1570071-Priya-Nandra-Hart-RC-E,2.99,continue,,manual,TRUE,TRUE,90
priya-nandra-hart-celebrity-face-mask-eastenders-tv-soap-star-fancy-dress-costume-party-prop-for-hen-stag-do-birthday-accessory,,,,Ready Cut,,Stick,Foxy-Mask-1570071-Priya-Nandra-Hart-RC-S,3.49,continue,,manual,TRUE,TRUE,90
priya-nandra-hart-celebrity-face-mask-eastenders-tv-soap-star-fancy-dress-costume-party-prop-for-hen-stag-do-birthday-accessory,,,,DIY,,Elastic,Foxy-Mask-1570071-Priya-Nandra-Hart-DIY-E,1.50,continue,,manual,TRUE,TRUE,90
priya-nandra-hart-celebrity-face-mask-eastenders-tv-soap-star-fancy-dress-costume-party-prop-for-hen-stag-do-birthday-accessory,,,,DIY,,Stick,Foxy-Mask-1570071-Priya-Nandra-Hart-DIY-S,2.00,continue,,manual,TRUE,TRUE,90
ross-marshall-celebrity-face-mask-eastenders-tv-soap-star-fancy-dress-costume-party-prop-for-hen-stag-do-birthday-accessory,Ross Marshall Face Mask – Fancy Dress Cardboard Costume Mask,active,Style,Ready Cut,Fitting,Elastic,Foxy-Mask-1570072-ross-marshall-RC-E,2.99,continue,,manual,TRUE,TRUE,90
ross-marshall-celebrity-face-mask-eastenders-tv-soap-star-fancy-dress-costume-party-prop-for-hen-stag-do-birthday-accessory,,,,Ready Cut,,Stick,Foxy-Mask-1570072-ross-marshall-RC-S,3.49,continue,,manual,TRUE,TRUE,90
ross-marshall-celebrity-face-mask-eastenders-tv-soap-star-fancy-dress-costume-party-prop-for-hen-stag-do-birthday-accessory,,,,DIY,,Elastic,Foxy-Mask-1570072-ross-marshall-DIY-E,1.50,continue,,manual,TRUE,TRUE,90
ross-marshall-celebrity-face-mask-eastenders-tv-soap-star-fancy-dress-costume-party-prop-for-hen-stag-do-birthday-accessory,,,,DIY,,Stick,Foxy-Mask-1570072-ross-marshall-DIY-S,2.00,continue,,manual,TRUE,TRUE,90
sophie-khan-levy-celebrity-face-mask-eastenders-tv-soap-star-fancy-dress-costume-party-prop-for-hen-stag-do-birthday-accessory,Sophie Khan Levy Face Mask – Fancy Dress Cardboard Costume Mask,active,Style,Ready Cut,Fitting,Elastic,Foxy-Mask-1570073-Sophie-Khan-Levy-RC-E,2.99,continue,,manual,TRUE,TRUE,90
sophie-khan-levy-celebrity-face-mask-eastenders-tv-soap-star-fancy-dress-costume-party-prop-for-hen-stag-do-birthday-accessory,,,,Ready Cut,,Stick,Foxy-Mask-1570073-Sophie-Khan-Levy-RC-S,3.49,continue,,manual,TRUE,TRUE,90
sophie-khan-levy-celebrity-face-mask-eastenders-tv-soap-star-fancy-dress-costume-party-prop-for-hen-stag-do-birthday-accessory,,,,DIY,,Elastic,Foxy-Mask-1570073-Sophie-Khan-Levy-DIY-E,1.50,continue,,manual,TRUE,TRUE,90
sophie-khan-levy-celebrity-face-mask-eastenders-tv-soap-star-fancy-dress-costume-party-prop-for-hen-stag-do-birthday-accessory,,,,DIY,,Stick,Foxy-Mask-1570073-Sophie-Khan-Levy-DIY-S,2.00,continue,,manual,TRUE,TRUE,90
stacey-slater-celebrity-face-mask-eastenders-tv-soap-star-fancy-dress-costume-party-prop-for-hen-stag-do-birthday-accessory,Stacey Slater Face Mask – Fancy Dress Cardboard Costume Mask,active,Style,Ready Cut,Fitting,Elastic,Foxy-Mask-1570074-Stacey-Slater-RC-E,2.99,continue,,manual,TRUE,TRUE,90
stacey-slater-celebrity-face-mask-eastenders-tv-soap-star-fancy-dress-costume-party-prop-for-hen-stag-do-birthday-accessory,,,,Ready Cut,,Stick,Foxy-Mask-1570074-Stacey-Slater-RC-S,3.49,continue,,manual,TRUE,TRUE,90
stacey-slater-celebrity-face-mask-eastenders-tv-soap-star-fancy-dress-costume-party-prop-for-hen-stag-do-birthday-accessory,,,,DIY,,Elastic,Foxy-Mask-1570074-Stacey-Slater-DIY-E,1.50,continue,,manual,TRUE,TRUE,90
stacey-slater-celebrity-face-mask-eastenders-tv-soap-star-fancy-dress-costume-party-prop-for-hen-stag-do-birthday-accessory,,,,DIY,,Stick,Foxy-Mask-1570074-Stacey-Slater-DIY-S,2.00,continue,,manual,TRUE,TRUE,90
tiffany-butcher-celebrity-face-mask-eastenders-tv-soap-star-fancy-dress-costume-party-prop-for-hen-stag-do-birthday-accessory,Tiffany Butcher Face Mask – Fancy Dress Cardboard Costume Mask,active,Style,Ready Cut,Fitting,Elastic,Foxy-Mask-1570075-Tiffany-Butcher-RC-E,2.99,continue,,manual,TRUE,TRUE,90
tiffany-butcher-celebrity-face-mask-eastenders-tv-soap-star-fancy-dress-costume-party-prop-for-hen-stag-do-birthday-accessory,,,,Ready Cut,,Stick,Foxy-Mask-1570075-Tiffany-Butcher-RC-S,3.49,continue,,manual,TRUE,TRUE,90
tiffany-butcher-celebrity-face-mask-eastenders-tv-soap-star-fancy-dress-costume-party-prop-for-hen-stag-do-birthday-accessory,,,,DIY,,Elastic,Foxy-Mask-1570075-Tiffany-Butcher-DIY-E,1.50,continue,,manual,TRUE,TRUE,90
tiffany-butcher-celebrity-face-mask-eastenders-tv-soap-star-fancy-dress-costume-party-prop-for-hen-stag-do-birthday-accessory,,,,DIY,,Stick,Foxy-Mask-1570075-Tiffany-Butcher-DIY-S,2.00,continue,,manual,TRUE,TRUE,90
jj-eurovision-2025-winner-celebrity-face-mask-austria-singer-johannes-pietsch-fancy-dress-party-prop-music-star-costume-accessory-costume-party-prop-for-hen-stag-do-birthday-accessory,JJ Face Mask – Fancy Dress Cardboard Costume Mask,active,Style,Ready Cut,Fitting,Elastic,Foxy-Mask-1570076-Austrias-JJ-RC-E,2.99,continue,,manual,TRUE,TRUE,90
jj-eurovision-2025-winner-celebrity-face-mask-austria-singer-johannes-pietsch-fancy-dress-party-prop-music-star-costume-accessory-costume-party-prop-for-hen-stag-do-birthday-accessory,,,,Ready Cut,,Stick,Foxy-Mask-1570076-Austrias-JJ-RC-S,3.49,continue,,manual,TRUE,TRUE,90
jj-eurovision-2025-winner-celebrity-face-mask-austria-singer-johannes-pietsch-fancy-dress-party-prop-music-star-costume-accessory-costume-party-prop-for-hen-stag-do-birthday-accessory,,,,DIY,,Elastic,Foxy-Mask-1570076-Austrias-JJ-DIY-E,1.50,continue,,manual,TRUE,TRUE,90
jj-eurovision-2025-winner-celebrity-face-mask-austria-singer-johannes-pietsch-fancy-dress-party-prop-music-star-costume-accessory-costume-party-prop-for-hen-stag-do-birthday-accessory,,,,DIY,,Stick,Foxy-Mask-1570076-Austrias-JJ-DIY-S,2.00,continue,,manual,TRUE,TRUE,90
atthaya-thitikul-celebrity-face-mask-professional-golfer-fancy-dress-costume-prop-for-sports-party-hen-stag-do-birthday-accessory,Atthaya Thitikul Face Mask – Fancy Dress Cardboard Costume Mask,active,Style,Ready Cut,Fitting,Elastic,Foxy-Mask-1570077-Atthaya-Thitikul-RC-E,2.99,continue,,manual,TRUE,TRUE,90
atthaya-thitikul-celebrity-face-mask-professional-golfer-fancy-dress-costume-prop-for-sports-party-hen-stag-do-birthday-accessory,,,,Ready Cut,,Stick,Foxy-Mask-1570077-Atthaya-Thitikul-RC-S,3.49,continue,,manual,TRUE,TRUE,90
atthaya-thitikul-celebrity-face-mask-professional-golfer-fancy-dress-costume-prop-for-sports-party-hen-stag-do-birthday-accessory,,,,DIY,,Elastic,Foxy-Mask-1570077-Atthaya-Thitikul-DIY-E,1.50,continue,,manual,TRUE,TRUE,90
atthaya-thitikul-celebrity-face-mask-professional-golfer-fancy-dress-costume-prop-for-sports-party-hen-stag-do-birthday-accessory,,,,DIY,,Stick,Foxy-Mask-1570077-Atthaya-Thitikul-DIY-S,2.00,continue,,manual,TRUE,TRUE,90
justin-thomas-celebrity-face-mask-professional-golfer-fancy-dress-costume-prop-for-sports-party-hen-stag-do-birthday-accessory,Justin Thomas Face Mask – Fancy Dress Cardboard Costume Mask,active,Style,Ready Cut,Fitting,Elastic,Foxy-Mask-1570078-Justin-Thomas-RC-E,2.99,continue,,manual,TRUE,TRUE,90
justin-thomas-celebrity-face-mask-professional-golfer-fancy-dress-costume-prop-for-sports-party-hen-stag-do-birthday-accessory,,,,Ready Cut,,Stick,Foxy-Mask-1570078-Justin-Thomas-RC-S,3.49,continue,,manual,TRUE,TRUE,90
justin-thomas-celebrity-face-mask-professional-golfer-fancy-dress-costume-prop-for-sports-party-hen-stag-do-birthday-accessory,,,,DIY,,Elastic,Foxy-Mask-1570078-Justin-Thomas-DIY-E,1.50,continue,,manual,TRUE,TRUE,90
justin-thomas-celebrity-face-mask-professional-golfer-fancy-dress-costume-prop-for-sports-party-hen-stag-do-birthday-accessory,,,,DIY,,Stick,Foxy-Mask-1570078-Justin-Thomas-DIY-S,2.00,continue,,manual,TRUE,TRUE,90
lydia-ko-celebrity-face-mask-professional-golfer-fancy-dress-costume-prop-for-sports-party-hen-stag-do-birthday-accessory,Lydia Ko Face Mask – Fancy Dress Cardboard Costume Mask,active,Style,Ready Cut,Fitting,Elastic,Foxy-Mask-1570079-Lydia-Ko-RC-E,2.99,continue,,manual,TRUE,TRUE,90
lydia-ko-celebrity-face-mask-professional-golfer-fancy-dress-costume-prop-for-sports-party-hen-stag-do-birthday-accessory,,,,Ready Cut,,Stick,Foxy-Mask-1570079-Lydia-Ko-RC-S,3.49,continue,,manual,TRUE,TRUE,90
lydia-ko-celebrity-face-mask-professional-golfer-fancy-dress-costume-prop-for-sports-party-hen-stag-do-birthday-accessory,,,,DIY,,Elastic,Foxy-Mask-1570079-Lydia-Ko-DIY-E,1.50,continue,,manual,TRUE,TRUE,90
lydia-ko-celebrity-face-mask-professional-golfer-fancy-dress-costume-prop-for-sports-party-hen-stag-do-birthday-accessory,,,,DIY,,Stick,Foxy-Mask-1570079-Lydia-Ko-DIY-S,2.00,continue,,manual,TRUE,TRUE,90
minjee-lee-celebrity-face-mask-professional-golfer-fancy-dress-costume-prop-for-sports-party-hen-stag-do-birthday-accessory,Minjee Lee Face Mask – Fancy Dress Cardboard Costume Mask,active,Style,Ready Cut,Fitting,Elastic,Foxy-Mask-1570080-Minjee-Lee-RC-E,2.99,continue,,manual,TRUE,TRUE,90
minjee-lee-celebrity-face-mask-professional-golfer-fancy-dress-costume-prop-for-sports-party-hen-stag-do-birthday-accessory,,,,Ready Cut,,Stick,Foxy-Mask-1570080-Minjee-Lee-RC-S,3.49,continue,,manual,TRUE,TRUE,90
minjee-lee-celebrity-face-mask-professional-golfer-fancy-dress-costume-prop-for-sports-party-hen-stag-do-birthday-accessory,,,,DIY,,Elastic,Foxy-Mask-1570080-Minjee-Lee-DIY-E,1.50,continue,,manual,TRUE,TRUE,90
minjee-lee-celebrity-face-mask-professional-golfer-fancy-dress-costume-prop-for-sports-party-hen-stag-do-birthday-accessory,,,,DIY,,Stick,Foxy-Mask-1570080-Minjee-Lee-DIY-S,2.00,continue,,manual,TRUE,TRUE,90
nelly-korda-celebrity-face-mask-professional-golfer-fancy-dress-costume-prop-for-sports-party-hen-stag-do-birthday-accessory,Nelly Korda Face Mask – Fancy Dress Cardboard Costume Mask,active,Style,Ready Cut,Fitting,Elastic,Foxy-Mask-1570081-Nelly-Korda-RC-E,2.99,continue,,manual,TRUE,TRUE,90
nelly-korda-celebrity-face-mask-professional-golfer-fancy-dress-costume-prop-for-sports-party-hen-stag-do-birthday-accessory,,,,Ready Cut,,Stick,Foxy-Mask-1570081-Nelly-Korda-RC-S,3.49,continue,,manual,TRUE,TRUE,90
nelly-korda-celebrity-face-mask-professional-golfer-fancy-dress-costume-prop-for-sports-party-hen-stag-do-birthday-accessory,,,,DIY,,Elastic,Foxy-Mask-1570081-Nelly-Korda-DIY-E,1.50,continue,,manual,TRUE,TRUE,90
nelly-korda-celebrity-face-mask-professional-golfer-fancy-dress-costume-prop-for-sports-party-hen-stag-do-birthday-accessory,,,,DIY,,Stick,Foxy-Mask-1570081-Nelly-Korda-DIY-S,2.00,continue,,manual,TRUE,TRUE,90
rory-mcilroy-celebrity-face-mask-professional-golfer-fancy-dress-costume-prop-for-sports-party-hen-stag-do-birthday-accessory,Rory Mcilroy Celebrity Face Mask – Professional Golfer Fancy Dress Costume Prop for Sports Party Hen Stag Do Birthday Accessory,active,Style,Ready Cut,Fitting,Elastic,Foxy-Mask-1570082-Rory-McIlroy-RC-E,2.99,continue,,manual,TRUE,TRUE,90
rory-mcilroy-celebrity-face-mask-professional-golfer-fancy-dress-costume-prop-for-sports-party-hen-stag-do-birthday-accessory,,,,Ready Cut,,Stick,Foxy-Mask-1570082-Rory-McIlroy-RC-S,3.49,continue,,manual,TRUE,TRUE,90
rory-mcilroy-celebrity-face-mask-professional-golfer-fancy-dress-costume-prop-for-sports-party-hen-stag-do-birthday-accessory,,,,DIY,,Elastic,Foxy-Mask-1570082-Rory-McIlroy-DIY-E,1.50,continue,,manual,TRUE,TRUE,90
rory-mcilroy-celebrity-face-mask-professional-golfer-fancy-dress-costume-prop-for-sports-party-hen-stag-do-birthday-accessory,,,,DIY,,Stick,Foxy-Mask-1570082-Rory-McIlroy-DIY-S,2.00,continue,,manual,TRUE,TRUE,90
ruoning-yin-celebrity-face-mask-professional-golfer-fancy-dress-costume-prop-for-sports-party-hen-stag-do-birthday-accessory,Ruoning Yin Face Mask – Fancy Dress Cardboard Costume Mask,active,Style,Ready Cut,Fitting,Elastic,Foxy-Mask-1570083-Ruoning-Yin-RC-E,2.99,continue,,manual,TRUE,TRUE,90
ruoning-yin-celebrity-face-mask-professional-golfer-fancy-dress-costume-prop-for-sports-party-hen-stag-do-birthday-accessory,,,,Ready Cut,,Stick,Foxy-Mask-1570083-Ruoning-Yin-RC-S,3.49,continue,,manual,TRUE,TRUE,90
ruoning-yin-celebrity-face-mask-professional-golfer-fancy-dress-costume-prop-for-sports-party-hen-stag-do-birthday-accessory,,,,DIY,,Elastic,Foxy-Mask-1570083-Ruoning-Yin-DIY-E,1.50,continue,,manual,TRUE,TRUE,90
ruoning-yin-celebrity-face-mask-professional-golfer-fancy-dress-costume-prop-for-sports-party-hen-stag-do-birthday-accessory,,,,DIY,,Stick,Foxy-Mask-1570083-Ruoning-Yin-DIY-S,2.00,continue,,manual,TRUE,TRUE,90
russell-henley-celebrity-face-mask-professional-golfer-fancy-dress-costume-prop-for-sports-party-hen-stag-do-birthday-accessory,Russell Henley Face Mask – Fancy Dress Cardboard Costume Mask,active,Style,Ready Cut,Fitting,Elastic,Foxy-Mask-1570084-Russell-Henley-RC-E,2.99,continue,,manual,TRUE,TRUE,90
russell-henley-celebrity-face-mask-professional-golfer-fancy-dress-costume-prop-for-sports-party-hen-stag-do-birthday-accessory,,,,Ready Cut,,Stick,Foxy-Mask-1570084-Russell-Henley-RC-S,3.49,continue,,manual,TRUE,TRUE,90
russell-henley-celebrity-face-mask-professional-golfer-fancy-dress-costume-prop-for-sports-party-hen-stag-do-birthday-accessory,,,,DIY,,Elastic,Foxy-Mask-1570084-Russell-Henley-DIY-E,1.50,continue,,manual,TRUE,TRUE,90
russell-henley-celebrity-face-mask-professional-golfer-fancy-dress-costume-prop-for-sports-party-hen-stag-do-birthday-accessory,,,,DIY,,Stick,Foxy-Mask-1570084-Russell-Henley-DIY-S,2.00,continue,,manual,TRUE,TRUE,90
scottie-scheffler-celebrity-face-mask-professional-golfer-fancy-dress-costume-prop-for-sports-party-hen-stag-do-birthday-accessory,Scottie Scheffler Celebrity Face Mask – Professional Golfer Fancy Dress Costume Prop for Sports Party Hen Stag Do Birthday Accessory,active,Style,Ready Cut,Fitting,Elastic,Foxy-Mask-1570085-scottie-scheffler-RC-E,2.99,continue,,manual,TRUE,TRUE,90
scottie-scheffler-celebrity-face-mask-professional-golfer-fancy-dress-costume-prop-for-sports-party-hen-stag-do-birthday-accessory,,,,Ready Cut,,Stick,Foxy-Mask-1570085-scottie-scheffler-RC-S,3.49,continue,,manual,TRUE,TRUE,90
scottie-scheffler-celebrity-face-mask-professional-golfer-fancy-dress-costume-prop-for-sports-party-hen-stag-do-birthday-accessory,,,,DIY,,Elastic,Foxy-Mask-1570085-scottie-scheffler-DIY-E,1.50,continue,,manual,TRUE,TRUE,90
scottie-scheffler-celebrity-face-mask-professional-golfer-fancy-dress-costume-prop-for-sports-party-hen-stag-do-birthday-accessory,,,,DIY,,Stick,Foxy-Mask-1570085-scottie-scheffler-DIY-S,2.00,continue,,manual,TRUE,TRUE,90
xander-schauffele-celebrity-face-mask-professional-golfer-fancy-dress-costume-prop-for-sports-party-hen-stag-do-birthday-accessory,Xander Schauffele Celebrity Face Mask – Professional Golfer Fancy Dress Costume Prop for Sports Party Hen Stag Do Birthday Accessory,active,Style,Ready Cut,Fitting,Elastic,Foxy-Mask-1570086-Xander-Schauffele-RC-E,2.99,continue,,manual,TRUE,TRUE,90
xander-schauffele-celebrity-face-mask-professional-golfer-fancy-dress-costume-prop-for-sports-party-hen-stag-do-birthday-accessory,,,,Ready Cut,,Stick,Foxy-Mask-1570086-Xander-Schauffele-RC-S,3.49,continue,,manual,TRUE,TRUE,90
xander-schauffele-celebrity-face-mask-professional-golfer-fancy-dress-costume-prop-for-sports-party-hen-stag-do-birthday-accessory,,,,DIY,,Elastic,Foxy-Mask-1570086-Xander-Schauffele-DIY-E,1.50,continue,,manual,TRUE,TRUE,90
xander-schauffele-celebrity-face-mask-professional-golfer-fancy-dress-costume-prop-for-sports-party-hen-stag-do-birthday-accessory,,,,DIY,,Stick,Foxy-Mask-1570086-Xander-Schauffele-DIY-S,2.00,continue,,manual,TRUE,TRUE,90
alex-fletcher-celebrity-face-mask-hollyoaks-soap-star-fancy-dress-costume-party-prop-for-hen-stag-do-birthday-accessory,Alex Fletcher Face Mask – Fancy Dress Cardboard Costume Mask,active,Style,Ready Cut,Fitting,Elastic,Foxy-Mask-1570087-Alex-Fletcher-RC-E,2.99,continue,,manual,TRUE,TRUE,90
alex-fletcher-celebrity-face-mask-hollyoaks-soap-star-fancy-dress-costume-party-prop-for-hen-stag-do-birthday-accessory,,,,Ready Cut,,Stick,Foxy-Mask-1570087-Alex-Fletcher-RC-S,3.49,continue,,manual,TRUE,TRUE,90
alex-fletcher-celebrity-face-mask-hollyoaks-soap-star-fancy-dress-costume-party-prop-for-hen-stag-do-birthday-accessory,,,,DIY,,Elastic,Foxy-Mask-1570087-Alex-Fletcher-DIY-E,1.50,continue,,manual,TRUE,TRUE,90
alex-fletcher-celebrity-face-mask-hollyoaks-soap-star-fancy-dress-costume-party-prop-for-hen-stag-do-birthday-accessory,,,,DIY,,Stick,Foxy-Mask-1570087-Alex-Fletcher-DIY-S,2.00,continue,,manual,TRUE,TRUE,90
anna-passey-celebrity-face-mask-hollyoaks-soap-star-fancy-dress-costume-party-prop-for-hen-stag-do-birthday-accessory,Anna Passey Face Mask – Fancy Dress Cardboard Costume Mask,active,Style,Ready Cut,Fitting,Elastic,Foxy-Mask-1570088-Anna-Passey-RC-E,2.99,continue,,manual,TRUE,TRUE,90
anna-passey-celebrity-face-mask-hollyoaks-soap-star-fancy-dress-costume-party-prop-for-hen-stag-do-birthday-accessory,,,,Ready Cut,,Stick,Foxy-Mask-1570088-Anna-Passey-RC-S,3.49,continue,,manual,TRUE,TRUE,90
anna-passey-celebrity-face-mask-hollyoaks-soap-star-fancy-dress-costume-party-prop-for-hen-stag-do-birthday-accessory,,,,DIY,,Elastic,Foxy-Mask-1570088-Anna-Passey-DIY-E,1.50,continue,,manual,TRUE,TRUE,90
anna-passey-celebrity-face-mask-hollyoaks-soap-star-fancy-dress-costume-party-prop-for-hen-stag-do-birthday-accessory,,,,DIY,,Stick,Foxy-Mask-1570088-Anna-Passey-DIY-S,2.00,continue,,manual,TRUE,TRUE,90
ashley-taylor-dawson-celebrity-face-mask-hollyoaks-soap-star-fancy-dress-costume-party-prop-for-hen-stag-do-birthday-accessory,Ashley Taylor Dawson Celebrity Face Mask – Hollyoaks Soap Star Fancy Dress Costume Party Prop for Hen Stag Do Birthday Accessory,active,Style,Ready Cut,Fitting,Elastic,Foxy-Mask-1570089-Ashley-Taylor-Dawson-RC-E,2.99,continue,,manual,TRUE,TRUE,90
ashley-taylor-dawson-celebrity-face-mask-hollyoaks-soap-star-fancy-dress-costume-party-prop-for-hen-stag-do-birthday-accessory,,,,Ready Cut,,Stick,Foxy-Mask-1570089-Ashley-Taylor-Dawson-RC-S,3.49,continue,,manual,TRUE,TRUE,90
ashley-taylor-dawson-celebrity-face-mask-hollyoaks-soap-star-fancy-dress-costume-party-prop-for-hen-stag-do-birthday-accessory,,,,DIY,,Elastic,Foxy-Mask-1570089-Ashley-Taylor-Dawson-DIY-E,1.50,continue,,manual,TRUE,TRUE,90
ashley-taylor-dawson-celebrity-face-mask-hollyoaks-soap-star-fancy-dress-costume-party-prop-for-hen-stag-do-birthday-accessory,,,,DIY,,Stick,Foxy-Mask-1570089-Ashley-Taylor-Dawson-DIY-S,2.00,continue,,manual,TRUE,TRUE,90
danny-mac-celebrity-face-mask-hollyoaks-soap-star-fancy-dress-costume-party-prop-for-hen-stag-do-birthday-accessory,Danny Mac Celebrity Face Mask – Hollyoaks Soap Star Fancy Dress Costume Party Prop for Hen Stag Do Birthday Accessory,active,Style,Ready Cut,Fitting,Elastic,Foxy-Mask-1570090-Danny-Mac-RC-E,2.99,continue,,manual,TRUE,TRUE,90
danny-mac-celebrity-face-mask-hollyoaks-soap-star-fancy-dress-costume-party-prop-for-hen-stag-do-birthday-accessory,,,,Ready Cut,,Stick,Foxy-Mask-1570090-Danny-Mac-RC-S,3.49,continue,,manual,TRUE,TRUE,90
danny-mac-celebrity-face-mask-hollyoaks-soap-star-fancy-dress-costume-party-prop-for-hen-stag-do-birthday-accessory,,,,DIY,,Elastic,Foxy-Mask-1570090-Danny-Mac-DIY-E,1.50,continue,,manual,TRUE,TRUE,90
danny-mac-celebrity-face-mask-hollyoaks-soap-star-fancy-dress-costume-party-prop-for-hen-stag-do-birthday-accessory,,,,DIY,,Stick,Foxy-Mask-1570090-Danny-Mac-DIY-S,2.00,continue,,manual,TRUE,TRUE,90
darren-osborne-celebrity-face-mask-hollyoaks-soap-star-fancy-dress-costume-party-prop-for-hen-stag-do-birthday-accessory,Darren Osborne Face Mask – Fancy Dress Cardboard Costume Mask,active,Style,Ready Cut,Fitting,Elastic,Foxy-Mask-1570091-darren-osborne-RC-E,2.99,continue,,manual,TRUE,TRUE,90
darren-osborne-celebrity-face-mask-hollyoaks-soap-star-fancy-dress-costume-party-prop-for-hen-stag-do-birthday-accessory,,,,Ready Cut,,Stick,Foxy-Mask-1570091-darren-osborne-RC-S,3.49,continue,,manual,TRUE,TRUE,90
darren-osborne-celebrity-face-mask-hollyoaks-soap-star-fancy-dress-costume-party-prop-for-hen-stag-do-birthday-accessory,,,,DIY,,Elastic,Foxy-Mask-1570091-darren-osborne-DIY-E,1.50,continue,,manual,TRUE,TRUE,90
darren-osborne-celebrity-face-mask-hollyoaks-soap-star-fancy-dress-costume-party-prop-for-hen-stag-do-birthday-accessory,,,,DIY,,Stick,Foxy-Mask-1570091-darren-osborne-DIY-S,2.00,continue,,manual,TRUE,TRUE,90
diane-hutchinson-celebrity-face-mask-hollyoaks-soap-star-fancy-dress-costume-party-prop-for-hen-stag-do-birthday-accessory,Diane Hutchinson Face Mask – Fancy Dress Cardboard Costume Mask,active,Style,Ready Cut,Fitting,Elastic,Foxy-Mask-1570092-Diane-Hutchinson-RC-E,2.99,continue,,manual,TRUE,TRUE,90
diane-hutchinson-celebrity-face-mask-hollyoaks-soap-star-fancy-dress-costume-party-prop-for-hen-stag-do-birthday-accessory,,,,Ready Cut,,Stick,Foxy-Mask-1570092-Diane-Hutchinson-RC-S,3.49,continue,,manual,TRUE,TRUE,90
diane-hutchinson-celebrity-face-mask-hollyoaks-soap-star-fancy-dress-costume-party-prop-for-hen-stag-do-birthday-accessory,,,,DIY,,Elastic,Foxy-Mask-1570092-Diane-Hutchinson-DIY-E,1.50,continue,,manual,TRUE,TRUE,90
diane-hutchinson-celebrity-face-mask-hollyoaks-soap-star-fancy-dress-costume-party-prop-for-hen-stag-do-birthday-accessory,,,,DIY,,Stick,Foxy-Mask-1570092-Diane-Hutchinson-DIY-S,2.00,continue,,manual,TRUE,TRUE,90
dodger-savage-celebrity-face-mask-hollyoaks-soap-star-fancy-dress-costume-party-prop-for-hen-stag-do-birthday-accessory,Dodger Savage Face Mask – Fancy Dress Cardboard Costume Mask,active,Style,Ready Cut,Fitting,Elastic,Foxy-Mask-1570093-Dodger-Savage-RC-E,2.99,continue,,manual,TRUE,TRUE,90
dodger-savage-celebrity-face-mask-hollyoaks-soap-star-fancy-dress-costume-party-prop-for-hen-stag-do-birthday-accessory,,,,Ready Cut,,Stick,Foxy-Mask-1570093-Dodger-Savage-RC-S,3.49,continue,,manual,TRUE,TRUE,90
dodger-savage-celebrity-face-mask-hollyoaks-soap-star-fancy-dress-costume-party-prop-for-hen-stag-do-birthday-accessory,,,,DIY,,Elastic,Foxy-Mask-1570093-Dodger-Savage-DIY-E,1.50,continue,,manual,TRUE,TRUE,90
dodger-savage-celebrity-face-mask-hollyoaks-soap-star-fancy-dress-costume-party-prop-for-hen-stag-do-birthday-accessory,,,,DIY,,Stick,Foxy-Mask-1570093-Dodger-Savage-DIY-S,2.00,continue,,manual,TRUE,TRUE,90
ellis-hollins-celebrity-face-mask-hollyoaks-soap-star-fancy-dress-costume-party-prop-for-hen-stag-do-birthday-accessory,Ellis Hollins Face Mask – Fancy Dress Cardboard Costume Mask,active,Style,Ready Cut,Fitting,Elastic,Foxy-Mask-1570094-Ellis-Hollins-RC-E,2.99,continue,,manual,TRUE,TRUE,90
ellis-hollins-celebrity-face-mask-hollyoaks-soap-star-fancy-dress-costume-party-prop-for-hen-stag-do-birthday-accessory,,,,Ready Cut,,Stick,Foxy-Mask-1570094-Ellis-Hollins-RC-S,3.49,continue,,manual,TRUE,TRUE,90
ellis-hollins-celebrity-face-mask-hollyoaks-soap-star-fancy-dress-costume-party-prop-for-hen-stag-do-birthday-accessory,,,,DIY,,Elastic,Foxy-Mask-1570094-Ellis-Hollins-DIY-E,1.50,continue,,manual,TRUE,TRUE,90
ellis-hollins-celebrity-face-mask-hollyoaks-soap-star-fancy-dress-costume-party-prop-for-hen-stag-do-birthday-accessory,,,,DIY,,Stick,Foxy-Mask-1570094-Ellis-Hollins-DIY-S,2.00,continue,,manual,TRUE,TRUE,90
james-sutton-celebrity-face-mask-hollyoaks-soap-star-fancy-dress-costume-party-prop-for-hen-stag-do-birthday-accessory,James Sutton Face Mask – Fancy Dress Cardboard Costume Mask,active,Style,Ready Cut,Fitting,Elastic,Foxy-Mask-1570095-James-Sutton-RC-E,2.99,continue,,manual,TRUE,TRUE,90
james-sutton-celebrity-face-mask-hollyoaks-soap-star-fancy-dress-costume-party-prop-for-hen-stag-do-birthday-accessory,,,,Ready Cut,,Stick,Foxy-Mask-1570095-James-Sutton-RC-S,3.49,continue,,manual,TRUE,TRUE,90
james-sutton-celebrity-face-mask-hollyoaks-soap-star-fancy-dress-costume-party-prop-for-hen-stag-do-birthday-accessory,,,,DIY,,Elastic,Foxy-Mask-1570095-James-Sutton-DIY-E,1.50,continue,,manual,TRUE,TRUE,90
james-sutton-celebrity-face-mask-hollyoaks-soap-star-fancy-dress-costume-party-prop-for-hen-stag-do-birthday-accessory,,,,DIY,,Stick,Foxy-Mask-1570095-James-Sutton-DIY-S,2.00,continue,,manual,TRUE,TRUE,90
jennifer-metcalfe-celebrity-face-mask-hollyoaks-soap-star-fancy-dress-costume-party-prop-for-hen-stag-do-birthday-accessory,Jennifer Metcalfe Face Mask – Fancy Dress Cardboard Costume Mask,active,Style,Ready Cut,Fitting,Elastic,Foxy-Mask-1570096-Jennifer-Metcalfe-RC-E,2.99,continue,,manual,TRUE,TRUE,90
jennifer-metcalfe-celebrity-face-mask-hollyoaks-soap-star-fancy-dress-costume-party-prop-for-hen-stag-do-birthday-accessory,,,,Ready Cut,,Stick,Foxy-Mask-1570096-Jennifer-Metcalfe-RC-S,3.49,continue,,manual,TRUE,TRUE,90
jennifer-metcalfe-celebrity-face-mask-hollyoaks-soap-star-fancy-dress-costume-party-prop-for-hen-stag-do-birthday-accessory,,,,DIY,,Elastic,Foxy-Mask-1570096-Jennifer-Metcalfe-DIY-E,1.50,continue,,manual,TRUE,TRUE,90
jennifer-metcalfe-celebrity-face-mask-hollyoaks-soap-star-fancy-dress-costume-party-prop-for-hen-stag-do-birthday-accessory,,,,DIY,,Stick,Foxy-Mask-1570096-Jennifer-Metcalfe-DIY-S,2.00,continue,,manual,TRUE,TRUE,90
john-paul-mcqueen-celebrity-face-mask-hollyoaks-soap-star-fancy-dress-costume-party-prop-for-hen-stag-do-birthday-accessory,John Paul McQueen Face Mask – Fancy Dress Cardboard Costume Mask,active,Style,Ready Cut,Fitting,Elastic,Foxy-Mask-1570097-John-Paul-McQueen-RC-E,2.99,continue,,manual,TRUE,TRUE,90
john-paul-mcqueen-celebrity-face-mask-hollyoaks-soap-star-fancy-dress-costume-party-prop-for-hen-stag-do-birthday-accessory,,,,Ready Cut,,Stick,Foxy-Mask-1570097-John-Paul-McQueen-RC-S,3.49,continue,,manual,TRUE,TRUE,90
john-paul-mcqueen-celebrity-face-mask-hollyoaks-soap-star-fancy-dress-costume-party-prop-for-hen-stag-do-birthday-accessory,,,,DIY,,Elastic,Foxy-Mask-1570097-John-Paul-McQueen-DIY-E,1.50,continue,,manual,TRUE,TRUE,90
john-paul-mcqueen-celebrity-face-mask-hollyoaks-soap-star-fancy-dress-costume-party-prop-for-hen-stag-do-birthday-accessory,,,,DIY,,Stick,Foxy-Mask-1570097-John-Paul-McQueen-DIY-S,2.00,continue,,manual,TRUE,TRUE,90
jorgie-porter-celebrity-face-mask-hollyoaks-soap-star-fancy-dress-costume-party-prop-for-hen-stag-do-birthday-accessory,Jorgie Porter Celebrity Face Mask – Hollyoaks Soap Star Fancy Dress Costume Party Prop for Hen Stag Do Birthday Accessory,active,Style,Ready Cut,Fitting,Elastic,Foxy-Mask-1570098-Jorgie-Porter-RC-E,2.99,continue,,manual,TRUE,TRUE,90
jorgie-porter-celebrity-face-mask-hollyoaks-soap-star-fancy-dress-costume-party-prop-for-hen-stag-do-birthday-accessory,,,,Ready Cut,,Stick,Foxy-Mask-1570098-Jorgie-Porter-RC-S,3.49,continue,,manual,TRUE,TRUE,90
jorgie-porter-celebrity-face-mask-hollyoaks-soap-star-fancy-dress-costume-party-prop-for-hen-stag-do-birthday-accessory,,,,DIY,,Elastic,Foxy-Mask-1570098-Jorgie-Porter-DIY-E,1.50,continue,,manual,TRUE,TRUE,90
jorgie-porter-celebrity-face-mask-hollyoaks-soap-star-fancy-dress-costume-party-prop-for-hen-stag-do-birthday-accessory,,,,DIY,,Stick,Foxy-Mask-1570098-Jorgie-Porter-DIY-S,2.00,continue,,manual,TRUE,TRUE,90
kieron-richardson-celebrity-face-mask-hollyoaks-soap-star-fancy-dress-costume-party-prop-for-hen-stag-do-birthday-accessory,Kieron Richardson Face Mask – Fancy Dress Cardboard Costume Mask,active,Style,Ready Cut,Fitting,Elastic,Foxy-Mask-1570099-Kieron-Richardson-RC-E,2.99,continue,,manual,TRUE,TRUE,90
kieron-richardson-celebrity-face-mask-hollyoaks-soap-star-fancy-dress-costume-party-prop-for-hen-stag-do-birthday-accessory,,,,Ready Cut,,Stick,Foxy-Mask-1570099-Kieron-Richardson-RC-S,3.49,continue,,manual,TRUE,TRUE,90
kieron-richardson-celebrity-face-mask-hollyoaks-soap-star-fancy-dress-costume-party-prop-for-hen-stag-do-birthday-accessory,,,,DIY,,Elastic,Foxy-Mask-1570099-Kieron-Richardson-DIY-E,1.50,continue,,manual,TRUE,TRUE,90
kieron-richardson-celebrity-face-mask-hollyoaks-soap-star-fancy-dress-costume-party-prop-for-hen-stag-do-birthday-accessory,,,,DIY,,Stick,Foxy-Mask-1570099-Kieron-Richardson-DIY-S,2.00,continue,,manual,TRUE,TRUE,90
mercedes-mcqueen-celebrity-face-mask-hollyoaks-soap-star-fancy-dress-costume-party-prop-for-hen-stag-do-birthday-accessory,Mercedes McQueen Face Mask – Fancy Dress Cardboard Costume Mask,active,Style,Ready Cut,Fitting,Elastic,Foxy-Mask-1570100-Mercedes-McQueen-RC-E,2.99,continue,,manual,TRUE,TRUE,90
mercedes-mcqueen-celebrity-face-mask-hollyoaks-soap-star-fancy-dress-costume-party-prop-for-hen-stag-do-birthday-accessory,,,,Ready Cut,,Stick,Foxy-Mask-1570100-Mercedes-McQueen-RC-S,3.49,continue,,manual,TRUE,TRUE,90
mercedes-mcqueen-celebrity-face-mask-hollyoaks-soap-star-fancy-dress-costume-party-prop-for-hen-stag-do-birthday-accessory,,,,DIY,,Elastic,Foxy-Mask-1570100-Mercedes-McQueen-DIY-E,1.50,continue,,manual,TRUE,TRUE,90
mercedes-mcqueen-celebrity-face-mask-hollyoaks-soap-star-fancy-dress-costume-party-prop-for-hen-stag-do-birthday-accessory,,,,DIY,,Stick,Foxy-Mask-1570100-Mercedes-McQueen-DIY-S,2.00,continue,,manual,TRUE,TRUE,90
nick-pickard-celebrity-face-mask-hollyoaks-soap-star-fancy-dress-costume-party-prop-for-hen-stag-do-birthday-accessory,Nick Pickard Face Mask – Fancy Dress Cardboard Costume Mask,active,Style,Ready Cut,Fitting,Elastic,Foxy-Mask-1570101-Nick-Pickard-RC-E,2.99,continue,,manual,TRUE,TRUE,90
nick-pickard-celebrity-face-mask-hollyoaks-soap-star-fancy-dress-costume-party-prop-for-hen-stag-do-birthday-accessory,,,,Ready Cut,,Stick,Foxy-Mask-1570101-Nick-Pickard-RC-S,3.49,continue,,manual,TRUE,TRUE,90
nick-pickard-celebrity-face-mask-hollyoaks-soap-star-fancy-dress-costume-party-prop-for-hen-stag-do-birthday-accessory,,,,DIY,,Elastic,Foxy-Mask-1570101-Nick-Pickard-DIY-E,1.50,continue,,manual,TRUE,TRUE,90
nick-pickard-celebrity-face-mask-hollyoaks-soap-star-fancy-dress-costume-party-prop-for-hen-stag-do-birthday-accessory,,,,DIY,,Stick,Foxy-Mask-1570101-Nick-Pickard-DIY-S,2.00,continue,,manual,TRUE,TRUE,90
sienna-blake-celebrity-face-mask-hollyoaks-soap-star-fancy-dress-costume-party-prop-for-hen-stag-do-birthday-accessory,Sienna Blake Face Mask – Fancy Dress Cardboard Costume Mask,active,Style,Ready Cut,Fitting,Elastic,Foxy-Mask-1570102-Sienna-Blake-RC-E,2.99,continue,,manual,TRUE,TRUE,90
sienna-blake-celebrity-face-mask-hollyoaks-soap-star-fancy-dress-costume-party-prop-for-hen-stag-do-birthday-accessory,,,,Ready Cut,,Stick,Foxy-Mask-1570102-Sienna-Blake-RC-S,3.49,continue,,manual,TRUE,TRUE,90
sienna-blake-celebrity-face-mask-hollyoaks-soap-star-fancy-dress-costume-party-prop-for-hen-stag-do-birthday-accessory,,,,DIY,,Elastic,Foxy-Mask-1570102-Sienna-Blake-DIY-E,1.50,continue,,manual,TRUE,TRUE,90
sienna-blake-celebrity-face-mask-hollyoaks-soap-star-fancy-dress-costume-party-prop-for-hen-stag-do-birthday-accessory,,,,DIY,,Stick,Foxy-Mask-1570102-Sienna-Blake-DIY-S,2.00,continue,,manual,TRUE,TRUE,90
ste-hay-celebrity-face-mask-hollyoaks-soap-star-fancy-dress-costume-party-prop-for-hen-stag-do-birthday-accessory,Ste Hay Face Mask – Fancy Dress Cardboard Costume Mask,active,Style,Ready Cut,Fitting,Elastic,Foxy-Mask-1570103-Ste-Hay-RC-E,2.99,continue,,manual,TRUE,TRUE,90
ste-hay-celebrity-face-mask-hollyoaks-soap-star-fancy-dress-costume-party-prop-for-hen-stag-do-birthday-accessory,,,,Ready Cut,,Stick,Foxy-Mask-1570103-Ste-Hay-RC-S,3.49,continue,,manual,TRUE,TRUE,90
ste-hay-celebrity-face-mask-hollyoaks-soap-star-fancy-dress-costume-party-prop-for-hen-stag-do-birthday-accessory,,,,DIY,,Elastic,Foxy-Mask-1570103-Ste-Hay-DIY-E,1.50,continue,,manual,TRUE,TRUE,90
ste-hay-celebrity-face-mask-hollyoaks-soap-star-fancy-dress-costume-party-prop-for-hen-stag-do-birthday-accessory,,,,DIY,,Stick,Foxy-Mask-1570103-Ste-Hay-DIY-S,2.00,continue,,manual,TRUE,TRUE,90
theresa-mcqueen-celebrity-face-mask-hollyoaks-soap-star-fancy-dress-costume-party-prop-for-hen-stag-do-birthday-accessory,Theresa McQueen Face Mask – Fancy Dress Cardboard Costume Mask,active,Style,Ready Cut,Fitting,Elastic,Foxy-Mask-1570104-Theresa-McQueen-RC-E,2.99,continue,,manual,TRUE,TRUE,90
theresa-mcqueen-celebrity-face-mask-hollyoaks-soap-star-fancy-dress-costume-party-prop-for-hen-stag-do-birthday-accessory,,,,Ready Cut,,Stick,Foxy-Mask-1570104-Theresa-McQueen-RC-S,3.49,continue,,manual,TRUE,TRUE,90
theresa-mcqueen-celebrity-face-mask-hollyoaks-soap-star-fancy-dress-costume-party-prop-for-hen-stag-do-birthday-accessory,,,,DIY,,Elastic,Foxy-Mask-1570104-Theresa-McQueen-DIY-E,1.50,continue,,manual,TRUE,TRUE,90
theresa-mcqueen-celebrity-face-mask-hollyoaks-soap-star-fancy-dress-costume-party-prop-for-hen-stag-do-birthday-accessory,,,,DIY,,Stick,Foxy-Mask-1570104-Theresa-McQueen-DIY-S,2.00,continue,,manual,TRUE,TRUE,90
tom-cunningham-celebrity-face-mask-hollyoaks-soap-star-fancy-dress-costume-party-prop-for-hen-stag-do-birthday-accessory,Tom Cunningham Face Mask – Fancy Dress Cardboard Costume Mask,active,Style,Ready Cut,Fitting,Elastic,Foxy-Mask-1570105-Tom-Cunningham-RC-E,2.99,continue,,manual,TRUE,TRUE,90
tom-cunningham-celebrity-face-mask-hollyoaks-soap-star-fancy-dress-costume-party-prop-for-hen-stag-do-birthday-accessory,,,,Ready Cut,,Stick,Foxy-Mask-1570105-Tom-Cunningham-RC-S,3.49,continue,,manual,TRUE,TRUE,90
tom-cunningham-celebrity-face-mask-hollyoaks-soap-star-fancy-dress-costume-party-prop-for-hen-stag-do-birthday-accessory,,,,DIY,,Elastic,Foxy-Mask-1570105-Tom-Cunningham-DIY-E,1.50,continue,,manual,TRUE,TRUE,90
tom-cunningham-celebrity-face-mask-hollyoaks-soap-star-fancy-dress-costume-party-prop-for-hen-stag-do-birthday-accessory,,,,DIY,,Stick,Foxy-Mask-1570105-Tom-Cunningham-DIY-S,2.00,continue,,manual,TRUE,TRUE,90
tony-hutchinson-celebrity-face-mask-hollyoaks-soap-star-fancy-dress-costume-party-prop-for-hen-stag-do-birthday-accessory,Tony Hutchinson Face Mask – Fancy Dress Cardboard Costume Mask,active,Style,Ready Cut,Fitting,Elastic,Foxy-Mask-1570106-Tony-Hutchinson-RC-E,2.99,continue,,manual,TRUE,TRUE,90
tony-hutchinson-celebrity-face-mask-hollyoaks-soap-star-fancy-dress-costume-party-prop-for-hen-stag-do-birthday-accessory,,,,Ready Cut,,Stick,Foxy-Mask-1570106-Tony-Hutchinson-RC-S,3.49,continue,,manual,TRUE,TRUE,90
tony-hutchinson-celebrity-face-mask-hollyoaks-soap-star-fancy-dress-costume-party-prop-for-hen-stag-do-birthday-accessory,,,,DIY,,Elastic,Foxy-Mask-1570106-Tony-Hutchinson-DIY-E,1.50,continue,,manual,TRUE,TRUE,90
tony-hutchinson-celebrity-face-mask-hollyoaks-soap-star-fancy-dress-costume-party-prop-for-hen-stag-do-birthday-accessory,,,,DIY,,Stick,Foxy-Mask-1570106-Tony-Hutchinson-DIY-S,2.00,continue,,manual,TRUE,TRUE,90
alexander-zverev-celebrity-face-mask-professional-tennis-player-fancy-dress-costume-prop-for-sports-party-hen-stag-do-accessory,Alexander Zverev Celebrity Face Mask – Professional Tennis Player Fancy Dress Costume Prop for Sports Party Hen Stag Do Accessory,active,Style,Ready Cut,Fitting,Elastic,Foxy-Mask-1570107-Alexander-Zverev-RC-E,2.99,continue,,manual,TRUE,TRUE,90
alexander-zverev-celebrity-face-mask-professional-tennis-player-fancy-dress-costume-prop-for-sports-party-hen-stag-do-accessory,,,,Ready Cut,,Stick,Foxy-Mask-1570107-Alexander-Zverev-RC-S,3.49,continue,,manual,TRUE,TRUE,90
alexander-zverev-celebrity-face-mask-professional-tennis-player-fancy-dress-costume-prop-for-sports-party-hen-stag-do-accessory,,,,DIY,,Elastic,Foxy-Mask-1570107-Alexander-Zverev-DIY-E,1.50,continue,,manual,TRUE,TRUE,90
alexander-zverev-celebrity-face-mask-professional-tennis-player-fancy-dress-costume-prop-for-sports-party-hen-stag-do-accessory,,,,DIY,,Stick,Foxy-Mask-1570107-Alexander-Zverev-DIY-S,2.00,continue,,manual,TRUE,TRUE,90
aryna-sabalenka-celebrity-face-mask-professional-tennis-player-fancy-dress-costume-prop-for-sports-party-hen-stag-do-accessory,Aryna Sabalenka Celebrity Face Mask – Professional Tennis Player Fancy Dress Costume Prop for Sports Party Hen Stag Do Accessory,active,Style,Ready Cut,Fitting,Elastic,Foxy-Mask-1570108-Aryna-Sabalenka-RC-E,2.99,continue,,manual,TRUE,TRUE,90
aryna-sabalenka-celebrity-face-mask-professional-tennis-player-fancy-dress-costume-prop-for-sports-party-hen-stag-do-accessory,,,,Ready Cut,,Stick,Foxy-Mask-1570108-Aryna-Sabalenka-RC-S,3.49,continue,,manual,TRUE,TRUE,90
aryna-sabalenka-celebrity-face-mask-professional-tennis-player-fancy-dress-costume-prop-for-sports-party-hen-stag-do-accessory,,,,DIY,,Elastic,Foxy-Mask-1570108-Aryna-Sabalenka-DIY-E,1.50,continue,,manual,TRUE,TRUE,90
aryna-sabalenka-celebrity-face-mask-professional-tennis-player-fancy-dress-costume-prop-for-sports-party-hen-stag-do-accessory,,,,DIY,,Stick,Foxy-Mask-1570108-Aryna-Sabalenka-DIY-S,2.00,continue,,manual,TRUE,TRUE,90
carlos-alcaraz-celebrity-face-mask-professional-tennis-player-fancy-dress-costume-prop-for-sports-party-hen-stag-do-accessory,Carlos Alcaraz Celebrity Face Mask – Professional Tennis Player Fancy Dress Costume Prop for Sports Party Hen Stag Do Accessory,active,Style,Ready Cut,Fitting,Elastic,Foxy-Mask-1570109-Carlos-Alcaraz-RC-E,2.99,continue,,manual,TRUE,TRUE,90
carlos-alcaraz-celebrity-face-mask-professional-tennis-player-fancy-dress-costume-prop-for-sports-party-hen-stag-do-accessory,,,,Ready Cut,,Stick,Foxy-Mask-1570109-Carlos-Alcaraz-RC-S,3.49,continue,,manual,TRUE,TRUE,90
carlos-alcaraz-celebrity-face-mask-professional-tennis-player-fancy-dress-costume-prop-for-sports-party-hen-stag-do-accessory,,,,DIY,,Elastic,Foxy-Mask-1570109-Carlos-Alcaraz-DIY-E,1.50,continue,,manual,TRUE,TRUE,90
carlos-alcaraz-celebrity-face-mask-professional-tennis-player-fancy-dress-costume-prop-for-sports-party-hen-stag-do-accessory,,,,DIY,,Stick,Foxy-Mask-1570109-Carlos-Alcaraz-DIY-S,2.00,continue,,manual,TRUE,TRUE,90
coco-gauff-celebrity-face-mask-professional-tennis-player-fancy-dress-costume-prop-for-sports-party-hen-stag-do-accessory,Coco Gauff Celebrity Face Mask – Professional Tennis Player Fancy Dress Costume Prop for Sports Party Hen Stag Do Accessory,active,Style,Ready Cut,Fitting,Elastic,Foxy-Mask-1570110-Coco-Gauff-RC-E,2.99,continue,,manual,TRUE,TRUE,90
coco-gauff-celebrity-face-mask-professional-tennis-player-fancy-dress-costume-prop-for-sports-party-hen-stag-do-accessory,,,,Ready Cut,,Stick,Foxy-Mask-1570110-Coco-Gauff-RC-S,3.49,continue,,manual,TRUE,TRUE,90
coco-gauff-celebrity-face-mask-professional-tennis-player-fancy-dress-costume-prop-for-sports-party-hen-stag-do-accessory,,,,DIY,,Elastic,Foxy-Mask-1570110-Coco-Gauff-DIY-E,1.50,continue,,manual,TRUE,TRUE,90
coco-gauff-celebrity-face-mask-professional-tennis-player-fancy-dress-costume-prop-for-sports-party-hen-stag-do-accessory,,,,DIY,,Stick,Foxy-Mask-1570110-Coco-Gauff-DIY-S,2.00,continue,,manual,TRUE,TRUE,90
iga-swiatek-celebrity-face-mask-professional-tennis-player-fancy-dress-costume-prop-for-sports-party-hen-stag-do-accessory,Iga Swiatek Celebrity Face Mask – Professional Tennis Player Fancy Dress Costume Prop for Sports Party Hen Stag Do Accessory,active,Style,Ready Cut,Fitting,Elastic,Foxy-Mask-1570111-Iga-Swiatek-RC-E,2.99,continue,,manual,TRUE,TRUE,90
iga-swiatek-celebrity-face-mask-professional-tennis-player-fancy-dress-costume-prop-for-sports-party-hen-stag-do-accessory,,,,Ready Cut,,Stick,Foxy-Mask-1570111-Iga-Swiatek-RC-S,3.49,continue,,manual,TRUE,TRUE,90
iga-swiatek-celebrity-face-mask-professional-tennis-player-fancy-dress-costume-prop-for-sports-party-hen-stag-do-accessory,,,,DIY,,Elastic,Foxy-Mask-1570111-Iga-Swiatek-DIY-E,1.50,continue,,manual,TRUE,TRUE,90
iga-swiatek-celebrity-face-mask-professional-tennis-player-fancy-dress-costume-prop-for-sports-party-hen-stag-do-accessory,,,,DIY,,Stick,Foxy-Mask-1570111-Iga-Swiatek-DIY-S,2.00,continue,,manual,TRUE,TRUE,90
jack-draper-celebrity-face-mask-professional-tennis-player-fancy-dress-costume-prop-for-sports-party-hen-stag-do-accessory,Jack Draper Face Mask – Fancy Dress Cardboard Costume Mask,active,Style,Ready Cut,Fitting,Elastic,Foxy-Mask-1570112-Jack-Draper-RC-E,2.99,continue,,manual,TRUE,TRUE,90
jack-draper-celebrity-face-mask-professional-tennis-player-fancy-dress-costume-prop-for-sports-party-hen-stag-do-accessory,,,,Ready Cut,,Stick,Foxy-Mask-1570112-Jack-Draper-RC-S,3.49,continue,,manual,TRUE,TRUE,90
jack-draper-celebrity-face-mask-professional-tennis-player-fancy-dress-costume-prop-for-sports-party-hen-stag-do-accessory,,,,DIY,,Elastic,Foxy-Mask-1570112-Jack-Draper-DIY-E,1.50,continue,,manual,TRUE,TRUE,90
jack-draper-celebrity-face-mask-professional-tennis-player-fancy-dress-costume-prop-for-sports-party-hen-stag-do-accessory,,,,DIY,,Stick,Foxy-Mask-1570112-Jack-Draper-DIY-S,2.00,continue,,manual,TRUE,TRUE,90
jannik-sinner-celebrity-face-mask-professional-tennis-player-fancy-dress-costume-prop-for-sports-party-hen-stag-do-accessory,Jannik Sinner Celebrity Face Mask – Professional Tennis Player Fancy Dress Costume Prop for Sports Party Hen Stag Do Accessory,active,Style,Ready Cut,Fitting,Elastic,Foxy-Mask-1570113-Jannik-Sinner-RC-E,2.99,continue,,manual,TRUE,TRUE,90
jannik-sinner-celebrity-face-mask-professional-tennis-player-fancy-dress-costume-prop-for-sports-party-hen-stag-do-accessory,,,,Ready Cut,,Stick,Foxy-Mask-1570113-Jannik-Sinner-RC-S,3.49,continue,,manual,TRUE,TRUE,90
jannik-sinner-celebrity-face-mask-professional-tennis-player-fancy-dress-costume-prop-for-sports-party-hen-stag-do-accessory,,,,DIY,,Elastic,Foxy-Mask-1570113-Jannik-Sinner-DIY-E,1.50,continue,,manual,TRUE,TRUE,90
jannik-sinner-celebrity-face-mask-professional-tennis-player-fancy-dress-costume-prop-for-sports-party-hen-stag-do-accessory,,,,DIY,,Stick,Foxy-Mask-1570113-Jannik-Sinner-DIY-S,2.00,continue,,manual,TRUE,TRUE,90
jessica-pegula-celebrity-face-mask-professional-tennis-player-fancy-dress-costume-prop-for-sports-party-hen-stag-do-accessory,Jessica Pegula Celebrity Face Mask – Professional Tennis Player Fancy Dress Costume Prop for Sports Party Hen Stag Do Accessory,active,Style,Ready Cut,Fitting,Elastic,Foxy-Mask-1570114-Jessica-Pegula-RC-E,2.99,continue,,manual,TRUE,TRUE,90
jessica-pegula-celebrity-face-mask-professional-tennis-player-fancy-dress-costume-prop-for-sports-party-hen-stag-do-accessory,,,,Ready Cut,,Stick,Foxy-Mask-1570114-Jessica-Pegula-RC-S,3.49,continue,,manual,TRUE,TRUE,90
jessica-pegula-celebrity-face-mask-professional-tennis-player-fancy-dress-costume-prop-for-sports-party-hen-stag-do-accessory,,,,DIY,,Elastic,Foxy-Mask-1570114-Jessica-Pegula-DIY-E,1.50,continue,,manual,TRUE,TRUE,90
jessica-pegula-celebrity-face-mask-professional-tennis-player-fancy-dress-costume-prop-for-sports-party-hen-stag-do-accessory,,,,DIY,,Stick,Foxy-Mask-1570114-Jessica-Pegula-DIY-S,2.00,continue,,manual,TRUE,TRUE,90
mirra-andreeva-celebrity-face-mask-professional-tennis-player-fancy-dress-costume-prop-for-sports-party-hen-stag-do-accessory,Mirra Andreeva Face Mask – Fancy Dress Cardboard Costume Mask,active,Style,Ready Cut,Fitting,Elastic,Foxy-Mask-1570115-Mirra-Andreeva-RC-E,2.99,continue,,manual,TRUE,TRUE,90
mirra-andreeva-celebrity-face-mask-professional-tennis-player-fancy-dress-costume-prop-for-sports-party-hen-stag-do-accessory,,,,Ready Cut,,Stick,Foxy-Mask-1570115-Mirra-Andreeva-RC-S,3.49,continue,,manual,TRUE,TRUE,90
mirra-andreeva-celebrity-face-mask-professional-tennis-player-fancy-dress-costume-prop-for-sports-party-hen-stag-do-accessory,,,,DIY,,Elastic,Foxy-Mask-1570115-Mirra-Andreeva-DIY-E,1.50,continue,,manual,TRUE,TRUE,90
mirra-andreeva-celebrity-face-mask-professional-tennis-player-fancy-dress-costume-prop-for-sports-party-hen-stag-do-accessory,,,,DIY,,Stick,Foxy-Mask-1570115-Mirra-Andreeva-DIY-S,2.00,continue,,manual,TRUE,TRUE,90
taylor-fritz-celebrity-face-mask-professional-tennis-player-fancy-dress-costume-prop-for-sports-party-hen-stag-do-accessory,Taylor Fritz Celebrity Face Mask – Professional Tennis Player Fancy Dress Costume Prop for Sports Party Hen Stag Do Accessory,active,Style,Ready Cut,Fitting,Elastic,Foxy-Mask-1570116-Taylor-Fritz-RC-E,2.99,continue,,manual,TRUE,TRUE,90
taylor-fritz-celebrity-face-mask-professional-tennis-player-fancy-dress-costume-prop-for-sports-party-hen-stag-do-accessory,,,,Ready Cut,,Stick,Foxy-Mask-1570116-Taylor-Fritz-RC-S,3.49,continue,,manual,TRUE,TRUE,90
taylor-fritz-celebrity-face-mask-professional-tennis-player-fancy-dress-costume-prop-for-sports-party-hen-stag-do-accessory,,,,DIY,,Elastic,Foxy-Mask-1570116-Taylor-Fritz-DIY-E,1.50,continue,,manual,TRUE,TRUE,90
taylor-fritz-celebrity-face-mask-professional-tennis-player-fancy-dress-costume-prop-for-sports-party-hen-stag-do-accessory,,,,DIY,,Stick,Foxy-Mask-1570116-Taylor-Fritz-DIY-S,2.00,continue,,manual,TRUE,TRUE,90
ed-dumani-celebrity-face-mask-gangs-of-london-tv-star-fancy-dress-costume-party-prop-for-hen-stag-do-accessory,Ed Dumani Face Mask – Fancy Dress Cardboard Costume Mask,active,Style,Ready Cut,Fitting,Elastic,FOXY-MASK-ED-DUMANI-CELEBRITY-FACE-MASK-GANGS-RC-E,2.99,continue,,manual,TRUE,TRUE,90
ed-dumani-celebrity-face-mask-gangs-of-london-tv-star-fancy-dress-costume-party-prop-for-hen-stag-do-accessory,,,,Ready Cut,,Stick,FOXY-MASK-ED-DUMANI-CELEBRITY-FACE-MASK-GANGS-RC-S,3.49,continue,,manual,TRUE,TRUE,90
ed-dumani-celebrity-face-mask-gangs-of-london-tv-star-fancy-dress-costume-party-prop-for-hen-stag-do-accessory,,,,DIY,,Elastic,FOXY-MASK-ED-DUMANI-CELEBRITY-FACE-MASK-GANGS-DIY-E,1.50,continue,,manual,TRUE,TRUE,90
ed-dumani-celebrity-face-mask-gangs-of-london-tv-star-fancy-dress-costume-party-prop-for-hen-stag-do-accessory,,,,DIY,,Stick,FOXY-MASK-ED-DUMANI-CELEBRITY-FACE-MASK-GANGS-DIY-S,2.00,continue,,manual,TRUE,TRUE,90
elliot-finch-celebrity-face-mask-gangs-of-london-tv-star-fancy-dress-costume-party-prop-for-hen-stag-do-accessory,Elliot Finch Celebrity Face Mask – Gangs of London TV Star Fancy Dress Costume Party Prop for Hen Stag Do Accessory,active,Style,Ready Cut,Fitting,Elastic,FOXY-MASK-ELLIOT-FINCH-CELEBRITY-FACE-MASK-GAN-RC-E,2.99,continue,,manual,TRUE,TRUE,90
elliot-finch-celebrity-face-mask-gangs-of-london-tv-star-fancy-dress-costume-party-prop-for-hen-stag-do-accessory,,,,Ready Cut,,Stick,FOXY-MASK-ELLIOT-FINCH-CELEBRITY-FACE-MASK-GAN-RC-S,3.49,continue,,manual,TRUE,TRUE,90
elliot-finch-celebrity-face-mask-gangs-of-london-tv-star-fancy-dress-costume-party-prop-for-hen-stag-do-accessory,,,,DIY,,Elastic,FOXY-MASK-ELLIOT-FINCH-CELEBRITY-FACE-MASK-GAN-DIY-E,1.50,continue,,manual,TRUE,TRUE,90
elliot-finch-celebrity-face-mask-gangs-of-london-tv-star-fancy-dress-costume-party-prop-for-hen-stag-do-accessory,,,,DIY,,Stick,FOXY-MASK-ELLIOT-FINCH-CELEBRITY-FACE-MASK-GAN-DIY-S,2.00,continue,,manual,TRUE,TRUE,90
finn-wallace-celebrity-face-mask-gangs-of-london-tv-star-fancy-dress-costume-party-prop-for-hen-stag-do-accessory,Finn Wallace Face Mask – Fancy Dress Cardboard Costume Mask,active,Style,Ready Cut,Fitting,Elastic,FOXY-MASK-FINN-WALLACE-CELEBRITY-FACE-MASK-GAN-RC-E,2.99,continue,,manual,TRUE,TRUE,90
finn-wallace-celebrity-face-mask-gangs-of-london-tv-star-fancy-dress-costume-party-prop-for-hen-stag-do-accessory,,,,Ready Cut,,Stick,FOXY-MASK-FINN-WALLACE-CELEBRITY-FACE-MASK-GAN-RC-S,3.49,continue,,manual,TRUE,TRUE,90
finn-wallace-celebrity-face-mask-gangs-of-london-tv-star-fancy-dress-costume-party-prop-for-hen-stag-do-accessory,,,,DIY,,Elastic,FOXY-MASK-FINN-WALLACE-CELEBRITY-FACE-MASK-GAN-DIY-E,1.50,continue,,manual,TRUE,TRUE,90
finn-wallace-celebrity-face-mask-gangs-of-london-tv-star-fancy-dress-costume-party-prop-for-hen-stag-do-accessory,,,,DIY,,Stick,FOXY-MASK-FINN-WALLACE-CELEBRITY-FACE-MASK-GAN-DIY-S,2.00,continue,,manual,TRUE,TRUE,90
jevan-kapadia-celebrity-face-mask-gangs-of-london-tv-star-fancy-dress-costume-party-prop-for-hen-stag-do-accessory,Jevan Kapadia Face Mask – Fancy Dress Cardboard Costume Mask,active,Style,Ready Cut,Fitting,Elastic,FOXY-MASK-JEVAN-KAPADIA-CELEBRITY-FACE-MASK-GA-RC-E,2.99,continue,,manual,TRUE,TRUE,90
jevan-kapadia-celebrity-face-mask-gangs-of-london-tv-star-fancy-dress-costume-party-prop-for-hen-stag-do-accessory,,,,Ready Cut,,Stick,FOXY-MASK-JEVAN-KAPADIA-CELEBRITY-FACE-MASK-GA-RC-S,3.49,continue,,manual,TRUE,TRUE,90
jevan-kapadia-celebrity-face-mask-gangs-of-london-tv-star-fancy-dress-costume-party-prop-for-hen-stag-do-accessory,,,,DIY,,Elastic,FOXY-MASK-JEVAN-KAPADIA-CELEBRITY-FACE-MASK-GA-DIY-E,1.50,continue,,manual,TRUE,TRUE,90
jevan-kapadia-celebrity-face-mask-gangs-of-london-tv-star-fancy-dress-costume-party-prop-for-hen-stag-do-accessory,,,,DIY,,Stick,FOXY-MASK-JEVAN-KAPADIA-CELEBRITY-FACE-MASK-GA-DIY-S,2.00,continue,,manual,TRUE,TRUE,90
koba-celebrity-face-mask-gangs-of-london-tv-star-fancy-dress-costume-party-prop-for-hen-stag-do-accessory,Koba Face Mask – Fancy Dress Cardboard Costume Mask,active,Style,Ready Cut,Fitting,Elastic,Foxy-Mask-Koba-RC-E,2.99,continue,,manual,TRUE,TRUE,90
koba-celebrity-face-mask-gangs-of-london-tv-star-fancy-dress-costume-party-prop-for-hen-stag-do-accessory,,,,Ready Cut,,Stick,Foxy-Mask-Koba-RC-S,3.49,continue,,manual,TRUE,TRUE,90
koba-celebrity-face-mask-gangs-of-london-tv-star-fancy-dress-costume-party-prop-for-hen-stag-do-accessory,,,,DIY,,Elastic,Foxy-Mask-Koba-DIY-E,1.50,continue,,manual,TRUE,TRUE,90
koba-celebrity-face-mask-gangs-of-london-tv-star-fancy-dress-costume-party-prop-for-hen-stag-do-accessory,,,,DIY,,Stick,Foxy-Mask-Koba-DIY-S,2.00,continue,,manual,TRUE,TRUE,90
lale-celebrity-face-mask-gangs-of-london-tv-star-fancy-dress-costume-party-prop-for-hen-stag-do-accessory,Lale Face Mask – Fancy Dress Cardboard Costume Mask,active,Style,Ready Cut,Fitting,Elastic,Foxy-Mask-Lale-RC-E,2.99,continue,,manual,TRUE,TRUE,90
lale-celebrity-face-mask-gangs-of-london-tv-star-fancy-dress-costume-party-prop-for-hen-stag-do-accessory,,,,Ready Cut,,Stick,Foxy-Mask-Lale-RC-S,3.49,continue,,manual,TRUE,TRUE,90
lale-celebrity-face-mask-gangs-of-london-tv-star-fancy-dress-costume-party-prop-for-hen-stag-do-accessory,,,,DIY,,Elastic,Foxy-Mask-Lale-DIY-E,1.50,continue,,manual,TRUE,TRUE,90
lale-celebrity-face-mask-gangs-of-london-tv-star-fancy-dress-costume-party-prop-for-hen-stag-do-accessory,,,,DIY,,Stick,Foxy-Mask-Lale-DIY-S,2.00,continue,,manual,TRUE,TRUE,90
luan-dushaj-celebrity-face-mask-gangs-of-london-tv-star-fancy-dress-costume-party-prop-for-hen-stag-do-accessory,Luan Dushaj Face Mask – Fancy Dress Cardboard Costume Mask,active,Style,Ready Cut,Fitting,Elastic,FOXY-MASK-LUAN-DUSHAJ-CELEBRITY-FACE-MASK-GANG-RC-E,2.99,continue,,manual,TRUE,TRUE,90
luan-dushaj-celebrity-face-mask-gangs-of-london-tv-star-fancy-dress-costume-party-prop-for-hen-stag-do-accessory,,,,Ready Cut,,Stick,FOXY-MASK-LUAN-DUSHAJ-CELEBRITY-FACE-MASK-GANG-RC-S,3.49,continue,,manual,TRUE,TRUE,90
luan-dushaj-celebrity-face-mask-gangs-of-london-tv-star-fancy-dress-costume-party-prop-for-hen-stag-do-accessory,,,,DIY,,Elastic,FOXY-MASK-LUAN-DUSHAJ-CELEBRITY-FACE-MASK-GANG-DIY-E,1.50,continue,,manual,TRUE,TRUE,90
luan-dushaj-celebrity-face-mask-gangs-of-london-tv-star-fancy-dress-costume-party-prop-for-hen-stag-do-accessory,,,,DIY,,Stick,FOXY-MASK-LUAN-DUSHAJ-CELEBRITY-FACE-MASK-GANG-DIY-S,2.00,continue,,manual,TRUE,TRUE,90
marian-wallace-celebrity-face-mask-gangs-of-london-tv-star-fancy-dress-costume-party-prop-for-hen-stag-do-accessory,Marian Wallace Face Mask – Fancy Dress Cardboard Costume Mask,active,Style,Ready Cut,Fitting,Elastic,FOXY-MASK-MARIAN-WALLACE-CELEBRITY-FACE-MASK-G-RC-E,2.99,continue,,manual,TRUE,TRUE,90
marian-wallace-celebrity-face-mask-gangs-of-london-tv-star-fancy-dress-costume-party-prop-for-hen-stag-do-accessory,,,,Ready Cut,,Stick,FOXY-MASK-MARIAN-WALLACE-CELEBRITY-FACE-MASK-G-RC-S,3.49,continue,,manual,TRUE,TRUE,90
marian-wallace-celebrity-face-mask-gangs-of-london-tv-star-fancy-dress-costume-party-prop-for-hen-stag-do-accessory,,,,DIY,,Elastic,FOXY-MASK-MARIAN-WALLACE-CELEBRITY-FACE-MASK-G-DIY-E,1.50,continue,,manual,TRUE,TRUE,90
marian-wallace-celebrity-face-mask-gangs-of-london-tv-star-fancy-dress-costume-party-prop-for-hen-stag-do-accessory,,,,DIY,,Stick,FOXY-MASK-MARIAN-WALLACE-CELEBRITY-FACE-MASK-G-DIY-S,2.00,continue,,manual,TRUE,TRUE,90
merwan-celebrity-face-mask-gangs-of-london-tv-star-fancy-dress-costume-party-prop-for-hen-stag-do-accessory,Merwan Face Mask – Fancy Dress Cardboard Costume Mask,active,Style,Ready Cut,Fitting,Elastic,Foxy-Mask-Merwan-RC-E,2.99,continue,,manual,TRUE,TRUE,90
merwan-celebrity-face-mask-gangs-of-london-tv-star-fancy-dress-costume-party-prop-for-hen-stag-do-accessory,,,,Ready Cut,,Stick,Foxy-Mask-Merwan-RC-S,3.49,continue,,manual,TRUE,TRUE,90
merwan-celebrity-face-mask-gangs-of-london-tv-star-fancy-dress-costume-party-prop-for-hen-stag-do-accessory,,,,DIY,,Elastic,Foxy-Mask-Merwan-DIY-E,1.50,continue,,manual,TRUE,TRUE,90
merwan-celebrity-face-mask-gangs-of-london-tv-star-fancy-dress-costume-party-prop-for-hen-stag-do-accessory,,,,DIY,,Stick,Foxy-Mask-Merwan-DIY-S,2.00,continue,,manual,TRUE,TRUE,90
sean-wallace-celebrity-face-mask-gangs-of-london-tv-star-fancy-dress-costume-party-prop-for-hen-stag-do-accessory,Sean Wallace Celebrity Face Mask – Gangs of London TV Star Fancy Dress Costume Party Prop for Hen Stag Do Accessory,active,Style,Ready Cut,Fitting,Elastic,FOXY-MASK-SEAN-WALLACE-CELEBRITY-FACE-MASK-GAN-RC-E,2.99,continue,,manual,TRUE,TRUE,90
sean-wallace-celebrity-face-mask-gangs-of-london-tv-star-fancy-dress-costume-party-prop-for-hen-stag-do-accessory,,,,Ready Cut,,Stick,FOXY-MASK-SEAN-WALLACE-CELEBRITY-FACE-MASK-GAN-RC-S,3.49,continue,,manual,TRUE,TRUE,90
sean-wallace-celebrity-face-mask-gangs-of-london-tv-star-fancy-dress-costume-party-prop-for-hen-stag-do-accessory,,,,DIY,,Elastic,FOXY-MASK-SEAN-WALLACE-CELEBRITY-FACE-MASK-GAN-DIY-E,1.50,continue,,manual,TRUE,TRUE,90
sean-wallace-celebrity-face-mask-gangs-of-london-tv-star-fancy-dress-costume-party-prop-for-hen-stag-do-accessory,,,,DIY,,Stick,FOXY-MASK-SEAN-WALLACE-CELEBRITY-FACE-MASK-GAN-DIY-S,2.00,continue,,manual,TRUE,TRUE,90
shannon-dumani-celebrity-face-mask-gangs-of-london-tv-star-fancy-dress-costume-party-prop-for-hen-stag-do-accessory,Shannon Dumani Face Mask – Fancy Dress Cardboard Costume Mask,active,Style,Ready Cut,Fitting,Elastic,FOXY-MASK-SHANNON-DUMANI-CELEBRITY-FACE-MASK-G-RC-E,2.99,continue,,manual,TRUE,TRUE,90
shannon-dumani-celebrity-face-mask-gangs-of-london-tv-star-fancy-dress-costume-party-prop-for-hen-stag-do-accessory,,,,Ready Cut,,Stick,FOXY-MASK-SHANNON-DUMANI-CELEBRITY-FACE-MASK-G-RC-S,3.49,continue,,manual,TRUE,TRUE,90
shannon-dumani-celebrity-face-mask-gangs-of-london-tv-star-fancy-dress-costume-party-prop-for-hen-stag-do-accessory,,,,DIY,,Elastic,FOXY-MASK-SHANNON-DUMANI-CELEBRITY-FACE-MASK-G-DIY-E,1.50,continue,,manual,TRUE,TRUE,90
shannon-dumani-celebrity-face-mask-gangs-of-london-tv-star-fancy-dress-costume-party-prop-for-hen-stag-do-accessory,,,,DIY,,Stick,FOXY-MASK-SHANNON-DUMANI-CELEBRITY-FACE-MASK-G-DIY-S,2.00,continue,,manual,TRUE,TRUE,90
tove-fransen-celebrity-face-mask-gangs-of-london-tv-star-fancy-dress-costume-party-prop-for-hen-stag-do-accessory,Tove Fransen Face Mask – Fancy Dress Cardboard Costume Mask,active,Style,Ready Cut,Fitting,Elastic,FOXY-MASK-TOVE-FRANSEN-CELEBRITY-FACE-MASK-GAN-RC-E,2.99,continue,,manual,TRUE,TRUE,90
tove-fransen-celebrity-face-mask-gangs-of-london-tv-star-fancy-dress-costume-party-prop-for-hen-stag-do-accessory,,,,Ready Cut,,Stick,FOXY-MASK-TOVE-FRANSEN-CELEBRITY-FACE-MASK-GAN-RC-S,3.49,continue,,manual,TRUE,TRUE,90
tove-fransen-celebrity-face-mask-gangs-of-london-tv-star-fancy-dress-costume-party-prop-for-hen-stag-do-accessory,,,,DIY,,Elastic,FOXY-MASK-TOVE-FRANSEN-CELEBRITY-FACE-MASK-GAN-DIY-E,1.50,continue,,manual,TRUE,TRUE,90
tove-fransen-celebrity-face-mask-gangs-of-london-tv-star-fancy-dress-costume-party-prop-for-hen-stag-do-accessory,,,,DIY,,Stick,FOXY-MASK-TOVE-FRANSEN-CELEBRITY-FACE-MASK-GAN-DIY-S,2.00,continue,,manual,TRUE,TRUE,90
zeek-kimura-celebrity-face-mask-gangs-of-london-tv-star-fancy-dress-costume-party-prop-for-hen-stag-do-accessory,Zeek Kimura Face Mask – Fancy Dress Cardboard Costume Mask,active,Style,Ready Cut,Fitting,Elastic,FOXY-MASK-ZEEK-KIMURA-CELEBRITY-FACE-MASK-GANG-RC-E,2.99,continue,,manual,TRUE,TRUE,90
zeek-kimura-celebrity-face-mask-gangs-of-london-tv-star-fancy-dress-costume-party-prop-for-hen-stag-do-accessory,,,,Ready Cut,,Stick,FOXY-MASK-ZEEK-KIMURA-CELEBRITY-FACE-MASK-GANG-RC-S,3.49,continue,,manual,TRUE,TRUE,90
zeek-kimura-celebrity-face-mask-gangs-of-london-tv-star-fancy-dress-costume-party-prop-for-hen-stag-do-accessory,,,,DIY,,Elastic,FOXY-MASK-ZEEK-KIMURA-CELEBRITY-FACE-MASK-GANG-DIY-E,1.50,continue,,manual,TRUE,TRUE,90
zeek-kimura-celebrity-face-mask-gangs-of-london-tv-star-fancy-dress-costume-party-prop-for-hen-stag-do-accessory,,,,DIY,,Stick,FOXY-MASK-ZEEK-KIMURA-CELEBRITY-FACE-MASK-GANG-DIY-S,2.00,continue,,manual,TRUE,TRUE,90
bella-harrigan-celebrity-face-mask-mobland-tv-star-fancy-dress-costume-party-prop-for-hen-stag-do-accessory,Bella Harrigan Face Mask – Fancy Dress Cardboard Costume Mask,active,Style,Ready Cut,Fitting,Elastic,FOXY-MASK-BELLA-HARRIGAN-CELEBRITY-FACE-MASK-M-RC-E,2.99,continue,,manual,TRUE,TRUE,90
bella-harrigan-celebrity-face-mask-mobland-tv-star-fancy-dress-costume-party-prop-for-hen-stag-do-accessory,,,,Ready Cut,,Stick,FOXY-MASK-BELLA-HARRIGAN-CELEBRITY-FACE-MASK-M-RC-S,3.49,continue,,manual,TRUE,TRUE,90
bella-harrigan-celebrity-face-mask-mobland-tv-star-fancy-dress-costume-party-prop-for-hen-stag-do-accessory,,,,DIY,,Elastic,FOXY-MASK-BELLA-HARRIGAN-CELEBRITY-FACE-MASK-M-DIY-E,1.50,continue,,manual,TRUE,TRUE,90
bella-harrigan-celebrity-face-mask-mobland-tv-star-fancy-dress-costume-party-prop-for-hen-stag-do-accessory,,,,DIY,,Stick,FOXY-MASK-BELLA-HARRIGAN-CELEBRITY-FACE-MASK-M-DIY-S,2.00,continue,,manual,TRUE,TRUE,90
conrad-harrigan-celebrity-face-mask-mobland-tv-star-fancy-dress-costume-party-prop-for-hen-stag-do-accessory,Conrad Harrigan Face Mask – Fancy Dress Cardboard Costume Mask,active,Style,Ready Cut,Fitting,Elastic,FOXY-MASK-CONRAD-HARRIGAN-CELEBRITY-FACE-MASK-RC-E,2.99,continue,,manual,TRUE,TRUE,90
conrad-harrigan-celebrity-face-mask-mobland-tv-star-fancy-dress-costume-party-prop-for-hen-stag-do-accessory,,,,Ready Cut,,Stick,FOXY-MASK-CONRAD-HARRIGAN-CELEBRITY-FACE-MASK-RC-S,3.49,continue,,manual,TRUE,TRUE,90
conrad-harrigan-celebrity-face-mask-mobland-tv-star-fancy-dress-costume-party-prop-for-hen-stag-do-accessory,,,,DIY,,Elastic,FOXY-MASK-CONRAD-HARRIGAN-CELEBRITY-FACE-MASK-DIY-E,1.50,continue,,manual,TRUE,TRUE,90
conrad-harrigan-celebrity-face-mask-mobland-tv-star-fancy-dress-costume-party-prop-for-hen-stag-do-accessory,,,,DIY,,Stick,FOXY-MASK-CONRAD-HARRIGAN-CELEBRITY-FACE-MASK-DIY-S,2.00,continue,,manual,TRUE,TRUE,90
eddie-harrigan-celebrity-face-mask-mobland-tv-star-fancy-dress-costume-party-prop-for-hen-stag-do-accessory,Eddie Harrigan Face Mask – Fancy Dress Cardboard Costume Mask,active,Style,Ready Cut,Fitting,Elastic,FOXY-MASK-EDDIE-HARRIGAN-CELEBRITY-FACE-MASK-M-RC-E,2.99,continue,,manual,TRUE,TRUE,90
eddie-harrigan-celebrity-face-mask-mobland-tv-star-fancy-dress-costume-party-prop-for-hen-stag-do-accessory,,,,Ready Cut,,Stick,FOXY-MASK-EDDIE-HARRIGAN-CELEBRITY-FACE-MASK-M-RC-S,3.49,continue,,manual,TRUE,TRUE,90
eddie-harrigan-celebrity-face-mask-mobland-tv-star-fancy-dress-costume-party-prop-for-hen-stag-do-accessory,,,,DIY,,Elastic,FOXY-MASK-EDDIE-HARRIGAN-CELEBRITY-FACE-MASK-M-DIY-E,1.50,continue,,manual,TRUE,TRUE,90
eddie-harrigan-celebrity-face-mask-mobland-tv-star-fancy-dress-costume-party-prop-for-hen-stag-do-accessory,,,,DIY,,Stick,FOXY-MASK-EDDIE-HARRIGAN-CELEBRITY-FACE-MASK-M-DIY-S,2.00,continue,,manual,TRUE,TRUE,90
gina-da-souza-celebrity-face-mask-mobland-tv-star-fancy-dress-costume-party-prop-for-hen-stag-do-accessory,Gina Da Souza Face Mask – Fancy Dress Cardboard Costume Mask,active,Style,Ready Cut,Fitting,Elastic,FOXY-MASK-GINA-DA-SOUZA-CELEBRITY-FACE-MASK-MO-RC-E,2.99,continue,,manual,TRUE,TRUE,90
gina-da-souza-celebrity-face-mask-mobland-tv-star-fancy-dress-costume-party-prop-for-hen-stag-do-accessory,,,,Ready Cut,,Stick,FOXY-MASK-GINA-DA-SOUZA-CELEBRITY-FACE-MASK-MO-RC-S,3.49,continue,,manual,TRUE,TRUE,90
gina-da-souza-celebrity-face-mask-mobland-tv-star-fancy-dress-costume-party-prop-for-hen-stag-do-accessory,,,,DIY,,Elastic,FOXY-MASK-GINA-DA-SOUZA-CELEBRITY-FACE-MASK-MO-DIY-E,1.50,continue,,manual,TRUE,TRUE,90
gina-da-souza-celebrity-face-mask-mobland-tv-star-fancy-dress-costume-party-prop-for-hen-stag-do-accessory,,,,DIY,,Stick,FOXY-MASK-GINA-DA-SOUZA-CELEBRITY-FACE-MASK-MO-DIY-S,2.00,continue,,manual,TRUE,TRUE,90
harry-da-souza-celebrity-face-mask-mobland-tv-star-fancy-dress-costume-party-prop-for-hen-stag-do-accessory,Harry Da Souza Face Mask – Fancy Dress Cardboard Costume Mask,active,Style,Ready Cut,Fitting,Elastic,FOXY-MASK-HARRY-DA-SOUZA-CELEBRITY-FACE-MASK-M-RC-E,2.99,continue,,manual,TRUE,TRUE,90
harry-da-souza-celebrity-face-mask-mobland-tv-star-fancy-dress-costume-party-prop-for-hen-stag-do-accessory,,,,Ready Cut,,Stick,FOXY-MASK-HARRY-DA-SOUZA-CELEBRITY-FACE-MASK-M-RC-S,3.49,continue,,manual,TRUE,TRUE,90
harry-da-souza-celebrity-face-mask-mobland-tv-star-fancy-dress-costume-party-prop-for-hen-stag-do-accessory,,,,DIY,,Elastic,FOXY-MASK-HARRY-DA-SOUZA-CELEBRITY-FACE-MASK-M-DIY-E,1.50,continue,,manual,TRUE,TRUE,90
harry-da-souza-celebrity-face-mask-mobland-tv-star-fancy-dress-costume-party-prop-for-hen-stag-do-accessory,,,,DIY,,Stick,FOXY-MASK-HARRY-DA-SOUZA-CELEBRITY-FACE-MASK-M-DIY-S,2.00,continue,,manual,TRUE,TRUE,90
kat-mcallister-celebrity-face-mask-mobland-tv-star-fancy-dress-costume-party-prop-for-hen-stag-do-accessory,Kat McAllister Face Mask – Fancy Dress Cardboard Costume Mask,active,Style,Ready Cut,Fitting,Elastic,FOXY-MASK-KAT-MCALLISTER-CELEBRITY-FACE-MASK-M-RC-E,2.99,continue,,manual,TRUE,TRUE,90
kat-mcallister-celebrity-face-mask-mobland-tv-star-fancy-dress-costume-party-prop-for-hen-stag-do-accessory,,,,Ready Cut,,Stick,FOXY-MASK-KAT-MCALLISTER-CELEBRITY-FACE-MASK-M-RC-S,3.49,continue,,manual,TRUE,TRUE,90
kat-mcallister-celebrity-face-mask-mobland-tv-star-fancy-dress-costume-party-prop-for-hen-stag-do-accessory,,,,DIY,,Elastic,FOXY-MASK-KAT-MCALLISTER-CELEBRITY-FACE-MASK-M-DIY-E,1.50,continue,,manual,TRUE,TRUE,90
kat-mcallister-celebrity-face-mask-mobland-tv-star-fancy-dress-costume-party-prop-for-hen-stag-do-accessory,,,,DIY,,Stick,FOXY-MASK-KAT-MCALLISTER-CELEBRITY-FACE-MASK-M-DIY-S,2.00,continue,,manual,TRUE,TRUE,90
kevin-harrigan-celebrity-face-mask-mobland-tv-star-fancy-dress-costume-party-prop-for-hen-stag-do-accessory,Kevin Harrigan Face Mask – Fancy Dress Cardboard Costume Mask,active,Style,Ready Cut,Fitting,Elastic,FOXY-MASK-KEVIN-HARRIGAN-CELEBRITY-FACE-MASK-M-RC-E,2.99,continue,,manual,TRUE,TRUE,90
kevin-harrigan-celebrity-face-mask-mobland-tv-star-fancy-dress-costume-party-prop-for-hen-stag-do-accessory,,,,Ready Cut,,Stick,FOXY-MASK-KEVIN-HARRIGAN-CELEBRITY-FACE-MASK-M-RC-S,3.49,continue,,manual,TRUE,TRUE,90
kevin-harrigan-celebrity-face-mask-mobland-tv-star-fancy-dress-costume-party-prop-for-hen-stag-do-accessory,,,,DIY,,Elastic,FOXY-MASK-KEVIN-HARRIGAN-CELEBRITY-FACE-MASK-M-DIY-E,1.50,continue,,manual,TRUE,TRUE,90
kevin-harrigan-celebrity-face-mask-mobland-tv-star-fancy-dress-costume-party-prop-for-hen-stag-do-accessory,,,,DIY,,Stick,FOXY-MASK-KEVIN-HARRIGAN-CELEBRITY-FACE-MASK-M-DIY-S,2.00,continue,,manual,TRUE,TRUE,90
maeve-harrigan-celebrity-face-mask-mobland-tv-star-fancy-dress-costume-party-prop-for-hen-stag-do-accessory,Maeve Harrigan Face Mask – Fancy Dress Cardboard Costume Mask,active,Style,Ready Cut,Fitting,Elastic,FOXY-MASK-MAEVE-HARRIGAN-CELEBRITY-FACE-MASK-M-RC-E,2.99,continue,,manual,TRUE,TRUE,90
maeve-harrigan-celebrity-face-mask-mobland-tv-star-fancy-dress-costume-party-prop-for-hen-stag-do-accessory,,,,Ready Cut,,Stick,FOXY-MASK-MAEVE-HARRIGAN-CELEBRITY-FACE-MASK-M-RC-S,3.49,continue,,manual,TRUE,TRUE,90
maeve-harrigan-celebrity-face-mask-mobland-tv-star-fancy-dress-costume-party-prop-for-hen-stag-do-accessory,,,,DIY,,Elastic,FOXY-MASK-MAEVE-HARRIGAN-CELEBRITY-FACE-MASK-M-DIY-E,1.50,continue,,manual,TRUE,TRUE,90
maeve-harrigan-celebrity-face-mask-mobland-tv-star-fancy-dress-costume-party-prop-for-hen-stag-do-accessory,,,,DIY,,Stick,FOXY-MASK-MAEVE-HARRIGAN-CELEBRITY-FACE-MASK-M-DIY-S,2.00,continue,,manual,TRUE,TRUE,90
richie-stevenson-celebrity-face-mask-mobland-tv-star-fancy-dress-costume-party-prop-for-hen-stag-do-accessory,Richie Stevenson Face Mask – Fancy Dress Cardboard Costume Mask,active,Style,Ready Cut,Fitting,Elastic,FOXY-MASK-RICHIE-STEVENSON-CELEBRITY-FACE-MASK-RC-E,2.99,continue,,manual,TRUE,TRUE,90
richie-stevenson-celebrity-face-mask-mobland-tv-star-fancy-dress-costume-party-prop-for-hen-stag-do-accessory,,,,Ready Cut,,Stick,FOXY-MASK-RICHIE-STEVENSON-CELEBRITY-FACE-MASK-RC-S,3.49,continue,,manual,TRUE,TRUE,90
richie-stevenson-celebrity-face-mask-mobland-tv-star-fancy-dress-costume-party-prop-for-hen-stag-do-accessory,,,,DIY,,Elastic,FOXY-MASK-RICHIE-STEVENSON-CELEBRITY-FACE-MASK-DIY-E,1.50,continue,,manual,TRUE,TRUE,90
richie-stevenson-celebrity-face-mask-mobland-tv-star-fancy-dress-costume-party-prop-for-hen-stag-do-accessory,,,,DIY,,Stick,FOXY-MASK-RICHIE-STEVENSON-CELEBRITY-FACE-MASK-DIY-S,2.00,continue,,manual,TRUE,TRUE,90
seraphina-harrigan-celebrity-face-mask-mobland-tv-star-fancy-dress-costume-party-prop-for-hen-stag-do-accessory,Seraphina Harrigan Face Mask – Fancy Dress Cardboard Costume Mask,active,Style,Ready Cut,Fitting,Elastic,FOXY-MASK-SERAPHINA-HARRIGAN-CELEBRITY-FACE-MA-RC-E,2.99,continue,,manual,TRUE,TRUE,90
seraphina-harrigan-celebrity-face-mask-mobland-tv-star-fancy-dress-costume-party-prop-for-hen-stag-do-accessory,,,,Ready Cut,,Stick,FOXY-MASK-SERAPHINA-HARRIGAN-CELEBRITY-FACE-MA-RC-S,3.49,continue,,manual,TRUE,TRUE,90
seraphina-harrigan-celebrity-face-mask-mobland-tv-star-fancy-dress-costume-party-prop-for-hen-stag-do-accessory,,,,DIY,,Elastic,FOXY-MASK-SERAPHINA-HARRIGAN-CELEBRITY-FACE-MA-DIY-E,1.50,continue,,manual,TRUE,TRUE,90
seraphina-harrigan-celebrity-face-mask-mobland-tv-star-fancy-dress-costume-party-prop-for-hen-stag-do-accessory,,,,DIY,,Stick,FOXY-MASK-SERAPHINA-HARRIGAN-CELEBRITY-FACE-MA-DIY-S,2.00,continue,,manual,TRUE,TRUE,90
jiang-cheng-celebrity-face-mask-the-untamed-tv-drama-character-fancy-dress-costume-party-prop-for-cosplay-hen-stag-do-accessory,Jiang Cheng Face Mask – Fancy Dress Cardboard Costume Mask,active,Style,Ready Cut,Fitting,Elastic,FOXY-MASK-JIANG-CHENG-CELEBRITY-FACE-MASK-THE-RC-E,2.99,continue,,manual,TRUE,TRUE,90
jiang-cheng-celebrity-face-mask-the-untamed-tv-drama-character-fancy-dress-costume-party-prop-for-cosplay-hen-stag-do-accessory,,,,Ready Cut,,Stick,FOXY-MASK-JIANG-CHENG-CELEBRITY-FACE-MASK-THE-RC-S,3.49,continue,,manual,TRUE,TRUE,90
jiang-cheng-celebrity-face-mask-the-untamed-tv-drama-character-fancy-dress-costume-party-prop-for-cosplay-hen-stag-do-accessory,,,,DIY,,Elastic,FOXY-MASK-JIANG-CHENG-CELEBRITY-FACE-MASK-THE-DIY-E,1.50,continue,,manual,TRUE,TRUE,90
jiang-cheng-celebrity-face-mask-the-untamed-tv-drama-character-fancy-dress-costume-party-prop-for-cosplay-hen-stag-do-accessory,,,,DIY,,Stick,FOXY-MASK-JIANG-CHENG-CELEBRITY-FACE-MASK-THE-DIY-S,2.00,continue,,manual,TRUE,TRUE,90
jiang-yanli-celebrity-face-mask-the-untamed-tv-drama-character-fancy-dress-costume-party-prop-for-cosplay-hen-stag-do-accessory,Jiang Yanli Face Mask – Fancy Dress Cardboard Costume Mask,active,Style,Ready Cut,Fitting,Elastic,FOXY-MASK-JIANG-YANLI-CELEBRITY-FACE-MASK-THE-RC-E,2.99,continue,,manual,TRUE,TRUE,90
jiang-yanli-celebrity-face-mask-the-untamed-tv-drama-character-fancy-dress-costume-party-prop-for-cosplay-hen-stag-do-accessory,,,,Ready Cut,,Stick,FOXY-MASK-JIANG-YANLI-CELEBRITY-FACE-MASK-THE-RC-S,3.49,continue,,manual,TRUE,TRUE,90
jiang-yanli-celebrity-face-mask-the-untamed-tv-drama-character-fancy-dress-costume-party-prop-for-cosplay-hen-stag-do-accessory,,,,DIY,,Elastic,FOXY-MASK-JIANG-YANLI-CELEBRITY-FACE-MASK-THE-DIY-E,1.50,continue,,manual,TRUE,TRUE,90
jiang-yanli-celebrity-face-mask-the-untamed-tv-drama-character-fancy-dress-costume-party-prop-for-cosplay-hen-stag-do-accessory,,,,DIY,,Stick,FOXY-MASK-JIANG-YANLI-CELEBRITY-FACE-MASK-THE-DIY-S,2.00,continue,,manual,TRUE,TRUE,90
jin-guangyao-celebrity-face-mask-the-untamed-tv-drama-character-fancy-dress-costume-party-prop-for-cosplay-hen-stag-do-accessory,Jin Guangyao Face Mask – Fancy Dress Cardboard Costume Mask,active,Style,Ready Cut,Fitting,Elastic,FOXY-MASK-JIN-GUANGYAO-CELEBRITY-FACE-MASK-THE-RC-E,2.99,continue,,manual,TRUE,TRUE,90
jin-guangyao-celebrity-face-mask-the-untamed-tv-drama-character-fancy-dress-costume-party-prop-for-cosplay-hen-stag-do-accessory,,,,Ready Cut,,Stick,FOXY-MASK-JIN-GUANGYAO-CELEBRITY-FACE-MASK-THE-RC-S,3.49,continue,,manual,TRUE,TRUE,90
jin-guangyao-celebrity-face-mask-the-untamed-tv-drama-character-fancy-dress-costume-party-prop-for-cosplay-hen-stag-do-accessory,,,,DIY,,Elastic,FOXY-MASK-JIN-GUANGYAO-CELEBRITY-FACE-MASK-THE-DIY-E,1.50,continue,,manual,TRUE,TRUE,90
jin-guangyao-celebrity-face-mask-the-untamed-tv-drama-character-fancy-dress-costume-party-prop-for-cosplay-hen-stag-do-accessory,,,,DIY,,Stick,FOXY-MASK-JIN-GUANGYAO-CELEBRITY-FACE-MASK-THE-DIY-S,2.00,continue,,manual,TRUE,TRUE,90
jin-ling-celebrity-face-mask-the-untamed-tv-drama-character-fancy-dress-costume-party-prop-for-cosplay-hen-stag-do-accessory,Jin Ling Face Mask – Fancy Dress Cardboard Costume Mask,active,Style,Ready Cut,Fitting,Elastic,FOXY-MASK-JIN-LING-CELEBRITY-FACE-MASK-THE-UNT-RC-E,2.99,continue,,manual,TRUE,TRUE,90
jin-ling-celebrity-face-mask-the-untamed-tv-drama-character-fancy-dress-costume-party-prop-for-cosplay-hen-stag-do-accessory,,,,Ready Cut,,Stick,FOXY-MASK-JIN-LING-CELEBRITY-FACE-MASK-THE-UNT-RC-S,3.49,continue,,manual,TRUE,TRUE,90
jin-ling-celebrity-face-mask-the-untamed-tv-drama-character-fancy-dress-costume-party-prop-for-cosplay-hen-stag-do-accessory,,,,DIY,,Elastic,FOXY-MASK-JIN-LING-CELEBRITY-FACE-MASK-THE-UNT-DIY-E,1.50,continue,,manual,TRUE,TRUE,90
jin-ling-celebrity-face-mask-the-untamed-tv-drama-character-fancy-dress-costume-party-prop-for-cosplay-hen-stag-do-accessory,,,,DIY,,Stick,FOXY-MASK-JIN-LING-CELEBRITY-FACE-MASK-THE-UNT-DIY-S,2.00,continue,,manual,TRUE,TRUE,90
jin-zixuan-celebrity-face-mask-the-untamed-tv-drama-character-fancy-dress-costume-party-prop-for-cosplay-hen-stag-do-accessory,Jin Zixuan Face Mask – Fancy Dress Cardboard Costume Mask,active,Style,Ready Cut,Fitting,Elastic,FOXY-MASK-JIN-ZIXUAN-CELEBRITY-FACE-MASK-THE-U-RC-E,2.99,continue,,manual,TRUE,TRUE,90
jin-zixuan-celebrity-face-mask-the-untamed-tv-drama-character-fancy-dress-costume-party-prop-for-cosplay-hen-stag-do-accessory,,,,Ready Cut,,Stick,FOXY-MASK-JIN-ZIXUAN-CELEBRITY-FACE-MASK-THE-U-RC-S,3.49,continue,,manual,TRUE,TRUE,90
jin-zixuan-celebrity-face-mask-the-untamed-tv-drama-character-fancy-dress-costume-party-prop-for-cosplay-hen-stag-do-accessory,,,,DIY,,Elastic,FOXY-MASK-JIN-ZIXUAN-CELEBRITY-FACE-MASK-THE-U-DIY-E,1.50,continue,,manual,TRUE,TRUE,90
jin-zixuan-celebrity-face-mask-the-untamed-tv-drama-character-fancy-dress-costume-party-prop-for-cosplay-hen-stag-do-accessory,,,,DIY,,Stick,FOXY-MASK-JIN-ZIXUAN-CELEBRITY-FACE-MASK-THE-U-DIY-S,2.00,continue,,manual,TRUE,TRUE,90
lan-sizhui-celebrity-face-mask-the-untamed-tv-drama-character-fancy-dress-costume-party-prop-for-cosplay-hen-stag-do-accessory,Lan Sizhui Face Mask – Fancy Dress Cardboard Costume Mask,active,Style,Ready Cut,Fitting,Elastic,FOXY-MASK-LAN-SIZHUI-CELEBRITY-FACE-MASK-THE-U-RC-E,2.99,continue,,manual,TRUE,TRUE,90
lan-sizhui-celebrity-face-mask-the-untamed-tv-drama-character-fancy-dress-costume-party-prop-for-cosplay-hen-stag-do-accessory,,,,Ready Cut,,Stick,FOXY-MASK-LAN-SIZHUI-CELEBRITY-FACE-MASK-THE-U-RC-S,3.49,continue,,manual,TRUE,TRUE,90
lan-sizhui-celebrity-face-mask-the-untamed-tv-drama-character-fancy-dress-costume-party-prop-for-cosplay-hen-stag-do-accessory,,,,DIY,,Elastic,FOXY-MASK-LAN-SIZHUI-CELEBRITY-FACE-MASK-THE-U-DIY-E,1.50,continue,,manual,TRUE,TRUE,90
lan-sizhui-celebrity-face-mask-the-untamed-tv-drama-character-fancy-dress-costume-party-prop-for-cosplay-hen-stag-do-accessory,,,,DIY,,Stick,FOXY-MASK-LAN-SIZHUI-CELEBRITY-FACE-MASK-THE-U-DIY-S,2.00,continue,,manual,TRUE,TRUE,90
lan-wangji-celebrity-face-mask-the-untamed-tv-drama-character-fancy-dress-costume-party-prop-for-cosplay-hen-stag-do-accessory,Lan Wangji Face Mask – Fancy Dress Cardboard Costume Mask,active,Style,Ready Cut,Fitting,Elastic,FOXY-MASK-LAN-WANGJI-CELEBRITY-FACE-MASK-THE-U-RC-E,2.99,continue,,manual,TRUE,TRUE,90
lan-wangji-celebrity-face-mask-the-untamed-tv-drama-character-fancy-dress-costume-party-prop-for-cosplay-hen-stag-do-accessory,,,,Ready Cut,,Stick,FOXY-MASK-LAN-WANGJI-CELEBRITY-FACE-MASK-THE-U-RC-S,3.49,continue,,manual,TRUE,TRUE,90
lan-wangji-celebrity-face-mask-the-untamed-tv-drama-character-fancy-dress-costume-party-prop-for-cosplay-hen-stag-do-accessory,,,,DIY,,Elastic,FOXY-MASK-LAN-WANGJI-CELEBRITY-FACE-MASK-THE-U-DIY-E,1.50,continue,,manual,TRUE,TRUE,90
lan-wangji-celebrity-face-mask-the-untamed-tv-drama-character-fancy-dress-costume-party-prop-for-cosplay-hen-stag-do-accessory,,,,DIY,,Stick,FOXY-MASK-LAN-WANGJI-CELEBRITY-FACE-MASK-THE-U-DIY-S,2.00,continue,,manual,TRUE,TRUE,90
lan-xichen-celebrity-face-mask-the-untamed-tv-drama-character-fancy-dress-costume-party-prop-for-cosplay-hen-stag-do-accessory,Lan Xichen Face Mask – Fancy Dress Cardboard Costume Mask,active,Style,Ready Cut,Fitting,Elastic,FOXY-MASK-LAN-XICHEN-CELEBRITY-FACE-MASK-THE-U-RC-E,2.99,continue,,manual,TRUE,TRUE,90
lan-xichen-celebrity-face-mask-the-untamed-tv-drama-character-fancy-dress-costume-party-prop-for-cosplay-hen-stag-do-accessory,,,,Ready Cut,,Stick,FOXY-MASK-LAN-XICHEN-CELEBRITY-FACE-MASK-THE-U-RC-S,3.49,continue,,manual,TRUE,TRUE,90
lan-xichen-celebrity-face-mask-the-untamed-tv-drama-character-fancy-dress-costume-party-prop-for-cosplay-hen-stag-do-accessory,,,,DIY,,Elastic,FOXY-MASK-LAN-XICHEN-CELEBRITY-FACE-MASK-THE-U-DIY-E,1.50,continue,,manual,TRUE,TRUE,90
lan-xichen-celebrity-face-mask-the-untamed-tv-drama-character-fancy-dress-costume-party-prop-for-cosplay-hen-stag-do-accessory,,,,DIY,,Stick,FOXY-MASK-LAN-XICHEN-CELEBRITY-FACE-MASK-THE-U-DIY-S,2.00,continue,,manual,TRUE,TRUE,90
nie-huaisang-celebrity-face-mask-the-untamed-tv-drama-character-fancy-dress-costume-party-prop-for-cosplay-hen-stag-do-accessory,Nie Huaisang Face Mask – Fancy Dress Cardboard Costume Mask,active,Style,Ready Cut,Fitting,Elastic,FOXY-MASK-NIE-HUAISANG-CELEBRITY-FACE-MASK-THE-RC-E,2.99,continue,,manual,TRUE,TRUE,90
nie-huaisang-celebrity-face-mask-the-untamed-tv-drama-character-fancy-dress-costume-party-prop-for-cosplay-hen-stag-do-accessory,,,,Ready Cut,,Stick,FOXY-MASK-NIE-HUAISANG-CELEBRITY-FACE-MASK-THE-RC-S,3.49,continue,,manual,TRUE,TRUE,90
nie-huaisang-celebrity-face-mask-the-untamed-tv-drama-character-fancy-dress-costume-party-prop-for-cosplay-hen-stag-do-accessory,,,,DIY,,Elastic,FOXY-MASK-NIE-HUAISANG-CELEBRITY-FACE-MASK-THE-DIY-E,1.50,continue,,manual,TRUE,TRUE,90
nie-huaisang-celebrity-face-mask-the-untamed-tv-drama-character-fancy-dress-costume-party-prop-for-cosplay-hen-stag-do-accessory,,,,DIY,,Stick,FOXY-MASK-NIE-HUAISANG-CELEBRITY-FACE-MASK-THE-DIY-S,2.00,continue,,manual,TRUE,TRUE,90
qi-pei-xin-celebrity-face-mask-the-untamed-tv-drama-character-fancy-dress-costume-party-prop-for-cosplay-hen-stag-do-accessory,Qi Pei Xin Face Mask – Fancy Dress Cardboard Costume Mask,active,Style,Ready Cut,Fitting,Elastic,FOXY-MASK-QI-PEI-XIN-CELEBRITY-FACE-MASK-THE-U-RC-E,2.99,continue,,manual,TRUE,TRUE,90
qi-pei-xin-celebrity-face-mask-the-untamed-tv-drama-character-fancy-dress-costume-party-prop-for-cosplay-hen-stag-do-accessory,,,,Ready Cut,,Stick,FOXY-MASK-QI-PEI-XIN-CELEBRITY-FACE-MASK-THE-U-RC-S,3.49,continue,,manual,TRUE,TRUE,90
qi-pei-xin-celebrity-face-mask-the-untamed-tv-drama-character-fancy-dress-costume-party-prop-for-cosplay-hen-stag-do-accessory,,,,DIY,,Elastic,FOXY-MASK-QI-PEI-XIN-CELEBRITY-FACE-MASK-THE-U-DIY-E,1.50,continue,,manual,TRUE,TRUE,90
qi-pei-xin-celebrity-face-mask-the-untamed-tv-drama-character-fancy-dress-costume-party-prop-for-cosplay-hen-stag-do-accessory,,,,DIY,,Stick,FOXY-MASK-QI-PEI-XIN-CELEBRITY-FACE-MASK-THE-U-DIY-S,2.00,continue,,manual,TRUE,TRUE,90
wei-wuxian-celebrity-face-mask-the-untamed-tv-drama-character-fancy-dress-costume-party-prop-for-cosplay-hen-stag-do-accessory,Wei Wuxian Face Mask – Fancy Dress Cardboard Costume Mask,active,Style,Ready Cut,Fitting,Elastic,FOXY-MASK-WEI-WUXIAN-CELEBRITY-FACE-MASK-THE-U-RC-E,2.99,continue,,manual,TRUE,TRUE,90
wei-wuxian-celebrity-face-mask-the-untamed-tv-drama-character-fancy-dress-costume-party-prop-for-cosplay-hen-stag-do-accessory,,,,Ready Cut,,Stick,FOXY-MASK-WEI-WUXIAN-CELEBRITY-FACE-MASK-THE-U-RC-S,3.49,continue,,manual,TRUE,TRUE,90
wei-wuxian-celebrity-face-mask-the-untamed-tv-drama-character-fancy-dress-costume-party-prop-for-cosplay-hen-stag-do-accessory,,,,DIY,,Elastic,FOXY-MASK-WEI-WUXIAN-CELEBRITY-FACE-MASK-THE-U-DIY-E,1.50,continue,,manual,TRUE,TRUE,90
wei-wuxian-celebrity-face-mask-the-untamed-tv-drama-character-fancy-dress-costume-party-prop-for-cosplay-hen-stag-do-accessory,,,,DIY,,Stick,FOXY-MASK-WEI-WUXIAN-CELEBRITY-FACE-MASK-THE-U-DIY-S,2.00,continue,,manual,TRUE,TRUE,90
wen-ning-celebrity-face-mask-the-untamed-tv-drama-character-fancy-dress-costume-party-prop-for-cosplay-hen-stag-do-accessory,Wen Ning Face Mask – Fancy Dress Cardboard Costume Mask,active,Style,Ready Cut,Fitting,Elastic,FOXY-MASK-WEN-NING-CELEBRITY-FACE-MASK-THE-UNT-RC-E,2.99,continue,,manual,TRUE,TRUE,90
wen-ning-celebrity-face-mask-the-untamed-tv-drama-character-fancy-dress-costume-party-prop-for-cosplay-hen-stag-do-accessory,,,,Ready Cut,,Stick,FOXY-MASK-WEN-NING-CELEBRITY-FACE-MASK-THE-UNT-RC-S,3.49,continue,,manual,TRUE,TRUE,90
wen-ning-celebrity-face-mask-the-untamed-tv-drama-character-fancy-dress-costume-party-prop-for-cosplay-hen-stag-do-accessory,,,,DIY,,Elastic,FOXY-MASK-WEN-NING-CELEBRITY-FACE-MASK-THE-UNT-DIY-E,1.50,continue,,manual,TRUE,TRUE,90
wen-ning-celebrity-face-mask-the-untamed-tv-drama-character-fancy-dress-costume-party-prop-for-cosplay-hen-stag-do-accessory,,,,DIY,,Stick,FOXY-MASK-WEN-NING-CELEBRITY-FACE-MASK-THE-UNT-DIY-S,2.00,continue,,manual,TRUE,TRUE,90
wen-qing-celebrity-face-mask-the-untamed-tv-drama-character-fancy-dress-costume-party-prop-for-cosplay-hen-stag-do-accessory,Wen Qing Face Mask – Fancy Dress Cardboard Costume Mask,active,Style,Ready Cut,Fitting,Elastic,FOXY-MASK-WEN-QING-CELEBRITY-FACE-MASK-THE-UNT-RC-E,2.99,continue,,manual,TRUE,TRUE,90
wen-qing-celebrity-face-mask-the-untamed-tv-drama-character-fancy-dress-costume-party-prop-for-cosplay-hen-stag-do-accessory,,,,Ready Cut,,Stick,FOXY-MASK-WEN-QING-CELEBRITY-FACE-MASK-THE-UNT-RC-S,3.49,continue,,manual,TRUE,TRUE,90
wen-qing-celebrity-face-mask-the-untamed-tv-drama-character-fancy-dress-costume-party-prop-for-cosplay-hen-stag-do-accessory,,,,DIY,,Elastic,FOXY-MASK-WEN-QING-CELEBRITY-FACE-MASK-THE-UNT-DIY-E,1.50,continue,,manual,TRUE,TRUE,90
wen-qing-celebrity-face-mask-the-untamed-tv-drama-character-fancy-dress-costume-party-prop-for-cosplay-hen-stag-do-accessory,,,,DIY,,Stick,FOXY-MASK-WEN-QING-CELEBRITY-FACE-MASK-THE-UNT-DIY-S,2.00,continue,,manual,TRUE,TRUE,90
bianca-belair-celebrity-face-mask-wwe-wrestling-star-fancy-dress-costume-prop-for-sports-party-hen-stag-do-accessory,Bianca Belair Face Mask – Fancy Dress Cardboard Costume Mask,active,Style,Ready Cut,Fitting,Elastic,FOXY-MASK-BIANCA-BELAIR-CELEBRITY-FACE-MASK-WW-RC-E,2.99,continue,,manual,TRUE,TRUE,90
bianca-belair-celebrity-face-mask-wwe-wrestling-star-fancy-dress-costume-prop-for-sports-party-hen-stag-do-accessory,,,,Ready Cut,,Stick,FOXY-MASK-BIANCA-BELAIR-CELEBRITY-FACE-MASK-WW-RC-S,3.49,continue,,manual,TRUE,TRUE,90
bianca-belair-celebrity-face-mask-wwe-wrestling-star-fancy-dress-costume-prop-for-sports-party-hen-stag-do-accessory,,,,DIY,,Elastic,FOXY-MASK-BIANCA-BELAIR-CELEBRITY-FACE-MASK-WW-DIY-E,1.50,continue,,manual,TRUE,TRUE,90
bianca-belair-celebrity-face-mask-wwe-wrestling-star-fancy-dress-costume-prop-for-sports-party-hen-stag-do-accessory,,,,DIY,,Stick,FOXY-MASK-BIANCA-BELAIR-CELEBRITY-FACE-MASK-WW-DIY-S,2.00,continue,,manual,TRUE,TRUE,90
bron-breakker-celebrity-face-mask-wwe-wrestling-star-fancy-dress-costume-prop-for-sports-party-hen-stag-do-accessory,Bron Breakker Face Mask – Fancy Dress Cardboard Costume Mask,active,Style,Ready Cut,Fitting,Elastic,FOXY-MASK-BRON-BREAKKER-CELEBRITY-FACE-MASK-WW-RC-E,2.99,continue,,manual,TRUE,TRUE,90
bron-breakker-celebrity-face-mask-wwe-wrestling-star-fancy-dress-costume-prop-for-sports-party-hen-stag-do-accessory,,,,Ready Cut,,Stick,FOXY-MASK-BRON-BREAKKER-CELEBRITY-FACE-MASK-WW-RC-S,3.49,continue,,manual,TRUE,TRUE,90
bron-breakker-celebrity-face-mask-wwe-wrestling-star-fancy-dress-costume-prop-for-sports-party-hen-stag-do-accessory,,,,DIY,,Elastic,FOXY-MASK-BRON-BREAKKER-CELEBRITY-FACE-MASK-WW-DIY-E,1.50,continue,,manual,TRUE,TRUE,90
bron-breakker-celebrity-face-mask-wwe-wrestling-star-fancy-dress-costume-prop-for-sports-party-hen-stag-do-accessory,,,,DIY,,Stick,FOXY-MASK-BRON-BREAKKER-CELEBRITY-FACE-MASK-WW-DIY-S,2.00,continue,,manual,TRUE,TRUE,90
chad-gable-celebrity-face-mask-wwe-wrestling-star-fancy-dress-costume-prop-for-sports-party-hen-stag-do-accessory,Chad Gable Face Mask – Fancy Dress Cardboard Costume Mask,active,Style,Ready Cut,Fitting,Elastic,FOXY-MASK-CHAD-GABLE-CELEBRITY-FACE-MASK-WWE-W-RC-E,2.99,continue,,manual,TRUE,TRUE,90
chad-gable-celebrity-face-mask-wwe-wrestling-star-fancy-dress-costume-prop-for-sports-party-hen-stag-do-accessory,,,,Ready Cut,,Stick,FOXY-MASK-CHAD-GABLE-CELEBRITY-FACE-MASK-WWE-W-RC-S,3.49,continue,,manual,TRUE,TRUE,90
chad-gable-celebrity-face-mask-wwe-wrestling-star-fancy-dress-costume-prop-for-sports-party-hen-stag-do-accessory,,,,DIY,,Elastic,FOXY-MASK-CHAD-GABLE-CELEBRITY-FACE-MASK-WWE-W-DIY-E,1.50,continue,,manual,TRUE,TRUE,90
chad-gable-celebrity-face-mask-wwe-wrestling-star-fancy-dress-costume-prop-for-sports-party-hen-stag-do-accessory,,,,DIY,,Stick,FOXY-MASK-CHAD-GABLE-CELEBRITY-FACE-MASK-WWE-W-DIY-S,2.00,continue,,manual,TRUE,TRUE,90
charlotte-flair-celebrity-face-mask-wwe-wrestling-star-fancy-dress-costume-prop-for-sports-party-hen-stag-do-accessory,Charlotte Flair Face Mask – Fancy Dress Cardboard Costume Mask,active,Style,Ready Cut,Fitting,Elastic,FOXY-MASK-CHARLOTTE-FLAIR-CELEBRITY-FACE-MASK-RC-E,2.99,continue,,manual,TRUE,TRUE,90
charlotte-flair-celebrity-face-mask-wwe-wrestling-star-fancy-dress-costume-prop-for-sports-party-hen-stag-do-accessory,,,,Ready Cut,,Stick,FOXY-MASK-CHARLOTTE-FLAIR-CELEBRITY-FACE-MASK-RC-S,3.49,continue,,manual,TRUE,TRUE,90
charlotte-flair-celebrity-face-mask-wwe-wrestling-star-fancy-dress-costume-prop-for-sports-party-hen-stag-do-accessory,,,,DIY,,Elastic,FOXY-MASK-CHARLOTTE-FLAIR-CELEBRITY-FACE-MASK-DIY-E,1.50,continue,,manual,TRUE,TRUE,90
charlotte-flair-celebrity-face-mask-wwe-wrestling-star-fancy-dress-costume-prop-for-sports-party-hen-stag-do-accessory,,,,DIY,,Stick,FOXY-MASK-CHARLOTTE-FLAIR-CELEBRITY-FACE-MASK-DIY-S,2.00,continue,,manual,TRUE,TRUE,90
chelsea-green-celebrity-face-mask-wwe-wrestling-star-fancy-dress-costume-prop-for-sports-party-hen-stag-do-accessory,Chelsea Green Face Mask – Fancy Dress Cardboard Costume Mask,active,Style,Ready Cut,Fitting,Elastic,FOXY-MASK-CHELSEA-GREEN-CELEBRITY-FACE-MASK-WW-RC-E,2.99,continue,,manual,TRUE,TRUE,90
chelsea-green-celebrity-face-mask-wwe-wrestling-star-fancy-dress-costume-prop-for-sports-party-hen-stag-do-accessory,,,,Ready Cut,,Stick,FOXY-MASK-CHELSEA-GREEN-CELEBRITY-FACE-MASK-WW-RC-S,3.49,continue,,manual,TRUE,TRUE,90
chelsea-green-celebrity-face-mask-wwe-wrestling-star-fancy-dress-costume-prop-for-sports-party-hen-stag-do-accessory,,,,DIY,,Elastic,FOXY-MASK-CHELSEA-GREEN-CELEBRITY-FACE-MASK-WW-DIY-E,1.50,continue,,manual,TRUE,TRUE,90
chelsea-green-celebrity-face-mask-wwe-wrestling-star-fancy-dress-costume-prop-for-sports-party-hen-stag-do-accessory,,,,DIY,,Stick,FOXY-MASK-CHELSEA-GREEN-CELEBRITY-FACE-MASK-WW-DIY-S,2.00,continue,,manual,TRUE,TRUE,90
cm-punk-celebrity-face-mask-wwe-wrestling-star-fancy-dress-costume-prop-for-sports-party-hen-stag-do-accessory,CM Punk Face Mask – Fancy Dress Cardboard Costume Mask,active,Style,Ready Cut,Fitting,Elastic,FOXY-MASK-CM-PUNK-CELEBRITY-FACE-MASK-WWE-WRES-RC-E,2.99,continue,,manual,TRUE,TRUE,90
cm-punk-celebrity-face-mask-wwe-wrestling-star-fancy-dress-costume-prop-for-sports-party-hen-stag-do-accessory,,,,Ready Cut,,Stick,FOXY-MASK-CM-PUNK-CELEBRITY-FACE-MASK-WWE-WRES-RC-S,3.49,continue,,manual,TRUE,TRUE,90
cm-punk-celebrity-face-mask-wwe-wrestling-star-fancy-dress-costume-prop-for-sports-party-hen-stag-do-accessory,,,,DIY,,Elastic,FOXY-MASK-CM-PUNK-CELEBRITY-FACE-MASK-WWE-WRES-DIY-E,1.50,continue,,manual,TRUE,TRUE,90
cm-punk-celebrity-face-mask-wwe-wrestling-star-fancy-dress-costume-prop-for-sports-party-hen-stag-do-accessory,,,,DIY,,Stick,FOXY-MASK-CM-PUNK-CELEBRITY-FACE-MASK-WWE-WRES-DIY-S,2.00,continue,,manual,TRUE,TRUE,90
cody-rhodes-celebrity-face-mask-wwe-wrestling-star-fancy-dress-costume-prop-for-sports-party-hen-stag-do-accessory,Cody Rhodes Face Mask – Fancy Dress Cardboard Costume Mask,active,Style,Ready Cut,Fitting,Elastic,FOXY-MASK-CODY-RHODES-CELEBRITY-FACE-MASK-WWE-RC-E,2.99,continue,,manual,TRUE,TRUE,90
cody-rhodes-celebrity-face-mask-wwe-wrestling-star-fancy-dress-costume-prop-for-sports-party-hen-stag-do-accessory,,,,Ready Cut,,Stick,FOXY-MASK-CODY-RHODES-CELEBRITY-FACE-MASK-WWE-RC-S,3.49,continue,,manual,TRUE,TRUE,90
cody-rhodes-celebrity-face-mask-wwe-wrestling-star-fancy-dress-costume-prop-for-sports-party-hen-stag-do-accessory,,,,DIY,,Elastic,FOXY-MASK-CODY-RHODES-CELEBRITY-FACE-MASK-WWE-DIY-E,1.50,continue,,manual,TRUE,TRUE,90
cody-rhodes-celebrity-face-mask-wwe-wrestling-star-fancy-dress-costume-prop-for-sports-party-hen-stag-do-accessory,,,,DIY,,Stick,FOXY-MASK-CODY-RHODES-CELEBRITY-FACE-MASK-WWE-DIY-S,2.00,continue,,manual,TRUE,TRUE,90
damian-priest-celebrity-face-mask-wwe-wrestling-star-fancy-dress-costume-prop-for-sports-party-hen-stag-do-accessory,Damian Priest Face Mask – Fancy Dress Cardboard Costume Mask,active,Style,Ready Cut,Fitting,Elastic,FOXY-MASK-DAMIAN-PRIEST-CELEBRITY-FACE-MASK-WW-RC-E,2.99,continue,,manual,TRUE,TRUE,90
damian-priest-celebrity-face-mask-wwe-wrestling-star-fancy-dress-costume-prop-for-sports-party-hen-stag-do-accessory,,,,Ready Cut,,Stick,FOXY-MASK-DAMIAN-PRIEST-CELEBRITY-FACE-MASK-WW-RC-S,3.49,continue,,manual,TRUE,TRUE,90
damian-priest-celebrity-face-mask-wwe-wrestling-star-fancy-dress-costume-prop-for-sports-party-hen-stag-do-accessory,,,,DIY,,Elastic,FOXY-MASK-DAMIAN-PRIEST-CELEBRITY-FACE-MASK-WW-DIY-E,1.50,continue,,manual,TRUE,TRUE,90
damian-priest-celebrity-face-mask-wwe-wrestling-star-fancy-dress-costume-prop-for-sports-party-hen-stag-do-accessory,,,,DIY,,Stick,FOXY-MASK-DAMIAN-PRIEST-CELEBRITY-FACE-MASK-WW-DIY-S,2.00,continue,,manual,TRUE,TRUE,90
dominik-mysterio-celebrity-face-mask-wwe-wrestling-star-fancy-dress-costume-prop-for-sports-party-hen-stag-do-accessory,Dominik Mysterio Face Mask – Fancy Dress Cardboard Costume Mask,active,Style,Ready Cut,Fitting,Elastic,FOXY-MASK-DOMINIK-MYSTERIO-CELEBRITY-FACE-MASK-RC-E,2.99,continue,,manual,TRUE,TRUE,90
dominik-mysterio-celebrity-face-mask-wwe-wrestling-star-fancy-dress-costume-prop-for-sports-party-hen-stag-do-accessory,,,,Ready Cut,,Stick,FOXY-MASK-DOMINIK-MYSTERIO-CELEBRITY-FACE-MASK-RC-S,3.49,continue,,manual,TRUE,TRUE,90
dominik-mysterio-celebrity-face-mask-wwe-wrestling-star-fancy-dress-costume-prop-for-sports-party-hen-stag-do-accessory,,,,DIY,,Elastic,FOXY-MASK-DOMINIK-MYSTERIO-CELEBRITY-FACE-MASK-DIY-E,1.50,continue,,manual,TRUE,TRUE,90
dominik-mysterio-celebrity-face-mask-wwe-wrestling-star-fancy-dress-costume-prop-for-sports-party-hen-stag-do-accessory,,,,DIY,,Stick,FOXY-MASK-DOMINIK-MYSTERIO-CELEBRITY-FACE-MASK-DIY-S,2.00,continue,,manual,TRUE,TRUE,90
drew-mcintyre-celebrity-face-mask-wwe-wrestling-star-fancy-dress-costume-prop-for-sports-party-hen-stag-do-accessory,Drew McIntyre Face Mask – Fancy Dress Cardboard Costume Mask,active,Style,Ready Cut,Fitting,Elastic,FOXY-MASK-DREW-MCINTYRE-CELEBRITY-FACE-MASK-WW-RC-E,2.99,continue,,manual,TRUE,TRUE,90
drew-mcintyre-celebrity-face-mask-wwe-wrestling-star-fancy-dress-costume-prop-for-sports-party-hen-stag-do-accessory,,,,Ready Cut,,Stick,FOXY-MASK-DREW-MCINTYRE-CELEBRITY-FACE-MASK-WW-RC-S,3.49,continue,,manual,TRUE,TRUE,90
drew-mcintyre-celebrity-face-mask-wwe-wrestling-star-fancy-dress-costume-prop-for-sports-party-hen-stag-do-accessory,,,,DIY,,Elastic,FOXY-MASK-DREW-MCINTYRE-CELEBRITY-FACE-MASK-WW-DIY-E,1.50,continue,,manual,TRUE,TRUE,90
drew-mcintyre-celebrity-face-mask-wwe-wrestling-star-fancy-dress-costume-prop-for-sports-party-hen-stag-do-accessory,,,,DIY,,Stick,FOXY-MASK-DREW-MCINTYRE-CELEBRITY-FACE-MASK-WW-DIY-S,2.00,continue,,manual,TRUE,TRUE,90
finn-balor-celebrity-face-mask-wwe-wrestling-star-fancy-dress-costume-prop-for-sports-party-hen-stag-do-accessory,Finn Balor Face Mask – Fancy Dress Cardboard Costume Mask,active,Style,Ready Cut,Fitting,Elastic,FOXY-MASK-FINN-BALOR-CELEBRITY-FACE-MASK-WWE-W-RC-E,2.99,continue,,manual,TRUE,TRUE,90
finn-balor-celebrity-face-mask-wwe-wrestling-star-fancy-dress-costume-prop-for-sports-party-hen-stag-do-accessory,,,,Ready Cut,,Stick,FOXY-MASK-FINN-BALOR-CELEBRITY-FACE-MASK-WWE-W-RC-S,3.49,continue,,manual,TRUE,TRUE,90
finn-balor-celebrity-face-mask-wwe-wrestling-star-fancy-dress-costume-prop-for-sports-party-hen-stag-do-accessory,,,,DIY,,Elastic,FOXY-MASK-FINN-BALOR-CELEBRITY-FACE-MASK-WWE-W-DIY-E,1.50,continue,,manual,TRUE,TRUE,90
finn-balor-celebrity-face-mask-wwe-wrestling-star-fancy-dress-costume-prop-for-sports-party-hen-stag-do-accessory,,,,DIY,,Stick,FOXY-MASK-FINN-BALOR-CELEBRITY-FACE-MASK-WWE-W-DIY-S,2.00,continue,,manual,TRUE,TRUE,90
gunther-celebrity-face-mask-wwe-wrestling-star-fancy-dress-costume-prop-for-sports-party-hen-stag-do-accessory,Gunther Face Mask – Fancy Dress Cardboard Costume Mask,active,Style,Ready Cut,Fitting,Elastic,Foxy-Mask-Gunther-RC-E,2.99,continue,,manual,TRUE,TRUE,90
gunther-celebrity-face-mask-wwe-wrestling-star-fancy-dress-costume-prop-for-sports-party-hen-stag-do-accessory,,,,Ready Cut,,Stick,Foxy-Mask-Gunther-RC-S,3.49,continue,,manual,TRUE,TRUE,90
gunther-celebrity-face-mask-wwe-wrestling-star-fancy-dress-costume-prop-for-sports-party-hen-stag-do-accessory,,,,DIY,,Elastic,Foxy-Mask-Gunther-DIY-E,1.50,continue,,manual,TRUE,TRUE,90
gunther-celebrity-face-mask-wwe-wrestling-star-fancy-dress-costume-prop-for-sports-party-hen-stag-do-accessory,,,,DIY,,Stick,Foxy-Mask-Gunther-DIY-S,2.00,continue,,manual,TRUE,TRUE,90
iyo-sky-celebrity-face-mask-wwe-wrestling-star-fancy-dress-costume-prop-for-sports-party-hen-stag-do-accessory,Iyo Sky Face Mask – Fancy Dress Cardboard Costume Mask,active,Style,Ready Cut,Fitting,Elastic,FOXY-MASK-IYO-SKY-CELEBRITY-FACE-MASK-WWE-WRES-RC-E,2.99,continue,,manual,TRUE,TRUE,90
iyo-sky-celebrity-face-mask-wwe-wrestling-star-fancy-dress-costume-prop-for-sports-party-hen-stag-do-accessory,,,,Ready Cut,,Stick,FOXY-MASK-IYO-SKY-CELEBRITY-FACE-MASK-WWE-WRES-RC-S,3.49,continue,,manual,TRUE,TRUE,90
iyo-sky-celebrity-face-mask-wwe-wrestling-star-fancy-dress-costume-prop-for-sports-party-hen-stag-do-accessory,,,,DIY,,Elastic,FOXY-MASK-IYO-SKY-CELEBRITY-FACE-MASK-WWE-WRES-DIY-E,1.50,continue,,manual,TRUE,TRUE,90
iyo-sky-celebrity-face-mask-wwe-wrestling-star-fancy-dress-costume-prop-for-sports-party-hen-stag-do-accessory,,,,DIY,,Stick,FOXY-MASK-IYO-SKY-CELEBRITY-FACE-MASK-WWE-WRES-DIY-S,2.00,continue,,manual,TRUE,TRUE,90
jacob-fatu-celebrity-face-mask-wwe-wrestling-star-fancy-dress-costume-prop-for-sports-party-hen-stag-do-accessory,Jacob Fatu Face Mask – Fancy Dress Cardboard Costume Mask,active,Style,Ready Cut,Fitting,Elastic,FOXY-MASK-JACOB-FATU-CELEBRITY-FACE-MASK-WWE-W-RC-E,2.99,continue,,manual,TRUE,TRUE,90
jacob-fatu-celebrity-face-mask-wwe-wrestling-star-fancy-dress-costume-prop-for-sports-party-hen-stag-do-accessory,,,,Ready Cut,,Stick,FOXY-MASK-JACOB-FATU-CELEBRITY-FACE-MASK-WWE-W-RC-S,3.49,continue,,manual,TRUE,TRUE,90
jacob-fatu-celebrity-face-mask-wwe-wrestling-star-fancy-dress-costume-prop-for-sports-party-hen-stag-do-accessory,,,,DIY,,Elastic,FOXY-MASK-JACOB-FATU-CELEBRITY-FACE-MASK-WWE-W-DIY-E,1.50,continue,,manual,TRUE,TRUE,90
jacob-fatu-celebrity-face-mask-wwe-wrestling-star-fancy-dress-costume-prop-for-sports-party-hen-stag-do-accessory,,,,DIY,,Stick,FOXY-MASK-JACOB-FATU-CELEBRITY-FACE-MASK-WWE-W-DIY-S,2.00,continue,,manual,TRUE,TRUE,90
jey-uso-celebrity-face-mask-wwe-wrestling-star-fancy-dress-costume-prop-for-sports-party-hen-stag-do-accessory,Jey Uso Face Mask – Fancy Dress Cardboard Costume Mask,active,Style,Ready Cut,Fitting,Elastic,FOXY-MASK-JEY-USO-CELEBRITY-FACE-MASK-WWE-WRES-RC-E,2.99,continue,,manual,TRUE,TRUE,90
jey-uso-celebrity-face-mask-wwe-wrestling-star-fancy-dress-costume-prop-for-sports-party-hen-stag-do-accessory,,,,Ready Cut,,Stick,FOXY-MASK-JEY-USO-CELEBRITY-FACE-MASK-WWE-WRES-RC-S,3.49,continue,,manual,TRUE,TRUE,90
jey-uso-celebrity-face-mask-wwe-wrestling-star-fancy-dress-costume-prop-for-sports-party-hen-stag-do-accessory,,,,DIY,,Elastic,FOXY-MASK-JEY-USO-CELEBRITY-FACE-MASK-WWE-WRES-DIY-E,1.50,continue,,manual,TRUE,TRUE,90
jey-uso-celebrity-face-mask-wwe-wrestling-star-fancy-dress-costume-prop-for-sports-party-hen-stag-do-accessory,,,,DIY,,Stick,FOXY-MASK-JEY-USO-CELEBRITY-FACE-MASK-WWE-WRES-DIY-S,2.00,continue,,manual,TRUE,TRUE,90
jordynne-grace-celebrity-face-mask-wwe-wrestling-star-fancy-dress-costume-prop-for-sports-party-hen-stag-do-accessory,Jordynne Grace Face Mask – Fancy Dress Cardboard Costume Mask,active,Style,Ready Cut,Fitting,Elastic,FOXY-MASK-JORDYNNE-GRACE-CELEBRITY-FACE-MASK-W-RC-E,2.99,continue,,manual,TRUE,TRUE,90
jordynne-grace-celebrity-face-mask-wwe-wrestling-star-fancy-dress-costume-prop-for-sports-party-hen-stag-do-accessory,,,,Ready Cut,,Stick,FOXY-MASK-JORDYNNE-GRACE-CELEBRITY-FACE-MASK-W-RC-S,3.49,continue,,manual,TRUE,TRUE,90
jordynne-grace-celebrity-face-mask-wwe-wrestling-star-fancy-dress-costume-prop-for-sports-party-hen-stag-do-accessory,,,,DIY,,Elastic,FOXY-MASK-JORDYNNE-GRACE-CELEBRITY-FACE-MASK-W-DIY-E,1.50,continue,,manual,TRUE,TRUE,90
jordynne-grace-celebrity-face-mask-wwe-wrestling-star-fancy-dress-costume-prop-for-sports-party-hen-stag-do-accessory,,,,DIY,,Stick,FOXY-MASK-JORDYNNE-GRACE-CELEBRITY-FACE-MASK-W-DIY-S,2.00,continue,,manual,TRUE,TRUE,90
kevin-owens-celebrity-face-mask-wwe-wrestling-star-fancy-dress-costume-prop-for-sports-party-hen-stag-do-accessory,Kevin Owens Face Mask – Fancy Dress Cardboard Costume Mask,active,Style,Ready Cut,Fitting,Elastic,FOXY-MASK-KEVIN-OWENS-CELEBRITY-FACE-MASK-WWE-RC-E,2.99,continue,,manual,TRUE,TRUE,90
kevin-owens-celebrity-face-mask-wwe-wrestling-star-fancy-dress-costume-prop-for-sports-party-hen-stag-do-accessory,,,,Ready Cut,,Stick,FOXY-MASK-KEVIN-OWENS-CELEBRITY-FACE-MASK-WWE-RC-S,3.49,continue,,manual,TRUE,TRUE,90
kevin-owens-celebrity-face-mask-wwe-wrestling-star-fancy-dress-costume-prop-for-sports-party-hen-stag-do-accessory,,,,DIY,,Elastic,FOXY-MASK-KEVIN-OWENS-CELEBRITY-FACE-MASK-WWE-DIY-E,1.50,continue,,manual,TRUE,TRUE,90
kevin-owens-celebrity-face-mask-wwe-wrestling-star-fancy-dress-costume-prop-for-sports-party-hen-stag-do-accessory,,,,DIY,,Stick,FOXY-MASK-KEVIN-OWENS-CELEBRITY-FACE-MASK-WWE-DIY-S,2.00,continue,,manual,TRUE,TRUE,90
la-knight-celebrity-face-mask-wwe-wrestling-star-fancy-dress-costume-prop-for-sports-party-hen-stag-do-accessory,LA Knight Face Mask – Fancy Dress Cardboard Costume Mask,active,Style,Ready Cut,Fitting,Elastic,FOXY-MASK-LA-KNIGHT-CELEBRITY-FACE-MASK-WWE-WR-RC-E,2.99,continue,,manual,TRUE,TRUE,90
la-knight-celebrity-face-mask-wwe-wrestling-star-fancy-dress-costume-prop-for-sports-party-hen-stag-do-accessory,,,,Ready Cut,,Stick,FOXY-MASK-LA-KNIGHT-CELEBRITY-FACE-MASK-WWE-WR-RC-S,3.49,continue,,manual,TRUE,TRUE,90
la-knight-celebrity-face-mask-wwe-wrestling-star-fancy-dress-costume-prop-for-sports-party-hen-stag-do-accessory,,,,DIY,,Elastic,FOXY-MASK-LA-KNIGHT-CELEBRITY-FACE-MASK-WWE-WR-DIY-E,1.50,continue,,manual,TRUE,TRUE,90
la-knight-celebrity-face-mask-wwe-wrestling-star-fancy-dress-costume-prop-for-sports-party-hen-stag-do-accessory,,,,DIY,,Stick,FOXY-MASK-LA-KNIGHT-CELEBRITY-FACE-MASK-WWE-WR-DIY-S,2.00,continue,,manual,TRUE,TRUE,90
liv-morgan-celebrity-face-mask-wwe-wrestling-star-fancy-dress-costume-prop-for-sports-party-hen-stag-do-accessory,Liv Morgan Face Mask – Fancy Dress Cardboard Costume Mask,active,Style,Ready Cut,Fitting,Elastic,FOXY-MASK-LIV-MORGAN-CELEBRITY-FACE-MASK-WWE-W-RC-E,2.99,continue,,manual,TRUE,TRUE,90
liv-morgan-celebrity-face-mask-wwe-wrestling-star-fancy-dress-costume-prop-for-sports-party-hen-stag-do-accessory,,,,Ready Cut,,Stick,FOXY-MASK-LIV-MORGAN-CELEBRITY-FACE-MASK-WWE-W-RC-S,3.49,continue,,manual,TRUE,TRUE,90
liv-morgan-celebrity-face-mask-wwe-wrestling-star-fancy-dress-costume-prop-for-sports-party-hen-stag-do-accessory,,,,DIY,,Elastic,FOXY-MASK-LIV-MORGAN-CELEBRITY-FACE-MASK-WWE-W-DIY-E,1.50,continue,,manual,TRUE,TRUE,90
liv-morgan-celebrity-face-mask-wwe-wrestling-star-fancy-dress-costume-prop-for-sports-party-hen-stag-do-accessory,,,,DIY,,Stick,FOXY-MASK-LIV-MORGAN-CELEBRITY-FACE-MASK-WWE-W-DIY-S,2.00,continue,,manual,TRUE,TRUE,90
ludwig-kaiser-celebrity-face-mask-wwe-wrestling-star-fancy-dress-costume-prop-for-sports-party-hen-stag-do-accessory,Ludwig Kaiser Face Mask – Fancy Dress Cardboard Costume Mask,active,Style,Ready Cut,Fitting,Elastic,FOXY-MASK-LUDWIG-KAISER-CELEBRITY-FACE-MASK-WW-RC-E,2.99,continue,,manual,TRUE,TRUE,90
ludwig-kaiser-celebrity-face-mask-wwe-wrestling-star-fancy-dress-costume-prop-for-sports-party-hen-stag-do-accessory,,,,Ready Cut,,Stick,FOXY-MASK-LUDWIG-KAISER-CELEBRITY-FACE-MASK-WW-RC-S,3.49,continue,,manual,TRUE,TRUE,90
ludwig-kaiser-celebrity-face-mask-wwe-wrestling-star-fancy-dress-costume-prop-for-sports-party-hen-stag-do-accessory,,,,DIY,,Elastic,FOXY-MASK-LUDWIG-KAISER-CELEBRITY-FACE-MASK-WW-DIY-E,1.50,continue,,manual,TRUE,TRUE,90
ludwig-kaiser-celebrity-face-mask-wwe-wrestling-star-fancy-dress-costume-prop-for-sports-party-hen-stag-do-accessory,,,,DIY,,Stick,FOXY-MASK-LUDWIG-KAISER-CELEBRITY-FACE-MASK-WW-DIY-S,2.00,continue,,manual,TRUE,TRUE,90
naomi-celebrity-face-mask-wwe-wrestling-star-fancy-dress-costume-prop-for-sports-party-hen-stag-do-accessory,Naomi Face Mask – Fancy Dress Cardboard Costume Mask,active,Style,Ready Cut,Fitting,Elastic,Foxy-Mask-Naomi-RC-E,2.99,continue,,manual,TRUE,TRUE,90
naomi-celebrity-face-mask-wwe-wrestling-star-fancy-dress-costume-prop-for-sports-party-hen-stag-do-accessory,,,,Ready Cut,,Stick,Foxy-Mask-Naomi-RC-S,3.49,continue,,manual,TRUE,TRUE,90
naomi-celebrity-face-mask-wwe-wrestling-star-fancy-dress-costume-prop-for-sports-party-hen-stag-do-accessory,,,,DIY,,Elastic,Foxy-Mask-Naomi-DIY-E,1.50,continue,,manual,TRUE,TRUE,90
naomi-celebrity-face-mask-wwe-wrestling-star-fancy-dress-costume-prop-for-sports-party-hen-stag-do-accessory,,,,DIY,,Stick,Foxy-Mask-Naomi-DIY-S,2.00,continue,,manual,TRUE,TRUE,90
nia-jax-celebrity-face-mask-wwe-wrestling-star-fancy-dress-costume-prop-for-sports-party-hen-stag-do-accessory,Nia Jax Face Mask – Fancy Dress Cardboard Costume Mask,active,Style,Ready Cut,Fitting,Elastic,FOXY-MASK-NIA-JAX-CELEBRITY-FACE-MASK-WWE-WRES-RC-E,2.99,continue,,manual,TRUE,TRUE,90
nia-jax-celebrity-face-mask-wwe-wrestling-star-fancy-dress-costume-prop-for-sports-party-hen-stag-do-accessory,,,,Ready Cut,,Stick,FOXY-MASK-NIA-JAX-CELEBRITY-FACE-MASK-WWE-WRES-RC-S,3.49,continue,,manual,TRUE,TRUE,90
nia-jax-celebrity-face-mask-wwe-wrestling-star-fancy-dress-costume-prop-for-sports-party-hen-stag-do-accessory,,,,DIY,,Elastic,FOXY-MASK-NIA-JAX-CELEBRITY-FACE-MASK-WWE-WRES-DIY-E,1.50,continue,,manual,TRUE,TRUE,90
nia-jax-celebrity-face-mask-wwe-wrestling-star-fancy-dress-costume-prop-for-sports-party-hen-stag-do-accessory,,,,DIY,,Stick,FOXY-MASK-NIA-JAX-CELEBRITY-FACE-MASK-WWE-WRES-DIY-S,2.00,continue,,manual,TRUE,TRUE,90
penta-celebrity-face-mask-wwe-wrestling-star-fancy-dress-costume-prop-for-sports-party-hen-stag-do-accessory,Penta Face Mask – Fancy Dress Cardboard Costume Mask,active,Style,Ready Cut,Fitting,Elastic,Foxy-Mask-Penta-RC-E,2.99,continue,,manual,TRUE,TRUE,90
penta-celebrity-face-mask-wwe-wrestling-star-fancy-dress-costume-prop-for-sports-party-hen-stag-do-accessory,,,,Ready Cut,,Stick,Foxy-Mask-Penta-RC-S,3.49,continue,,manual,TRUE,TRUE,90
penta-celebrity-face-mask-wwe-wrestling-star-fancy-dress-costume-prop-for-sports-party-hen-stag-do-accessory,,,,DIY,,Elastic,Foxy-Mask-Penta-DIY-E,1.50,continue,,manual,TRUE,TRUE,90
penta-celebrity-face-mask-wwe-wrestling-star-fancy-dress-costume-prop-for-sports-party-hen-stag-do-accessory,,,,DIY,,Stick,Foxy-Mask-Penta-DIY-S,2.00,continue,,manual,TRUE,TRUE,90
rhea-ripley-celebrity-face-mask-wwe-wrestling-star-fancy-dress-costume-prop-for-sports-party-hen-stag-do-accessory,Rhea Ripley Face Mask – Fancy Dress Cardboard Costume Mask,active,Style,Ready Cut,Fitting,Elastic,FOXY-MASK-RHEA-RIPLEY-CELEBRITY-FACE-MASK-WWE-RC-E,2.99,continue,,manual,TRUE,TRUE,90
rhea-ripley-celebrity-face-mask-wwe-wrestling-star-fancy-dress-costume-prop-for-sports-party-hen-stag-do-accessory,,,,Ready Cut,,Stick,FOXY-MASK-RHEA-RIPLEY-CELEBRITY-FACE-MASK-WWE-RC-S,3.49,continue,,manual,TRUE,TRUE,90
rhea-ripley-celebrity-face-mask-wwe-wrestling-star-fancy-dress-costume-prop-for-sports-party-hen-stag-do-accessory,,,,DIY,,Elastic,FOXY-MASK-RHEA-RIPLEY-CELEBRITY-FACE-MASK-WWE-DIY-E,1.50,continue,,manual,TRUE,TRUE,90
rhea-ripley-celebrity-face-mask-wwe-wrestling-star-fancy-dress-costume-prop-for-sports-party-hen-stag-do-accessory,,,,DIY,,Stick,FOXY-MASK-RHEA-RIPLEY-CELEBRITY-FACE-MASK-WWE-DIY-S,2.00,continue,,manual,TRUE,TRUE,90
roman-reigns-celebrity-face-mask-wwe-wrestling-star-fancy-dress-costume-prop-for-sports-party-hen-stag-do-accessory,Roman Reigns Face Mask – Fancy Dress Cardboard Costume Mask,active,Style,Ready Cut,Fitting,Elastic,FOXY-MASK-ROMAN-REIGNS-CELEBRITY-FACE-MASK-WWE-RC-E,2.99,continue,,manual,TRUE,TRUE,90
roman-reigns-celebrity-face-mask-wwe-wrestling-star-fancy-dress-costume-prop-for-sports-party-hen-stag-do-accessory,,,,Ready Cut,,Stick,FOXY-MASK-ROMAN-REIGNS-CELEBRITY-FACE-MASK-WWE-RC-S,3.49,continue,,manual,TRUE,TRUE,90
roman-reigns-celebrity-face-mask-wwe-wrestling-star-fancy-dress-costume-prop-for-sports-party-hen-stag-do-accessory,,,,DIY,,Elastic,FOXY-MASK-ROMAN-REIGNS-CELEBRITY-FACE-MASK-WWE-DIY-E,1.50,continue,,manual,TRUE,TRUE,90
roman-reigns-celebrity-face-mask-wwe-wrestling-star-fancy-dress-costume-prop-for-sports-party-hen-stag-do-accessory,,,,DIY,,Stick,FOXY-MASK-ROMAN-REIGNS-CELEBRITY-FACE-MASK-WWE-DIY-S,2.00,continue,,manual,TRUE,TRUE,90
roxanne-perez-celebrity-face-mask-wwe-wrestling-star-fancy-dress-costume-prop-for-sports-party-hen-stag-do-accessory,Roxanne Perez Face Mask – Fancy Dress Cardboard Costume Mask,active,Style,Ready Cut,Fitting,Elastic,FOXY-MASK-ROXANNE-PEREZ-CELEBRITY-FACE-MASK-WW-RC-E,2.99,continue,,manual,TRUE,TRUE,90
roxanne-perez-celebrity-face-mask-wwe-wrestling-star-fancy-dress-costume-prop-for-sports-party-hen-stag-do-accessory,,,,Ready Cut,,Stick,FOXY-MASK-ROXANNE-PEREZ-CELEBRITY-FACE-MASK-WW-RC-S,3.49,continue,,manual,TRUE,TRUE,90
roxanne-perez-celebrity-face-mask-wwe-wrestling-star-fancy-dress-costume-prop-for-sports-party-hen-stag-do-accessory,,,,DIY,,Elastic,FOXY-MASK-ROXANNE-PEREZ-CELEBRITY-FACE-MASK-WW-DIY-E,1.50,continue,,manual,TRUE,TRUE,90
roxanne-perez-celebrity-face-mask-wwe-wrestling-star-fancy-dress-costume-prop-for-sports-party-hen-stag-do-accessory,,,,DIY,,Stick,FOXY-MASK-ROXANNE-PEREZ-CELEBRITY-FACE-MASK-WW-DIY-S,2.00,continue,,manual,TRUE,TRUE,90
sami-zayn-celebrity-face-mask-wwe-wrestling-star-fancy-dress-costume-prop-for-sports-party-hen-stag-do-accessory,Sami Zayn Face Mask – Fancy Dress Cardboard Costume Mask,active,Style,Ready Cut,Fitting,Elastic,FOXY-MASK-SAMI-ZAYN-CELEBRITY-FACE-MASK-WWE-WR-RC-E,2.99,continue,,manual,TRUE,TRUE,90
sami-zayn-celebrity-face-mask-wwe-wrestling-star-fancy-dress-costume-prop-for-sports-party-hen-stag-do-accessory,,,,Ready Cut,,Stick,FOXY-MASK-SAMI-ZAYN-CELEBRITY-FACE-MASK-WWE-WR-RC-S,3.49,continue,,manual,TRUE,TRUE,90
sami-zayn-celebrity-face-mask-wwe-wrestling-star-fancy-dress-costume-prop-for-sports-party-hen-stag-do-accessory,,,,DIY,,Elastic,FOXY-MASK-SAMI-ZAYN-CELEBRITY-FACE-MASK-WWE-WR-DIY-E,1.50,continue,,manual,TRUE,TRUE,90
sami-zayn-celebrity-face-mask-wwe-wrestling-star-fancy-dress-costume-prop-for-sports-party-hen-stag-do-accessory,,,,DIY,,Stick,FOXY-MASK-SAMI-ZAYN-CELEBRITY-FACE-MASK-WWE-WR-DIY-S,2.00,continue,,manual,TRUE,TRUE,90
seth-rollins-celebrity-face-mask-wwe-wrestling-star-fancy-dress-costume-prop-for-sports-party-hen-stag-do-accessory,Seth Rollins Face Mask – Fancy Dress Cardboard Costume Mask,active,Style,Ready Cut,Fitting,Elastic,FOXY-MASK-SETH-ROLLINS-CELEBRITY-FACE-MASK-WWE-RC-E,2.99,continue,,manual,TRUE,TRUE,90
seth-rollins-celebrity-face-mask-wwe-wrestling-star-fancy-dress-costume-prop-for-sports-party-hen-stag-do-accessory,,,,Ready Cut,,Stick,FOXY-MASK-SETH-ROLLINS-CELEBRITY-FACE-MASK-WWE-RC-S,3.49,continue,,manual,TRUE,TRUE,90
seth-rollins-celebrity-face-mask-wwe-wrestling-star-fancy-dress-costume-prop-for-sports-party-hen-stag-do-accessory,,,,DIY,,Elastic,FOXY-MASK-SETH-ROLLINS-CELEBRITY-FACE-MASK-WWE-DIY-E,1.50,continue,,manual,TRUE,TRUE,90
seth-rollins-celebrity-face-mask-wwe-wrestling-star-fancy-dress-costume-prop-for-sports-party-hen-stag-do-accessory,,,,DIY,,Stick,FOXY-MASK-SETH-ROLLINS-CELEBRITY-FACE-MASK-WWE-DIY-S,2.00,continue,,manual,TRUE,TRUE,90
sheamus-celebrity-face-mask-wwe-wrestling-star-fancy-dress-costume-prop-for-sports-party-hen-stag-do-accessory,Sheamus Face Mask – Fancy Dress Cardboard Costume Mask,active,Style,Ready Cut,Fitting,Elastic,Foxy-Mask-Sheamus-RC-E,2.99,continue,,manual,TRUE,TRUE,90
sheamus-celebrity-face-mask-wwe-wrestling-star-fancy-dress-costume-prop-for-sports-party-hen-stag-do-accessory,,,,Ready Cut,,Stick,Foxy-Mask-Sheamus-RC-S,3.49,continue,,manual,TRUE,TRUE,90
sheamus-celebrity-face-mask-wwe-wrestling-star-fancy-dress-costume-prop-for-sports-party-hen-stag-do-accessory,,,,DIY,,Elastic,Foxy-Mask-Sheamus-DIY-E,1.50,continue,,manual,TRUE,TRUE,90
sheamus-celebrity-face-mask-wwe-wrestling-star-fancy-dress-costume-prop-for-sports-party-hen-stag-do-accessory,,,,DIY,,Stick,Foxy-Mask-Sheamus-DIY-S,2.00,continue,,manual,TRUE,TRUE,90
tiffany-stratton-celebrity-face-mask-wwe-wrestling-star-fancy-dress-costume-prop-for-sports-party-hen-stag-do-accessory,Tiffany Stratton Face Mask – Fancy Dress Cardboard Costume Mask,active,Style,Ready Cut,Fitting,Elastic,FOXY-MASK-TIFFANY-STRATTON-CELEBRITY-FACE-MASK-RC-E,2.99,continue,,manual,TRUE,TRUE,90
tiffany-stratton-celebrity-face-mask-wwe-wrestling-star-fancy-dress-costume-prop-for-sports-party-hen-stag-do-accessory,,,,Ready Cut,,Stick,FOXY-MASK-TIFFANY-STRATTON-CELEBRITY-FACE-MASK-RC-S,3.49,continue,,manual,TRUE,TRUE,90
tiffany-stratton-celebrity-face-mask-wwe-wrestling-star-fancy-dress-costume-prop-for-sports-party-hen-stag-do-accessory,,,,DIY,,Elastic,FOXY-MASK-TIFFANY-STRATTON-CELEBRITY-FACE-MASK-DIY-E,1.50,continue,,manual,TRUE,TRUE,90
tiffany-stratton-celebrity-face-mask-wwe-wrestling-star-fancy-dress-costume-prop-for-sports-party-hen-stag-do-accessory,,,,DIY,,Stick,FOXY-MASK-TIFFANY-STRATTON-CELEBRITY-FACE-MASK-DIY-S,2.00,continue,,manual,TRUE,TRUE,90
fleece-johnson-fancy-dress-cardboard-celebrity-face-mask,Fleece Johnson Face Mask – Fancy Dress Cardboard Costume Mask,active,Style,Ready Cut,Fitting,Elastic,FOXY-MASK-LIONESS-FLEECE-RC-E,2.99,continue,,manual,TRUE,TRUE,90
fleece-johnson-fancy-dress-cardboard-celebrity-face-mask,,,,Ready Cut,,Stick,FOXY-MASK-LIONESS-FLEECE-RC-S,3.49,continue,,manual,TRUE,TRUE,90
fleece-johnson-fancy-dress-cardboard-celebrity-face-mask,,,,DIY,,Elastic,FOXY-MASK-LIONESS-FLEECE-DIY-E,1.50,continue,,manual,TRUE,TRUE,90
fleece-johnson-fancy-dress-cardboard-celebrity-face-mask,,,,DIY,,Stick,FOXY-MASK-LIONESS-FLEECE-DIY-S,2.00,continue,,manual,TRUE,TRUE,90
foxyprinting-rob-edwards-wolves-manager-face-mask-celebrity-cardboard-fancy-dress-mask-party-costume-accessory-for-football-events-stag-hen-do-match-day-pre-cut-with-elastic-strap,Rob Edwards Face Mask – Fancy Dress Cardboard Costume Mask,active,Style,Ready Cut,Fitting,Elastic,Foxy-Mask-RobEdwards-RC-E,2.99,continue,,manual,TRUE,TRUE,
foxyprinting-rob-edwards-wolves-manager-face-mask-celebrity-cardboard-fancy-dress-mask-party-costume-accessory-for-football-events-stag-hen-do-match-day-pre-cut-with-elastic-strap,,,,Ready Cut,,Stick,Foxy-Mask-RobEdwards-RC-S,3.49,continue,,manual,TRUE,TRUE,
foxyprinting-rob-edwards-wolves-manager-face-mask-celebrity-cardboard-fancy-dress-mask-party-costume-accessory-for-football-events-stag-hen-do-match-day-pre-cut-with-elastic-strap,,,,DIY,,Elastic,Foxy-Mask-RobEdwards-DIY-E,1.50,continue,,manual,TRUE,TRUE,
foxyprinting-rob-edwards-wolves-manager-face-mask-celebrity-cardboard-fancy-dress-mask-party-costume-accessory-for-football-events-stag-hen-do-match-day-pre-cut-with-elastic-strap,,,,DIY,,Stick,Foxy-Mask-RobEdwards-DIY-S,2.00,continue,,manual,TRUE,TRUE,
foxyprinting-the-grabber-silent-halloween-cardboard-face-mask-scary-horned-horror-mask-with-creepy-expression-costume-party-accessory-for-halloween-cosplay-fancy-dress,FoxyPrinting The Grabber “Silent” Halloween Cardboard Face Mask – Scary Horned Horror Mask with Creepy Expression,active,Style,Ready Cut,Fitting,Elastic,Foxy-Mask-TheGrabberSilent-RC-E,2.99,continue,,manual,TRUE,TRUE,
foxyprinting-the-grabber-silent-halloween-cardboard-face-mask-scary-horned-horror-mask-with-creepy-expression-costume-party-accessory-for-halloween-cosplay-fancy-dress,,,,Ready Cut,,Stick,Foxy-Mask-TheGrabberSilent-RC-S,3.49,continue,,manual,TRUE,TRUE,
foxyprinting-the-grabber-silent-halloween-cardboard-face-mask-scary-horned-horror-mask-with-creepy-expression-costume-party-accessory-for-halloween-cosplay-fancy-dress,,,,DIY,,Elastic,Foxy-Mask-TheGrabberSilent-DIY-E,1.50,continue,,manual,TRUE,TRUE,
foxyprinting-the-grabber-silent-halloween-cardboard-face-mask-scary-horned-horror-mask-with-creepy-expression-costume-party-accessory-for-halloween-cosplay-fancy-dress,,,,DIY,,Stick,Foxy-Mask-TheGrabberSilent-DIY-S,2.00,continue,,manual,TRUE,TRUE,
the-grabber-frown-halloween-cardboard-face-mask-scary-horned-horror-mask-with-angry-expression-creepy-costume-party-accessory-for-halloween-cosplay-fancy-dress,The Grabber “Frown” Halloween Cardboard Face Mask – Scary Horned Horror Mask with Angry Expression,active,Style,Ready Cut,Fitting,Elastic,Foxy-Mask-TheGrabberFrown-RC-E,2.99,continue,,manual,TRUE,TRUE,
the-grabber-frown-halloween-cardboard-face-mask-scary-horned-horror-mask-with-angry-expression-creepy-costume-party-accessory-for-halloween-cosplay-fancy-dress,,,,Ready Cut,,Stick,Foxy-Mask-TheGrabberFrown-RC-S,3.49,continue,,manual,TRUE,TRUE,
the-grabber-frown-halloween-cardboard-face-mask-scary-horned-horror-mask-with-angry-expression-creepy-costume-party-accessory-for-halloween-cosplay-fancy-dress,,,,DIY,,Elastic,Foxy-Mask-TheGrabberFrown-DIY-E,1.50,continue,,manual,TRUE,TRUE,
the-grabber-frown-halloween-cardboard-face-mask-scary-horned-horror-mask-with-angry-expression-creepy-costume-party-accessory-for-halloween-cosplay-fancy-dress,,,,DIY,,Stick,Foxy-Mask-TheGrabberFrown-DIY-S,2.00,continue,,manual,TRUE,TRUE,
the-grabber-grin-halloween-cardboard-face-mask-scary-horror-mask-with-horns-evil-grin-creepy-costume-party-accessory-for-halloween-cosplay-events,"The Grabber ""Grin"" Halloween Cardboard Face Mask – Scary Horror Mask with Horns & Evil Grin",active,Style,Ready Cut,Fitting,Elastic,Foxy-Mask-TheGrabber-RC-E,2.99,continue,,manual,TRUE,TRUE,
the-grabber-grin-halloween-cardboard-face-mask-scary-horror-mask-with-horns-evil-grin-creepy-costume-party-accessory-for-halloween-cosplay-events,,,,Ready Cut,,Stick,Foxy-Mask-TheGrabber-RC-S,3.49,continue,,manual,TRUE,TRUE,
the-grabber-grin-halloween-cardboard-face-mask-scary-horror-mask-with-horns-evil-grin-creepy-costume-party-accessory-for-halloween-cosplay-events,,,,DIY,,Elastic,Foxy-Mask-TheGrabber-DIY-E,1.50,continue,,manual,TRUE,TRUE,
the-grabber-grin-halloween-cardboard-face-mask-scary-horror-mask-with-horns-evil-grin-creepy-costume-party-accessory-for-halloween-cosplay-events,,,,DIY,,Stick,Foxy-Mask-TheGrabber-DIY-S,2.00,continue,,manual,TRUE,TRUE,
ed-gein-face-mask-realistic-cardboard-celebrity-mask-for-stag-do-hen-do-fancy-dress-costume-parties-fun-party-disguise,Ed Gein Face Mask – Fancy Dress Cardboard Costume Mask,archived,Style,Ready Cut,Fitting,Elastic,Foxy-Mask-EdGein-RC-E,2.99,continue,,manual,TRUE,TRUE,
ed-gein-face-mask-realistic-cardboard-celebrity-mask-for-stag-do-hen-do-fancy-dress-costume-parties-fun-party-disguise,,,,Ready Cut,,Stick,Foxy-Mask-EdGein-RC-S,3.49,continue,,manual,TRUE,TRUE,
ed-gein-face-mask-realistic-cardboard-celebrity-mask-for-stag-do-hen-do-fancy-dress-costume-parties-fun-party-disguise,,,,DIY,,Elastic,Foxy-Mask-EdGein-DIY-E,1.50,continue,,manual,TRUE,TRUE,
ed-gein-face-mask-realistic-cardboard-celebrity-mask-for-stag-do-hen-do-fancy-dress-costume-parties-fun-party-disguise,,,,DIY,,Stick,Foxy-Mask-EdGein-DIY-S,2.00,continue,,manual,TRUE,TRUE,
foxyprinting-jeffrey-dahmer-face-mask-realistic-cardboard-celebrity-mask-for-stag-do-hen-do-fancy-dress-costume-parties-fun-party-disguise,Jeffrey Dahmer Face Mask – Fancy Dress Cardboard Costume Mask,archived,Style,Ready Cut,Fitting,Elastic,Foxy-Mask-JeffreyDahmer-RC-E,2.99,continue,,manual,TRUE,TRUE,
foxyprinting-jeffrey-dahmer-face-mask-realistic-cardboard-celebrity-mask-for-stag-do-hen-do-fancy-dress-costume-parties-fun-party-disguise,,,,Ready Cut,,Stick,Foxy-Mask-JeffreyDahmer-RC-S,3.49,continue,,manual,TRUE,TRUE,
foxyprinting-jeffrey-dahmer-face-mask-realistic-cardboard-celebrity-mask-for-stag-do-hen-do-fancy-dress-costume-parties-fun-party-disguise,,,,DIY,,Elastic,Foxy-Mask-JeffreyDahmer-DIY-E,1.50,continue,,manual,TRUE,TRUE,
foxyprinting-jeffrey-dahmer-face-mask-realistic-cardboard-celebrity-mask-for-stag-do-hen-do-fancy-dress-costume-parties-fun-party-disguise,,,,DIY,,Stick,Foxy-Mask-JeffreyDahmer-DIY-S,2.00,continue,,manual,TRUE,TRUE,
adin-ross-face-mask-realistic-cardboard-celebrity-mask-for-stag-do-hen-do-fancy-dress-costume-parties-fun-party-disguise-copy,Adin Ross Face Mask – Fancy Dress Cardboard Costume Mask,active,Style,Ready Cut,Fitting,Elastic,FOXY-MASK-ADIN-ROSS-REALISTIC-RC-E,2.99,continue,,manual,TRUE,TRUE,
adin-ross-face-mask-realistic-cardboard-celebrity-mask-for-stag-do-hen-do-fancy-dress-costume-parties-fun-party-disguise-copy,,,,Ready Cut,,Stick,FOXY-MASK-ADIN-ROSS-REALISTIC-RC-S,3.49,continue,,manual,TRUE,TRUE,
adin-ross-face-mask-realistic-cardboard-celebrity-mask-for-stag-do-hen-do-fancy-dress-costume-parties-fun-party-disguise-copy,,,,DIY,,Elastic,FOXY-MASK-ADIN-ROSS-REALISTIC-DIY-E,1.50,continue,,manual,TRUE,TRUE,
adin-ross-face-mask-realistic-cardboard-celebrity-mask-for-stag-do-hen-do-fancy-dress-costume-parties-fun-party-disguise-copy,,,,DIY,,Stick,FOXY-MASK-ADIN-ROSS-REALISTIC-DIY-S,2.00,continue,,manual,TRUE,TRUE,
angry-ginge-face-mask-realistic-cardboard-celebrity-mask-for-stag-do-hen-do-fancy-dress-costume-parties-fun-party-disguise-copy-copy,Angry Ginge Face Mask – Fancy Dress Cardboard Costume Mask,active,Style,Ready Cut,Fitting,Elastic,FOXY-MASK-ANGRY-GINGE-REALISTIC-RC-E,2.99,continue,,manual,TRUE,TRUE,
angry-ginge-face-mask-realistic-cardboard-celebrity-mask-for-stag-do-hen-do-fancy-dress-costume-parties-fun-party-disguise-copy-copy,,,,Ready Cut,,Stick,FOXY-MASK-ANGRY-GINGE-REALISTIC-RC-S,3.49,continue,,manual,TRUE,TRUE,
angry-ginge-face-mask-realistic-cardboard-celebrity-mask-for-stag-do-hen-do-fancy-dress-costume-parties-fun-party-disguise-copy-copy,,,,DIY,,Elastic,FOXY-MASK-ANGRY-GINGE-REALISTIC-DIY-E,1.50,continue,,manual,TRUE,TRUE,
angry-ginge-face-mask-realistic-cardboard-celebrity-mask-for-stag-do-hen-do-fancy-dress-costume-parties-fun-party-disguise-copy-copy,,,,DIY,,Stick,FOXY-MASK-ANGRY-GINGE-REALISTIC-DIY-S,2.00,continue,,manual,TRUE,TRUE,
behzinga-sidemen-face-mask-realistic-cardboard-celebrity-mask-for-stag-do-hen-do-fancy-dress-costume-parties-fun-party-disguise-copy,Behzinga Face Mask – Fancy Dress Cardboard Costume Mask,active,Style,Ready Cut,Fitting,Elastic,FOXY-MASK-BEHZINGA-SIDEMEN-REALISTIC-RC-E,2.99,continue,,manual,TRUE,TRUE,
behzinga-sidemen-face-mask-realistic-cardboard-celebrity-mask-for-stag-do-hen-do-fancy-dress-costume-parties-fun-party-disguise-copy,,,,Ready Cut,,Stick,FOXY-MASK-BEHZINGA-SIDEMEN-REALISTIC-RC-S,3.49,continue,,manual,TRUE,TRUE,
behzinga-sidemen-face-mask-realistic-cardboard-celebrity-mask-for-stag-do-hen-do-fancy-dress-costume-parties-fun-party-disguise-copy,,,,DIY,,Elastic,FOXY-MASK-BEHZINGA-SIDEMEN-REALISTIC-DIY-E,1.50,continue,,manual,TRUE,TRUE,
behzinga-sidemen-face-mask-realistic-cardboard-celebrity-mask-for-stag-do-hen-do-fancy-dress-costume-parties-fun-party-disguise-copy,,,,DIY,,Stick,FOXY-MASK-BEHZINGA-SIDEMEN-REALISTIC-DIY-S,2.00,continue,,manual,TRUE,TRUE,
bella-poarch-face-mask-realistic-cardboard-celebrity-mask-for-stag-do-hen-do-fancy-dress-costume-parties-fun-party-disguise-copy-copy,Bella Poarch Face Mask – Fancy Dress Cardboard Costume Mask,active,Style,Ready Cut,Fitting,Elastic,FOXY-MASK-BELLA-POARCH-REALISTIC-RC-E,2.99,continue,,manual,TRUE,TRUE,
bella-poarch-face-mask-realistic-cardboard-celebrity-mask-for-stag-do-hen-do-fancy-dress-costume-parties-fun-party-disguise-copy-copy,,,,Ready Cut,,Stick,FOXY-MASK-BELLA-POARCH-REALISTIC-RC-S,3.49,continue,,manual,TRUE,TRUE,
bella-poarch-face-mask-realistic-cardboard-celebrity-mask-for-stag-do-hen-do-fancy-dress-costume-parties-fun-party-disguise-copy-copy,,,,DIY,,Elastic,FOXY-MASK-BELLA-POARCH-REALISTIC-DIY-E,1.50,continue,,manual,TRUE,TRUE,
bella-poarch-face-mask-realistic-cardboard-celebrity-mask-for-stag-do-hen-do-fancy-dress-costume-parties-fun-party-disguise-copy-copy,,,,DIY,,Stick,FOXY-MASK-BELLA-POARCH-REALISTIC-DIY-S,2.00,continue,,manual,TRUE,TRUE,
bianca-censori-face-mask-realistic-cardboard-celebrity-mask-for-stag-do-hen-do-fancy-dress-costume-parties-fun-party-disguise-copy-copy-copy,Bianca Censori Face Mask – Fancy Dress Cardboard Costume Mask,active,Style,Ready Cut,Fitting,Elastic,FOXY-MASK-BIANCA-CENSORI-REALISTIC-RC-E,2.99,continue,,manual,TRUE,TRUE,
bianca-censori-face-mask-realistic-cardboard-celebrity-mask-for-stag-do-hen-do-fancy-dress-costume-parties-fun-party-disguise-copy-copy-copy,,,,Ready Cut,,Stick,FOXY-MASK-BIANCA-CENSORI-REALISTIC-RC-S,3.49,continue,,manual,TRUE,TRUE,
bianca-censori-face-mask-realistic-cardboard-celebrity-mask-for-stag-do-hen-do-fancy-dress-costume-parties-fun-party-disguise-copy-copy-copy,,,,DIY,,Elastic,FOXY-MASK-BIANCA-CENSORI-REALISTIC-DIY-E,1.50,continue,,manual,TRUE,TRUE,
bianca-censori-face-mask-realistic-cardboard-celebrity-mask-for-stag-do-hen-do-fancy-dress-costume-parties-fun-party-disguise-copy-copy-copy,,,,DIY,,Stick,FOXY-MASK-BIANCA-CENSORI-REALISTIC-DIY-S,2.00,continue,,manual,TRUE,TRUE,
charles-leclerc-2025-face-mask-realistic-cardboard-celebrity-mask-for-stag-do-hen-do-fancy-dress-costume-parties-fun-party-disguise-copy,"Charles Leclerc 2025 Face Mask – Realistic Cardboard Celebrity Mask for Stag Do, Hen Do, Fancy Dress & Costume Parties – Fun Party Disguise",active,Style,Ready Cut,Fitting,Elastic,Foxy-Mask-CharlesLeclerc2025-RC-E,2.99,continue,,manual,TRUE,TRUE,
charles-leclerc-2025-face-mask-realistic-cardboard-celebrity-mask-for-stag-do-hen-do-fancy-dress-costume-parties-fun-party-disguise-copy,,,,Ready Cut,,Stick,Foxy-Mask-CharlesLeclerc2025-RC-S,3.49,continue,,manual,TRUE,TRUE,
charles-leclerc-2025-face-mask-realistic-cardboard-celebrity-mask-for-stag-do-hen-do-fancy-dress-costume-parties-fun-party-disguise-copy,,,,DIY,,Elastic,Foxy-Mask-CharlesLeclerc2025-DIY-E,1.50,continue,,manual,TRUE,TRUE,
charles-leclerc-2025-face-mask-realistic-cardboard-celebrity-mask-for-stag-do-hen-do-fancy-dress-costume-parties-fun-party-disguise-copy,,,,DIY,,Stick,Foxy-Mask-CharlesLeclerc2025-DIY-S,2.00,continue,,manual,TRUE,TRUE,
chris-evans-2025-face-mask-realistic-cardboard-celebrity-mask-for-stag-do-hen-do-fancy-dress-costume-parties-fun-party-disguise-copy,"Chris Evans 2025 Face Mask – Realistic Cardboard Celebrity Mask for Stag Do, Hen Do, Fancy Dress & Costume Parties – Fun Party Disguise",active,Style,Ready Cut,Fitting,Elastic,Foxy-Mask-ChrisEvans2025-RC-E,2.99,continue,,manual,TRUE,TRUE,
chris-evans-2025-face-mask-realistic-cardboard-celebrity-mask-for-stag-do-hen-do-fancy-dress-costume-parties-fun-party-disguise-copy,,,,Ready Cut,,Stick,Foxy-Mask-ChrisEvans2025-RC-S,3.49,continue,,manual,TRUE,TRUE,
chris-evans-2025-face-mask-realistic-cardboard-celebrity-mask-for-stag-do-hen-do-fancy-dress-costume-parties-fun-party-disguise-copy,,,,DIY,,Elastic,Foxy-Mask-ChrisEvans2025-DIY-E,1.50,continue,,manual,TRUE,TRUE,
chris-evans-2025-face-mask-realistic-cardboard-celebrity-mask-for-stag-do-hen-do-fancy-dress-costume-parties-fun-party-disguise-copy,,,,DIY,,Stick,Foxy-Mask-ChrisEvans2025-DIY-S,2.00,continue,,manual,TRUE,TRUE,
dan-tdm-face-mask-realistic-cardboard-celebrity-mask-for-stag-do-hen-do-fancy-dress-costume-parties-fun-party-disguise,DanTDM Face Mask – Fancy Dress Cardboard Costume Mask,active,Style,Ready Cut,Fitting,Elastic,Foxy-Mask-DanTDM-RC-E,2.99,continue,,manual,TRUE,TRUE,
dan-tdm-face-mask-realistic-cardboard-celebrity-mask-for-stag-do-hen-do-fancy-dress-costume-parties-fun-party-disguise,,,,Ready Cut,,Stick,Foxy-Mask-DanTDM-RC-S,3.49,continue,,manual,TRUE,TRUE,
dan-tdm-face-mask-realistic-cardboard-celebrity-mask-for-stag-do-hen-do-fancy-dress-costume-parties-fun-party-disguise,,,,DIY,,Elastic,Foxy-Mask-DanTDM-DIY-E,1.50,continue,,manual,TRUE,TRUE,
dan-tdm-face-mask-realistic-cardboard-celebrity-mask-for-stag-do-hen-do-fancy-dress-costume-parties-fun-party-disguise,,,,DIY,,Stick,Foxy-Mask-DanTDM-DIY-S,2.00,continue,,manual,TRUE,TRUE,
ed-matthews-face-mask-realistic-cardboard-celebrity-mask-for-stag-do-hen-do-fancy-dress-costume-parties-fun-party-disguise,Ed Matthews Face Mask – Fancy Dress Cardboard Costume Mask,active,Style,Ready Cut,Fitting,Elastic,FOXY-MASK-ED-MATTHEWS-REALISTIC-RC-E,2.99,continue,,manual,TRUE,TRUE,
ed-matthews-face-mask-realistic-cardboard-celebrity-mask-for-stag-do-hen-do-fancy-dress-costume-parties-fun-party-disguise,,,,Ready Cut,,Stick,FOXY-MASK-ED-MATTHEWS-REALISTIC-RC-S,3.49,continue,,manual,TRUE,TRUE,
ed-matthews-face-mask-realistic-cardboard-celebrity-mask-for-stag-do-hen-do-fancy-dress-costume-parties-fun-party-disguise,,,,DIY,,Elastic,FOXY-MASK-ED-MATTHEWS-REALISTIC-DIY-E,1.50,continue,,manual,TRUE,TRUE,
ed-matthews-face-mask-realistic-cardboard-celebrity-mask-for-stag-do-hen-do-fancy-dress-costume-parties-fun-party-disguise,,,,DIY,,Stick,FOXY-MASK-ED-MATTHEWS-REALISTIC-DIY-S,2.00,continue,,manual,TRUE,TRUE,
grant-horvat-realistic-cardboard-celebrity-mask-for-stag-do-hen-do-fancy-dress-costume-parties-fun-party-disguise,Grant Horvat Face Mask – Fancy Dress Cardboard Costume Mask,active,Style,Ready Cut,Fitting,Elastic,FOXY-MASK-GRANT-HORVAT-REALISTIC-RC-E,2.99,continue,,manual,TRUE,TRUE,
grant-horvat-realistic-cardboard-celebrity-mask-for-stag-do-hen-do-fancy-dress-costume-parties-fun-party-disguise,,,,Ready Cut,,Stick,FOXY-MASK-GRANT-HORVAT-REALISTIC-RC-S,3.49,continue,,manual,TRUE,TRUE,
grant-horvat-realistic-cardboard-celebrity-mask-for-stag-do-hen-do-fancy-dress-costume-parties-fun-party-disguise,,,,DIY,,Elastic,FOXY-MASK-GRANT-HORVAT-REALISTIC-DIY-E,1.50,continue,,manual,TRUE,TRUE,
grant-horvat-realistic-cardboard-celebrity-mask-for-stag-do-hen-do-fancy-dress-costume-parties-fun-party-disguise,,,,DIY,,Stick,FOXY-MASK-GRANT-HORVAT-REALISTIC-DIY-S,2.00,continue,,manual,TRUE,TRUE,
harry-sidemen-realistic-cardboard-celebrity-mask-for-stag-do-hen-do-fancy-dress-costume-parties-fun-party-disguise,Harry Face Mask – Fancy Dress Cardboard Costume Mask,active,Style,Ready Cut,Fitting,Elastic,FOXY-MASK-HARRY-SIDEMEN-REALISTIC-RC-E,2.99,continue,,manual,TRUE,TRUE,
harry-sidemen-realistic-cardboard-celebrity-mask-for-stag-do-hen-do-fancy-dress-costume-parties-fun-party-disguise,,,,Ready Cut,,Stick,FOXY-MASK-HARRY-SIDEMEN-REALISTIC-RC-S,3.49,continue,,manual,TRUE,TRUE,
harry-sidemen-realistic-cardboard-celebrity-mask-for-stag-do-hen-do-fancy-dress-costume-parties-fun-party-disguise,,,,DIY,,Elastic,FOXY-MASK-HARRY-SIDEMEN-REALISTIC-DIY-E,1.50,continue,,manual,TRUE,TRUE,
harry-sidemen-realistic-cardboard-celebrity-mask-for-stag-do-hen-do-fancy-dress-costume-parties-fun-party-disguise,,,,DIY,,Stick,FOXY-MASK-HARRY-SIDEMEN-REALISTIC-DIY-S,2.00,continue,,manual,TRUE,TRUE,
hide-the-pain-harold-realistic-cardboard-celebrity-mask-for-stag-do-hen-do-fancy-dress-costume-parties-fun-party-disguise,Hide The Pain Harold Face Mask – Fancy Dress Cardboard Costume Mask,active,Style,Ready Cut,Fitting,Elastic,FOXY-MASK-HIDE-THE-PAIN-HAROLD-REALISTIC-RC-E,2.99,continue,,manual,TRUE,TRUE,
hide-the-pain-harold-realistic-cardboard-celebrity-mask-for-stag-do-hen-do-fancy-dress-costume-parties-fun-party-disguise,,,,Ready Cut,,Stick,FOXY-MASK-HIDE-THE-PAIN-HAROLD-REALISTIC-RC-S,3.49,continue,,manual,TRUE,TRUE,
hide-the-pain-harold-realistic-cardboard-celebrity-mask-for-stag-do-hen-do-fancy-dress-costume-parties-fun-party-disguise,,,,DIY,,Elastic,FOXY-MASK-HIDE-THE-PAIN-HAROLD-REALISTIC-DIY-E,1.50,continue,,manual,TRUE,TRUE,
hide-the-pain-harold-realistic-cardboard-celebrity-mask-for-stag-do-hen-do-fancy-dress-costume-parties-fun-party-disguise,,,,DIY,,Stick,FOXY-MASK-HIDE-THE-PAIN-HAROLD-REALISTIC-DIY-S,2.00,continue,,manual,TRUE,TRUE,
jack-doherty-realistic-cardboard-celebrity-mask-for-stag-do-hen-do-fancy-dress-costume-parties-fun-party-disguise,Jack Doherty Face Mask – Fancy Dress Cardboard Costume Mask,active,Style,Ready Cut,Fitting,Elastic,FOXY-MASK-JACK-DOHERTY-REALISTIC-RC-E,2.99,continue,,manual,TRUE,TRUE,
jack-doherty-realistic-cardboard-celebrity-mask-for-stag-do-hen-do-fancy-dress-costume-parties-fun-party-disguise,,,,Ready Cut,,Stick,FOXY-MASK-JACK-DOHERTY-REALISTIC-RC-S,3.49,continue,,manual,TRUE,TRUE,
jack-doherty-realistic-cardboard-celebrity-mask-for-stag-do-hen-do-fancy-dress-costume-parties-fun-party-disguise,,,,DIY,,Elastic,FOXY-MASK-JACK-DOHERTY-REALISTIC-DIY-E,1.50,continue,,manual,TRUE,TRUE,
jack-doherty-realistic-cardboard-celebrity-mask-for-stag-do-hen-do-fancy-dress-costume-parties-fun-party-disguise,,,,DIY,,Stick,FOXY-MASK-JACK-DOHERTY-REALISTIC-DIY-S,2.00,continue,,manual,TRUE,TRUE,
jake-paul-2025-realistic-cardboard-celebrity-mask-for-stag-do-hen-do-fancy-dress-costume-parties-fun-party-disguise,"Jake Paul 2025 – Realistic Cardboard Celebrity Mask for Stag Do, Hen Do, Fancy Dress & Costume Parties – Fun Party Disguise",active,Style,Ready Cut,Fitting,Elastic,Foxy-Mask-JakePaul2025-RC-E,2.99,continue,,manual,TRUE,TRUE,
jake-paul-2025-realistic-cardboard-celebrity-mask-for-stag-do-hen-do-fancy-dress-costume-parties-fun-party-disguise,,,,Ready Cut,,Stick,Foxy-Mask-JakePaul2025-RC-S,3.49,continue,,manual,TRUE,TRUE,
jake-paul-2025-realistic-cardboard-celebrity-mask-for-stag-do-hen-do-fancy-dress-costume-parties-fun-party-disguise,,,,DIY,,Elastic,Foxy-Mask-JakePaul2025-DIY-E,1.50,continue,,manual,TRUE,TRUE,
jake-paul-2025-realistic-cardboard-celebrity-mask-for-stag-do-hen-do-fancy-dress-costume-parties-fun-party-disguise,,,,DIY,,Stick,Foxy-Mask-JakePaul2025-DIY-S,2.00,continue,,manual,TRUE,TRUE,
jimmy-bullard-2025-realistic-cardboard-celebrity-mask-for-stag-do-hen-do-fancy-dress-costume-parties-fun-party-disguise,"Jimmy Bullard 2025 – Realistic Cardboard Celebrity Mask for Stag Do, Hen Do, Fancy Dress & Costume Parties – Fun Party Disguise",active,Style,Ready Cut,Fitting,Elastic,Foxy-Mask-JimmyBullard2025-RC-E,2.99,continue,,manual,TRUE,TRUE,
jimmy-bullard-2025-realistic-cardboard-celebrity-mask-for-stag-do-hen-do-fancy-dress-costume-parties-fun-party-disguise,,,,Ready Cut,,Stick,Foxy-Mask-JimmyBullard2025-RC-S,3.49,continue,,manual,TRUE,TRUE,
jimmy-bullard-2025-realistic-cardboard-celebrity-mask-for-stag-do-hen-do-fancy-dress-costume-parties-fun-party-disguise,,,,DIY,,Elastic,Foxy-Mask-JimmyBullard2025-DIY-E,1.50,continue,,manual,TRUE,TRUE,
jimmy-bullard-2025-realistic-cardboard-celebrity-mask-for-stag-do-hen-do-fancy-dress-costume-parties-fun-party-disguise,,,,DIY,,Stick,Foxy-Mask-JimmyBullard2025-DIY-S,2.00,continue,,manual,TRUE,TRUE,
joe-rogan-realistic-cardboard-celebrity-mask-for-stag-do-hen-do-fancy-dress-costume-parties-fun-party-disguise,"Joe Rogan – Realistic Cardboard Celebrity Mask for Stag Do, Hen Do, Fancy Dress & Costume Parties – Fun Party Disguise",active,Style,Ready Cut,Fitting,Elastic,FOXY-MASK-JOE-ROGAN-REALISTIC-RC-E,2.99,continue,,manual,TRUE,TRUE,
joe-rogan-realistic-cardboard-celebrity-mask-for-stag-do-hen-do-fancy-dress-costume-parties-fun-party-disguise,,,,Ready Cut,,Stick,FOXY-MASK-JOE-ROGAN-REALISTIC-RC-S,3.49,continue,,manual,TRUE,TRUE,
joe-rogan-realistic-cardboard-celebrity-mask-for-stag-do-hen-do-fancy-dress-costume-parties-fun-party-disguise,,,,DIY,,Elastic,FOXY-MASK-JOE-ROGAN-REALISTIC-DIY-E,1.50,continue,,manual,TRUE,TRUE,
joe-rogan-realistic-cardboard-celebrity-mask-for-stag-do-hen-do-fancy-dress-costume-parties-fun-party-disguise,,,,DIY,,Stick,FOXY-MASK-JOE-ROGAN-REALISTIC-DIY-S,2.00,continue,,manual,TRUE,TRUE,
khaby-lame-realistic-cardboard-celebrity-mask-for-stag-do-hen-do-fancy-dress-costume-parties-fun-party-disguise,Khaby Lame Face Mask – Fancy Dress Cardboard Costume Mask,active,Style,Ready Cut,Fitting,Elastic,FOXY-MASK-KHABY-LAME-REALISTIC-RC-E,2.99,continue,,manual,TRUE,TRUE,
khaby-lame-realistic-cardboard-celebrity-mask-for-stag-do-hen-do-fancy-dress-costume-parties-fun-party-disguise,,,,Ready Cut,,Stick,FOXY-MASK-KHABY-LAME-REALISTIC-RC-S,3.49,continue,,manual,TRUE,TRUE,
khaby-lame-realistic-cardboard-celebrity-mask-for-stag-do-hen-do-fancy-dress-costume-parties-fun-party-disguise,,,,DIY,,Elastic,FOXY-MASK-KHABY-LAME-REALISTIC-DIY-E,1.50,continue,,manual,TRUE,TRUE,
khaby-lame-realistic-cardboard-celebrity-mask-for-stag-do-hen-do-fancy-dress-costume-parties-fun-party-disguise,,,,DIY,,Stick,FOXY-MASK-KHABY-LAME-REALISTIC-DIY-S,2.00,continue,,manual,TRUE,TRUE,
kimberly-loaizac-realistic-cardboard-celebrity-mask-for-stag-do-hen-do-fancy-dress-costume-parties-fun-party-disguise,Kimberly Loaiza Face Mask – Fancy Dress Cardboard Costume Mask,active,Style,Ready Cut,Fitting,Elastic,FOXY-MASK-KIMBERLY-LOAIZAC-REALISTIC-RC-E,2.99,continue,,manual,TRUE,TRUE,
kimberly-loaizac-realistic-cardboard-celebrity-mask-for-stag-do-hen-do-fancy-dress-costume-parties-fun-party-disguise,,,,Ready Cut,,Stick,FOXY-MASK-KIMBERLY-LOAIZAC-REALISTIC-RC-S,3.49,continue,,manual,TRUE,TRUE,
kimberly-loaizac-realistic-cardboard-celebrity-mask-for-stag-do-hen-do-fancy-dress-costume-parties-fun-party-disguise,,,,DIY,,Elastic,FOXY-MASK-KIMBERLY-LOAIZAC-REALISTIC-DIY-E,1.50,continue,,manual,TRUE,TRUE,
kimberly-loaizac-realistic-cardboard-celebrity-mask-for-stag-do-hen-do-fancy-dress-costume-parties-fun-party-disguise,,,,DIY,,Stick,FOXY-MASK-KIMBERLY-LOAIZAC-REALISTIC-DIY-S,2.00,continue,,manual,TRUE,TRUE,
ksi-2025-realistic-cardboard-celebrity-mask-for-stag-do-hen-do-fancy-dress-costume-parties-fun-party-disguise,"KSI 2025 – Realistic Cardboard Celebrity Mask for Stag Do, Hen Do, Fancy Dress & Costume Parties – Fun Party Disguise",active,Style,Ready Cut,Fitting,Elastic,Foxy-Mask-KSI2025-RC-E,2.99,continue,,manual,TRUE,TRUE,
ksi-2025-realistic-cardboard-celebrity-mask-for-stag-do-hen-do-fancy-dress-costume-parties-fun-party-disguise,,,,Ready Cut,,Stick,Foxy-Mask-KSI2025-RC-S,3.49,continue,,manual,TRUE,TRUE,
ksi-2025-realistic-cardboard-celebrity-mask-for-stag-do-hen-do-fancy-dress-costume-parties-fun-party-disguise,,,,DIY,,Elastic,Foxy-Mask-KSI2025-DIY-E,1.50,continue,,manual,TRUE,TRUE,
ksi-2025-realistic-cardboard-celebrity-mask-for-stag-do-hen-do-fancy-dress-costume-parties-fun-party-disguise,,,,DIY,,Stick,Foxy-Mask-KSI2025-DIY-S,2.00,continue,,manual,TRUE,TRUE,
logan-paul-2025-realistic-cardboard-celebrity-mask-for-stag-do-hen-do-fancy-dress-costume-parties-fun-party-disguise,"Logan Paul 2025 – Realistic Cardboard Celebrity Mask for Stag Do, Hen Do, Fancy Dress & Costume Parties – Fun Party Disguise",active,Style,Ready Cut,Fitting,Elastic,Foxy-Mask-LoganPaul2025-RC-E,2.99,continue,,manual,TRUE,TRUE,
logan-paul-2025-realistic-cardboard-celebrity-mask-for-stag-do-hen-do-fancy-dress-costume-parties-fun-party-disguise,,,,Ready Cut,,Stick,Foxy-Mask-LoganPaul2025-RC-S,3.49,continue,,manual,TRUE,TRUE,
logan-paul-2025-realistic-cardboard-celebrity-mask-for-stag-do-hen-do-fancy-dress-costume-parties-fun-party-disguise,,,,DIY,,Elastic,Foxy-Mask-LoganPaul2025-DIY-E,1.50,continue,,manual,TRUE,TRUE,
logan-paul-2025-realistic-cardboard-celebrity-mask-for-stag-do-hen-do-fancy-dress-costume-parties-fun-party-disguise,,,,DIY,,Stick,Foxy-Mask-LoganPaul2025-DIY-S,2.00,continue,,manual,TRUE,TRUE,
logan-paul-wrestler-realistic-cardboard-celebrity-mask-for-stag-do-hen-do-fancy-dress-costume-parties-fun-party-disguise,Logan Paul Face Mask – Fancy Dress Cardboard Costume Mask,active,Style,Ready Cut,Fitting,Elastic,FOXY-MASK-LOGAN-PAUL-WRESTLER-REALISTIC-RC-E,2.99,continue,,manual,TRUE,TRUE,
logan-paul-wrestler-realistic-cardboard-celebrity-mask-for-stag-do-hen-do-fancy-dress-costume-parties-fun-party-disguise,,,,Ready Cut,,Stick,FOXY-MASK-LOGAN-PAUL-WRESTLER-REALISTIC-RC-S,3.49,continue,,manual,TRUE,TRUE,
logan-paul-wrestler-realistic-cardboard-celebrity-mask-for-stag-do-hen-do-fancy-dress-costume-parties-fun-party-disguise,,,,DIY,,Elastic,FOXY-MASK-LOGAN-PAUL-WRESTLER-REALISTIC-DIY-E,1.50,continue,,manual,TRUE,TRUE,
logan-paul-wrestler-realistic-cardboard-celebrity-mask-for-stag-do-hen-do-fancy-dress-costume-parties-fun-party-disguise,,,,DIY,,Stick,FOXY-MASK-LOGAN-PAUL-WRESTLER-REALISTIC-DIY-S,2.00,continue,,manual,TRUE,TRUE,
mark-rober-realistic-cardboard-celebrity-mask-for-stag-do-hen-do-fancy-dress-costume-parties-fun-party-disguise,Mark Rober Face Mask – Fancy Dress Cardboard Costume Mask,active,Style,Ready Cut,Fitting,Elastic,FOXY-MASK-MARK-ROBER-REALISTIC-RC-E,2.99,continue,,manual,TRUE,TRUE,
mark-rober-realistic-cardboard-celebrity-mask-for-stag-do-hen-do-fancy-dress-costume-parties-fun-party-disguise,,,,Ready Cut,,Stick,FOXY-MASK-MARK-ROBER-REALISTIC-RC-S,3.49,continue,,manual,TRUE,TRUE,
mark-rober-realistic-cardboard-celebrity-mask-for-stag-do-hen-do-fancy-dress-costume-parties-fun-party-disguise,,,,DIY,,Elastic,FOXY-MASK-MARK-ROBER-REALISTIC-DIY-E,1.50,continue,,manual,TRUE,TRUE,
mark-rober-realistic-cardboard-celebrity-mask-for-stag-do-hen-do-fancy-dress-costume-parties-fun-party-disguise,,,,DIY,,Stick,FOXY-MASK-MARK-ROBER-REALISTIC-DIY-S,2.00,continue,,manual,TRUE,TRUE,
max-verstappen-2025-realistic-cardboard-celebrity-mask-for-stag-do-hen-do-fancy-dress-costume-parties-fun-party-disguise,"Max Verstappen 2025 – Realistic Cardboard Celebrity Mask for Stag Do, Hen Do, Fancy Dress & Costume Parties – Fun Party Disguise",active,Style,Ready Cut,Fitting,Elastic,Foxy-Mask-MaxVerstappen2025-RC-E,2.99,continue,,manual,TRUE,TRUE,
max-verstappen-2025-realistic-cardboard-celebrity-mask-for-stag-do-hen-do-fancy-dress-costume-parties-fun-party-disguise,,,,Ready Cut,,Stick,Foxy-Mask-MaxVerstappen2025-RC-S,3.49,continue,,manual,TRUE,TRUE,
max-verstappen-2025-realistic-cardboard-celebrity-mask-for-stag-do-hen-do-fancy-dress-costume-parties-fun-party-disguise,,,,DIY,,Elastic,Foxy-Mask-MaxVerstappen2025-DIY-E,1.50,continue,,manual,TRUE,TRUE,
max-verstappen-2025-realistic-cardboard-celebrity-mask-for-stag-do-hen-do-fancy-dress-costume-parties-fun-party-disguise,,,,DIY,,Stick,Foxy-Mask-MaxVerstappen2025-DIY-S,2.00,continue,,manual,TRUE,TRUE,
miniminter-sidemen-realistic-cardboard-celebrity-mask-for-stag-do-hen-do-fancy-dress-costume-parties-fun-party-disguise,Miniminter Face Mask – Fancy Dress Cardboard Costume Mask,active,Style,Ready Cut,Fitting,Elastic,FOXY-MASK-MINIMINTER-SIDEMEN-REALISTIC-RC-E,2.99,continue,,manual,TRUE,TRUE,
miniminter-sidemen-realistic-cardboard-celebrity-mask-for-stag-do-hen-do-fancy-dress-costume-parties-fun-party-disguise,,,,Ready Cut,,Stick,FOXY-MASK-MINIMINTER-SIDEMEN-REALISTIC-RC-S,3.49,continue,,manual,TRUE,TRUE,
miniminter-sidemen-realistic-cardboard-celebrity-mask-for-stag-do-hen-do-fancy-dress-costume-parties-fun-party-disguise,,,,DIY,,Elastic,FOXY-MASK-MINIMINTER-SIDEMEN-REALISTIC-DIY-E,1.50,continue,,manual,TRUE,TRUE,
miniminter-sidemen-realistic-cardboard-celebrity-mask-for-stag-do-hen-do-fancy-dress-costume-parties-fun-party-disguise,,,,DIY,,Stick,FOXY-MASK-MINIMINTER-SIDEMEN-REALISTIC-DIY-S,2.00,continue,,manual,TRUE,TRUE,
mr-beast-realistic-cardboard-celebrity-mask-for-stag-do-hen-do-fancy-dress-costume-parties-fun-party-disguise,Mr Beast Face Mask – Fancy Dress Cardboard Costume Mask,active,Style,Ready Cut,Fitting,Elastic,FOXY-MASK-MR-BEAST-REALISTIC-RC-E,2.99,continue,,manual,TRUE,TRUE,
mr-beast-realistic-cardboard-celebrity-mask-for-stag-do-hen-do-fancy-dress-costume-parties-fun-party-disguise,,,,Ready Cut,,Stick,FOXY-MASK-MR-BEAST-REALISTIC-RC-S,3.49,continue,,manual,TRUE,TRUE,
mr-beast-realistic-cardboard-celebrity-mask-for-stag-do-hen-do-fancy-dress-costume-parties-fun-party-disguise,,,,DIY,,Elastic,FOXY-MASK-MR-BEAST-REALISTIC-DIY-E,1.50,continue,,manual,TRUE,TRUE,
mr-beast-realistic-cardboard-celebrity-mask-for-stag-do-hen-do-fancy-dress-costume-parties-fun-party-disguise,,,,DIY,,Stick,FOXY-MASK-MR-BEAST-REALISTIC-DIY-S,2.00,continue,,manual,TRUE,TRUE,
mr-whos-the-boss-realistic-cardboard-celebrity-mask-for-stag-do-hen-do-fancy-dress-costume-parties-fun-party-disguise,"Mr Who's The Boss – Realistic Cardboard Celebrity Mask for Stag Do, Hen Do, Fancy Dress & Costume Parties – Fun Party Disguise",active,Style,Ready Cut,Fitting,Elastic,Foxy-Mask-MrWhosTheBoss-RC-E,2.99,continue,,manual,TRUE,TRUE,
mr-whos-the-boss-realistic-cardboard-celebrity-mask-for-stag-do-hen-do-fancy-dress-costume-parties-fun-party-disguise,,,,Ready Cut,,Stick,Foxy-Mask-MrWhosTheBoss-RC-S,3.49,continue,,manual,TRUE,TRUE,
mr-whos-the-boss-realistic-cardboard-celebrity-mask-for-stag-do-hen-do-fancy-dress-costume-parties-fun-party-disguise,,,,DIY,,Elastic,Foxy-Mask-MrWhosTheBoss-DIY-E,1.50,continue,,manual,TRUE,TRUE,
mr-whos-the-boss-realistic-cardboard-celebrity-mask-for-stag-do-hen-do-fancy-dress-costume-parties-fun-party-disguise,,,,DIY,,Stick,Foxy-Mask-MrWhosTheBoss-DIY-S,2.00,continue,,manual,TRUE,TRUE,
pete-finch-realistic-cardboard-celebrity-mask-for-stag-do-hen-do-fancy-dress-costume-parties-fun-party-disguise,Pete Finch Face Mask – Fancy Dress Cardboard Costume Mask,active,Style,Ready Cut,Fitting,Elastic,FOXY-MASK-PETE-FINCH-REALISTIC-RC-E,2.99,continue,,manual,TRUE,TRUE,
pete-finch-realistic-cardboard-celebrity-mask-for-stag-do-hen-do-fancy-dress-costume-parties-fun-party-disguise,,,,Ready Cut,,Stick,FOXY-MASK-PETE-FINCH-REALISTIC-RC-S,3.49,continue,,manual,TRUE,TRUE,
pete-finch-realistic-cardboard-celebrity-mask-for-stag-do-hen-do-fancy-dress-costume-parties-fun-party-disguise,,,,DIY,,Elastic,FOXY-MASK-PETE-FINCH-REALISTIC-DIY-E,1.50,continue,,manual,TRUE,TRUE,
pete-finch-realistic-cardboard-celebrity-mask-for-stag-do-hen-do-fancy-dress-costume-parties-fun-party-disguise,,,,DIY,,Stick,FOXY-MASK-PETE-FINCH-REALISTIC-DIY-S,2.00,continue,,manual,TRUE,TRUE,
mumbo-jumbo-realistic-cardboard-celebrity-mask-for-stag-do-hen-do-fancy-dress-costume-parties-fun-party-disguise,Mumbo Jumbo Face Mask – Fancy Dress Cardboard Costume Mask,active,Style,Ready Cut,Fitting,Elastic,Foxy-Mask-MumboJumbo-RC-E,2.99,continue,,manual,TRUE,TRUE,
mumbo-jumbo-realistic-cardboard-celebrity-mask-for-stag-do-hen-do-fancy-dress-costume-parties-fun-party-disguise,,,,Ready Cut,,Stick,Foxy-Mask-MumboJumbo-RC-S,3.49,continue,,manual,TRUE,TRUE,
mumbo-jumbo-realistic-cardboard-celebrity-mask-for-stag-do-hen-do-fancy-dress-costume-parties-fun-party-disguise,,,,DIY,,Elastic,Foxy-Mask-MumboJumbo-DIY-E,1.50,continue,,manual,TRUE,TRUE,
mumbo-jumbo-realistic-cardboard-celebrity-mask-for-stag-do-hen-do-fancy-dress-costume-parties-fun-party-disguise,,,,DIY,,Stick,Foxy-Mask-MumboJumbo-DIY-S,2.00,continue,,manual,TRUE,TRUE,
pewdiepie-realistic-cardboard-celebrity-mask-for-stag-do-hen-do-fancy-dress-costume-parties-fun-party-disguise,Pewdiepie Face Mask – Fancy Dress Cardboard Costume Mask,active,Style,Ready Cut,Fitting,Elastic,FOXY-MASK-PEWDIEPIE-RC-E,2.99,continue,,manual,TRUE,TRUE,
pewdiepie-realistic-cardboard-celebrity-mask-for-stag-do-hen-do-fancy-dress-costume-parties-fun-party-disguise,,,,Ready Cut,,Stick,FOXY-MASK-PEWDIEPIE-RC-S,3.49,continue,,manual,TRUE,TRUE,
pewdiepie-realistic-cardboard-celebrity-mask-for-stag-do-hen-do-fancy-dress-costume-parties-fun-party-disguise,,,,DIY,,Elastic,FOXY-MASK-PEWDIEPIE-DIY-E,1.50,continue,,manual,TRUE,TRUE,
pewdiepie-realistic-cardboard-celebrity-mask-for-stag-do-hen-do-fancy-dress-costume-parties-fun-party-disguise,,,,DIY,,Stick,FOXY-MASK-PEWDIEPIE-DIY-S,2.00,continue,,manual,TRUE,TRUE,
rick-sheils-realistic-cardboard-celebrity-mask-for-stag-do-hen-do-fancy-dress-costume-parties-fun-party-disguise,Rick Shiels Face Mask – Fancy Dress Cardboard Costume Mask,active,Style,Ready Cut,Fitting,Elastic,Foxy-Mask-RickShiels-RC-E,2.99,continue,,manual,TRUE,TRUE,
rick-sheils-realistic-cardboard-celebrity-mask-for-stag-do-hen-do-fancy-dress-costume-parties-fun-party-disguise,,,,Ready Cut,,Stick,Foxy-Mask-RickShiels-RC-S,3.49,continue,,manual,TRUE,TRUE,
rick-sheils-realistic-cardboard-celebrity-mask-for-stag-do-hen-do-fancy-dress-costume-parties-fun-party-disguise,,,,DIY,,Elastic,Foxy-Mask-RickShiels-DIY-E,1.50,continue,,manual,TRUE,TRUE,
rick-sheils-realistic-cardboard-celebrity-mask-for-stag-do-hen-do-fancy-dress-costume-parties-fun-party-disguise,,,,DIY,,Stick,Foxy-Mask-RickShiels-DIY-S,2.00,continue,,manual,TRUE,TRUE,
robert-downey-junior-2025-realistic-cardboard-celebrity-mask-for-stag-do-hen-do-fancy-dress-costume-parties-fun-party-disguise,"Robert Downey Junior 2025 – Realistic Cardboard Celebrity Mask for Stag Do, Hen Do, Fancy Dress & Costume Parties – Fun Party Disguise",active,Style,Ready Cut,Fitting,Elastic,Foxy-Mask-RobertDowneyJunior2025-RC-E,2.99,continue,,manual,TRUE,TRUE,
robert-downey-junior-2025-realistic-cardboard-celebrity-mask-for-stag-do-hen-do-fancy-dress-costume-parties-fun-party-disguise,,,,Ready Cut,,Stick,Foxy-Mask-RobertDowneyJunior2025-RC-S,3.49,continue,,manual,TRUE,TRUE,
robert-downey-junior-2025-realistic-cardboard-celebrity-mask-for-stag-do-hen-do-fancy-dress-costume-parties-fun-party-disguise,,,,DIY,,Elastic,Foxy-Mask-RobertDowneyJunior2025-DIY-E,1.50,continue,,manual,TRUE,TRUE,
robert-downey-junior-2025-realistic-cardboard-celebrity-mask-for-stag-do-hen-do-fancy-dress-costume-parties-fun-party-disguise,,,,DIY,,Stick,Foxy-Mask-RobertDowneyJunior2025-DIY-S,2.00,continue,,manual,TRUE,TRUE,
shedeur-saunders-realistic-cardboard-celebrity-mask-for-stag-do-hen-do-fancy-dress-costume-parties-fun-party-disguise,Shedeur Saunders Face Mask – Fancy Dress Cardboard Costume Mask,active,Style,Ready Cut,Fitting,Elastic,FOXY-MASK-SHEDEUR-SAUNDERS-RC-E,2.99,continue,,manual,TRUE,TRUE,
shedeur-saunders-realistic-cardboard-celebrity-mask-for-stag-do-hen-do-fancy-dress-costume-parties-fun-party-disguise,,,,Ready Cut,,Stick,FOXY-MASK-SHEDEUR-SAUNDERS-RC-S,3.49,continue,,manual,TRUE,TRUE,
shedeur-saunders-realistic-cardboard-celebrity-mask-for-stag-do-hen-do-fancy-dress-costume-parties-fun-party-disguise,,,,DIY,,Elastic,FOXY-MASK-SHEDEUR-SAUNDERS-DIY-E,1.50,continue,,manual,TRUE,TRUE,
shedeur-saunders-realistic-cardboard-celebrity-mask-for-stag-do-hen-do-fancy-dress-costume-parties-fun-party-disguise,,,,DIY,,Stick,FOXY-MASK-SHEDEUR-SAUNDERS-DIY-S,2.00,continue,,manual,TRUE,TRUE,
stokes-twins-1-realistic-cardboard-celebrity-mask-for-stag-do-hen-do-fancy-dress-costume-parties-fun-party-disguise,Stokes Twins 1 Face Mask – Fancy Dress Cardboard Costume Mask,active,Style,Ready Cut,Fitting,Elastic,FOXY-MASK-SHEDEUR-SAUNDERS-STOKES-RC-E,2.99,continue,,manual,TRUE,TRUE,
stokes-twins-1-realistic-cardboard-celebrity-mask-for-stag-do-hen-do-fancy-dress-costume-parties-fun-party-disguise,,,,Ready Cut,,Stick,FOXY-MASK-SHEDEUR-SAUNDERS-STOKES-RC-S,3.49,continue,,manual,TRUE,TRUE,
stokes-twins-1-realistic-cardboard-celebrity-mask-for-stag-do-hen-do-fancy-dress-costume-parties-fun-party-disguise,,,,DIY,,Elastic,FOXY-MASK-SHEDEUR-SAUNDERS-STOKES-DIY-E,1.50,continue,,manual,TRUE,TRUE,
stokes-twins-1-realistic-cardboard-celebrity-mask-for-stag-do-hen-do-fancy-dress-costume-parties-fun-party-disguise,,,,DIY,,Stick,FOXY-MASK-SHEDEUR-SAUNDERS-STOKES-DIY-S,2.00,continue,,manual,TRUE,TRUE,
stokes-twins-2-realistic-cardboard-celebrity-mask-for-stag-do-hen-do-fancy-dress-costume-parties-fun-party-disguise,Stokes Twins 2 Face Mask – Fancy Dress Cardboard Costume Mask,active,Style,Ready Cut,Fitting,Elastic,FOXY-MASK-STOKES-TWINS2-REALISTIC-RC-E,2.99,continue,,manual,TRUE,TRUE,
stokes-twins-2-realistic-cardboard-celebrity-mask-for-stag-do-hen-do-fancy-dress-costume-parties-fun-party-disguise,,,,Ready Cut,,Stick,FOXY-MASK-STOKES-TWINS2-REALISTIC-RC-S,3.49,continue,,manual,TRUE,TRUE,
stokes-twins-2-realistic-cardboard-celebrity-mask-for-stag-do-hen-do-fancy-dress-costume-parties-fun-party-disguise,,,,DIY,,Elastic,FOXY-MASK-STOKES-TWINS2-REALISTIC-DIY-E,1.50,continue,,manual,TRUE,TRUE,
stokes-twins-2-realistic-cardboard-celebrity-mask-for-stag-do-hen-do-fancy-dress-costume-parties-fun-party-disguise,,,,DIY,,Stick,FOXY-MASK-STOKES-TWINS2-REALISTIC-DIY-S,2.00,continue,,manual,TRUE,TRUE,
toby-jizzle-realistic-cardboard-celebrity-mask-for-stag-do-hen-do-fancy-dress-costume-parties-fun-party-disguise,Toby Jizzle Face Mask – Fancy Dress Cardboard Costume Mask,active,Style,Ready Cut,Fitting,Elastic,Foxy-Mask-TobyJizzle-RC-E,2.99,continue,,manual,TRUE,TRUE,
toby-jizzle-realistic-cardboard-celebrity-mask-for-stag-do-hen-do-fancy-dress-costume-parties-fun-party-disguise,,,,Ready Cut,,Stick,Foxy-Mask-TobyJizzle-RC-S,3.49,continue,,manual,TRUE,TRUE,
toby-jizzle-realistic-cardboard-celebrity-mask-for-stag-do-hen-do-fancy-dress-costume-parties-fun-party-disguise,,,,DIY,,Elastic,Foxy-Mask-TobyJizzle-DIY-E,1.50,continue,,manual,TRUE,TRUE,
toby-jizzle-realistic-cardboard-celebrity-mask-for-stag-do-hen-do-fancy-dress-costume-parties-fun-party-disguise,,,,DIY,,Stick,Foxy-Mask-TobyJizzle-DIY-S,2.00,continue,,manual,TRUE,TRUE,
tubes-golf-realistic-cardboard-celebrity-mask-for-stag-do-hen-do-fancy-dress-costume-parties-fun-party-disguise,Tubes Face Mask – Fancy Dress Cardboard Costume Mask,active,Style,Ready Cut,Fitting,Elastic,Foxy-Mask-TubesGolf-RC-E,2.99,continue,,manual,TRUE,TRUE,
tubes-golf-realistic-cardboard-celebrity-mask-for-stag-do-hen-do-fancy-dress-costume-parties-fun-party-disguise,,,,Ready Cut,,Stick,Foxy-Mask-TubesGolf-RC-S,3.49,continue,,manual,TRUE,TRUE,
tubes-golf-realistic-cardboard-celebrity-mask-for-stag-do-hen-do-fancy-dress-costume-parties-fun-party-disguise,,,,DIY,,Elastic,Foxy-Mask-TubesGolf-DIY-E,1.50,continue,,manual,TRUE,TRUE,
tubes-golf-realistic-cardboard-celebrity-mask-for-stag-do-hen-do-fancy-dress-costume-parties-fun-party-disguise,,,,DIY,,Stick,Foxy-Mask-TubesGolf-DIY-S,2.00,continue,,manual,TRUE,TRUE,
vikstar-sidemen-realistic-cardboard-celebrity-mask-for-stag-do-hen-do-fancy-dress-costume-parties-fun-party-disguise,Vikstar Face Mask – Fancy Dress Cardboard Costume Mask,active,Style,Ready Cut,Fitting,Elastic,FOXY-MASK-VIKSTAR-SIDEMEN-REALISTIC-RC-E,2.99,continue,,manual,TRUE,TRUE,
vikstar-sidemen-realistic-cardboard-celebrity-mask-for-stag-do-hen-do-fancy-dress-costume-parties-fun-party-disguise,,,,Ready Cut,,Stick,FOXY-MASK-VIKSTAR-SIDEMEN-REALISTIC-RC-S,3.49,continue,,manual,TRUE,TRUE,
vikstar-sidemen-realistic-cardboard-celebrity-mask-for-stag-do-hen-do-fancy-dress-costume-parties-fun-party-disguise,,,,DIY,,Elastic,FOXY-MASK-VIKSTAR-SIDEMEN-REALISTIC-DIY-E,1.50,continue,,manual,TRUE,TRUE,
vikstar-sidemen-realistic-cardboard-celebrity-mask-for-stag-do-hen-do-fancy-dress-costume-parties-fun-party-disguise,,,,DIY,,Stick,FOXY-MASK-VIKSTAR-SIDEMEN-REALISTIC-DIY-S,2.00,continue,,manual,TRUE,TRUE,
willie-salim-realistic-cardboard-celebrity-mask-for-stag-do-hen-do-fancy-dress-costume-parties-fun-party-disguise,Willie Salim Face Mask – Fancy Dress Cardboard Costume Mask,active,Style,Ready Cut,Fitting,Elastic,FOXY-MASK-WILLIE-SALIM-REALISTIC-RC-E,2.99,continue,,manual,TRUE,TRUE,
willie-salim-realistic-cardboard-celebrity-mask-for-stag-do-hen-do-fancy-dress-costume-parties-fun-party-disguise,,,,Ready Cut,,Stick,FOXY-MASK-WILLIE-SALIM-REALISTIC-RC-S,3.49,continue,,manual,TRUE,TRUE,
willie-salim-realistic-cardboard-celebrity-mask-for-stag-do-hen-do-fancy-dress-costume-parties-fun-party-disguise,,,,DIY,,Elastic,FOXY-MASK-WILLIE-SALIM-REALISTIC-DIY-E,1.50,continue,,manual,TRUE,TRUE,
willie-salim-realistic-cardboard-celebrity-mask-for-stag-do-hen-do-fancy-dress-costume-parties-fun-party-disguise,,,,DIY,,Stick,FOXY-MASK-WILLIE-SALIM-REALISTIC-DIY-S,2.00,continue,,manual,TRUE,TRUE,
zach-bryan-realistic-cardboard-celebrity-mask-for-stag-do-hen-do-fancy-dress-costume-parties-fun-party-disguise,Zach Bryan Face Mask – Fancy Dress Cardboard Costume Mask,active,Style,Ready Cut,Fitting,Elastic,FOXY-MASK-ZACH-BRYAN-REALISTIC-RC-E,2.99,continue,,manual,TRUE,TRUE,
zach-bryan-realistic-cardboard-celebrity-mask-for-stag-do-hen-do-fancy-dress-costume-parties-fun-party-disguise,,,,Ready Cut,,Stick,FOXY-MASK-ZACH-BRYAN-REALISTIC-RC-S,3.49,continue,,manual,TRUE,TRUE,
zach-bryan-realistic-cardboard-celebrity-mask-for-stag-do-hen-do-fancy-dress-costume-parties-fun-party-disguise,,,,DIY,,Elastic,FOXY-MASK-ZACH-BRYAN-REALISTIC-DIY-E,1.50,continue,,manual,TRUE,TRUE,
zach-bryan-realistic-cardboard-celebrity-mask-for-stag-do-hen-do-fancy-dress-costume-parties-fun-party-disguise,,,,DIY,,Stick,FOXY-MASK-ZACH-BRYAN-REALISTIC-DIY-S,2.00,continue,,manual,TRUE,TRUE,
zach-king-realistic-cardboard-celebrity-mask-for-stag-do-hen-do-fancy-dress-costume-parties-fun-party-disguise,Zach King Face Mask – Fancy Dress Cardboard Costume Mask,active,Style,Ready Cut,Fitting,Elastic,FOXY-MASK-ZACH-KING-REALISTIC-RC-E,2.99,continue,,manual,TRUE,TRUE,
zach-king-realistic-cardboard-celebrity-mask-for-stag-do-hen-do-fancy-dress-costume-parties-fun-party-disguise,,,,Ready Cut,,Stick,FOXY-MASK-ZACH-KING-REALISTIC-RC-S,3.49,continue,,manual,TRUE,TRUE,
zach-king-realistic-cardboard-celebrity-mask-for-stag-do-hen-do-fancy-dress-costume-parties-fun-party-disguise,,,,DIY,,Elastic,FOXY-MASK-ZACH-KING-REALISTIC-DIY-E,1.50,continue,,manual,TRUE,TRUE,
zach-king-realistic-cardboard-celebrity-mask-for-stag-do-hen-do-fancy-dress-costume-parties-fun-party-disguise,,,,DIY,,Stick,FOXY-MASK-ZACH-KING-REALISTIC-DIY-S,2.00,continue,,manual,TRUE,TRUE,
zerka-sidemen-realistic-cardboard-celebrity-mask-for-stag-do-hen-do-fancy-dress-costume-parties-fun-party-disguise,Zerkaa Face Mask – Fancy Dress Cardboard Costume Mask,active,Style,Ready Cut,Fitting,Elastic,Foxy-Mask-ZachSidemen-RC-E,2.99,continue,,manual,TRUE,TRUE,
zerka-sidemen-realistic-cardboard-celebrity-mask-for-stag-do-hen-do-fancy-dress-costume-parties-fun-party-disguise,,,,Ready Cut,,Stick,Foxy-Mask-ZachSidemen-RC-S,3.49,continue,,manual,TRUE,TRUE,
zerka-sidemen-realistic-cardboard-celebrity-mask-for-stag-do-hen-do-fancy-dress-costume-parties-fun-party-disguise,,,,DIY,,Elastic,Foxy-Mask-ZachSidemen-DIY-E,1.50,continue,,manual,TRUE,TRUE,
zerka-sidemen-realistic-cardboard-celebrity-mask-for-stag-do-hen-do-fancy-dress-costume-parties-fun-party-disguise,,,,DIY,,Stick,Foxy-Mask-ZachSidemen-DIY-S,2.00,continue,,manual,TRUE,TRUE,
adam-wharton-face-mask-england-football-player-celebrity-card-mask-celebrity-mask-for-stag-do-hen-night-fancy-dress-costume-parties-funny-adult-card-mask,"Adam Wharton Face Mask – England Football Player Celebrity Card Mask – Celebrity Mask for Stag Do, Hen Night, Fancy Dress & Costume Parties",active,Style,Ready Cut,Fitting,Elastic,FaceMask-AdamWharton-RC-E,2.99,continue,,manual,TRUE,TRUE,
adam-wharton-face-mask-england-football-player-celebrity-card-mask-celebrity-mask-for-stag-do-hen-night-fancy-dress-costume-parties-funny-adult-card-mask,,,,Ready Cut,,Stick,FaceMask-AdamWharton-RC-S,3.49,continue,,manual,TRUE,TRUE,
adam-wharton-face-mask-england-football-player-celebrity-card-mask-celebrity-mask-for-stag-do-hen-night-fancy-dress-costume-parties-funny-adult-card-mask,,,,DIY,,Elastic,FaceMask-AdamWharton-DIY-E,1.50,continue,,manual,TRUE,TRUE,
adam-wharton-face-mask-england-football-player-celebrity-card-mask-celebrity-mask-for-stag-do-hen-night-fancy-dress-costume-parties-funny-adult-card-mask,,,,DIY,,Stick,FaceMask-AdamWharton-DIY-S,2.00,continue,,manual,TRUE,TRUE,
alex-scott-face-mask-2026-england-football-player-celebrity-card-face-mask-celebrity-mask-for-stag-do-hen-night-fancy-dress-costume-parties-funny-adult-card-mask,Alex Scott Face Mask – Fancy Dress Cardboard Costume Mask,active,Style,Ready Cut,Fitting,Elastic,FaceMask-AlexScott-RC-E,2.99,continue,,manual,TRUE,TRUE,
alex-scott-face-mask-2026-england-football-player-celebrity-card-face-mask-celebrity-mask-for-stag-do-hen-night-fancy-dress-costume-parties-funny-adult-card-mask,,,,Ready Cut,,Stick,FaceMask-AlexScott-RC-S,3.49,continue,,manual,TRUE,TRUE,
alex-scott-face-mask-2026-england-football-player-celebrity-card-face-mask-celebrity-mask-for-stag-do-hen-night-fancy-dress-costume-parties-funny-adult-card-mask,,,,DIY,,Elastic,FaceMask-AlexScott-DIY-E,1.50,continue,,manual,TRUE,TRUE,
alex-scott-face-mask-2026-england-football-player-celebrity-card-face-mask-celebrity-mask-for-stag-do-hen-night-fancy-dress-costume-parties-funny-adult-card-mask,,,,DIY,,Stick,FaceMask-AlexScott-DIY-S,2.00,continue,,manual,TRUE,TRUE,
anthony-gordon-face-mask-2026-england-football-player-celebrity-card-face-mask-celebrity-mask-for-stag-do-hen-night-fancy-dress-costume-parties-funny-adult-card-mask-copy,Anthony Gordon Face Mask 2026 – England Football Player Celebrity Card Face Mask,active,Style,Ready Cut,Fitting,Elastic,FaceMask-AnthonyGordon-RC-E,2.99,continue,,manual,TRUE,TRUE,
anthony-gordon-face-mask-2026-england-football-player-celebrity-card-face-mask-celebrity-mask-for-stag-do-hen-night-fancy-dress-costume-parties-funny-adult-card-mask-copy,,,,Ready Cut,,Stick,FaceMask-AnthonyGordon-RC-S,3.49,continue,,manual,TRUE,TRUE,
anthony-gordon-face-mask-2026-england-football-player-celebrity-card-face-mask-celebrity-mask-for-stag-do-hen-night-fancy-dress-costume-parties-funny-adult-card-mask-copy,,,,DIY,,Elastic,FaceMask-AnthonyGordon-DIY-E,1.50,continue,,manual,TRUE,TRUE,
anthony-gordon-face-mask-2026-england-football-player-celebrity-card-face-mask-celebrity-mask-for-stag-do-hen-night-fancy-dress-costume-parties-funny-adult-card-mask-copy,,,,DIY,,Stick,FaceMask-AnthonyGordon-DIY-S,2.00,continue,,manual,TRUE,TRUE,
archie-gray-face-mask-2026-england-football-player-celebrity-card-face-mask-celebrity-mask-for-stag-do-hen-night-fancy-dress-costume-parties-funny-adult-card-mask-copy,Archie Gray Face Mask – Fancy Dress Cardboard Costume Mask,active,Style,Ready Cut,Fitting,Elastic,FaceMask-ArchieGray-RC-E,2.99,continue,,manual,TRUE,TRUE,
archie-gray-face-mask-2026-england-football-player-celebrity-card-face-mask-celebrity-mask-for-stag-do-hen-night-fancy-dress-costume-parties-funny-adult-card-mask-copy,,,,Ready Cut,,Stick,FaceMask-ArchieGray-RC-S,3.49,continue,,manual,TRUE,TRUE,
archie-gray-face-mask-2026-england-football-player-celebrity-card-face-mask-celebrity-mask-for-stag-do-hen-night-fancy-dress-costume-parties-funny-adult-card-mask-copy,,,,DIY,,Elastic,FaceMask-ArchieGray-DIY-E,1.50,continue,,manual,TRUE,TRUE,
archie-gray-face-mask-2026-england-football-player-celebrity-card-face-mask-celebrity-mask-for-stag-do-hen-night-fancy-dress-costume-parties-funny-adult-card-mask-copy,,,,DIY,,Stick,FaceMask-ArchieGray-DIY-S,2.00,continue,,manual,TRUE,TRUE,
bukayo-saka-face-mask-2026-england-football-player-celebrity-card-face-mask-celebrity-mask-for-stag-do-hen-night-fancy-dress-costume-parties-funny-adult-card-mask,"Bukayo Saka Face Mask 2026 – England Football Player Celebrity Card Face Mask – Celebrity Mask for Stag Do, Hen Night, Fancy Dress & Costume Parties",active,Style,Ready Cut,Fitting,Elastic,FaceMask-BukayoSaka-RC-E,2.99,continue,,manual,TRUE,TRUE,
bukayo-saka-face-mask-2026-england-football-player-celebrity-card-face-mask-celebrity-mask-for-stag-do-hen-night-fancy-dress-costume-parties-funny-adult-card-mask,,,,Ready Cut,,Stick,FaceMask-BukayoSaka-RC-S,3.49,continue,,manual,TRUE,TRUE,
bukayo-saka-face-mask-2026-england-football-player-celebrity-card-face-mask-celebrity-mask-for-stag-do-hen-night-fancy-dress-costume-parties-funny-adult-card-mask,,,,DIY,,Elastic,FaceMask-BukayoSaka-DIY-E,1.50,continue,,manual,TRUE,TRUE,
bukayo-saka-face-mask-2026-england-football-player-celebrity-card-face-mask-celebrity-mask-for-stag-do-hen-night-fancy-dress-costume-parties-funny-adult-card-mask,,,,DIY,,Stick,FaceMask-BukayoSaka-DIY-S,2.00,continue,,manual,TRUE,TRUE,
cole-palmer-face-mask-2026-england-football-player-celebrity-card-face-mask-realistic-printed-fan-mask-with-eye-holes-elastic-strap-football-party-fancy-dress,Cole Palmer Face Mask – Fancy Dress Cardboard Costume Mask,active,Style,Ready Cut,Fitting,Elastic,FaceMask-ColePalmer-RC-E,2.99,continue,,manual,TRUE,TRUE,
cole-palmer-face-mask-2026-england-football-player-celebrity-card-face-mask-realistic-printed-fan-mask-with-eye-holes-elastic-strap-football-party-fancy-dress,,,,Ready Cut,,Stick,FaceMask-ColePalmer-RC-S,3.49,continue,,manual,TRUE,TRUE,
cole-palmer-face-mask-2026-england-football-player-celebrity-card-face-mask-realistic-printed-fan-mask-with-eye-holes-elastic-strap-football-party-fancy-dress,,,,DIY,,Elastic,FaceMask-ColePalmer-DIY-E,1.50,continue,,manual,TRUE,TRUE,
cole-palmer-face-mask-2026-england-football-player-celebrity-card-face-mask-realistic-printed-fan-mask-with-eye-holes-elastic-strap-football-party-fancy-dress,,,,DIY,,Stick,FaceMask-ColePalmer-DIY-S,2.00,continue,,manual,TRUE,TRUE,
connor-gallagher-face-mask-2026-england-football-player-celebrity-card-face-mask-celebrity-mask-for-stag-do-hen-night-fancy-dress-costume-parties-funny-adult-card-mask,Connor Gallagher Face Mask 2026 – England Football Player Celebrity Card Face Mask,active,Style,Ready Cut,Fitting,Elastic,FaceMask-ConnorGallagher-RC-E,2.99,continue,,manual,TRUE,TRUE,
connor-gallagher-face-mask-2026-england-football-player-celebrity-card-face-mask-celebrity-mask-for-stag-do-hen-night-fancy-dress-costume-parties-funny-adult-card-mask,,,,Ready Cut,,Stick,FaceMask-ConnorGallagher-RC-S,3.49,continue,,manual,TRUE,TRUE,
connor-gallagher-face-mask-2026-england-football-player-celebrity-card-face-mask-celebrity-mask-for-stag-do-hen-night-fancy-dress-costume-parties-funny-adult-card-mask,,,,DIY,,Elastic,FaceMask-ConnorGallagher-DIY-E,1.50,continue,,manual,TRUE,TRUE,
connor-gallagher-face-mask-2026-england-football-player-celebrity-card-face-mask-celebrity-mask-for-stag-do-hen-night-fancy-dress-costume-parties-funny-adult-card-mask,,,,DIY,,Stick,FaceMask-ConnorGallagher-DIY-S,2.00,continue,,manual,TRUE,TRUE,
dean-henderson-face-mask-2026-england-football-player-celebrity-card-face-mask-celebrity-mask-for-stag-do-hen-night-fancy-dress-costume-parties-funny-adult-card-mask,Dean Henderson Face Mask 2026 – England Football Player Celebrity Card Face Mask,active,Style,Ready Cut,Fitting,Elastic,FaceMask-DeanHenderson-RC-E,2.99,continue,,manual,TRUE,TRUE,
dean-henderson-face-mask-2026-england-football-player-celebrity-card-face-mask-celebrity-mask-for-stag-do-hen-night-fancy-dress-costume-parties-funny-adult-card-mask,,,,Ready Cut,,Stick,FaceMask-DeanHenderson-RC-S,3.49,continue,,manual,TRUE,TRUE,
dean-henderson-face-mask-2026-england-football-player-celebrity-card-face-mask-celebrity-mask-for-stag-do-hen-night-fancy-dress-costume-parties-funny-adult-card-mask,,,,DIY,,Elastic,FaceMask-DeanHenderson-DIY-E,1.50,continue,,manual,TRUE,TRUE,
dean-henderson-face-mask-2026-england-football-player-celebrity-card-face-mask-celebrity-mask-for-stag-do-hen-night-fancy-dress-costume-parties-funny-adult-card-mask,,,,DIY,,Stick,FaceMask-DeanHenderson-DIY-S,2.00,continue,,manual,TRUE,TRUE,
declan-rice-face-mask-2026-england-football-player-celebrity-card-face-mask-celebrity-mask-for-stag-do-hen-night-fancy-dress-costume-parties-funny-adult-card-mask,"Declan Rice Face Mask 2026 – England Football Player Celebrity Card Face Mask – Celebrity Mask for Stag Do, Hen Night, Fancy Dress & Costume Parties",active,Style,Ready Cut,Fitting,Elastic,FaceMask-DeclanRice-RC-E,2.99,continue,,manual,TRUE,TRUE,
declan-rice-face-mask-2026-england-football-player-celebrity-card-face-mask-celebrity-mask-for-stag-do-hen-night-fancy-dress-costume-parties-funny-adult-card-mask,,,,Ready Cut,,Stick,FaceMask-DeclanRice-RC-S,3.49,continue,,manual,TRUE,TRUE,
declan-rice-face-mask-2026-england-football-player-celebrity-card-face-mask-celebrity-mask-for-stag-do-hen-night-fancy-dress-costume-parties-funny-adult-card-mask,,,,DIY,,Elastic,FaceMask-DeclanRice-DIY-E,1.50,continue,,manual,TRUE,TRUE,
declan-rice-face-mask-2026-england-football-player-celebrity-card-face-mask-celebrity-mask-for-stag-do-hen-night-fancy-dress-costume-parties-funny-adult-card-mask,,,,DIY,,Stick,FaceMask-DeclanRice-DIY-S,2.00,continue,,manual,TRUE,TRUE,
djed-spence-face-mask-2026-england-football-player-celebrity-card-face-mask-celebrity-mask-for-stag-do-hen-night-fancy-dress-costume-parties-funny-adult-card-mask,Djed Spence Face Mask – Fancy Dress Cardboard Costume Mask,active,Style,Ready Cut,Fitting,Elastic,FaceMask-DjedSpence-RC-E,2.99,continue,,manual,TRUE,TRUE,
djed-spence-face-mask-2026-england-football-player-celebrity-card-face-mask-celebrity-mask-for-stag-do-hen-night-fancy-dress-costume-parties-funny-adult-card-mask,,,,Ready Cut,,Stick,FaceMask-DjedSpence-RC-S,3.49,continue,,manual,TRUE,TRUE,
djed-spence-face-mask-2026-england-football-player-celebrity-card-face-mask-celebrity-mask-for-stag-do-hen-night-fancy-dress-costume-parties-funny-adult-card-mask,,,,DIY,,Elastic,FaceMask-DjedSpence-DIY-E,1.50,continue,,manual,TRUE,TRUE,
djed-spence-face-mask-2026-england-football-player-celebrity-card-face-mask-celebrity-mask-for-stag-do-hen-night-fancy-dress-costume-parties-funny-adult-card-mask,,,,DIY,,Stick,FaceMask-DjedSpence-DIY-S,2.00,continue,,manual,TRUE,TRUE,
eberechi-eze-face-mask-2026-england-football-player-celebrity-card-face-mask-celebrity-mask-for-stag-do-hen-night-fancy-dress-costume-parties-funny-adult-card-mask,"Eberechi Eze Face Mask 2026 – England Football Player Celebrity Card Face Mask – Celebrity Mask for Stag Do, Hen Night, Fancy Dress & Costume Parties",active,Style,Ready Cut,Fitting,Elastic,FaceMask-EberechiEze-RC-E,2.99,continue,,manual,TRUE,TRUE,
eberechi-eze-face-mask-2026-england-football-player-celebrity-card-face-mask-celebrity-mask-for-stag-do-hen-night-fancy-dress-costume-parties-funny-adult-card-mask,,,,Ready Cut,,Stick,FaceMask-EberechiEze-RC-S,3.49,continue,,manual,TRUE,TRUE,
eberechi-eze-face-mask-2026-england-football-player-celebrity-card-face-mask-celebrity-mask-for-stag-do-hen-night-fancy-dress-costume-parties-funny-adult-card-mask,,,,DIY,,Elastic,FaceMask-EberechiEze-DIY-E,1.50,continue,,manual,TRUE,TRUE,
eberechi-eze-face-mask-2026-england-football-player-celebrity-card-face-mask-celebrity-mask-for-stag-do-hen-night-fancy-dress-costume-parties-funny-adult-card-mask,,,,DIY,,Stick,FaceMask-EberechiEze-DIY-S,2.00,continue,,manual,TRUE,TRUE,
elliot-anderson-face-mask-2026-england-football-player-celebrity-card-face-mask-realistic-printed-fan-mask-with-eye-holes-elastic-strap-football-party-fancy-dress,Elliot Anderson Face Mask – Fancy Dress Cardboard Costume Mask,active,Style,Ready Cut,Fitting,Elastic,FaceMask-ElliotAnderson-RC-E,2.99,continue,,manual,TRUE,TRUE,
elliot-anderson-face-mask-2026-england-football-player-celebrity-card-face-mask-realistic-printed-fan-mask-with-eye-holes-elastic-strap-football-party-fancy-dress,,,,Ready Cut,,Stick,FaceMask-ElliotAnderson-RC-S,3.49,continue,,manual,TRUE,TRUE,
elliot-anderson-face-mask-2026-england-football-player-celebrity-card-face-mask-realistic-printed-fan-mask-with-eye-holes-elastic-strap-football-party-fancy-dress,,,,DIY,,Elastic,FaceMask-ElliotAnderson-DIY-E,1.50,continue,,manual,TRUE,TRUE,
elliot-anderson-face-mask-2026-england-football-player-celebrity-card-face-mask-realistic-printed-fan-mask-with-eye-holes-elastic-strap-football-party-fancy-dress,,,,DIY,,Stick,FaceMask-ElliotAnderson-DIY-S,2.00,continue,,manual,TRUE,TRUE,
ezri-konsa-face-mask-2026-england-football-player-celebrity-card-face-mask-celebrity-mask-for-stag-do-hen-night-fancy-dress-costume-parties-funny-adult-card-mask,"Ezri Konsa Face Mask 2026 – England Football Player Celebrity Card Face Mask – Celebrity Mask for Stag Do, Hen Night, Fancy Dress & Costume Parties",active,Style,Ready Cut,Fitting,Elastic,FaceMask-EzriKonsa-RC-E,2.99,continue,,manual,TRUE,TRUE,
ezri-konsa-face-mask-2026-england-football-player-celebrity-card-face-mask-celebrity-mask-for-stag-do-hen-night-fancy-dress-costume-parties-funny-adult-card-mask,,,,Ready Cut,,Stick,FaceMask-EzriKonsa-RC-S,3.49,continue,,manual,TRUE,TRUE,
ezri-konsa-face-mask-2026-england-football-player-celebrity-card-face-mask-celebrity-mask-for-stag-do-hen-night-fancy-dress-costume-parties-funny-adult-card-mask,,,,DIY,,Elastic,FaceMask-EzriKonsa-DIY-E,1.50,continue,,manual,TRUE,TRUE,
ezri-konsa-face-mask-2026-england-football-player-celebrity-card-face-mask-celebrity-mask-for-stag-do-hen-night-fancy-dress-costume-parties-funny-adult-card-mask,,,,DIY,,Stick,FaceMask-EzriKonsa-DIY-S,2.00,continue,,manual,TRUE,TRUE,
harry-kane-face-mask-2026-england-football-player-celebrity-card-face-mask-celebrity-mask-for-stag-do-hen-night-fancy-dress-costume-parties-funny-adult-card-mask,"Harry Kane Face Mask 2026 – England Football Player Celebrity Card Face Mask – Celebrity Mask for Stag Do, Hen Night, Fancy Dress & Costume Parties",active,Style,Ready Cut,Fitting,Elastic,FaceMask-HarryKane-RC-E,2.99,continue,,manual,TRUE,TRUE,
harry-kane-face-mask-2026-england-football-player-celebrity-card-face-mask-celebrity-mask-for-stag-do-hen-night-fancy-dress-costume-parties-funny-adult-card-mask,,,,Ready Cut,,Stick,FaceMask-HarryKane-RC-S,3.49,continue,,manual,TRUE,TRUE,
harry-kane-face-mask-2026-england-football-player-celebrity-card-face-mask-celebrity-mask-for-stag-do-hen-night-fancy-dress-costume-parties-funny-adult-card-mask,,,,DIY,,Elastic,FaceMask-HarryKane-DIY-E,1.50,continue,,manual,TRUE,TRUE,
harry-kane-face-mask-2026-england-football-player-celebrity-card-face-mask-celebrity-mask-for-stag-do-hen-night-fancy-dress-costume-parties-funny-adult-card-mask,,,,DIY,,Stick,FaceMask-HarryKane-DIY-S,2.00,continue,,manual,TRUE,TRUE,
harry-maguire-face-mask-2026-england-football-player-celebrity-card-face-mask-celebrity-mask-for-stag-do-hen-night-fancy-dress-costume-parties-funny-adult-card-mask,"Harry Maguire Face Mask 2026 – England Football Player Celebrity Card Face Mask – Celebrity Mask for Stag Do, Hen Night, Fancy Dress & Costume Parties",active,Style,Ready Cut,Fitting,Elastic,FaceMask-HarryMaguire-RC-E,2.99,continue,,manual,TRUE,TRUE,
harry-maguire-face-mask-2026-england-football-player-celebrity-card-face-mask-celebrity-mask-for-stag-do-hen-night-fancy-dress-costume-parties-funny-adult-card-mask,,,,Ready Cut,,Stick,FaceMask-HarryMaguire-RC-S,3.49,continue,,manual,TRUE,TRUE,
harry-maguire-face-mask-2026-england-football-player-celebrity-card-face-mask-celebrity-mask-for-stag-do-hen-night-fancy-dress-costume-parties-funny-adult-card-mask,,,,DIY,,Elastic,FaceMask-HarryMaguire-DIY-E,1.50,continue,,manual,TRUE,TRUE,
harry-maguire-face-mask-2026-england-football-player-celebrity-card-face-mask-celebrity-mask-for-stag-do-hen-night-fancy-dress-costume-parties-funny-adult-card-mask,,,,DIY,,Stick,FaceMask-HarryMaguire-DIY-S,2.00,continue,,manual,TRUE,TRUE,
jarell-quansah-face-mask-2026-england-football-player-celebrity-card-face-mask-celebrity-mask-for-stag-do-hen-night-fancy-dress-costume-parties-funny-adult-card-mask,Jarell Quansah Face Mask 2026 – England Football Player Celebrity Card Face Mask,active,Style,Ready Cut,Fitting,Elastic,FaceMask-JarellQuansah-RC-E,2.99,continue,,manual,TRUE,TRUE,
jarell-quansah-face-mask-2026-england-football-player-celebrity-card-face-mask-celebrity-mask-for-stag-do-hen-night-fancy-dress-costume-parties-funny-adult-card-mask,,,,Ready Cut,,Stick,FaceMask-JarellQuansah-RC-S,3.49,continue,,manual,TRUE,TRUE,
jarell-quansah-face-mask-2026-england-football-player-celebrity-card-face-mask-celebrity-mask-for-stag-do-hen-night-fancy-dress-costume-parties-funny-adult-card-mask,,,,DIY,,Elastic,FaceMask-JarellQuansah-DIY-E,1.50,continue,,manual,TRUE,TRUE,
jarell-quansah-face-mask-2026-england-football-player-celebrity-card-face-mask-celebrity-mask-for-stag-do-hen-night-fancy-dress-costume-parties-funny-adult-card-mask,,,,DIY,,Stick,FaceMask-JarellQuansah-DIY-S,2.00,continue,,manual,TRUE,TRUE,
jarrod-bowen-face-mask-2026-england-football-player-celebrity-card-face-mask-celebrity-mask-for-stag-do-hen-night-fancy-dress-costume-parties-funny-adult-card-mask,"Jarrod Bowen Face Mask 2026 – England Football Player Celebrity Card Face Mask – Celebrity Mask for Stag Do, Hen Night, Fancy Dress & Costume Parties",active,Style,Ready Cut,Fitting,Elastic,FaceMask-JarrodBowen-RC-E,2.99,continue,,manual,TRUE,TRUE,
jarrod-bowen-face-mask-2026-england-football-player-celebrity-card-face-mask-celebrity-mask-for-stag-do-hen-night-fancy-dress-costume-parties-funny-adult-card-mask,,,,Ready Cut,,Stick,FaceMask-JarrodBowen-RC-S,3.49,continue,,manual,TRUE,TRUE,
jarrod-bowen-face-mask-2026-england-football-player-celebrity-card-face-mask-celebrity-mask-for-stag-do-hen-night-fancy-dress-costume-parties-funny-adult-card-mask,,,,DIY,,Elastic,FaceMask-JarrodBowen-DIY-E,1.50,continue,,manual,TRUE,TRUE,
jarrod-bowen-face-mask-2026-england-football-player-celebrity-card-face-mask-celebrity-mask-for-stag-do-hen-night-fancy-dress-costume-parties-funny-adult-card-mask,,,,DIY,,Stick,FaceMask-JarrodBowen-DIY-S,2.00,continue,,manual,TRUE,TRUE,
john-stones-face-mask-2026-england-football-player-celebrity-card-face-mask-celebrity-mask-for-stag-do-hen-night-fancy-dress-costume-parties-funny-adult-card-mask,"John Stones Face Mask 2026 – England Football Player Celebrity Card Face Mask – Celebrity Mask for Stag Do, Hen Night, Fancy Dress & Costume Parties",active,Style,Ready Cut,Fitting,Elastic,FaceMask-JohnStones-RC-E,2.99,continue,,manual,TRUE,TRUE,
john-stones-face-mask-2026-england-football-player-celebrity-card-face-mask-celebrity-mask-for-stag-do-hen-night-fancy-dress-costume-parties-funny-adult-card-mask,,,,Ready Cut,,Stick,FaceMask-JohnStones-RC-S,3.49,continue,,manual,TRUE,TRUE,
john-stones-face-mask-2026-england-football-player-celebrity-card-face-mask-celebrity-mask-for-stag-do-hen-night-fancy-dress-costume-parties-funny-adult-card-mask,,,,DIY,,Elastic,FaceMask-JohnStones-DIY-E,1.50,continue,,manual,TRUE,TRUE,
john-stones-face-mask-2026-england-football-player-celebrity-card-face-mask-celebrity-mask-for-stag-do-hen-night-fancy-dress-costume-parties-funny-adult-card-mask,,,,DIY,,Stick,FaceMask-JohnStones-DIY-S,2.00,continue,,manual,TRUE,TRUE,
jordan-henderson-face-mask-2026-england-football-player-celebrity-card-face-mask-celebrity-mask-for-stag-do-hen-night-fancy-dress-costume-parties-funny-adult-card-mask,Jordan Henderson Face Mask 2026 – England Football Player Celebrity Card Face Mask,active,Style,Ready Cut,Fitting,Elastic,FaceMask-JordanHenderson-RC-E,2.99,continue,,manual,TRUE,TRUE,
jordan-henderson-face-mask-2026-england-football-player-celebrity-card-face-mask-celebrity-mask-for-stag-do-hen-night-fancy-dress-costume-parties-funny-adult-card-mask,,,,Ready Cut,,Stick,FaceMask-JordanHenderson-RC-S,3.49,continue,,manual,TRUE,TRUE,
jordan-henderson-face-mask-2026-england-football-player-celebrity-card-face-mask-celebrity-mask-for-stag-do-hen-night-fancy-dress-costume-parties-funny-adult-card-mask,,,,DIY,,Elastic,FaceMask-JordanHenderson-DIY-E,1.50,continue,,manual,TRUE,TRUE,
jordan-henderson-face-mask-2026-england-football-player-celebrity-card-face-mask-celebrity-mask-for-stag-do-hen-night-fancy-dress-costume-parties-funny-adult-card-mask,,,,DIY,,Stick,FaceMask-JordanHenderson-DIY-S,2.00,continue,,manual,TRUE,TRUE,
jordan-pickford-face-mask-2026-england-football-player-celebrity-card-face-mask-celebrity-mask-for-stag-do-hen-night-fancy-dress-costume-parties-funny-adult-card-mask,Jordan Pickford Face Mask – Fancy Dress Cardboard Costume Mask,active,Style,Ready Cut,Fitting,Elastic,FaceMask-JordanPickford-RC-E,2.99,continue,,manual,TRUE,TRUE,
jordan-pickford-face-mask-2026-england-football-player-celebrity-card-face-mask-celebrity-mask-for-stag-do-hen-night-fancy-dress-costume-parties-funny-adult-card-mask,,,,Ready Cut,,Stick,FaceMask-JordanPickford-RC-S,3.49,continue,,manual,TRUE,TRUE,
jordan-pickford-face-mask-2026-england-football-player-celebrity-card-face-mask-celebrity-mask-for-stag-do-hen-night-fancy-dress-costume-parties-funny-adult-card-mask,,,,DIY,,Elastic,FaceMask-JordanPickford-DIY-E,1.50,continue,,manual,TRUE,TRUE,
jordan-pickford-face-mask-2026-england-football-player-celebrity-card-face-mask-celebrity-mask-for-stag-do-hen-night-fancy-dress-costume-parties-funny-adult-card-mask,,,,DIY,,Stick,FaceMask-JordanPickford-DIY-S,2.00,continue,,manual,TRUE,TRUE,
jude-bellingham-face-mask-2026-england-football-player-celebrity-card-face-mask-celebrity-mask-for-stag-do-hen-night-fancy-dress-costume-parties-funny-adult-card-mask,Jude Bellingham Face Mask 2026 – England Football Player Celebrity Card Face Mask,active,Style,Ready Cut,Fitting,Elastic,FaceMask-JudeBellingham-RC-E,2.99,continue,,manual,TRUE,TRUE,
jude-bellingham-face-mask-2026-england-football-player-celebrity-card-face-mask-celebrity-mask-for-stag-do-hen-night-fancy-dress-costume-parties-funny-adult-card-mask,,,,Ready Cut,,Stick,FaceMask-JudeBellingham-RC-S,3.49,continue,,manual,TRUE,TRUE,
jude-bellingham-face-mask-2026-england-football-player-celebrity-card-face-mask-celebrity-mask-for-stag-do-hen-night-fancy-dress-costume-parties-funny-adult-card-mask,,,,DIY,,Elastic,FaceMask-JudeBellingham-DIY-E,1.50,continue,,manual,TRUE,TRUE,
jude-bellingham-face-mask-2026-england-football-player-celebrity-card-face-mask-celebrity-mask-for-stag-do-hen-night-fancy-dress-costume-parties-funny-adult-card-mask,,,,DIY,,Stick,FaceMask-JudeBellingham-DIY-S,2.00,continue,,manual,TRUE,TRUE,
lewis-hall-face-mask-2026-england-football-player-celebrity-card-face-mask-celebrity-mask-for-stag-do-hen-night-fancy-dress-costume-parties-funny-adult-card-mask,Lewis Hall Face Mask – Fancy Dress Cardboard Costume Mask,active,Style,Ready Cut,Fitting,Elastic,FaceMask-LewisHall-RC-E,2.99,continue,,manual,TRUE,TRUE,
lewis-hall-face-mask-2026-england-football-player-celebrity-card-face-mask-celebrity-mask-for-stag-do-hen-night-fancy-dress-costume-parties-funny-adult-card-mask,,,,Ready Cut,,Stick,FaceMask-LewisHall-RC-S,3.49,continue,,manual,TRUE,TRUE,
lewis-hall-face-mask-2026-england-football-player-celebrity-card-face-mask-celebrity-mask-for-stag-do-hen-night-fancy-dress-costume-parties-funny-adult-card-mask,,,,DIY,,Elastic,FaceMask-LewisHall-DIY-E,1.50,continue,,manual,TRUE,TRUE,
lewis-hall-face-mask-2026-england-football-player-celebrity-card-face-mask-celebrity-mask-for-stag-do-hen-night-fancy-dress-costume-parties-funny-adult-card-mask,,,,DIY,,Stick,FaceMask-LewisHall-DIY-S,2.00,continue,,manual,TRUE,TRUE,
marc-guehi-face-mask-2026-england-football-player-celebrity-card-face-mask-celebrity-mask-for-stag-do-hen-night-fancy-dress-costume-parties-funny-adult-card-mask,"Marc Guehi Face Mask 2026 – England Football Player Celebrity Card Face Mask – Celebrity Mask for Stag Do, Hen Night, Fancy Dress & Costume Parties",active,Style,Ready Cut,Fitting,Elastic,FaceMask-MarcGuehi-RC-E,2.99,continue,,manual,TRUE,TRUE,
marc-guehi-face-mask-2026-england-football-player-celebrity-card-face-mask-celebrity-mask-for-stag-do-hen-night-fancy-dress-costume-parties-funny-adult-card-mask,,,,Ready Cut,,Stick,FaceMask-MarcGuehi-RC-S,3.49,continue,,manual,TRUE,TRUE,
marc-guehi-face-mask-2026-england-football-player-celebrity-card-face-mask-celebrity-mask-for-stag-do-hen-night-fancy-dress-costume-parties-funny-adult-card-mask,,,,DIY,,Elastic,FaceMask-MarcGuehi-DIY-E,1.50,continue,,manual,TRUE,TRUE,
marc-guehi-face-mask-2026-england-football-player-celebrity-card-face-mask-celebrity-mask-for-stag-do-hen-night-fancy-dress-costume-parties-funny-adult-card-mask,,,,DIY,,Stick,FaceMask-MarcGuehi-DIY-S,2.00,continue,,manual,TRUE,TRUE,
marcus-rashford-face-mask-2026-england-football-player-celebrity-card-face-mask-celebrity-mask-for-stag-do-hen-night-fancy-dress-costume-parties-funny-adult-card-mask,Marcus Rashford Face Mask 2026 – England Football Player Celebrity Card Face Mask,archived,Style,Ready Cut,Fitting,Elastic,FOXY-CARD-MARCUS-RASHFORD-FACE-MASK-2026-ENGLA-RC-E,2.99,continue,,manual,TRUE,TRUE,
marcus-rashford-face-mask-2026-england-football-player-celebrity-card-face-mask-celebrity-mask-for-stag-do-hen-night-fancy-dress-costume-parties-funny-adult-card-mask,,,,Ready Cut,,Stick,FOXY-CARD-MARCUS-RASHFORD-FACE-MASK-2026-ENGLA-RC-S,3.49,continue,,manual,TRUE,TRUE,
marcus-rashford-face-mask-2026-england-football-player-celebrity-card-face-mask-celebrity-mask-for-stag-do-hen-night-fancy-dress-costume-parties-funny-adult-card-mask,,,,DIY,,Elastic,FOXY-CARD-MARCUS-RASHFORD-FACE-MASK-2026-ENGLA-DIY-E,1.50,continue,,manual,TRUE,TRUE,
marcus-rashford-face-mask-2026-england-football-player-celebrity-card-face-mask-celebrity-mask-for-stag-do-hen-night-fancy-dress-costume-parties-funny-adult-card-mask,,,,DIY,,Stick,FOXY-CARD-MARCUS-RASHFORD-FACE-MASK-2026-ENGLA-DIY-S,2.00,continue,,manual,TRUE,TRUE,
marcus-rashford-face-mask-2026-england-football-player-celebrity-card-face-mask-celebrity-mask-for-stag-do-hen-night-fancy-dress-costume-parties-funny-adult-card-mask-1,Marcus Rashford Face Mask 2026 – England Football Player Celebrity Card Face Mask,active,Style,Ready Cut,Fitting,Elastic,FaceMask-MarcusRashford-RC-E,2.99,continue,,manual,TRUE,TRUE,
marcus-rashford-face-mask-2026-england-football-player-celebrity-card-face-mask-celebrity-mask-for-stag-do-hen-night-fancy-dress-costume-parties-funny-adult-card-mask-1,,,,Ready Cut,,Stick,FaceMask-MarcusRashford-RC-S,3.49,continue,,manual,TRUE,TRUE,
marcus-rashford-face-mask-2026-england-football-player-celebrity-card-face-mask-celebrity-mask-for-stag-do-hen-night-fancy-dress-costume-parties-funny-adult-card-mask-1,,,,DIY,,Elastic,FaceMask-MarcusRashford-DIY-E,1.50,continue,,manual,TRUE,TRUE,
marcus-rashford-face-mask-2026-england-football-player-celebrity-card-face-mask-celebrity-mask-for-stag-do-hen-night-fancy-dress-costume-parties-funny-adult-card-mask-1,,,,DIY,,Stick,FaceMask-MarcusRashford-DIY-S,2.00,continue,,manual,TRUE,TRUE,
mason-mount-face-mask-2026-england-football-player-celebrity-card-face-mask-celebrity-mask-for-stag-do-hen-night-fancy-dress-costume-parties-funny-adult-card-mask,Mason Mount Face Mask – Fancy Dress Cardboard Costume Mask,active,Style,Ready Cut,Fitting,Elastic,FaceMask-MasonMount-RC-E,2.99,continue,,manual,TRUE,TRUE,
mason-mount-face-mask-2026-england-football-player-celebrity-card-face-mask-celebrity-mask-for-stag-do-hen-night-fancy-dress-costume-parties-funny-adult-card-mask,,,,Ready Cut,,Stick,FaceMask-MasonMount-RC-S,3.49,continue,,manual,TRUE,TRUE,
mason-mount-face-mask-2026-england-football-player-celebrity-card-face-mask-celebrity-mask-for-stag-do-hen-night-fancy-dress-costume-parties-funny-adult-card-mask,,,,DIY,,Elastic,FaceMask-MasonMount-DIY-E,1.50,continue,,manual,TRUE,TRUE,
mason-mount-face-mask-2026-england-football-player-celebrity-card-face-mask-celebrity-mask-for-stag-do-hen-night-fancy-dress-costume-parties-funny-adult-card-mask,,,,DIY,,Stick,FaceMask-MasonMount-DIY-S,2.00,continue,,manual,TRUE,TRUE,
morgan-gibbs-white-face-mask-2026-england-football-player-celebrity-card-face-mask-celebrity-mask-for-stag-do-hen-night-fancy-dress-costume-parties-funny-adult-card-mask,Morgan Gibbs-White Face Mask – Fancy Dress Cardboard Costume Mask,active,Style,Ready Cut,Fitting,Elastic,FaceMask-MorganGibbsWhite-RC-E,2.99,continue,,manual,TRUE,TRUE,
morgan-gibbs-white-face-mask-2026-england-football-player-celebrity-card-face-mask-celebrity-mask-for-stag-do-hen-night-fancy-dress-costume-parties-funny-adult-card-mask,,,,Ready Cut,,Stick,FaceMask-MorganGibbsWhite-RC-S,3.49,continue,,manual,TRUE,TRUE,
morgan-gibbs-white-face-mask-2026-england-football-player-celebrity-card-face-mask-celebrity-mask-for-stag-do-hen-night-fancy-dress-costume-parties-funny-adult-card-mask,,,,DIY,,Elastic,FaceMask-MorganGibbsWhite-DIY-E,1.50,continue,,manual,TRUE,TRUE,
morgan-gibbs-white-face-mask-2026-england-football-player-celebrity-card-face-mask-celebrity-mask-for-stag-do-hen-night-fancy-dress-costume-parties-funny-adult-card-mask,,,,DIY,,Stick,FaceMask-MorganGibbsWhite-DIY-S,2.00,continue,,manual,TRUE,TRUE,
morgan-rogers-face-mask-2026-england-football-player-celebrity-card-face-mask-celebrity-mask-for-stag-do-hen-night-fancy-dress-costume-parties-funny-adult-card-mask,Morgan Rogers Face Mask – Fancy Dress Cardboard Costume Mask,active,Style,Ready Cut,Fitting,Elastic,FaceMask-MorganRogers-RC-E,2.99,continue,,manual,TRUE,TRUE,
morgan-rogers-face-mask-2026-england-football-player-celebrity-card-face-mask-celebrity-mask-for-stag-do-hen-night-fancy-dress-costume-parties-funny-adult-card-mask,,,,Ready Cut,,Stick,FaceMask-MorganRogers-RC-S,3.49,continue,,manual,TRUE,TRUE,
morgan-rogers-face-mask-2026-england-football-player-celebrity-card-face-mask-celebrity-mask-for-stag-do-hen-night-fancy-dress-costume-parties-funny-adult-card-mask,,,,DIY,,Elastic,FaceMask-MorganRogers-DIY-E,1.50,continue,,manual,TRUE,TRUE,
morgan-rogers-face-mask-2026-england-football-player-celebrity-card-face-mask-celebrity-mask-for-stag-do-hen-night-fancy-dress-costume-parties-funny-adult-card-mask,,,,DIY,,Stick,FaceMask-MorganRogers-DIY-S,2.00,continue,,manual,TRUE,TRUE,
myles-lewis-skelly-face-mask-2026-england-football-player-celebrity-card-face-mask-celebrity-mask-for-stag-do-hen-night-fancy-dress-costume-parties-funny-adult-card-mask,Myles Lewis-Skelly Face Mask – Fancy Dress Cardboard Costume Mask,active,Style,Ready Cut,Fitting,Elastic,FaceMask-MylesLewis-Skelly-RC-E,2.99,continue,,manual,TRUE,TRUE,
myles-lewis-skelly-face-mask-2026-england-football-player-celebrity-card-face-mask-celebrity-mask-for-stag-do-hen-night-fancy-dress-costume-parties-funny-adult-card-mask,,,,Ready Cut,,Stick,FaceMask-MylesLewis-Skelly-RC-S,3.49,continue,,manual,TRUE,TRUE,
myles-lewis-skelly-face-mask-2026-england-football-player-celebrity-card-face-mask-celebrity-mask-for-stag-do-hen-night-fancy-dress-costume-parties-funny-adult-card-mask,,,,DIY,,Elastic,FaceMask-MylesLewis-Skelly-DIY-E,1.50,continue,,manual,TRUE,TRUE,
myles-lewis-skelly-face-mask-2026-england-football-player-celebrity-card-face-mask-celebrity-mask-for-stag-do-hen-night-fancy-dress-costume-parties-funny-adult-card-mask,,,,DIY,,Stick,FaceMask-MylesLewis-Skelly-DIY-S,2.00,continue,,manual,TRUE,TRUE,
nico-oreilly-face-mask-2026-england-football-player-celebrity-card-face-mask-celebrity-mask-for-stag-do-hen-night-fancy-dress-costume-parties-funny-adult-card-mask,Nico O'Reilly Face Mask – Fancy Dress Cardboard Costume Mask,active,Style,Ready Cut,Fitting,Elastic,FaceMask-NicoOreilly-RC-E,2.99,continue,,manual,TRUE,TRUE,
nico-oreilly-face-mask-2026-england-football-player-celebrity-card-face-mask-celebrity-mask-for-stag-do-hen-night-fancy-dress-costume-parties-funny-adult-card-mask,,,,Ready Cut,,Stick,FaceMask-NicoOreilly-RC-S,3.49,continue,,manual,TRUE,TRUE,
nico-oreilly-face-mask-2026-england-football-player-celebrity-card-face-mask-celebrity-mask-for-stag-do-hen-night-fancy-dress-costume-parties-funny-adult-card-mask,,,,DIY,,Elastic,FaceMask-NicoOreilly-DIY-E,1.50,continue,,manual,TRUE,TRUE,
nico-oreilly-face-mask-2026-england-football-player-celebrity-card-face-mask-celebrity-mask-for-stag-do-hen-night-fancy-dress-costume-parties-funny-adult-card-mask,,,,DIY,,Stick,FaceMask-NicoOreilly-DIY-S,2.00,continue,,manual,TRUE,TRUE,
noni-madueke-face-mask-2026-england-football-player-celebrity-card-face-mask-celebrity-mask-for-stag-do-hen-night-fancy-dress-costume-parties-funny-adult-card-mask,Noni Madueke Face Mask – Fancy Dress Cardboard Costume Mask,active,Style,Ready Cut,Fitting,Elastic,FaceMask-NoniMadueke-RC-E,2.99,continue,,manual,TRUE,TRUE,
noni-madueke-face-mask-2026-england-football-player-celebrity-card-face-mask-celebrity-mask-for-stag-do-hen-night-fancy-dress-costume-parties-funny-adult-card-mask,,,,Ready Cut,,Stick,FaceMask-NoniMadueke-RC-S,3.49,continue,,manual,TRUE,TRUE,
noni-madueke-face-mask-2026-england-football-player-celebrity-card-face-mask-celebrity-mask-for-stag-do-hen-night-fancy-dress-costume-parties-funny-adult-card-mask,,,,DIY,,Elastic,FaceMask-NoniMadueke-DIY-E,1.50,continue,,manual,TRUE,TRUE,
noni-madueke-face-mask-2026-england-football-player-celebrity-card-face-mask-celebrity-mask-for-stag-do-hen-night-fancy-dress-costume-parties-funny-adult-card-mask,,,,DIY,,Stick,FaceMask-NoniMadueke-DIY-S,2.00,continue,,manual,TRUE,TRUE,
ollie-watkins-face-mask-2026-england-football-player-celebrity-card-face-mask-celebrity-mask-for-stag-do-hen-night-fancy-dress-costume-parties-funny-adult-card-mask,"Ollie Watkins Face Mask 2026 – England Football Player Celebrity Card Face Mask – Celebrity Mask for Stag Do, Hen Night, Fancy Dress & Costume Parties",active,Style,Ready Cut,Fitting,Elastic,FaceMask-OllieWatkins-RC-E,2.99,continue,,manual,TRUE,TRUE,
ollie-watkins-face-mask-2026-england-football-player-celebrity-card-face-mask-celebrity-mask-for-stag-do-hen-night-fancy-dress-costume-parties-funny-adult-card-mask,,,,Ready Cut,,Stick,FaceMask-OllieWatkins-RC-S,3.49,continue,,manual,TRUE,TRUE,
ollie-watkins-face-mask-2026-england-football-player-celebrity-card-face-mask-celebrity-mask-for-stag-do-hen-night-fancy-dress-costume-parties-funny-adult-card-mask,,,,DIY,,Elastic,FaceMask-OllieWatkins-DIY-E,1.50,continue,,manual,TRUE,TRUE,
ollie-watkins-face-mask-2026-england-football-player-celebrity-card-face-mask-celebrity-mask-for-stag-do-hen-night-fancy-dress-costume-parties-funny-adult-card-mask,,,,DIY,,Stick,FaceMask-OllieWatkins-DIY-S,2.00,continue,,manual,TRUE,TRUE,
phil-foden-face-mask-2026-england-football-player-celebrity-card-face-mask-celebrity-mask-for-stag-do-hen-night-fancy-dress-costume-parties-funny-adult-card-mask,"Phil Foden Face Mask 2026 – England Football Player Celebrity Card Face Mask – Celebrity Mask for Stag Do, Hen Night, Fancy Dress & Costume Parties",active,Style,Ready Cut,Fitting,Elastic,FaceMask-PhilFoden-RC-E,2.99,continue,,manual,TRUE,TRUE,
phil-foden-face-mask-2026-england-football-player-celebrity-card-face-mask-celebrity-mask-for-stag-do-hen-night-fancy-dress-costume-parties-funny-adult-card-mask,,,,Ready Cut,,Stick,FaceMask-PhilFoden-RC-S,3.49,continue,,manual,TRUE,TRUE,
phil-foden-face-mask-2026-england-football-player-celebrity-card-face-mask-celebrity-mask-for-stag-do-hen-night-fancy-dress-costume-parties-funny-adult-card-mask,,,,DIY,,Elastic,FaceMask-PhilFoden-DIY-E,1.50,continue,,manual,TRUE,TRUE,
phil-foden-face-mask-2026-england-football-player-celebrity-card-face-mask-celebrity-mask-for-stag-do-hen-night-fancy-dress-costume-parties-funny-adult-card-mask,,,,DIY,,Stick,FaceMask-PhilFoden-DIY-S,2.00,continue,,manual,TRUE,TRUE,
reece-james-face-mask-2026-england-football-player-celebrity-card-face-mask-celebrity-mask-for-stag-do-hen-night-fancy-dress-costume-parties-funny-adult-card-mask,"Reece James Face Mask 2026 – England Football Player Celebrity Card Face Mask – Celebrity Mask for Stag Do, Hen Night, Fancy Dress & Costume Parties",active,Style,Ready Cut,Fitting,Elastic,FaceMask-ReeceJames-RC-E,2.99,continue,,manual,TRUE,TRUE,
reece-james-face-mask-2026-england-football-player-celebrity-card-face-mask-celebrity-mask-for-stag-do-hen-night-fancy-dress-costume-parties-funny-adult-card-mask,,,,Ready Cut,,Stick,FaceMask-ReeceJames-RC-S,3.49,continue,,manual,TRUE,TRUE,
reece-james-face-mask-2026-england-football-player-celebrity-card-face-mask-celebrity-mask-for-stag-do-hen-night-fancy-dress-costume-parties-funny-adult-card-mask,,,,DIY,,Elastic,FaceMask-ReeceJames-DIY-E,1.50,continue,,manual,TRUE,TRUE,
reece-james-face-mask-2026-england-football-player-celebrity-card-face-mask-celebrity-mask-for-stag-do-hen-night-fancy-dress-costume-parties-funny-adult-card-mask,,,,DIY,,Stick,FaceMask-ReeceJames-DIY-S,2.00,continue,,manual,TRUE,TRUE,
ruben-loftus-cheek-face-mask-2026-england-football-player-celebrity-card-face-mask-celebrity-mask-for-stag-do-hen-night-fancy-dress-costume-parties-funny-adult-card-mask,Ruben Loftus-Cheek Face Mask – Fancy Dress Cardboard Costume Mask,active,Style,Ready Cut,Fitting,Elastic,FaceMask-RubenLoftusCheek-RC-E,2.99,continue,,manual,TRUE,TRUE,
ruben-loftus-cheek-face-mask-2026-england-football-player-celebrity-card-face-mask-celebrity-mask-for-stag-do-hen-night-fancy-dress-costume-parties-funny-adult-card-mask,,,,Ready Cut,,Stick,FaceMask-RubenLoftusCheek-RC-S,3.49,continue,,manual,TRUE,TRUE,
ruben-loftus-cheek-face-mask-2026-england-football-player-celebrity-card-face-mask-celebrity-mask-for-stag-do-hen-night-fancy-dress-costume-parties-funny-adult-card-mask,,,,DIY,,Elastic,FaceMask-RubenLoftusCheek-DIY-E,1.50,continue,,manual,TRUE,TRUE,
ruben-loftus-cheek-face-mask-2026-england-football-player-celebrity-card-face-mask-celebrity-mask-for-stag-do-hen-night-fancy-dress-costume-parties-funny-adult-card-mask,,,,DIY,,Stick,FaceMask-RubenLoftusCheek-DIY-S,2.00,continue,,manual,TRUE,TRUE,
tino-livramento-face-mask-2026-england-football-player-celebrity-card-face-mask-celebrity-mask-for-stag-do-hen-night-fancy-dress-costume-parties-funny-adult-card-mask,Tino Livramento Face Mask 2026 – England Football Player Celebrity Card Face Mask,active,Style,Ready Cut,Fitting,Elastic,FaceMask-TinoLivramento-RC-E,2.99,continue,,manual,TRUE,TRUE,
tino-livramento-face-mask-2026-england-football-player-celebrity-card-face-mask-celebrity-mask-for-stag-do-hen-night-fancy-dress-costume-parties-funny-adult-card-mask,,,,Ready Cut,,Stick,FaceMask-TinoLivramento-RC-S,3.49,continue,,manual,TRUE,TRUE,
tino-livramento-face-mask-2026-england-football-player-celebrity-card-face-mask-celebrity-mask-for-stag-do-hen-night-fancy-dress-costume-parties-funny-adult-card-mask,,,,DIY,,Elastic,FaceMask-TinoLivramento-DIY-E,1.50,continue,,manual,TRUE,TRUE,
tino-livramento-face-mask-2026-england-football-player-celebrity-card-face-mask-celebrity-mask-for-stag-do-hen-night-fancy-dress-costume-parties-funny-adult-card-mask,,,,DIY,,Stick,FaceMask-TinoLivramento-DIY-S,2.00,continue,,manual,TRUE,TRUE,
trent-alexander-arnold-face-mask-2026-england-football-player-celebrity-card-face-mask-celebrity-mask-for-stag-do-hen-night-fancy-dress-costume-parties-funny-adult-card-mask,Trent Alexander Arnold Face Mask 2026 – England Football Player Celebrity Card Face Mask,active,Style,Ready Cut,Fitting,Elastic,FaceMask-TrentAlexanderArnold-RC-E,2.99,continue,,manual,TRUE,TRUE,
trent-alexander-arnold-face-mask-2026-england-football-player-celebrity-card-face-mask-celebrity-mask-for-stag-do-hen-night-fancy-dress-costume-parties-funny-adult-card-mask,,,,Ready Cut,,Stick,FaceMask-TrentAlexanderArnold-RC-S,3.49,continue,,manual,TRUE,TRUE,
trent-alexander-arnold-face-mask-2026-england-football-player-celebrity-card-face-mask-celebrity-mask-for-stag-do-hen-night-fancy-dress-costume-parties-funny-adult-card-mask,,,,DIY,,Elastic,FaceMask-TrentAlexanderArnold-DIY-E,1.50,continue,,manual,TRUE,TRUE,
trent-alexander-arnold-face-mask-2026-england-football-player-celebrity-card-face-mask-celebrity-mask-for-stag-do-hen-night-fancy-dress-costume-parties-funny-adult-card-mask,,,,DIY,,Stick,FaceMask-TrentAlexanderArnold-DIY-S,2.00,continue,,manual,TRUE,TRUE,
trevoh-chalobah-face-mask-2026-england-football-player-celebrity-card-face-mask-celebrity-mask-for-stag-do-hen-night-fancy-dress-costume-parties-funny-adult-card-mask,Trevoh Chalobah Face Mask – Fancy Dress Cardboard Costume Mask,active,Style,Ready Cut,Fitting,Elastic,FaceMask-TrevohChalobah-RC-E,2.99,continue,,manual,TRUE,TRUE,
trevoh-chalobah-face-mask-2026-england-football-player-celebrity-card-face-mask-celebrity-mask-for-stag-do-hen-night-fancy-dress-costume-parties-funny-adult-card-mask,,,,Ready Cut,,Stick,FaceMask-TrevohChalobah-RC-S,3.49,continue,,manual,TRUE,TRUE,
trevoh-chalobah-face-mask-2026-england-football-player-celebrity-card-face-mask-celebrity-mask-for-stag-do-hen-night-fancy-dress-costume-parties-funny-adult-card-mask,,,,DIY,,Elastic,FaceMask-TrevohChalobah-DIY-E,1.50,continue,,manual,TRUE,TRUE,
trevoh-chalobah-face-mask-2026-england-football-player-celebrity-card-face-mask-celebrity-mask-for-stag-do-hen-night-fancy-dress-costume-parties-funny-adult-card-mask,,,,DIY,,Stick,FaceMask-TrevohChalobah-DIY-S,2.00,continue,,manual,TRUE,TRUE,
adrian-newey-cap-face-mask-f1-motorsport-celebrity-card-face-mask-celebrity-mask-for-stag-do-hen-night-fancy-dress-costume-parties-funny-adult-card-mask,Adrian Newey (Cap) Face Mask – Fancy Dress Cardboard Costume Mask,active,Style,Ready Cut,Fitting,Elastic,FaceMask-AdrianNeweyCap-RC-E,2.99,continue,,manual,TRUE,TRUE,
adrian-newey-cap-face-mask-f1-motorsport-celebrity-card-face-mask-celebrity-mask-for-stag-do-hen-night-fancy-dress-costume-parties-funny-adult-card-mask,,,,Ready Cut,,Stick,FaceMask-AdrianNeweyCap-RC-S,3.49,continue,,manual,TRUE,TRUE,
adrian-newey-cap-face-mask-f1-motorsport-celebrity-card-face-mask-celebrity-mask-for-stag-do-hen-night-fancy-dress-costume-parties-funny-adult-card-mask,,,,DIY,,Elastic,FaceMask-AdrianNeweyCap-DIY-E,1.50,continue,,manual,TRUE,TRUE,
adrian-newey-cap-face-mask-f1-motorsport-celebrity-card-face-mask-celebrity-mask-for-stag-do-hen-night-fancy-dress-costume-parties-funny-adult-card-mask,,,,DIY,,Stick,FaceMask-AdrianNeweyCap-DIY-S,2.00,continue,,manual,TRUE,TRUE,
adrian-newey-face-mask-f1-motorsport-celebrity-card-face-mask-celebrity-mask-for-stag-do-hen-night-fancy-dress-costume-parties-funny-adult-card-mask,Adrian Newey Face Mask – Fancy Dress Cardboard Costume Mask,active,Style,Ready Cut,Fitting,Elastic,FaceMask-AdrianNewey-RC-E,2.99,continue,,manual,TRUE,TRUE,
adrian-newey-face-mask-f1-motorsport-celebrity-card-face-mask-celebrity-mask-for-stag-do-hen-night-fancy-dress-costume-parties-funny-adult-card-mask,,,,Ready Cut,,Stick,FaceMask-AdrianNewey-RC-S,3.49,continue,,manual,TRUE,TRUE,
adrian-newey-face-mask-f1-motorsport-celebrity-card-face-mask-celebrity-mask-for-stag-do-hen-night-fancy-dress-costume-parties-funny-adult-card-mask,,,,DIY,,Elastic,FaceMask-AdrianNewey-DIY-E,1.50,continue,,manual,TRUE,TRUE,
adrian-newey-face-mask-f1-motorsport-celebrity-card-face-mask-celebrity-mask-for-stag-do-hen-night-fancy-dress-costume-parties-funny-adult-card-mask,,,,DIY,,Stick,FaceMask-AdrianNewey-DIY-S,2.00,continue,,manual,TRUE,TRUE,
alex-albon-facemask-f1-motorsport-celebrity-card-face-mask-celebrity-mask-for-stag-do-hen-night-fancy-dress-costume-parties-funny-adult-card-mask,"Alex Albon Facemask – F1 Motorsport Celebrity Card Face Mask – Celebrity Mask for Stag Do, Hen Night, Fancy Dress & Costume Parties",active,Style,Ready Cut,Fitting,Elastic,FaceMask-AlexAlbon-RC-E,2.99,continue,,manual,TRUE,TRUE,
alex-albon-facemask-f1-motorsport-celebrity-card-face-mask-celebrity-mask-for-stag-do-hen-night-fancy-dress-costume-parties-funny-adult-card-mask,,,,Ready Cut,,Stick,FaceMask-AlexAlbon-RC-S,3.49,continue,,manual,TRUE,TRUE,
alex-albon-facemask-f1-motorsport-celebrity-card-face-mask-celebrity-mask-for-stag-do-hen-night-fancy-dress-costume-parties-funny-adult-card-mask,,,,DIY,,Elastic,FaceMask-AlexAlbon-DIY-E,1.50,continue,,manual,TRUE,TRUE,
alex-albon-facemask-f1-motorsport-celebrity-card-face-mask-celebrity-mask-for-stag-do-hen-night-fancy-dress-costume-parties-funny-adult-card-mask,,,,DIY,,Stick,FaceMask-AlexAlbon-DIY-S,2.00,continue,,manual,TRUE,TRUE,
arvid-linblad-2-facemask-f1-motorsport-celebrity-card-face-mask-celebrity-mask-for-stag-do-hen-night-fancy-dress-costume-parties-funny-adult-card-mask,Arvid Linblad 2 Face Mask – Fancy Dress Cardboard Costume Mask,active,Style,Ready Cut,Fitting,Elastic,FaceMask-ArvidLinblad2-RC-E,2.99,continue,,manual,TRUE,TRUE,
arvid-linblad-2-facemask-f1-motorsport-celebrity-card-face-mask-celebrity-mask-for-stag-do-hen-night-fancy-dress-costume-parties-funny-adult-card-mask,,,,Ready Cut,,Stick,FaceMask-ArvidLinblad2-RC-S,3.49,continue,,manual,TRUE,TRUE,
arvid-linblad-2-facemask-f1-motorsport-celebrity-card-face-mask-celebrity-mask-for-stag-do-hen-night-fancy-dress-costume-parties-funny-adult-card-mask,,,,DIY,,Elastic,FaceMask-ArvidLinblad2-DIY-E,1.50,continue,,manual,TRUE,TRUE,
arvid-linblad-2-facemask-f1-motorsport-celebrity-card-face-mask-celebrity-mask-for-stag-do-hen-night-fancy-dress-costume-parties-funny-adult-card-mask,,,,DIY,,Stick,FaceMask-ArvidLinblad2-DIY-S,2.00,continue,,manual,TRUE,TRUE,
arvid-linblad-cap-facemask-f1-motorsport-celebrity-card-face-mask-celebrity-mask-for-stag-do-hen-night-fancy-dress-costume-parties-funny-adult-card-mask,Arvid Linblad (Cap) Face Mask – Fancy Dress Cardboard Costume Mask,active,Style,Ready Cut,Fitting,Elastic,FaceMask-ArvidLinbladCap-RC-E,2.99,continue,,manual,TRUE,TRUE,
arvid-linblad-cap-facemask-f1-motorsport-celebrity-card-face-mask-celebrity-mask-for-stag-do-hen-night-fancy-dress-costume-parties-funny-adult-card-mask,,,,Ready Cut,,Stick,FaceMask-ArvidLinbladCap-RC-S,3.49,continue,,manual,TRUE,TRUE,
arvid-linblad-cap-facemask-f1-motorsport-celebrity-card-face-mask-celebrity-mask-for-stag-do-hen-night-fancy-dress-costume-parties-funny-adult-card-mask,,,,DIY,,Elastic,FaceMask-ArvidLinbladCap-DIY-E,1.50,continue,,manual,TRUE,TRUE,
arvid-linblad-cap-facemask-f1-motorsport-celebrity-card-face-mask-celebrity-mask-for-stag-do-hen-night-fancy-dress-costume-parties-funny-adult-card-mask,,,,DIY,,Stick,FaceMask-ArvidLinbladCap-DIY-S,2.00,continue,,manual,TRUE,TRUE,
arvid-linblad-facemask-f1-motorsport-celebrity-card-face-mask-celebrity-mask-for-stag-do-hen-night-fancy-dress-costume-parties-funny-adult-card-mask,Arvid Linblad Face Mask – Fancy Dress Cardboard Costume Mask,active,Style,Ready Cut,Fitting,Elastic,FaceMask-ArvidLinblad-RC-E,2.99,continue,,manual,TRUE,TRUE,
arvid-linblad-facemask-f1-motorsport-celebrity-card-face-mask-celebrity-mask-for-stag-do-hen-night-fancy-dress-costume-parties-funny-adult-card-mask,,,,Ready Cut,,Stick,FaceMask-ArvidLinblad-RC-S,3.49,continue,,manual,TRUE,TRUE,
arvid-linblad-facemask-f1-motorsport-celebrity-card-face-mask-celebrity-mask-for-stag-do-hen-night-fancy-dress-costume-parties-funny-adult-card-mask,,,,DIY,,Elastic,FaceMask-ArvidLinblad-DIY-E,1.50,continue,,manual,TRUE,TRUE,
arvid-linblad-facemask-f1-motorsport-celebrity-card-face-mask-celebrity-mask-for-stag-do-hen-night-fancy-dress-costume-parties-funny-adult-card-mask,,,,DIY,,Stick,FaceMask-ArvidLinblad-DIY-S,2.00,continue,,manual,TRUE,TRUE,
carlos-sainz-cap-2-facemask-f1-motorsport-celebrity-card-face-mask-celebrity-mask-for-stag-do-hen-night-fancy-dress-costume-parties-funny-adult-card-mask,Carlos Sainz 2 (Cap) Face Mask – Fancy Dress Cardboard Costume Mask,active,Style,Ready Cut,Fitting,Elastic,FaceMask-CarlosSainzCap2-RC-E,2.99,continue,,manual,TRUE,TRUE,
carlos-sainz-cap-2-facemask-f1-motorsport-celebrity-card-face-mask-celebrity-mask-for-stag-do-hen-night-fancy-dress-costume-parties-funny-adult-card-mask,,,,Ready Cut,,Stick,FaceMask-CarlosSainzCap2-RC-S,3.49,continue,,manual,TRUE,TRUE,
carlos-sainz-cap-2-facemask-f1-motorsport-celebrity-card-face-mask-celebrity-mask-for-stag-do-hen-night-fancy-dress-costume-parties-funny-adult-card-mask,,,,DIY,,Elastic,FaceMask-CarlosSainzCap2-DIY-E,1.50,continue,,manual,TRUE,TRUE,
carlos-sainz-cap-2-facemask-f1-motorsport-celebrity-card-face-mask-celebrity-mask-for-stag-do-hen-night-fancy-dress-costume-parties-funny-adult-card-mask,,,,DIY,,Stick,FaceMask-CarlosSainzCap2-DIY-S,2.00,continue,,manual,TRUE,TRUE,
carlos-sainz-cap-facemask-f1-motorsport-celebrity-card-face-mask-celebrity-mask-for-stag-do-hen-night-fancy-dress-costume-parties-funny-adult-card-mask,Carlos Sainz (Cap) Face Mask – Fancy Dress Cardboard Costume Mask,active,Style,Ready Cut,Fitting,Elastic,FaceMask-CarlosSainzCap-RC-E,2.99,continue,,manual,TRUE,TRUE,
carlos-sainz-cap-facemask-f1-motorsport-celebrity-card-face-mask-celebrity-mask-for-stag-do-hen-night-fancy-dress-costume-parties-funny-adult-card-mask,,,,Ready Cut,,Stick,FaceMask-CarlosSainzCap-RC-S,3.49,continue,,manual,TRUE,TRUE,
carlos-sainz-cap-facemask-f1-motorsport-celebrity-card-face-mask-celebrity-mask-for-stag-do-hen-night-fancy-dress-costume-parties-funny-adult-card-mask,,,,DIY,,Elastic,FaceMask-CarlosSainzCap-DIY-E,1.50,continue,,manual,TRUE,TRUE,
carlos-sainz-cap-facemask-f1-motorsport-celebrity-card-face-mask-celebrity-mask-for-stag-do-hen-night-fancy-dress-costume-parties-funny-adult-card-mask,,,,DIY,,Stick,FaceMask-CarlosSainzCap-DIY-S,2.00,continue,,manual,TRUE,TRUE,
carlos-sainz-facemask-f1-motorsport-celebrity-card-face-mask-celebrity-mask-for-stag-do-hen-night-fancy-dress-costume-parties-funny-adult-card-mask,"Carlos Sainz Facemask – F1 Motorsport Celebrity Card Face Mask – Celebrity Mask for Stag Do, Hen Night, Fancy Dress & Costume Parties",active,Style,Ready Cut,Fitting,Elastic,FaceMask-CarlosSainz-RC-E,2.99,continue,,manual,TRUE,TRUE,
carlos-sainz-facemask-f1-motorsport-celebrity-card-face-mask-celebrity-mask-for-stag-do-hen-night-fancy-dress-costume-parties-funny-adult-card-mask,,,,Ready Cut,,Stick,FaceMask-CarlosSainz-RC-S,3.49,continue,,manual,TRUE,TRUE,
carlos-sainz-facemask-f1-motorsport-celebrity-card-face-mask-celebrity-mask-for-stag-do-hen-night-fancy-dress-costume-parties-funny-adult-card-mask,,,,DIY,,Elastic,FaceMask-CarlosSainz-DIY-E,1.50,continue,,manual,TRUE,TRUE,
carlos-sainz-facemask-f1-motorsport-celebrity-card-face-mask-celebrity-mask-for-stag-do-hen-night-fancy-dress-costume-parties-funny-adult-card-mask,,,,DIY,,Stick,FaceMask-CarlosSainz-DIY-S,2.00,continue,,manual,TRUE,TRUE,
charles-leclerc-2025-f1-motorsport-celebrity-card-face-mask-celebrity-mask-for-stag-do-hen-night-fancy-dress-costume-parties-funny-adult-card-mask,"Charles Leclerc 2025 – F1 Motorsport Celebrity Card Face Mask – Celebrity Mask for Stag Do, Hen Night, Fancy Dress & Costume Parties",active,Style,Ready Cut,Fitting,Elastic,FaceMask-CharlesLeclerc-RC-E,2.99,continue,,manual,TRUE,TRUE,
charles-leclerc-2025-f1-motorsport-celebrity-card-face-mask-celebrity-mask-for-stag-do-hen-night-fancy-dress-costume-parties-funny-adult-card-mask,,,,Ready Cut,,Stick,FaceMask-CharlesLeclerc-RC-S,3.49,continue,,manual,TRUE,TRUE,
charles-leclerc-2025-f1-motorsport-celebrity-card-face-mask-celebrity-mask-for-stag-do-hen-night-fancy-dress-costume-parties-funny-adult-card-mask,,,,DIY,,Elastic,FaceMask-CharlesLeclerc-DIY-E,1.50,continue,,manual,TRUE,TRUE,
charles-leclerc-2025-f1-motorsport-celebrity-card-face-mask-celebrity-mask-for-stag-do-hen-night-fancy-dress-costume-parties-funny-adult-card-mask,,,,DIY,,Stick,FaceMask-CharlesLeclerc-DIY-S,2.00,continue,,manual,TRUE,TRUE,
charles-leclerc-cap-2025-f1-motorsport-celebrity-card-face-mask-celebrity-mask-for-stag-do-hen-night-fancy-dress-costume-parties-funny-adult-card-mask,Charles Leclerc (Cap) Face Mask – Fancy Dress Cardboard Costume Mask,active,Style,Ready Cut,Fitting,Elastic,FaceMask-CharlesLeclercCap-RC-E,2.99,continue,,manual,TRUE,TRUE,
charles-leclerc-cap-2025-f1-motorsport-celebrity-card-face-mask-celebrity-mask-for-stag-do-hen-night-fancy-dress-costume-parties-funny-adult-card-mask,,,,Ready Cut,,Stick,FaceMask-CharlesLeclercCap-RC-S,3.49,continue,,manual,TRUE,TRUE,
charles-leclerc-cap-2025-f1-motorsport-celebrity-card-face-mask-celebrity-mask-for-stag-do-hen-night-fancy-dress-costume-parties-funny-adult-card-mask,,,,DIY,,Elastic,FaceMask-CharlesLeclercCap-DIY-E,1.50,continue,,manual,TRUE,TRUE,
charles-leclerc-cap-2025-f1-motorsport-celebrity-card-face-mask-celebrity-mask-for-stag-do-hen-night-fancy-dress-costume-parties-funny-adult-card-mask,,,,DIY,,Stick,FaceMask-CharlesLeclercCap-DIY-S,2.00,continue,,manual,TRUE,TRUE,
esteban-ocon-cap-face-mask-f1-motorsport-celebrity-card-face-mask-celebrity-mask-for-stag-do-hen-night-fancy-dress-costume-parties-funny-adult-card-mask,Esteban Ocon (Cap) Face Mask – Fancy Dress Cardboard Costume Mask,active,Style,Ready Cut,Fitting,Elastic,FaceMask-EstebanOconCap-RC-E,2.99,continue,,manual,TRUE,TRUE,
esteban-ocon-cap-face-mask-f1-motorsport-celebrity-card-face-mask-celebrity-mask-for-stag-do-hen-night-fancy-dress-costume-parties-funny-adult-card-mask,,,,Ready Cut,,Stick,FaceMask-EstebanOconCap-RC-S,3.49,continue,,manual,TRUE,TRUE,
esteban-ocon-cap-face-mask-f1-motorsport-celebrity-card-face-mask-celebrity-mask-for-stag-do-hen-night-fancy-dress-costume-parties-funny-adult-card-mask,,,,DIY,,Elastic,FaceMask-EstebanOconCap-DIY-E,1.50,continue,,manual,TRUE,TRUE,
esteban-ocon-cap-face-mask-f1-motorsport-celebrity-card-face-mask-celebrity-mask-for-stag-do-hen-night-fancy-dress-costume-parties-funny-adult-card-mask,,,,DIY,,Stick,FaceMask-EstebanOconCap-DIY-S,2.00,continue,,manual,TRUE,TRUE,
esteban-ocon-face-mask-f1-motorsport-celebrity-card-face-mask-celebrity-mask-for-stag-do-hen-night-fancy-dress-costume-parties-funny-adult-card-mask,"Esteban Ocon Face Mask – F1 Motorsport Celebrity Card Face Mask – Celebrity Mask for Stag Do, Hen Night, Fancy Dress & Costume Parties",active,Style,Ready Cut,Fitting,Elastic,FaceMask-EstebanOcon-RC-E,2.99,continue,,manual,TRUE,TRUE,
esteban-ocon-face-mask-f1-motorsport-celebrity-card-face-mask-celebrity-mask-for-stag-do-hen-night-fancy-dress-costume-parties-funny-adult-card-mask,,,,Ready Cut,,Stick,FaceMask-EstebanOcon-RC-S,3.49,continue,,manual,TRUE,TRUE,
esteban-ocon-face-mask-f1-motorsport-celebrity-card-face-mask-celebrity-mask-for-stag-do-hen-night-fancy-dress-costume-parties-funny-adult-card-mask,,,,DIY,,Elastic,FaceMask-EstebanOcon-DIY-E,1.50,continue,,manual,TRUE,TRUE,
esteban-ocon-face-mask-f1-motorsport-celebrity-card-face-mask-celebrity-mask-for-stag-do-hen-night-fancy-dress-costume-parties-funny-adult-card-mask,,,,DIY,,Stick,FaceMask-EstebanOcon-DIY-S,2.00,continue,,manual,TRUE,TRUE,
fernando-alonso-cap-2-face-mask-f1-motorsport-celebrity-card-face-mask-celebrity-mask-for-stag-do-hen-night-fancy-dress-costume-parties-funny-adult-card-mask,Fernando Alonso 2 (Cap) Face Mask – Fancy Dress Cardboard Costume Mask,active,Style,Ready Cut,Fitting,Elastic,FaceMask-FernandoAlonsoCap2-RC-E,2.99,continue,,manual,TRUE,TRUE,
fernando-alonso-cap-2-face-mask-f1-motorsport-celebrity-card-face-mask-celebrity-mask-for-stag-do-hen-night-fancy-dress-costume-parties-funny-adult-card-mask,,,,Ready Cut,,Stick,FaceMask-FernandoAlonsoCap2-RC-S,3.49,continue,,manual,TRUE,TRUE,
fernando-alonso-cap-2-face-mask-f1-motorsport-celebrity-card-face-mask-celebrity-mask-for-stag-do-hen-night-fancy-dress-costume-parties-funny-adult-card-mask,,,,DIY,,Elastic,FaceMask-FernandoAlonsoCap2-DIY-E,1.50,continue,,manual,TRUE,TRUE,
fernando-alonso-cap-2-face-mask-f1-motorsport-celebrity-card-face-mask-celebrity-mask-for-stag-do-hen-night-fancy-dress-costume-parties-funny-adult-card-mask,,,,DIY,,Stick,FaceMask-FernandoAlonsoCap2-DIY-S,2.00,continue,,manual,TRUE,TRUE,
fernando-alonso-cap-3-face-mask-f1-motorsport-celebrity-card-face-mask-celebrity-mask-for-stag-do-hen-night-fancy-dress-costume-parties-funny-adult-card-mask,Fernando Alonso 3 (Cap) Face Mask – Fancy Dress Cardboard Costume Mask,active,Style,Ready Cut,Fitting,Elastic,FaceMask-FernandoAlonsoCap3-RC-E,2.99,continue,,manual,TRUE,TRUE,
fernando-alonso-cap-3-face-mask-f1-motorsport-celebrity-card-face-mask-celebrity-mask-for-stag-do-hen-night-fancy-dress-costume-parties-funny-adult-card-mask,,,,Ready Cut,,Stick,FaceMask-FernandoAlonsoCap3-RC-S,3.49,continue,,manual,TRUE,TRUE,
fernando-alonso-cap-3-face-mask-f1-motorsport-celebrity-card-face-mask-celebrity-mask-for-stag-do-hen-night-fancy-dress-costume-parties-funny-adult-card-mask,,,,DIY,,Elastic,FaceMask-FernandoAlonsoCap3-DIY-E,1.50,continue,,manual,TRUE,TRUE,
fernando-alonso-cap-3-face-mask-f1-motorsport-celebrity-card-face-mask-celebrity-mask-for-stag-do-hen-night-fancy-dress-costume-parties-funny-adult-card-mask,,,,DIY,,Stick,FaceMask-FernandoAlonsoCap3-DIY-S,2.00,continue,,manual,TRUE,TRUE,
fernando-alonso-cap-face-mask-f1-motorsport-celebrity-card-face-mask-celebrity-mask-for-stag-do-hen-night-fancy-dress-costume-parties-funny-adult-card-mask,Fernando Alonso (Cap) Face Mask – Fancy Dress Cardboard Costume Mask,active,Style,Ready Cut,Fitting,Elastic,FaceMask-FernandoAlonsoCap-RC-E,2.99,continue,,manual,TRUE,TRUE,
fernando-alonso-cap-face-mask-f1-motorsport-celebrity-card-face-mask-celebrity-mask-for-stag-do-hen-night-fancy-dress-costume-parties-funny-adult-card-mask,,,,Ready Cut,,Stick,FaceMask-FernandoAlonsoCap-RC-S,3.49,continue,,manual,TRUE,TRUE,
fernando-alonso-cap-face-mask-f1-motorsport-celebrity-card-face-mask-celebrity-mask-for-stag-do-hen-night-fancy-dress-costume-parties-funny-adult-card-mask,,,,DIY,,Elastic,FaceMask-FernandoAlonsoCap-DIY-E,1.50,continue,,manual,TRUE,TRUE,
fernando-alonso-cap-face-mask-f1-motorsport-celebrity-card-face-mask-celebrity-mask-for-stag-do-hen-night-fancy-dress-costume-parties-funny-adult-card-mask,,,,DIY,,Stick,FaceMask-FernandoAlonsoCap-DIY-S,2.00,continue,,manual,TRUE,TRUE,
fernando-alonso-face-mask-f1-motorsport-celebrity-card-face-mask-celebrity-mask-for-stag-do-hen-night-fancy-dress-costume-parties-funny-adult-card-mask,"Fernando Alonso Face Mask – F1 Motorsport Celebrity Card Face Mask – Celebrity Mask for Stag Do, Hen Night, Fancy Dress & Costume Parties",active,Style,Ready Cut,Fitting,Elastic,FaceMask-FernandoAlonso-RC-E,2.99,continue,,manual,TRUE,TRUE,
fernando-alonso-face-mask-f1-motorsport-celebrity-card-face-mask-celebrity-mask-for-stag-do-hen-night-fancy-dress-costume-parties-funny-adult-card-mask,,,,Ready Cut,,Stick,FaceMask-FernandoAlonso-RC-S,3.49,continue,,manual,TRUE,TRUE,
fernando-alonso-face-mask-f1-motorsport-celebrity-card-face-mask-celebrity-mask-for-stag-do-hen-night-fancy-dress-costume-parties-funny-adult-card-mask,,,,DIY,,Elastic,FaceMask-FernandoAlonso-DIY-E,1.50,continue,,manual,TRUE,TRUE,
fernando-alonso-face-mask-f1-motorsport-celebrity-card-face-mask-celebrity-mask-for-stag-do-hen-night-fancy-dress-costume-parties-funny-adult-card-mask,,,,DIY,,Stick,FaceMask-FernandoAlonso-DIY-S,2.00,continue,,manual,TRUE,TRUE,
flavio-briatore-face-mask-f1-motorsport-celebrity-card-face-mask-celebrity-mask-for-stag-do-hen-night-fancy-dress-costume-parties-funny-adult-card-mask,"Flavio Briatore Face Mask – F1 Motorsport Celebrity Card Face Mask – Celebrity Mask for Stag Do, Hen Night, Fancy Dress & Costume Parties",active,Style,Ready Cut,Fitting,Elastic,FaceMask-FlavioBriatore-RC-E,2.99,continue,,manual,TRUE,TRUE,
flavio-briatore-face-mask-f1-motorsport-celebrity-card-face-mask-celebrity-mask-for-stag-do-hen-night-fancy-dress-costume-parties-funny-adult-card-mask,,,,Ready Cut,,Stick,FaceMask-FlavioBriatore-RC-S,3.49,continue,,manual,TRUE,TRUE,
flavio-briatore-face-mask-f1-motorsport-celebrity-card-face-mask-celebrity-mask-for-stag-do-hen-night-fancy-dress-costume-parties-funny-adult-card-mask,,,,DIY,,Elastic,FaceMask-FlavioBriatore-DIY-E,1.50,continue,,manual,TRUE,TRUE,
flavio-briatore-face-mask-f1-motorsport-celebrity-card-face-mask-celebrity-mask-for-stag-do-hen-night-fancy-dress-costume-parties-funny-adult-card-mask,,,,DIY,,Stick,FaceMask-FlavioBriatore-DIY-S,2.00,continue,,manual,TRUE,TRUE,
franco-colapinto-cap-face-mask-f1-motorsport-celebrity-card-face-mask-celebrity-mask-for-stag-do-hen-night-fancy-dress-costume-parties-funny-adult-card-mask,Franco Colapinto (Cap) Face Mask – Fancy Dress Cardboard Costume Mask,active,Style,Ready Cut,Fitting,Elastic,FaceMask-FrancoColapintoCap-RC-E,2.99,continue,,manual,TRUE,TRUE,
franco-colapinto-cap-face-mask-f1-motorsport-celebrity-card-face-mask-celebrity-mask-for-stag-do-hen-night-fancy-dress-costume-parties-funny-adult-card-mask,,,,Ready Cut,,Stick,FaceMask-FrancoColapintoCap-RC-S,3.49,continue,,manual,TRUE,TRUE,
franco-colapinto-cap-face-mask-f1-motorsport-celebrity-card-face-mask-celebrity-mask-for-stag-do-hen-night-fancy-dress-costume-parties-funny-adult-card-mask,,,,DIY,,Elastic,FaceMask-FrancoColapintoCap-DIY-E,1.50,continue,,manual,TRUE,TRUE,
franco-colapinto-cap-face-mask-f1-motorsport-celebrity-card-face-mask-celebrity-mask-for-stag-do-hen-night-fancy-dress-costume-parties-funny-adult-card-mask,,,,DIY,,Stick,FaceMask-FrancoColapintoCap-DIY-S,2.00,continue,,manual,TRUE,TRUE,
franco-colapinto-face-mask-f1-motorsport-celebrity-card-face-mask-celebrity-mask-for-stag-do-hen-night-fancy-dress-costume-parties-funny-adult-card-mask,"Franco Colapinto Face Mask – F1 Motorsport Celebrity Card Face Mask – Celebrity Mask for Stag Do, Hen Night, Fancy Dress & Costume Parties",active,Style,Ready Cut,Fitting,Elastic,FaceMask-FrancoColapinto-RC-E,2.99,continue,,manual,TRUE,TRUE,
franco-colapinto-face-mask-f1-motorsport-celebrity-card-face-mask-celebrity-mask-for-stag-do-hen-night-fancy-dress-costume-parties-funny-adult-card-mask,,,,Ready Cut,,Stick,FaceMask-FrancoColapinto-RC-S,3.49,continue,,manual,TRUE,TRUE,
franco-colapinto-face-mask-f1-motorsport-celebrity-card-face-mask-celebrity-mask-for-stag-do-hen-night-fancy-dress-costume-parties-funny-adult-card-mask,,,,DIY,,Elastic,FaceMask-FrancoColapinto-DIY-E,1.50,continue,,manual,TRUE,TRUE,
franco-colapinto-face-mask-f1-motorsport-celebrity-card-face-mask-celebrity-mask-for-stag-do-hen-night-fancy-dress-costume-parties-funny-adult-card-mask,,,,DIY,,Stick,FaceMask-FrancoColapinto-DIY-S,2.00,continue,,manual,TRUE,TRUE,
fred-vassuer-facemask-f1-motorsport-celebrity-card-face-mask-celebrity-mask-for-stag-do-hen-night-fancy-dress-costume-parties-funny-adult-card-mask,"Fred Vassuer Facemask – F1 Motorsport Celebrity Card Face Mask – Celebrity Mask for Stag Do, Hen Night, Fancy Dress & Costume Parties",active,Style,Ready Cut,Fitting,Elastic,FaceMask-FredVassuer-RC-E,2.99,continue,,manual,TRUE,TRUE,
fred-vassuer-facemask-f1-motorsport-celebrity-card-face-mask-celebrity-mask-for-stag-do-hen-night-fancy-dress-costume-parties-funny-adult-card-mask,,,,Ready Cut,,Stick,FaceMask-FredVassuer-RC-S,3.49,continue,,manual,TRUE,TRUE,
fred-vassuer-facemask-f1-motorsport-celebrity-card-face-mask-celebrity-mask-for-stag-do-hen-night-fancy-dress-costume-parties-funny-adult-card-mask,,,,DIY,,Elastic,FaceMask-FredVassuer-DIY-E,1.50,continue,,manual,TRUE,TRUE,
fred-vassuer-facemask-f1-motorsport-celebrity-card-face-mask-celebrity-mask-for-stag-do-hen-night-fancy-dress-costume-parties-funny-adult-card-mask,,,,DIY,,Stick,FaceMask-FredVassuer-DIY-S,2.00,continue,,manual,TRUE,TRUE,
gabriel-bortoleto-face-mask-f1-motorsport-celebrity-card-face-mask-celebrity-mask-for-stag-do-hen-night-fancy-dress-costume-parties-funny-adult-card-mask,Gabriel Bortoleto Face Mask – Fancy Dress Cardboard Costume Mask,active,Style,Ready Cut,Fitting,Elastic,FaceMask-GabrielBortoleto-RC-E,2.99,continue,,manual,TRUE,TRUE,
gabriel-bortoleto-face-mask-f1-motorsport-celebrity-card-face-mask-celebrity-mask-for-stag-do-hen-night-fancy-dress-costume-parties-funny-adult-card-mask,,,,Ready Cut,,Stick,FaceMask-GabrielBortoleto-RC-S,3.49,continue,,manual,TRUE,TRUE,
gabriel-bortoleto-face-mask-f1-motorsport-celebrity-card-face-mask-celebrity-mask-for-stag-do-hen-night-fancy-dress-costume-parties-funny-adult-card-mask,,,,DIY,,Elastic,FaceMask-GabrielBortoleto-DIY-E,1.50,continue,,manual,TRUE,TRUE,
gabriel-bortoleto-face-mask-f1-motorsport-celebrity-card-face-mask-celebrity-mask-for-stag-do-hen-night-fancy-dress-costume-parties-funny-adult-card-mask,,,,DIY,,Stick,FaceMask-GabrielBortoleto-DIY-S,2.00,continue,,manual,TRUE,TRUE,
george-russel-cap-facemask-f1-motorsport-celebrity-card-face-mask-celebrity-mask-for-stag-do-hen-night-fancy-dress-costume-parties-funny-adult-card-mask,George Russell (Cap) Face Mask – Fancy Dress Cardboard Costume Mask,active,Style,Ready Cut,Fitting,Elastic,FaceMask-GeorgeRusselCap-RC-E,2.99,continue,,manual,TRUE,TRUE,
george-russel-cap-facemask-f1-motorsport-celebrity-card-face-mask-celebrity-mask-for-stag-do-hen-night-fancy-dress-costume-parties-funny-adult-card-mask,,,,Ready Cut,,Stick,FaceMask-GeorgeRusselCap-RC-S,3.49,continue,,manual,TRUE,TRUE,
george-russel-cap-facemask-f1-motorsport-celebrity-card-face-mask-celebrity-mask-for-stag-do-hen-night-fancy-dress-costume-parties-funny-adult-card-mask,,,,DIY,,Elastic,FaceMask-GeorgeRusselCap-DIY-E,1.50,continue,,manual,TRUE,TRUE,
george-russel-cap-facemask-f1-motorsport-celebrity-card-face-mask-celebrity-mask-for-stag-do-hen-night-fancy-dress-costume-parties-funny-adult-card-mask,,,,DIY,,Stick,FaceMask-GeorgeRusselCap-DIY-S,2.00,continue,,manual,TRUE,TRUE,
george-russel-facemask-f1-motorsport-celebrity-card-face-mask-celebrity-mask-for-stag-do-hen-night-fancy-dress-costume-parties-funny-adult-card-mask,"George Russel Facemask – F1 Motorsport Celebrity Card Face Mask – Celebrity Mask for Stag Do, Hen Night, Fancy Dress & Costume Parties",active,Style,Ready Cut,Fitting,Elastic,FaceMask-GeorgeRussel-RC-E,2.99,continue,,manual,TRUE,TRUE,
george-russel-facemask-f1-motorsport-celebrity-card-face-mask-celebrity-mask-for-stag-do-hen-night-fancy-dress-costume-parties-funny-adult-card-mask,,,,Ready Cut,,Stick,FaceMask-GeorgeRussel-RC-S,3.49,continue,,manual,TRUE,TRUE,
george-russel-facemask-f1-motorsport-celebrity-card-face-mask-celebrity-mask-for-stag-do-hen-night-fancy-dress-costume-parties-funny-adult-card-mask,,,,DIY,,Elastic,FaceMask-GeorgeRussel-DIY-E,1.50,continue,,manual,TRUE,TRUE,
george-russel-facemask-f1-motorsport-celebrity-card-face-mask-celebrity-mask-for-stag-do-hen-night-fancy-dress-costume-parties-funny-adult-card-mask,,,,DIY,,Stick,FaceMask-GeorgeRussel-DIY-S,2.00,continue,,manual,TRUE,TRUE,
george-russel-sun-glasses-facemask-f1-motorsport-celebrity-card-face-mask-celebrity-mask-for-stag-do-hen-night-fancy-dress-costume-parties-funny-adult-card-mask,"George Russell (Sunglasses, Glasses) Face Mask – Fancy Dress Cardboard Costume Mask",active,Style,Ready Cut,Fitting,Elastic,FaceMask-GeorgeRusselSunGlasses-RC-E,2.99,continue,,manual,TRUE,TRUE,
george-russel-sun-glasses-facemask-f1-motorsport-celebrity-card-face-mask-celebrity-mask-for-stag-do-hen-night-fancy-dress-costume-parties-funny-adult-card-mask,,,,Ready Cut,,Stick,FaceMask-GeorgeRusselSunGlasses-RC-S,3.49,continue,,manual,TRUE,TRUE,
george-russel-sun-glasses-facemask-f1-motorsport-celebrity-card-face-mask-celebrity-mask-for-stag-do-hen-night-fancy-dress-costume-parties-funny-adult-card-mask,,,,DIY,,Elastic,FaceMask-GeorgeRusselSunGlasses-DIY-E,1.50,continue,,manual,TRUE,TRUE,
george-russel-sun-glasses-facemask-f1-motorsport-celebrity-card-face-mask-celebrity-mask-for-stag-do-hen-night-fancy-dress-costume-parties-funny-adult-card-mask,,,,DIY,,Stick,FaceMask-GeorgeRusselSunGlasses-DIY-S,2.00,continue,,manual,TRUE,TRUE,
graeme-lowe-face-mask-f1-motorsport-celebrity-card-face-mask-celebrity-mask-for-stag-do-hen-night-fancy-dress-costume-parties-funny-adult-card-mask,Graeme Lowe Face Mask – Fancy Dress Cardboard Costume Mask,active,Style,Ready Cut,Fitting,Elastic,FaceMask-GraemeLowe-RC-E,2.99,continue,,manual,TRUE,TRUE,
graeme-lowe-face-mask-f1-motorsport-celebrity-card-face-mask-celebrity-mask-for-stag-do-hen-night-fancy-dress-costume-parties-funny-adult-card-mask,,,,Ready Cut,,Stick,FaceMask-GraemeLowe-RC-S,3.49,continue,,manual,TRUE,TRUE,
graeme-lowe-face-mask-f1-motorsport-celebrity-card-face-mask-celebrity-mask-for-stag-do-hen-night-fancy-dress-costume-parties-funny-adult-card-mask,,,,DIY,,Elastic,FaceMask-GraemeLowe-DIY-E,1.50,continue,,manual,TRUE,TRUE,
graeme-lowe-face-mask-f1-motorsport-celebrity-card-face-mask-celebrity-mask-for-stag-do-hen-night-fancy-dress-costume-parties-funny-adult-card-mask,,,,DIY,,Stick,FaceMask-GraemeLowe-DIY-S,2.00,continue,,manual,TRUE,TRUE,
isack-hadjar-cap-facemask-f1-motorsport-celebrity-card-face-mask-celebrity-mask-for-stag-do-hen-night-fancy-dress-costume-parties-funny-adult-card-mask,Isack Hadjar (Cap) Face Mask – Fancy Dress Cardboard Costume Mask,active,Style,Ready Cut,Fitting,Elastic,FaceMask-IsackHadjarCap-RC-E,2.99,continue,,manual,TRUE,TRUE,
isack-hadjar-cap-facemask-f1-motorsport-celebrity-card-face-mask-celebrity-mask-for-stag-do-hen-night-fancy-dress-costume-parties-funny-adult-card-mask,,,,Ready Cut,,Stick,FaceMask-IsackHadjarCap-RC-S,3.49,continue,,manual,TRUE,TRUE,
isack-hadjar-cap-facemask-f1-motorsport-celebrity-card-face-mask-celebrity-mask-for-stag-do-hen-night-fancy-dress-costume-parties-funny-adult-card-mask,,,,DIY,,Elastic,FaceMask-IsackHadjarCap-DIY-E,1.50,continue,,manual,TRUE,TRUE,
isack-hadjar-cap-facemask-f1-motorsport-celebrity-card-face-mask-celebrity-mask-for-stag-do-hen-night-fancy-dress-costume-parties-funny-adult-card-mask,,,,DIY,,Stick,FaceMask-IsackHadjarCap-DIY-S,2.00,continue,,manual,TRUE,TRUE,
isack-hadjar-facemask-f1-motorsport-celebrity-card-face-mask-celebrity-mask-for-stag-do-hen-night-fancy-dress-costume-parties-funny-adult-card-mask,Isack Hadjar Face Mask – Fancy Dress Cardboard Costume Mask,active,Style,Ready Cut,Fitting,Elastic,FaceMask-IsackHadjar-RC-E,2.99,continue,,manual,TRUE,TRUE,
isack-hadjar-facemask-f1-motorsport-celebrity-card-face-mask-celebrity-mask-for-stag-do-hen-night-fancy-dress-costume-parties-funny-adult-card-mask,,,,Ready Cut,,Stick,FaceMask-IsackHadjar-RC-S,3.49,continue,,manual,TRUE,TRUE,
isack-hadjar-facemask-f1-motorsport-celebrity-card-face-mask-celebrity-mask-for-stag-do-hen-night-fancy-dress-costume-parties-funny-adult-card-mask,,,,DIY,,Elastic,FaceMask-IsackHadjar-DIY-E,1.50,continue,,manual,TRUE,TRUE,
isack-hadjar-facemask-f1-motorsport-celebrity-card-face-mask-celebrity-mask-for-stag-do-hen-night-fancy-dress-costume-parties-funny-adult-card-mask,,,,DIY,,Stick,FaceMask-IsackHadjar-DIY-S,2.00,continue,,manual,TRUE,TRUE,
jonathan-wheatley-face-mask-f1-motorsport-celebrity-card-face-mask-celebrity-mask-for-stag-do-hen-night-fancy-dress-costume-parties-funny-adult-card-mask,Jonathan Wheatley Face Mask – Fancy Dress Cardboard Costume Mask,active,Style,Ready Cut,Fitting,Elastic,FaceMask-JonathanWheatley-RC-E,2.99,continue,,manual,TRUE,TRUE,
jonathan-wheatley-face-mask-f1-motorsport-celebrity-card-face-mask-celebrity-mask-for-stag-do-hen-night-fancy-dress-costume-parties-funny-adult-card-mask,,,,Ready Cut,,Stick,FaceMask-JonathanWheatley-RC-S,3.49,continue,,manual,TRUE,TRUE,
jonathan-wheatley-face-mask-f1-motorsport-celebrity-card-face-mask-celebrity-mask-for-stag-do-hen-night-fancy-dress-costume-parties-funny-adult-card-mask,,,,DIY,,Elastic,FaceMask-JonathanWheatley-DIY-E,1.50,continue,,manual,TRUE,TRUE,
jonathan-wheatley-face-mask-f1-motorsport-celebrity-card-face-mask-celebrity-mask-for-stag-do-hen-night-fancy-dress-costume-parties-funny-adult-card-mask,,,,DIY,,Stick,FaceMask-JonathanWheatley-DIY-S,2.00,continue,,manual,TRUE,TRUE,
kimi-antonelli-cap-facemask-f1-motorsport-celebrity-card-face-mask-celebrity-mask-for-stag-do-hen-night-fancy-dress-costume-parties-funny-adult-card-mask,Kimi Antonelli (Cap) Face Mask – Fancy Dress Cardboard Costume Mask,active,Style,Ready Cut,Fitting,Elastic,FaceMask-KimiAntonelliCap-RC-E,2.99,continue,,manual,TRUE,TRUE,
kimi-antonelli-cap-facemask-f1-motorsport-celebrity-card-face-mask-celebrity-mask-for-stag-do-hen-night-fancy-dress-costume-parties-funny-adult-card-mask,,,,Ready Cut,,Stick,FaceMask-KimiAntonelliCap-RC-S,3.49,continue,,manual,TRUE,TRUE,
kimi-antonelli-cap-facemask-f1-motorsport-celebrity-card-face-mask-celebrity-mask-for-stag-do-hen-night-fancy-dress-costume-parties-funny-adult-card-mask,,,,DIY,,Elastic,FaceMask-KimiAntonelliCap-DIY-E,1.50,continue,,manual,TRUE,TRUE,
kimi-antonelli-cap-facemask-f1-motorsport-celebrity-card-face-mask-celebrity-mask-for-stag-do-hen-night-fancy-dress-costume-parties-funny-adult-card-mask,,,,DIY,,Stick,FaceMask-KimiAntonelliCap-DIY-S,2.00,continue,,manual,TRUE,TRUE,
kimi-antonelli-facemask-f1-motorsport-celebrity-card-face-mask-celebrity-mask-for-stag-do-hen-night-fancy-dress-costume-parties-funny-adult-card-mask,Kimi Antonelli Face Mask – Fancy Dress Cardboard Costume Mask,active,Style,Ready Cut,Fitting,Elastic,FaceMask-KimiAntonelli-RC-E,2.99,continue,,manual,TRUE,TRUE,
kimi-antonelli-facemask-f1-motorsport-celebrity-card-face-mask-celebrity-mask-for-stag-do-hen-night-fancy-dress-costume-parties-funny-adult-card-mask,,,,Ready Cut,,Stick,FaceMask-KimiAntonelli-RC-S,3.49,continue,,manual,TRUE,TRUE,
kimi-antonelli-facemask-f1-motorsport-celebrity-card-face-mask-celebrity-mask-for-stag-do-hen-night-fancy-dress-costume-parties-funny-adult-card-mask,,,,DIY,,Elastic,FaceMask-KimiAntonelli-DIY-E,1.50,continue,,manual,TRUE,TRUE,
kimi-antonelli-facemask-f1-motorsport-celebrity-card-face-mask-celebrity-mask-for-stag-do-hen-night-fancy-dress-costume-parties-funny-adult-card-mask,,,,DIY,,Stick,FaceMask-KimiAntonelli-DIY-S,2.00,continue,,manual,TRUE,TRUE,
kimi-antonelli-sunglasses-facemask-f1-motorsport-celebrity-card-face-mask-celebrity-mask-for-stag-do-hen-night-fancy-dress-costume-parties-funny-adult-card-mask,Kimi Antonelli (Sunglasses) Face Mask – Fancy Dress Cardboard Costume Mask,active,Style,Ready Cut,Fitting,Elastic,FaceMask-KimiAntonelliSunglasses-RC-E,2.99,continue,,manual,TRUE,TRUE,
kimi-antonelli-sunglasses-facemask-f1-motorsport-celebrity-card-face-mask-celebrity-mask-for-stag-do-hen-night-fancy-dress-costume-parties-funny-adult-card-mask,,,,Ready Cut,,Stick,FaceMask-KimiAntonelliSunglasses-RC-S,3.49,continue,,manual,TRUE,TRUE,
kimi-antonelli-sunglasses-facemask-f1-motorsport-celebrity-card-face-mask-celebrity-mask-for-stag-do-hen-night-fancy-dress-costume-parties-funny-adult-card-mask,,,,DIY,,Elastic,FaceMask-KimiAntonelliSunglasses-DIY-E,1.50,continue,,manual,TRUE,TRUE,
kimi-antonelli-sunglasses-facemask-f1-motorsport-celebrity-card-face-mask-celebrity-mask-for-stag-do-hen-night-fancy-dress-costume-parties-funny-adult-card-mask,,,,DIY,,Stick,FaceMask-KimiAntonelliSunglasses-DIY-S,2.00,continue,,manual,TRUE,TRUE,
lance-stroll-cap-face-mask-f1-motorsport-celebrity-card-face-mask-celebrity-mask-for-stag-do-hen-night-fancy-dress-costume-parties-funny-adult-card-mask,Lance Stroll (Cap) Face Mask – Fancy Dress Cardboard Costume Mask,active,Style,Ready Cut,Fitting,Elastic,FaceMask-LanceStrollCap-RC-E,2.99,continue,,manual,TRUE,TRUE,
lance-stroll-cap-face-mask-f1-motorsport-celebrity-card-face-mask-celebrity-mask-for-stag-do-hen-night-fancy-dress-costume-parties-funny-adult-card-mask,,,,Ready Cut,,Stick,FaceMask-LanceStrollCap-RC-S,3.49,continue,,manual,TRUE,TRUE,
lance-stroll-cap-face-mask-f1-motorsport-celebrity-card-face-mask-celebrity-mask-for-stag-do-hen-night-fancy-dress-costume-parties-funny-adult-card-mask,,,,DIY,,Elastic,FaceMask-LanceStrollCap-DIY-E,1.50,continue,,manual,TRUE,TRUE,
lance-stroll-cap-face-mask-f1-motorsport-celebrity-card-face-mask-celebrity-mask-for-stag-do-hen-night-fancy-dress-costume-parties-funny-adult-card-mask,,,,DIY,,Stick,FaceMask-LanceStrollCap-DIY-S,2.00,continue,,manual,TRUE,TRUE,
lance-stroll-face-mask-f1-motorsport-celebrity-card-face-mask-celebrity-mask-for-stag-do-hen-night-fancy-dress-costume-parties-funny-adult-card-mask,Lance Stroll Face Mask – Fancy Dress Cardboard Costume Mask,active,Style,Ready Cut,Fitting,Elastic,FaceMask-LanceStroll-RC-E,2.99,continue,,manual,TRUE,TRUE,
lance-stroll-face-mask-f1-motorsport-celebrity-card-face-mask-celebrity-mask-for-stag-do-hen-night-fancy-dress-costume-parties-funny-adult-card-mask,,,,Ready Cut,,Stick,FaceMask-LanceStroll-RC-S,3.49,continue,,manual,TRUE,TRUE,
lance-stroll-face-mask-f1-motorsport-celebrity-card-face-mask-celebrity-mask-for-stag-do-hen-night-fancy-dress-costume-parties-funny-adult-card-mask,,,,DIY,,Elastic,FaceMask-LanceStroll-DIY-E,1.50,continue,,manual,TRUE,TRUE,
lance-stroll-face-mask-f1-motorsport-celebrity-card-face-mask-celebrity-mask-for-stag-do-hen-night-fancy-dress-costume-parties-funny-adult-card-mask,,,,DIY,,Stick,FaceMask-LanceStroll-DIY-S,2.00,continue,,manual,TRUE,TRUE,
lando-norris-2-facemask-f1-motorsport-celebrity-card-face-mask-celebrity-mask-for-stag-do-hen-night-fancy-dress-costume-parties-funny-adult-card-mask,Lando Norris 2 Face Mask – Fancy Dress Cardboard Costume Mask,active,Style,Ready Cut,Fitting,Elastic,FaceMask-LandoNorris2-RC-E,2.99,continue,,manual,TRUE,TRUE,
lando-norris-2-facemask-f1-motorsport-celebrity-card-face-mask-celebrity-mask-for-stag-do-hen-night-fancy-dress-costume-parties-funny-adult-card-mask,,,,Ready Cut,,Stick,FaceMask-LandoNorris2-RC-S,3.49,continue,,manual,TRUE,TRUE,
lando-norris-2-facemask-f1-motorsport-celebrity-card-face-mask-celebrity-mask-for-stag-do-hen-night-fancy-dress-costume-parties-funny-adult-card-mask,,,,DIY,,Elastic,FaceMask-LandoNorris2-DIY-E,1.50,continue,,manual,TRUE,TRUE,
lando-norris-2-facemask-f1-motorsport-celebrity-card-face-mask-celebrity-mask-for-stag-do-hen-night-fancy-dress-costume-parties-funny-adult-card-mask,,,,DIY,,Stick,FaceMask-LandoNorris2-DIY-S,2.00,continue,,manual,TRUE,TRUE,
lando-norris-cap-2-facemask-f1-motorsport-celebrity-card-face-mask-celebrity-mask-for-stag-do-hen-night-fancy-dress-costume-parties-funny-adult-card-mask,Lando Norris 2 (Cap) Face Mask – Fancy Dress Cardboard Costume Mask,active,Style,Ready Cut,Fitting,Elastic,FaceMask-LandoNorrisCap2-RC-E,2.99,continue,,manual,TRUE,TRUE,
lando-norris-cap-2-facemask-f1-motorsport-celebrity-card-face-mask-celebrity-mask-for-stag-do-hen-night-fancy-dress-costume-parties-funny-adult-card-mask,,,,Ready Cut,,Stick,FaceMask-LandoNorrisCap2-RC-S,3.49,continue,,manual,TRUE,TRUE,
lando-norris-cap-2-facemask-f1-motorsport-celebrity-card-face-mask-celebrity-mask-for-stag-do-hen-night-fancy-dress-costume-parties-funny-adult-card-mask,,,,DIY,,Elastic,FaceMask-LandoNorrisCap2-DIY-E,1.50,continue,,manual,TRUE,TRUE,
lando-norris-cap-2-facemask-f1-motorsport-celebrity-card-face-mask-celebrity-mask-for-stag-do-hen-night-fancy-dress-costume-parties-funny-adult-card-mask,,,,DIY,,Stick,FaceMask-LandoNorrisCap2-DIY-S,2.00,continue,,manual,TRUE,TRUE,
lando-norris-cap-facemask-f1-motorsport-celebrity-card-face-mask-celebrity-mask-for-stag-do-hen-night-fancy-dress-costume-parties-funny-adult-card-mask,Lando Norris (Cap) Face Mask – Fancy Dress Cardboard Costume Mask,active,Style,Ready Cut,Fitting,Elastic,FaceMask-LandoNorrisCap-RC-E,2.99,continue,,manual,TRUE,TRUE,
lando-norris-cap-facemask-f1-motorsport-celebrity-card-face-mask-celebrity-mask-for-stag-do-hen-night-fancy-dress-costume-parties-funny-adult-card-mask,,,,Ready Cut,,Stick,FaceMask-LandoNorrisCap-RC-S,3.49,continue,,manual,TRUE,TRUE,
lando-norris-cap-facemask-f1-motorsport-celebrity-card-face-mask-celebrity-mask-for-stag-do-hen-night-fancy-dress-costume-parties-funny-adult-card-mask,,,,DIY,,Elastic,FaceMask-LandoNorrisCap-DIY-E,1.50,continue,,manual,TRUE,TRUE,
lando-norris-cap-facemask-f1-motorsport-celebrity-card-face-mask-celebrity-mask-for-stag-do-hen-night-fancy-dress-costume-parties-funny-adult-card-mask,,,,DIY,,Stick,FaceMask-LandoNorrisCap-DIY-S,2.00,continue,,manual,TRUE,TRUE,
lando-norris-facemask-f1-motorsport-celebrity-card-face-mask-celebrity-mask-for-stag-do-hen-night-fancy-dress-costume-parties-funny-adult-card-mask,Lando Norris Face Mask – Fancy Dress Cardboard Costume Mask,active,Style,Ready Cut,Fitting,Elastic,FaceMask-LandoNorris-RC-E,2.99,continue,,manual,TRUE,TRUE,
lando-norris-facemask-f1-motorsport-celebrity-card-face-mask-celebrity-mask-for-stag-do-hen-night-fancy-dress-costume-parties-funny-adult-card-mask,,,,Ready Cut,,Stick,FaceMask-LandoNorris-RC-S,3.49,continue,,manual,TRUE,TRUE,
lando-norris-facemask-f1-motorsport-celebrity-card-face-mask-celebrity-mask-for-stag-do-hen-night-fancy-dress-costume-parties-funny-adult-card-mask,,,,DIY,,Elastic,FaceMask-LandoNorris-DIY-E,1.50,continue,,manual,TRUE,TRUE,
lando-norris-facemask-f1-motorsport-celebrity-card-face-mask-celebrity-mask-for-stag-do-hen-night-fancy-dress-costume-parties-funny-adult-card-mask,,,,DIY,,Stick,FaceMask-LandoNorris-DIY-S,2.00,continue,,manual,TRUE,TRUE,
lewis-hamilton-cap-2-f1-motorsport-celebrity-card-face-mask-celebrity-mask-for-stag-do-hen-night-fancy-dress-costume-parties-funny-adult-card-mask,Lewis Hamilton 2 (Cap) Face Mask – Fancy Dress Cardboard Costume Mask,active,Style,Ready Cut,Fitting,Elastic,FaceMask-LewisHamiltonCap2-RC-E,2.99,continue,,manual,TRUE,TRUE,
lewis-hamilton-cap-2-f1-motorsport-celebrity-card-face-mask-celebrity-mask-for-stag-do-hen-night-fancy-dress-costume-parties-funny-adult-card-mask,,,,Ready Cut,,Stick,FaceMask-LewisHamiltonCap2-RC-S,3.49,continue,,manual,TRUE,TRUE,
lewis-hamilton-cap-2-f1-motorsport-celebrity-card-face-mask-celebrity-mask-for-stag-do-hen-night-fancy-dress-costume-parties-funny-adult-card-mask,,,,DIY,,Elastic,FaceMask-LewisHamiltonCap2-DIY-E,1.50,continue,,manual,TRUE,TRUE,
lewis-hamilton-cap-2-f1-motorsport-celebrity-card-face-mask-celebrity-mask-for-stag-do-hen-night-fancy-dress-costume-parties-funny-adult-card-mask,,,,DIY,,Stick,FaceMask-LewisHamiltonCap2-DIY-S,2.00,continue,,manual,TRUE,TRUE,
lewis-hamilton-cap-2025-f1-motorsport-celebrity-card-face-mask-celebrity-mask-for-stag-do-hen-night-fancy-dress-costume-parties-funny-adult-card-mask,Lewis Hamilton (Cap) Face Mask – Fancy Dress Cardboard Costume Mask,active,Style,Ready Cut,Fitting,Elastic,FaceMask-LewisHamiltonCap-RC-E,2.99,continue,,manual,TRUE,TRUE,
lewis-hamilton-cap-2025-f1-motorsport-celebrity-card-face-mask-celebrity-mask-for-stag-do-hen-night-fancy-dress-costume-parties-funny-adult-card-mask,,,,Ready Cut,,Stick,FaceMask-LewisHamiltonCap-RC-S,3.49,continue,,manual,TRUE,TRUE,
lewis-hamilton-cap-2025-f1-motorsport-celebrity-card-face-mask-celebrity-mask-for-stag-do-hen-night-fancy-dress-costume-parties-funny-adult-card-mask,,,,DIY,,Elastic,FaceMask-LewisHamiltonCap-DIY-E,1.50,continue,,manual,TRUE,TRUE,
lewis-hamilton-cap-2025-f1-motorsport-celebrity-card-face-mask-celebrity-mask-for-stag-do-hen-night-fancy-dress-costume-parties-funny-adult-card-mask,,,,DIY,,Stick,FaceMask-LewisHamiltonCap-DIY-S,2.00,continue,,manual,TRUE,TRUE,
lewis-hamilton-face-mask-f1-motorsport-celebrity-card-face-mask-celebrity-mask-for-stag-do-hen-night-fancy-dress-costume-parties-funny-adult-card-mask,"Lewis Hamilton Face Mask – F1 Motorsport Celebrity Card Face Mask – Celebrity Mask for Stag Do, Hen Night, Fancy Dress & Costume Parties",active,Style,Ready Cut,Fitting,Elastic,FaceMask-LewisHamilton-RC-E,2.99,continue,,manual,TRUE,TRUE,
lewis-hamilton-face-mask-f1-motorsport-celebrity-card-face-mask-celebrity-mask-for-stag-do-hen-night-fancy-dress-costume-parties-funny-adult-card-mask,,,,Ready Cut,,Stick,FaceMask-LewisHamilton-RC-S,3.49,continue,,manual,TRUE,TRUE,
lewis-hamilton-face-mask-f1-motorsport-celebrity-card-face-mask-celebrity-mask-for-stag-do-hen-night-fancy-dress-costume-parties-funny-adult-card-mask,,,,DIY,,Elastic,FaceMask-LewisHamilton-DIY-E,1.50,continue,,manual,TRUE,TRUE,
lewis-hamilton-face-mask-f1-motorsport-celebrity-card-face-mask-celebrity-mask-for-stag-do-hen-night-fancy-dress-costume-parties-funny-adult-card-mask,,,,DIY,,Stick,FaceMask-LewisHamilton-DIY-S,2.00,continue,,manual,TRUE,TRUE,
lewis-hamilton-sun-glasses-face-mask-f1-motorsport-celebrity-card-face-mask-celebrity-mask-for-stag-do-hen-night-fancy-dress-costume-parties-funny-adult-card-mask,"Lewis Hamilton (Sunglasses, Glasses) Face Mask – Fancy Dress Cardboard Costume Mask",active,Style,Ready Cut,Fitting,Elastic,FaceMask-LewisHamiltonSunGlasses-RC-E,2.99,continue,,manual,TRUE,TRUE,
lewis-hamilton-sun-glasses-face-mask-f1-motorsport-celebrity-card-face-mask-celebrity-mask-for-stag-do-hen-night-fancy-dress-costume-parties-funny-adult-card-mask,,,,Ready Cut,,Stick,FaceMask-LewisHamiltonSunGlasses-RC-S,3.49,continue,,manual,TRUE,TRUE,
lewis-hamilton-sun-glasses-face-mask-f1-motorsport-celebrity-card-face-mask-celebrity-mask-for-stag-do-hen-night-fancy-dress-costume-parties-funny-adult-card-mask,,,,DIY,,Elastic,FaceMask-LewisHamiltonSunGlasses-DIY-E,1.50,continue,,manual,TRUE,TRUE,
lewis-hamilton-sun-glasses-face-mask-f1-motorsport-celebrity-card-face-mask-celebrity-mask-for-stag-do-hen-night-fancy-dress-costume-parties-funny-adult-card-mask,,,,DIY,,Stick,FaceMask-LewisHamiltonSunGlasses-DIY-S,2.00,continue,,manual,TRUE,TRUE,
liam-lawson-2-facemask-f1-motorsport-celebrity-card-face-mask-celebrity-mask-for-stag-do-hen-night-fancy-dress-costume-parties-funny-adult-card-mask,Liam Lawson 2 Face Mask – Fancy Dress Cardboard Costume Mask,active,Style,Ready Cut,Fitting,Elastic,FaceMask-LiamLawson2-RC-E,2.99,continue,,manual,TRUE,TRUE,
liam-lawson-2-facemask-f1-motorsport-celebrity-card-face-mask-celebrity-mask-for-stag-do-hen-night-fancy-dress-costume-parties-funny-adult-card-mask,,,,Ready Cut,,Stick,FaceMask-LiamLawson2-RC-S,3.49,continue,,manual,TRUE,TRUE,
liam-lawson-2-facemask-f1-motorsport-celebrity-card-face-mask-celebrity-mask-for-stag-do-hen-night-fancy-dress-costume-parties-funny-adult-card-mask,,,,DIY,,Elastic,FaceMask-LiamLawson2-DIY-E,1.50,continue,,manual,TRUE,TRUE,
liam-lawson-2-facemask-f1-motorsport-celebrity-card-face-mask-celebrity-mask-for-stag-do-hen-night-fancy-dress-costume-parties-funny-adult-card-mask,,,,DIY,,Stick,FaceMask-LiamLawson2-DIY-S,2.00,continue,,manual,TRUE,TRUE,
liam-lawson-cap-facemask-f1-motorsport-celebrity-card-face-mask-celebrity-mask-for-stag-do-hen-night-fancy-dress-costume-parties-funny-adult-card-mask,Liam Lawson (Cap) Face Mask – Fancy Dress Cardboard Costume Mask,active,Style,Ready Cut,Fitting,Elastic,FaceMask-LiamLawsonCap-RC-E,2.99,continue,,manual,TRUE,TRUE,
liam-lawson-cap-facemask-f1-motorsport-celebrity-card-face-mask-celebrity-mask-for-stag-do-hen-night-fancy-dress-costume-parties-funny-adult-card-mask,,,,Ready Cut,,Stick,FaceMask-LiamLawsonCap-RC-S,3.49,continue,,manual,TRUE,TRUE,
liam-lawson-cap-facemask-f1-motorsport-celebrity-card-face-mask-celebrity-mask-for-stag-do-hen-night-fancy-dress-costume-parties-funny-adult-card-mask,,,,DIY,,Elastic,FaceMask-LiamLawsonCap-DIY-E,1.50,continue,,manual,TRUE,TRUE,
liam-lawson-cap-facemask-f1-motorsport-celebrity-card-face-mask-celebrity-mask-for-stag-do-hen-night-fancy-dress-costume-parties-funny-adult-card-mask,,,,DIY,,Stick,FaceMask-LiamLawsonCap-DIY-S,2.00,continue,,manual,TRUE,TRUE,
liam-lawson-facemask-f1-motorsport-celebrity-card-face-mask-celebrity-mask-for-stag-do-hen-night-fancy-dress-costume-parties-funny-adult-card-mask,"Liam Lawson Facemask – F1 Motorsport Celebrity Card Face Mask – Celebrity Mask for Stag Do, Hen Night, Fancy Dress & Costume Parties",active,Style,Ready Cut,Fitting,Elastic,FaceMask-LiamLawson-RC-E,2.99,continue,,manual,TRUE,TRUE,
liam-lawson-facemask-f1-motorsport-celebrity-card-face-mask-celebrity-mask-for-stag-do-hen-night-fancy-dress-costume-parties-funny-adult-card-mask,,,,Ready Cut,,Stick,FaceMask-LiamLawson-RC-S,3.49,continue,,manual,TRUE,TRUE,
liam-lawson-facemask-f1-motorsport-celebrity-card-face-mask-celebrity-mask-for-stag-do-hen-night-fancy-dress-costume-parties-funny-adult-card-mask,,,,DIY,,Elastic,FaceMask-LiamLawson-DIY-E,1.50,continue,,manual,TRUE,TRUE,
liam-lawson-facemask-f1-motorsport-celebrity-card-face-mask-celebrity-mask-for-stag-do-hen-night-fancy-dress-costume-parties-funny-adult-card-mask,,,,DIY,,Stick,FaceMask-LiamLawson-DIY-S,2.00,continue,,manual,TRUE,TRUE,
max-verstrappen-facemask-f1-motorsport-celebrity-card-face-mask-celebrity-mask-for-stag-do-hen-night-fancy-dress-costume-parties-funny-adult-card-mask,"Max Verstrappen  Facemask – F1 Motorsport Celebrity Card Face Mask – Celebrity Mask for Stag Do, Hen Night, Fancy Dress & Costume Parties",active,Style,Ready Cut,Fitting,Elastic,FaceMask-MaxVerstrappen-RC-E,2.99,continue,,manual,TRUE,TRUE,
max-verstrappen-facemask-f1-motorsport-celebrity-card-face-mask-celebrity-mask-for-stag-do-hen-night-fancy-dress-costume-parties-funny-adult-card-mask,,,,Ready Cut,,Stick,FaceMask-MaxVerstrappen-RC-S,3.49,continue,,manual,TRUE,TRUE,
max-verstrappen-facemask-f1-motorsport-celebrity-card-face-mask-celebrity-mask-for-stag-do-hen-night-fancy-dress-costume-parties-funny-adult-card-mask,,,,DIY,,Elastic,FaceMask-MaxVerstrappen-DIY-E,1.50,continue,,manual,TRUE,TRUE,
max-verstrappen-facemask-f1-motorsport-celebrity-card-face-mask-celebrity-mask-for-stag-do-hen-night-fancy-dress-costume-parties-funny-adult-card-mask,,,,DIY,,Stick,FaceMask-MaxVerstrappen-DIY-S,2.00,continue,,manual,TRUE,TRUE,
max-verstrappen-cap-2-facemask-f1-motorsport-celebrity-card-face-mask-celebrity-mask-for-stag-do-hen-night-fancy-dress-costume-parties-funny-adult-card-mask,Max Verstappen 2 (Cap) Face Mask – Fancy Dress Cardboard Costume Mask,active,Style,Ready Cut,Fitting,Elastic,FaceMask-MaxVerstrappenCap2-RC-E,2.99,continue,,manual,TRUE,TRUE,
max-verstrappen-cap-2-facemask-f1-motorsport-celebrity-card-face-mask-celebrity-mask-for-stag-do-hen-night-fancy-dress-costume-parties-funny-adult-card-mask,,,,Ready Cut,,Stick,FaceMask-MaxVerstrappenCap2-RC-S,3.49,continue,,manual,TRUE,TRUE,
max-verstrappen-cap-2-facemask-f1-motorsport-celebrity-card-face-mask-celebrity-mask-for-stag-do-hen-night-fancy-dress-costume-parties-funny-adult-card-mask,,,,DIY,,Elastic,FaceMask-MaxVerstrappenCap2-DIY-E,1.50,continue,,manual,TRUE,TRUE,
max-verstrappen-cap-2-facemask-f1-motorsport-celebrity-card-face-mask-celebrity-mask-for-stag-do-hen-night-fancy-dress-costume-parties-funny-adult-card-mask,,,,DIY,,Stick,FaceMask-MaxVerstrappenCap2-DIY-S,2.00,continue,,manual,TRUE,TRUE,
max-verstrappen-cap-3-facemask-f1-motorsport-celebrity-card-face-mask-celebrity-mask-for-stag-do-hen-night-fancy-dress-costume-parties-funny-adult-card-mask,Max Verstappen 3 (Cap) Face Mask – Fancy Dress Cardboard Costume Mask,active,Style,Ready Cut,Fitting,Elastic,FaceMask-MaxVerstrappenCap3-RC-E,2.99,continue,,manual,TRUE,TRUE,
max-verstrappen-cap-3-facemask-f1-motorsport-celebrity-card-face-mask-celebrity-mask-for-stag-do-hen-night-fancy-dress-costume-parties-funny-adult-card-mask,,,,Ready Cut,,Stick,FaceMask-MaxVerstrappenCap3-RC-S,3.49,continue,,manual,TRUE,TRUE,
max-verstrappen-cap-3-facemask-f1-motorsport-celebrity-card-face-mask-celebrity-mask-for-stag-do-hen-night-fancy-dress-costume-parties-funny-adult-card-mask,,,,DIY,,Elastic,FaceMask-MaxVerstrappenCap3-DIY-E,1.50,continue,,manual,TRUE,TRUE,
max-verstrappen-cap-3-facemask-f1-motorsport-celebrity-card-face-mask-celebrity-mask-for-stag-do-hen-night-fancy-dress-costume-parties-funny-adult-card-mask,,,,DIY,,Stick,FaceMask-MaxVerstrappenCap3-DIY-S,2.00,continue,,manual,TRUE,TRUE,
max-verstrappen-cap-facemask-f1-motorsport-celebrity-card-face-mask-celebrity-mask-for-stag-do-hen-night-fancy-dress-costume-parties-funny-adult-card-mask,Max Verstappen (Cap) Face Mask – Fancy Dress Cardboard Costume Mask,active,Style,Ready Cut,Fitting,Elastic,FaceMask-MaxVerstrappenCap-RC-E,2.99,continue,,manual,TRUE,TRUE,
max-verstrappen-cap-facemask-f1-motorsport-celebrity-card-face-mask-celebrity-mask-for-stag-do-hen-night-fancy-dress-costume-parties-funny-adult-card-mask,,,,Ready Cut,,Stick,FaceMask-MaxVerstrappenCap-RC-S,3.49,continue,,manual,TRUE,TRUE,
max-verstrappen-cap-facemask-f1-motorsport-celebrity-card-face-mask-celebrity-mask-for-stag-do-hen-night-fancy-dress-costume-parties-funny-adult-card-mask,,,,DIY,,Elastic,FaceMask-MaxVerstrappenCap-DIY-E,1.50,continue,,manual,TRUE,TRUE,
max-verstrappen-cap-facemask-f1-motorsport-celebrity-card-face-mask-celebrity-mask-for-stag-do-hen-night-fancy-dress-costume-parties-funny-adult-card-mask,,,,DIY,,Stick,FaceMask-MaxVerstrappenCap-DIY-S,2.00,continue,,manual,TRUE,TRUE,
nico-hulkenberg-face-mask-f1-motorsport-celebrity-card-face-mask-celebrity-mask-for-stag-do-hen-night-fancy-dress-costume-parties-funny-adult-card-mask,Nico Hulkenberg Face Mask – Fancy Dress Cardboard Costume Mask,active,Style,Ready Cut,Fitting,Elastic,FaceMask-NicoHulkenberg-RC-E,2.99,continue,,manual,TRUE,TRUE,
nico-hulkenberg-face-mask-f1-motorsport-celebrity-card-face-mask-celebrity-mask-for-stag-do-hen-night-fancy-dress-costume-parties-funny-adult-card-mask,,,,Ready Cut,,Stick,FaceMask-NicoHulkenberg-RC-S,3.49,continue,,manual,TRUE,TRUE,
nico-hulkenberg-face-mask-f1-motorsport-celebrity-card-face-mask-celebrity-mask-for-stag-do-hen-night-fancy-dress-costume-parties-funny-adult-card-mask,,,,DIY,,Elastic,FaceMask-NicoHulkenberg-DIY-E,1.50,continue,,manual,TRUE,TRUE,
nico-hulkenberg-face-mask-f1-motorsport-celebrity-card-face-mask-celebrity-mask-for-stag-do-hen-night-fancy-dress-costume-parties-funny-adult-card-mask,,,,DIY,,Stick,FaceMask-NicoHulkenberg-DIY-S,2.00,continue,,manual,TRUE,TRUE,
oliver-bearman-2-facemask-f1-motorsport-celebrity-card-face-mask-celebrity-mask-for-stag-do-hen-night-fancy-dress-costume-parties-funny-adult-card-mask,Oliver Bearman 2 Face Mask – Fancy Dress Cardboard Costume Mask,active,Style,Ready Cut,Fitting,Elastic,FaceMask-OliverBearman2-RC-E,2.99,continue,,manual,TRUE,TRUE,
oliver-bearman-2-facemask-f1-motorsport-celebrity-card-face-mask-celebrity-mask-for-stag-do-hen-night-fancy-dress-costume-parties-funny-adult-card-mask,,,,Ready Cut,,Stick,FaceMask-OliverBearman2-RC-S,3.49,continue,,manual,TRUE,TRUE,
oliver-bearman-2-facemask-f1-motorsport-celebrity-card-face-mask-celebrity-mask-for-stag-do-hen-night-fancy-dress-costume-parties-funny-adult-card-mask,,,,DIY,,Elastic,FaceMask-OliverBearman2-DIY-E,1.50,continue,,manual,TRUE,TRUE,
oliver-bearman-2-facemask-f1-motorsport-celebrity-card-face-mask-celebrity-mask-for-stag-do-hen-night-fancy-dress-costume-parties-funny-adult-card-mask,,,,DIY,,Stick,FaceMask-OliverBearman2-DIY-S,2.00,continue,,manual,TRUE,TRUE,
oliver-bearman-cap-facemask-f1-motorsport-celebrity-card-face-mask-celebrity-mask-for-stag-do-hen-night-fancy-dress-costume-parties-funny-adult-card-mask,Oliver Bearman (Cap) Face Mask – Fancy Dress Cardboard Costume Mask,active,Style,Ready Cut,Fitting,Elastic,FaceMask-OliverBearmanCap-RC-E,2.99,continue,,manual,TRUE,TRUE,
oliver-bearman-cap-facemask-f1-motorsport-celebrity-card-face-mask-celebrity-mask-for-stag-do-hen-night-fancy-dress-costume-parties-funny-adult-card-mask,,,,Ready Cut,,Stick,FaceMask-OliverBearmanCap-RC-S,3.49,continue,,manual,TRUE,TRUE,
oliver-bearman-cap-facemask-f1-motorsport-celebrity-card-face-mask-celebrity-mask-for-stag-do-hen-night-fancy-dress-costume-parties-funny-adult-card-mask,,,,DIY,,Elastic,FaceMask-OliverBearmanCap-DIY-E,1.50,continue,,manual,TRUE,TRUE,
oliver-bearman-cap-facemask-f1-motorsport-celebrity-card-face-mask-celebrity-mask-for-stag-do-hen-night-fancy-dress-costume-parties-funny-adult-card-mask,,,,DIY,,Stick,FaceMask-OliverBearmanCap-DIY-S,2.00,continue,,manual,TRUE,TRUE,
oliver-bearman-facemask-f1-motorsport-celebrity-card-face-mask-celebrity-mask-for-stag-do-hen-night-fancy-dress-costume-parties-funny-adult-card-mask,Oliver Bearman Face Mask – Fancy Dress Cardboard Costume Mask,active,Style,Ready Cut,Fitting,Elastic,FaceMask-OliverBearman-RC-E,2.99,continue,,manual,TRUE,TRUE,
oliver-bearman-facemask-f1-motorsport-celebrity-card-face-mask-celebrity-mask-for-stag-do-hen-night-fancy-dress-costume-parties-funny-adult-card-mask,,,,Ready Cut,,Stick,FaceMask-OliverBearman-RC-S,3.49,continue,,manual,TRUE,TRUE,
oliver-bearman-facemask-f1-motorsport-celebrity-card-face-mask-celebrity-mask-for-stag-do-hen-night-fancy-dress-costume-parties-funny-adult-card-mask,,,,DIY,,Elastic,FaceMask-OliverBearman-DIY-E,1.50,continue,,manual,TRUE,TRUE,
oliver-bearman-facemask-f1-motorsport-celebrity-card-face-mask-celebrity-mask-for-stag-do-hen-night-fancy-dress-costume-parties-funny-adult-card-mask,,,,DIY,,Stick,FaceMask-OliverBearman-DIY-S,2.00,continue,,manual,TRUE,TRUE,
oliver-bearman-sun-glasses-cap-face-mask-f1-motorsport-celebrity-card-face-mask-celebrity-mask-for-stag-do-hen-night-fancy-dress-costume-parties-funny-adult-card-mask,"Oliver Bearman (Glasses, Cap) Face Mask – Fancy Dress Cardboard Costume Mask",active,Style,Ready Cut,Fitting,Elastic,FaceMask-OliverBearmanSunGlassesCap-RC-E,2.99,continue,,manual,TRUE,TRUE,
oliver-bearman-sun-glasses-cap-face-mask-f1-motorsport-celebrity-card-face-mask-celebrity-mask-for-stag-do-hen-night-fancy-dress-costume-parties-funny-adult-card-mask,,,,Ready Cut,,Stick,FaceMask-OliverBearmanSunGlassesCap-RC-S,3.49,continue,,manual,TRUE,TRUE,
oliver-bearman-sun-glasses-cap-face-mask-f1-motorsport-celebrity-card-face-mask-celebrity-mask-for-stag-do-hen-night-fancy-dress-costume-parties-funny-adult-card-mask,,,,DIY,,Elastic,FaceMask-OliverBearmanSunGlassesCap-DIY-E,1.50,continue,,manual,TRUE,TRUE,
oliver-bearman-sun-glasses-cap-face-mask-f1-motorsport-celebrity-card-face-mask-celebrity-mask-for-stag-do-hen-night-fancy-dress-costume-parties-funny-adult-card-mask,,,,DIY,,Stick,FaceMask-OliverBearmanSunGlassesCap-DIY-S,2.00,continue,,manual,TRUE,TRUE,
oscar-piastri-cap-2-facemask-f1-motorsport-celebrity-card-face-mask-celebrity-mask-for-stag-do-hen-night-fancy-dress-costume-parties-funny-adult-card-mask,Oscar Piastri 2 (Cap) Face Mask – Fancy Dress Cardboard Costume Mask,active,Style,Ready Cut,Fitting,Elastic,FaceMask-OscarPiastriCap2-RC-E,2.99,continue,,manual,TRUE,TRUE,
oscar-piastri-cap-2-facemask-f1-motorsport-celebrity-card-face-mask-celebrity-mask-for-stag-do-hen-night-fancy-dress-costume-parties-funny-adult-card-mask,,,,Ready Cut,,Stick,FaceMask-OscarPiastriCap2-RC-S,3.49,continue,,manual,TRUE,TRUE,
oscar-piastri-cap-2-facemask-f1-motorsport-celebrity-card-face-mask-celebrity-mask-for-stag-do-hen-night-fancy-dress-costume-parties-funny-adult-card-mask,,,,DIY,,Elastic,FaceMask-OscarPiastriCap2-DIY-E,1.50,continue,,manual,TRUE,TRUE,
oscar-piastri-cap-2-facemask-f1-motorsport-celebrity-card-face-mask-celebrity-mask-for-stag-do-hen-night-fancy-dress-costume-parties-funny-adult-card-mask,,,,DIY,,Stick,FaceMask-OscarPiastriCap2-DIY-S,2.00,continue,,manual,TRUE,TRUE,
oscar-piastri-cap-3-facemask-f1-motorsport-celebrity-card-face-mask-celebrity-mask-for-stag-do-hen-night-fancy-dress-costume-parties-funny-adult-card-mask,Oscar Piastri 3 (Cap) Face Mask – Fancy Dress Cardboard Costume Mask,active,Style,Ready Cut,Fitting,Elastic,FaceMask-OscarPiastriCap3-RC-E,2.99,continue,,manual,TRUE,TRUE,
oscar-piastri-cap-3-facemask-f1-motorsport-celebrity-card-face-mask-celebrity-mask-for-stag-do-hen-night-fancy-dress-costume-parties-funny-adult-card-mask,,,,Ready Cut,,Stick,FaceMask-OscarPiastriCap3-RC-S,3.49,continue,,manual,TRUE,TRUE,
oscar-piastri-cap-3-facemask-f1-motorsport-celebrity-card-face-mask-celebrity-mask-for-stag-do-hen-night-fancy-dress-costume-parties-funny-adult-card-mask,,,,DIY,,Elastic,FaceMask-OscarPiastriCap3-DIY-E,1.50,continue,,manual,TRUE,TRUE,
oscar-piastri-cap-3-facemask-f1-motorsport-celebrity-card-face-mask-celebrity-mask-for-stag-do-hen-night-fancy-dress-costume-parties-funny-adult-card-mask,,,,DIY,,Stick,FaceMask-OscarPiastriCap3-DIY-S,2.00,continue,,manual,TRUE,TRUE,
oscar-piastri-cap-facemask-f1-motorsport-celebrity-card-face-mask-celebrity-mask-for-stag-do-hen-night-fancy-dress-costume-parties-funny-adult-card-mask,Oscar Piastri (Cap) Face Mask – Fancy Dress Cardboard Costume Mask,active,Style,Ready Cut,Fitting,Elastic,FaceMask-OscarPiastriCap-RC-E,2.99,continue,,manual,TRUE,TRUE,
oscar-piastri-cap-facemask-f1-motorsport-celebrity-card-face-mask-celebrity-mask-for-stag-do-hen-night-fancy-dress-costume-parties-funny-adult-card-mask,,,,Ready Cut,,Stick,FaceMask-OscarPiastriCap-RC-S,3.49,continue,,manual,TRUE,TRUE,
oscar-piastri-cap-facemask-f1-motorsport-celebrity-card-face-mask-celebrity-mask-for-stag-do-hen-night-fancy-dress-costume-parties-funny-adult-card-mask,,,,DIY,,Elastic,FaceMask-OscarPiastriCap-DIY-E,1.50,continue,,manual,TRUE,TRUE,
oscar-piastri-cap-facemask-f1-motorsport-celebrity-card-face-mask-celebrity-mask-for-stag-do-hen-night-fancy-dress-costume-parties-funny-adult-card-mask,,,,DIY,,Stick,FaceMask-OscarPiastriCap-DIY-S,2.00,continue,,manual,TRUE,TRUE,
oscar-piastri-facemask-f1-motorsport-celebrity-card-face-mask-celebrity-mask-for-stag-do-hen-night-fancy-dress-costume-parties-funny-adult-card-mask,"Oscar Piastri Facemask – F1 Motorsport Celebrity Card Face Mask – Celebrity Mask for Stag Do, Hen Night, Fancy Dress & Costume Parties",active,Style,Ready Cut,Fitting,Elastic,FaceMask-OscarPiastri-RC-E,2.99,continue,,manual,TRUE,TRUE,
oscar-piastri-facemask-f1-motorsport-celebrity-card-face-mask-celebrity-mask-for-stag-do-hen-night-fancy-dress-costume-parties-funny-adult-card-mask,,,,Ready Cut,,Stick,FaceMask-OscarPiastri-RC-S,3.49,continue,,manual,TRUE,TRUE,
oscar-piastri-facemask-f1-motorsport-celebrity-card-face-mask-celebrity-mask-for-stag-do-hen-night-fancy-dress-costume-parties-funny-adult-card-mask,,,,DIY,,Elastic,FaceMask-OscarPiastri-DIY-E,1.50,continue,,manual,TRUE,TRUE,
oscar-piastri-facemask-f1-motorsport-celebrity-card-face-mask-celebrity-mask-for-stag-do-hen-night-fancy-dress-costume-parties-funny-adult-card-mask,,,,DIY,,Stick,FaceMask-OscarPiastri-DIY-S,2.00,continue,,manual,TRUE,TRUE,
pierre-gasly-cap-face-mask-f1-motorsport-celebrity-card-face-mask-celebrity-mask-for-stag-do-hen-night-fancy-dress-costume-parties-funny-adult-card-mask,Pierre Gasly (Cap) Face Mask – Fancy Dress Cardboard Costume Mask,active,Style,Ready Cut,Fitting,Elastic,FaceMask-PierreGaslyCap-RC-E,2.99,continue,,manual,TRUE,TRUE,
pierre-gasly-cap-face-mask-f1-motorsport-celebrity-card-face-mask-celebrity-mask-for-stag-do-hen-night-fancy-dress-costume-parties-funny-adult-card-mask,,,,Ready Cut,,Stick,FaceMask-PierreGaslyCap-RC-S,3.49,continue,,manual,TRUE,TRUE,
pierre-gasly-cap-face-mask-f1-motorsport-celebrity-card-face-mask-celebrity-mask-for-stag-do-hen-night-fancy-dress-costume-parties-funny-adult-card-mask,,,,DIY,,Elastic,FaceMask-PierreGaslyCap-DIY-E,1.50,continue,,manual,TRUE,TRUE,
pierre-gasly-cap-face-mask-f1-motorsport-celebrity-card-face-mask-celebrity-mask-for-stag-do-hen-night-fancy-dress-costume-parties-funny-adult-card-mask,,,,DIY,,Stick,FaceMask-PierreGaslyCap-DIY-S,2.00,continue,,manual,TRUE,TRUE,
pierre-gasly-face-mask-f1-motorsport-celebrity-card-face-mask-celebrity-mask-for-stag-do-hen-night-fancy-dress-costume-parties-funny-adult-card-mask,"Pierre Gasly Face Mask – F1 Motorsport Celebrity Card Face Mask – Celebrity Mask for Stag Do, Hen Night, Fancy Dress & Costume Parties",active,Style,Ready Cut,Fitting,Elastic,FaceMask-PierreGasly-RC-E,2.99,continue,,manual,TRUE,TRUE,
pierre-gasly-face-mask-f1-motorsport-celebrity-card-face-mask-celebrity-mask-for-stag-do-hen-night-fancy-dress-costume-parties-funny-adult-card-mask,,,,Ready Cut,,Stick,FaceMask-PierreGasly-RC-S,3.49,continue,,manual,TRUE,TRUE,
pierre-gasly-face-mask-f1-motorsport-celebrity-card-face-mask-celebrity-mask-for-stag-do-hen-night-fancy-dress-costume-parties-funny-adult-card-mask,,,,DIY,,Elastic,FaceMask-PierreGasly-DIY-E,1.50,continue,,manual,TRUE,TRUE,
pierre-gasly-face-mask-f1-motorsport-celebrity-card-face-mask-celebrity-mask-for-stag-do-hen-night-fancy-dress-costume-parties-funny-adult-card-mask,,,,DIY,,Stick,FaceMask-PierreGasly-DIY-S,2.00,continue,,manual,TRUE,TRUE,
sergio-perez-face-mask-f1-motorsport-celebrity-card-face-mask-celebrity-mask-for-stag-do-hen-night-fancy-dress-costume-parties-funny-adult-card-mask,"Sergio Perez Face Mask – F1 Motorsport Celebrity Card Face Mask – Celebrity Mask for Stag Do, Hen Night, Fancy Dress & Costume Parties",active,Style,Ready Cut,Fitting,Elastic,FaceMask-SergioPerez-RC-E,2.99,continue,,manual,TRUE,TRUE,
sergio-perez-face-mask-f1-motorsport-celebrity-card-face-mask-celebrity-mask-for-stag-do-hen-night-fancy-dress-costume-parties-funny-adult-card-mask,,,,Ready Cut,,Stick,FaceMask-SergioPerez-RC-S,3.49,continue,,manual,TRUE,TRUE,
sergio-perez-face-mask-f1-motorsport-celebrity-card-face-mask-celebrity-mask-for-stag-do-hen-night-fancy-dress-costume-parties-funny-adult-card-mask,,,,DIY,,Elastic,FaceMask-SergioPerez-DIY-E,1.50,continue,,manual,TRUE,TRUE,
sergio-perez-face-mask-f1-motorsport-celebrity-card-face-mask-celebrity-mask-for-stag-do-hen-night-fancy-dress-costume-parties-funny-adult-card-mask,,,,DIY,,Stick,FaceMask-SergioPerez-DIY-S,2.00,continue,,manual,TRUE,TRUE,
valtteri-bottas-face-mask-f1-motorsport-celebrity-card-face-mask-celebrity-mask-for-stag-do-hen-night-fancy-dress-costume-parties-funny-adult-card-mask,"Valtteri Bottas Face Mask – F1 Motorsport Celebrity Card Face Mask – Celebrity Mask for Stag Do, Hen Night, Fancy Dress & Costume Parties",active,Style,Ready Cut,Fitting,Elastic,FaceMask-ValtteriBottas-RC-E,2.99,continue,,manual,TRUE,TRUE,
valtteri-bottas-face-mask-f1-motorsport-celebrity-card-face-mask-celebrity-mask-for-stag-do-hen-night-fancy-dress-costume-parties-funny-adult-card-mask,,,,Ready Cut,,Stick,FaceMask-ValtteriBottas-RC-S,3.49,continue,,manual,TRUE,TRUE,
valtteri-bottas-face-mask-f1-motorsport-celebrity-card-face-mask-celebrity-mask-for-stag-do-hen-night-fancy-dress-costume-parties-funny-adult-card-mask,,,,DIY,,Elastic,FaceMask-ValtteriBottas-DIY-E,1.50,continue,,manual,TRUE,TRUE,
valtteri-bottas-face-mask-f1-motorsport-celebrity-card-face-mask-celebrity-mask-for-stag-do-hen-night-fancy-dress-costume-parties-funny-adult-card-mask,,,,DIY,,Stick,FaceMask-ValtteriBottas-DIY-S,2.00,continue,,manual,TRUE,TRUE,
david-raya-arsenal-face-mask-arsenal-goalkeeper-celebrity-card-mask-celebrity-mask-for-stag-do-hen-night-fancy-dress-costume-parties-funny-adult-card-mask-copy,David Raya Face Mask – Fancy Dress Cardboard Costume Mask,active,Style,Ready Cut,Fitting,Elastic,FoxyMask-DavidRayaArsenal-RC-E,2.99,continue,,manual,TRUE,TRUE,
david-raya-arsenal-face-mask-arsenal-goalkeeper-celebrity-card-mask-celebrity-mask-for-stag-do-hen-night-fancy-dress-costume-parties-funny-adult-card-mask-copy,,,,Ready Cut,,Stick,FoxyMask-DavidRayaArsenal-RC-S,3.49,continue,,manual,TRUE,TRUE,
david-raya-arsenal-face-mask-arsenal-goalkeeper-celebrity-card-mask-celebrity-mask-for-stag-do-hen-night-fancy-dress-costume-parties-funny-adult-card-mask-copy,,,,DIY,,Elastic,FoxyMask-DavidRayaArsenal-DIY-E,1.50,continue,,manual,TRUE,TRUE,
david-raya-arsenal-face-mask-arsenal-goalkeeper-celebrity-card-mask-celebrity-mask-for-stag-do-hen-night-fancy-dress-costume-parties-funny-adult-card-mask-copy,,,,DIY,,Stick,FoxyMask-DavidRayaArsenal-DIY-S,2.00,continue,,manual,TRUE,TRUE,
declan-rice-arsenal-face-mask-arsenal-football-player-celebrity-card-mask-celebrity-mask-for-stag-do-hen-night-fancy-dress-costume-parties-funny-adult-card-mask-copy-copy,"Declan Rice Arsenal Face Mask – Arsenal Football Player Celebrity Card Mask – Celebrity Mask for Stag Do, Hen Night, Fancy Dress & Costume Parties",active,Style,Ready Cut,Fitting,Elastic,FaceMask-DeclanRiceArsenal-RC-E,2.99,continue,,manual,TRUE,TRUE,
declan-rice-arsenal-face-mask-arsenal-football-player-celebrity-card-mask-celebrity-mask-for-stag-do-hen-night-fancy-dress-costume-parties-funny-adult-card-mask-copy-copy,,,,Ready Cut,,Stick,FaceMask-DeclanRiceArsenal-RC-S,3.49,continue,,manual,TRUE,TRUE,
declan-rice-arsenal-face-mask-arsenal-football-player-celebrity-card-mask-celebrity-mask-for-stag-do-hen-night-fancy-dress-costume-parties-funny-adult-card-mask-copy-copy,,,,DIY,,Elastic,FaceMask-DeclanRiceArsenal-DIY-E,1.50,continue,,manual,TRUE,TRUE,
declan-rice-arsenal-face-mask-arsenal-football-player-celebrity-card-mask-celebrity-mask-for-stag-do-hen-night-fancy-dress-costume-parties-funny-adult-card-mask-copy-copy,,,,DIY,,Stick,FaceMask-DeclanRiceArsenal-DIY-S,2.00,continue,,manual,TRUE,TRUE,
gabriel-magalhaes-arsenal-face-mask-arsenal-football-player-celebrity-card-mask-celebrity-mask-for-stag-do-hen-night-fancy-dress-costume-parties-funny-adult-card-mask-copy-copy-copy,Gabriel Magalhães Face Mask – Fancy Dress Cardboard Costume Mask,active,Style,Ready Cut,Fitting,Elastic,FaceMask-GabrielMagalhaesArsenal-RC-E,2.99,continue,,manual,TRUE,TRUE,
gabriel-magalhaes-arsenal-face-mask-arsenal-football-player-celebrity-card-mask-celebrity-mask-for-stag-do-hen-night-fancy-dress-costume-parties-funny-adult-card-mask-copy-copy-copy,,,,Ready Cut,,Stick,FaceMask-GabrielMagalhaesArsenal-RC-S,3.49,continue,,manual,TRUE,TRUE,
gabriel-magalhaes-arsenal-face-mask-arsenal-football-player-celebrity-card-mask-celebrity-mask-for-stag-do-hen-night-fancy-dress-costume-parties-funny-adult-card-mask-copy-copy-copy,,,,DIY,,Elastic,FaceMask-GabrielMagalhaesArsenal-DIY-E,1.50,continue,,manual,TRUE,TRUE,
gabriel-magalhaes-arsenal-face-mask-arsenal-football-player-celebrity-card-mask-celebrity-mask-for-stag-do-hen-night-fancy-dress-costume-parties-funny-adult-card-mask-copy-copy-copy,,,,DIY,,Stick,FaceMask-GabrielMagalhaesArsenal-DIY-S,2.00,continue,,manual,TRUE,TRUE,
mikel-arteta-arsenal-face-mask-arsenal-manager-celebrity-card-mask-celebrity-mask-for-stag-do-hen-night-fancy-dress-costume-parties-funny-adult-card-mask,"Mikel Arteta Arsenal Face Mask – Arsenal Manager Celebrity Card Mask – Celebrity Mask for Stag Do, Hen Night, Fancy Dress & Costume Parties",active,Style,Ready Cut,Fitting,Elastic,FaceMask-MikelArtetaArsenal-RC-E,2.99,continue,,manual,TRUE,TRUE,
mikel-arteta-arsenal-face-mask-arsenal-manager-celebrity-card-mask-celebrity-mask-for-stag-do-hen-night-fancy-dress-costume-parties-funny-adult-card-mask,,,,Ready Cut,,Stick,FaceMask-MikelArtetaArsenal-RC-S,3.49,continue,,manual,TRUE,TRUE,
mikel-arteta-arsenal-face-mask-arsenal-manager-celebrity-card-mask-celebrity-mask-for-stag-do-hen-night-fancy-dress-costume-parties-funny-adult-card-mask,,,,DIY,,Elastic,FaceMask-MikelArtetaArsenal-DIY-E,1.50,continue,,manual,TRUE,TRUE,
mikel-arteta-arsenal-face-mask-arsenal-manager-celebrity-card-mask-celebrity-mask-for-stag-do-hen-night-fancy-dress-costume-parties-funny-adult-card-mask,,,,DIY,,Stick,FaceMask-MikelArtetaArsenal-DIY-S,2.00,continue,,manual,TRUE,TRUE,
mikel-arteta-1-arsenal-face-mask-arsenal-manager-celebrity-card-mask-celebrity-mask-for-stag-do-hen-night-fancy-dress-costume-parties-funny-adult-card-mask,Mikel Arteta 1 Face Mask – Fancy Dress Cardboard Costume Mask,active,Style,Ready Cut,Fitting,Elastic,FaceMask-MikelArtetaArsenal1-RC-E,2.99,continue,,manual,TRUE,TRUE,
mikel-arteta-1-arsenal-face-mask-arsenal-manager-celebrity-card-mask-celebrity-mask-for-stag-do-hen-night-fancy-dress-costume-parties-funny-adult-card-mask,,,,Ready Cut,,Stick,FaceMask-MikelArtetaArsenal1-RC-S,3.49,continue,,manual,TRUE,TRUE,
mikel-arteta-1-arsenal-face-mask-arsenal-manager-celebrity-card-mask-celebrity-mask-for-stag-do-hen-night-fancy-dress-costume-parties-funny-adult-card-mask,,,,DIY,,Elastic,FaceMask-MikelArtetaArsenal1-DIY-E,1.50,continue,,manual,TRUE,TRUE,
mikel-arteta-1-arsenal-face-mask-arsenal-manager-celebrity-card-mask-celebrity-mask-for-stag-do-hen-night-fancy-dress-costume-parties-funny-adult-card-mask,,,,DIY,,Stick,FaceMask-MikelArtetaArsenal1-DIY-S,2.00,continue,,manual,TRUE,TRUE,
noni-madueke-arsenal-face-mask-arsenal-manager-celebrity-card-mask-celebrity-mask-for-stag-do-hen-night-fancy-dress-costume-parties-funny-adult-card-mask,"Noni Madueke Arsenal Face Mask – Arsenal Football Player Celebrity Card Mask – Celebrity Mask for Stag Do, Hen Night, Fancy Dress & Costume Parties",active,Style,Ready Cut,Fitting,Elastic,FaceMask-NoniMaduekeArsenal-RC-E,2.99,continue,,manual,TRUE,TRUE,
noni-madueke-arsenal-face-mask-arsenal-manager-celebrity-card-mask-celebrity-mask-for-stag-do-hen-night-fancy-dress-costume-parties-funny-adult-card-mask,,,,Ready Cut,,Stick,FaceMask-NoniMaduekeArsenal-RC-S,3.49,continue,,manual,TRUE,TRUE,
noni-madueke-arsenal-face-mask-arsenal-manager-celebrity-card-mask-celebrity-mask-for-stag-do-hen-night-fancy-dress-costume-parties-funny-adult-card-mask,,,,DIY,,Elastic,FaceMask-NoniMaduekeArsenal-DIY-E,1.50,continue,,manual,TRUE,TRUE,
noni-madueke-arsenal-face-mask-arsenal-manager-celebrity-card-mask-celebrity-mask-for-stag-do-hen-night-fancy-dress-costume-parties-funny-adult-card-mask,,,,DIY,,Stick,FaceMask-NoniMaduekeArsenal-DIY-S,2.00,continue,,manual,TRUE,TRUE,
viktor-gyokeres-arsenal-face-mask-arsenal-manager-celebrity-card-mask-celebrity-mask-for-stag-do-hen-night-fancy-dress-costume-parties-funny-adult-card-mask,Viktor Gyökeres Face Mask – Fancy Dress Cardboard Costume Mask,active,Style,Ready Cut,Fitting,Elastic,FaceMask-ViktorGyokeresArsenal-RC-E,2.99,continue,,manual,TRUE,TRUE,
viktor-gyokeres-arsenal-face-mask-arsenal-manager-celebrity-card-mask-celebrity-mask-for-stag-do-hen-night-fancy-dress-costume-parties-funny-adult-card-mask,,,,Ready Cut,,Stick,FaceMask-ViktorGyokeresArsenal-RC-S,3.49,continue,,manual,TRUE,TRUE,
viktor-gyokeres-arsenal-face-mask-arsenal-manager-celebrity-card-mask-celebrity-mask-for-stag-do-hen-night-fancy-dress-costume-parties-funny-adult-card-mask,,,,DIY,,Elastic,FaceMask-ViktorGyokeresArsenal-DIY-E,1.50,continue,,manual,TRUE,TRUE,
viktor-gyokeres-arsenal-face-mask-arsenal-manager-celebrity-card-mask-celebrity-mask-for-stag-do-hen-night-fancy-dress-costume-parties-funny-adult-card-mask,,,,DIY,,Stick,FaceMask-ViktorGyokeresArsenal-DIY-S,2.00,continue,,manual,TRUE,TRUE,
william-saliba-arsenal-face-mask-arsenal-manager-celebrity-card-mask-celebrity-mask-for-stag-do-hen-night-fancy-dress-costume-parties-funny-adult-card-mask,William Saliba Face Mask – Fancy Dress Cardboard Costume Mask,active,Style,Ready Cut,Fitting,Elastic,FaceMask-WilliamSalibaArsenal-RC-E,2.99,continue,,manual,TRUE,TRUE,
william-saliba-arsenal-face-mask-arsenal-manager-celebrity-card-mask-celebrity-mask-for-stag-do-hen-night-fancy-dress-costume-parties-funny-adult-card-mask,,,,Ready Cut,,Stick,FaceMask-WilliamSalibaArsenal-RC-S,3.49,continue,,manual,TRUE,TRUE,
william-saliba-arsenal-face-mask-arsenal-manager-celebrity-card-mask-celebrity-mask-for-stag-do-hen-night-fancy-dress-costume-parties-funny-adult-card-mask,,,,DIY,,Elastic,FaceMask-WilliamSalibaArsenal-DIY-E,1.50,continue,,manual,TRUE,TRUE,
william-saliba-arsenal-face-mask-arsenal-manager-celebrity-card-mask-celebrity-mask-for-stag-do-hen-night-fancy-dress-costume-parties-funny-adult-card-mask,,,,DIY,,Stick,FaceMask-WilliamSalibaArsenal-DIY-S,2.00,continue,,manual,TRUE,TRUE,
emiliano-martinez-aston-villa-face-mask-aston-villa-goalkeeper-celebrity-card-mask-celebrity-mask-for-stag-do-hen-night-fancy-dress-costume-parties-funny-adult-card-mask,Emiliano Martínez Face Mask – Fancy Dress Cardboard Costume Mask,active,Style,Ready Cut,Fitting,Elastic,FaceMask-EmiMartinezAstonVilla-RC-E,2.99,continue,,manual,TRUE,TRUE,
emiliano-martinez-aston-villa-face-mask-aston-villa-goalkeeper-celebrity-card-mask-celebrity-mask-for-stag-do-hen-night-fancy-dress-costume-parties-funny-adult-card-mask,,,,Ready Cut,,Stick,FaceMask-EmiMartinezAstonVilla-RC-S,3.49,continue,,manual,TRUE,TRUE,
emiliano-martinez-aston-villa-face-mask-aston-villa-goalkeeper-celebrity-card-mask-celebrity-mask-for-stag-do-hen-night-fancy-dress-costume-parties-funny-adult-card-mask,,,,DIY,,Elastic,FaceMask-EmiMartinezAstonVilla-DIY-E,1.50,continue,,manual,TRUE,TRUE,
emiliano-martinez-aston-villa-face-mask-aston-villa-goalkeeper-celebrity-card-mask-celebrity-mask-for-stag-do-hen-night-fancy-dress-costume-parties-funny-adult-card-mask,,,,DIY,,Stick,FaceMask-EmiMartinezAstonVilla-DIY-S,2.00,continue,,manual,TRUE,TRUE,
ezri-konsa-aston-villa-face-mask-aston-villa-football-player-celebrity-card-mask-celebrity-mask-for-stag-do-hen-night-fancy-dress-costume-parties-funny-adult-card-mask,Ezri Konsa Aston Villa Face Mask – Aston Villa Football Player Celebrity Card Mask,active,Style,Ready Cut,Fitting,Elastic,FaceMask-EzriKonsaAstonVilla-RC-E,2.99,continue,,manual,TRUE,TRUE,
ezri-konsa-aston-villa-face-mask-aston-villa-football-player-celebrity-card-mask-celebrity-mask-for-stag-do-hen-night-fancy-dress-costume-parties-funny-adult-card-mask,,,,Ready Cut,,Stick,FaceMask-EzriKonsaAstonVilla-RC-S,3.49,continue,,manual,TRUE,TRUE,
ezri-konsa-aston-villa-face-mask-aston-villa-football-player-celebrity-card-mask-celebrity-mask-for-stag-do-hen-night-fancy-dress-costume-parties-funny-adult-card-mask,,,,DIY,,Elastic,FaceMask-EzriKonsaAstonVilla-DIY-E,1.50,continue,,manual,TRUE,TRUE,
ezri-konsa-aston-villa-face-mask-aston-villa-football-player-celebrity-card-mask-celebrity-mask-for-stag-do-hen-night-fancy-dress-costume-parties-funny-adult-card-mask,,,,DIY,,Stick,FaceMask-EzriKonsaAstonVilla-DIY-S,2.00,continue,,manual,TRUE,TRUE,
john-mcginn-aston-villa-face-mask-aston-villa-football-player-celebrity-card-mask-celebrity-mask-for-stag-do-hen-night-fancy-dress-costume-parties-funny-adult-card-mask,John McGinn Face Mask – Fancy Dress Cardboard Costume Mask,active,Style,Ready Cut,Fitting,Elastic,FaceMask-JohnMcGinnAstonVilla-RC-E,2.99,continue,,manual,TRUE,TRUE,
john-mcginn-aston-villa-face-mask-aston-villa-football-player-celebrity-card-mask-celebrity-mask-for-stag-do-hen-night-fancy-dress-costume-parties-funny-adult-card-mask,,,,Ready Cut,,Stick,FaceMask-JohnMcGinnAstonVilla-RC-S,3.49,continue,,manual,TRUE,TRUE,
john-mcginn-aston-villa-face-mask-aston-villa-football-player-celebrity-card-mask-celebrity-mask-for-stag-do-hen-night-fancy-dress-costume-parties-funny-adult-card-mask,,,,DIY,,Elastic,FaceMask-JohnMcGinnAstonVilla-DIY-E,1.50,continue,,manual,TRUE,TRUE,
john-mcginn-aston-villa-face-mask-aston-villa-football-player-celebrity-card-mask-celebrity-mask-for-stag-do-hen-night-fancy-dress-costume-parties-funny-adult-card-mask,,,,DIY,,Stick,FaceMask-JohnMcGinnAstonVilla-DIY-S,2.00,continue,,manual,TRUE,TRUE,
matty-cash-aston-villa-face-mask-aston-villa-football-player-celebrity-card-mask-celebrity-mask-for-stag-do-hen-night-fancy-dress-costume-parties-funny-adult-card-mask,Matty Cash Face Mask – Fancy Dress Cardboard Costume Mask,active,Style,Ready Cut,Fitting,Elastic,FaceMask-MattyCashAstonVilla-RC-E,2.99,continue,,manual,TRUE,TRUE,
matty-cash-aston-villa-face-mask-aston-villa-football-player-celebrity-card-mask-celebrity-mask-for-stag-do-hen-night-fancy-dress-costume-parties-funny-adult-card-mask,,,,Ready Cut,,Stick,FaceMask-MattyCashAstonVilla-RC-S,3.49,continue,,manual,TRUE,TRUE,
matty-cash-aston-villa-face-mask-aston-villa-football-player-celebrity-card-mask-celebrity-mask-for-stag-do-hen-night-fancy-dress-costume-parties-funny-adult-card-mask,,,,DIY,,Elastic,FaceMask-MattyCashAstonVilla-DIY-E,1.50,continue,,manual,TRUE,TRUE,
matty-cash-aston-villa-face-mask-aston-villa-football-player-celebrity-card-mask-celebrity-mask-for-stag-do-hen-night-fancy-dress-costume-parties-funny-adult-card-mask,,,,DIY,,Stick,FaceMask-MattyCashAstonVilla-DIY-S,2.00,continue,,manual,TRUE,TRUE,
morgan-rogers-aston-villa-face-mask-aston-villa-football-player-celebrity-card-mask-celebrity-mask-for-stag-do-hen-night-fancy-dress-costume-parties-funny-adult-card-mask,Morgan Rogers Aston Villa Face Mask – Aston Villa Football Player Celebrity Card Mask,active,Style,Ready Cut,Fitting,Elastic,FaceMask-MorganRogersAstonVilla-RC-E,2.99,continue,,manual,TRUE,TRUE,
morgan-rogers-aston-villa-face-mask-aston-villa-football-player-celebrity-card-mask-celebrity-mask-for-stag-do-hen-night-fancy-dress-costume-parties-funny-adult-card-mask,,,,Ready Cut,,Stick,FaceMask-MorganRogersAstonVilla-RC-S,3.49,continue,,manual,TRUE,TRUE,
morgan-rogers-aston-villa-face-mask-aston-villa-football-player-celebrity-card-mask-celebrity-mask-for-stag-do-hen-night-fancy-dress-costume-parties-funny-adult-card-mask,,,,DIY,,Elastic,FaceMask-MorganRogersAstonVilla-DIY-E,1.50,continue,,manual,TRUE,TRUE,
morgan-rogers-aston-villa-face-mask-aston-villa-football-player-celebrity-card-mask-celebrity-mask-for-stag-do-hen-night-fancy-dress-costume-parties-funny-adult-card-mask,,,,DIY,,Stick,FaceMask-MorganRogersAstonVilla-DIY-S,2.00,continue,,manual,TRUE,TRUE,
unai-emery-aston-villa-face-mask-aston-villa-manager-celebrity-card-mask-celebrity-mask-for-stag-do-hen-night-fancy-dress-costume-parties-funny-adult-card-mask,Unai Emery Face Mask – Fancy Dress Cardboard Costume Mask,active,Style,Ready Cut,Fitting,Elastic,FaceMask-UnaiEmeryAstonVilla-RC-E,2.99,continue,,manual,TRUE,TRUE,
unai-emery-aston-villa-face-mask-aston-villa-manager-celebrity-card-mask-celebrity-mask-for-stag-do-hen-night-fancy-dress-costume-parties-funny-adult-card-mask,,,,Ready Cut,,Stick,FaceMask-UnaiEmeryAstonVilla-RC-S,3.49,continue,,manual,TRUE,TRUE,
unai-emery-aston-villa-face-mask-aston-villa-manager-celebrity-card-mask-celebrity-mask-for-stag-do-hen-night-fancy-dress-costume-parties-funny-adult-card-mask,,,,DIY,,Elastic,FaceMask-UnaiEmeryAstonVilla-DIY-E,1.50,continue,,manual,TRUE,TRUE,
unai-emery-aston-villa-face-mask-aston-villa-manager-celebrity-card-mask-celebrity-mask-for-stag-do-hen-night-fancy-dress-costume-parties-funny-adult-card-mask,,,,DIY,,Stick,FaceMask-UnaiEmeryAstonVilla-DIY-S,2.00,continue,,manual,TRUE,TRUE,
youri-tielemans-aston-villa-face-mask-aston-villa-football-player-celebrity-card-mask-celebrity-mask-for-stag-do-hen-night-fancy-dress-costume-parties-funny-adult-card-mask,Youri Tielemans Face Mask – Fancy Dress Cardboard Costume Mask,active,Style,Ready Cut,Fitting,Elastic,FaceMask-YouriTielemansAstonVilla-RC-E,2.99,continue,,manual,TRUE,TRUE,
youri-tielemans-aston-villa-face-mask-aston-villa-football-player-celebrity-card-mask-celebrity-mask-for-stag-do-hen-night-fancy-dress-costume-parties-funny-adult-card-mask,,,,Ready Cut,,Stick,FaceMask-YouriTielemansAstonVilla-RC-S,3.49,continue,,manual,TRUE,TRUE,
youri-tielemans-aston-villa-face-mask-aston-villa-football-player-celebrity-card-mask-celebrity-mask-for-stag-do-hen-night-fancy-dress-costume-parties-funny-adult-card-mask,,,,DIY,,Elastic,FaceMask-YouriTielemansAstonVilla-DIY-E,1.50,continue,,manual,TRUE,TRUE,
youri-tielemans-aston-villa-face-mask-aston-villa-football-player-celebrity-card-mask-celebrity-mask-for-stag-do-hen-night-fancy-dress-costume-parties-funny-adult-card-mask,,,,DIY,,Stick,FaceMask-YouriTielemansAstonVilla-DIY-S,2.00,continue,,manual,TRUE,TRUE,
adam-smith-bournemouth-face-mask-afc-bournemouth-football-player-celebrity-card-mask-celebrity-mask-for-stag-do-hen-night-fancy-dress-costume-parties-funny-adult-card-mask,Adam Smith Face Mask – Fancy Dress Cardboard Costume Mask,active,Style,Ready Cut,Fitting,Elastic,FaceMask-AdamSmithBournemouth-RC-E,2.99,continue,,manual,TRUE,TRUE,
adam-smith-bournemouth-face-mask-afc-bournemouth-football-player-celebrity-card-mask-celebrity-mask-for-stag-do-hen-night-fancy-dress-costume-parties-funny-adult-card-mask,,,,Ready Cut,,Stick,FaceMask-AdamSmithBournemouth-RC-S,3.49,continue,,manual,TRUE,TRUE,
adam-smith-bournemouth-face-mask-afc-bournemouth-football-player-celebrity-card-mask-celebrity-mask-for-stag-do-hen-night-fancy-dress-costume-parties-funny-adult-card-mask,,,,DIY,,Elastic,FaceMask-AdamSmithBournemouth-DIY-E,1.50,continue,,manual,TRUE,TRUE,
adam-smith-bournemouth-face-mask-afc-bournemouth-football-player-celebrity-card-mask-celebrity-mask-for-stag-do-hen-night-fancy-dress-costume-parties-funny-adult-card-mask,,,,DIY,,Stick,FaceMask-AdamSmithBournemouth-DIY-S,2.00,continue,,manual,TRUE,TRUE,
andoni-iraola-bournemouth-face-mask-afc-bournemouth-manager-celebrity-card-mask-celebrity-mask-for-stag-do-hen-night-fancy-dress-costume-parties-funny-adult-card-mask,Andoni Iraola Face Mask – Fancy Dress Cardboard Costume Mask,active,Style,Ready Cut,Fitting,Elastic,FaceMask-AndoniIraolaBournemouth-RC-E,2.99,continue,,manual,TRUE,TRUE,
andoni-iraola-bournemouth-face-mask-afc-bournemouth-manager-celebrity-card-mask-celebrity-mask-for-stag-do-hen-night-fancy-dress-costume-parties-funny-adult-card-mask,,,,Ready Cut,,Stick,FaceMask-AndoniIraolaBournemouth-RC-S,3.49,continue,,manual,TRUE,TRUE,
andoni-iraola-bournemouth-face-mask-afc-bournemouth-manager-celebrity-card-mask-celebrity-mask-for-stag-do-hen-night-fancy-dress-costume-parties-funny-adult-card-mask,,,,DIY,,Elastic,FaceMask-AndoniIraolaBournemouth-DIY-E,1.50,continue,,manual,TRUE,TRUE,
andoni-iraola-bournemouth-face-mask-afc-bournemouth-manager-celebrity-card-mask-celebrity-mask-for-stag-do-hen-night-fancy-dress-costume-parties-funny-adult-card-mask,,,,DIY,,Stick,FaceMask-AndoniIraolaBournemouth-DIY-S,2.00,continue,,manual,TRUE,TRUE,
evanilson-bournemouth-face-mask-afc-bournemouth-football-player-celebrity-card-mask-celebrity-mask-for-stag-do-hen-night-fancy-dress-costume-parties-funny-adult-card-mask,Evanilson Bournemouth Face Mask – AFC Bournemouth Football Player Celebrity Card Mask,active,Style,Ready Cut,Fitting,Elastic,FaceMask-EvanilsonBournemouth-RC-E,2.99,continue,,manual,TRUE,TRUE,
evanilson-bournemouth-face-mask-afc-bournemouth-football-player-celebrity-card-mask-celebrity-mask-for-stag-do-hen-night-fancy-dress-costume-parties-funny-adult-card-mask,,,,Ready Cut,,Stick,FaceMask-EvanilsonBournemouth-RC-S,3.49,continue,,manual,TRUE,TRUE,
evanilson-bournemouth-face-mask-afc-bournemouth-football-player-celebrity-card-mask-celebrity-mask-for-stag-do-hen-night-fancy-dress-costume-parties-funny-adult-card-mask,,,,DIY,,Elastic,FaceMask-EvanilsonBournemouth-DIY-E,1.50,continue,,manual,TRUE,TRUE,
evanilson-bournemouth-face-mask-afc-bournemouth-football-player-celebrity-card-mask-celebrity-mask-for-stag-do-hen-night-fancy-dress-costume-parties-funny-adult-card-mask,,,,DIY,,Stick,FaceMask-EvanilsonBournemouth-DIY-S,2.00,continue,,manual,TRUE,TRUE,
justin-kluivert-bournemouth-face-mask-afc-bournemouth-football-player-celebrity-card-mask-celebrity-mask-for-stag-do-hen-night-fancy-dress-costume-parties-funny-adult-card-mask-copy,Justin Kluivert Face Mask – Fancy Dress Cardboard Costume Mask,active,Style,Ready Cut,Fitting,Elastic,FaceMask-JustinKluivertBournemouth-RC-E,2.99,continue,,manual,TRUE,TRUE,
justin-kluivert-bournemouth-face-mask-afc-bournemouth-football-player-celebrity-card-mask-celebrity-mask-for-stag-do-hen-night-fancy-dress-costume-parties-funny-adult-card-mask-copy,,,,Ready Cut,,Stick,FaceMask-JustinKluivertBournemouth-RC-S,3.49,continue,,manual,TRUE,TRUE,
justin-kluivert-bournemouth-face-mask-afc-bournemouth-football-player-celebrity-card-mask-celebrity-mask-for-stag-do-hen-night-fancy-dress-costume-parties-funny-adult-card-mask-copy,,,,DIY,,Elastic,FaceMask-JustinKluivertBournemouth-DIY-E,1.50,continue,,manual,TRUE,TRUE,
justin-kluivert-bournemouth-face-mask-afc-bournemouth-football-player-celebrity-card-mask-celebrity-mask-for-stag-do-hen-night-fancy-dress-costume-parties-funny-adult-card-mask-copy,,,,DIY,,Stick,FaceMask-JustinKluivertBournemouth-DIY-S,2.00,continue,,manual,TRUE,TRUE,
lewis-cook-bournemouth-face-mask-afc-bournemouth-football-player-celebrity-card-mask-celebrity-mask-for-stag-do-hen-night-fancy-dress-costume-parties-funny-adult-card-mask,Lewis Cook Face Mask – Fancy Dress Cardboard Costume Mask,active,Style,Ready Cut,Fitting,Elastic,FaceMask-LewisCookBournemouth-RC-E,2.99,continue,,manual,TRUE,TRUE,
lewis-cook-bournemouth-face-mask-afc-bournemouth-football-player-celebrity-card-mask-celebrity-mask-for-stag-do-hen-night-fancy-dress-costume-parties-funny-adult-card-mask,,,,Ready Cut,,Stick,FaceMask-LewisCookBournemouth-RC-S,3.49,continue,,manual,TRUE,TRUE,
lewis-cook-bournemouth-face-mask-afc-bournemouth-football-player-celebrity-card-mask-celebrity-mask-for-stag-do-hen-night-fancy-dress-costume-parties-funny-adult-card-mask,,,,DIY,,Elastic,FaceMask-LewisCookBournemouth-DIY-E,1.50,continue,,manual,TRUE,TRUE,
lewis-cook-bournemouth-face-mask-afc-bournemouth-football-player-celebrity-card-mask-celebrity-mask-for-stag-do-hen-night-fancy-dress-costume-parties-funny-adult-card-mask,,,,DIY,,Stick,FaceMask-LewisCookBournemouth-DIY-S,2.00,continue,,manual,TRUE,TRUE,
marcus-tavernier-bournemouth-face-mask-afc-bournemouth-football-player-celebrity-card-mask-celebrity-mask-for-stag-do-hen-night-fancy-dress-costume-parties-funny-adult-card-mask,Marcus Tavernier Face Mask – Fancy Dress Cardboard Costume Mask,active,Style,Ready Cut,Fitting,Elastic,FaceMask-MarcusTavernierBournemouth-RC-E,2.99,continue,,manual,TRUE,TRUE,
marcus-tavernier-bournemouth-face-mask-afc-bournemouth-football-player-celebrity-card-mask-celebrity-mask-for-stag-do-hen-night-fancy-dress-costume-parties-funny-adult-card-mask,,,,Ready Cut,,Stick,FaceMask-MarcusTavernierBournemouth-RC-S,3.49,continue,,manual,TRUE,TRUE,
marcus-tavernier-bournemouth-face-mask-afc-bournemouth-football-player-celebrity-card-mask-celebrity-mask-for-stag-do-hen-night-fancy-dress-costume-parties-funny-adult-card-mask,,,,DIY,,Elastic,FaceMask-MarcusTavernierBournemouth-DIY-E,1.50,continue,,manual,TRUE,TRUE,
marcus-tavernier-bournemouth-face-mask-afc-bournemouth-football-player-celebrity-card-mask-celebrity-mask-for-stag-do-hen-night-fancy-dress-costume-parties-funny-adult-card-mask,,,,DIY,,Stick,FaceMask-MarcusTavernierBournemouth-DIY-S,2.00,continue,,manual,TRUE,TRUE,
ethan-pinnock-brentford-face-mask-brentford-football-player-celebrity-card-mask-celebrity-mask-for-stag-do-hen-night-fancy-dress-costume-parties-funny-adult-card-mask,Ethan Pinnock Face Mask – Fancy Dress Cardboard Costume Mask,active,Style,Ready Cut,Fitting,Elastic,FaceMask-EthanPinnockBrentford-RC-E,2.99,continue,,manual,TRUE,TRUE,
ethan-pinnock-brentford-face-mask-brentford-football-player-celebrity-card-mask-celebrity-mask-for-stag-do-hen-night-fancy-dress-costume-parties-funny-adult-card-mask,,,,Ready Cut,,Stick,FaceMask-EthanPinnockBrentford-RC-S,3.49,continue,,manual,TRUE,TRUE,
ethan-pinnock-brentford-face-mask-brentford-football-player-celebrity-card-mask-celebrity-mask-for-stag-do-hen-night-fancy-dress-costume-parties-funny-adult-card-mask,,,,DIY,,Elastic,FaceMask-EthanPinnockBrentford-DIY-E,1.50,continue,,manual,TRUE,TRUE,
ethan-pinnock-brentford-face-mask-brentford-football-player-celebrity-card-mask-celebrity-mask-for-stag-do-hen-night-fancy-dress-costume-parties-funny-adult-card-mask,,,,DIY,,Stick,FaceMask-EthanPinnockBrentford-DIY-S,2.00,continue,,manual,TRUE,TRUE,
igor-thiago-brentford-face-mask-brentford-football-player-celebrity-card-mask-celebrity-mask-for-stag-do-hen-night-fancy-dress-costume-parties-funny-adult-card-mask,Igor Thiago Face Mask – Fancy Dress Cardboard Costume Mask,active,Style,Ready Cut,Fitting,Elastic,FaceMask-IgorThiagoBrentford-RC-E,2.99,continue,,manual,TRUE,TRUE,
igor-thiago-brentford-face-mask-brentford-football-player-celebrity-card-mask-celebrity-mask-for-stag-do-hen-night-fancy-dress-costume-parties-funny-adult-card-mask,,,,Ready Cut,,Stick,FaceMask-IgorThiagoBrentford-RC-S,3.49,continue,,manual,TRUE,TRUE,
igor-thiago-brentford-face-mask-brentford-football-player-celebrity-card-mask-celebrity-mask-for-stag-do-hen-night-fancy-dress-costume-parties-funny-adult-card-mask,,,,DIY,,Elastic,FaceMask-IgorThiagoBrentford-DIY-E,1.50,continue,,manual,TRUE,TRUE,
igor-thiago-brentford-face-mask-brentford-football-player-celebrity-card-mask-celebrity-mask-for-stag-do-hen-night-fancy-dress-costume-parties-funny-adult-card-mask,,,,DIY,,Stick,FaceMask-IgorThiagoBrentford-DIY-S,2.00,continue,,manual,TRUE,TRUE,
keane-lewis-potter-brentford-face-mask-brentford-football-player-celebrity-card-mask-celebrity-mask-for-stag-do-hen-night-fancy-dress-costume-parties-funny-adult-card-mask,Keane Lewis-Potter Face Mask – Fancy Dress Cardboard Costume Mask,active,Style,Ready Cut,Fitting,Elastic,FaceMask-KeaneLewisPotterBrentford-RC-E,2.99,continue,,manual,TRUE,TRUE,
keane-lewis-potter-brentford-face-mask-brentford-football-player-celebrity-card-mask-celebrity-mask-for-stag-do-hen-night-fancy-dress-costume-parties-funny-adult-card-mask,,,,Ready Cut,,Stick,FaceMask-KeaneLewisPotterBrentford-RC-S,3.49,continue,,manual,TRUE,TRUE,
keane-lewis-potter-brentford-face-mask-brentford-football-player-celebrity-card-mask-celebrity-mask-for-stag-do-hen-night-fancy-dress-costume-parties-funny-adult-card-mask,,,,DIY,,Elastic,FaceMask-KeaneLewisPotterBrentford-DIY-E,1.50,continue,,manual,TRUE,TRUE,
keane-lewis-potter-brentford-face-mask-brentford-football-player-celebrity-card-mask-celebrity-mask-for-stag-do-hen-night-fancy-dress-costume-parties-funny-adult-card-mask,,,,DIY,,Stick,FaceMask-KeaneLewisPotterBrentford-DIY-S,2.00,continue,,manual,TRUE,TRUE,
keith-andrews-brentford-face-mask-brentford-coach-celebrity-card-mask-celebrity-mask-for-stag-do-hen-night-fancy-dress-costume-parties-funny-adult-card-mask,Keith Andrews Face Mask – Fancy Dress Cardboard Costume Mask,active,Style,Ready Cut,Fitting,Elastic,FaceMask-KeithAndrewsBrentford-RC-E,2.99,continue,,manual,TRUE,TRUE,
keith-andrews-brentford-face-mask-brentford-coach-celebrity-card-mask-celebrity-mask-for-stag-do-hen-night-fancy-dress-costume-parties-funny-adult-card-mask,,,,Ready Cut,,Stick,FaceMask-KeithAndrewsBrentford-RC-S,3.49,continue,,manual,TRUE,TRUE,
keith-andrews-brentford-face-mask-brentford-coach-celebrity-card-mask-celebrity-mask-for-stag-do-hen-night-fancy-dress-costume-parties-funny-adult-card-mask,,,,DIY,,Elastic,FaceMask-KeithAndrewsBrentford-DIY-E,1.50,continue,,manual,TRUE,TRUE,
keith-andrews-brentford-face-mask-brentford-coach-celebrity-card-mask-celebrity-mask-for-stag-do-hen-night-fancy-dress-costume-parties-funny-adult-card-mask,,,,DIY,,Stick,FaceMask-KeithAndrewsBrentford-DIY-S,2.00,continue,,manual,TRUE,TRUE,
mikkel-damsgaard-brentford-face-mask-brentford-football-player-celebrity-card-mask-celebrity-mask-for-stag-do-hen-night-fancy-dress-costume-parties-funny-adult-card-mask,Mikkel Damsgaard Face Mask – Fancy Dress Cardboard Costume Mask,active,Style,Ready Cut,Fitting,Elastic,FaceMask-MikkelDamsgaardBrentford-RC-E,2.99,continue,,manual,TRUE,TRUE,
mikkel-damsgaard-brentford-face-mask-brentford-football-player-celebrity-card-mask-celebrity-mask-for-stag-do-hen-night-fancy-dress-costume-parties-funny-adult-card-mask,,,,Ready Cut,,Stick,FaceMask-MikkelDamsgaardBrentford-RC-S,3.49,continue,,manual,TRUE,TRUE,
mikkel-damsgaard-brentford-face-mask-brentford-football-player-celebrity-card-mask-celebrity-mask-for-stag-do-hen-night-fancy-dress-costume-parties-funny-adult-card-mask,,,,DIY,,Elastic,FaceMask-MikkelDamsgaardBrentford-DIY-E,1.50,continue,,manual,TRUE,TRUE,
mikkel-damsgaard-brentford-face-mask-brentford-football-player-celebrity-card-mask-celebrity-mask-for-stag-do-hen-night-fancy-dress-costume-parties-funny-adult-card-mask,,,,DIY,,Stick,FaceMask-MikkelDamsgaardBrentford-DIY-S,2.00,continue,,manual,TRUE,TRUE,
nathan-collins-brentford-face-mask-brentford-football-player-celebrity-card-mask-celebrity-mask-for-stag-do-hen-night-fancy-dress-costume-parties-funny-adult-card-mask,Nathan Collins Face Mask – Fancy Dress Cardboard Costume Mask,active,Style,Ready Cut,Fitting,Elastic,FaceMask-NathanCollinsBrentford-RC-E,2.99,continue,,manual,TRUE,TRUE,
nathan-collins-brentford-face-mask-brentford-football-player-celebrity-card-mask-celebrity-mask-for-stag-do-hen-night-fancy-dress-costume-parties-funny-adult-card-mask,,,,Ready Cut,,Stick,FaceMask-NathanCollinsBrentford-RC-S,3.49,continue,,manual,TRUE,TRUE,
nathan-collins-brentford-face-mask-brentford-football-player-celebrity-card-mask-celebrity-mask-for-stag-do-hen-night-fancy-dress-costume-parties-funny-adult-card-mask,,,,DIY,,Elastic,FaceMask-NathanCollinsBrentford-DIY-E,1.50,continue,,manual,TRUE,TRUE,
nathan-collins-brentford-face-mask-brentford-football-player-celebrity-card-mask-celebrity-mask-for-stag-do-hen-night-fancy-dress-costume-parties-funny-adult-card-mask,,,,DIY,,Stick,FaceMask-NathanCollinsBrentford-DIY-S,2.00,continue,,manual,TRUE,TRUE,
carlos-baleba-brighton-face-mask-brighton-hove-albion-football-player-celebrity-card-mask-celebrity-mask-for-stag-do-hen-night-fancy-dress-costume-parties-funny-adult-card-mask-copy,Carlos Baleba Face Mask – Fancy Dress Cardboard Costume Mask,active,Style,Ready Cut,Fitting,Elastic,FaceMask-CarlosBalebaBrighton-RC-E,2.99,continue,,manual,TRUE,TRUE,
carlos-baleba-brighton-face-mask-brighton-hove-albion-football-player-celebrity-card-mask-celebrity-mask-for-stag-do-hen-night-fancy-dress-costume-parties-funny-adult-card-mask-copy,,,,Ready Cut,,Stick,FaceMask-CarlosBalebaBrighton-RC-S,3.49,continue,,manual,TRUE,TRUE,
carlos-baleba-brighton-face-mask-brighton-hove-albion-football-player-celebrity-card-mask-celebrity-mask-for-stag-do-hen-night-fancy-dress-costume-parties-funny-adult-card-mask-copy,,,,DIY,,Elastic,FaceMask-CarlosBalebaBrighton-DIY-E,1.50,continue,,manual,TRUE,TRUE,
carlos-baleba-brighton-face-mask-brighton-hove-albion-football-player-celebrity-card-mask-celebrity-mask-for-stag-do-hen-night-fancy-dress-costume-parties-funny-adult-card-mask-copy,,,,DIY,,Stick,FaceMask-CarlosBalebaBrighton-DIY-S,2.00,continue,,manual,TRUE,TRUE,
danny-welbeck-brighton-face-mask-brighton-hove-albion-football-player-celebrity-card-mask-celebrity-mask-for-stag-do-hen-night-fancy-dress-costume-parties-funny-adult-card-mask,Danny Welbeck Brighton Face Mask – Brighton & Hove Albion Football Player Celebrity Card Mask,active,Style,Ready Cut,Fitting,Elastic,FaceMask-DannyWelbeckBrighton-RC-E,2.99,continue,,manual,TRUE,TRUE,
danny-welbeck-brighton-face-mask-brighton-hove-albion-football-player-celebrity-card-mask-celebrity-mask-for-stag-do-hen-night-fancy-dress-costume-parties-funny-adult-card-mask,,,,Ready Cut,,Stick,FaceMask-DannyWelbeckBrighton-RC-S,3.49,continue,,manual,TRUE,TRUE,
danny-welbeck-brighton-face-mask-brighton-hove-albion-football-player-celebrity-card-mask-celebrity-mask-for-stag-do-hen-night-fancy-dress-costume-parties-funny-adult-card-mask,,,,DIY,,Elastic,FaceMask-DannyWelbeckBrighton-DIY-E,1.50,continue,,manual,TRUE,TRUE,
danny-welbeck-brighton-face-mask-brighton-hove-albion-football-player-celebrity-card-mask-celebrity-mask-for-stag-do-hen-night-fancy-dress-costume-parties-funny-adult-card-mask,,,,DIY,,Stick,FaceMask-DannyWelbeckBrighton-DIY-S,2.00,continue,,manual,TRUE,TRUE,
fabian-hurzeler-brighton-face-mask-brighton-hove-albion-manager-celebrity-card-mask-celebrity-mask-for-stag-do-hen-night-fancy-dress-costume-parties-funny-adult-card-mask,Fabian Hürzeler Face Mask – Fancy Dress Cardboard Costume Mask,active,Style,Ready Cut,Fitting,Elastic,FaceMask-FabianHurzelerBrighton-RC-E,2.99,continue,,manual,TRUE,TRUE,
fabian-hurzeler-brighton-face-mask-brighton-hove-albion-manager-celebrity-card-mask-celebrity-mask-for-stag-do-hen-night-fancy-dress-costume-parties-funny-adult-card-mask,,,,Ready Cut,,Stick,FaceMask-FabianHurzelerBrighton-RC-S,3.49,continue,,manual,TRUE,TRUE,
fabian-hurzeler-brighton-face-mask-brighton-hove-albion-manager-celebrity-card-mask-celebrity-mask-for-stag-do-hen-night-fancy-dress-costume-parties-funny-adult-card-mask,,,,DIY,,Elastic,FaceMask-FabianHurzelerBrighton-DIY-E,1.50,continue,,manual,TRUE,TRUE,
fabian-hurzeler-brighton-face-mask-brighton-hove-albion-manager-celebrity-card-mask-celebrity-mask-for-stag-do-hen-night-fancy-dress-costume-parties-funny-adult-card-mask,,,,DIY,,Stick,FaceMask-FabianHurzelerBrighton-DIY-S,2.00,continue,,manual,TRUE,TRUE,
james-milner-brighton-face-mask-brighton-hove-albion-football-player-celebrity-card-mask-celebrity-mask-for-stag-do-hen-night-fancy-dress-costume-parties-funny-adult-card-mask,James Milner Brighton Face Mask – Brighton & Hove Albion Football Player Celebrity Card Mask,active,Style,Ready Cut,Fitting,Elastic,FaceMask-JamesMilnerBrighton-RC-E,2.99,continue,,manual,TRUE,TRUE,
james-milner-brighton-face-mask-brighton-hove-albion-football-player-celebrity-card-mask-celebrity-mask-for-stag-do-hen-night-fancy-dress-costume-parties-funny-adult-card-mask,,,,Ready Cut,,Stick,FaceMask-JamesMilnerBrighton-RC-S,3.49,continue,,manual,TRUE,TRUE,
james-milner-brighton-face-mask-brighton-hove-albion-football-player-celebrity-card-mask-celebrity-mask-for-stag-do-hen-night-fancy-dress-costume-parties-funny-adult-card-mask,,,,DIY,,Elastic,FaceMask-JamesMilnerBrighton-DIY-E,1.50,continue,,manual,TRUE,TRUE,
james-milner-brighton-face-mask-brighton-hove-albion-football-player-celebrity-card-mask-celebrity-mask-for-stag-do-hen-night-fancy-dress-costume-parties-funny-adult-card-mask,,,,DIY,,Stick,FaceMask-JamesMilnerBrighton-DIY-S,2.00,continue,,manual,TRUE,TRUE,
jan-paul-van-hecke-brighton-face-mask-brighton-hove-albion-football-player-celebrity-card-mask-celebrity-mask-for-stag-do-hen-night-fancy-dress-costume-parties-funny-adult-card-mask,Jan Paul van Hecke Face Mask – Fancy Dress Cardboard Costume Mask,active,Style,Ready Cut,Fitting,Elastic,FaceMask-JanPaulvanHeckeBrighton-RC-E,2.99,continue,,manual,TRUE,TRUE,
jan-paul-van-hecke-brighton-face-mask-brighton-hove-albion-football-player-celebrity-card-mask-celebrity-mask-for-stag-do-hen-night-fancy-dress-costume-parties-funny-adult-card-mask,,,,Ready Cut,,Stick,FaceMask-JanPaulvanHeckeBrighton-RC-S,3.49,continue,,manual,TRUE,TRUE,
jan-paul-van-hecke-brighton-face-mask-brighton-hove-albion-football-player-celebrity-card-mask-celebrity-mask-for-stag-do-hen-night-fancy-dress-costume-parties-funny-adult-card-mask,,,,DIY,,Elastic,FaceMask-JanPaulvanHeckeBrighton-DIY-E,1.50,continue,,manual,TRUE,TRUE,
jan-paul-van-hecke-brighton-face-mask-brighton-hove-albion-football-player-celebrity-card-mask-celebrity-mask-for-stag-do-hen-night-fancy-dress-costume-parties-funny-adult-card-mask,,,,DIY,,Stick,FaceMask-JanPaulvanHeckeBrighton-DIY-S,2.00,continue,,manual,TRUE,TRUE,
kaoru-mitoma-brighton-face-mask-brighton-hove-albion-football-player-celebrity-card-mask-celebrity-mask-for-stag-do-hen-night-fancy-dress-costume-parties-funny-adult-card-mask,Kaoru Mitoma Face Mask – Fancy Dress Cardboard Costume Mask,active,Style,Ready Cut,Fitting,Elastic,FaceMask-KaoruMitomaBrighton-RC-E,2.99,continue,,manual,TRUE,TRUE,
kaoru-mitoma-brighton-face-mask-brighton-hove-albion-football-player-celebrity-card-mask-celebrity-mask-for-stag-do-hen-night-fancy-dress-costume-parties-funny-adult-card-mask,,,,Ready Cut,,Stick,FaceMask-KaoruMitomaBrighton-RC-S,3.49,continue,,manual,TRUE,TRUE,
kaoru-mitoma-brighton-face-mask-brighton-hove-albion-football-player-celebrity-card-mask-celebrity-mask-for-stag-do-hen-night-fancy-dress-costume-parties-funny-adult-card-mask,,,,DIY,,Elastic,FaceMask-KaoruMitomaBrighton-DIY-E,1.50,continue,,manual,TRUE,TRUE,
kaoru-mitoma-brighton-face-mask-brighton-hove-albion-football-player-celebrity-card-mask-celebrity-mask-for-stag-do-hen-night-fancy-dress-costume-parties-funny-adult-card-mask,,,,DIY,,Stick,FaceMask-KaoruMitomaBrighton-DIY-S,2.00,continue,,manual,TRUE,TRUE,
pascal-gross-brighton-face-mask-brighton-hove-albion-football-player-celebrity-card-mask-celebrity-mask-for-stag-do-hen-night-fancy-dress-costume-parties-funny-adult-card-mask,Pascal Groß Face Mask – Fancy Dress Cardboard Costume Mask,active,Style,Ready Cut,Fitting,Elastic,FaceMask-PascalGrobBrighton-RC-E,2.99,continue,,manual,TRUE,TRUE,
pascal-gross-brighton-face-mask-brighton-hove-albion-football-player-celebrity-card-mask-celebrity-mask-for-stag-do-hen-night-fancy-dress-costume-parties-funny-adult-card-mask,,,,Ready Cut,,Stick,FaceMask-PascalGrobBrighton-RC-S,3.49,continue,,manual,TRUE,TRUE,
pascal-gross-brighton-face-mask-brighton-hove-albion-football-player-celebrity-card-mask-celebrity-mask-for-stag-do-hen-night-fancy-dress-costume-parties-funny-adult-card-mask,,,,DIY,,Elastic,FaceMask-PascalGrobBrighton-DIY-E,1.50,continue,,manual,TRUE,TRUE,
pascal-gross-brighton-face-mask-brighton-hove-albion-football-player-celebrity-card-mask-celebrity-mask-for-stag-do-hen-night-fancy-dress-costume-parties-funny-adult-card-mask,,,,DIY,,Stick,FaceMask-PascalGrobBrighton-DIY-S,2.00,continue,,manual,TRUE,TRUE,
alejandro-garnacho-chelsea-face-mask-chelsea-football-player-celebrity-card-mask-celebrity-mask-for-stag-do-hen-night-fancy-dress-costume-parties-funny-adult-card-mask,Alejandro Garnacho Chelsea Face Mask – Chelsea Football Player Celebrity Card Mask,active,Style,Ready Cut,Fitting,Elastic,FaceMask-AlejandroGarnachoChelsea-RC-E,2.99,continue,,manual,TRUE,TRUE,
alejandro-garnacho-chelsea-face-mask-chelsea-football-player-celebrity-card-mask-celebrity-mask-for-stag-do-hen-night-fancy-dress-costume-parties-funny-adult-card-mask,,,,Ready Cut,,Stick,FaceMask-AlejandroGarnachoChelsea-RC-S,3.49,continue,,manual,TRUE,TRUE,
alejandro-garnacho-chelsea-face-mask-chelsea-football-player-celebrity-card-mask-celebrity-mask-for-stag-do-hen-night-fancy-dress-costume-parties-funny-adult-card-mask,,,,DIY,,Elastic,FaceMask-AlejandroGarnachoChelsea-DIY-E,1.50,continue,,manual,TRUE,TRUE,
alejandro-garnacho-chelsea-face-mask-chelsea-football-player-celebrity-card-mask-celebrity-mask-for-stag-do-hen-night-fancy-dress-costume-parties-funny-adult-card-mask,,,,DIY,,Stick,FaceMask-AlejandroGarnachoChelsea-DIY-S,2.00,continue,,manual,TRUE,TRUE,
enzo-fernandez-chelsea-face-mask-chelsea-football-player-celebrity-card-mask-celebrity-mask-for-stag-do-hen-night-fancy-dress-costume-parties-funny-adult-card-mask,Enzo Fernández Face Mask – Fancy Dress Cardboard Costume Mask,active,Style,Ready Cut,Fitting,Elastic,FaceMask-EnzoFernandezChelsea-RC-E,2.99,continue,,manual,TRUE,TRUE,
enzo-fernandez-chelsea-face-mask-chelsea-football-player-celebrity-card-mask-celebrity-mask-for-stag-do-hen-night-fancy-dress-costume-parties-funny-adult-card-mask,,,,Ready Cut,,Stick,FaceMask-EnzoFernandezChelsea-RC-S,3.49,continue,,manual,TRUE,TRUE,
enzo-fernandez-chelsea-face-mask-chelsea-football-player-celebrity-card-mask-celebrity-mask-for-stag-do-hen-night-fancy-dress-costume-parties-funny-adult-card-mask,,,,DIY,,Elastic,FaceMask-EnzoFernandezChelsea-DIY-E,1.50,continue,,manual,TRUE,TRUE,
enzo-fernandez-chelsea-face-mask-chelsea-football-player-celebrity-card-mask-celebrity-mask-for-stag-do-hen-night-fancy-dress-costume-parties-funny-adult-card-mask,,,,DIY,,Stick,FaceMask-EnzoFernandezChelsea-DIY-S,2.00,continue,,manual,TRUE,TRUE,
joao-pedro-brighton-face-mask-brighton-hove-albion-football-player-celebrity-card-mask-celebrity-mask-for-stag-do-hen-night-fancy-dress-costume-parties-funny-adult-card-mask-copy,João Pedro Face Mask – Fancy Dress Cardboard Costume Mask,active,Style,Ready Cut,Fitting,Elastic,FaceMask-JoaoPedroChelsea-RC-E,2.99,continue,,manual,TRUE,TRUE,
joao-pedro-brighton-face-mask-brighton-hove-albion-football-player-celebrity-card-mask-celebrity-mask-for-stag-do-hen-night-fancy-dress-costume-parties-funny-adult-card-mask-copy,,,,Ready Cut,,Stick,FaceMask-JoaoPedroChelsea-RC-S,3.49,continue,,manual,TRUE,TRUE,
joao-pedro-brighton-face-mask-brighton-hove-albion-football-player-celebrity-card-mask-celebrity-mask-for-stag-do-hen-night-fancy-dress-costume-parties-funny-adult-card-mask-copy,,,,DIY,,Elastic,FaceMask-JoaoPedroChelsea-DIY-E,1.50,continue,,manual,TRUE,TRUE,
joao-pedro-brighton-face-mask-brighton-hove-albion-football-player-celebrity-card-mask-celebrity-mask-for-stag-do-hen-night-fancy-dress-costume-parties-funny-adult-card-mask-copy,,,,DIY,,Stick,FaceMask-JoaoPedroChelsea-DIY-S,2.00,continue,,manual,TRUE,TRUE,
liam-rosenior-chelsea-face-mask-chelsea-manager-celebrity-card-mask-celebrity-mask-for-stag-do-hen-night-fancy-dress-costume-parties-funny-adult-card-mask,Liam Rosenior Face Mask – Fancy Dress Cardboard Costume Mask,active,Style,Ready Cut,Fitting,Elastic,FaceMask-LiamRoseniorChelsea-RC-E,2.99,continue,,manual,TRUE,TRUE,
liam-rosenior-chelsea-face-mask-chelsea-manager-celebrity-card-mask-celebrity-mask-for-stag-do-hen-night-fancy-dress-costume-parties-funny-adult-card-mask,,,,Ready Cut,,Stick,FaceMask-LiamRoseniorChelsea-RC-S,3.49,continue,,manual,TRUE,TRUE,
liam-rosenior-chelsea-face-mask-chelsea-manager-celebrity-card-mask-celebrity-mask-for-stag-do-hen-night-fancy-dress-costume-parties-funny-adult-card-mask,,,,DIY,,Elastic,FaceMask-LiamRoseniorChelsea-DIY-E,1.50,continue,,manual,TRUE,TRUE,
liam-rosenior-chelsea-face-mask-chelsea-manager-celebrity-card-mask-celebrity-mask-for-stag-do-hen-night-fancy-dress-costume-parties-funny-adult-card-mask,,,,DIY,,Stick,FaceMask-LiamRoseniorChelsea-DIY-S,2.00,continue,,manual,TRUE,TRUE,
moises-caicedo-chelsea-face-mask-chelsea-football-player-celebrity-card-mask-celebrity-mask-for-stag-do-hen-night-fancy-dress-costume-parties-funny-adult-card-mask,Moisés Caicedo Face Mask – Fancy Dress Cardboard Costume Mask,active,Style,Ready Cut,Fitting,Elastic,FaceMask-MoisesCaicedoChelsea-RC-E,2.99,continue,,manual,TRUE,TRUE,
moises-caicedo-chelsea-face-mask-chelsea-football-player-celebrity-card-mask-celebrity-mask-for-stag-do-hen-night-fancy-dress-costume-parties-funny-adult-card-mask,,,,Ready Cut,,Stick,FaceMask-MoisesCaicedoChelsea-RC-S,3.49,continue,,manual,TRUE,TRUE,
moises-caicedo-chelsea-face-mask-chelsea-football-player-celebrity-card-mask-celebrity-mask-for-stag-do-hen-night-fancy-dress-costume-parties-funny-adult-card-mask,,,,DIY,,Elastic,FaceMask-MoisesCaicedoChelsea-DIY-E,1.50,continue,,manual,TRUE,TRUE,
moises-caicedo-chelsea-face-mask-chelsea-football-player-celebrity-card-mask-celebrity-mask-for-stag-do-hen-night-fancy-dress-costume-parties-funny-adult-card-mask,,,,DIY,,Stick,FaceMask-MoisesCaicedoChelsea-DIY-S,2.00,continue,,manual,TRUE,TRUE,
pedro-neto-chelsea-face-mask-chelsea-football-player-celebrity-card-mask-celebrity-mask-for-stag-do-hen-night-fancy-dress-costume-parties-funny-adult-card-mask,Pedro Neto Face Mask – Fancy Dress Cardboard Costume Mask,active,Style,Ready Cut,Fitting,Elastic,FaceMask-PedroNetoChelsea-RC-E,2.99,continue,,manual,TRUE,TRUE,
pedro-neto-chelsea-face-mask-chelsea-football-player-celebrity-card-mask-celebrity-mask-for-stag-do-hen-night-fancy-dress-costume-parties-funny-adult-card-mask,,,,Ready Cut,,Stick,FaceMask-PedroNetoChelsea-RC-S,3.49,continue,,manual,TRUE,TRUE,
pedro-neto-chelsea-face-mask-chelsea-football-player-celebrity-card-mask-celebrity-mask-for-stag-do-hen-night-fancy-dress-costume-parties-funny-adult-card-mask,,,,DIY,,Elastic,FaceMask-PedroNetoChelsea-DIY-E,1.50,continue,,manual,TRUE,TRUE,
pedro-neto-chelsea-face-mask-chelsea-football-player-celebrity-card-mask-celebrity-mask-for-stag-do-hen-night-fancy-dress-costume-parties-funny-adult-card-mask,,,,DIY,,Stick,FaceMask-PedroNetoChelsea-DIY-S,2.00,continue,,manual,TRUE,TRUE,
daniel-munoz-crystal-palace-face-mask-crystal-palace-football-player-celebrity-card-mask-celebrity-mask-for-stag-do-hen-night-fancy-dress-costume-parties-funny-adult-card-mask-copy,Daniel Muñoz Face Mask – Fancy Dress Cardboard Costume Mask,active,Style,Ready Cut,Fitting,Elastic,FaceMask-DanielMunozCrystalPalace-RC-E,2.99,continue,,manual,TRUE,TRUE,
daniel-munoz-crystal-palace-face-mask-crystal-palace-football-player-celebrity-card-mask-celebrity-mask-for-stag-do-hen-night-fancy-dress-costume-parties-funny-adult-card-mask-copy,,,,Ready Cut,,Stick,FaceMask-DanielMunozCrystalPalace-RC-S,3.49,continue,,manual,TRUE,TRUE,
daniel-munoz-crystal-palace-face-mask-crystal-palace-football-player-celebrity-card-mask-celebrity-mask-for-stag-do-hen-night-fancy-dress-costume-parties-funny-adult-card-mask-copy,,,,DIY,,Elastic,FaceMask-DanielMunozCrystalPalace-DIY-E,1.50,continue,,manual,TRUE,TRUE,
daniel-munoz-crystal-palace-face-mask-crystal-palace-football-player-celebrity-card-mask-celebrity-mask-for-stag-do-hen-night-fancy-dress-costume-parties-funny-adult-card-mask-copy,,,,DIY,,Stick,FaceMask-DanielMunozCrystalPalace-DIY-S,2.00,continue,,manual,TRUE,TRUE,
dean-henderson-crystal-palace-face-mask-crystal-palace-football-player-celebrity-card-mask-celebrity-mask-for-stag-do-hen-night-fancy-dress-costume-parties-funny-adult-card-mask,Dean Henderson Crystal Palace Face Mask – Crystal Palace Football Player Celebrity Card Mask,active,Style,Ready Cut,Fitting,Elastic,FaceMask-DeanHendersonCrystalPalace-RC-E,2.99,continue,,manual,TRUE,TRUE,
dean-henderson-crystal-palace-face-mask-crystal-palace-football-player-celebrity-card-mask-celebrity-mask-for-stag-do-hen-night-fancy-dress-costume-parties-funny-adult-card-mask,,,,Ready Cut,,Stick,FaceMask-DeanHendersonCrystalPalace-RC-S,3.49,continue,,manual,TRUE,TRUE,
dean-henderson-crystal-palace-face-mask-crystal-palace-football-player-celebrity-card-mask-celebrity-mask-for-stag-do-hen-night-fancy-dress-costume-parties-funny-adult-card-mask,,,,DIY,,Elastic,FaceMask-DeanHendersonCrystalPalace-DIY-E,1.50,continue,,manual,TRUE,TRUE,
dean-henderson-crystal-palace-face-mask-crystal-palace-football-player-celebrity-card-mask-celebrity-mask-for-stag-do-hen-night-fancy-dress-costume-parties-funny-adult-card-mask,,,,DIY,,Stick,FaceMask-DeanHendersonCrystalPalace-DIY-S,2.00,continue,,manual,TRUE,TRUE,
ismaila-sarr-crystal-palace-face-mask-crystal-palace-football-player-celebrity-card-mask-celebrity-mask-for-stag-do-hen-night-fancy-dress-costume-parties-funny-adult-card-mask,Ismaïla Sarr Face Mask – Fancy Dress Cardboard Costume Mask,active,Style,Ready Cut,Fitting,Elastic,FaceMask-IsmailaSarrCrystaPalace-RC-E,2.99,continue,,manual,TRUE,TRUE,
ismaila-sarr-crystal-palace-face-mask-crystal-palace-football-player-celebrity-card-mask-celebrity-mask-for-stag-do-hen-night-fancy-dress-costume-parties-funny-adult-card-mask,,,,Ready Cut,,Stick,FaceMask-IsmailaSarrCrystaPalace-RC-S,3.49,continue,,manual,TRUE,TRUE,
ismaila-sarr-crystal-palace-face-mask-crystal-palace-football-player-celebrity-card-mask-celebrity-mask-for-stag-do-hen-night-fancy-dress-costume-parties-funny-adult-card-mask,,,,DIY,,Elastic,FaceMask-IsmailaSarrCrystaPalace-DIY-E,1.50,continue,,manual,TRUE,TRUE,
ismaila-sarr-crystal-palace-face-mask-crystal-palace-football-player-celebrity-card-mask-celebrity-mask-for-stag-do-hen-night-fancy-dress-costume-parties-funny-adult-card-mask,,,,DIY,,Stick,FaceMask-IsmailaSarrCrystaPalace-DIY-S,2.00,continue,,manual,TRUE,TRUE,
jorgen-strand-larsen-crystal-palace-face-mask-crystal-palace-football-player-celebrity-card-mask-celebrity-mask-for-stag-do-hen-night-fancy-dress-costume-parties-funny-adult-card-mask,Jørgen Strand Larsen Face Mask – Fancy Dress Cardboard Costume Mask,active,Style,Ready Cut,Fitting,Elastic,FaceMask-JorgenStrandLarsenCrystaPalace-RC-E,2.99,continue,,manual,TRUE,TRUE,
jorgen-strand-larsen-crystal-palace-face-mask-crystal-palace-football-player-celebrity-card-mask-celebrity-mask-for-stag-do-hen-night-fancy-dress-costume-parties-funny-adult-card-mask,,,,Ready Cut,,Stick,FaceMask-JorgenStrandLarsenCrystaPalace-RC-S,3.49,continue,,manual,TRUE,TRUE,
jorgen-strand-larsen-crystal-palace-face-mask-crystal-palace-football-player-celebrity-card-mask-celebrity-mask-for-stag-do-hen-night-fancy-dress-costume-parties-funny-adult-card-mask,,,,DIY,,Elastic,FaceMask-JorgenStrandLarsenCrystaPalace-DIY-E,1.50,continue,,manual,TRUE,TRUE,
jorgen-strand-larsen-crystal-palace-face-mask-crystal-palace-football-player-celebrity-card-mask-celebrity-mask-for-stag-do-hen-night-fancy-dress-costume-parties-funny-adult-card-mask,,,,DIY,,Stick,FaceMask-JorgenStrandLarsenCrystaPalace-DIY-S,2.00,continue,,manual,TRUE,TRUE,
maxence-lacroix-crystal-palace-face-mask-crystal-palace-football-player-celebrity-card-mask-celebrity-mask-for-stag-do-hen-night-fancy-dress-costume-parties-funny-adult-card-mask,Maxence Lacroix Face Mask – Fancy Dress Cardboard Costume Mask,active,Style,Ready Cut,Fitting,Elastic,FaceMask-MaxenceLacroixCrystalPalace-RC-E,2.99,continue,,manual,TRUE,TRUE,
maxence-lacroix-crystal-palace-face-mask-crystal-palace-football-player-celebrity-card-mask-celebrity-mask-for-stag-do-hen-night-fancy-dress-costume-parties-funny-adult-card-mask,,,,Ready Cut,,Stick,FaceMask-MaxenceLacroixCrystalPalace-RC-S,3.49,continue,,manual,TRUE,TRUE,
maxence-lacroix-crystal-palace-face-mask-crystal-palace-football-player-celebrity-card-mask-celebrity-mask-for-stag-do-hen-night-fancy-dress-costume-parties-funny-adult-card-mask,,,,DIY,,Elastic,FaceMask-MaxenceLacroixCrystalPalace-DIY-E,1.50,continue,,manual,TRUE,TRUE,
maxence-lacroix-crystal-palace-face-mask-crystal-palace-football-player-celebrity-card-mask-celebrity-mask-for-stag-do-hen-night-fancy-dress-costume-parties-funny-adult-card-mask,,,,DIY,,Stick,FaceMask-MaxenceLacroixCrystalPalace-DIY-S,2.00,continue,,manual,TRUE,TRUE,
oliver-glasner-crystal-palace-face-mask-crystal-palace-manager-celebrity-card-mask-celebrity-mask-for-stag-do-hen-night-fancy-dress-costume-parties-funny-adult-card-mask,Oliver Glasner Face Mask – Fancy Dress Cardboard Costume Mask,active,Style,Ready Cut,Fitting,Elastic,FaceMask-OliverGlasnerCrystalPalace-RC-E,2.99,continue,,manual,TRUE,TRUE,
oliver-glasner-crystal-palace-face-mask-crystal-palace-manager-celebrity-card-mask-celebrity-mask-for-stag-do-hen-night-fancy-dress-costume-parties-funny-adult-card-mask,,,,Ready Cut,,Stick,FaceMask-OliverGlasnerCrystalPalace-RC-S,3.49,continue,,manual,TRUE,TRUE,
oliver-glasner-crystal-palace-face-mask-crystal-palace-manager-celebrity-card-mask-celebrity-mask-for-stag-do-hen-night-fancy-dress-costume-parties-funny-adult-card-mask,,,,DIY,,Elastic,FaceMask-OliverGlasnerCrystalPalace-DIY-E,1.50,continue,,manual,TRUE,TRUE,
oliver-glasner-crystal-palace-face-mask-crystal-palace-manager-celebrity-card-mask-celebrity-mask-for-stag-do-hen-night-fancy-dress-costume-parties-funny-adult-card-mask,,,,DIY,,Stick,FaceMask-OliverGlasnerCrystalPalace-DIY-S,2.00,continue,,manual,TRUE,TRUE,
david-moyes-everton-face-mask-everton-manager-celebrity-card-mask-celebrity-mask-for-stag-do-hen-night-fancy-dress-costume-parties-funny-adult-card-mask,David Moyes Face Mask – Fancy Dress Cardboard Costume Mask,active,Style,Ready Cut,Fitting,Elastic,FaceMask-DavidMoyesEverton-RC-E,2.99,continue,,manual,TRUE,TRUE,
david-moyes-everton-face-mask-everton-manager-celebrity-card-mask-celebrity-mask-for-stag-do-hen-night-fancy-dress-costume-parties-funny-adult-card-mask,,,,Ready Cut,,Stick,FaceMask-DavidMoyesEverton-RC-S,3.49,continue,,manual,TRUE,TRUE,
david-moyes-everton-face-mask-everton-manager-celebrity-card-mask-celebrity-mask-for-stag-do-hen-night-fancy-dress-costume-parties-funny-adult-card-mask,,,,DIY,,Elastic,FaceMask-DavidMoyesEverton-DIY-E,1.50,continue,,manual,TRUE,TRUE,
david-moyes-everton-face-mask-everton-manager-celebrity-card-mask-celebrity-mask-for-stag-do-hen-night-fancy-dress-costume-parties-funny-adult-card-mask,,,,DIY,,Stick,FaceMask-DavidMoyesEverton-DIY-S,2.00,continue,,manual,TRUE,TRUE,
iliman-ndiaye-everton-face-mask-everton-football-player-celebrity-card-mask-celebrity-mask-for-stag-do-hen-night-fancy-dress-costume-parties-funny-adult-card-mask,Iliman Ndiaye Face Mask – Fancy Dress Cardboard Costume Mask,active,Style,Ready Cut,Fitting,Elastic,FaceMask-IlimanNdiayeEverton-RC-E,2.99,continue,,manual,TRUE,TRUE,
iliman-ndiaye-everton-face-mask-everton-football-player-celebrity-card-mask-celebrity-mask-for-stag-do-hen-night-fancy-dress-costume-parties-funny-adult-card-mask,,,,Ready Cut,,Stick,FaceMask-IlimanNdiayeEverton-RC-S,3.49,continue,,manual,TRUE,TRUE,
iliman-ndiaye-everton-face-mask-everton-football-player-celebrity-card-mask-celebrity-mask-for-stag-do-hen-night-fancy-dress-costume-parties-funny-adult-card-mask,,,,DIY,,Elastic,FaceMask-IlimanNdiayeEverton-DIY-E,1.50,continue,,manual,TRUE,TRUE,
iliman-ndiaye-everton-face-mask-everton-football-player-celebrity-card-mask-celebrity-mask-for-stag-do-hen-night-fancy-dress-costume-parties-funny-adult-card-mask,,,,DIY,,Stick,FaceMask-IlimanNdiayeEverton-DIY-S,2.00,continue,,manual,TRUE,TRUE,
jack-grealish-england-euros-2024-face-mask-england-football-player-celebrity-card-mask-celebrity-mask-for-stag-do-hen-night-fancy-dress-costume-parties-funny-adult-card-mask,Jack Grealish England Euros 2024 Face Mask – England Football Player Celebrity Card Mask,active,Style,Ready Cut,Fitting,Elastic,FaceMask-JackGrealishEverton-RC-E,2.99,continue,,manual,TRUE,TRUE,
jack-grealish-england-euros-2024-face-mask-england-football-player-celebrity-card-mask-celebrity-mask-for-stag-do-hen-night-fancy-dress-costume-parties-funny-adult-card-mask,,,,Ready Cut,,Stick,FaceMask-JackGrealishEverton-RC-S,3.49,continue,,manual,TRUE,TRUE,
jack-grealish-england-euros-2024-face-mask-england-football-player-celebrity-card-mask-celebrity-mask-for-stag-do-hen-night-fancy-dress-costume-parties-funny-adult-card-mask,,,,DIY,,Elastic,FaceMask-JackGrealishEverton-DIY-E,1.50,continue,,manual,TRUE,TRUE,
jack-grealish-england-euros-2024-face-mask-england-football-player-celebrity-card-mask-celebrity-mask-for-stag-do-hen-night-fancy-dress-costume-parties-funny-adult-card-mask,,,,DIY,,Stick,FaceMask-JackGrealishEverton-DIY-S,2.00,continue,,manual,TRUE,TRUE,
james-tarkowski-everton-face-mask-everton-football-player-celebrity-card-mask-celebrity-mask-for-stag-do-hen-night-fancy-dress-costume-parties-funny-adult-card-mask-copy,James Tarkowski Face Mask – Fancy Dress Cardboard Costume Mask,active,Style,Ready Cut,Fitting,Elastic,FaceMask-JamesTarkowskiEverton-RC-E,2.99,continue,,manual,TRUE,TRUE,
james-tarkowski-everton-face-mask-everton-football-player-celebrity-card-mask-celebrity-mask-for-stag-do-hen-night-fancy-dress-costume-parties-funny-adult-card-mask-copy,,,,Ready Cut,,Stick,FaceMask-JamesTarkowskiEverton-RC-S,3.49,continue,,manual,TRUE,TRUE,
james-tarkowski-everton-face-mask-everton-football-player-celebrity-card-mask-celebrity-mask-for-stag-do-hen-night-fancy-dress-costume-parties-funny-adult-card-mask-copy,,,,DIY,,Elastic,FaceMask-JamesTarkowskiEverton-DIY-E,1.50,continue,,manual,TRUE,TRUE,
james-tarkowski-everton-face-mask-everton-football-player-celebrity-card-mask-celebrity-mask-for-stag-do-hen-night-fancy-dress-costume-parties-funny-adult-card-mask-copy,,,,DIY,,Stick,FaceMask-JamesTarkowskiEverton-DIY-S,2.00,continue,,manual,TRUE,TRUE,
jordan-pickford-everton-face-mask-everton-england-goalkeeper-celebrity-card-mask-celebrity-mask-for-stag-do-hen-night-fancy-dress-costume-parties-funny-adult-card-mask,Jordan Pickford Everton Face Mask – Everton England Goalkeeper Celebrity Card Mask,active,Style,Ready Cut,Fitting,Elastic,FaceMask-JordanPickfordEverton-RC-E,2.99,continue,,manual,TRUE,TRUE,
jordan-pickford-everton-face-mask-everton-england-goalkeeper-celebrity-card-mask-celebrity-mask-for-stag-do-hen-night-fancy-dress-costume-parties-funny-adult-card-mask,,,,Ready Cut,,Stick,FaceMask-JordanPickfordEverton-RC-S,3.49,continue,,manual,TRUE,TRUE,
jordan-pickford-everton-face-mask-everton-england-goalkeeper-celebrity-card-mask-celebrity-mask-for-stag-do-hen-night-fancy-dress-costume-parties-funny-adult-card-mask,,,,DIY,,Elastic,FaceMask-JordanPickfordEverton-DIY-E,1.50,continue,,manual,TRUE,TRUE,
jordan-pickford-everton-face-mask-everton-england-goalkeeper-celebrity-card-mask-celebrity-mask-for-stag-do-hen-night-fancy-dress-costume-parties-funny-adult-card-mask,,,,DIY,,Stick,FaceMask-JordanPickfordEverton-DIY-S,2.00,continue,,manual,TRUE,TRUE,
kiernan-dewsbury-hall-everton-face-mask-everton-football-player-celebrity-card-mask-celebrity-mask-for-stag-do-hen-night-fancy-dress-costume-parties-funny-adult-card-mask-copy,Kiernan Dewsbury-Hall Face Mask – Fancy Dress Cardboard Costume Mask,active,Style,Ready Cut,Fitting,Elastic,FaceMask-KiernanDewsburyHallEverton-RC-E,2.99,continue,,manual,TRUE,TRUE,
kiernan-dewsbury-hall-everton-face-mask-everton-football-player-celebrity-card-mask-celebrity-mask-for-stag-do-hen-night-fancy-dress-costume-parties-funny-adult-card-mask-copy,,,,Ready Cut,,Stick,FaceMask-KiernanDewsburyHallEverton-RC-S,3.49,continue,,manual,TRUE,TRUE,
kiernan-dewsbury-hall-everton-face-mask-everton-football-player-celebrity-card-mask-celebrity-mask-for-stag-do-hen-night-fancy-dress-costume-parties-funny-adult-card-mask-copy,,,,DIY,,Elastic,FaceMask-KiernanDewsburyHallEverton-DIY-E,1.50,continue,,manual,TRUE,TRUE,
kiernan-dewsbury-hall-everton-face-mask-everton-football-player-celebrity-card-mask-celebrity-mask-for-stag-do-hen-night-fancy-dress-costume-parties-funny-adult-card-mask-copy,,,,DIY,,Stick,FaceMask-KiernanDewsburyHallEverton-DIY-S,2.00,continue,,manual,TRUE,TRUE,
michael-keane-everton-face-mask-everton-football-player-celebrity-card-mask-celebrity-mask-for-stag-do-hen-night-fancy-dress-costume-parties-funny-adult-card-mask,Michael Keane Face Mask – Fancy Dress Cardboard Costume Mask,active,Style,Ready Cut,Fitting,Elastic,FaceMask-MichaelKeaneEverton-RC-E,2.99,continue,,manual,TRUE,TRUE,
michael-keane-everton-face-mask-everton-football-player-celebrity-card-mask-celebrity-mask-for-stag-do-hen-night-fancy-dress-costume-parties-funny-adult-card-mask,,,,Ready Cut,,Stick,FaceMask-MichaelKeaneEverton-RC-S,3.49,continue,,manual,TRUE,TRUE,
michael-keane-everton-face-mask-everton-football-player-celebrity-card-mask-celebrity-mask-for-stag-do-hen-night-fancy-dress-costume-parties-funny-adult-card-mask,,,,DIY,,Elastic,FaceMask-MichaelKeaneEverton-DIY-E,1.50,continue,,manual,TRUE,TRUE,
michael-keane-everton-face-mask-everton-football-player-celebrity-card-mask-celebrity-mask-for-stag-do-hen-night-fancy-dress-costume-parties-funny-adult-card-mask,,,,DIY,,Stick,FaceMask-MichaelKeaneEverton-DIY-S,2.00,continue,,manual,TRUE,TRUE,
alex-iwobi-fulham-face-mask-fulham-football-player-celebrity-card-mask-celebrity-mask-for-stag-do-hen-night-fancy-dress-costume-parties-funny-adult-card-mask,Alex Iwobi Face Mask – Fancy Dress Cardboard Costume Mask,active,Style,Ready Cut,Fitting,Elastic,FaceMask-AlexIwobiFulham-RC-E,2.99,continue,,manual,TRUE,TRUE,
alex-iwobi-fulham-face-mask-fulham-football-player-celebrity-card-mask-celebrity-mask-for-stag-do-hen-night-fancy-dress-costume-parties-funny-adult-card-mask,,,,Ready Cut,,Stick,FaceMask-AlexIwobiFulham-RC-S,3.49,continue,,manual,TRUE,TRUE,
alex-iwobi-fulham-face-mask-fulham-football-player-celebrity-card-mask-celebrity-mask-for-stag-do-hen-night-fancy-dress-costume-parties-funny-adult-card-mask,,,,DIY,,Elastic,FaceMask-AlexIwobiFulham-DIY-E,1.50,continue,,manual,TRUE,TRUE,
alex-iwobi-fulham-face-mask-fulham-football-player-celebrity-card-mask-celebrity-mask-for-stag-do-hen-night-fancy-dress-costume-parties-funny-adult-card-mask,,,,DIY,,Stick,FaceMask-AlexIwobiFulham-DIY-S,2.00,continue,,manual,TRUE,TRUE,
harry-wilson-fulham-face-mask-fulham-football-player-celebrity-card-mask-celebrity-mask-for-stag-do-hen-night-fancy-dress-costume-parties-funny-adult-card-mask,Harry Wilson Face Mask – Fancy Dress Cardboard Costume Mask,active,Style,Ready Cut,Fitting,Elastic,FaceMask-HarryWilsonFulham-RC-E,2.99,continue,,manual,TRUE,TRUE,
harry-wilson-fulham-face-mask-fulham-football-player-celebrity-card-mask-celebrity-mask-for-stag-do-hen-night-fancy-dress-costume-parties-funny-adult-card-mask,,,,Ready Cut,,Stick,FaceMask-HarryWilsonFulham-RC-S,3.49,continue,,manual,TRUE,TRUE,
harry-wilson-fulham-face-mask-fulham-football-player-celebrity-card-mask-celebrity-mask-for-stag-do-hen-night-fancy-dress-costume-parties-funny-adult-card-mask,,,,DIY,,Elastic,FaceMask-HarryWilsonFulham-DIY-E,1.50,continue,,manual,TRUE,TRUE,
harry-wilson-fulham-face-mask-fulham-football-player-celebrity-card-mask-celebrity-mask-for-stag-do-hen-night-fancy-dress-costume-parties-funny-adult-card-mask,,,,DIY,,Stick,FaceMask-HarryWilsonFulham-DIY-S,2.00,continue,,manual,TRUE,TRUE,
kevin-mbabu-fulham-face-mask-fulham-football-player-celebrity-card-mask-celebrity-mask-for-stag-do-hen-night-fancy-dress-costume-parties-funny-adult-card-mask,Kevin Mbabu Face Mask – Fancy Dress Cardboard Costume Mask,active,Style,Ready Cut,Fitting,Elastic,FaceMask-KevinMbabuFulham-RC-E,2.99,continue,,manual,TRUE,TRUE,
kevin-mbabu-fulham-face-mask-fulham-football-player-celebrity-card-mask-celebrity-mask-for-stag-do-hen-night-fancy-dress-costume-parties-funny-adult-card-mask,,,,Ready Cut,,Stick,FaceMask-KevinMbabuFulham-RC-S,3.49,continue,,manual,TRUE,TRUE,
kevin-mbabu-fulham-face-mask-fulham-football-player-celebrity-card-mask-celebrity-mask-for-stag-do-hen-night-fancy-dress-costume-parties-funny-adult-card-mask,,,,DIY,,Elastic,FaceMask-KevinMbabuFulham-DIY-E,1.50,continue,,manual,TRUE,TRUE,
kevin-mbabu-fulham-face-mask-fulham-football-player-celebrity-card-mask-celebrity-mask-for-stag-do-hen-night-fancy-dress-costume-parties-funny-adult-card-mask,,,,DIY,,Stick,FaceMask-KevinMbabuFulham-DIY-S,2.00,continue,,manual,TRUE,TRUE,
marco-silva-fulham-face-mask-fulham-manager-celebrity-card-mask-celebrity-mask-for-stag-do-hen-night-fancy-dress-costume-parties-funny-adult-card-mask,Marco Silva Face Mask – Fancy Dress Cardboard Costume Mask,active,Style,Ready Cut,Fitting,Elastic,FaceMask-MarcoSilvaFulham-RC-E,2.99,continue,,manual,TRUE,TRUE,
marco-silva-fulham-face-mask-fulham-manager-celebrity-card-mask-celebrity-mask-for-stag-do-hen-night-fancy-dress-costume-parties-funny-adult-card-mask,,,,Ready Cut,,Stick,FaceMask-MarcoSilvaFulham-RC-S,3.49,continue,,manual,TRUE,TRUE,
marco-silva-fulham-face-mask-fulham-manager-celebrity-card-mask-celebrity-mask-for-stag-do-hen-night-fancy-dress-costume-parties-funny-adult-card-mask,,,,DIY,,Elastic,FaceMask-MarcoSilvaFulham-DIY-E,1.50,continue,,manual,TRUE,TRUE,
marco-silva-fulham-face-mask-fulham-manager-celebrity-card-mask-celebrity-mask-for-stag-do-hen-night-fancy-dress-costume-parties-funny-adult-card-mask,,,,DIY,,Stick,FaceMask-MarcoSilvaFulham-DIY-S,2.00,continue,,manual,TRUE,TRUE,
raul-jimenez-fulham-face-mask-fulham-football-player-celebrity-card-mask-celebrity-mask-for-stag-do-hen-night-fancy-dress-costume-parties-funny-adult-card-mask,Raúl Jiménez Face Mask – Fancy Dress Cardboard Costume Mask,active,Style,Ready Cut,Fitting,Elastic,FaceMask-RaulJimenezFulham-RC-E,2.99,continue,,manual,TRUE,TRUE,
raul-jimenez-fulham-face-mask-fulham-football-player-celebrity-card-mask-celebrity-mask-for-stag-do-hen-night-fancy-dress-costume-parties-funny-adult-card-mask,,,,Ready Cut,,Stick,FaceMask-RaulJimenezFulham-RC-S,3.49,continue,,manual,TRUE,TRUE,
raul-jimenez-fulham-face-mask-fulham-football-player-celebrity-card-mask-celebrity-mask-for-stag-do-hen-night-fancy-dress-costume-parties-funny-adult-card-mask,,,,DIY,,Elastic,FaceMask-RaulJimenezFulham-DIY-E,1.50,continue,,manual,TRUE,TRUE,
raul-jimenez-fulham-face-mask-fulham-football-player-celebrity-card-mask-celebrity-mask-for-stag-do-hen-night-fancy-dress-costume-parties-funny-adult-card-mask,,,,DIY,,Stick,FaceMask-RaulJimenezFulham-DIY-S,2.00,continue,,manual,TRUE,TRUE,
sasa-lukic-fulham-face-mask-fulham-football-player-celebrity-card-mask-celebrity-mask-for-stag-do-hen-night-fancy-dress-costume-parties-funny-adult-card-mask-copy,Saša Lukić Face Mask – Fancy Dress Cardboard Costume Mask,active,Style,Ready Cut,Fitting,Elastic,FaceMask-SasaLukicFulham-RC-E,2.99,continue,,manual,TRUE,TRUE,
sasa-lukic-fulham-face-mask-fulham-football-player-celebrity-card-mask-celebrity-mask-for-stag-do-hen-night-fancy-dress-costume-parties-funny-adult-card-mask-copy,,,,Ready Cut,,Stick,FaceMask-SasaLukicFulham-RC-S,3.49,continue,,manual,TRUE,TRUE,
sasa-lukic-fulham-face-mask-fulham-football-player-celebrity-card-mask-celebrity-mask-for-stag-do-hen-night-fancy-dress-costume-parties-funny-adult-card-mask-copy,,,,DIY,,Elastic,FaceMask-SasaLukicFulham-DIY-E,1.50,continue,,manual,TRUE,TRUE,
sasa-lukic-fulham-face-mask-fulham-football-player-celebrity-card-mask-celebrity-mask-for-stag-do-hen-night-fancy-dress-costume-parties-funny-adult-card-mask-copy,,,,DIY,,Stick,FaceMask-SasaLukicFulham-DIY-S,2.00,continue,,manual,TRUE,TRUE,
anton-stach-leeds-united-face-mask-leeds-football-player-celebrity-card-mask-celebrity-mask-for-stag-do-hen-night-fancy-dress-costume-parties-funny-adult-card-mask,Anton Stach Face Mask – Fancy Dress Cardboard Costume Mask,active,Style,Ready Cut,Fitting,Elastic,FaceMask-AntonStachLeeds-RC-E,2.99,continue,,manual,TRUE,TRUE,
anton-stach-leeds-united-face-mask-leeds-football-player-celebrity-card-mask-celebrity-mask-for-stag-do-hen-night-fancy-dress-costume-parties-funny-adult-card-mask,,,,Ready Cut,,Stick,FaceMask-AntonStachLeeds-RC-S,3.49,continue,,manual,TRUE,TRUE,
anton-stach-leeds-united-face-mask-leeds-football-player-celebrity-card-mask-celebrity-mask-for-stag-do-hen-night-fancy-dress-costume-parties-funny-adult-card-mask,,,,DIY,,Elastic,FaceMask-AntonStachLeeds-DIY-E,1.50,continue,,manual,TRUE,TRUE,
anton-stach-leeds-united-face-mask-leeds-football-player-celebrity-card-mask-celebrity-mask-for-stag-do-hen-night-fancy-dress-costume-parties-funny-adult-card-mask,,,,DIY,,Stick,FaceMask-AntonStachLeeds-DIY-S,2.00,continue,,manual,TRUE,TRUE,
daniel-farke-leeds-united-face-mask-leeds-manager-celebrity-card-mask-celebrity-mask-for-stag-do-hen-night-fancy-dress-costume-parties-funny-adult-card-mask,Daniel Farke Face Mask – Fancy Dress Cardboard Costume Mask,active,Style,Ready Cut,Fitting,Elastic,FaceMask-DanielFarkeLeeds-RC-E,2.99,continue,,manual,TRUE,TRUE,
daniel-farke-leeds-united-face-mask-leeds-manager-celebrity-card-mask-celebrity-mask-for-stag-do-hen-night-fancy-dress-costume-parties-funny-adult-card-mask,,,,Ready Cut,,Stick,FaceMask-DanielFarkeLeeds-RC-S,3.49,continue,,manual,TRUE,TRUE,
daniel-farke-leeds-united-face-mask-leeds-manager-celebrity-card-mask-celebrity-mask-for-stag-do-hen-night-fancy-dress-costume-parties-funny-adult-card-mask,,,,DIY,,Elastic,FaceMask-DanielFarkeLeeds-DIY-E,1.50,continue,,manual,TRUE,TRUE,
daniel-farke-leeds-united-face-mask-leeds-manager-celebrity-card-mask-celebrity-mask-for-stag-do-hen-night-fancy-dress-costume-parties-funny-adult-card-mask,,,,DIY,,Stick,FaceMask-DanielFarkeLeeds-DIY-S,2.00,continue,,manual,TRUE,TRUE,
dominic-calvert-lewin-leeds-united-face-mask-football-player-celebrity-card-mask-celebrity-mask-for-stag-do-hen-night-fancy-dress-costume-parties-funny-adult-card-mask,Dominic Calvert-Lewin Face Mask – Fancy Dress Cardboard Costume Mask,active,Style,Ready Cut,Fitting,Elastic,FaceMask-DominicCalvertLewinLeeds-RC-E,2.99,continue,,manual,TRUE,TRUE,
dominic-calvert-lewin-leeds-united-face-mask-football-player-celebrity-card-mask-celebrity-mask-for-stag-do-hen-night-fancy-dress-costume-parties-funny-adult-card-mask,,,,Ready Cut,,Stick,FaceMask-DominicCalvertLewinLeeds-RC-S,3.49,continue,,manual,TRUE,TRUE,
dominic-calvert-lewin-leeds-united-face-mask-football-player-celebrity-card-mask-celebrity-mask-for-stag-do-hen-night-fancy-dress-costume-parties-funny-adult-card-mask,,,,DIY,,Elastic,FaceMask-DominicCalvertLewinLeeds-DIY-E,1.50,continue,,manual,TRUE,TRUE,
dominic-calvert-lewin-leeds-united-face-mask-football-player-celebrity-card-mask-celebrity-mask-for-stag-do-hen-night-fancy-dress-costume-parties-funny-adult-card-mask,,,,DIY,,Stick,FaceMask-DominicCalvertLewinLeeds-DIY-S,2.00,continue,,manual,TRUE,TRUE,
ethan-ampadu-leeds-united-face-mask-leeds-football-player-celebrity-card-mask-celebrity-mask-for-stag-do-hen-night-fancy-dress-costume-parties-funny-adult-card-mask,Ethan Ampadu Face Mask – Fancy Dress Cardboard Costume Mask,active,Style,Ready Cut,Fitting,Elastic,FaceMask-EthanAmpaduLeeds-RC-E,2.99,continue,,manual,TRUE,TRUE,
ethan-ampadu-leeds-united-face-mask-leeds-football-player-celebrity-card-mask-celebrity-mask-for-stag-do-hen-night-fancy-dress-costume-parties-funny-adult-card-mask,,,,Ready Cut,,Stick,FaceMask-EthanAmpaduLeeds-RC-S,3.49,continue,,manual,TRUE,TRUE,
ethan-ampadu-leeds-united-face-mask-leeds-football-player-celebrity-card-mask-celebrity-mask-for-stag-do-hen-night-fancy-dress-costume-parties-funny-adult-card-mask,,,,DIY,,Elastic,FaceMask-EthanAmpaduLeeds-DIY-E,1.50,continue,,manual,TRUE,TRUE,
ethan-ampadu-leeds-united-face-mask-leeds-football-player-celebrity-card-mask-celebrity-mask-for-stag-do-hen-night-fancy-dress-costume-parties-funny-adult-card-mask,,,,DIY,,Stick,FaceMask-EthanAmpaduLeeds-DIY-S,2.00,continue,,manual,TRUE,TRUE,
joe-rodon-leeds-united-face-mask-leeds-football-player-celebrity-card-mask-celebrity-mask-for-stag-do-hen-night-fancy-dress-costume-parties-funny-adult-card-mask,Joe Rodon Face Mask – Fancy Dress Cardboard Costume Mask,active,Style,Ready Cut,Fitting,Elastic,FaceMask-JoeRodonLeeds-RC-E,2.99,continue,,manual,TRUE,TRUE,
joe-rodon-leeds-united-face-mask-leeds-football-player-celebrity-card-mask-celebrity-mask-for-stag-do-hen-night-fancy-dress-costume-parties-funny-adult-card-mask,,,,Ready Cut,,Stick,FaceMask-JoeRodonLeeds-RC-S,3.49,continue,,manual,TRUE,TRUE,
joe-rodon-leeds-united-face-mask-leeds-football-player-celebrity-card-mask-celebrity-mask-for-stag-do-hen-night-fancy-dress-costume-parties-funny-adult-card-mask,,,,DIY,,Elastic,FaceMask-JoeRodonLeeds-DIY-E,1.50,continue,,manual,TRUE,TRUE,
joe-rodon-leeds-united-face-mask-leeds-football-player-celebrity-card-mask-celebrity-mask-for-stag-do-hen-night-fancy-dress-costume-parties-funny-adult-card-mask,,,,DIY,,Stick,FaceMask-JoeRodonLeeds-DIY-S,2.00,continue,,manual,TRUE,TRUE,
wilfried-gnonto-leeds-united-face-mask-leeds-football-player-celebrity-card-mask-celebrity-mask-for-stag-do-hen-night-fancy-dress-costume-parties-funny-adult-card-mask,Wilfried Gnonto Face Mask – Fancy Dress Cardboard Costume Mask,active,Style,Ready Cut,Fitting,Elastic,FaceMask-WilfriedGnontoLeeds-RC-E,2.99,continue,,manual,TRUE,TRUE,
wilfried-gnonto-leeds-united-face-mask-leeds-football-player-celebrity-card-mask-celebrity-mask-for-stag-do-hen-night-fancy-dress-costume-parties-funny-adult-card-mask,,,,Ready Cut,,Stick,FaceMask-WilfriedGnontoLeeds-RC-S,3.49,continue,,manual,TRUE,TRUE,
wilfried-gnonto-leeds-united-face-mask-leeds-football-player-celebrity-card-mask-celebrity-mask-for-stag-do-hen-night-fancy-dress-costume-parties-funny-adult-card-mask,,,,DIY,,Elastic,FaceMask-WilfriedGnontoLeeds-DIY-E,1.50,continue,,manual,TRUE,TRUE,
wilfried-gnonto-leeds-united-face-mask-leeds-football-player-celebrity-card-mask-celebrity-mask-for-stag-do-hen-night-fancy-dress-costume-parties-funny-adult-card-mask,,,,DIY,,Stick,FaceMask-WilfriedGnontoLeeds-DIY-S,2.00,continue,,manual,TRUE,TRUE,
alexander-isak-liverpool-face-mask-football-player-celebrity-card-mask-celebrity-mask-for-stag-do-hen-night-fancy-dress-costume-parties-funny-adult-card-mask,Alexander Isak Face Mask – Fancy Dress Cardboard Costume Mask,active,Style,Ready Cut,Fitting,Elastic,FaceMask-AlexanderIsakLiverpool-RC-E,2.99,continue,,manual,TRUE,TRUE,
alexander-isak-liverpool-face-mask-football-player-celebrity-card-mask-celebrity-mask-for-stag-do-hen-night-fancy-dress-costume-parties-funny-adult-card-mask,,,,Ready Cut,,Stick,FaceMask-AlexanderIsakLiverpool-RC-S,3.49,continue,,manual,TRUE,TRUE,
alexander-isak-liverpool-face-mask-football-player-celebrity-card-mask-celebrity-mask-for-stag-do-hen-night-fancy-dress-costume-parties-funny-adult-card-mask,,,,DIY,,Elastic,FaceMask-AlexanderIsakLiverpool-DIY-E,1.50,continue,,manual,TRUE,TRUE,
alexander-isak-liverpool-face-mask-football-player-celebrity-card-mask-celebrity-mask-for-stag-do-hen-night-fancy-dress-costume-parties-funny-adult-card-mask,,,,DIY,,Stick,FaceMask-AlexanderIsakLiverpool-DIY-S,2.00,continue,,manual,TRUE,TRUE,
alexis-mac-allister-liverpool-face-mask-football-player-celebrity-card-mask-celebrity-mask-for-stag-do-hen-night-fancy-dress-costume-parties-funny-adult-card-mask,Alexis Mac Allister Face Mask – Fancy Dress Cardboard Costume Mask,active,Style,Ready Cut,Fitting,Elastic,FaceMask-AlexisMacAllisterLiverpool-RC-E,2.99,continue,,manual,TRUE,TRUE,
alexis-mac-allister-liverpool-face-mask-football-player-celebrity-card-mask-celebrity-mask-for-stag-do-hen-night-fancy-dress-costume-parties-funny-adult-card-mask,,,,Ready Cut,,Stick,FaceMask-AlexisMacAllisterLiverpool-RC-S,3.49,continue,,manual,TRUE,TRUE,
alexis-mac-allister-liverpool-face-mask-football-player-celebrity-card-mask-celebrity-mask-for-stag-do-hen-night-fancy-dress-costume-parties-funny-adult-card-mask,,,,DIY,,Elastic,FaceMask-AlexisMacAllisterLiverpool-DIY-E,1.50,continue,,manual,TRUE,TRUE,
alexis-mac-allister-liverpool-face-mask-football-player-celebrity-card-mask-celebrity-mask-for-stag-do-hen-night-fancy-dress-costume-parties-funny-adult-card-mask,,,,DIY,,Stick,FaceMask-AlexisMacAllisterLiverpool-DIY-S,2.00,continue,,manual,TRUE,TRUE,
arne-slot-liverpool-face-mask-football-manager-celebrity-card-mask-celebrity-mask-for-stag-do-hen-night-fancy-dress-costume-parties-funny-adult-card-mask,"Arne Slot Liverpool Face Mask – Football Manager Celebrity Card Mask – Celebrity Mask for Stag Do, Hen Night, Fancy Dress & Costume Parties",active,Style,Ready Cut,Fitting,Elastic,FaceMask-ArneSlotLiverpool-RC-E,2.99,continue,,manual,TRUE,TRUE,
arne-slot-liverpool-face-mask-football-manager-celebrity-card-mask-celebrity-mask-for-stag-do-hen-night-fancy-dress-costume-parties-funny-adult-card-mask,,,,Ready Cut,,Stick,FaceMask-ArneSlotLiverpool-RC-S,3.49,continue,,manual,TRUE,TRUE,
arne-slot-liverpool-face-mask-football-manager-celebrity-card-mask-celebrity-mask-for-stag-do-hen-night-fancy-dress-costume-parties-funny-adult-card-mask,,,,DIY,,Elastic,FaceMask-ArneSlotLiverpool-DIY-E,1.50,continue,,manual,TRUE,TRUE,
arne-slot-liverpool-face-mask-football-manager-celebrity-card-mask-celebrity-mask-for-stag-do-hen-night-fancy-dress-costume-parties-funny-adult-card-mask,,,,DIY,,Stick,FaceMask-ArneSlotLiverpool-DIY-S,2.00,continue,,manual,TRUE,TRUE,
conor-bradley-liverpool-face-mask-football-player-celebrity-card-mask-celebrity-mask-for-stag-do-hen-night-fancy-dress-costume-parties-funny-adult-card-mask,Conor Bradley Face Mask – Fancy Dress Cardboard Costume Mask,active,Style,Ready Cut,Fitting,Elastic,FaceMask-ConorBradleyLiverpool-RC-E,2.99,continue,,manual,TRUE,TRUE,
conor-bradley-liverpool-face-mask-football-player-celebrity-card-mask-celebrity-mask-for-stag-do-hen-night-fancy-dress-costume-parties-funny-adult-card-mask,,,,Ready Cut,,Stick,FaceMask-ConorBradleyLiverpool-RC-S,3.49,continue,,manual,TRUE,TRUE,
conor-bradley-liverpool-face-mask-football-player-celebrity-card-mask-celebrity-mask-for-stag-do-hen-night-fancy-dress-costume-parties-funny-adult-card-mask,,,,DIY,,Elastic,FaceMask-ConorBradleyLiverpool-DIY-E,1.50,continue,,manual,TRUE,TRUE,
conor-bradley-liverpool-face-mask-football-player-celebrity-card-mask-celebrity-mask-for-stag-do-hen-night-fancy-dress-costume-parties-funny-adult-card-mask,,,,DIY,,Stick,FaceMask-ConorBradleyLiverpool-DIY-S,2.00,continue,,manual,TRUE,TRUE,
curtis-jones-liverpool-face-mask-football-player-celebrity-card-mask-celebrity-mask-for-stag-do-hen-night-fancy-dress-costume-parties-funny-adult-card-mask,"Curtis Jones Liverpool Face Mask – Football Player Celebrity Card Mask – Celebrity Mask for Stag Do, Hen Night, Fancy Dress & Costume Parties",active,Style,Ready Cut,Fitting,Elastic,FaceMask-CurtisJonesLiverpool-RC-E,2.99,continue,,manual,TRUE,TRUE,
curtis-jones-liverpool-face-mask-football-player-celebrity-card-mask-celebrity-mask-for-stag-do-hen-night-fancy-dress-costume-parties-funny-adult-card-mask,,,,Ready Cut,,Stick,FaceMask-CurtisJonesLiverpool-RC-S,3.49,continue,,manual,TRUE,TRUE,
curtis-jones-liverpool-face-mask-football-player-celebrity-card-mask-celebrity-mask-for-stag-do-hen-night-fancy-dress-costume-parties-funny-adult-card-mask,,,,DIY,,Elastic,FaceMask-CurtisJonesLiverpool-DIY-E,1.50,continue,,manual,TRUE,TRUE,
curtis-jones-liverpool-face-mask-football-player-celebrity-card-mask-celebrity-mask-for-stag-do-hen-night-fancy-dress-costume-parties-funny-adult-card-mask,,,,DIY,,Stick,FaceMask-CurtisJonesLiverpool-DIY-S,2.00,continue,,manual,TRUE,TRUE,
dominik-szoboszlai-liverpool-face-mask-football-player-celebrity-card-mask-celebrity-mask-for-stag-do-hen-night-fancy-dress-costume-parties-funny-adult-card-mask,Dominik Szoboszlai Face Mask – Fancy Dress Cardboard Costume Mask,active,Style,Ready Cut,Fitting,Elastic,FaceMask-DominikSzoboszlaiLiverpool-RC-E,2.99,continue,,manual,TRUE,TRUE,
dominik-szoboszlai-liverpool-face-mask-football-player-celebrity-card-mask-celebrity-mask-for-stag-do-hen-night-fancy-dress-costume-parties-funny-adult-card-mask,,,,Ready Cut,,Stick,FaceMask-DominikSzoboszlaiLiverpool-RC-S,3.49,continue,,manual,TRUE,TRUE,
dominik-szoboszlai-liverpool-face-mask-football-player-celebrity-card-mask-celebrity-mask-for-stag-do-hen-night-fancy-dress-costume-parties-funny-adult-card-mask,,,,DIY,,Elastic,FaceMask-DominikSzoboszlaiLiverpool-DIY-E,1.50,continue,,manual,TRUE,TRUE,
dominik-szoboszlai-liverpool-face-mask-football-player-celebrity-card-mask-celebrity-mask-for-stag-do-hen-night-fancy-dress-costume-parties-funny-adult-card-mask,,,,DIY,,Stick,FaceMask-DominikSzoboszlaiLiverpool-DIY-S,2.00,continue,,manual,TRUE,TRUE,
florian-wirtz-liverpool-face-mask-football-player-celebrity-card-mask-celebrity-mask-for-stag-do-hen-night-fancy-dress-costume-parties-funny-adult-card-mask,"Florian Wirtz Liverpool Face Mask – Football Player Celebrity Card Mask – Celebrity Mask for Stag Do, Hen Night, Fancy Dress & Costume Parties",active,Style,Ready Cut,Fitting,Elastic,FaceMask-FlorianWirtzLiverpool-RC-E,2.99,continue,,manual,TRUE,TRUE,
florian-wirtz-liverpool-face-mask-football-player-celebrity-card-mask-celebrity-mask-for-stag-do-hen-night-fancy-dress-costume-parties-funny-adult-card-mask,,,,Ready Cut,,Stick,FaceMask-FlorianWirtzLiverpool-RC-S,3.49,continue,,manual,TRUE,TRUE,
florian-wirtz-liverpool-face-mask-football-player-celebrity-card-mask-celebrity-mask-for-stag-do-hen-night-fancy-dress-costume-parties-funny-adult-card-mask,,,,DIY,,Elastic,FaceMask-FlorianWirtzLiverpool-DIY-E,1.50,continue,,manual,TRUE,TRUE,
florian-wirtz-liverpool-face-mask-football-player-celebrity-card-mask-celebrity-mask-for-stag-do-hen-night-fancy-dress-costume-parties-funny-adult-card-mask,,,,DIY,,Stick,FaceMask-FlorianWirtzLiverpool-DIY-S,2.00,continue,,manual,TRUE,TRUE,
ibrahima-konate-liverpool-face-mask-football-player-celebrity-card-mask-celebrity-mask-for-stag-do-hen-night-fancy-dress-costume-parties-funny-adult-card-mask,Ibrahima Konaté Face Mask – Fancy Dress Cardboard Costume Mask,active,Style,Ready Cut,Fitting,Elastic,FaceMask-IbrahimaKonateLiverpool-RC-E,2.99,continue,,manual,TRUE,TRUE,
ibrahima-konate-liverpool-face-mask-football-player-celebrity-card-mask-celebrity-mask-for-stag-do-hen-night-fancy-dress-costume-parties-funny-adult-card-mask,,,,Ready Cut,,Stick,FaceMask-IbrahimaKonateLiverpool-RC-S,3.49,continue,,manual,TRUE,TRUE,
ibrahima-konate-liverpool-face-mask-football-player-celebrity-card-mask-celebrity-mask-for-stag-do-hen-night-fancy-dress-costume-parties-funny-adult-card-mask,,,,DIY,,Elastic,FaceMask-IbrahimaKonateLiverpool-DIY-E,1.50,continue,,manual,TRUE,TRUE,
ibrahima-konate-liverpool-face-mask-football-player-celebrity-card-mask-celebrity-mask-for-stag-do-hen-night-fancy-dress-costume-parties-funny-adult-card-mask,,,,DIY,,Stick,FaceMask-IbrahimaKonateLiverpool-DIY-S,2.00,continue,,manual,TRUE,TRUE,
mohamed-salah-liverpool-2026-face-mask-football-player-celebrity-card-mask-celebrity-mask-for-stag-do-hen-night-fancy-dress-costume-parties-funny-adult-card-mask,Mohamed Salah Face Mask – Fancy Dress Cardboard Costume Mask,active,Style,Ready Cut,Fitting,Elastic,FaceMask-MohamedSalahLiverpool-RC-E,2.99,continue,,manual,TRUE,TRUE,
mohamed-salah-liverpool-2026-face-mask-football-player-celebrity-card-mask-celebrity-mask-for-stag-do-hen-night-fancy-dress-costume-parties-funny-adult-card-mask,,,,Ready Cut,,Stick,FaceMask-MohamedSalahLiverpool-RC-S,3.49,continue,,manual,TRUE,TRUE,
mohamed-salah-liverpool-2026-face-mask-football-player-celebrity-card-mask-celebrity-mask-for-stag-do-hen-night-fancy-dress-costume-parties-funny-adult-card-mask,,,,DIY,,Elastic,FaceMask-MohamedSalahLiverpool-DIY-E,1.50,continue,,manual,TRUE,TRUE,
mohamed-salah-liverpool-2026-face-mask-football-player-celebrity-card-mask-celebrity-mask-for-stag-do-hen-night-fancy-dress-costume-parties-funny-adult-card-mask,,,,DIY,,Stick,FaceMask-MohamedSalahLiverpool-DIY-S,2.00,continue,,manual,TRUE,TRUE,
ryan-gravenberch-liverpool-face-mask-football-player-celebrity-card-mask-celebrity-mask-for-stag-do-hen-night-fancy-dress-costume-parties-funny-adult-card-mask-copy,Ryan Gravenberch Face Mask – Fancy Dress Cardboard Costume Mask,active,Style,Ready Cut,Fitting,Elastic,FaceMask-RyanGravenberchLiverpool-RC-E,2.99,continue,,manual,TRUE,TRUE,
ryan-gravenberch-liverpool-face-mask-football-player-celebrity-card-mask-celebrity-mask-for-stag-do-hen-night-fancy-dress-costume-parties-funny-adult-card-mask-copy,,,,Ready Cut,,Stick,FaceMask-RyanGravenberchLiverpool-RC-S,3.49,continue,,manual,TRUE,TRUE,
ryan-gravenberch-liverpool-face-mask-football-player-celebrity-card-mask-celebrity-mask-for-stag-do-hen-night-fancy-dress-costume-parties-funny-adult-card-mask-copy,,,,DIY,,Elastic,FaceMask-RyanGravenberchLiverpool-DIY-E,1.50,continue,,manual,TRUE,TRUE,
ryan-gravenberch-liverpool-face-mask-football-player-celebrity-card-mask-celebrity-mask-for-stag-do-hen-night-fancy-dress-costume-parties-funny-adult-card-mask-copy,,,,DIY,,Stick,FaceMask-RyanGravenberchLiverpool-DIY-S,2.00,continue,,manual,TRUE,TRUE,
virgil-van-dijk-liverpool-face-mask-football-player-celebrity-card-mask-celebrity-mask-for-stag-do-hen-night-fancy-dress-costume-parties-funny-adult-card-mask,Virgil van Dijk Face Mask – Fancy Dress Cardboard Costume Mask,active,Style,Ready Cut,Fitting,Elastic,FaceMask-VirgilvanDijkLiverpool-RC-E,2.99,continue,,manual,TRUE,TRUE,
virgil-van-dijk-liverpool-face-mask-football-player-celebrity-card-mask-celebrity-mask-for-stag-do-hen-night-fancy-dress-costume-parties-funny-adult-card-mask,,,,Ready Cut,,Stick,FaceMask-VirgilvanDijkLiverpool-RC-S,3.49,continue,,manual,TRUE,TRUE,
virgil-van-dijk-liverpool-face-mask-football-player-celebrity-card-mask-celebrity-mask-for-stag-do-hen-night-fancy-dress-costume-parties-funny-adult-card-mask,,,,DIY,,Elastic,FaceMask-VirgilvanDijkLiverpool-DIY-E,1.50,continue,,manual,TRUE,TRUE,
virgil-van-dijk-liverpool-face-mask-football-player-celebrity-card-mask-celebrity-mask-for-stag-do-hen-night-fancy-dress-costume-parties-funny-adult-card-mask,,,,DIY,,Stick,FaceMask-VirgilvanDijkLiverpool-DIY-S,2.00,continue,,manual,TRUE,TRUE,
antoine-semenyo-manchester-city-face-mask-football-player-celebrity-card-mask-celebrity-mask-for-stag-do-hen-night-fancy-dress-costume-parties-funny-adult-card-mask,Antoine Semenyo Face Mask – Fancy Dress Cardboard Costume Mask,active,Style,Ready Cut,Fitting,Elastic,FaceMask-AntoineSemenyoManchesterC-RC-E,2.99,continue,,manual,TRUE,TRUE,
antoine-semenyo-manchester-city-face-mask-football-player-celebrity-card-mask-celebrity-mask-for-stag-do-hen-night-fancy-dress-costume-parties-funny-adult-card-mask,,,,Ready Cut,,Stick,FaceMask-AntoineSemenyoManchesterC-RC-S,3.49,continue,,manual,TRUE,TRUE,
antoine-semenyo-manchester-city-face-mask-football-player-celebrity-card-mask-celebrity-mask-for-stag-do-hen-night-fancy-dress-costume-parties-funny-adult-card-mask,,,,DIY,,Elastic,FaceMask-AntoineSemenyoManchesterC-DIY-E,1.50,continue,,manual,TRUE,TRUE,
antoine-semenyo-manchester-city-face-mask-football-player-celebrity-card-mask-celebrity-mask-for-stag-do-hen-night-fancy-dress-costume-parties-funny-adult-card-mask,,,,DIY,,Stick,FaceMask-AntoineSemenyoManchesterC-DIY-S,2.00,continue,,manual,TRUE,TRUE,
bernardo-silva-manchester-city-face-mask-football-player-celebrity-card-mask-celebrity-mask-for-stag-do-hen-night-fancy-dress-costume-parties-funny-adult-card-mask,Bernardo Silva Face Mask – Fancy Dress Cardboard Costume Mask,active,Style,Ready Cut,Fitting,Elastic,FaceMask-BernardoSilvaManchesterC-RC-E,2.99,continue,,manual,TRUE,TRUE,
bernardo-silva-manchester-city-face-mask-football-player-celebrity-card-mask-celebrity-mask-for-stag-do-hen-night-fancy-dress-costume-parties-funny-adult-card-mask,,,,Ready Cut,,Stick,FaceMask-BernardoSilvaManchesterC-RC-S,3.49,continue,,manual,TRUE,TRUE,
bernardo-silva-manchester-city-face-mask-football-player-celebrity-card-mask-celebrity-mask-for-stag-do-hen-night-fancy-dress-costume-parties-funny-adult-card-mask,,,,DIY,,Elastic,FaceMask-BernardoSilvaManchesterC-DIY-E,1.50,continue,,manual,TRUE,TRUE,
bernardo-silva-manchester-city-face-mask-football-player-celebrity-card-mask-celebrity-mask-for-stag-do-hen-night-fancy-dress-costume-parties-funny-adult-card-mask,,,,DIY,,Stick,FaceMask-BernardoSilvaManchesterC-DIY-S,2.00,continue,,manual,TRUE,TRUE,
erling-haaland-manchester-city-face-mask-football-player-celebrity-card-mask-celebrity-mask-for-stag-do-hen-night-fancy-dress-costume-parties-funny-adult-card-mask,"Erling Haaland Manchester City Face Mask – Football Player Celebrity Card Mask – Celebrity Mask for Stag Do, Hen Night, Fancy Dress & Costume Parties",active,Style,Ready Cut,Fitting,Elastic,FaceMask-ErlingHaalandManchesterC-RC-E,2.99,continue,,manual,TRUE,TRUE,
erling-haaland-manchester-city-face-mask-football-player-celebrity-card-mask-celebrity-mask-for-stag-do-hen-night-fancy-dress-costume-parties-funny-adult-card-mask,,,,Ready Cut,,Stick,FaceMask-ErlingHaalandManchesterC-RC-S,3.49,continue,,manual,TRUE,TRUE,
erling-haaland-manchester-city-face-mask-football-player-celebrity-card-mask-celebrity-mask-for-stag-do-hen-night-fancy-dress-costume-parties-funny-adult-card-mask,,,,DIY,,Elastic,FaceMask-ErlingHaalandManchesterC-DIY-E,1.50,continue,,manual,TRUE,TRUE,
erling-haaland-manchester-city-face-mask-football-player-celebrity-card-mask-celebrity-mask-for-stag-do-hen-night-fancy-dress-costume-parties-funny-adult-card-mask,,,,DIY,,Stick,FaceMask-ErlingHaalandManchesterC-DIY-S,2.00,continue,,manual,TRUE,TRUE,
gianluigi-donnarumma-manchester-city-face-mask-football-player-celebrity-card-mask-celebrity-mask-for-stag-do-hen-night-fancy-dress-costume-parties-funny-adult-card-mask,Gianluigi Donnarumma Face Mask – Fancy Dress Cardboard Costume Mask,active,Style,Ready Cut,Fitting,Elastic,FaceMask-GianluigiDonnarummaManchesterC-RC-E,2.99,continue,,manual,TRUE,TRUE,
gianluigi-donnarumma-manchester-city-face-mask-football-player-celebrity-card-mask-celebrity-mask-for-stag-do-hen-night-fancy-dress-costume-parties-funny-adult-card-mask,,,,Ready Cut,,Stick,FaceMask-GianluigiDonnarummaManchesterC-RC-S,3.49,continue,,manual,TRUE,TRUE,
gianluigi-donnarumma-manchester-city-face-mask-football-player-celebrity-card-mask-celebrity-mask-for-stag-do-hen-night-fancy-dress-costume-parties-funny-adult-card-mask,,,,DIY,,Elastic,FaceMask-GianluigiDonnarummaManchesterC-DIY-E,1.50,continue,,manual,TRUE,TRUE,
gianluigi-donnarumma-manchester-city-face-mask-football-player-celebrity-card-mask-celebrity-mask-for-stag-do-hen-night-fancy-dress-costume-parties-funny-adult-card-mask,,,,DIY,,Stick,FaceMask-GianluigiDonnarummaManchesterC-DIY-S,2.00,continue,,manual,TRUE,TRUE,
jeremy-doku-manchester-city-face-mask-football-player-celebrity-card-mask-celebrity-mask-for-stag-do-hen-night-fancy-dress-costume-parties-funny-adult-card-mask,Jérémy Doku Face Mask – Fancy Dress Cardboard Costume Mask,active,Style,Ready Cut,Fitting,Elastic,FaceMask-JeremyDokuManchesterC-RC-E,2.99,continue,,manual,TRUE,TRUE,
jeremy-doku-manchester-city-face-mask-football-player-celebrity-card-mask-celebrity-mask-for-stag-do-hen-night-fancy-dress-costume-parties-funny-adult-card-mask,,,,Ready Cut,,Stick,FaceMask-JeremyDokuManchesterC-RC-S,3.49,continue,,manual,TRUE,TRUE,
jeremy-doku-manchester-city-face-mask-football-player-celebrity-card-mask-celebrity-mask-for-stag-do-hen-night-fancy-dress-costume-parties-funny-adult-card-mask,,,,DIY,,Elastic,FaceMask-JeremyDokuManchesterC-DIY-E,1.50,continue,,manual,TRUE,TRUE,
jeremy-doku-manchester-city-face-mask-football-player-celebrity-card-mask-celebrity-mask-for-stag-do-hen-night-fancy-dress-costume-parties-funny-adult-card-mask,,,,DIY,,Stick,FaceMask-JeremyDokuManchesterC-DIY-S,2.00,continue,,manual,TRUE,TRUE,
josko-gvardiol-manchester-city-face-mask-football-player-celebrity-card-mask-celebrity-mask-for-stag-do-hen-night-fancy-dress-costume-parties-funny-adult-card-mask,Joško Gvardiol Face Mask – Fancy Dress Cardboard Costume Mask,active,Style,Ready Cut,Fitting,Elastic,FaceMask-JoskoGvardiolManchesterC-RC-E,2.99,continue,,manual,TRUE,TRUE,
josko-gvardiol-manchester-city-face-mask-football-player-celebrity-card-mask-celebrity-mask-for-stag-do-hen-night-fancy-dress-costume-parties-funny-adult-card-mask,,,,Ready Cut,,Stick,FaceMask-JoskoGvardiolManchesterC-RC-S,3.49,continue,,manual,TRUE,TRUE,
josko-gvardiol-manchester-city-face-mask-football-player-celebrity-card-mask-celebrity-mask-for-stag-do-hen-night-fancy-dress-costume-parties-funny-adult-card-mask,,,,DIY,,Elastic,FaceMask-JoskoGvardiolManchesterC-DIY-E,1.50,continue,,manual,TRUE,TRUE,
josko-gvardiol-manchester-city-face-mask-football-player-celebrity-card-mask-celebrity-mask-for-stag-do-hen-night-fancy-dress-costume-parties-funny-adult-card-mask,,,,DIY,,Stick,FaceMask-JoskoGvardiolManchesterC-DIY-S,2.00,continue,,manual,TRUE,TRUE,
marc-guehi-manchester-city-face-mask-football-player-celebrity-card-mask-celebrity-mask-for-stag-do-hen-night-fancy-dress-costume-parties-funny-adult-card-mask,"Marc Guéhi Manchester City Face Mask – Football Player Celebrity Card Mask – Celebrity Mask for Stag Do, Hen Night, Fancy Dress & Costume Parties",active,Style,Ready Cut,Fitting,Elastic,FaceMask-MarcGuehiManchesterC-RC-E,2.99,continue,,manual,TRUE,TRUE,
marc-guehi-manchester-city-face-mask-football-player-celebrity-card-mask-celebrity-mask-for-stag-do-hen-night-fancy-dress-costume-parties-funny-adult-card-mask,,,,Ready Cut,,Stick,FaceMask-MarcGuehiManchesterC-RC-S,3.49,continue,,manual,TRUE,TRUE,
marc-guehi-manchester-city-face-mask-football-player-celebrity-card-mask-celebrity-mask-for-stag-do-hen-night-fancy-dress-costume-parties-funny-adult-card-mask,,,,DIY,,Elastic,FaceMask-MarcGuehiManchesterC-DIY-E,1.50,continue,,manual,TRUE,TRUE,
marc-guehi-manchester-city-face-mask-football-player-celebrity-card-mask-celebrity-mask-for-stag-do-hen-night-fancy-dress-costume-parties-funny-adult-card-mask,,,,DIY,,Stick,FaceMask-MarcGuehiManchesterC-DIY-S,2.00,continue,,manual,TRUE,TRUE,
matheus-nunes-manchester-city-face-mask-football-player-celebrity-card-mask-celebrity-mask-for-stag-do-hen-night-fancy-dress-costume-parties-funny-adult-card-mask,Matheus Nunes Face Mask – Fancy Dress Cardboard Costume Mask,active,Style,Ready Cut,Fitting,Elastic,FaceMask-MatheusNunesManchesterC-RC-E,2.99,continue,,manual,TRUE,TRUE,
matheus-nunes-manchester-city-face-mask-football-player-celebrity-card-mask-celebrity-mask-for-stag-do-hen-night-fancy-dress-costume-parties-funny-adult-card-mask,,,,Ready Cut,,Stick,FaceMask-MatheusNunesManchesterC-RC-S,3.49,continue,,manual,TRUE,TRUE,
matheus-nunes-manchester-city-face-mask-football-player-celebrity-card-mask-celebrity-mask-for-stag-do-hen-night-fancy-dress-costume-parties-funny-adult-card-mask,,,,DIY,,Elastic,FaceMask-MatheusNunesManchesterC-DIY-E,1.50,continue,,manual,TRUE,TRUE,
matheus-nunes-manchester-city-face-mask-football-player-celebrity-card-mask-celebrity-mask-for-stag-do-hen-night-fancy-dress-costume-parties-funny-adult-card-mask,,,,DIY,,Stick,FaceMask-MatheusNunesManchesterC-DIY-S,2.00,continue,,manual,TRUE,TRUE,
nico-oreilly-manchester-city-face-mask-football-player-celebrity-card-mask-celebrity-mask-for-stag-do-hen-night-fancy-dress-costume-parties-funny-adult-card-mask-copy,"Nico O'Reilly Manchester City Face Mask – Football Player Celebrity Card Mask – Celebrity Mask for Stag Do, Hen Night, Fancy Dress & Costume Parties",active,Style,Ready Cut,Fitting,Elastic,FaceMask-NicoOReillyManchesterC-RC-E,2.99,continue,,manual,TRUE,TRUE,
nico-oreilly-manchester-city-face-mask-football-player-celebrity-card-mask-celebrity-mask-for-stag-do-hen-night-fancy-dress-costume-parties-funny-adult-card-mask-copy,,,,Ready Cut,,Stick,FaceMask-NicoOReillyManchesterC-RC-S,3.49,continue,,manual,TRUE,TRUE,
nico-oreilly-manchester-city-face-mask-football-player-celebrity-card-mask-celebrity-mask-for-stag-do-hen-night-fancy-dress-costume-parties-funny-adult-card-mask-copy,,,,DIY,,Elastic,FaceMask-NicoOReillyManchesterC-DIY-E,1.50,continue,,manual,TRUE,TRUE,
nico-oreilly-manchester-city-face-mask-football-player-celebrity-card-mask-celebrity-mask-for-stag-do-hen-night-fancy-dress-costume-parties-funny-adult-card-mask-copy,,,,DIY,,Stick,FaceMask-NicoOReillyManchesterC-DIY-S,2.00,continue,,manual,TRUE,TRUE,
omar-marmoush-manchester-city-face-mask-football-player-celebrity-card-mask-celebrity-mask-for-stag-do-hen-night-fancy-dress-costume-parties-funny-adult-card-mask,Omar Marmoush Face Mask – Fancy Dress Cardboard Costume Mask,active,Style,Ready Cut,Fitting,Elastic,FaceMask-OmarMarmoushManchesterC-RC-E,2.99,continue,,manual,TRUE,TRUE,
omar-marmoush-manchester-city-face-mask-football-player-celebrity-card-mask-celebrity-mask-for-stag-do-hen-night-fancy-dress-costume-parties-funny-adult-card-mask,,,,Ready Cut,,Stick,FaceMask-OmarMarmoushManchesterC-RC-S,3.49,continue,,manual,TRUE,TRUE,
omar-marmoush-manchester-city-face-mask-football-player-celebrity-card-mask-celebrity-mask-for-stag-do-hen-night-fancy-dress-costume-parties-funny-adult-card-mask,,,,DIY,,Elastic,FaceMask-OmarMarmoushManchesterC-DIY-E,1.50,continue,,manual,TRUE,TRUE,
omar-marmoush-manchester-city-face-mask-football-player-celebrity-card-mask-celebrity-mask-for-stag-do-hen-night-fancy-dress-costume-parties-funny-adult-card-mask,,,,DIY,,Stick,FaceMask-OmarMarmoushManchesterC-DIY-S,2.00,continue,,manual,TRUE,TRUE,
pep-guardiola-manchester-city-face-mask-football-manager-celebrity-card-mask-celebrity-mask-for-stag-do-hen-night-fancy-dress-costume-parties-funny-adult-card-mask,"Pep Guardiola Manchester City Face Mask – Football Manager Celebrity Card Mask – Celebrity Mask for Stag Do, Hen Night, Fancy Dress & Costume Parties",active,Style,Ready Cut,Fitting,Elastic,FaceMask-PepGuardiolaManchesterC-RC-E,2.99,continue,,manual,TRUE,TRUE,
pep-guardiola-manchester-city-face-mask-football-manager-celebrity-card-mask-celebrity-mask-for-stag-do-hen-night-fancy-dress-costume-parties-funny-adult-card-mask,,,,Ready Cut,,Stick,FaceMask-PepGuardiolaManchesterC-RC-S,3.49,continue,,manual,TRUE,TRUE,
pep-guardiola-manchester-city-face-mask-football-manager-celebrity-card-mask-celebrity-mask-for-stag-do-hen-night-fancy-dress-costume-parties-funny-adult-card-mask,,,,DIY,,Elastic,FaceMask-PepGuardiolaManchesterC-DIY-E,1.50,continue,,manual,TRUE,TRUE,
pep-guardiola-manchester-city-face-mask-football-manager-celebrity-card-mask-celebrity-mask-for-stag-do-hen-night-fancy-dress-costume-parties-funny-adult-card-mask,,,,DIY,,Stick,FaceMask-PepGuardiolaManchesterC-DIY-S,2.00,continue,,manual,TRUE,TRUE,
rayan-ait-nouri-manchester-city-face-mask-football-player-celebrity-card-mask-celebrity-mask-for-stag-do-hen-night-fancy-dress-costume-parties-funny-adult-card-mask,Rayan Aït-Nouri Face Mask – Fancy Dress Cardboard Costume Mask,active,Style,Ready Cut,Fitting,Elastic,FaceMask-RayanAitNouriManchesterC-RC-E,2.99,continue,,manual,TRUE,TRUE,
rayan-ait-nouri-manchester-city-face-mask-football-player-celebrity-card-mask-celebrity-mask-for-stag-do-hen-night-fancy-dress-costume-parties-funny-adult-card-mask,,,,Ready Cut,,Stick,FaceMask-RayanAitNouriManchesterC-RC-S,3.49,continue,,manual,TRUE,TRUE,
rayan-ait-nouri-manchester-city-face-mask-football-player-celebrity-card-mask-celebrity-mask-for-stag-do-hen-night-fancy-dress-costume-parties-funny-adult-card-mask,,,,DIY,,Elastic,FaceMask-RayanAitNouriManchesterC-DIY-E,1.50,continue,,manual,TRUE,TRUE,
rayan-ait-nouri-manchester-city-face-mask-football-player-celebrity-card-mask-celebrity-mask-for-stag-do-hen-night-fancy-dress-costume-parties-funny-adult-card-mask,,,,DIY,,Stick,FaceMask-RayanAitNouriManchesterC-DIY-S,2.00,continue,,manual,TRUE,TRUE,
rodri-manchester-city-face-mask-rodrigo-hernandez-cascante-football-player-celebrity-card-mask-celebrity-mask-for-stag-do-hen-night-fancy-dress-costume-parties-funny-adult-card-mask,Rodri Face Mask – Fancy Dress Cardboard Costume Mask,active,Style,Ready Cut,Fitting,Elastic,FaceMask-RodrigoHernandezManchesterC-RC-E,2.99,continue,,manual,TRUE,TRUE,
rodri-manchester-city-face-mask-rodrigo-hernandez-cascante-football-player-celebrity-card-mask-celebrity-mask-for-stag-do-hen-night-fancy-dress-costume-parties-funny-adult-card-mask,,,,Ready Cut,,Stick,FaceMask-RodrigoHernandezManchesterC-RC-S,3.49,continue,,manual,TRUE,TRUE,
rodri-manchester-city-face-mask-rodrigo-hernandez-cascante-football-player-celebrity-card-mask-celebrity-mask-for-stag-do-hen-night-fancy-dress-costume-parties-funny-adult-card-mask,,,,DIY,,Elastic,FaceMask-RodrigoHernandezManchesterC-DIY-E,1.50,continue,,manual,TRUE,TRUE,
rodri-manchester-city-face-mask-rodrigo-hernandez-cascante-football-player-celebrity-card-mask-celebrity-mask-for-stag-do-hen-night-fancy-dress-costume-parties-funny-adult-card-mask,,,,DIY,,Stick,FaceMask-RodrigoHernandezManchesterC-DIY-S,2.00,continue,,manual,TRUE,TRUE,
ruben-dias-manchester-city-face-mask-man-city-football-player-celebrity-card-mask-celebrity-mask-for-stag-do-hen-night-fancy-dress-costume-parties-funny-adult-card-mask,Rúben Dias Face Mask – Fancy Dress Cardboard Costume Mask,active,Style,Ready Cut,Fitting,Elastic,FaceMask-RubenDiasManchesterC-RC-E,2.99,continue,,manual,TRUE,TRUE,
ruben-dias-manchester-city-face-mask-man-city-football-player-celebrity-card-mask-celebrity-mask-for-stag-do-hen-night-fancy-dress-costume-parties-funny-adult-card-mask,,,,Ready Cut,,Stick,FaceMask-RubenDiasManchesterC-RC-S,3.49,continue,,manual,TRUE,TRUE,
ruben-dias-manchester-city-face-mask-man-city-football-player-celebrity-card-mask-celebrity-mask-for-stag-do-hen-night-fancy-dress-costume-parties-funny-adult-card-mask,,,,DIY,,Elastic,FaceMask-RubenDiasManchesterC-DIY-E,1.50,continue,,manual,TRUE,TRUE,
ruben-dias-manchester-city-face-mask-man-city-football-player-celebrity-card-mask-celebrity-mask-for-stag-do-hen-night-fancy-dress-costume-parties-funny-adult-card-mask,,,,DIY,,Stick,FaceMask-RubenDiasManchesterC-DIY-S,2.00,continue,,manual,TRUE,TRUE,
amad-diallo-manchester-united-face-mask-man-united-football-player-celebrity-card-mask-celebrity-mask-for-stag-do-hen-night-fancy-dress-costume-parties-funny-adult-card-mask,Amad Diallo Face Mask – Fancy Dress Cardboard Costume Mask,active,Style,Ready Cut,Fitting,Elastic,FaceMask-AmadDialloManchesterU-RC-E,2.99,continue,,manual,TRUE,TRUE,
amad-diallo-manchester-united-face-mask-man-united-football-player-celebrity-card-mask-celebrity-mask-for-stag-do-hen-night-fancy-dress-costume-parties-funny-adult-card-mask,,,,Ready Cut,,Stick,FaceMask-AmadDialloManchesterU-RC-S,3.49,continue,,manual,TRUE,TRUE,
amad-diallo-manchester-united-face-mask-man-united-football-player-celebrity-card-mask-celebrity-mask-for-stag-do-hen-night-fancy-dress-costume-parties-funny-adult-card-mask,,,,DIY,,Elastic,FaceMask-AmadDialloManchesterU-DIY-E,1.50,continue,,manual,TRUE,TRUE,
amad-diallo-manchester-united-face-mask-man-united-football-player-celebrity-card-mask-celebrity-mask-for-stag-do-hen-night-fancy-dress-costume-parties-funny-adult-card-mask,,,,DIY,,Stick,FaceMask-AmadDialloManchesterU-DIY-S,2.00,continue,,manual,TRUE,TRUE,
benjamin-sesko-manchester-united-face-mask-man-united-football-player-celebrity-card-mask-celebrity-mask-for-stag-do-hen-night-fancy-dress-costume-parties-funny-adult-card-mask,Benjamin Šeško Face Mask – Fancy Dress Cardboard Costume Mask,active,Style,Ready Cut,Fitting,Elastic,FaceMask-BenjaminSeskoManchesterU-RC-E,2.99,continue,,manual,TRUE,TRUE,
benjamin-sesko-manchester-united-face-mask-man-united-football-player-celebrity-card-mask-celebrity-mask-for-stag-do-hen-night-fancy-dress-costume-parties-funny-adult-card-mask,,,,Ready Cut,,Stick,FaceMask-BenjaminSeskoManchesterU-RC-S,3.49,continue,,manual,TRUE,TRUE,
benjamin-sesko-manchester-united-face-mask-man-united-football-player-celebrity-card-mask-celebrity-mask-for-stag-do-hen-night-fancy-dress-costume-parties-funny-adult-card-mask,,,,DIY,,Elastic,FaceMask-BenjaminSeskoManchesterU-DIY-E,1.50,continue,,manual,TRUE,TRUE,
benjamin-sesko-manchester-united-face-mask-man-united-football-player-celebrity-card-mask-celebrity-mask-for-stag-do-hen-night-fancy-dress-costume-parties-funny-adult-card-mask,,,,DIY,,Stick,FaceMask-BenjaminSeskoManchesterU-DIY-S,2.00,continue,,manual,TRUE,TRUE,
bruno-fernandes-manchester-united-face-mask-man-united-football-player-celebrity-card-mask-celebrity-mask-for-stag-do-hen-night-fancy-dress-costume-parties-funny-adult-card-mask,Bruno Fernandes Face Mask – Fancy Dress Cardboard Costume Mask,active,Style,Ready Cut,Fitting,Elastic,FaceMask-BrunoFernandesManchesterU-RC-E,2.99,continue,,manual,TRUE,TRUE,
bruno-fernandes-manchester-united-face-mask-man-united-football-player-celebrity-card-mask-celebrity-mask-for-stag-do-hen-night-fancy-dress-costume-parties-funny-adult-card-mask,,,,Ready Cut,,Stick,FaceMask-BrunoFernandesManchesterU-RC-S,3.49,continue,,manual,TRUE,TRUE,
bruno-fernandes-manchester-united-face-mask-man-united-football-player-celebrity-card-mask-celebrity-mask-for-stag-do-hen-night-fancy-dress-costume-parties-funny-adult-card-mask,,,,DIY,,Elastic,FaceMask-BrunoFernandesManchesterU-DIY-E,1.50,continue,,manual,TRUE,TRUE,
bruno-fernandes-manchester-united-face-mask-man-united-football-player-celebrity-card-mask-celebrity-mask-for-stag-do-hen-night-fancy-dress-costume-parties-funny-adult-card-mask,,,,DIY,,Stick,FaceMask-BrunoFernandesManchesterU-DIY-S,2.00,continue,,manual,TRUE,TRUE,
bryan-mbeumo-manchester-united-face-mask-man-united-football-player-celebrity-card-mask-celebrity-mask-for-stag-do-hen-night-fancy-dress-costume-parties-funny-adult-card-mask,Bryan Mbeumo Face Mask – Fancy Dress Cardboard Costume Mask,active,Style,Ready Cut,Fitting,Elastic,FaceMask-BryanMbeumoManchesterU-RC-E,2.99,continue,,manual,TRUE,TRUE,
bryan-mbeumo-manchester-united-face-mask-man-united-football-player-celebrity-card-mask-celebrity-mask-for-stag-do-hen-night-fancy-dress-costume-parties-funny-adult-card-mask,,,,Ready Cut,,Stick,FaceMask-BryanMbeumoManchesterU-RC-S,3.49,continue,,manual,TRUE,TRUE,
bryan-mbeumo-manchester-united-face-mask-man-united-football-player-celebrity-card-mask-celebrity-mask-for-stag-do-hen-night-fancy-dress-costume-parties-funny-adult-card-mask,,,,DIY,,Elastic,FaceMask-BryanMbeumoManchesterU-DIY-E,1.50,continue,,manual,TRUE,TRUE,
bryan-mbeumo-manchester-united-face-mask-man-united-football-player-celebrity-card-mask-celebrity-mask-for-stag-do-hen-night-fancy-dress-costume-parties-funny-adult-card-mask,,,,DIY,,Stick,FaceMask-BryanMbeumoManchesterU-DIY-S,2.00,continue,,manual,TRUE,TRUE,
casemiro-manchester-united-face-mask-man-united-football-player-celebrity-card-mask-celebrity-mask-for-stag-do-hen-night-fancy-dress-costume-parties-funny-adult-card-mask,Casemiro Face Mask – Fancy Dress Cardboard Costume Mask,active,Style,Ready Cut,Fitting,Elastic,FOXY-CARD-CASEMIRO-MANCHESTER-UNITED-FACE-MASK-RC-E,2.99,continue,,manual,TRUE,TRUE,
casemiro-manchester-united-face-mask-man-united-football-player-celebrity-card-mask-celebrity-mask-for-stag-do-hen-night-fancy-dress-costume-parties-funny-adult-card-mask,,,,Ready Cut,,Stick,FOXY-CARD-CASEMIRO-MANCHESTER-UNITED-FACE-MASK-RC-S,3.49,continue,,manual,TRUE,TRUE,
casemiro-manchester-united-face-mask-man-united-football-player-celebrity-card-mask-celebrity-mask-for-stag-do-hen-night-fancy-dress-costume-parties-funny-adult-card-mask,,,,DIY,,Elastic,FOXY-CARD-CASEMIRO-MANCHESTER-UNITED-FACE-MASK-DIY-E,1.50,continue,,manual,TRUE,TRUE,
casemiro-manchester-united-face-mask-man-united-football-player-celebrity-card-mask-celebrity-mask-for-stag-do-hen-night-fancy-dress-costume-parties-funny-adult-card-mask,,,,DIY,,Stick,FOXY-CARD-CASEMIRO-MANCHESTER-UNITED-FACE-MASK-DIY-S,2.00,continue,,manual,TRUE,TRUE,
kobbie-mainoo-manchester-united-face-mask-man-united-football-player-celebrity-card-mask-celebrity-mask-for-stag-do-hen-night-fancy-dress-costume-parties-funny-adult-card-mask,Kobbie Mainoo Manchester United Face Mask – Man United Football Player Celebrity Card Mask,active,Style,Ready Cut,Fitting,Elastic,FaceMask-KobbieMainooManchesterU-RC-E,2.99,continue,,manual,TRUE,TRUE,
kobbie-mainoo-manchester-united-face-mask-man-united-football-player-celebrity-card-mask-celebrity-mask-for-stag-do-hen-night-fancy-dress-costume-parties-funny-adult-card-mask,,,,Ready Cut,,Stick,FaceMask-KobbieMainooManchesterU-RC-S,3.49,continue,,manual,TRUE,TRUE,
kobbie-mainoo-manchester-united-face-mask-man-united-football-player-celebrity-card-mask-celebrity-mask-for-stag-do-hen-night-fancy-dress-costume-parties-funny-adult-card-mask,,,,DIY,,Elastic,FaceMask-KobbieMainooManchesterU-DIY-E,1.50,continue,,manual,TRUE,TRUE,
kobbie-mainoo-manchester-united-face-mask-man-united-football-player-celebrity-card-mask-celebrity-mask-for-stag-do-hen-night-fancy-dress-costume-parties-funny-adult-card-mask,,,,DIY,,Stick,FaceMask-KobbieMainooManchesterU-DIY-S,2.00,continue,,manual,TRUE,TRUE,
matheus-cunha-manchester-united-face-mask-man-united-football-player-celebrity-card-mask-celebrity-mask-for-stag-do-hen-night-fancy-dress-costume-parties-funny-adult-card-mask,Matheus Cunha Face Mask – Fancy Dress Cardboard Costume Mask,active,Style,Ready Cut,Fitting,Elastic,FaceMask-MatheusCunhaManchesterU-RC-E,2.99,continue,,manual,TRUE,TRUE,
matheus-cunha-manchester-united-face-mask-man-united-football-player-celebrity-card-mask-celebrity-mask-for-stag-do-hen-night-fancy-dress-costume-parties-funny-adult-card-mask,,,,Ready Cut,,Stick,FaceMask-MatheusCunhaManchesterU-RC-S,3.49,continue,,manual,TRUE,TRUE,
matheus-cunha-manchester-united-face-mask-man-united-football-player-celebrity-card-mask-celebrity-mask-for-stag-do-hen-night-fancy-dress-costume-parties-funny-adult-card-mask,,,,DIY,,Elastic,FaceMask-MatheusCunhaManchesterU-DIY-E,1.50,continue,,manual,TRUE,TRUE,
matheus-cunha-manchester-united-face-mask-man-united-football-player-celebrity-card-mask-celebrity-mask-for-stag-do-hen-night-fancy-dress-costume-parties-funny-adult-card-mask,,,,DIY,,Stick,FaceMask-MatheusCunhaManchesterU-DIY-S,2.00,continue,,manual,TRUE,TRUE,
matthijs-de-ligt-manchester-united-face-mask-man-united-football-player-celebrity-card-mask-celebrity-mask-for-stag-do-hen-night-fancy-dress-costume-parties-funny-adult-card-mask,Matthijs de Ligt Face Mask – Fancy Dress Cardboard Costume Mask,active,Style,Ready Cut,Fitting,Elastic,FaceMask-MatthijsdeLigtManchesterU-RC-E,2.99,continue,,manual,TRUE,TRUE,
matthijs-de-ligt-manchester-united-face-mask-man-united-football-player-celebrity-card-mask-celebrity-mask-for-stag-do-hen-night-fancy-dress-costume-parties-funny-adult-card-mask,,,,Ready Cut,,Stick,FaceMask-MatthijsdeLigtManchesterU-RC-S,3.49,continue,,manual,TRUE,TRUE,
matthijs-de-ligt-manchester-united-face-mask-man-united-football-player-celebrity-card-mask-celebrity-mask-for-stag-do-hen-night-fancy-dress-costume-parties-funny-adult-card-mask,,,,DIY,,Elastic,FaceMask-MatthijsdeLigtManchesterU-DIY-E,1.50,continue,,manual,TRUE,TRUE,
matthijs-de-ligt-manchester-united-face-mask-man-united-football-player-celebrity-card-mask-celebrity-mask-for-stag-do-hen-night-fancy-dress-costume-parties-funny-adult-card-mask,,,,DIY,,Stick,FaceMask-MatthijsdeLigtManchesterU-DIY-S,2.00,continue,,manual,TRUE,TRUE,
michael-carrick-manchester-united-face-mask-man-united-legend-football-player-celebrity-card-mask-celebrity-mask-for-stag-do-hen-night-fancy-dress-costume-parties-funny-adult-card-mask,Michael Carrick Manchester United Face Mask – Man United Legend Football Player Celebrity Card Mask,active,Style,Ready Cut,Fitting,Elastic,FaceMask-MichaelCarrickManchesterU-RC-E,2.99,continue,,manual,TRUE,TRUE,
michael-carrick-manchester-united-face-mask-man-united-legend-football-player-celebrity-card-mask-celebrity-mask-for-stag-do-hen-night-fancy-dress-costume-parties-funny-adult-card-mask,,,,Ready Cut,,Stick,FaceMask-MichaelCarrickManchesterU-RC-S,3.49,continue,,manual,TRUE,TRUE,
michael-carrick-manchester-united-face-mask-man-united-legend-football-player-celebrity-card-mask-celebrity-mask-for-stag-do-hen-night-fancy-dress-costume-parties-funny-adult-card-mask,,,,DIY,,Elastic,FaceMask-MichaelCarrickManchesterU-DIY-E,1.50,continue,,manual,TRUE,TRUE,
michael-carrick-manchester-united-face-mask-man-united-legend-football-player-celebrity-card-mask-celebrity-mask-for-stag-do-hen-night-fancy-dress-costume-parties-funny-adult-card-mask,,,,DIY,,Stick,FaceMask-MichaelCarrickManchesterU-DIY-S,2.00,continue,,manual,TRUE,TRUE,
senne-lammens-manchester-united-face-mask-man-united-football-player-celebrity-card-mask-celebrity-mask-for-stag-do-hen-night-fancy-dress-costume-parties-funny-adult-card-mask,Senne Lammens Face Mask – Fancy Dress Cardboard Costume Mask,active,Style,Ready Cut,Fitting,Elastic,FaceMask-SenneLammensManchesterU-RC-E,2.99,continue,,manual,TRUE,TRUE,
senne-lammens-manchester-united-face-mask-man-united-football-player-celebrity-card-mask-celebrity-mask-for-stag-do-hen-night-fancy-dress-costume-parties-funny-adult-card-mask,,,,Ready Cut,,Stick,FaceMask-SenneLammensManchesterU-RC-S,3.49,continue,,manual,TRUE,TRUE,
senne-lammens-manchester-united-face-mask-man-united-football-player-celebrity-card-mask-celebrity-mask-for-stag-do-hen-night-fancy-dress-costume-parties-funny-adult-card-mask,,,,DIY,,Elastic,FaceMask-SenneLammensManchesterU-DIY-E,1.50,continue,,manual,TRUE,TRUE,
senne-lammens-manchester-united-face-mask-man-united-football-player-celebrity-card-mask-celebrity-mask-for-stag-do-hen-night-fancy-dress-costume-parties-funny-adult-card-mask,,,,DIY,,Stick,FaceMask-SenneLammensManchesterU-DIY-S,2.00,continue,,manual,TRUE,TRUE,
aaron-ramsdale-newcastle-face-mask-newcastle-united-goalkeeper-celebrity-card-mask-celebrity-mask-for-stag-do-hen-night-fancy-dress-costume-parties-funny-adult-card-mask,Aaron Ramsdale Newcastle Face Mask – Newcastle United Goalkeeper Celebrity Card Mask,active,Style,Ready Cut,Fitting,Elastic,FaceMask-AaronRamsdaleNewcastle-RC-E,2.99,continue,,manual,TRUE,TRUE,
aaron-ramsdale-newcastle-face-mask-newcastle-united-goalkeeper-celebrity-card-mask-celebrity-mask-for-stag-do-hen-night-fancy-dress-costume-parties-funny-adult-card-mask,,,,Ready Cut,,Stick,FaceMask-AaronRamsdaleNewcastle-RC-S,3.49,continue,,manual,TRUE,TRUE,
aaron-ramsdale-newcastle-face-mask-newcastle-united-goalkeeper-celebrity-card-mask-celebrity-mask-for-stag-do-hen-night-fancy-dress-costume-parties-funny-adult-card-mask,,,,DIY,,Elastic,FaceMask-AaronRamsdaleNewcastle-DIY-E,1.50,continue,,manual,TRUE,TRUE,
aaron-ramsdale-newcastle-face-mask-newcastle-united-goalkeeper-celebrity-card-mask-celebrity-mask-for-stag-do-hen-night-fancy-dress-costume-parties-funny-adult-card-mask,,,,DIY,,Stick,FaceMask-AaronRamsdaleNewcastle-DIY-S,2.00,continue,,manual,TRUE,TRUE,
bruno-guimaraes-newcastle-united-face-mask-newcastle-football-player-celebrity-card-mask-celebrity-mask-for-stag-do-hen-night-fancy-dress-costume-parties-funny-adult-card-mask,Bruno Guimarães Face Mask – Fancy Dress Cardboard Costume Mask,active,Style,Ready Cut,Fitting,Elastic,FaceMask-BrunoGuimaraesNewcastle-RC-E,2.99,continue,,manual,TRUE,TRUE,
bruno-guimaraes-newcastle-united-face-mask-newcastle-football-player-celebrity-card-mask-celebrity-mask-for-stag-do-hen-night-fancy-dress-costume-parties-funny-adult-card-mask,,,,Ready Cut,,Stick,FaceMask-BrunoGuimaraesNewcastle-RC-S,3.49,continue,,manual,TRUE,TRUE,
bruno-guimaraes-newcastle-united-face-mask-newcastle-football-player-celebrity-card-mask-celebrity-mask-for-stag-do-hen-night-fancy-dress-costume-parties-funny-adult-card-mask,,,,DIY,,Elastic,FaceMask-BrunoGuimaraesNewcastle-DIY-E,1.50,continue,,manual,TRUE,TRUE,
bruno-guimaraes-newcastle-united-face-mask-newcastle-football-player-celebrity-card-mask-celebrity-mask-for-stag-do-hen-night-fancy-dress-costume-parties-funny-adult-card-mask,,,,DIY,,Stick,FaceMask-BrunoGuimaraesNewcastle-DIY-S,2.00,continue,,manual,TRUE,TRUE,
eddie-howe-newcastle-united-face-mask-newcastle-manager-celebrity-card-mask-celebrity-mask-for-stag-do-hen-night-fancy-dress-costume-parties-funny-adult-card-mask,"Eddie Howe Newcastle United Face Mask – Newcastle Manager Celebrity Card Mask – Celebrity Mask for Stag Do, Hen Night, Fancy Dress & Costume Parties",active,Style,Ready Cut,Fitting,Elastic,FaceMask-EddieHoweNewcastle-RC-E,2.99,continue,,manual,TRUE,TRUE,
eddie-howe-newcastle-united-face-mask-newcastle-manager-celebrity-card-mask-celebrity-mask-for-stag-do-hen-night-fancy-dress-costume-parties-funny-adult-card-mask,,,,Ready Cut,,Stick,FaceMask-EddieHoweNewcastle-RC-S,3.49,continue,,manual,TRUE,TRUE,
eddie-howe-newcastle-united-face-mask-newcastle-manager-celebrity-card-mask-celebrity-mask-for-stag-do-hen-night-fancy-dress-costume-parties-funny-adult-card-mask,,,,DIY,,Elastic,FaceMask-EddieHoweNewcastle-DIY-E,1.50,continue,,manual,TRUE,TRUE,
eddie-howe-newcastle-united-face-mask-newcastle-manager-celebrity-card-mask-celebrity-mask-for-stag-do-hen-night-fancy-dress-costume-parties-funny-adult-card-mask,,,,DIY,,Stick,FaceMask-EddieHoweNewcastle-DIY-S,2.00,continue,,manual,TRUE,TRUE,
fabian-schar-newcastle-united-face-mask-newcastle-football-player-celebrity-card-mask-celebrity-mask-for-stag-do-hen-night-fancy-dress-costume-parties-funny-adult-card-mask,Fabian Schär Face Mask – Fancy Dress Cardboard Costume Mask,active,Style,Ready Cut,Fitting,Elastic,FaceMask-FabianScharNewcastle-RC-E,2.99,continue,,manual,TRUE,TRUE,
fabian-schar-newcastle-united-face-mask-newcastle-football-player-celebrity-card-mask-celebrity-mask-for-stag-do-hen-night-fancy-dress-costume-parties-funny-adult-card-mask,,,,Ready Cut,,Stick,FaceMask-FabianScharNewcastle-RC-S,3.49,continue,,manual,TRUE,TRUE,
fabian-schar-newcastle-united-face-mask-newcastle-football-player-celebrity-card-mask-celebrity-mask-for-stag-do-hen-night-fancy-dress-costume-parties-funny-adult-card-mask,,,,DIY,,Elastic,FaceMask-FabianScharNewcastle-DIY-E,1.50,continue,,manual,TRUE,TRUE,
fabian-schar-newcastle-united-face-mask-newcastle-football-player-celebrity-card-mask-celebrity-mask-for-stag-do-hen-night-fancy-dress-costume-parties-funny-adult-card-mask,,,,DIY,,Stick,FaceMask-FabianScharNewcastle-DIY-S,2.00,continue,,manual,TRUE,TRUE,
joelinton-newcastle-united-face-mask-newcastle-football-player-celebrity-card-mask-celebrity-mask-for-stag-do-hen-night-fancy-dress-costume-parties-funny-adult-card-mask,Joelinton Face Mask – Fancy Dress Cardboard Costume Mask,active,Style,Ready Cut,Fitting,Elastic,FaceMask-JoelintonNewcastle-RC-E,2.99,continue,,manual,TRUE,TRUE,
joelinton-newcastle-united-face-mask-newcastle-football-player-celebrity-card-mask-celebrity-mask-for-stag-do-hen-night-fancy-dress-costume-parties-funny-adult-card-mask,,,,Ready Cut,,Stick,FaceMask-JoelintonNewcastle-RC-S,3.49,continue,,manual,TRUE,TRUE,
joelinton-newcastle-united-face-mask-newcastle-football-player-celebrity-card-mask-celebrity-mask-for-stag-do-hen-night-fancy-dress-costume-parties-funny-adult-card-mask,,,,DIY,,Elastic,FaceMask-JoelintonNewcastle-DIY-E,1.50,continue,,manual,TRUE,TRUE,
joelinton-newcastle-united-face-mask-newcastle-football-player-celebrity-card-mask-celebrity-mask-for-stag-do-hen-night-fancy-dress-costume-parties-funny-adult-card-mask,,,,DIY,,Stick,FaceMask-JoelintonNewcastle-DIY-S,2.00,continue,,manual,TRUE,TRUE,
kieran-trippier-newcastle-united-face-mask-england-football-player-celebrity-card-mask-celebrity-mask-for-stag-do-hen-night-fancy-dress-costume-parties-funny-adult-card-mask,Kieran Trippier Newcastle United Face Mask – England Football Player Celebrity Card Mask,active,Style,Ready Cut,Fitting,Elastic,FaceMask-KieranTrippierNewcastle-RC-E,2.99,continue,,manual,TRUE,TRUE,
kieran-trippier-newcastle-united-face-mask-england-football-player-celebrity-card-mask-celebrity-mask-for-stag-do-hen-night-fancy-dress-costume-parties-funny-adult-card-mask,,,,Ready Cut,,Stick,FaceMask-KieranTrippierNewcastle-RC-S,3.49,continue,,manual,TRUE,TRUE,
kieran-trippier-newcastle-united-face-mask-england-football-player-celebrity-card-mask-celebrity-mask-for-stag-do-hen-night-fancy-dress-costume-parties-funny-adult-card-mask,,,,DIY,,Elastic,FaceMask-KieranTrippierNewcastle-DIY-E,1.50,continue,,manual,TRUE,TRUE,
kieran-trippier-newcastle-united-face-mask-england-football-player-celebrity-card-mask-celebrity-mask-for-stag-do-hen-night-fancy-dress-costume-parties-funny-adult-card-mask,,,,DIY,,Stick,FaceMask-KieranTrippierNewcastle-DIY-S,2.00,continue,,manual,TRUE,TRUE,
lewis-hall-newcastle-united-face-mask-newcastle-football-player-celebrity-card-mask-celebrity-mask-for-stag-do-hen-night-fancy-dress-costume-parties-funny-adult-card-mask,Lewis Hall Newcastle United Face Mask – Newcastle Football Player Celebrity Card Mask,active,Style,Ready Cut,Fitting,Elastic,FaceMask-LewisHallNewcastle-RC-E,2.99,continue,,manual,TRUE,TRUE,
lewis-hall-newcastle-united-face-mask-newcastle-football-player-celebrity-card-mask-celebrity-mask-for-stag-do-hen-night-fancy-dress-costume-parties-funny-adult-card-mask,,,,Ready Cut,,Stick,FaceMask-LewisHallNewcastle-RC-S,3.49,continue,,manual,TRUE,TRUE,
lewis-hall-newcastle-united-face-mask-newcastle-football-player-celebrity-card-mask-celebrity-mask-for-stag-do-hen-night-fancy-dress-costume-parties-funny-adult-card-mask,,,,DIY,,Elastic,FaceMask-LewisHallNewcastle-DIY-E,1.50,continue,,manual,TRUE,TRUE,
lewis-hall-newcastle-united-face-mask-newcastle-football-player-celebrity-card-mask-celebrity-mask-for-stag-do-hen-night-fancy-dress-costume-parties-funny-adult-card-mask,,,,DIY,,Stick,FaceMask-LewisHallNewcastle-DIY-S,2.00,continue,,manual,TRUE,TRUE,
lewis-miley-newcastle-united-face-mask-newcastle-football-player-celebrity-card-mask-celebrity-mask-for-stag-do-hen-night-fancy-dress-costume-parties-funny-adult-card-mask,Lewis Miley Face Mask – Fancy Dress Cardboard Costume Mask,active,Style,Ready Cut,Fitting,Elastic,FaceMask-LewisMileyNewcastle-RC-E,2.99,continue,,manual,TRUE,TRUE,
lewis-miley-newcastle-united-face-mask-newcastle-football-player-celebrity-card-mask-celebrity-mask-for-stag-do-hen-night-fancy-dress-costume-parties-funny-adult-card-mask,,,,Ready Cut,,Stick,FaceMask-LewisMileyNewcastle-RC-S,3.49,continue,,manual,TRUE,TRUE,
lewis-miley-newcastle-united-face-mask-newcastle-football-player-celebrity-card-mask-celebrity-mask-for-stag-do-hen-night-fancy-dress-costume-parties-funny-adult-card-mask,,,,DIY,,Elastic,FaceMask-LewisMileyNewcastle-DIY-E,1.50,continue,,manual,TRUE,TRUE,
lewis-miley-newcastle-united-face-mask-newcastle-football-player-celebrity-card-mask-celebrity-mask-for-stag-do-hen-night-fancy-dress-costume-parties-funny-adult-card-mask,,,,DIY,,Stick,FaceMask-LewisMileyNewcastle-DIY-S,2.00,continue,,manual,TRUE,TRUE,
nick-pope-newcastle-united-face-mask-newcastle-goalkeeper-celebrity-card-mask-celebrity-mask-for-stag-do-hen-night-fancy-dress-costume-parties-funny-adult-card-mask,Nick Pope Face Mask – Fancy Dress Cardboard Costume Mask,active,Style,Ready Cut,Fitting,Elastic,FaceMask-NickPopeNewcastle-RC-E,2.99,continue,,manual,TRUE,TRUE,
nick-pope-newcastle-united-face-mask-newcastle-goalkeeper-celebrity-card-mask-celebrity-mask-for-stag-do-hen-night-fancy-dress-costume-parties-funny-adult-card-mask,,,,Ready Cut,,Stick,FaceMask-NickPopeNewcastle-RC-S,3.49,continue,,manual,TRUE,TRUE,
nick-pope-newcastle-united-face-mask-newcastle-goalkeeper-celebrity-card-mask-celebrity-mask-for-stag-do-hen-night-fancy-dress-costume-parties-funny-adult-card-mask,,,,DIY,,Elastic,FaceMask-NickPopeNewcastle-DIY-E,1.50,continue,,manual,TRUE,TRUE,
nick-pope-newcastle-united-face-mask-newcastle-goalkeeper-celebrity-card-mask-celebrity-mask-for-stag-do-hen-night-fancy-dress-costume-parties-funny-adult-card-mask,,,,DIY,,Stick,FaceMask-NickPopeNewcastle-DIY-S,2.00,continue,,manual,TRUE,TRUE,
nick-woltemade-newcastle-united-face-mask-newcastle-football-player-celebrity-card-mask-celebrity-mask-for-stag-do-hen-night-fancy-dress-costume-parties-funny-adult-card-mask,Nick Woltemade Face Mask – Fancy Dress Cardboard Costume Mask,active,Style,Ready Cut,Fitting,Elastic,FaceMask-NickWoltemadeNewcastle-RC-E,2.99,continue,,manual,TRUE,TRUE,
nick-woltemade-newcastle-united-face-mask-newcastle-football-player-celebrity-card-mask-celebrity-mask-for-stag-do-hen-night-fancy-dress-costume-parties-funny-adult-card-mask,,,,Ready Cut,,Stick,FaceMask-NickWoltemadeNewcastle-RC-S,3.49,continue,,manual,TRUE,TRUE,
nick-woltemade-newcastle-united-face-mask-newcastle-football-player-celebrity-card-mask-celebrity-mask-for-stag-do-hen-night-fancy-dress-costume-parties-funny-adult-card-mask,,,,DIY,,Elastic,FaceMask-NickWoltemadeNewcastle-DIY-E,1.50,continue,,manual,TRUE,TRUE,
nick-woltemade-newcastle-united-face-mask-newcastle-football-player-celebrity-card-mask-celebrity-mask-for-stag-do-hen-night-fancy-dress-costume-parties-funny-adult-card-mask,,,,DIY,,Stick,FaceMask-NickWoltemadeNewcastle-DIY-S,2.00,continue,,manual,TRUE,TRUE,
sandro-tonali-newcastle-united-face-mask-newcastle-football-player-celebrity-card-mask-celebrity-mask-for-stag-do-hen-night-fancy-dress-costume-parties-funny-adult-card-mask,Sandro Tonali Newcastle United Face Mask – Newcastle Football Player Celebrity Card Mask,active,Style,Ready Cut,Fitting,Elastic,FaceMask-SandroTonaliNewcastle-RC-E,2.99,continue,,manual,TRUE,TRUE,
sandro-tonali-newcastle-united-face-mask-newcastle-football-player-celebrity-card-mask-celebrity-mask-for-stag-do-hen-night-fancy-dress-costume-parties-funny-adult-card-mask,,,,Ready Cut,,Stick,FaceMask-SandroTonaliNewcastle-RC-S,3.49,continue,,manual,TRUE,TRUE,
sandro-tonali-newcastle-united-face-mask-newcastle-football-player-celebrity-card-mask-celebrity-mask-for-stag-do-hen-night-fancy-dress-costume-parties-funny-adult-card-mask,,,,DIY,,Elastic,FaceMask-SandroTonaliNewcastle-DIY-E,1.50,continue,,manual,TRUE,TRUE,
sandro-tonali-newcastle-united-face-mask-newcastle-football-player-celebrity-card-mask-celebrity-mask-for-stag-do-hen-night-fancy-dress-costume-parties-funny-adult-card-mask,,,,DIY,,Stick,FaceMask-SandroTonaliNewcastle-DIY-S,2.00,continue,,manual,TRUE,TRUE,
will-osula-newcastle-united-face-mask-newcastle-football-player-celebrity-card-mask-celebrity-mask-for-stag-do-hen-night-fancy-dress-costume-parties-funny-adult-card-mask,Will Osula Face Mask – Fancy Dress Cardboard Costume Mask,active,Style,Ready Cut,Fitting,Elastic,FaceMask-WillOsulaNewcastle-RC-E,2.99,continue,,manual,TRUE,TRUE,
will-osula-newcastle-united-face-mask-newcastle-football-player-celebrity-card-mask-celebrity-mask-for-stag-do-hen-night-fancy-dress-costume-parties-funny-adult-card-mask,,,,Ready Cut,,Stick,FaceMask-WillOsulaNewcastle-RC-S,3.49,continue,,manual,TRUE,TRUE,
will-osula-newcastle-united-face-mask-newcastle-football-player-celebrity-card-mask-celebrity-mask-for-stag-do-hen-night-fancy-dress-costume-parties-funny-adult-card-mask,,,,DIY,,Elastic,FaceMask-WillOsulaNewcastle-DIY-E,1.50,continue,,manual,TRUE,TRUE,
will-osula-newcastle-united-face-mask-newcastle-football-player-celebrity-card-mask-celebrity-mask-for-stag-do-hen-night-fancy-dress-costume-parties-funny-adult-card-mask,,,,DIY,,Stick,FaceMask-WillOsulaNewcastle-DIY-S,2.00,continue,,manual,TRUE,TRUE,
adam-armstrong-wolves-face-mask-wolverhampton-wanderers-football-player-celebrity-card-mask-celebrity-mask-for-stag-do-hen-night-fancy-dress-costume-parties-funny-adult-card-mask,Adam Armstrong Face Mask – Fancy Dress Cardboard Costume Mask,active,Style,Ready Cut,Fitting,Elastic,FaceMask-AdamArmstrongWolves-RC-E,2.99,continue,,manual,TRUE,TRUE,
adam-armstrong-wolves-face-mask-wolverhampton-wanderers-football-player-celebrity-card-mask-celebrity-mask-for-stag-do-hen-night-fancy-dress-costume-parties-funny-adult-card-mask,,,,Ready Cut,,Stick,FaceMask-AdamArmstrongWolves-RC-S,3.49,continue,,manual,TRUE,TRUE,
adam-armstrong-wolves-face-mask-wolverhampton-wanderers-football-player-celebrity-card-mask-celebrity-mask-for-stag-do-hen-night-fancy-dress-costume-parties-funny-adult-card-mask,,,,DIY,,Elastic,FaceMask-AdamArmstrongWolves-DIY-E,1.50,continue,,manual,TRUE,TRUE,
adam-armstrong-wolves-face-mask-wolverhampton-wanderers-football-player-celebrity-card-mask-celebrity-mask-for-stag-do-hen-night-fancy-dress-costume-parties-funny-adult-card-mask,,,,DIY,,Stick,FaceMask-AdamArmstrongWolves-DIY-S,2.00,continue,,manual,TRUE,TRUE,
andre-wolves-face-mask-wolverhampton-wanderers-football-player-celebrity-card-mask-celebrity-mask-for-stag-do-hen-night-fancy-dress-costume-parties-funny-adult-card-mask,André Wolves Face Mask – Wolverhampton Wanderers Football Player Celebrity Card Mask,active,Style,Ready Cut,Fitting,Elastic,FaceMask-AndreWolves-RC-E,2.99,continue,,manual,TRUE,TRUE,
andre-wolves-face-mask-wolverhampton-wanderers-football-player-celebrity-card-mask-celebrity-mask-for-stag-do-hen-night-fancy-dress-costume-parties-funny-adult-card-mask,,,,Ready Cut,,Stick,FaceMask-AndreWolves-RC-S,3.49,continue,,manual,TRUE,TRUE,
andre-wolves-face-mask-wolverhampton-wanderers-football-player-celebrity-card-mask-celebrity-mask-for-stag-do-hen-night-fancy-dress-costume-parties-funny-adult-card-mask,,,,DIY,,Elastic,FaceMask-AndreWolves-DIY-E,1.50,continue,,manual,TRUE,TRUE,
andre-wolves-face-mask-wolverhampton-wanderers-football-player-celebrity-card-mask-celebrity-mask-for-stag-do-hen-night-fancy-dress-costume-parties-funny-adult-card-mask,,,,DIY,,Stick,FaceMask-AndreWolves-DIY-S,2.00,continue,,manual,TRUE,TRUE,
andre-1-wolves-face-mask-wolverhampton-wanderers-football-player-celebrity-card-mask-celebrity-mask-for-stag-do-hen-night-fancy-dress-costume-parties-funny-adult-card-mask,André 1 Wolves Face Mask – Wolverhampton Wanderers Football Player Celebrity Card Mask,active,Style,Ready Cut,Fitting,Elastic,FaceMask-Andre1Wolves-RC-E,2.99,continue,,manual,TRUE,TRUE,
andre-1-wolves-face-mask-wolverhampton-wanderers-football-player-celebrity-card-mask-celebrity-mask-for-stag-do-hen-night-fancy-dress-costume-parties-funny-adult-card-mask,,,,Ready Cut,,Stick,FaceMask-Andre1Wolves-RC-S,3.49,continue,,manual,TRUE,TRUE,
andre-1-wolves-face-mask-wolverhampton-wanderers-football-player-celebrity-card-mask-celebrity-mask-for-stag-do-hen-night-fancy-dress-costume-parties-funny-adult-card-mask,,,,DIY,,Elastic,FaceMask-Andre1Wolves-DIY-E,1.50,continue,,manual,TRUE,TRUE,
andre-1-wolves-face-mask-wolverhampton-wanderers-football-player-celebrity-card-mask-celebrity-mask-for-stag-do-hen-night-fancy-dress-costume-parties-funny-adult-card-mask,,,,DIY,,Stick,FaceMask-Andre1Wolves-DIY-S,2.00,continue,,manual,TRUE,TRUE,
hugo-bueno-wolves-face-mask-wolverhampton-wanderers-football-player-celebrity-card-mask-celebrity-mask-for-stag-do-hen-night-fancy-dress-costume-parties-funny-adult-card-mask,Hugo Bueno Face Mask – Fancy Dress Cardboard Costume Mask,active,Style,Ready Cut,Fitting,Elastic,FaceMask-HugoBuenoWolves-RC-E,2.99,continue,,manual,TRUE,TRUE,
hugo-bueno-wolves-face-mask-wolverhampton-wanderers-football-player-celebrity-card-mask-celebrity-mask-for-stag-do-hen-night-fancy-dress-costume-parties-funny-adult-card-mask,,,,Ready Cut,,Stick,FaceMask-HugoBuenoWolves-RC-S,3.49,continue,,manual,TRUE,TRUE,
hugo-bueno-wolves-face-mask-wolverhampton-wanderers-football-player-celebrity-card-mask-celebrity-mask-for-stag-do-hen-night-fancy-dress-costume-parties-funny-adult-card-mask,,,,DIY,,Elastic,FaceMask-HugoBuenoWolves-DIY-E,1.50,continue,,manual,TRUE,TRUE,
hugo-bueno-wolves-face-mask-wolverhampton-wanderers-football-player-celebrity-card-mask-celebrity-mask-for-stag-do-hen-night-fancy-dress-costume-parties-funny-adult-card-mask,,,,DIY,,Stick,FaceMask-HugoBuenoWolves-DIY-S,2.00,continue,,manual,TRUE,TRUE,
jackson-tchatchoua-wolves-face-mask-wolverhampton-wanderers-football-player-celebrity-card-mask-celebrity-mask-for-stag-do-hen-night-fancy-dress-costume-parties-funny-adult-card-mask,Jackson Tchatchoua Face Mask – Fancy Dress Cardboard Costume Mask,active,Style,Ready Cut,Fitting,Elastic,FaceMask-JacksonTchatchouaWolves-RC-E,2.99,continue,,manual,TRUE,TRUE,
jackson-tchatchoua-wolves-face-mask-wolverhampton-wanderers-football-player-celebrity-card-mask-celebrity-mask-for-stag-do-hen-night-fancy-dress-costume-parties-funny-adult-card-mask,,,,Ready Cut,,Stick,FaceMask-JacksonTchatchouaWolves-RC-S,3.49,continue,,manual,TRUE,TRUE,
jackson-tchatchoua-wolves-face-mask-wolverhampton-wanderers-football-player-celebrity-card-mask-celebrity-mask-for-stag-do-hen-night-fancy-dress-costume-parties-funny-adult-card-mask,,,,DIY,,Elastic,FaceMask-JacksonTchatchouaWolves-DIY-E,1.50,continue,,manual,TRUE,TRUE,
jackson-tchatchoua-wolves-face-mask-wolverhampton-wanderers-football-player-celebrity-card-mask-celebrity-mask-for-stag-do-hen-night-fancy-dress-costume-parties-funny-adult-card-mask,,,,DIY,,Stick,FaceMask-JacksonTchatchouaWolves-DIY-S,2.00,continue,,manual,TRUE,TRUE,
jean-ricner-bellegarde-wolves-face-mask-wolverhampton-wanderers-football-player-celebrity-card-mask-celebrity-mask-for-stag-do-hen-night-fancy-dress-costume-parties-funny-adult-card-mask,Jean-Ricner Bellegarde Face Mask – Fancy Dress Cardboard Costume Mask,active,Style,Ready Cut,Fitting,Elastic,FaceMask-JeanRicnerWolves-RC-E,2.99,continue,,manual,TRUE,TRUE,
jean-ricner-bellegarde-wolves-face-mask-wolverhampton-wanderers-football-player-celebrity-card-mask-celebrity-mask-for-stag-do-hen-night-fancy-dress-costume-parties-funny-adult-card-mask,,,,Ready Cut,,Stick,FaceMask-JeanRicnerWolves-RC-S,3.49,continue,,manual,TRUE,TRUE,
jean-ricner-bellegarde-wolves-face-mask-wolverhampton-wanderers-football-player-celebrity-card-mask-celebrity-mask-for-stag-do-hen-night-fancy-dress-costume-parties-funny-adult-card-mask,,,,DIY,,Elastic,FaceMask-JeanRicnerWolves-DIY-E,1.50,continue,,manual,TRUE,TRUE,
jean-ricner-bellegarde-wolves-face-mask-wolverhampton-wanderers-football-player-celebrity-card-mask-celebrity-mask-for-stag-do-hen-night-fancy-dress-costume-parties-funny-adult-card-mask,,,,DIY,,Stick,FaceMask-JeanRicnerWolves-DIY-S,2.00,continue,,manual,TRUE,TRUE,
joao-gomes-wolves-face-mask-wolverhampton-wanderers-football-player-celebrity-card-mask-celebrity-mask-for-stag-do-hen-night-fancy-dress-costume-parties-funny-adult-card-mask,João Gomes Face Mask – Fancy Dress Cardboard Costume Mask,active,Style,Ready Cut,Fitting,Elastic,FaceMask-JoaoGomesWolves-RC-E,2.99,continue,,manual,TRUE,TRUE,
joao-gomes-wolves-face-mask-wolverhampton-wanderers-football-player-celebrity-card-mask-celebrity-mask-for-stag-do-hen-night-fancy-dress-costume-parties-funny-adult-card-mask,,,,Ready Cut,,Stick,FaceMask-JoaoGomesWolves-RC-S,3.49,continue,,manual,TRUE,TRUE,
joao-gomes-wolves-face-mask-wolverhampton-wanderers-football-player-celebrity-card-mask-celebrity-mask-for-stag-do-hen-night-fancy-dress-costume-parties-funny-adult-card-mask,,,,DIY,,Elastic,FaceMask-JoaoGomesWolves-DIY-E,1.50,continue,,manual,TRUE,TRUE,
joao-gomes-wolves-face-mask-wolverhampton-wanderers-football-player-celebrity-card-mask-celebrity-mask-for-stag-do-hen-night-fancy-dress-costume-parties-funny-adult-card-mask,,,,DIY,,Stick,FaceMask-JoaoGomesWolves-DIY-S,2.00,continue,,manual,TRUE,TRUE,
jose-sa-wolves-face-mask-wolverhampton-wanderers-football-player-celebrity-card-mask-celebrity-mask-for-stag-do-hen-night-fancy-dress-costume-parties-funny-adult-card-mask,José Sá Face Mask – Fancy Dress Cardboard Costume Mask,active,Style,Ready Cut,Fitting,Elastic,FaceMask-JoseSaWolves-RC-E,2.99,continue,,manual,TRUE,TRUE,
jose-sa-wolves-face-mask-wolverhampton-wanderers-football-player-celebrity-card-mask-celebrity-mask-for-stag-do-hen-night-fancy-dress-costume-parties-funny-adult-card-mask,,,,Ready Cut,,Stick,FaceMask-JoseSaWolves-RC-S,3.49,continue,,manual,TRUE,TRUE,
jose-sa-wolves-face-mask-wolverhampton-wanderers-football-player-celebrity-card-mask-celebrity-mask-for-stag-do-hen-night-fancy-dress-costume-parties-funny-adult-card-mask,,,,DIY,,Elastic,FaceMask-JoseSaWolves-DIY-E,1.50,continue,,manual,TRUE,TRUE,
jose-sa-wolves-face-mask-wolverhampton-wanderers-football-player-celebrity-card-mask-celebrity-mask-for-stag-do-hen-night-fancy-dress-costume-parties-funny-adult-card-mask,,,,DIY,,Stick,FaceMask-JoseSaWolves-DIY-S,2.00,continue,,manual,TRUE,TRUE,
ladislav-krejci-wolves-face-mask-wolverhampton-wanderers-football-player-celebrity-card-mask-celebrity-mask-for-stag-do-hen-night-fancy-dress-costume-parties-funny-adult-card-mask,Ladislav Krejčí Face Mask – Fancy Dress Cardboard Costume Mask,active,Style,Ready Cut,Fitting,Elastic,FaceMask-LadislavKrejciWolves-RC-E,2.99,continue,,manual,TRUE,TRUE,
ladislav-krejci-wolves-face-mask-wolverhampton-wanderers-football-player-celebrity-card-mask-celebrity-mask-for-stag-do-hen-night-fancy-dress-costume-parties-funny-adult-card-mask,,,,Ready Cut,,Stick,FaceMask-LadislavKrejciWolves-RC-S,3.49,continue,,manual,TRUE,TRUE,
ladislav-krejci-wolves-face-mask-wolverhampton-wanderers-football-player-celebrity-card-mask-celebrity-mask-for-stag-do-hen-night-fancy-dress-costume-parties-funny-adult-card-mask,,,,DIY,,Elastic,FaceMask-LadislavKrejciWolves-DIY-E,1.50,continue,,manual,TRUE,TRUE,
ladislav-krejci-wolves-face-mask-wolverhampton-wanderers-football-player-celebrity-card-mask-celebrity-mask-for-stag-do-hen-night-fancy-dress-costume-parties-funny-adult-card-mask,,,,DIY,,Stick,FaceMask-LadislavKrejciWolves-DIY-S,2.00,continue,,manual,TRUE,TRUE,
matheus-mane-wolves-face-mask-wolverhampton-wanderers-football-player-celebrity-card-mask-celebrity-mask-for-stag-do-hen-night-fancy-dress-costume-parties-funny-adult-card-mask,Matheus Mané Face Mask – Fancy Dress Cardboard Costume Mask,active,Style,Ready Cut,Fitting,Elastic,FaceMask-MatheusManeWolves-RC-E,2.99,continue,,manual,TRUE,TRUE,
matheus-mane-wolves-face-mask-wolverhampton-wanderers-football-player-celebrity-card-mask-celebrity-mask-for-stag-do-hen-night-fancy-dress-costume-parties-funny-adult-card-mask,,,,Ready Cut,,Stick,FaceMask-MatheusManeWolves-RC-S,3.49,continue,,manual,TRUE,TRUE,
matheus-mane-wolves-face-mask-wolverhampton-wanderers-football-player-celebrity-card-mask-celebrity-mask-for-stag-do-hen-night-fancy-dress-costume-parties-funny-adult-card-mask,,,,DIY,,Elastic,FaceMask-MatheusManeWolves-DIY-E,1.50,continue,,manual,TRUE,TRUE,
matheus-mane-wolves-face-mask-wolverhampton-wanderers-football-player-celebrity-card-mask-celebrity-mask-for-stag-do-hen-night-fancy-dress-costume-parties-funny-adult-card-mask,,,,DIY,,Stick,FaceMask-MatheusManeWolves-DIY-S,2.00,continue,,manual,TRUE,TRUE,
matt-doherty-wolves-face-mask-wolverhampton-wanderers-football-player-celebrity-card-mask-celebrity-mask-for-stag-do-hen-night-fancy-dress-costume-parties-funny-adult-card-mask,Matt Doherty Face Mask – Fancy Dress Cardboard Costume Mask,active,Style,Ready Cut,Fitting,Elastic,FaceMask-MattDohertyWolves-RC-E,2.99,continue,,manual,TRUE,TRUE,
matt-doherty-wolves-face-mask-wolverhampton-wanderers-football-player-celebrity-card-mask-celebrity-mask-for-stag-do-hen-night-fancy-dress-costume-parties-funny-adult-card-mask,,,,Ready Cut,,Stick,FaceMask-MattDohertyWolves-RC-S,3.49,continue,,manual,TRUE,TRUE,
matt-doherty-wolves-face-mask-wolverhampton-wanderers-football-player-celebrity-card-mask-celebrity-mask-for-stag-do-hen-night-fancy-dress-costume-parties-funny-adult-card-mask,,,,DIY,,Elastic,FaceMask-MattDohertyWolves-DIY-E,1.50,continue,,manual,TRUE,TRUE,
matt-doherty-wolves-face-mask-wolverhampton-wanderers-football-player-celebrity-card-mask-celebrity-mask-for-stag-do-hen-night-fancy-dress-costume-parties-funny-adult-card-mask,,,,DIY,,Stick,FaceMask-MattDohertyWolves-DIY-S,2.00,continue,,manual,TRUE,TRUE,
rob-edwards-wolves-face-mask-wolverhampton-wanderers-manager-celebrity-card-mask-celebrity-mask-for-stag-do-hen-night-fancy-dress-costume-parties-funny-adult-card-mask,Rob Edwards Wolves Face Mask – Wolverhampton Wanderers Manager Celebrity Card Mask,active,Style,Ready Cut,Fitting,Elastic,FaceMask-RobEdwardsWolves-RC-E,2.99,continue,,manual,TRUE,TRUE,
rob-edwards-wolves-face-mask-wolverhampton-wanderers-manager-celebrity-card-mask-celebrity-mask-for-stag-do-hen-night-fancy-dress-costume-parties-funny-adult-card-mask,,,,Ready Cut,,Stick,FaceMask-RobEdwardsWolves-RC-S,3.49,continue,,manual,TRUE,TRUE,
rob-edwards-wolves-face-mask-wolverhampton-wanderers-manager-celebrity-card-mask-celebrity-mask-for-stag-do-hen-night-fancy-dress-costume-parties-funny-adult-card-mask,,,,DIY,,Elastic,FaceMask-RobEdwardsWolves-DIY-E,1.50,continue,,manual,TRUE,TRUE,
rob-edwards-wolves-face-mask-wolverhampton-wanderers-manager-celebrity-card-mask-celebrity-mask-for-stag-do-hen-night-fancy-dress-costume-parties-funny-adult-card-mask,,,,DIY,,Stick,FaceMask-RobEdwardsWolves-DIY-S,2.00,continue,,manual,TRUE,TRUE,
rodrigo-gomes-wolves-face-mask-wolverhampton-wanderers-football-player-celebrity-card-mask-celebrity-mask-for-stag-do-hen-night-fancy-dress-costume-parties-funny-adult-card-mask,Rodrigo Gomes Face Mask – Fancy Dress Cardboard Costume Mask,active,Style,Ready Cut,Fitting,Elastic,FaceMask-RodrigoGomesWolves-RC-E,2.99,continue,,manual,TRUE,TRUE,
rodrigo-gomes-wolves-face-mask-wolverhampton-wanderers-football-player-celebrity-card-mask-celebrity-mask-for-stag-do-hen-night-fancy-dress-costume-parties-funny-adult-card-mask,,,,Ready Cut,,Stick,FaceMask-RodrigoGomesWolves-RC-S,3.49,continue,,manual,TRUE,TRUE,
rodrigo-gomes-wolves-face-mask-wolverhampton-wanderers-football-player-celebrity-card-mask-celebrity-mask-for-stag-do-hen-night-fancy-dress-costume-parties-funny-adult-card-mask,,,,DIY,,Elastic,FaceMask-RodrigoGomesWolves-DIY-E,1.50,continue,,manual,TRUE,TRUE,
rodrigo-gomes-wolves-face-mask-wolverhampton-wanderers-football-player-celebrity-card-mask-celebrity-mask-for-stag-do-hen-night-fancy-dress-costume-parties-funny-adult-card-mask,,,,DIY,,Stick,FaceMask-RodrigoGomesWolves-DIY-S,2.00,continue,,manual,TRUE,TRUE,
santiago-bueno-wolves-face-mask-wolverhampton-wanderers-football-player-celebrity-card-mask-celebrity-mask-for-stag-do-hen-night-fancy-dress-costume-parties-funny-adult-card-mask,Santiago Bueno Face Mask – Fancy Dress Cardboard Costume Mask,active,Style,Ready Cut,Fitting,Elastic,FaceMask-SantiagoBuenoWolves-RC-E,2.99,continue,,manual,TRUE,TRUE,
santiago-bueno-wolves-face-mask-wolverhampton-wanderers-football-player-celebrity-card-mask-celebrity-mask-for-stag-do-hen-night-fancy-dress-costume-parties-funny-adult-card-mask,,,,Ready Cut,,Stick,FaceMask-SantiagoBuenoWolves-RC-S,3.49,continue,,manual,TRUE,TRUE,
santiago-bueno-wolves-face-mask-wolverhampton-wanderers-football-player-celebrity-card-mask-celebrity-mask-for-stag-do-hen-night-fancy-dress-costume-parties-funny-adult-card-mask,,,,DIY,,Elastic,FaceMask-SantiagoBuenoWolves-DIY-E,1.50,continue,,manual,TRUE,TRUE,
santiago-bueno-wolves-face-mask-wolverhampton-wanderers-football-player-celebrity-card-mask-celebrity-mask-for-stag-do-hen-night-fancy-dress-costume-parties-funny-adult-card-mask,,,,DIY,,Stick,FaceMask-SantiagoBuenoWolves-DIY-S,2.00,continue,,manual,TRUE,TRUE,
tolu-arokodare-wolves-face-mask-wolverhampton-wanderers-football-player-celebrity-card-mask-celebrity-mask-for-stag-do-hen-night-fancy-dress-costume-parties-funny-adult-card-mask,Tolu Arokodare Face Mask – Fancy Dress Cardboard Costume Mask,active,Style,Ready Cut,Fitting,Elastic,FaceMask-ToluArokodareWolves-RC-E,2.99,continue,,manual,TRUE,TRUE,
tolu-arokodare-wolves-face-mask-wolverhampton-wanderers-football-player-celebrity-card-mask-celebrity-mask-for-stag-do-hen-night-fancy-dress-costume-parties-funny-adult-card-mask,,,,Ready Cut,,Stick,FaceMask-ToluArokodareWolves-RC-S,3.49,continue,,manual,TRUE,TRUE,
tolu-arokodare-wolves-face-mask-wolverhampton-wanderers-football-player-celebrity-card-mask-celebrity-mask-for-stag-do-hen-night-fancy-dress-costume-parties-funny-adult-card-mask,,,,DIY,,Elastic,FaceMask-ToluArokodareWolves-DIY-E,1.50,continue,,manual,TRUE,TRUE,
tolu-arokodare-wolves-face-mask-wolverhampton-wanderers-football-player-celebrity-card-mask-celebrity-mask-for-stag-do-hen-night-fancy-dress-costume-parties-funny-adult-card-mask,,,,DIY,,Stick,FaceMask-ToluArokodareWolves-DIY-S,2.00,continue,,manual,TRUE,TRUE,
toti-gomes-wolves-face-mask-wolverhampton-wanderers-football-player-celebrity-card-mask-celebrity-mask-for-stag-do-hen-night-fancy-dress-costume-parties-funny-adult-card-mask,Toti Gomes Face Mask – Fancy Dress Cardboard Costume Mask,active,Style,Ready Cut,Fitting,Elastic,FaceMask-TotiGomesWolves-RC-E,2.99,continue,,manual,TRUE,TRUE,
toti-gomes-wolves-face-mask-wolverhampton-wanderers-football-player-celebrity-card-mask-celebrity-mask-for-stag-do-hen-night-fancy-dress-costume-parties-funny-adult-card-mask,,,,Ready Cut,,Stick,FaceMask-TotiGomesWolves-RC-S,3.49,continue,,manual,TRUE,TRUE,
toti-gomes-wolves-face-mask-wolverhampton-wanderers-football-player-celebrity-card-mask-celebrity-mask-for-stag-do-hen-night-fancy-dress-costume-parties-funny-adult-card-mask,,,,DIY,,Elastic,FaceMask-TotiGomesWolves-DIY-E,1.50,continue,,manual,TRUE,TRUE,
toti-gomes-wolves-face-mask-wolverhampton-wanderers-football-player-celebrity-card-mask-celebrity-mask-for-stag-do-hen-night-fancy-dress-costume-parties-funny-adult-card-mask,,,,DIY,,Stick,FaceMask-TotiGomesWolves-DIY-S,2.00,continue,,manual,TRUE,TRUE,
yerson-mosquera-wolves-face-mask-wolverhampton-wanderers-football-player-celebrity-card-mask-celebrity-mask-for-stag-do-hen-night-fancy-dress-costume-parties-funny-adult-card-mask,Yerson Mosquera Face Mask – Fancy Dress Cardboard Costume Mask,active,Style,Ready Cut,Fitting,Elastic,FaceMask-YersonMosqueraWolves-RC-E,2.99,continue,,manual,TRUE,TRUE,
yerson-mosquera-wolves-face-mask-wolverhampton-wanderers-football-player-celebrity-card-mask-celebrity-mask-for-stag-do-hen-night-fancy-dress-costume-parties-funny-adult-card-mask,,,,Ready Cut,,Stick,FaceMask-YersonMosqueraWolves-RC-S,3.49,continue,,manual,TRUE,TRUE,
yerson-mosquera-wolves-face-mask-wolverhampton-wanderers-football-player-celebrity-card-mask-celebrity-mask-for-stag-do-hen-night-fancy-dress-costume-parties-funny-adult-card-mask,,,,DIY,,Elastic,FaceMask-YersonMosqueraWolves-DIY-E,1.50,continue,,manual,TRUE,TRUE,
yerson-mosquera-wolves-face-mask-wolverhampton-wanderers-football-player-celebrity-card-mask-celebrity-mask-for-stag-do-hen-night-fancy-dress-costume-parties-funny-adult-card-mask,,,,DIY,,Stick,FaceMask-YersonMosqueraWolves-DIY-S,2.00,continue,,manual,TRUE,TRUE,
adin-ross-face-mask-celebrity-streamer-mask-for-stag-do-hen-night-fancy-dress-costume-parties-funny-adult-card-mask,"Adin Ross Face Mask – Celebrity Streamer Mask for Stag Do, Hen Night, Fancy Dress & Costume Parties – Funny Adult Card Mask",active,Style,Ready Cut,Fitting,Elastic,FOXY-MASK-ADIN-ROSS-STREAMER-RC-E,2.99,continue,,manual,TRUE,TRUE,
adin-ross-face-mask-celebrity-streamer-mask-for-stag-do-hen-night-fancy-dress-costume-parties-funny-adult-card-mask,,,,Ready Cut,,Stick,FOXY-MASK-ADIN-ROSS-STREAMER-RC-S,3.49,continue,,manual,TRUE,TRUE,
adin-ross-face-mask-celebrity-streamer-mask-for-stag-do-hen-night-fancy-dress-costume-parties-funny-adult-card-mask,,,,DIY,,Elastic,FOXY-MASK-ADIN-ROSS-STREAMER-DIY-E,1.50,continue,,manual,TRUE,TRUE,
adin-ross-face-mask-celebrity-streamer-mask-for-stag-do-hen-night-fancy-dress-costume-parties-funny-adult-card-mask,,,,DIY,,Stick,FOXY-MASK-ADIN-ROSS-STREAMER-DIY-S,2.00,continue,,manual,TRUE,TRUE,
angry-ginge-face-mask-celebrity-streamer-mask-for-stag-do-hen-night-fancy-dress-costume-parties-funny-adult-card-mask,"Angry Ginge Face Mask – Celebrity Streamer Mask for Stag Do, Hen Night, Fancy Dress & Costume Parties – Funny Adult Card Mask",active,Style,Ready Cut,Fitting,Elastic,FOXY-MASK-ANGRY-GINGE-STREAMER-RC-E,2.99,continue,,manual,TRUE,TRUE,
angry-ginge-face-mask-celebrity-streamer-mask-for-stag-do-hen-night-fancy-dress-costume-parties-funny-adult-card-mask,,,,Ready Cut,,Stick,FOXY-MASK-ANGRY-GINGE-STREAMER-RC-S,3.49,continue,,manual,TRUE,TRUE,
angry-ginge-face-mask-celebrity-streamer-mask-for-stag-do-hen-night-fancy-dress-costume-parties-funny-adult-card-mask,,,,DIY,,Elastic,FOXY-MASK-ANGRY-GINGE-STREAMER-DIY-E,1.50,continue,,manual,TRUE,TRUE,
angry-ginge-face-mask-celebrity-streamer-mask-for-stag-do-hen-night-fancy-dress-costume-parties-funny-adult-card-mask,,,,DIY,,Stick,FOXY-MASK-ANGRY-GINGE-STREAMER-DIY-S,2.00,continue,,manual,TRUE,TRUE,
behzinga-sidemen-face-mask-celebrity-youtuber-mask-for-stag-do-hen-night-fancy-dress-costume-parties-funny-adult-card-mask,"Behzinga Sidemen Face Mask – Celebrity YouTuber Mask for Stag Do, Hen Night, Fancy Dress & Costume Parties – Funny Adult Card Mask",active,Style,Ready Cut,Fitting,Elastic,FOXY-MASK-BEHZINGA-SIDEMEN-YOUTUBER-RC-E,2.99,continue,,manual,TRUE,TRUE,
behzinga-sidemen-face-mask-celebrity-youtuber-mask-for-stag-do-hen-night-fancy-dress-costume-parties-funny-adult-card-mask,,,,Ready Cut,,Stick,FOXY-MASK-BEHZINGA-SIDEMEN-YOUTUBER-RC-S,3.49,continue,,manual,TRUE,TRUE,
behzinga-sidemen-face-mask-celebrity-youtuber-mask-for-stag-do-hen-night-fancy-dress-costume-parties-funny-adult-card-mask,,,,DIY,,Elastic,FOXY-MASK-BEHZINGA-SIDEMEN-YOUTUBER-DIY-E,1.50,continue,,manual,TRUE,TRUE,
behzinga-sidemen-face-mask-celebrity-youtuber-mask-for-stag-do-hen-night-fancy-dress-costume-parties-funny-adult-card-mask,,,,DIY,,Stick,FOXY-MASK-BEHZINGA-SIDEMEN-YOUTUBER-DIY-S,2.00,continue,,manual,TRUE,TRUE,
bella-poarch-face-mask-celebrity-tiktok-mask-for-stag-do-hen-night-fancy-dress-costume-parties-funny-adult-card-mask,"Bella Poarch Face Mask – Celebrity TikTok Mask for Stag Do, Hen Night, Fancy Dress & Costume Parties – Funny Adult Card Mask",active,Style,Ready Cut,Fitting,Elastic,FOXY-MASK-BELLA-POARCH-TIKTOK-RC-E,2.99,continue,,manual,TRUE,TRUE,
bella-poarch-face-mask-celebrity-tiktok-mask-for-stag-do-hen-night-fancy-dress-costume-parties-funny-adult-card-mask,,,,Ready Cut,,Stick,FOXY-MASK-BELLA-POARCH-TIKTOK-RC-S,3.49,continue,,manual,TRUE,TRUE,
bella-poarch-face-mask-celebrity-tiktok-mask-for-stag-do-hen-night-fancy-dress-costume-parties-funny-adult-card-mask,,,,DIY,,Elastic,FOXY-MASK-BELLA-POARCH-TIKTOK-DIY-E,1.50,continue,,manual,TRUE,TRUE,
bella-poarch-face-mask-celebrity-tiktok-mask-for-stag-do-hen-night-fancy-dress-costume-parties-funny-adult-card-mask,,,,DIY,,Stick,FOXY-MASK-BELLA-POARCH-TIKTOK-DIY-S,2.00,continue,,manual,TRUE,TRUE,
bianca-censori-face-mask-celebrity-party-mask-for-stag-do-hen-night-fancy-dress-costume-parties-funny-adult-card-mask,"Bianca Censori Face Mask – Celebrity Party Mask for Stag Do, Hen Night, Fancy Dress & Costume Parties – Funny Adult Card Mask",active,Style,Ready Cut,Fitting,Elastic,FOXY-MASK-BIANCA-CENSORI-NIGHT-RC-E,2.99,continue,,manual,TRUE,TRUE,
bianca-censori-face-mask-celebrity-party-mask-for-stag-do-hen-night-fancy-dress-costume-parties-funny-adult-card-mask,,,,Ready Cut,,Stick,FOXY-MASK-BIANCA-CENSORI-NIGHT-RC-S,3.49,continue,,manual,TRUE,TRUE,
bianca-censori-face-mask-celebrity-party-mask-for-stag-do-hen-night-fancy-dress-costume-parties-funny-adult-card-mask,,,,DIY,,Elastic,FOXY-MASK-BIANCA-CENSORI-NIGHT-DIY-E,1.50,continue,,manual,TRUE,TRUE,
bianca-censori-face-mask-celebrity-party-mask-for-stag-do-hen-night-fancy-dress-costume-parties-funny-adult-card-mask,,,,DIY,,Stick,FOXY-MASK-BIANCA-CENSORI-NIGHT-DIY-S,2.00,continue,,manual,TRUE,TRUE,
charles-leclerc-face-mask-celebrity-f1-driver-mask-for-stag-do-hen-night-fancy-dress-costume-parties-funny-adult-card-mask,"Charles Leclerc Face Mask – Celebrity F1 Driver Mask for Stag Do, Hen Night, Fancy Dress & Costume Parties – Funny Adult Card Mask",active,Style,Ready Cut,Fitting,Elastic,Foxy-Mask-CharlesLeclerc-RC-E,2.99,continue,,manual,TRUE,TRUE,
charles-leclerc-face-mask-celebrity-f1-driver-mask-for-stag-do-hen-night-fancy-dress-costume-parties-funny-adult-card-mask,,,,Ready Cut,,Stick,Foxy-Mask-CharlesLeclerc-RC-S,3.49,continue,,manual,TRUE,TRUE,
charles-leclerc-face-mask-celebrity-f1-driver-mask-for-stag-do-hen-night-fancy-dress-costume-parties-funny-adult-card-mask,,,,DIY,,Elastic,Foxy-Mask-CharlesLeclerc-DIY-E,1.50,continue,,manual,TRUE,TRUE,
charles-leclerc-face-mask-celebrity-f1-driver-mask-for-stag-do-hen-night-fancy-dress-costume-parties-funny-adult-card-mask,,,,DIY,,Stick,Foxy-Mask-CharlesLeclerc-DIY-S,2.00,continue,,manual,TRUE,TRUE,
chris-evans-face-mask-celebrity-party-mask-for-stag-do-hen-night-fancy-dress-costume-parties-funny-adult-card-mask,"Chris Evans Face Mask – Celebrity Party Mask for Stag Do, Hen Night, Fancy Dress & Costume Parties – Funny Adult Card Mask",active,Style,Ready Cut,Fitting,Elastic,Foxy-Mask-ChrisEvans-RC-E,2.99,continue,,manual,TRUE,TRUE,
chris-evans-face-mask-celebrity-party-mask-for-stag-do-hen-night-fancy-dress-costume-parties-funny-adult-card-mask,,,,Ready Cut,,Stick,Foxy-Mask-ChrisEvans-RC-S,3.49,continue,,manual,TRUE,TRUE,
chris-evans-face-mask-celebrity-party-mask-for-stag-do-hen-night-fancy-dress-costume-parties-funny-adult-card-mask,,,,DIY,,Elastic,Foxy-Mask-ChrisEvans-DIY-E,1.50,continue,,manual,TRUE,TRUE,
chris-evans-face-mask-celebrity-party-mask-for-stag-do-hen-night-fancy-dress-costume-parties-funny-adult-card-mask,,,,DIY,,Stick,Foxy-Mask-ChrisEvans-DIY-S,2.00,continue,,manual,TRUE,TRUE,
daniel-middleton-face-mask-celebrity-gamer-mask-for-stag-do-hen-night-fancy-dress-costume-parties-funny-adult-card-mask,Daniel Middleton Face Mask – Fancy Dress Cardboard Costume Mask,active,Style,Ready Cut,Fitting,Elastic,Foxy-Mask-DanielMiddleton-RC-E,2.99,continue,,manual,TRUE,TRUE,
daniel-middleton-face-mask-celebrity-gamer-mask-for-stag-do-hen-night-fancy-dress-costume-parties-funny-adult-card-mask,,,,Ready Cut,,Stick,Foxy-Mask-DanielMiddleton-RC-S,3.49,continue,,manual,TRUE,TRUE,
daniel-middleton-face-mask-celebrity-gamer-mask-for-stag-do-hen-night-fancy-dress-costume-parties-funny-adult-card-mask,,,,DIY,,Elastic,Foxy-Mask-DanielMiddleton-DIY-E,1.50,continue,,manual,TRUE,TRUE,
daniel-middleton-face-mask-celebrity-gamer-mask-for-stag-do-hen-night-fancy-dress-costume-parties-funny-adult-card-mask,,,,DIY,,Stick,Foxy-Mask-DanielMiddleton-DIY-S,2.00,continue,,manual,TRUE,TRUE,
ed-matthews-face-mask-celebrity-party-mask-for-stag-do-hen-night-fancy-dress-costume-parties-funny-adult-card-mask,"Ed Matthews Face Mask – Celebrity Party Mask for Stag Do, Hen Night, Fancy Dress & Costume Parties – Funny Adult Card Mask",active,Style,Ready Cut,Fitting,Elastic,FOXY-MASK-ED-MATTHEWS-NIGHT-RC-E,2.99,continue,,manual,TRUE,TRUE,
ed-matthews-face-mask-celebrity-party-mask-for-stag-do-hen-night-fancy-dress-costume-parties-funny-adult-card-mask,,,,Ready Cut,,Stick,FOXY-MASK-ED-MATTHEWS-NIGHT-RC-S,3.49,continue,,manual,TRUE,TRUE,
ed-matthews-face-mask-celebrity-party-mask-for-stag-do-hen-night-fancy-dress-costume-parties-funny-adult-card-mask,,,,DIY,,Elastic,FOXY-MASK-ED-MATTHEWS-NIGHT-DIY-E,1.50,continue,,manual,TRUE,TRUE,
ed-matthews-face-mask-celebrity-party-mask-for-stag-do-hen-night-fancy-dress-costume-parties-funny-adult-card-mask,,,,DIY,,Stick,FOXY-MASK-ED-MATTHEWS-NIGHT-DIY-S,2.00,continue,,manual,TRUE,TRUE,
grant-horvat-face-mask-celebrity-golf-youtuber-mask-for-stag-do-hen-night-fancy-dress-costume-parties-funny-adult-card-mask,"Grant Horvat Face Mask – Celebrity Golf YouTuber Mask for Stag Do, Hen Night, Fancy Dress & Costume Parties – Funny Adult Card Mask",active,Style,Ready Cut,Fitting,Elastic,FOXY-MASK-GRANT-HORVAT-GOLF-YOUTUBER-RC-E,2.99,continue,,manual,TRUE,TRUE,
grant-horvat-face-mask-celebrity-golf-youtuber-mask-for-stag-do-hen-night-fancy-dress-costume-parties-funny-adult-card-mask,,,,Ready Cut,,Stick,FOXY-MASK-GRANT-HORVAT-GOLF-YOUTUBER-RC-S,3.49,continue,,manual,TRUE,TRUE,
grant-horvat-face-mask-celebrity-golf-youtuber-mask-for-stag-do-hen-night-fancy-dress-costume-parties-funny-adult-card-mask,,,,DIY,,Elastic,FOXY-MASK-GRANT-HORVAT-GOLF-YOUTUBER-DIY-E,1.50,continue,,manual,TRUE,TRUE,
grant-horvat-face-mask-celebrity-golf-youtuber-mask-for-stag-do-hen-night-fancy-dress-costume-parties-funny-adult-card-mask,,,,DIY,,Stick,FOXY-MASK-GRANT-HORVAT-GOLF-YOUTUBER-DIY-S,2.00,continue,,manual,TRUE,TRUE,
grian-minecraft-face-mask-celebrity-gamer-mask-for-stag-do-hen-night-fancy-dress-costume-parties-funny-adult-card-mask,Grian Minecraft Face Mask – Fancy Dress Cardboard Costume Mask,active,Style,Ready Cut,Fitting,Elastic,Foxy-Mask-GrianMinecraft-RC-E,2.99,continue,,manual,TRUE,TRUE,
grian-minecraft-face-mask-celebrity-gamer-mask-for-stag-do-hen-night-fancy-dress-costume-parties-funny-adult-card-mask,,,,Ready Cut,,Stick,Foxy-Mask-GrianMinecraft-RC-S,3.49,continue,,manual,TRUE,TRUE,
grian-minecraft-face-mask-celebrity-gamer-mask-for-stag-do-hen-night-fancy-dress-costume-parties-funny-adult-card-mask,,,,DIY,,Elastic,Foxy-Mask-GrianMinecraft-DIY-E,1.50,continue,,manual,TRUE,TRUE,
grian-minecraft-face-mask-celebrity-gamer-mask-for-stag-do-hen-night-fancy-dress-costume-parties-funny-adult-card-mask,,,,DIY,,Stick,Foxy-Mask-GrianMinecraft-DIY-S,2.00,continue,,manual,TRUE,TRUE,
harry-sidemen-face-mask-celebrity-youtuber-mask-for-stag-do-hen-night-fancy-dress-costume-parties-funny-adult-card-mask,"Harry Sidemen Face Mask – Celebrity YouTuber Mask for Stag Do, Hen Night, Fancy Dress & Costume Parties – Funny Adult Card Mask",active,Style,Ready Cut,Fitting,Elastic,FOXY-MASK-HARRY-SIDEMEN-YOUTUBER-RC-E,2.99,continue,,manual,TRUE,TRUE,
harry-sidemen-face-mask-celebrity-youtuber-mask-for-stag-do-hen-night-fancy-dress-costume-parties-funny-adult-card-mask,,,,Ready Cut,,Stick,FOXY-MASK-HARRY-SIDEMEN-YOUTUBER-RC-S,3.49,continue,,manual,TRUE,TRUE,
harry-sidemen-face-mask-celebrity-youtuber-mask-for-stag-do-hen-night-fancy-dress-costume-parties-funny-adult-card-mask,,,,DIY,,Elastic,FOXY-MASK-HARRY-SIDEMEN-YOUTUBER-DIY-E,1.50,continue,,manual,TRUE,TRUE,
harry-sidemen-face-mask-celebrity-youtuber-mask-for-stag-do-hen-night-fancy-dress-costume-parties-funny-adult-card-mask,,,,DIY,,Stick,FOXY-MASK-HARRY-SIDEMEN-YOUTUBER-DIY-S,2.00,continue,,manual,TRUE,TRUE,
hide-the-pain-harold-face-mask-viral-meme-mask-for-stag-do-hen-night-fancy-dress-costume-parties-funny-adult-card-mask,Hide the Pain Harold Face Mask – Fancy Dress Cardboard Costume Mask,active,Style,Ready Cut,Fitting,Elastic,FOXY-MASK-HIDE-THE-PAIN-HAROLD-VIRAL-RC-E,2.99,continue,,manual,TRUE,TRUE,
hide-the-pain-harold-face-mask-viral-meme-mask-for-stag-do-hen-night-fancy-dress-costume-parties-funny-adult-card-mask,,,,Ready Cut,,Stick,FOXY-MASK-HIDE-THE-PAIN-HAROLD-VIRAL-RC-S,3.49,continue,,manual,TRUE,TRUE,
hide-the-pain-harold-face-mask-viral-meme-mask-for-stag-do-hen-night-fancy-dress-costume-parties-funny-adult-card-mask,,,,DIY,,Elastic,FOXY-MASK-HIDE-THE-PAIN-HAROLD-VIRAL-DIY-E,1.50,continue,,manual,TRUE,TRUE,
hide-the-pain-harold-face-mask-viral-meme-mask-for-stag-do-hen-night-fancy-dress-costume-parties-funny-adult-card-mask,,,,DIY,,Stick,FOXY-MASK-HIDE-THE-PAIN-HAROLD-VIRAL-DIY-S,2.00,continue,,manual,TRUE,TRUE,
jack-doherty-face-mask-celebrity-youtuber-mask-for-stag-do-hen-night-fancy-dress-costume-parties-funny-adult-card-mask,"Jack Doherty Face Mask – Celebrity YouTuber Mask for Stag Do, Hen Night, Fancy Dress & Costume Parties – Funny Adult Card Mask",active,Style,Ready Cut,Fitting,Elastic,FOXY-MASK-JACK-DOHERTY-YOUTUBER-RC-E,2.99,continue,,manual,TRUE,TRUE,
jack-doherty-face-mask-celebrity-youtuber-mask-for-stag-do-hen-night-fancy-dress-costume-parties-funny-adult-card-mask,,,,Ready Cut,,Stick,FOXY-MASK-JACK-DOHERTY-YOUTUBER-RC-S,3.49,continue,,manual,TRUE,TRUE,
jack-doherty-face-mask-celebrity-youtuber-mask-for-stag-do-hen-night-fancy-dress-costume-parties-funny-adult-card-mask,,,,DIY,,Elastic,FOXY-MASK-JACK-DOHERTY-YOUTUBER-DIY-E,1.50,continue,,manual,TRUE,TRUE,
jack-doherty-face-mask-celebrity-youtuber-mask-for-stag-do-hen-night-fancy-dress-costume-parties-funny-adult-card-mask,,,,DIY,,Stick,FOXY-MASK-JACK-DOHERTY-YOUTUBER-DIY-S,2.00,continue,,manual,TRUE,TRUE,
jake-paul-face-mask-celebrity-youtuber-boxer-mask-for-stag-do-hen-night-fancy-dress-costume-parties-funny-adult-card-mask,"Jake Paul Face Mask – Celebrity YouTuber & Boxer Mask for Stag Do, Hen Night, Fancy Dress & Costume Parties – Funny Adult Card Mask",active,Style,Ready Cut,Fitting,Elastic,Foxy-Mask-JakePaul-RC-E,2.99,continue,,manual,TRUE,TRUE,
jake-paul-face-mask-celebrity-youtuber-boxer-mask-for-stag-do-hen-night-fancy-dress-costume-parties-funny-adult-card-mask,,,,Ready Cut,,Stick,Foxy-Mask-JakePaul-RC-S,3.49,continue,,manual,TRUE,TRUE,
jake-paul-face-mask-celebrity-youtuber-boxer-mask-for-stag-do-hen-night-fancy-dress-costume-parties-funny-adult-card-mask,,,,DIY,,Elastic,Foxy-Mask-JakePaul-DIY-E,1.50,continue,,manual,TRUE,TRUE,
jake-paul-face-mask-celebrity-youtuber-boxer-mask-for-stag-do-hen-night-fancy-dress-costume-parties-funny-adult-card-mask,,,,DIY,,Stick,Foxy-Mask-JakePaul-DIY-S,2.00,continue,,manual,TRUE,TRUE,
jake-paul-boxer-face-mask-celebrity-boxing-mask-for-stag-do-hen-night-fancy-dress-costume-parties-funny-adult-card-mask,"Jake Paul Boxer Face Mask – Celebrity Boxing Mask for Stag Do, Hen Night, Fancy Dress & Costume Parties – Funny Adult Card Mask",active,Style,Ready Cut,Fitting,Elastic,FOXY-MASK-JAKE-PAUL-BOXER-BOXING-RC-E,2.99,continue,,manual,TRUE,TRUE,
jake-paul-boxer-face-mask-celebrity-boxing-mask-for-stag-do-hen-night-fancy-dress-costume-parties-funny-adult-card-mask,,,,Ready Cut,,Stick,FOXY-MASK-JAKE-PAUL-BOXER-BOXING-RC-S,3.49,continue,,manual,TRUE,TRUE,
jake-paul-boxer-face-mask-celebrity-boxing-mask-for-stag-do-hen-night-fancy-dress-costume-parties-funny-adult-card-mask,,,,DIY,,Elastic,FOXY-MASK-JAKE-PAUL-BOXER-BOXING-DIY-E,1.50,continue,,manual,TRUE,TRUE,
jake-paul-boxer-face-mask-celebrity-boxing-mask-for-stag-do-hen-night-fancy-dress-costume-parties-funny-adult-card-mask,,,,DIY,,Stick,FOXY-MASK-JAKE-PAUL-BOXER-BOXING-DIY-S,2.00,continue,,manual,TRUE,TRUE,
jimmy-bullard-face-mask-celebrity-footballer-mask-for-stag-do-hen-night-fancy-dress-costume-parties-funny-adult-card-mask,"Jimmy Bullard Face Mask – Celebrity Footballer Mask for Stag Do, Hen Night, Fancy Dress & Costume Parties – Funny Adult Card Mask",active,Style,Ready Cut,Fitting,Elastic,Foxy-Mask-JimmyBullard-RC-E,2.99,continue,,manual,TRUE,TRUE,
jimmy-bullard-face-mask-celebrity-footballer-mask-for-stag-do-hen-night-fancy-dress-costume-parties-funny-adult-card-mask,,,,Ready Cut,,Stick,Foxy-Mask-JimmyBullard-RC-S,3.49,continue,,manual,TRUE,TRUE,
jimmy-bullard-face-mask-celebrity-footballer-mask-for-stag-do-hen-night-fancy-dress-costume-parties-funny-adult-card-mask,,,,DIY,,Elastic,Foxy-Mask-JimmyBullard-DIY-E,1.50,continue,,manual,TRUE,TRUE,
jimmy-bullard-face-mask-celebrity-footballer-mask-for-stag-do-hen-night-fancy-dress-costume-parties-funny-adult-card-mask,,,,DIY,,Stick,Foxy-Mask-JimmyBullard-DIY-S,2.00,continue,,manual,TRUE,TRUE,
joe-rogan-face-mask-celebrity-podcaster-comedian-mask-for-stag-do-hen-night-fancy-dress-costume-parties-funny-adult-card-mask,"Joe Rogan Face Mask – Celebrity Podcaster & Comedian Mask for Stag Do, Hen Night, Fancy Dress & Costume Parties – Funny Adult Card Mask",active,Style,Ready Cut,Fitting,Elastic,FOXY-MASK-JOE-ROGAN-PODCASTER-RC-E,2.99,continue,,manual,TRUE,TRUE,
joe-rogan-face-mask-celebrity-podcaster-comedian-mask-for-stag-do-hen-night-fancy-dress-costume-parties-funny-adult-card-mask,,,,Ready Cut,,Stick,FOXY-MASK-JOE-ROGAN-PODCASTER-RC-S,3.49,continue,,manual,TRUE,TRUE,
joe-rogan-face-mask-celebrity-podcaster-comedian-mask-for-stag-do-hen-night-fancy-dress-costume-parties-funny-adult-card-mask,,,,DIY,,Elastic,FOXY-MASK-JOE-ROGAN-PODCASTER-DIY-E,1.50,continue,,manual,TRUE,TRUE,
joe-rogan-face-mask-celebrity-podcaster-comedian-mask-for-stag-do-hen-night-fancy-dress-costume-parties-funny-adult-card-mask,,,,DIY,,Stick,FOXY-MASK-JOE-ROGAN-PODCASTER-DIY-S,2.00,continue,,manual,TRUE,TRUE,
khaby-lame-face-mask-celebrity-tiktok-star-mask-for-stag-do-hen-night-fancy-dress-costume-parties-funny-adult-card-mask,"Khaby Lame Face Mask – Celebrity TikTok Star Mask for Stag Do, Hen Night, Fancy Dress & Costume Parties – Funny Adult Card Mask",active,Style,Ready Cut,Fitting,Elastic,FOXY-MASK-KHABY-LAME-TIKTOK-RC-E,2.99,continue,,manual,TRUE,TRUE,
khaby-lame-face-mask-celebrity-tiktok-star-mask-for-stag-do-hen-night-fancy-dress-costume-parties-funny-adult-card-mask,,,,Ready Cut,,Stick,FOXY-MASK-KHABY-LAME-TIKTOK-RC-S,3.49,continue,,manual,TRUE,TRUE,
khaby-lame-face-mask-celebrity-tiktok-star-mask-for-stag-do-hen-night-fancy-dress-costume-parties-funny-adult-card-mask,,,,DIY,,Elastic,FOXY-MASK-KHABY-LAME-TIKTOK-DIY-E,1.50,continue,,manual,TRUE,TRUE,
khaby-lame-face-mask-celebrity-tiktok-star-mask-for-stag-do-hen-night-fancy-dress-costume-parties-funny-adult-card-mask,,,,DIY,,Stick,FOXY-MASK-KHABY-LAME-TIKTOK-DIY-S,2.00,continue,,manual,TRUE,TRUE,
kimberly-loaiza-face-mask-celebrity-singer-influencer-mask-for-stag-do-hen-night-fancy-dress-costume-parties-funny-adult-card-mask,"Kimberly Loaiza Face Mask – Celebrity Singer & Influencer Mask for Stag Do, Hen Night, Fancy Dress & Costume Parties – Funny Adult Card Mask",active,Style,Ready Cut,Fitting,Elastic,FOXY-MASK-KIMBERLY-LOAIZAC-LOAIZA-RC-E,2.99,continue,,manual,TRUE,TRUE,
kimberly-loaiza-face-mask-celebrity-singer-influencer-mask-for-stag-do-hen-night-fancy-dress-costume-parties-funny-adult-card-mask,,,,Ready Cut,,Stick,FOXY-MASK-KIMBERLY-LOAIZAC-LOAIZA-RC-S,3.49,continue,,manual,TRUE,TRUE,
kimberly-loaiza-face-mask-celebrity-singer-influencer-mask-for-stag-do-hen-night-fancy-dress-costume-parties-funny-adult-card-mask,,,,DIY,,Elastic,FOXY-MASK-KIMBERLY-LOAIZAC-LOAIZA-DIY-E,1.50,continue,,manual,TRUE,TRUE,
kimberly-loaiza-face-mask-celebrity-singer-influencer-mask-for-stag-do-hen-night-fancy-dress-costume-parties-funny-adult-card-mask,,,,DIY,,Stick,FOXY-MASK-KIMBERLY-LOAIZAC-LOAIZA-DIY-S,2.00,continue,,manual,TRUE,TRUE,
ksi-face-mask-youtube-star-boxer-mask-for-stag-do-hen-night-fancy-dress-costume-parties-funny-adult-card-mask,KSI Face Mask – Fancy Dress Cardboard Costume Mask,active,Style,Ready Cut,Fitting,Elastic,Foxy-Mask-KSI-RC-E,2.99,continue,,manual,TRUE,TRUE,
ksi-face-mask-youtube-star-boxer-mask-for-stag-do-hen-night-fancy-dress-costume-parties-funny-adult-card-mask,,,,Ready Cut,,Stick,Foxy-Mask-KSI-RC-S,3.49,continue,,manual,TRUE,TRUE,
ksi-face-mask-youtube-star-boxer-mask-for-stag-do-hen-night-fancy-dress-costume-parties-funny-adult-card-mask,,,,DIY,,Elastic,Foxy-Mask-KSI-DIY-E,1.50,continue,,manual,TRUE,TRUE,
ksi-face-mask-youtube-star-boxer-mask-for-stag-do-hen-night-fancy-dress-costume-parties-funny-adult-card-mask,,,,DIY,,Stick,Foxy-Mask-KSI-DIY-S,2.00,continue,,manual,TRUE,TRUE,
lewis-hamilton-face-mask-formula-racing-champion-mask-for-stag-do-hen-night-fancy-dress-costume-parties-funny-adult-card-mask,"Lewis Hamilton Face Mask – Formula Racing Champion Mask for Stag Do, Hen Night, Fancy Dress & Costume Parties – Funny Adult Card Mask",active,Style,Ready Cut,Fitting,Elastic,Foxy-Mask-LewisHamilton-RC-E,2.99,continue,,manual,TRUE,TRUE,
lewis-hamilton-face-mask-formula-racing-champion-mask-for-stag-do-hen-night-fancy-dress-costume-parties-funny-adult-card-mask,,,,Ready Cut,,Stick,Foxy-Mask-LewisHamilton-RC-S,3.49,continue,,manual,TRUE,TRUE,
lewis-hamilton-face-mask-formula-racing-champion-mask-for-stag-do-hen-night-fancy-dress-costume-parties-funny-adult-card-mask,,,,DIY,,Elastic,Foxy-Mask-LewisHamilton-DIY-E,1.50,continue,,manual,TRUE,TRUE,
lewis-hamilton-face-mask-formula-racing-champion-mask-for-stag-do-hen-night-fancy-dress-costume-parties-funny-adult-card-mask,,,,DIY,,Stick,Foxy-Mask-LewisHamilton-DIY-S,2.00,continue,,manual,TRUE,TRUE,
logan-paul-face-mask-influencer-boxer-celebrity-mask-for-stag-do-hen-party-fancy-dress-costume-events-funny-adult-card-mask,"Logan Paul Face Mask – Influencer & Boxer Celebrity Mask for Stag Do, Hen Party, Fancy Dress & Costume Events – Funny Adult Card Mask",active,Style,Ready Cut,Fitting,Elastic,Foxy-Mask-LoganPaul-RC-E,2.99,continue,,manual,TRUE,TRUE,
logan-paul-face-mask-influencer-boxer-celebrity-mask-for-stag-do-hen-party-fancy-dress-costume-events-funny-adult-card-mask,,,,Ready Cut,,Stick,Foxy-Mask-LoganPaul-RC-S,3.49,continue,,manual,TRUE,TRUE,
logan-paul-face-mask-influencer-boxer-celebrity-mask-for-stag-do-hen-party-fancy-dress-costume-events-funny-adult-card-mask,,,,DIY,,Elastic,Foxy-Mask-LoganPaul-DIY-E,1.50,continue,,manual,TRUE,TRUE,
logan-paul-face-mask-influencer-boxer-celebrity-mask-for-stag-do-hen-party-fancy-dress-costume-events-funny-adult-card-mask,,,,DIY,,Stick,Foxy-Mask-LoganPaul-DIY-S,2.00,continue,,manual,TRUE,TRUE,
logan-paul-black-eye-face-mask-boxer-influencer-costume-mask-for-stag-do-hen-party-fancy-dress-themed-events-funny-adult-card-mask,"Logan Paul Black Eye Face Mask – Boxer & Influencer Costume Mask for Stag Do, Hen Party, Fancy Dress & Themed Events – Funny Adult Card Mask",active,Style,Ready Cut,Fitting,Elastic,Foxy-Mask-LoganPaulBlackEye-RC-E,2.99,continue,,manual,TRUE,TRUE,
logan-paul-black-eye-face-mask-boxer-influencer-costume-mask-for-stag-do-hen-party-fancy-dress-themed-events-funny-adult-card-mask,,,,Ready Cut,,Stick,Foxy-Mask-LoganPaulBlackEye-RC-S,3.49,continue,,manual,TRUE,TRUE,
logan-paul-black-eye-face-mask-boxer-influencer-costume-mask-for-stag-do-hen-party-fancy-dress-themed-events-funny-adult-card-mask,,,,DIY,,Elastic,Foxy-Mask-LoganPaulBlackEye-DIY-E,1.50,continue,,manual,TRUE,TRUE,
logan-paul-black-eye-face-mask-boxer-influencer-costume-mask-for-stag-do-hen-party-fancy-dress-themed-events-funny-adult-card-mask,,,,DIY,,Stick,Foxy-Mask-LoganPaulBlackEye-DIY-S,2.00,continue,,manual,TRUE,TRUE,
logan-paul-wrestler-face-mask-influencer-wrestling-costume-mask-for-stag-do-hen-party-fancy-dress-themed-events-funny-adult-card-mask,Logan Paul Wrestler Face Mask – Fancy Dress Cardboard Costume Mask,active,Style,Ready Cut,Fitting,Elastic,FOXY-MASK-LOGAN-PAUL-WRESTLER-INFLUENCER-RC-E,2.99,continue,,manual,TRUE,TRUE,
logan-paul-wrestler-face-mask-influencer-wrestling-costume-mask-for-stag-do-hen-party-fancy-dress-themed-events-funny-adult-card-mask,,,,Ready Cut,,Stick,FOXY-MASK-LOGAN-PAUL-WRESTLER-INFLUENCER-RC-S,3.49,continue,,manual,TRUE,TRUE,
logan-paul-wrestler-face-mask-influencer-wrestling-costume-mask-for-stag-do-hen-party-fancy-dress-themed-events-funny-adult-card-mask,,,,DIY,,Elastic,FOXY-MASK-LOGAN-PAUL-WRESTLER-INFLUENCER-DIY-E,1.50,continue,,manual,TRUE,TRUE,
logan-paul-wrestler-face-mask-influencer-wrestling-costume-mask-for-stag-do-hen-party-fancy-dress-themed-events-funny-adult-card-mask,,,,DIY,,Stick,FOXY-MASK-LOGAN-PAUL-WRESTLER-INFLUENCER-DIY-S,2.00,continue,,manual,TRUE,TRUE,
mark-rober-face-mask-youtuber-science-influencer-costume-mask-for-stag-do-hen-party-fancy-dress-themed-events-funny-adult-card-mask,"Mark Rober Face Mask – YouTuber & Science Influencer Costume Mask for Stag Do, Hen Party, Fancy Dress & Themed Events – Funny Adult Card Mask",active,Style,Ready Cut,Fitting,Elastic,FOXY-MASK-MARK-ROBER-YOUTUBER-RC-E,2.99,continue,,manual,TRUE,TRUE,
mark-rober-face-mask-youtuber-science-influencer-costume-mask-for-stag-do-hen-party-fancy-dress-themed-events-funny-adult-card-mask,,,,Ready Cut,,Stick,FOXY-MASK-MARK-ROBER-YOUTUBER-RC-S,3.49,continue,,manual,TRUE,TRUE,
mark-rober-face-mask-youtuber-science-influencer-costume-mask-for-stag-do-hen-party-fancy-dress-themed-events-funny-adult-card-mask,,,,DIY,,Elastic,FOXY-MASK-MARK-ROBER-YOUTUBER-DIY-E,1.50,continue,,manual,TRUE,TRUE,
mark-rober-face-mask-youtuber-science-influencer-costume-mask-for-stag-do-hen-party-fancy-dress-themed-events-funny-adult-card-mask,,,,DIY,,Stick,FOXY-MASK-MARK-ROBER-YOUTUBER-DIY-S,2.00,continue,,manual,TRUE,TRUE,
max-verstappen-face-mask-formula-racing-champion-costume-mask-for-stag-do-hen-party-fancy-dress-motorsport-events-adult-card-mask,"Max Verstappen Face Mask – Formula Racing Champion Costume Mask for Stag Do, Hen Party, Fancy Dress & Motorsport Events – Adult Card Mask",active,Style,Ready Cut,Fitting,Elastic,Foxy-Mask-MaxVerstappen-RC-E,2.99,continue,,manual,TRUE,TRUE,
max-verstappen-face-mask-formula-racing-champion-costume-mask-for-stag-do-hen-party-fancy-dress-motorsport-events-adult-card-mask,,,,Ready Cut,,Stick,Foxy-Mask-MaxVerstappen-RC-S,3.49,continue,,manual,TRUE,TRUE,
max-verstappen-face-mask-formula-racing-champion-costume-mask-for-stag-do-hen-party-fancy-dress-motorsport-events-adult-card-mask,,,,DIY,,Elastic,Foxy-Mask-MaxVerstappen-DIY-E,1.50,continue,,manual,TRUE,TRUE,
max-verstappen-face-mask-formula-racing-champion-costume-mask-for-stag-do-hen-party-fancy-dress-motorsport-events-adult-card-mask,,,,DIY,,Stick,Foxy-Mask-MaxVerstappen-DIY-S,2.00,continue,,manual,TRUE,TRUE,
miniminter-sidemen-face-mask-youtube-star-costume-mask-for-stag-do-hen-party-fancy-dress-influencer-events-adult-card-mask,"Miniminter Sidemen Face Mask – YouTube Star Costume Mask for Stag Do, Hen Party, Fancy Dress & Influencer Events – Adult Card Mask",active,Style,Ready Cut,Fitting,Elastic,FOXY-MASK-MINIMINTER-SIDEMEN-YOUTUBE-RC-E,2.99,continue,,manual,TRUE,TRUE,
miniminter-sidemen-face-mask-youtube-star-costume-mask-for-stag-do-hen-party-fancy-dress-influencer-events-adult-card-mask,,,,Ready Cut,,Stick,FOXY-MASK-MINIMINTER-SIDEMEN-YOUTUBE-RC-S,3.49,continue,,manual,TRUE,TRUE,
miniminter-sidemen-face-mask-youtube-star-costume-mask-for-stag-do-hen-party-fancy-dress-influencer-events-adult-card-mask,,,,DIY,,Elastic,FOXY-MASK-MINIMINTER-SIDEMEN-YOUTUBE-DIY-E,1.50,continue,,manual,TRUE,TRUE,
miniminter-sidemen-face-mask-youtube-star-costume-mask-for-stag-do-hen-party-fancy-dress-influencer-events-adult-card-mask,,,,DIY,,Stick,FOXY-MASK-MINIMINTER-SIDEMEN-YOUTUBE-DIY-S,2.00,continue,,manual,TRUE,TRUE,
mr-beast-face-mask-youtube-superstar-costume-mask-for-stag-do-hen-party-fancy-dress-influencer-events-adult-card-mask,"Mr Beast Face Mask – YouTube Superstar Costume Mask for Stag Do, Hen Party, Fancy Dress & Influencer Events – Adult Card Mask",active,Style,Ready Cut,Fitting,Elastic,FOXY-MASK-MR-BEAST-YOUTUBE-RC-E,2.99,continue,,manual,TRUE,TRUE,
mr-beast-face-mask-youtube-superstar-costume-mask-for-stag-do-hen-party-fancy-dress-influencer-events-adult-card-mask,,,,Ready Cut,,Stick,FOXY-MASK-MR-BEAST-YOUTUBE-RC-S,3.49,continue,,manual,TRUE,TRUE,
mr-beast-face-mask-youtube-superstar-costume-mask-for-stag-do-hen-party-fancy-dress-influencer-events-adult-card-mask,,,,DIY,,Elastic,FOXY-MASK-MR-BEAST-YOUTUBE-DIY-E,1.50,continue,,manual,TRUE,TRUE,
mr-beast-face-mask-youtube-superstar-costume-mask-for-stag-do-hen-party-fancy-dress-influencer-events-adult-card-mask,,,,DIY,,Stick,FOXY-MASK-MR-BEAST-YOUTUBE-DIY-S,2.00,continue,,manual,TRUE,TRUE,
mr-whose-the-boss-face-mask-youtube-tech-influencer-costume-mask-for-stag-do-hen-party-fancy-dress-youtuber-events-adult-card-mask,Mrwhosetheboss Face Mask – Fancy Dress Cardboard Costume Mask,active,Style,Ready Cut,Fitting,Elastic,Foxy-Mask-MrWhoseTheBoss-RC-E,2.99,continue,,manual,TRUE,TRUE,
mr-whose-the-boss-face-mask-youtube-tech-influencer-costume-mask-for-stag-do-hen-party-fancy-dress-youtuber-events-adult-card-mask,,,,Ready Cut,,Stick,Foxy-Mask-MrWhoseTheBoss-RC-S,3.49,continue,,manual,TRUE,TRUE,
mr-whose-the-boss-face-mask-youtube-tech-influencer-costume-mask-for-stag-do-hen-party-fancy-dress-youtuber-events-adult-card-mask,,,,DIY,,Elastic,Foxy-Mask-MrWhoseTheBoss-DIY-E,1.50,continue,,manual,TRUE,TRUE,
mr-whose-the-boss-face-mask-youtube-tech-influencer-costume-mask-for-stag-do-hen-party-fancy-dress-youtuber-events-adult-card-mask,,,,DIY,,Stick,Foxy-Mask-MrWhoseTheBoss-DIY-S,2.00,continue,,manual,TRUE,TRUE,
mumbo-jumbo-minecraft-face-mask-redstone-builder-youtuber-costume-mask-for-stag-do-fancy-dress-gaming-parties-minecraft-fans-adult-card-mask,Mumbo Jumbo Minecraft Face Mask – Fancy Dress Cardboard Costume Mask,active,Style,Ready Cut,Fitting,Elastic,Foxy-Mask-MumboJumboMineCraft-RC-E,2.99,continue,,manual,TRUE,TRUE,
mumbo-jumbo-minecraft-face-mask-redstone-builder-youtuber-costume-mask-for-stag-do-fancy-dress-gaming-parties-minecraft-fans-adult-card-mask,,,,Ready Cut,,Stick,Foxy-Mask-MumboJumboMineCraft-RC-S,3.49,continue,,manual,TRUE,TRUE,
mumbo-jumbo-minecraft-face-mask-redstone-builder-youtuber-costume-mask-for-stag-do-fancy-dress-gaming-parties-minecraft-fans-adult-card-mask,,,,DIY,,Elastic,Foxy-Mask-MumboJumboMineCraft-DIY-E,1.50,continue,,manual,TRUE,TRUE,
mumbo-jumbo-minecraft-face-mask-redstone-builder-youtuber-costume-mask-for-stag-do-fancy-dress-gaming-parties-minecraft-fans-adult-card-mask,,,,DIY,,Stick,Foxy-Mask-MumboJumboMineCraft-DIY-S,2.00,continue,,manual,TRUE,TRUE,
pete-finch-face-mask-golf-youtuber-costume-mask-for-stag-do-fancy-dress-golf-parties-sports-fans-adult-card-mask,"Pete Finch Face Mask – Golf YouTuber Costume Mask for Stag Do, Fancy Dress, Golf Parties & Sports Fans – Adult Card Mask",active,Style,Ready Cut,Fitting,Elastic,FOXY-MASK-PETE-FINCH-GOLF-YOUTUBER-RC-E,2.99,continue,,manual,TRUE,TRUE,
pete-finch-face-mask-golf-youtuber-costume-mask-for-stag-do-fancy-dress-golf-parties-sports-fans-adult-card-mask,,,,Ready Cut,,Stick,FOXY-MASK-PETE-FINCH-GOLF-YOUTUBER-RC-S,3.49,continue,,manual,TRUE,TRUE,
pete-finch-face-mask-golf-youtuber-costume-mask-for-stag-do-fancy-dress-golf-parties-sports-fans-adult-card-mask,,,,DIY,,Elastic,FOXY-MASK-PETE-FINCH-GOLF-YOUTUBER-DIY-E,1.50,continue,,manual,TRUE,TRUE,
pete-finch-face-mask-golf-youtuber-costume-mask-for-stag-do-fancy-dress-golf-parties-sports-fans-adult-card-mask,,,,DIY,,Stick,FOXY-MASK-PETE-FINCH-GOLF-YOUTUBER-DIY-S,2.00,continue,,manual,TRUE,TRUE,
pewdiepie-face-mask-youtuber-fancy-dress-mask-for-stag-do-costume-parties-gaming-events-fans-adult-card-mask,PewDiePie Face Mask – Fancy Dress Cardboard Costume Mask,active,Style,Ready Cut,Fitting,Elastic,FOXY-MASK-PEW-DIE-PIE-RC-E,2.99,continue,,manual,TRUE,TRUE,
pewdiepie-face-mask-youtuber-fancy-dress-mask-for-stag-do-costume-parties-gaming-events-fans-adult-card-mask,,,,Ready Cut,,Stick,FOXY-MASK-PEW-DIE-PIE-RC-S,3.49,continue,,manual,TRUE,TRUE,
pewdiepie-face-mask-youtuber-fancy-dress-mask-for-stag-do-costume-parties-gaming-events-fans-adult-card-mask,,,,DIY,,Elastic,FOXY-MASK-PEW-DIE-PIE-DIY-E,1.50,continue,,manual,TRUE,TRUE,
pewdiepie-face-mask-youtuber-fancy-dress-mask-for-stag-do-costume-parties-gaming-events-fans-adult-card-mask,,,,DIY,,Stick,FOXY-MASK-PEW-DIE-PIE-DIY-S,2.00,continue,,manual,TRUE,TRUE,
rick-shiels-face-mask-golf-youtuber-fancy-dress-mask-for-stag-do-golf-days-costume-parties-fans-adult-card-mask,"Rick Shiels Face Mask – Golf YouTuber Fancy Dress Mask for Stag Do, Golf Days, Costume Parties & Fans – Adult Card Mask",active,Style,Ready Cut,Fitting,Elastic,Foxy-Mask-RickShielsGolf-RC-E,2.99,continue,,manual,TRUE,TRUE,
rick-shiels-face-mask-golf-youtuber-fancy-dress-mask-for-stag-do-golf-days-costume-parties-fans-adult-card-mask,,,,Ready Cut,,Stick,Foxy-Mask-RickShielsGolf-RC-S,3.49,continue,,manual,TRUE,TRUE,
rick-shiels-face-mask-golf-youtuber-fancy-dress-mask-for-stag-do-golf-days-costume-parties-fans-adult-card-mask,,,,DIY,,Elastic,Foxy-Mask-RickShielsGolf-DIY-E,1.50,continue,,manual,TRUE,TRUE,
rick-shiels-face-mask-golf-youtuber-fancy-dress-mask-for-stag-do-golf-days-costume-parties-fans-adult-card-mask,,,,DIY,,Stick,Foxy-Mask-RickShielsGolf-DIY-S,2.00,continue,,manual,TRUE,TRUE,
robert-downey-jr-face-mask-hollywood-actor-fancy-dress-mask-for-stag-do-costume-parties-film-fans-adult-card-mask,"Robert Downey Jr Face Mask – Hollywood Actor Fancy Dress Mask for Stag Do, Costume Parties & Film Fans – Adult Card Mask",active,Style,Ready Cut,Fitting,Elastic,Foxy-Mask-RobertDowneyJunior-RC-E,2.99,continue,,manual,TRUE,TRUE,
robert-downey-jr-face-mask-hollywood-actor-fancy-dress-mask-for-stag-do-costume-parties-film-fans-adult-card-mask,,,,Ready Cut,,Stick,Foxy-Mask-RobertDowneyJunior-RC-S,3.49,continue,,manual,TRUE,TRUE,
robert-downey-jr-face-mask-hollywood-actor-fancy-dress-mask-for-stag-do-costume-parties-film-fans-adult-card-mask,,,,DIY,,Elastic,Foxy-Mask-RobertDowneyJunior-DIY-E,1.50,continue,,manual,TRUE,TRUE,
robert-downey-jr-face-mask-hollywood-actor-fancy-dress-mask-for-stag-do-costume-parties-film-fans-adult-card-mask,,,,DIY,,Stick,Foxy-Mask-RobertDowneyJunior-DIY-S,2.00,continue,,manual,TRUE,TRUE,
ronan-moloney-face-mask-novelty-celebrity-style-mask-for-stag-do-fancy-dress-costume-parties-adult-card-mask,Ronan Moloney Face Mask – Fancy Dress Cardboard Costume Mask,active,Style,Ready Cut,Fitting,Elastic,Foxy-Mask-RonanMoloney-RC-E,2.99,continue,,manual,TRUE,TRUE,
ronan-moloney-face-mask-novelty-celebrity-style-mask-for-stag-do-fancy-dress-costume-parties-adult-card-mask,,,,Ready Cut,,Stick,Foxy-Mask-RonanMoloney-RC-S,3.49,continue,,manual,TRUE,TRUE,
ronan-moloney-face-mask-novelty-celebrity-style-mask-for-stag-do-fancy-dress-costume-parties-adult-card-mask,,,,DIY,,Elastic,Foxy-Mask-RonanMoloney-DIY-E,1.50,continue,,manual,TRUE,TRUE,
ronan-moloney-face-mask-novelty-celebrity-style-mask-for-stag-do-fancy-dress-costume-parties-adult-card-mask,,,,DIY,,Stick,Foxy-Mask-RonanMoloney-DIY-S,2.00,continue,,manual,TRUE,TRUE,
stokes-twins-face-mask-novelty-youtuber-style-mask-for-stag-do-fancy-dress-costume-parties-adult-card-mask,Stokes Twins Face Mask – Fancy Dress Cardboard Costume Mask,active,Style,Ready Cut,Fitting,Elastic,Foxy-Mask-StokesTwins1-RC-E,2.99,continue,,manual,TRUE,TRUE,
stokes-twins-face-mask-novelty-youtuber-style-mask-for-stag-do-fancy-dress-costume-parties-adult-card-mask,,,,Ready Cut,,Stick,Foxy-Mask-StokesTwins1-RC-S,3.49,continue,,manual,TRUE,TRUE,
stokes-twins-face-mask-novelty-youtuber-style-mask-for-stag-do-fancy-dress-costume-parties-adult-card-mask,,,,DIY,,Elastic,Foxy-Mask-StokesTwins1-DIY-E,1.50,continue,,manual,TRUE,TRUE,
stokes-twins-face-mask-novelty-youtuber-style-mask-for-stag-do-fancy-dress-costume-parties-adult-card-mask,,,,DIY,,Stick,Foxy-Mask-StokesTwins1-DIY-S,2.00,continue,,manual,TRUE,TRUE,
stokes-twins-face-mask-twin-2-novelty-youtuber-style-mask-for-stag-do-fancy-dress-costume-parties-adult-card-mask,"Stokes Twins Face Mask – Twin 2 – Novelty YouTuber Style Mask for Stag Do, Fancy Dress & Costume Parties – Adult Card Mask",active,Style,Ready Cut,Fitting,Elastic,FOXY-MASK-STOKES-TWINS2-TWIN-NOVELTY-RC-E,2.99,continue,,manual,TRUE,TRUE,
stokes-twins-face-mask-twin-2-novelty-youtuber-style-mask-for-stag-do-fancy-dress-costume-parties-adult-card-mask,,,,Ready Cut,,Stick,FOXY-MASK-STOKES-TWINS2-TWIN-NOVELTY-RC-S,3.49,continue,,manual,TRUE,TRUE,
stokes-twins-face-mask-twin-2-novelty-youtuber-style-mask-for-stag-do-fancy-dress-costume-parties-adult-card-mask,,,,DIY,,Elastic,FOXY-MASK-STOKES-TWINS2-TWIN-NOVELTY-DIY-E,1.50,continue,,manual,TRUE,TRUE,
stokes-twins-face-mask-twin-2-novelty-youtuber-style-mask-for-stag-do-fancy-dress-costume-parties-adult-card-mask,,,,DIY,,Stick,FOXY-MASK-STOKES-TWINS2-TWIN-NOVELTY-DIY-S,2.00,continue,,manual,TRUE,TRUE,
toby-jizzle-face-mask-sidemen-member-novelty-youtuber-mask-for-stag-do-fancy-dress-costume-parties-adult-card-mask,"Toby Jizzle Face Mask – Sidemen Member – Novelty YouTuber Mask for Stag Do, Fancy Dress & Costume Parties – Adult Card Mask",active,Style,Ready Cut,Fitting,Elastic,Foxy-Mask-TobyJizzleSidemen-RC-E,2.99,continue,,manual,TRUE,TRUE,
toby-jizzle-face-mask-sidemen-member-novelty-youtuber-mask-for-stag-do-fancy-dress-costume-parties-adult-card-mask,,,,Ready Cut,,Stick,Foxy-Mask-TobyJizzleSidemen-RC-S,3.49,continue,,manual,TRUE,TRUE,
toby-jizzle-face-mask-sidemen-member-novelty-youtuber-mask-for-stag-do-fancy-dress-costume-parties-adult-card-mask,,,,DIY,,Elastic,Foxy-Mask-TobyJizzleSidemen-DIY-E,1.50,continue,,manual,TRUE,TRUE,
toby-jizzle-face-mask-sidemen-member-novelty-youtuber-mask-for-stag-do-fancy-dress-costume-parties-adult-card-mask,,,,DIY,,Stick,Foxy-Mask-TobyJizzleSidemen-DIY-S,2.00,continue,,manual,TRUE,TRUE,
tubes-face-mask-football-youtuber-novelty-mask-funny-fancy-dress-mask-for-stag-do-parties-events-adult-card-mask,"Tubes Face Mask – Football YouTuber Novelty Mask – Funny Fancy Dress Mask for Stag Do, Parties & Events – Adult Card Mask",active,Style,Ready Cut,Fitting,Elastic,Foxy-Mask-Tubes-RC-E,2.99,continue,,manual,TRUE,TRUE,
tubes-face-mask-football-youtuber-novelty-mask-funny-fancy-dress-mask-for-stag-do-parties-events-adult-card-mask,,,,Ready Cut,,Stick,Foxy-Mask-Tubes-RC-S,3.49,continue,,manual,TRUE,TRUE,
tubes-face-mask-football-youtuber-novelty-mask-funny-fancy-dress-mask-for-stag-do-parties-events-adult-card-mask,,,,DIY,,Elastic,Foxy-Mask-Tubes-DIY-E,1.50,continue,,manual,TRUE,TRUE,
tubes-face-mask-football-youtuber-novelty-mask-funny-fancy-dress-mask-for-stag-do-parties-events-adult-card-mask,,,,DIY,,Stick,Foxy-Mask-Tubes-DIY-S,2.00,continue,,manual,TRUE,TRUE,
vikkstar-face-mask-sidemen-member-novelty-mask-funny-fancy-dress-mask-for-stag-do-parties-events-adult-card-mask,Vikkstar Face Mask – Fancy Dress Cardboard Costume Mask,active,Style,Ready Cut,Fitting,Elastic,FOXY-MASK-VIKSTAR-SIDEMEN-VIKKSTAR-RC-E,2.99,continue,,manual,TRUE,TRUE,
vikkstar-face-mask-sidemen-member-novelty-mask-funny-fancy-dress-mask-for-stag-do-parties-events-adult-card-mask,,,,Ready Cut,,Stick,FOXY-MASK-VIKSTAR-SIDEMEN-VIKKSTAR-RC-S,3.49,continue,,manual,TRUE,TRUE,
vikkstar-face-mask-sidemen-member-novelty-mask-funny-fancy-dress-mask-for-stag-do-parties-events-adult-card-mask,,,,DIY,,Elastic,FOXY-MASK-VIKSTAR-SIDEMEN-VIKKSTAR-DIY-E,1.50,continue,,manual,TRUE,TRUE,
vikkstar-face-mask-sidemen-member-novelty-mask-funny-fancy-dress-mask-for-stag-do-parties-events-adult-card-mask,,,,DIY,,Stick,FOXY-MASK-VIKSTAR-SIDEMEN-VIKKSTAR-DIY-S,2.00,continue,,manual,TRUE,TRUE,
willie-salim-face-mask-social-media-influencer-novelty-mask-funny-fancy-dress-costume-for-parties-events-stag-do-adult-card-mask,"Willie Salim Face Mask – Social Media Influencer Novelty Mask – Funny Fancy Dress Costume for Parties, Events & Stag Do – Adult Card Mask",active,Style,Ready Cut,Fitting,Elastic,FOXY-MASK-WILLIE-SALIM-SOCIAL-RC-E,2.99,continue,,manual,TRUE,TRUE,
willie-salim-face-mask-social-media-influencer-novelty-mask-funny-fancy-dress-costume-for-parties-events-stag-do-adult-card-mask,,,,Ready Cut,,Stick,FOXY-MASK-WILLIE-SALIM-SOCIAL-RC-S,3.49,continue,,manual,TRUE,TRUE,
willie-salim-face-mask-social-media-influencer-novelty-mask-funny-fancy-dress-costume-for-parties-events-stag-do-adult-card-mask,,,,DIY,,Elastic,FOXY-MASK-WILLIE-SALIM-SOCIAL-DIY-E,1.50,continue,,manual,TRUE,TRUE,
willie-salim-face-mask-social-media-influencer-novelty-mask-funny-fancy-dress-costume-for-parties-events-stag-do-adult-card-mask,,,,DIY,,Stick,FOXY-MASK-WILLIE-SALIM-SOCIAL-DIY-S,2.00,continue,,manual,TRUE,TRUE,
zach-bryan-face-mask-country-music-inspired-novelty-mask-funny-fancy-dress-costume-for-parties-festivals-events-adult-card-mask,"Zach Bryan Face Mask – Country Music Inspired Novelty Mask – Funny Fancy Dress Costume for Parties, Festivals & Events – Adult Card Mask",active,Style,Ready Cut,Fitting,Elastic,FOXY-MASK-ZACH-BRYAN-COUNTRY-RC-E,2.99,continue,,manual,TRUE,TRUE,
zach-bryan-face-mask-country-music-inspired-novelty-mask-funny-fancy-dress-costume-for-parties-festivals-events-adult-card-mask,,,,Ready Cut,,Stick,FOXY-MASK-ZACH-BRYAN-COUNTRY-RC-S,3.49,continue,,manual,TRUE,TRUE,
zach-bryan-face-mask-country-music-inspired-novelty-mask-funny-fancy-dress-costume-for-parties-festivals-events-adult-card-mask,,,,DIY,,Elastic,FOXY-MASK-ZACH-BRYAN-COUNTRY-DIY-E,1.50,continue,,manual,TRUE,TRUE,
zach-bryan-face-mask-country-music-inspired-novelty-mask-funny-fancy-dress-costume-for-parties-festivals-events-adult-card-mask,,,,DIY,,Stick,FOXY-MASK-ZACH-BRYAN-COUNTRY-DIY-S,2.00,continue,,manual,TRUE,TRUE,
zach-king-face-mask-social-media-magician-inspired-novelty-mask-funny-fancy-dress-costume-for-parties-events-photos-adult-card-mask,"Zach King Face Mask – Social Media Magician Inspired Novelty Mask – Funny Fancy Dress Costume for Parties, Events & Photos – Adult Card Mask",active,Style,Ready Cut,Fitting,Elastic,FOXY-MASK-ZACH-KING-SOCIAL-RC-E,2.99,continue,,manual,TRUE,TRUE,
zach-king-face-mask-social-media-magician-inspired-novelty-mask-funny-fancy-dress-costume-for-parties-events-photos-adult-card-mask,,,,Ready Cut,,Stick,FOXY-MASK-ZACH-KING-SOCIAL-RC-S,3.49,continue,,manual,TRUE,TRUE,
zach-king-face-mask-social-media-magician-inspired-novelty-mask-funny-fancy-dress-costume-for-parties-events-photos-adult-card-mask,,,,DIY,,Elastic,FOXY-MASK-ZACH-KING-SOCIAL-DIY-E,1.50,continue,,manual,TRUE,TRUE,
zach-king-face-mask-social-media-magician-inspired-novelty-mask-funny-fancy-dress-costume-for-parties-events-photos-adult-card-mask,,,,DIY,,Stick,FOXY-MASK-ZACH-KING-SOCIAL-DIY-S,2.00,continue,,manual,TRUE,TRUE,
zerkaa-sidemen-face-mask-youtube-group-inspired-novelty-mask-funny-fancy-dress-costume-for-parties-events-photos-adult-card-mask,"Zerkaa Sidemen Face Mask – YouTube Group Inspired Novelty Mask – Funny Fancy Dress Costume for Parties, Events & Photos – Adult Card Mask",active,Style,Ready Cut,Fitting,Elastic,Foxy-Mask-ZerkaSidemen-RC-E,2.99,continue,,manual,TRUE,TRUE,
zerkaa-sidemen-face-mask-youtube-group-inspired-novelty-mask-funny-fancy-dress-costume-for-parties-events-photos-adult-card-mask,,,,Ready Cut,,Stick,Foxy-Mask-ZerkaSidemen-RC-S,3.49,continue,,manual,TRUE,TRUE,
zerkaa-sidemen-face-mask-youtube-group-inspired-novelty-mask-funny-fancy-dress-costume-for-parties-events-photos-adult-card-mask,,,,DIY,,Elastic,Foxy-Mask-ZerkaSidemen-DIY-E,1.50,continue,,manual,TRUE,TRUE,
zerkaa-sidemen-face-mask-youtube-group-inspired-novelty-mask-funny-fancy-dress-costume-for-parties-events-photos-adult-card-mask,,,,DIY,,Stick,Foxy-Mask-ZerkaSidemen-DIY-S,2.00,continue,,manual,TRUE,TRUE,
belle-hassan-face-mask-reality-tv-inspired-novelty-mask-funny-fancy-dress-costume-for-parties-events-photos-adult-card-mask,"Belle Hassan Face Mask – Reality TV Inspired Novelty Mask – Funny Fancy Dress Costume for Parties, Events & Photos – Adult Card Mask",active,Style,Ready Cut,Fitting,Elastic,Foxy-Mask-BelleHassan-RC-E,2.99,continue,,manual,TRUE,TRUE,
belle-hassan-face-mask-reality-tv-inspired-novelty-mask-funny-fancy-dress-costume-for-parties-events-photos-adult-card-mask,,,,Ready Cut,,Stick,Foxy-Mask-BelleHassan-RC-S,3.49,continue,,manual,TRUE,TRUE,
belle-hassan-face-mask-reality-tv-inspired-novelty-mask-funny-fancy-dress-costume-for-parties-events-photos-adult-card-mask,,,,DIY,,Elastic,Foxy-Mask-BelleHassan-DIY-E,1.50,continue,,manual,TRUE,TRUE,
belle-hassan-face-mask-reality-tv-inspired-novelty-mask-funny-fancy-dress-costume-for-parties-events-photos-adult-card-mask,,,,DIY,,Stick,Foxy-Mask-BelleHassan-DIY-S,2.00,continue,,manual,TRUE,TRUE,
charlie-frederick-face-mask-social-media-reality-tv-inspired-novelty-mask-funny-fancy-dress-costume-for-parties-events-photos-adult-card-mask,Charlie Frederick Face Mask – Fancy Dress Cardboard Costume Mask,active,Style,Ready Cut,Fitting,Elastic,Foxy-Mask-CharlieFrederick-RC-E,2.99,continue,,manual,TRUE,TRUE,
charlie-frederick-face-mask-social-media-reality-tv-inspired-novelty-mask-funny-fancy-dress-costume-for-parties-events-photos-adult-card-mask,,,,Ready Cut,,Stick,Foxy-Mask-CharlieFrederick-RC-S,3.49,continue,,manual,TRUE,TRUE,
charlie-frederick-face-mask-social-media-reality-tv-inspired-novelty-mask-funny-fancy-dress-costume-for-parties-events-photos-adult-card-mask,,,,DIY,,Elastic,Foxy-Mask-CharlieFrederick-DIY-E,1.50,continue,,manual,TRUE,TRUE,
charlie-frederick-face-mask-social-media-reality-tv-inspired-novelty-mask-funny-fancy-dress-costume-for-parties-events-photos-adult-card-mask,,,,DIY,,Stick,Foxy-Mask-CharlieFrederick-DIY-S,2.00,continue,,manual,TRUE,TRUE,
ciarin-davies-face-mask-social-media-inspired-novelty-mask-funny-fancy-dress-costume-for-parties-events-photos-adult-card-mask,Ciarin Davies Face Mask – Fancy Dress Cardboard Costume Mask,active,Style,Ready Cut,Fitting,Elastic,Foxy-Mask-CiarinDavies-RC-E,2.99,continue,,manual,TRUE,TRUE,
ciarin-davies-face-mask-social-media-inspired-novelty-mask-funny-fancy-dress-costume-for-parties-events-photos-adult-card-mask,,,,Ready Cut,,Stick,Foxy-Mask-CiarinDavies-RC-S,3.49,continue,,manual,TRUE,TRUE,
ciarin-davies-face-mask-social-media-inspired-novelty-mask-funny-fancy-dress-costume-for-parties-events-photos-adult-card-mask,,,,DIY,,Elastic,Foxy-Mask-CiarinDavies-DIY-E,1.50,continue,,manual,TRUE,TRUE,
ciarin-davies-face-mask-social-media-inspired-novelty-mask-funny-fancy-dress-costume-for-parties-events-photos-adult-card-mask,,,,DIY,,Stick,Foxy-Mask-CiarinDavies-DIY-S,2.00,continue,,manual,TRUE,TRUE,
helena-ford-face-mask-reality-tv-inspired-novelty-mask-funny-fancy-dress-costume-for-parties-events-photos-adult-card-mask,Helena Ford Face Mask – Fancy Dress Cardboard Costume Mask,active,Style,Ready Cut,Fitting,Elastic,Foxy-Mask-HelenaFord-RC-E,2.99,continue,,manual,TRUE,TRUE,
helena-ford-face-mask-reality-tv-inspired-novelty-mask-funny-fancy-dress-costume-for-parties-events-photos-adult-card-mask,,,,Ready Cut,,Stick,Foxy-Mask-HelenaFord-RC-S,3.49,continue,,manual,TRUE,TRUE,
helena-ford-face-mask-reality-tv-inspired-novelty-mask-funny-fancy-dress-costume-for-parties-events-photos-adult-card-mask,,,,DIY,,Elastic,Foxy-Mask-HelenaFord-DIY-E,1.50,continue,,manual,TRUE,TRUE,
helena-ford-face-mask-reality-tv-inspired-novelty-mask-funny-fancy-dress-costume-for-parties-events-photos-adult-card-mask,,,,DIY,,Stick,Foxy-Mask-HelenaFord-DIY-S,2.00,continue,,manual,TRUE,TRUE,
jack-keating-face-mask-reality-tv-inspired-novelty-mask-funny-fancy-dress-costume-for-parties-events-photos-adult-card-mask,Jack Keating Face Mask – Fancy Dress Cardboard Costume Mask,active,Style,Ready Cut,Fitting,Elastic,Foxy-Mask-JackKeating-RC-E,2.99,continue,,manual,TRUE,TRUE,
jack-keating-face-mask-reality-tv-inspired-novelty-mask-funny-fancy-dress-costume-for-parties-events-photos-adult-card-mask,,,,Ready Cut,,Stick,Foxy-Mask-JackKeating-RC-S,3.49,continue,,manual,TRUE,TRUE,
jack-keating-face-mask-reality-tv-inspired-novelty-mask-funny-fancy-dress-costume-for-parties-events-photos-adult-card-mask,,,,DIY,,Elastic,Foxy-Mask-JackKeating-DIY-E,1.50,continue,,manual,TRUE,TRUE,
jack-keating-face-mask-reality-tv-inspired-novelty-mask-funny-fancy-dress-costume-for-parties-events-photos-adult-card-mask,,,,DIY,,Stick,Foxy-Mask-JackKeating-DIY-S,2.00,continue,,manual,TRUE,TRUE,
jess-harding-face-mask-reality-tv-inspired-novelty-mask-funny-fancy-dress-costume-for-parties-events-photos-adult-card-mask,Jess Harding Face Mask – Fancy Dress Cardboard Costume Mask,active,Style,Ready Cut,Fitting,Elastic,Foxy-Mask-JessHarding-RC-E,2.99,continue,,manual,TRUE,TRUE,
jess-harding-face-mask-reality-tv-inspired-novelty-mask-funny-fancy-dress-costume-for-parties-events-photos-adult-card-mask,,,,Ready Cut,,Stick,Foxy-Mask-JessHarding-RC-S,3.49,continue,,manual,TRUE,TRUE,
jess-harding-face-mask-reality-tv-inspired-novelty-mask-funny-fancy-dress-costume-for-parties-events-photos-adult-card-mask,,,,DIY,,Elastic,Foxy-Mask-JessHarding-DIY-E,1.50,continue,,manual,TRUE,TRUE,
jess-harding-face-mask-reality-tv-inspired-novelty-mask-funny-fancy-dress-costume-for-parties-events-photos-adult-card-mask,,,,DIY,,Stick,Foxy-Mask-JessHarding-DIY-S,2.00,continue,,manual,TRUE,TRUE,
leanne-amaning-face-mask-reality-tv-inspired-novelty-mask-funny-fancy-dress-costume-for-parties-events-photos-adult-card-mask,"Leanne Amaning Face Mask – Reality TV Inspired Novelty Mask – Funny Fancy Dress Costume for Parties, Events & Photos – Adult Card Mask",active,Style,Ready Cut,Fitting,Elastic,Foxy-Mask-LeanneAmaning-RC-E,2.99,continue,,manual,TRUE,TRUE,
leanne-amaning-face-mask-reality-tv-inspired-novelty-mask-funny-fancy-dress-costume-for-parties-events-photos-adult-card-mask,,,,Ready Cut,,Stick,Foxy-Mask-LeanneAmaning-RC-S,3.49,continue,,manual,TRUE,TRUE,
leanne-amaning-face-mask-reality-tv-inspired-novelty-mask-funny-fancy-dress-costume-for-parties-events-photos-adult-card-mask,,,,DIY,,Elastic,Foxy-Mask-LeanneAmaning-DIY-E,1.50,continue,,manual,TRUE,TRUE,
leanne-amaning-face-mask-reality-tv-inspired-novelty-mask-funny-fancy-dress-costume-for-parties-events-photos-adult-card-mask,,,,DIY,,Stick,Foxy-Mask-LeanneAmaning-DIY-S,2.00,continue,,manual,TRUE,TRUE,
millie-court-face-mask-reality-tv-inspired-novelty-mask-funny-fancy-dress-costume-for-parties-events-photos-adult-card-mask,"Millie Court Face Mask – Reality TV Inspired Novelty Mask – Funny Fancy Dress Costume for Parties, Events & Photos – Adult Card Mask",active,Style,Ready Cut,Fitting,Elastic,Foxy-Mask-MillieCourt-RC-E,2.99,continue,,manual,TRUE,TRUE,
millie-court-face-mask-reality-tv-inspired-novelty-mask-funny-fancy-dress-costume-for-parties-events-photos-adult-card-mask,,,,Ready Cut,,Stick,Foxy-Mask-MillieCourt-RC-S,3.49,continue,,manual,TRUE,TRUE,
millie-court-face-mask-reality-tv-inspired-novelty-mask-funny-fancy-dress-costume-for-parties-events-photos-adult-card-mask,,,,DIY,,Elastic,Foxy-Mask-MillieCourt-DIY-E,1.50,continue,,manual,TRUE,TRUE,
millie-court-face-mask-reality-tv-inspired-novelty-mask-funny-fancy-dress-costume-for-parties-events-photos-adult-card-mask,,,,DIY,,Stick,Foxy-Mask-MillieCourt-DIY-S,2.00,continue,,manual,TRUE,TRUE,
sean-stone-face-mask-reality-tv-inspired-novelty-mask-funny-fancy-dress-costume-for-parties-events-photos-adult-card-mask,Sean Stone Face Mask – Fancy Dress Cardboard Costume Mask,active,Style,Ready Cut,Fitting,Elastic,Foxy-Mask-SeanStone-RC-E,2.99,continue,,manual,TRUE,TRUE,
sean-stone-face-mask-reality-tv-inspired-novelty-mask-funny-fancy-dress-costume-for-parties-events-photos-adult-card-mask,,,,Ready Cut,,Stick,Foxy-Mask-SeanStone-RC-S,3.49,continue,,manual,TRUE,TRUE,
sean-stone-face-mask-reality-tv-inspired-novelty-mask-funny-fancy-dress-costume-for-parties-events-photos-adult-card-mask,,,,DIY,,Elastic,Foxy-Mask-SeanStone-DIY-E,1.50,continue,,manual,TRUE,TRUE,
sean-stone-face-mask-reality-tv-inspired-novelty-mask-funny-fancy-dress-costume-for-parties-events-photos-adult-card-mask,,,,DIY,,Stick,Foxy-Mask-SeanStone-DIY-S,2.00,continue,,manual,TRUE,TRUE,
shaq-muhammad-face-mask-reality-tv-inspired-novelty-mask-funny-fancy-dress-costume-for-parties-events-photos-adult-card-mask,Shaq Muhammad Face Mask – Fancy Dress Cardboard Costume Mask,active,Style,Ready Cut,Fitting,Elastic,Foxy-Mask-ShaqMuhammad-RC-E,2.99,continue,,manual,TRUE,TRUE,
shaq-muhammad-face-mask-reality-tv-inspired-novelty-mask-funny-fancy-dress-costume-for-parties-events-photos-adult-card-mask,,,,Ready Cut,,Stick,Foxy-Mask-ShaqMuhammad-RC-S,3.49,continue,,manual,TRUE,TRUE,
shaq-muhammad-face-mask-reality-tv-inspired-novelty-mask-funny-fancy-dress-costume-for-parties-events-photos-adult-card-mask,,,,DIY,,Elastic,Foxy-Mask-ShaqMuhammad-DIY-E,1.50,continue,,manual,TRUE,TRUE,
shaq-muhammad-face-mask-reality-tv-inspired-novelty-mask-funny-fancy-dress-costume-for-parties-events-photos-adult-card-mask,,,,DIY,,Stick,Foxy-Mask-ShaqMuhammad-DIY-S,2.00,continue,,manual,TRUE,TRUE,
tommy-bradley-face-mask-reality-tv-inspired-novelty-mask-funny-fancy-dress-costume-for-parties-events-photos-adult-card-mask,Tommy Bradley Face Mask – Fancy Dress Cardboard Costume Mask,active,Style,Ready Cut,Fitting,Elastic,Foxy-Mask-TommyBradley-RC-E,2.99,continue,,manual,TRUE,TRUE,
tommy-bradley-face-mask-reality-tv-inspired-novelty-mask-funny-fancy-dress-costume-for-parties-events-photos-adult-card-mask,,,,Ready Cut,,Stick,Foxy-Mask-TommyBradley-RC-S,3.49,continue,,manual,TRUE,TRUE,
tommy-bradley-face-mask-reality-tv-inspired-novelty-mask-funny-fancy-dress-costume-for-parties-events-photos-adult-card-mask,,,,DIY,,Elastic,Foxy-Mask-TommyBradley-DIY-E,1.50,continue,,manual,TRUE,TRUE,
tommy-bradley-face-mask-reality-tv-inspired-novelty-mask-funny-fancy-dress-costume-for-parties-events-photos-adult-card-mask,,,,DIY,,Stick,Foxy-Mask-TommyBradley-DIY-S,2.00,continue,,manual,TRUE,TRUE,
whitney-adebayo-face-mask-reality-tv-inspired-novelty-mask-funny-fancy-dress-costume-for-parties-events-photos-adult-card-mask,Whitney Adebayo Face Mask – Fancy Dress Cardboard Costume Mask,active,Style,Ready Cut,Fitting,Elastic,Foxy-Mask-WhitneyAdebayo-RC-E,2.99,continue,,manual,TRUE,TRUE,
whitney-adebayo-face-mask-reality-tv-inspired-novelty-mask-funny-fancy-dress-costume-for-parties-events-photos-adult-card-mask,,,,Ready Cut,,Stick,Foxy-Mask-WhitneyAdebayo-RC-S,3.49,continue,,manual,TRUE,TRUE,
whitney-adebayo-face-mask-reality-tv-inspired-novelty-mask-funny-fancy-dress-costume-for-parties-events-photos-adult-card-mask,,,,DIY,,Elastic,Foxy-Mask-WhitneyAdebayo-DIY-E,1.50,continue,,manual,TRUE,TRUE,
whitney-adebayo-face-mask-reality-tv-inspired-novelty-mask-funny-fancy-dress-costume-for-parties-events-photos-adult-card-mask,,,,DIY,,Stick,Foxy-Mask-WhitneyAdebayo-DIY-S,2.00,continue,,manual,TRUE,TRUE,
antoine-dupont-face-mask-french-rugby-star-celebrity-card-mask-for-fancy-dress-sports-fans-match-days-six-nations-events-parties-stag-hen-nights-adult-costume-mask,Antoine Dupont Face Mask – French Rugby Star,active,Style,Ready Cut,Fitting,Elastic,Foxy-Mask-AntoineDupont-RC-E,2.99,continue,,manual,TRUE,TRUE,
antoine-dupont-face-mask-french-rugby-star-celebrity-card-mask-for-fancy-dress-sports-fans-match-days-six-nations-events-parties-stag-hen-nights-adult-costume-mask,,,,Ready Cut,,Stick,Foxy-Mask-AntoineDupont-RC-S,3.49,continue,,manual,TRUE,TRUE,
antoine-dupont-face-mask-french-rugby-star-celebrity-card-mask-for-fancy-dress-sports-fans-match-days-six-nations-events-parties-stag-hen-nights-adult-costume-mask,,,,DIY,,Elastic,Foxy-Mask-AntoineDupont-DIY-E,1.50,continue,,manual,TRUE,TRUE,
antoine-dupont-face-mask-french-rugby-star-celebrity-card-mask-for-fancy-dress-sports-fans-match-days-six-nations-events-parties-stag-hen-nights-adult-costume-mask,,,,DIY,,Stick,Foxy-Mask-AntoineDupont-DIY-S,2.00,continue,,manual,TRUE,TRUE,
fabien-galthi-france-coach-face-mask-french-rugby-coach-celebrity-card-mask-for-fancy-dress-sports-fans-match-days-six-nations-events-parties-stag-hen-nights-adult-costume-mask,Fabien Galthié Face Mask – Fancy Dress Cardboard Costume Mask,active,Style,Ready Cut,Fitting,Elastic,Foxy-Mask-FabienGalthie-RC-E,2.99,continue,,manual,TRUE,TRUE,
fabien-galthi-france-coach-face-mask-french-rugby-coach-celebrity-card-mask-for-fancy-dress-sports-fans-match-days-six-nations-events-parties-stag-hen-nights-adult-costume-mask,,,,Ready Cut,,Stick,Foxy-Mask-FabienGalthie-RC-S,3.49,continue,,manual,TRUE,TRUE,
fabien-galthi-france-coach-face-mask-french-rugby-coach-celebrity-card-mask-for-fancy-dress-sports-fans-match-days-six-nations-events-parties-stag-hen-nights-adult-costume-mask,,,,DIY,,Elastic,Foxy-Mask-FabienGalthie-DIY-E,1.50,continue,,manual,TRUE,TRUE,
fabien-galthi-france-coach-face-mask-french-rugby-coach-celebrity-card-mask-for-fancy-dress-sports-fans-match-days-six-nations-events-parties-stag-hen-nights-adult-costume-mask,,,,DIY,,Stick,Foxy-Mask-FabienGalthie-DIY-S,2.00,continue,,manual,TRUE,TRUE,
jean-baptiste-gros-face-mask-french-rugby-player-celebrity-card-mask-for-fancy-dress-sports-fans-match-days-six-nations-events-parties-stag-hen-nights-adult-costume-mask,Jean-Baptiste Gros Face Mask – Fancy Dress Cardboard Costume Mask,active,Style,Ready Cut,Fitting,Elastic,Foxy-Mask-JeanBaptisteGros-RC-E,2.99,continue,,manual,TRUE,TRUE,
jean-baptiste-gros-face-mask-french-rugby-player-celebrity-card-mask-for-fancy-dress-sports-fans-match-days-six-nations-events-parties-stag-hen-nights-adult-costume-mask,,,,Ready Cut,,Stick,Foxy-Mask-JeanBaptisteGros-RC-S,3.49,continue,,manual,TRUE,TRUE,
jean-baptiste-gros-face-mask-french-rugby-player-celebrity-card-mask-for-fancy-dress-sports-fans-match-days-six-nations-events-parties-stag-hen-nights-adult-costume-mask,,,,DIY,,Elastic,Foxy-Mask-JeanBaptisteGros-DIY-E,1.50,continue,,manual,TRUE,TRUE,
jean-baptiste-gros-face-mask-french-rugby-player-celebrity-card-mask-for-fancy-dress-sports-fans-match-days-six-nations-events-parties-stag-hen-nights-adult-costume-mask,,,,DIY,,Stick,Foxy-Mask-JeanBaptisteGros-DIY-S,2.00,continue,,manual,TRUE,TRUE,
matthieu-jalibert-face-mask-french-rugby-player-celebrity-card-mask-for-fancy-dress-sports-fans-match-days-six-nations-events-parties-stag-hen-nights-adult-costume-mask,Matthieu Jalibert Face Mask – Fancy Dress Cardboard Costume Mask,active,Style,Ready Cut,Fitting,Elastic,Foxy-Mask-MatthieuJalibert-RC-E,2.99,continue,,manual,TRUE,TRUE,
matthieu-jalibert-face-mask-french-rugby-player-celebrity-card-mask-for-fancy-dress-sports-fans-match-days-six-nations-events-parties-stag-hen-nights-adult-costume-mask,,,,Ready Cut,,Stick,Foxy-Mask-MatthieuJalibert-RC-S,3.49,continue,,manual,TRUE,TRUE,
matthieu-jalibert-face-mask-french-rugby-player-celebrity-card-mask-for-fancy-dress-sports-fans-match-days-six-nations-events-parties-stag-hen-nights-adult-costume-mask,,,,DIY,,Elastic,Foxy-Mask-MatthieuJalibert-DIY-E,1.50,continue,,manual,TRUE,TRUE,
matthieu-jalibert-face-mask-french-rugby-player-celebrity-card-mask-for-fancy-dress-sports-fans-match-days-six-nations-events-parties-stag-hen-nights-adult-costume-mask,,,,DIY,,Stick,Foxy-Mask-MatthieuJalibert-DIY-S,2.00,continue,,manual,TRUE,TRUE,
micka-l-guillard-face-mask-french-rugby-player-celebrity-card-mask-for-fancy-dress-sports-fans-match-days-six-nations-events-parties-stag-hen-nights-adult-costume-mask,Mickaël Guillard Face Mask – Fancy Dress Cardboard Costume Mask,active,Style,Ready Cut,Fitting,Elastic,Foxy-Mask-MickaelGuillard-RC-E,2.99,continue,,manual,TRUE,TRUE,
micka-l-guillard-face-mask-french-rugby-player-celebrity-card-mask-for-fancy-dress-sports-fans-match-days-six-nations-events-parties-stag-hen-nights-adult-costume-mask,,,,Ready Cut,,Stick,Foxy-Mask-MickaelGuillard-RC-S,3.49,continue,,manual,TRUE,TRUE,
micka-l-guillard-face-mask-french-rugby-player-celebrity-card-mask-for-fancy-dress-sports-fans-match-days-six-nations-events-parties-stag-hen-nights-adult-costume-mask,,,,DIY,,Elastic,Foxy-Mask-MickaelGuillard-DIY-E,1.50,continue,,manual,TRUE,TRUE,
micka-l-guillard-face-mask-french-rugby-player-celebrity-card-mask-for-fancy-dress-sports-fans-match-days-six-nations-events-parties-stag-hen-nights-adult-costume-mask,,,,DIY,,Stick,Foxy-Mask-MickaelGuillard-DIY-S,2.00,continue,,manual,TRUE,TRUE,
oscar-j-gou-face-mask-french-rugby-player-celebrity-card-mask-for-fancy-dress-sports-fans-match-days-six-nations-events-parties-stag-hen-nights-adult-costume-mask,Oscar Jégou Face Mask – Fancy Dress Cardboard Costume Mask,active,Style,Ready Cut,Fitting,Elastic,Foxy-Mask-OscarJegou-RC-E,2.99,continue,,manual,TRUE,TRUE,
oscar-j-gou-face-mask-french-rugby-player-celebrity-card-mask-for-fancy-dress-sports-fans-match-days-six-nations-events-parties-stag-hen-nights-adult-costume-mask,,,,Ready Cut,,Stick,Foxy-Mask-OscarJegou-RC-S,3.49,continue,,manual,TRUE,TRUE,
oscar-j-gou-face-mask-french-rugby-player-celebrity-card-mask-for-fancy-dress-sports-fans-match-days-six-nations-events-parties-stag-hen-nights-adult-costume-mask,,,,DIY,,Elastic,Foxy-Mask-OscarJegou-DIY-E,1.50,continue,,manual,TRUE,TRUE,
oscar-j-gou-face-mask-french-rugby-player-celebrity-card-mask-for-fancy-dress-sports-fans-match-days-six-nations-events-parties-stag-hen-nights-adult-costume-mask,,,,DIY,,Stick,Foxy-Mask-OscarJegou-DIY-S,2.00,continue,,manual,TRUE,TRUE,
thomas-ramos-face-mask-french-rugby-player-celebrity-card-mask-for-fancy-dress-sports-fans-match-days-six-nations-events-parties-stag-hen-nights-adult-costume-mask,Thomas Ramos Face Mask – Fancy Dress Cardboard Costume Mask,active,Style,Ready Cut,Fitting,Elastic,Foxy-Mask-ThomasRamos-RC-E,2.99,continue,,manual,TRUE,TRUE,
thomas-ramos-face-mask-french-rugby-player-celebrity-card-mask-for-fancy-dress-sports-fans-match-days-six-nations-events-parties-stag-hen-nights-adult-costume-mask,,,,Ready Cut,,Stick,Foxy-Mask-ThomasRamos-RC-S,3.49,continue,,manual,TRUE,TRUE,
thomas-ramos-face-mask-french-rugby-player-celebrity-card-mask-for-fancy-dress-sports-fans-match-days-six-nations-events-parties-stag-hen-nights-adult-costume-mask,,,,DIY,,Elastic,Foxy-Mask-ThomasRamos-DIY-E,1.50,continue,,manual,TRUE,TRUE,
thomas-ramos-face-mask-french-rugby-player-celebrity-card-mask-for-fancy-dress-sports-fans-match-days-six-nations-events-parties-stag-hen-nights-adult-costume-mask,,,,DIY,,Stick,Foxy-Mask-ThomasRamos-DIY-S,2.00,continue,,manual,TRUE,TRUE,
andy-farrell-ireland-coach-face-mask-irish-rugby-coach-celebrity-card-mask-for-fancy-dress-sports-fans-match-days-six-nations-events-parties-stag-hen-nights-adult-costume-mask,Andy Farrell Face Mask – Fancy Dress Cardboard Costume Mask,active,Style,Ready Cut,Fitting,Elastic,Foxy-Mask-AndyFarrell-RC-E,2.99,continue,,manual,TRUE,TRUE,
andy-farrell-ireland-coach-face-mask-irish-rugby-coach-celebrity-card-mask-for-fancy-dress-sports-fans-match-days-six-nations-events-parties-stag-hen-nights-adult-costume-mask,,,,Ready Cut,,Stick,Foxy-Mask-AndyFarrell-RC-S,3.49,continue,,manual,TRUE,TRUE,
andy-farrell-ireland-coach-face-mask-irish-rugby-coach-celebrity-card-mask-for-fancy-dress-sports-fans-match-days-six-nations-events-parties-stag-hen-nights-adult-costume-mask,,,,DIY,,Elastic,Foxy-Mask-AndyFarrell-DIY-E,1.50,continue,,manual,TRUE,TRUE,
andy-farrell-ireland-coach-face-mask-irish-rugby-coach-celebrity-card-mask-for-fancy-dress-sports-fans-match-days-six-nations-events-parties-stag-hen-nights-adult-costume-mask,,,,DIY,,Stick,Foxy-Mask-AndyFarrell-DIY-S,2.00,continue,,manual,TRUE,TRUE,
bundee-aki-face-mask-irish-rugby-player-celebrity-card-mask-for-fancy-dress-sports-fans-match-days-six-nations-events-parties-stag-hen-nights-adult-costume-mask,Bundee Aki Face Mask – Fancy Dress Cardboard Costume Mask,active,Style,Ready Cut,Fitting,Elastic,Foxy-Mask-BundeeAki-RC-E,2.99,continue,,manual,TRUE,TRUE,
bundee-aki-face-mask-irish-rugby-player-celebrity-card-mask-for-fancy-dress-sports-fans-match-days-six-nations-events-parties-stag-hen-nights-adult-costume-mask,,,,Ready Cut,,Stick,Foxy-Mask-BundeeAki-RC-S,3.49,continue,,manual,TRUE,TRUE,
bundee-aki-face-mask-irish-rugby-player-celebrity-card-mask-for-fancy-dress-sports-fans-match-days-six-nations-events-parties-stag-hen-nights-adult-costume-mask,,,,DIY,,Elastic,Foxy-Mask-BundeeAki-DIY-E,1.50,continue,,manual,TRUE,TRUE,
bundee-aki-face-mask-irish-rugby-player-celebrity-card-mask-for-fancy-dress-sports-fans-match-days-six-nations-events-parties-stag-hen-nights-adult-costume-mask,,,,DIY,,Stick,Foxy-Mask-BundeeAki-DIY-S,2.00,continue,,manual,TRUE,TRUE,
caelan-doris-face-mask-irish-rugby-player-celebrity-card-mask-for-fancy-dress-sports-fans-match-days-six-nations-events-parties-stag-hen-nights-adult-costume-mask,Caelan Doris Face Mask – Fancy Dress Cardboard Costume Mask,active,Style,Ready Cut,Fitting,Elastic,Foxy-Mask-CaelanDoris-RC-E,2.99,continue,,manual,TRUE,TRUE,
caelan-doris-face-mask-irish-rugby-player-celebrity-card-mask-for-fancy-dress-sports-fans-match-days-six-nations-events-parties-stag-hen-nights-adult-costume-mask,,,,Ready Cut,,Stick,Foxy-Mask-CaelanDoris-RC-S,3.49,continue,,manual,TRUE,TRUE,
caelan-doris-face-mask-irish-rugby-player-celebrity-card-mask-for-fancy-dress-sports-fans-match-days-six-nations-events-parties-stag-hen-nights-adult-costume-mask,,,,DIY,,Elastic,Foxy-Mask-CaelanDoris-DIY-E,1.50,continue,,manual,TRUE,TRUE,
caelan-doris-face-mask-irish-rugby-player-celebrity-card-mask-for-fancy-dress-sports-fans-match-days-six-nations-events-parties-stag-hen-nights-adult-costume-mask,,,,DIY,,Stick,Foxy-Mask-CaelanDoris-DIY-S,2.00,continue,,manual,TRUE,TRUE,
cian-prendergast-face-mask-irish-rugby-player-celebrity-card-mask-for-fancy-dress-sports-fans-match-days-six-nations-events-parties-stag-hen-nights-adult-costume-mask,Cian Prendergast Face Mask – Fancy Dress Cardboard Costume Mask,active,Style,Ready Cut,Fitting,Elastic,Foxy-Mask-CianPrendergast-RC-E,2.99,continue,,manual,TRUE,TRUE,
cian-prendergast-face-mask-irish-rugby-player-celebrity-card-mask-for-fancy-dress-sports-fans-match-days-six-nations-events-parties-stag-hen-nights-adult-costume-mask,,,,Ready Cut,,Stick,Foxy-Mask-CianPrendergast-RC-S,3.49,continue,,manual,TRUE,TRUE,
cian-prendergast-face-mask-irish-rugby-player-celebrity-card-mask-for-fancy-dress-sports-fans-match-days-six-nations-events-parties-stag-hen-nights-adult-costume-mask,,,,DIY,,Elastic,Foxy-Mask-CianPrendergast-DIY-E,1.50,continue,,manual,TRUE,TRUE,
cian-prendergast-face-mask-irish-rugby-player-celebrity-card-mask-for-fancy-dress-sports-fans-match-days-six-nations-events-parties-stag-hen-nights-adult-costume-mask,,,,DIY,,Stick,Foxy-Mask-CianPrendergast-DIY-S,2.00,continue,,manual,TRUE,TRUE,
james-lowe-face-mask-irish-rugby-player-celebrity-card-mask-for-fancy-dress-sports-fans-match-days-six-nations-events-parties-stag-hen-nights-adult-costume-mask,James Lowe Face Mask – Fancy Dress Cardboard Costume Mask,active,Style,Ready Cut,Fitting,Elastic,Foxy-Mask-JamesLowe-RC-E,2.99,continue,,manual,TRUE,TRUE,
james-lowe-face-mask-irish-rugby-player-celebrity-card-mask-for-fancy-dress-sports-fans-match-days-six-nations-events-parties-stag-hen-nights-adult-costume-mask,,,,Ready Cut,,Stick,Foxy-Mask-JamesLowe-RC-S,3.49,continue,,manual,TRUE,TRUE,
james-lowe-face-mask-irish-rugby-player-celebrity-card-mask-for-fancy-dress-sports-fans-match-days-six-nations-events-parties-stag-hen-nights-adult-costume-mask,,,,DIY,,Elastic,Foxy-Mask-JamesLowe-DIY-E,1.50,continue,,manual,TRUE,TRUE,
james-lowe-face-mask-irish-rugby-player-celebrity-card-mask-for-fancy-dress-sports-fans-match-days-six-nations-events-parties-stag-hen-nights-adult-costume-mask,,,,DIY,,Stick,Foxy-Mask-JamesLowe-DIY-S,2.00,continue,,manual,TRUE,TRUE,
jamison-gibson-park-face-mask-irish-rugby-player-celebrity-card-mask-for-fancy-dress-sports-fans-match-days-six-nations-events-parties-stag-hen-nights-adult-costume-mask,Jamison Gibson-Park Face Mask – Fancy Dress Cardboard Costume Mask,active,Style,Ready Cut,Fitting,Elastic,Foxy-Mask-JamisonGibsonPark-RC-E,2.99,continue,,manual,TRUE,TRUE,
jamison-gibson-park-face-mask-irish-rugby-player-celebrity-card-mask-for-fancy-dress-sports-fans-match-days-six-nations-events-parties-stag-hen-nights-adult-costume-mask,,,,Ready Cut,,Stick,Foxy-Mask-JamisonGibsonPark-RC-S,3.49,continue,,manual,TRUE,TRUE,
jamison-gibson-park-face-mask-irish-rugby-player-celebrity-card-mask-for-fancy-dress-sports-fans-match-days-six-nations-events-parties-stag-hen-nights-adult-costume-mask,,,,DIY,,Elastic,Foxy-Mask-JamisonGibsonPark-DIY-E,1.50,continue,,manual,TRUE,TRUE,
jamison-gibson-park-face-mask-irish-rugby-player-celebrity-card-mask-for-fancy-dress-sports-fans-match-days-six-nations-events-parties-stag-hen-nights-adult-costume-mask,,,,DIY,,Stick,Foxy-Mask-JamisonGibsonPark-DIY-S,2.00,continue,,manual,TRUE,TRUE,
josh-van-der-flier-face-mask-irish-rugby-player-celebrity-card-mask-for-fancy-dress-sports-fans-match-days-six-nations-events-parties-stag-hen-nights-adult-costume-mask,Josh van der Flier Face Mask – Fancy Dress Cardboard Costume Mask,active,Style,Ready Cut,Fitting,Elastic,Foxy-Mask-JoshVanDerFlier-RC-E,2.99,continue,,manual,TRUE,TRUE,
josh-van-der-flier-face-mask-irish-rugby-player-celebrity-card-mask-for-fancy-dress-sports-fans-match-days-six-nations-events-parties-stag-hen-nights-adult-costume-mask,,,,Ready Cut,,Stick,Foxy-Mask-JoshVanDerFlier-RC-S,3.49,continue,,manual,TRUE,TRUE,
josh-van-der-flier-face-mask-irish-rugby-player-celebrity-card-mask-for-fancy-dress-sports-fans-match-days-six-nations-events-parties-stag-hen-nights-adult-costume-mask,,,,DIY,,Elastic,Foxy-Mask-JoshVanDerFlier-DIY-E,1.50,continue,,manual,TRUE,TRUE,
josh-van-der-flier-face-mask-irish-rugby-player-celebrity-card-mask-for-fancy-dress-sports-fans-match-days-six-nations-events-parties-stag-hen-nights-adult-costume-mask,,,,DIY,,Stick,Foxy-Mask-JoshVanDerFlier-DIY-S,2.00,continue,,manual,TRUE,TRUE,
ange-capuozzo-face-mask-italian-rugby-player-celebrity-card-mask-for-fancy-dress-sports-fans-match-days-six-nations-events-parties-stag-hen-nights-adult-costume-mask,Ange Capuozzo Face Mask – Fancy Dress Cardboard Costume Mask,active,Style,Ready Cut,Fitting,Elastic,Foxy-Mask-AngeCapuozzo-RC-E,2.99,continue,,manual,TRUE,TRUE,
ange-capuozzo-face-mask-italian-rugby-player-celebrity-card-mask-for-fancy-dress-sports-fans-match-days-six-nations-events-parties-stag-hen-nights-adult-costume-mask,,,,Ready Cut,,Stick,Foxy-Mask-AngeCapuozzo-RC-S,3.49,continue,,manual,TRUE,TRUE,
ange-capuozzo-face-mask-italian-rugby-player-celebrity-card-mask-for-fancy-dress-sports-fans-match-days-six-nations-events-parties-stag-hen-nights-adult-costume-mask,,,,DIY,,Elastic,Foxy-Mask-AngeCapuozzo-DIY-E,1.50,continue,,manual,TRUE,TRUE,
ange-capuozzo-face-mask-italian-rugby-player-celebrity-card-mask-for-fancy-dress-sports-fans-match-days-six-nations-events-parties-stag-hen-nights-adult-costume-mask,,,,DIY,,Stick,Foxy-Mask-AngeCapuozzo-DIY-S,2.00,continue,,manual,TRUE,TRUE,
danilo-fischetti-rugby-face-mask-italian-rugby-player-celebrity-card-mask-for-fancy-dress-sports-fans-match-days-six-nations-events-parties-stag-hen-nights-adult-costume-mask,Danilo Fischetti Face Mask – Fancy Dress Cardboard Costume Mask,active,Style,Ready Cut,Fitting,Elastic,Foxy-Mask-DaniloFischetti-RC-E,2.99,continue,,manual,TRUE,TRUE,
danilo-fischetti-rugby-face-mask-italian-rugby-player-celebrity-card-mask-for-fancy-dress-sports-fans-match-days-six-nations-events-parties-stag-hen-nights-adult-costume-mask,,,,Ready Cut,,Stick,Foxy-Mask-DaniloFischetti-RC-S,3.49,continue,,manual,TRUE,TRUE,
danilo-fischetti-rugby-face-mask-italian-rugby-player-celebrity-card-mask-for-fancy-dress-sports-fans-match-days-six-nations-events-parties-stag-hen-nights-adult-costume-mask,,,,DIY,,Elastic,Foxy-Mask-DaniloFischetti-DIY-E,1.50,continue,,manual,TRUE,TRUE,
danilo-fischetti-rugby-face-mask-italian-rugby-player-celebrity-card-mask-for-fancy-dress-sports-fans-match-days-six-nations-events-parties-stag-hen-nights-adult-costume-mask,,,,DIY,,Stick,Foxy-Mask-DaniloFischetti-DIY-S,2.00,continue,,manual,TRUE,TRUE,
gonzalo-quesada-italy-coach-face-mask-italian-rugby-head-coach-celebrity-card-mask-for-fancy-dress-sports-fans-match-days-six-nations-events-parties-stag-hen-nights-adult-costume-mask,Gonzalo Quesada Face Mask – Fancy Dress Cardboard Costume Mask,active,Style,Ready Cut,Fitting,Elastic,Foxy-Mask-GonzaloQuesada-RC-E,2.99,continue,,manual,TRUE,TRUE,
gonzalo-quesada-italy-coach-face-mask-italian-rugby-head-coach-celebrity-card-mask-for-fancy-dress-sports-fans-match-days-six-nations-events-parties-stag-hen-nights-adult-costume-mask,,,,Ready Cut,,Stick,Foxy-Mask-GonzaloQuesada-RC-S,3.49,continue,,manual,TRUE,TRUE,
gonzalo-quesada-italy-coach-face-mask-italian-rugby-head-coach-celebrity-card-mask-for-fancy-dress-sports-fans-match-days-six-nations-events-parties-stag-hen-nights-adult-costume-mask,,,,DIY,,Elastic,Foxy-Mask-GonzaloQuesada-DIY-E,1.50,continue,,manual,TRUE,TRUE,
gonzalo-quesada-italy-coach-face-mask-italian-rugby-head-coach-celebrity-card-mask-for-fancy-dress-sports-fans-match-days-six-nations-events-parties-stag-hen-nights-adult-costume-mask,,,,DIY,,Stick,Foxy-Mask-GonzaloQuesada-DIY-S,2.00,continue,,manual,TRUE,TRUE,
juan-ignacio-brex-rugby-face-mask-italian-rugby-player-celebrity-card-mask-for-fancy-dress-sports-fans-match-days-six-nations-events-parties-stag-hen-nights-adult-costume-mask,Juan Ignacio Brex Face Mask – Fancy Dress Cardboard Costume Mask,active,Style,Ready Cut,Fitting,Elastic,Foxy-Mask-JuanIgnacioBrex-RC-E,2.99,continue,,manual,TRUE,TRUE,
juan-ignacio-brex-rugby-face-mask-italian-rugby-player-celebrity-card-mask-for-fancy-dress-sports-fans-match-days-six-nations-events-parties-stag-hen-nights-adult-costume-mask,,,,Ready Cut,,Stick,Foxy-Mask-JuanIgnacioBrex-RC-S,3.49,continue,,manual,TRUE,TRUE,
juan-ignacio-brex-rugby-face-mask-italian-rugby-player-celebrity-card-mask-for-fancy-dress-sports-fans-match-days-six-nations-events-parties-stag-hen-nights-adult-costume-mask,,,,DIY,,Elastic,Foxy-Mask-JuanIgnacioBrex-DIY-E,1.50,continue,,manual,TRUE,TRUE,
juan-ignacio-brex-rugby-face-mask-italian-rugby-player-celebrity-card-mask-for-fancy-dress-sports-fans-match-days-six-nations-events-parties-stag-hen-nights-adult-costume-mask,,,,DIY,,Stick,Foxy-Mask-JuanIgnacioBrex-DIY-S,2.00,continue,,manual,TRUE,TRUE,
michele-lamaro-rugby-face-mask-italy-captain-rugby-player-celebrity-card-mask-for-fancy-dress-sports-fans-match-days-six-nations-events-parties-stag-hen-nights-adult-costume-mask,Michele Lamaro Face Mask – Fancy Dress Cardboard Costume Mask,active,Style,Ready Cut,Fitting,Elastic,Foxy-Mask-MicheleLamaro-RC-E,2.99,continue,,manual,TRUE,TRUE,
michele-lamaro-rugby-face-mask-italy-captain-rugby-player-celebrity-card-mask-for-fancy-dress-sports-fans-match-days-six-nations-events-parties-stag-hen-nights-adult-costume-mask,,,,Ready Cut,,Stick,Foxy-Mask-MicheleLamaro-RC-S,3.49,continue,,manual,TRUE,TRUE,
michele-lamaro-rugby-face-mask-italy-captain-rugby-player-celebrity-card-mask-for-fancy-dress-sports-fans-match-days-six-nations-events-parties-stag-hen-nights-adult-costume-mask,,,,DIY,,Elastic,Foxy-Mask-MicheleLamaro-DIY-E,1.50,continue,,manual,TRUE,TRUE,
michele-lamaro-rugby-face-mask-italy-captain-rugby-player-celebrity-card-mask-for-fancy-dress-sports-fans-match-days-six-nations-events-parties-stag-hen-nights-adult-costume-mask,,,,DIY,,Stick,Foxy-Mask-MicheleLamaro-DIY-S,2.00,continue,,manual,TRUE,TRUE,
paolo-garbisi-italy-rugby-face-mask-italian-fly-half-rugby-player-celebrity-card-mask-for-fancy-dress-sports-fans-match-days-six-nations-events-parties-stag-hen-nights-adult-costume-mask,Paolo Garbisi Face Mask – Fancy Dress Cardboard Costume Mask,active,Style,Ready Cut,Fitting,Elastic,Foxy-Mask-PaoloGarbisi-RC-E,2.99,continue,,manual,TRUE,TRUE,
paolo-garbisi-italy-rugby-face-mask-italian-fly-half-rugby-player-celebrity-card-mask-for-fancy-dress-sports-fans-match-days-six-nations-events-parties-stag-hen-nights-adult-costume-mask,,,,Ready Cut,,Stick,Foxy-Mask-PaoloGarbisi-RC-S,3.49,continue,,manual,TRUE,TRUE,
paolo-garbisi-italy-rugby-face-mask-italian-fly-half-rugby-player-celebrity-card-mask-for-fancy-dress-sports-fans-match-days-six-nations-events-parties-stag-hen-nights-adult-costume-mask,,,,DIY,,Elastic,Foxy-Mask-PaoloGarbisi-DIY-E,1.50,continue,,manual,TRUE,TRUE,
paolo-garbisi-italy-rugby-face-mask-italian-fly-half-rugby-player-celebrity-card-mask-for-fancy-dress-sports-fans-match-days-six-nations-events-parties-stag-hen-nights-adult-costume-mask,,,,DIY,,Stick,Foxy-Mask-PaoloGarbisi-DIY-S,2.00,continue,,manual,TRUE,TRUE,
tommaso-menoncello-rugby-face-mask-italian-rugby-player-celebrity-card-mask-for-fancy-dress-sports-fans-match-days-six-nations-events-parties-stag-hen-nights-adult-costume-mask,Tommaso Menoncello Face Mask – Fancy Dress Cardboard Costume Mask,active,Style,Ready Cut,Fitting,Elastic,Foxy-Mask-TommasoMenoncello-RC-E,2.99,continue,,manual,TRUE,TRUE,
tommaso-menoncello-rugby-face-mask-italian-rugby-player-celebrity-card-mask-for-fancy-dress-sports-fans-match-days-six-nations-events-parties-stag-hen-nights-adult-costume-mask,,,,Ready Cut,,Stick,Foxy-Mask-TommasoMenoncello-RC-S,3.49,continue,,manual,TRUE,TRUE,
tommaso-menoncello-rugby-face-mask-italian-rugby-player-celebrity-card-mask-for-fancy-dress-sports-fans-match-days-six-nations-events-parties-stag-hen-nights-adult-costume-mask,,,,DIY,,Elastic,Foxy-Mask-TommasoMenoncello-DIY-E,1.50,continue,,manual,TRUE,TRUE,
tommaso-menoncello-rugby-face-mask-italian-rugby-player-celebrity-card-mask-for-fancy-dress-sports-fans-match-days-six-nations-events-parties-stag-hen-nights-adult-costume-mask,,,,DIY,,Stick,Foxy-Mask-TommasoMenoncello-DIY-S,2.00,continue,,manual,TRUE,TRUE,
duhan-van-der-merwe-rugby-face-mask-scottish-rugby-player-celebrity-card-mask-for-fancy-dress-sports-fans-match-days-six-nations-events-parties-stag-hen-nights-adult-costume-mask,Duhan van der Merwe Face Mask – Fancy Dress Cardboard Costume Mask,active,Style,Ready Cut,Fitting,Elastic,Foxy-Mask-DuhanVanDerMerwe-RC-E,2.99,continue,,manual,TRUE,TRUE,
duhan-van-der-merwe-rugby-face-mask-scottish-rugby-player-celebrity-card-mask-for-fancy-dress-sports-fans-match-days-six-nations-events-parties-stag-hen-nights-adult-costume-mask,,,,Ready Cut,,Stick,Foxy-Mask-DuhanVanDerMerwe-RC-S,3.49,continue,,manual,TRUE,TRUE,
duhan-van-der-merwe-rugby-face-mask-scottish-rugby-player-celebrity-card-mask-for-fancy-dress-sports-fans-match-days-six-nations-events-parties-stag-hen-nights-adult-costume-mask,,,,DIY,,Elastic,Foxy-Mask-DuhanVanDerMerwe-DIY-E,1.50,continue,,manual,TRUE,TRUE,
duhan-van-der-merwe-rugby-face-mask-scottish-rugby-player-celebrity-card-mask-for-fancy-dress-sports-fans-match-days-six-nations-events-parties-stag-hen-nights-adult-costume-mask,,,,DIY,,Stick,Foxy-Mask-DuhanVanDerMerwe-DIY-S,2.00,continue,,manual,TRUE,TRUE,
finn-russell-rugby-face-mask-scottish-fly-half-rugby-player-celebrity-card-mask-for-fancy-dress-sports-fans-match-days-six-nations-events-parties-stag-hen-nights-adult-costume-mask,Finn Russell Face Mask – Fancy Dress Cardboard Costume Mask,active,Style,Ready Cut,Fitting,Elastic,Foxy-Mask-FinnRussell-RC-E,2.99,continue,,manual,TRUE,TRUE,
finn-russell-rugby-face-mask-scottish-fly-half-rugby-player-celebrity-card-mask-for-fancy-dress-sports-fans-match-days-six-nations-events-parties-stag-hen-nights-adult-costume-mask,,,,Ready Cut,,Stick,Foxy-Mask-FinnRussell-RC-S,3.49,continue,,manual,TRUE,TRUE,
finn-russell-rugby-face-mask-scottish-fly-half-rugby-player-celebrity-card-mask-for-fancy-dress-sports-fans-match-days-six-nations-events-parties-stag-hen-nights-adult-costume-mask,,,,DIY,,Elastic,Foxy-Mask-FinnRussell-DIY-E,1.50,continue,,manual,TRUE,TRUE,
finn-russell-rugby-face-mask-scottish-fly-half-rugby-player-celebrity-card-mask-for-fancy-dress-sports-fans-match-days-six-nations-events-parties-stag-hen-nights-adult-costume-mask,,,,DIY,,Stick,Foxy-Mask-FinnRussell-DIY-S,2.00,continue,,manual,TRUE,TRUE,
grant-gilchrist-rugby-face-mask-scotland-lock-forward-rugby-player-celebrity-card-mask-for-fancy-dress-sports-fans-match-days-six-nations-events-parties-stag-hen-nights-adult-costume-mask,Grant Gilchrist Face Mask – Fancy Dress Cardboard Costume Mask,active,Style,Ready Cut,Fitting,Elastic,Foxy-Mask-GrantGilchrist-RC-E,2.99,continue,,manual,TRUE,TRUE,
grant-gilchrist-rugby-face-mask-scotland-lock-forward-rugby-player-celebrity-card-mask-for-fancy-dress-sports-fans-match-days-six-nations-events-parties-stag-hen-nights-adult-costume-mask,,,,Ready Cut,,Stick,Foxy-Mask-GrantGilchrist-RC-S,3.49,continue,,manual,TRUE,TRUE,
grant-gilchrist-rugby-face-mask-scotland-lock-forward-rugby-player-celebrity-card-mask-for-fancy-dress-sports-fans-match-days-six-nations-events-parties-stag-hen-nights-adult-costume-mask,,,,DIY,,Elastic,Foxy-Mask-GrantGilchrist-DIY-E,1.50,continue,,manual,TRUE,TRUE,
grant-gilchrist-rugby-face-mask-scotland-lock-forward-rugby-player-celebrity-card-mask-for-fancy-dress-sports-fans-match-days-six-nations-events-parties-stag-hen-nights-adult-costume-mask,,,,DIY,,Stick,Foxy-Mask-GrantGilchrist-DIY-S,2.00,continue,,manual,TRUE,TRUE,
gregor-townsend-face-mask-scotland-rugby-head-coach-celebrity-card-mask-for-fancy-dress-sports-fans-match-days-six-nations-events-parties-stag-hen-nights-adult-costume-mask,Gregor Townsend Face Mask – Fancy Dress Cardboard Costume Mask,active,Style,Ready Cut,Fitting,Elastic,Foxy-Mask-GregorTownsend-RC-E,2.99,continue,,manual,TRUE,TRUE,
gregor-townsend-face-mask-scotland-rugby-head-coach-celebrity-card-mask-for-fancy-dress-sports-fans-match-days-six-nations-events-parties-stag-hen-nights-adult-costume-mask,,,,Ready Cut,,Stick,Foxy-Mask-GregorTownsend-RC-S,3.49,continue,,manual,TRUE,TRUE,
gregor-townsend-face-mask-scotland-rugby-head-coach-celebrity-card-mask-for-fancy-dress-sports-fans-match-days-six-nations-events-parties-stag-hen-nights-adult-costume-mask,,,,DIY,,Elastic,Foxy-Mask-GregorTownsend-DIY-E,1.50,continue,,manual,TRUE,TRUE,
gregor-townsend-face-mask-scotland-rugby-head-coach-celebrity-card-mask-for-fancy-dress-sports-fans-match-days-six-nations-events-parties-stag-hen-nights-adult-costume-mask,,,,DIY,,Stick,Foxy-Mask-GregorTownsend-DIY-S,2.00,continue,,manual,TRUE,TRUE,
huw-jones-face-mask-scotland-centre-rugby-player-celebrity-card-mask-for-fancy-dress-sports-fans-match-days-six-nations-events-parties-stag-hen-nights-adult-costume-mask,Huw Jones Face Mask – Fancy Dress Cardboard Costume Mask,active,Style,Ready Cut,Fitting,Elastic,Foxy-Mask-HuwJones-RC-E,2.99,continue,,manual,TRUE,TRUE,
huw-jones-face-mask-scotland-centre-rugby-player-celebrity-card-mask-for-fancy-dress-sports-fans-match-days-six-nations-events-parties-stag-hen-nights-adult-costume-mask,,,,Ready Cut,,Stick,Foxy-Mask-HuwJones-RC-S,3.49,continue,,manual,TRUE,TRUE,
huw-jones-face-mask-scotland-centre-rugby-player-celebrity-card-mask-for-fancy-dress-sports-fans-match-days-six-nations-events-parties-stag-hen-nights-adult-costume-mask,,,,DIY,,Elastic,Foxy-Mask-HuwJones-DIY-E,1.50,continue,,manual,TRUE,TRUE,
huw-jones-face-mask-scotland-centre-rugby-player-celebrity-card-mask-for-fancy-dress-sports-fans-match-days-six-nations-events-parties-stag-hen-nights-adult-costume-mask,,,,DIY,,Stick,Foxy-Mask-HuwJones-DIY-S,2.00,continue,,manual,TRUE,TRUE,
jack-dempsey-face-mask-scotland-back-row-rugby-player-celebrity-card-mask-for-fancy-dress-sports-fans-match-days-six-nations-events-parties-stag-hen-nights-adult-costume-mask,Jack Dempsey Face Mask – Fancy Dress Cardboard Costume Mask,active,Style,Ready Cut,Fitting,Elastic,Foxy-Mask-JackDempsey-RC-E,2.99,continue,,manual,TRUE,TRUE,
jack-dempsey-face-mask-scotland-back-row-rugby-player-celebrity-card-mask-for-fancy-dress-sports-fans-match-days-six-nations-events-parties-stag-hen-nights-adult-costume-mask,,,,Ready Cut,,Stick,Foxy-Mask-JackDempsey-RC-S,3.49,continue,,manual,TRUE,TRUE,
jack-dempsey-face-mask-scotland-back-row-rugby-player-celebrity-card-mask-for-fancy-dress-sports-fans-match-days-six-nations-events-parties-stag-hen-nights-adult-costume-mask,,,,DIY,,Elastic,Foxy-Mask-JackDempsey-DIY-E,1.50,continue,,manual,TRUE,TRUE,
jack-dempsey-face-mask-scotland-back-row-rugby-player-celebrity-card-mask-for-fancy-dress-sports-fans-match-days-six-nations-events-parties-stag-hen-nights-adult-costume-mask,,,,DIY,,Stick,Foxy-Mask-JackDempsey-DIY-S,2.00,continue,,manual,TRUE,TRUE,
sione-tuipulotu-face-mask-scotland-centre-rugby-player-celebrity-card-mask-for-fancy-dress-sports-fans-match-days-six-nations-events-parties-stag-hen-nights-adult-costume-mask,Sione Tuipulotu Face Mask – Fancy Dress Cardboard Costume Mask,active,Style,Ready Cut,Fitting,Elastic,Foxy-Mask-SioneTuipulotu-RC-E,2.99,continue,,manual,TRUE,TRUE,
sione-tuipulotu-face-mask-scotland-centre-rugby-player-celebrity-card-mask-for-fancy-dress-sports-fans-match-days-six-nations-events-parties-stag-hen-nights-adult-costume-mask,,,,Ready Cut,,Stick,Foxy-Mask-SioneTuipulotu-RC-S,3.49,continue,,manual,TRUE,TRUE,
sione-tuipulotu-face-mask-scotland-centre-rugby-player-celebrity-card-mask-for-fancy-dress-sports-fans-match-days-six-nations-events-parties-stag-hen-nights-adult-costume-mask,,,,DIY,,Elastic,Foxy-Mask-SioneTuipulotu-DIY-E,1.50,continue,,manual,TRUE,TRUE,
sione-tuipulotu-face-mask-scotland-centre-rugby-player-celebrity-card-mask-for-fancy-dress-sports-fans-match-days-six-nations-events-parties-stag-hen-nights-adult-costume-mask,,,,DIY,,Stick,Foxy-Mask-SioneTuipulotu-DIY-S,2.00,continue,,manual,TRUE,TRUE,
archie-griffin-face-mask-wales-rugby-player-celebrity-card-mask-for-fancy-dress-sports-fans-match-days-six-nations-events-parties-stag-hen-nights-adult-costume-mask,Archie Griffin Face Mask – Fancy Dress Cardboard Costume Mask,active,Style,Ready Cut,Fitting,Elastic,Foxy-Mask-ArchieGriffin-RC-E,2.99,continue,,manual,TRUE,TRUE,
archie-griffin-face-mask-wales-rugby-player-celebrity-card-mask-for-fancy-dress-sports-fans-match-days-six-nations-events-parties-stag-hen-nights-adult-costume-mask,,,,Ready Cut,,Stick,Foxy-Mask-ArchieGriffin-RC-S,3.49,continue,,manual,TRUE,TRUE,
archie-griffin-face-mask-wales-rugby-player-celebrity-card-mask-for-fancy-dress-sports-fans-match-days-six-nations-events-parties-stag-hen-nights-adult-costume-mask,,,,DIY,,Elastic,Foxy-Mask-ArchieGriffin-DIY-E,1.50,continue,,manual,TRUE,TRUE,
archie-griffin-face-mask-wales-rugby-player-celebrity-card-mask-for-fancy-dress-sports-fans-match-days-six-nations-events-parties-stag-hen-nights-adult-costume-mask,,,,DIY,,Stick,Foxy-Mask-ArchieGriffin-DIY-S,2.00,continue,,manual,TRUE,TRUE,
dewi-lake-face-mask-wales-rugby-hooker-player-celebrity-card-mask-for-fancy-dress-sports-fans-match-days-six-nations-events-parties-stag-hen-nights-adult-costume-mask,Dewi Lake Face Mask – Fancy Dress Cardboard Costume Mask,active,Style,Ready Cut,Fitting,Elastic,Foxy-Mask-DewiLake-RC-E,2.99,continue,,manual,TRUE,TRUE,
dewi-lake-face-mask-wales-rugby-hooker-player-celebrity-card-mask-for-fancy-dress-sports-fans-match-days-six-nations-events-parties-stag-hen-nights-adult-costume-mask,,,,Ready Cut,,Stick,Foxy-Mask-DewiLake-RC-S,3.49,continue,,manual,TRUE,TRUE,
dewi-lake-face-mask-wales-rugby-hooker-player-celebrity-card-mask-for-fancy-dress-sports-fans-match-days-six-nations-events-parties-stag-hen-nights-adult-costume-mask,,,,DIY,,Elastic,Foxy-Mask-DewiLake-DIY-E,1.50,continue,,manual,TRUE,TRUE,
dewi-lake-face-mask-wales-rugby-hooker-player-celebrity-card-mask-for-fancy-dress-sports-fans-match-days-six-nations-events-parties-stag-hen-nights-adult-costume-mask,,,,DIY,,Stick,Foxy-Mask-DewiLake-DIY-S,2.00,continue,,manual,TRUE,TRUE,
josh-adams-face-mask-wales-wing-rugby-player-celebrity-card-mask-for-fancy-dress-sports-fans-match-days-six-nations-events-parties-stag-hen-nights-adult-costume-mask,Josh Adams Face Mask – Fancy Dress Cardboard Costume Mask,active,Style,Ready Cut,Fitting,Elastic,Foxy-Mask-JoshAdams-RC-E,2.99,continue,,manual,TRUE,TRUE,
josh-adams-face-mask-wales-wing-rugby-player-celebrity-card-mask-for-fancy-dress-sports-fans-match-days-six-nations-events-parties-stag-hen-nights-adult-costume-mask,,,,Ready Cut,,Stick,Foxy-Mask-JoshAdams-RC-S,3.49,continue,,manual,TRUE,TRUE,
josh-adams-face-mask-wales-wing-rugby-player-celebrity-card-mask-for-fancy-dress-sports-fans-match-days-six-nations-events-parties-stag-hen-nights-adult-costume-mask,,,,DIY,,Elastic,Foxy-Mask-JoshAdams-DIY-E,1.50,continue,,manual,TRUE,TRUE,
josh-adams-face-mask-wales-wing-rugby-player-celebrity-card-mask-for-fancy-dress-sports-fans-match-days-six-nations-events-parties-stag-hen-nights-adult-costume-mask,,,,DIY,,Stick,Foxy-Mask-JoshAdams-DIY-S,2.00,continue,,manual,TRUE,TRUE,
louis-rees-zammit-face-mask-wales-wing-rugby-player-celebrity-card-mask-for-fancy-dress-sports-fans-match-days-six-nations-events-parties-stag-hen-nights-adult-costume-mask,Louis Rees-Zammit Face Mask – Fancy Dress Cardboard Costume Mask,active,Style,Ready Cut,Fitting,Elastic,Foxy-Mask-LouisReesZammit-RC-E,2.99,continue,,manual,TRUE,TRUE,
louis-rees-zammit-face-mask-wales-wing-rugby-player-celebrity-card-mask-for-fancy-dress-sports-fans-match-days-six-nations-events-parties-stag-hen-nights-adult-costume-mask,,,,Ready Cut,,Stick,Foxy-Mask-LouisReesZammit-RC-S,3.49,continue,,manual,TRUE,TRUE,
louis-rees-zammit-face-mask-wales-wing-rugby-player-celebrity-card-mask-for-fancy-dress-sports-fans-match-days-six-nations-events-parties-stag-hen-nights-adult-costume-mask,,,,DIY,,Elastic,Foxy-Mask-LouisReesZammit-DIY-E,1.50,continue,,manual,TRUE,TRUE,
louis-rees-zammit-face-mask-wales-wing-rugby-player-celebrity-card-mask-for-fancy-dress-sports-fans-match-days-six-nations-events-parties-stag-hen-nights-adult-costume-mask,,,,DIY,,Stick,Foxy-Mask-LouisReesZammit-DIY-S,2.00,continue,,manual,TRUE,TRUE,
steve-tandy-face-mask-wales-rugby-coach-celebrity-card-mask-for-fancy-dress-sports-fans-match-days-six-nations-events-parties-stag-hen-nights-adult-costume-mask,Steve Tandy Face Mask – Fancy Dress Cardboard Costume Mask,active,Style,Ready Cut,Fitting,Elastic,Foxy-Mask-SteveTandy-RC-E,2.99,continue,,manual,TRUE,TRUE,
steve-tandy-face-mask-wales-rugby-coach-celebrity-card-mask-for-fancy-dress-sports-fans-match-days-six-nations-events-parties-stag-hen-nights-adult-costume-mask,,,,Ready Cut,,Stick,Foxy-Mask-SteveTandy-RC-S,3.49,continue,,manual,TRUE,TRUE,
steve-tandy-face-mask-wales-rugby-coach-celebrity-card-mask-for-fancy-dress-sports-fans-match-days-six-nations-events-parties-stag-hen-nights-adult-costume-mask,,,,DIY,,Elastic,Foxy-Mask-SteveTandy-DIY-E,1.50,continue,,manual,TRUE,TRUE,
steve-tandy-face-mask-wales-rugby-coach-celebrity-card-mask-for-fancy-dress-sports-fans-match-days-six-nations-events-parties-stag-hen-nights-adult-costume-mask,,,,DIY,,Stick,Foxy-Mask-SteveTandy-DIY-S,2.00,continue,,manual,TRUE,TRUE,
tom-rogers-face-mask-wales-rugby-back-three-player-celebrity-card-mask-for-fancy-dress-sports-fans-match-days-six-nations-events-parties-stag-hen-nights-adult-costume-mask,Tom Rogers Face Mask – Fancy Dress Cardboard Costume Mask,active,Style,Ready Cut,Fitting,Elastic,Foxy-Mask-TomRogers-RC-E,2.99,continue,,manual,TRUE,TRUE,
tom-rogers-face-mask-wales-rugby-back-three-player-celebrity-card-mask-for-fancy-dress-sports-fans-match-days-six-nations-events-parties-stag-hen-nights-adult-costume-mask,,,,Ready Cut,,Stick,Foxy-Mask-TomRogers-RC-S,3.49,continue,,manual,TRUE,TRUE,
tom-rogers-face-mask-wales-rugby-back-three-player-celebrity-card-mask-for-fancy-dress-sports-fans-match-days-six-nations-events-parties-stag-hen-nights-adult-costume-mask,,,,DIY,,Elastic,Foxy-Mask-TomRogers-DIY-E,1.50,continue,,manual,TRUE,TRUE,
tom-rogers-face-mask-wales-rugby-back-three-player-celebrity-card-mask-for-fancy-dress-sports-fans-match-days-six-nations-events-parties-stag-hen-nights-adult-costume-mask,,,,DIY,,Stick,Foxy-Mask-TomRogers-DIY-S,2.00,continue,,manual,TRUE,TRUE,
tomas-francis-face-mask-wales-prop-rugby-player-celebrity-card-mask-for-fancy-dress-sports-fans-match-days-six-nations-events-parties-stag-hen-nights-adult-costume-mask,Tomas Francis Face Mask – Fancy Dress Cardboard Costume Mask,active,Style,Ready Cut,Fitting,Elastic,Foxy-Mask-TomasFrancis-RC-E,2.99,continue,,manual,TRUE,TRUE,
tomas-francis-face-mask-wales-prop-rugby-player-celebrity-card-mask-for-fancy-dress-sports-fans-match-days-six-nations-events-parties-stag-hen-nights-adult-costume-mask,,,,Ready Cut,,Stick,Foxy-Mask-TomasFrancis-RC-S,3.49,continue,,manual,TRUE,TRUE,
tomas-francis-face-mask-wales-prop-rugby-player-celebrity-card-mask-for-fancy-dress-sports-fans-match-days-six-nations-events-parties-stag-hen-nights-adult-costume-mask,,,,DIY,,Elastic,Foxy-Mask-TomasFrancis-DIY-E,1.50,continue,,manual,TRUE,TRUE,
tomas-francis-face-mask-wales-prop-rugby-player-celebrity-card-mask-for-fancy-dress-sports-fans-match-days-six-nations-events-parties-stag-hen-nights-adult-costume-mask,,,,DIY,,Stick,Foxy-Mask-TomasFrancis-DIY-S,2.00,continue,,manual,TRUE,TRUE,
ben-earl-face-mask-england-back-row-rugby-player-celebrity-card-mask-for-fancy-dress-sports-fans-match-days-six-nations-events-parties-stag-hen-nights-adult-costume-mask,Ben Earl Face Mask – Fancy Dress Cardboard Costume Mask,active,Style,Ready Cut,Fitting,Elastic,Foxy-Mask-BenEarl-RC-E,2.99,continue,,manual,TRUE,TRUE,
ben-earl-face-mask-england-back-row-rugby-player-celebrity-card-mask-for-fancy-dress-sports-fans-match-days-six-nations-events-parties-stag-hen-nights-adult-costume-mask,,,,Ready Cut,,Stick,Foxy-Mask-BenEarl-RC-S,3.49,continue,,manual,TRUE,TRUE,
ben-earl-face-mask-england-back-row-rugby-player-celebrity-card-mask-for-fancy-dress-sports-fans-match-days-six-nations-events-parties-stag-hen-nights-adult-costume-mask,,,,DIY,,Elastic,Foxy-Mask-BenEarl-DIY-E,1.50,continue,,manual,TRUE,TRUE,
ben-earl-face-mask-england-back-row-rugby-player-celebrity-card-mask-for-fancy-dress-sports-fans-match-days-six-nations-events-parties-stag-hen-nights-adult-costume-mask,,,,DIY,,Stick,Foxy-Mask-BenEarl-DIY-S,2.00,continue,,manual,TRUE,TRUE,
george-ford-face-mask-england-fly-half-rugby-player-celebrity-card-mask-for-fancy-dress-sports-fans-match-days-six-nations-events-parties-stag-hen-nights-adult-costume-mask,George Ford Face Mask – Fancy Dress Cardboard Costume Mask,active,Style,Ready Cut,Fitting,Elastic,Foxy-Mask-GeorgeFord-RC-E,2.99,continue,,manual,TRUE,TRUE,
george-ford-face-mask-england-fly-half-rugby-player-celebrity-card-mask-for-fancy-dress-sports-fans-match-days-six-nations-events-parties-stag-hen-nights-adult-costume-mask,,,,Ready Cut,,Stick,Foxy-Mask-GeorgeFord-RC-S,3.49,continue,,manual,TRUE,TRUE,
george-ford-face-mask-england-fly-half-rugby-player-celebrity-card-mask-for-fancy-dress-sports-fans-match-days-six-nations-events-parties-stag-hen-nights-adult-costume-mask,,,,DIY,,Elastic,Foxy-Mask-GeorgeFord-DIY-E,1.50,continue,,manual,TRUE,TRUE,
george-ford-face-mask-england-fly-half-rugby-player-celebrity-card-mask-for-fancy-dress-sports-fans-match-days-six-nations-events-parties-stag-hen-nights-adult-costume-mask,,,,DIY,,Stick,Foxy-Mask-GeorgeFord-DIY-S,2.00,continue,,manual,TRUE,TRUE,
fleece-johnson-celebrity-style-face-mask-for-stag-do-hen-party-funny-fancy-dress-costume-mask-for-birthday-halloween-themed-parties-realistic-card-mask-with-elastic-strap,"Fleece Johnson Celebrity-Style Face Mask for Stag Do & Hen Party – Funny Fancy Dress Costume Mask for Birthday, Halloween & Themed Parties",active,Style,Ready Cut,Fitting,Elastic,Face-Mask-FleeceJohnson-RC-E,2.99,continue,,manual,TRUE,TRUE,
fleece-johnson-celebrity-style-face-mask-for-stag-do-hen-party-funny-fancy-dress-costume-mask-for-birthday-halloween-themed-parties-realistic-card-mask-with-elastic-strap,,,,Ready Cut,,Stick,Face-Mask-FleeceJohnson-RC-S,3.49,continue,,manual,TRUE,TRUE,
fleece-johnson-celebrity-style-face-mask-for-stag-do-hen-party-funny-fancy-dress-costume-mask-for-birthday-halloween-themed-parties-realistic-card-mask-with-elastic-strap,,,,DIY,,Elastic,Face-Mask-FleeceJohnson-DIY-E,1.50,continue,,manual,TRUE,TRUE,
fleece-johnson-celebrity-style-face-mask-for-stag-do-hen-party-funny-fancy-dress-costume-mask-for-birthday-halloween-themed-parties-realistic-card-mask-with-elastic-strap,,,,DIY,,Stick,Face-Mask-FleeceJohnson-DIY-S,2.00,continue,,manual,TRUE,TRUE,
henry-pollock-face-mask-england-back-row-rugby-player-celebrity-card-mask-for-fancy-dress-sports-fans-match-days-six-nations-events-parties-stag-hen-nights-adult-costume-mask,Henry Pollock Face Mask – Fancy Dress Cardboard Costume Mask,active,Style,Ready Cut,Fitting,Elastic,Foxy-Mask-HenryPollock-RC-E,2.99,continue,,manual,TRUE,TRUE,
henry-pollock-face-mask-england-back-row-rugby-player-celebrity-card-mask-for-fancy-dress-sports-fans-match-days-six-nations-events-parties-stag-hen-nights-adult-costume-mask,,,,Ready Cut,,Stick,Foxy-Mask-HenryPollock-RC-S,3.49,continue,,manual,TRUE,TRUE,
henry-pollock-face-mask-england-back-row-rugby-player-celebrity-card-mask-for-fancy-dress-sports-fans-match-days-six-nations-events-parties-stag-hen-nights-adult-costume-mask,,,,DIY,,Elastic,Foxy-Mask-HenryPollock-DIY-E,1.50,continue,,manual,TRUE,TRUE,
henry-pollock-face-mask-england-back-row-rugby-player-celebrity-card-mask-for-fancy-dress-sports-fans-match-days-six-nations-events-parties-stag-hen-nights-adult-costume-mask,,,,DIY,,Stick,Foxy-Mask-HenryPollock-DIY-S,2.00,continue,,manual,TRUE,TRUE,
marcus-smith-face-mask-england-fly-half-rugby-player-celebrity-card-mask-for-fancy-dress-sports-fans-match-days-six-nations-events-parties-stag-hen-nights-adult-costume-mask,Marcus Smith Face Mask – Fancy Dress Cardboard Costume Mask,active,Style,Ready Cut,Fitting,Elastic,Foxy-Mask-MarcusSmith-RC-E,2.99,continue,,manual,TRUE,TRUE,
marcus-smith-face-mask-england-fly-half-rugby-player-celebrity-card-mask-for-fancy-dress-sports-fans-match-days-six-nations-events-parties-stag-hen-nights-adult-costume-mask,,,,Ready Cut,,Stick,Foxy-Mask-MarcusSmith-RC-S,3.49,continue,,manual,TRUE,TRUE,
marcus-smith-face-mask-england-fly-half-rugby-player-celebrity-card-mask-for-fancy-dress-sports-fans-match-days-six-nations-events-parties-stag-hen-nights-adult-costume-mask,,,,DIY,,Elastic,Foxy-Mask-MarcusSmith-DIY-E,1.50,continue,,manual,TRUE,TRUE,
marcus-smith-face-mask-england-fly-half-rugby-player-celebrity-card-mask-for-fancy-dress-sports-fans-match-days-six-nations-events-parties-stag-hen-nights-adult-costume-mask,,,,DIY,,Stick,Foxy-Mask-MarcusSmith-DIY-S,2.00,continue,,manual,TRUE,TRUE,
maro-itoje-face-mask-england-lock-forward-rugby-player-celebrity-card-mask-for-fancy-dress-sports-fans-match-days-six-nations-events-parties-stag-hen-nights-adult-costume-mask,Maro Itoje Face Mask – Fancy Dress Cardboard Costume Mask,active,Style,Ready Cut,Fitting,Elastic,Foxy-Mask-MaroItoje-RC-E,2.99,continue,,manual,TRUE,TRUE,
maro-itoje-face-mask-england-lock-forward-rugby-player-celebrity-card-mask-for-fancy-dress-sports-fans-match-days-six-nations-events-parties-stag-hen-nights-adult-costume-mask,,,,Ready Cut,,Stick,Foxy-Mask-MaroItoje-RC-S,3.49,continue,,manual,TRUE,TRUE,
maro-itoje-face-mask-england-lock-forward-rugby-player-celebrity-card-mask-for-fancy-dress-sports-fans-match-days-six-nations-events-parties-stag-hen-nights-adult-costume-mask,,,,DIY,,Elastic,Foxy-Mask-MaroItoje-DIY-E,1.50,continue,,manual,TRUE,TRUE,
maro-itoje-face-mask-england-lock-forward-rugby-player-celebrity-card-mask-for-fancy-dress-sports-fans-match-days-six-nations-events-parties-stag-hen-nights-adult-costume-mask,,,,DIY,,Stick,Foxy-Mask-MaroItoje-DIY-S,2.00,continue,,manual,TRUE,TRUE,
sam-underhill-face-mask-england-flanker-rugby-player-celebrity-card-mask-for-fancy-dress-sports-fans-match-days-six-nations-events-parties-stag-hen-nights-adult-costume-mask,Sam Underhill Face Mask – Fancy Dress Cardboard Costume Mask,active,Style,Ready Cut,Fitting,Elastic,Foxy-Mask-SamUnderhill-RC-E,2.99,continue,,manual,TRUE,TRUE,
sam-underhill-face-mask-england-flanker-rugby-player-celebrity-card-mask-for-fancy-dress-sports-fans-match-days-six-nations-events-parties-stag-hen-nights-adult-costume-mask,,,,Ready Cut,,Stick,Foxy-Mask-SamUnderhill-RC-S,3.49,continue,,manual,TRUE,TRUE,
sam-underhill-face-mask-england-flanker-rugby-player-celebrity-card-mask-for-fancy-dress-sports-fans-match-days-six-nations-events-parties-stag-hen-nights-adult-costume-mask,,,,DIY,,Elastic,Foxy-Mask-SamUnderhill-DIY-E,1.50,continue,,manual,TRUE,TRUE,
sam-underhill-face-mask-england-flanker-rugby-player-celebrity-card-mask-for-fancy-dress-sports-fans-match-days-six-nations-events-parties-stag-hen-nights-adult-costume-mask,,,,DIY,,Stick,Foxy-Mask-SamUnderhill-DIY-S,2.00,continue,,manual,TRUE,TRUE,
steve-borthwick-face-mask-england-rugby-head-coach-celebrity-card-mask-for-fancy-dress-sports-fans-match-days-six-nations-events-parties-stag-hen-nights-adult-costume-mask,Steve Borthwick Face Mask – Fancy Dress Cardboard Costume Mask,active,Style,Ready Cut,Fitting,Elastic,Foxy-Mask-SteveBorthwick-RC-E,2.99,continue,,manual,TRUE,TRUE,
steve-borthwick-face-mask-england-rugby-head-coach-celebrity-card-mask-for-fancy-dress-sports-fans-match-days-six-nations-events-parties-stag-hen-nights-adult-costume-mask,,,,Ready Cut,,Stick,Foxy-Mask-SteveBorthwick-RC-S,3.49,continue,,manual,TRUE,TRUE,
steve-borthwick-face-mask-england-rugby-head-coach-celebrity-card-mask-for-fancy-dress-sports-fans-match-days-six-nations-events-parties-stag-hen-nights-adult-costume-mask,,,,DIY,,Elastic,Foxy-Mask-SteveBorthwick-DIY-E,1.50,continue,,manual,TRUE,TRUE,
steve-borthwick-face-mask-england-rugby-head-coach-celebrity-card-mask-for-fancy-dress-sports-fans-match-days-six-nations-events-parties-stag-hen-nights-adult-costume-mask,,,,DIY,,Stick,Foxy-Mask-SteveBorthwick-DIY-S,2.00,continue,,manual,TRUE,TRUE,
evil-epstein-face-mask-horror-style-parody-celebrity-card-mask-for-halloween-fancy-dress-dark-themed-parties-adult-card-mask,Evil Epstein Face Mask – Fancy Dress Cardboard Costume Mask,active,Style,Ready Cut,Fitting,Elastic,FOXY-CARD-EVIL-EPSTEIN-FACE-MASK-HORROR-STYLE-RC-E,2.99,continue,,manual,TRUE,TRUE,
evil-epstein-face-mask-horror-style-parody-celebrity-card-mask-for-halloween-fancy-dress-dark-themed-parties-adult-card-mask,,,,Ready Cut,,Stick,FOXY-CARD-EVIL-EPSTEIN-FACE-MASK-HORROR-STYLE-RC-S,3.49,continue,,manual,TRUE,TRUE,
evil-epstein-face-mask-horror-style-parody-celebrity-card-mask-for-halloween-fancy-dress-dark-themed-parties-adult-card-mask,,,,DIY,,Elastic,FOXY-CARD-EVIL-EPSTEIN-FACE-MASK-HORROR-STYLE-DIY-E,1.50,continue,,manual,TRUE,TRUE,
evil-epstein-face-mask-horror-style-parody-celebrity-card-mask-for-halloween-fancy-dress-dark-themed-parties-adult-card-mask,,,,DIY,,Stick,FOXY-CARD-EVIL-EPSTEIN-FACE-MASK-HORROR-STYLE-DIY-S,2.00,continue,,manual,TRUE,TRUE,
harrison-sullivan-celebrity-face-mask-for-stag-do-hen-party-funny-fancy-dress-costume-mask-for-birthday-halloween-party-games-lightweight-card-mask-with-elastic-strap,Harrison Sullivan Face Mask – Fancy Dress Cardboard Costume Mask,active,Style,Ready Cut,Fitting,Elastic,Face-Mask-HarrisonSullivan-RC-E,2.99,continue,,manual,TRUE,TRUE,
harrison-sullivan-celebrity-face-mask-for-stag-do-hen-party-funny-fancy-dress-costume-mask-for-birthday-halloween-party-games-lightweight-card-mask-with-elastic-strap,,,,Ready Cut,,Stick,Face-Mask-HarrisonSullivan-RC-S,3.49,continue,,manual,TRUE,TRUE,
harrison-sullivan-celebrity-face-mask-for-stag-do-hen-party-funny-fancy-dress-costume-mask-for-birthday-halloween-party-games-lightweight-card-mask-with-elastic-strap,,,,DIY,,Elastic,Face-Mask-HarrisonSullivan-DIY-E,1.50,continue,,manual,TRUE,TRUE,
harrison-sullivan-celebrity-face-mask-for-stag-do-hen-party-funny-fancy-dress-costume-mask-for-birthday-halloween-party-games-lightweight-card-mask-with-elastic-strap,,,,DIY,,Stick,Face-Mask-HarrisonSullivan-DIY-S,2.00,continue,,manual,TRUE,TRUE,
gymskin-face-mask-funny-realistic-skin-tone-celebrity-card-mask-for-stag-do-hen-party-fancy-dress-costume-parties-adult-novelty-face-mask,"Gymskin Face Mask – Funny Realistic Skin Tone Celebrity Card Mask for Stag Do, Hen Party, Fancy Dress & Costume Parties – Adult Novelty Face Mask",active,Style,Ready Cut,Fitting,Elastic,FaceMask-Gymskin-RC-E,2.99,continue,,manual,TRUE,TRUE,
gymskin-face-mask-funny-realistic-skin-tone-celebrity-card-mask-for-stag-do-hen-party-fancy-dress-costume-parties-adult-novelty-face-mask,,,,Ready Cut,,Stick,FaceMask-Gymskin-RC-S,3.49,continue,,manual,TRUE,TRUE,
gymskin-face-mask-funny-realistic-skin-tone-celebrity-card-mask-for-stag-do-hen-party-fancy-dress-costume-parties-adult-novelty-face-mask,,,,DIY,,Elastic,FaceMask-Gymskin-DIY-E,1.50,continue,,manual,TRUE,TRUE,
gymskin-face-mask-funny-realistic-skin-tone-celebrity-card-mask-for-stag-do-hen-party-fancy-dress-costume-parties-adult-novelty-face-mask,,,,DIY,,Stick,FaceMask-Gymskin-DIY-S,2.00,continue,,manual,TRUE,TRUE,
gerwyn-price-face-mask-funny-celebrity-card-mask-for-fancy-dress-stag-do-hen-party-darts-theme-costume-parties-adult-novelty-face-mask,"Gerwyn Price Face Mask – Funny Celebrity Card Mask for Fancy Dress, Stag Do, Hen Party & Darts Theme Costume Parties – Adult Novelty Face Mask",active,Style,Ready Cut,Fitting,Elastic,FaceMask-GerwynPrice-RC-E,2.99,continue,,manual,TRUE,TRUE,
gerwyn-price-face-mask-funny-celebrity-card-mask-for-fancy-dress-stag-do-hen-party-darts-theme-costume-parties-adult-novelty-face-mask,,,,Ready Cut,,Stick,FaceMask-GerwynPrice-RC-S,3.49,continue,,manual,TRUE,TRUE,
gerwyn-price-face-mask-funny-celebrity-card-mask-for-fancy-dress-stag-do-hen-party-darts-theme-costume-parties-adult-novelty-face-mask,,,,DIY,,Elastic,FaceMask-GerwynPrice-DIY-E,1.50,continue,,manual,TRUE,TRUE,
gerwyn-price-face-mask-funny-celebrity-card-mask-for-fancy-dress-stag-do-hen-party-darts-theme-costume-parties-adult-novelty-face-mask,,,,DIY,,Stick,FaceMask-GerwynPrice-DIY-S,2.00,continue,,manual,TRUE,TRUE,
gian-van-veen-face-mask-funny-celebrity-card-mask-for-fancy-dress-stag-do-hen-party-darts-theme-costume-parties-adult-novelty-face-mask,Gian van Veen Face Mask – Fancy Dress Cardboard Costume Mask,active,Style,Ready Cut,Fitting,Elastic,FaceMask-GianVanVeen-RC-E,2.99,continue,,manual,TRUE,TRUE,
gian-van-veen-face-mask-funny-celebrity-card-mask-for-fancy-dress-stag-do-hen-party-darts-theme-costume-parties-adult-novelty-face-mask,,,,Ready Cut,,Stick,FaceMask-GianVanVeen-RC-S,3.49,continue,,manual,TRUE,TRUE,
gian-van-veen-face-mask-funny-celebrity-card-mask-for-fancy-dress-stag-do-hen-party-darts-theme-costume-parties-adult-novelty-face-mask,,,,DIY,,Elastic,FaceMask-GianVanVeen-DIY-E,1.50,continue,,manual,TRUE,TRUE,
gian-van-veen-face-mask-funny-celebrity-card-mask-for-fancy-dress-stag-do-hen-party-darts-theme-costume-parties-adult-novelty-face-mask,,,,DIY,,Stick,FaceMask-GianVanVeen-DIY-S,2.00,continue,,manual,TRUE,TRUE,
jonny-clayton-face-mask-funny-celebrity-card-mask-for-fancy-dress-stag-do-hen-party-darts-theme-costume-parties-adult-novelty-face-mask,"Jonny Clayton Face Mask – Funny Celebrity Card Mask for Fancy Dress, Stag Do, Hen Party & Darts Theme Costume Parties – Adult Novelty Face Mask",active,Style,Ready Cut,Fitting,Elastic,FaceMask-JonnyClayton-RC-E,2.99,continue,,manual,TRUE,TRUE,
jonny-clayton-face-mask-funny-celebrity-card-mask-for-fancy-dress-stag-do-hen-party-darts-theme-costume-parties-adult-novelty-face-mask,,,,Ready Cut,,Stick,FaceMask-JonnyClayton-RC-S,3.49,continue,,manual,TRUE,TRUE,
jonny-clayton-face-mask-funny-celebrity-card-mask-for-fancy-dress-stag-do-hen-party-darts-theme-costume-parties-adult-novelty-face-mask,,,,DIY,,Elastic,FaceMask-JonnyClayton-DIY-E,1.50,continue,,manual,TRUE,TRUE,
jonny-clayton-face-mask-funny-celebrity-card-mask-for-fancy-dress-stag-do-hen-party-darts-theme-costume-parties-adult-novelty-face-mask,,,,DIY,,Stick,FaceMask-JonnyClayton-DIY-S,2.00,continue,,manual,TRUE,TRUE,
josh-rock-face-mask-funny-celebrity-card-mask-for-fancy-dress-stag-do-hen-party-darts-theme-costume-parties-adult-novelty-face-mask,"Josh Rock Face Mask – Funny Celebrity Card Mask for Fancy Dress, Stag Do, Hen Party & Darts Theme Costume Parties – Adult Novelty Face Mask",active,Style,Ready Cut,Fitting,Elastic,FaceMask-JoshRock-RC-E,2.99,continue,,manual,TRUE,TRUE,
josh-rock-face-mask-funny-celebrity-card-mask-for-fancy-dress-stag-do-hen-party-darts-theme-costume-parties-adult-novelty-face-mask,,,,Ready Cut,,Stick,FaceMask-JoshRock-RC-S,3.49,continue,,manual,TRUE,TRUE,
josh-rock-face-mask-funny-celebrity-card-mask-for-fancy-dress-stag-do-hen-party-darts-theme-costume-parties-adult-novelty-face-mask,,,,DIY,,Elastic,FaceMask-JoshRock-DIY-E,1.50,continue,,manual,TRUE,TRUE,
josh-rock-face-mask-funny-celebrity-card-mask-for-fancy-dress-stag-do-hen-party-darts-theme-costume-parties-adult-novelty-face-mask,,,,DIY,,Stick,FaceMask-JoshRock-DIY-S,2.00,continue,,manual,TRUE,TRUE,
luke-humphries-face-mask-funny-celebrity-card-mask-for-fancy-dress-stag-do-hen-party-darts-theme-costume-parties-adult-novelty-face-mask,"Luke Humphries Face Mask – Funny Celebrity Card Mask for Fancy Dress, Stag Do, Hen Party & Darts Theme Costume Parties – Adult Novelty Face Mask",active,Style,Ready Cut,Fitting,Elastic,FaceMask-LukeHumphries-RC-E,2.99,continue,,manual,TRUE,TRUE,
luke-humphries-face-mask-funny-celebrity-card-mask-for-fancy-dress-stag-do-hen-party-darts-theme-costume-parties-adult-novelty-face-mask,,,,Ready Cut,,Stick,FaceMask-LukeHumphries-RC-S,3.49,continue,,manual,TRUE,TRUE,
luke-humphries-face-mask-funny-celebrity-card-mask-for-fancy-dress-stag-do-hen-party-darts-theme-costume-parties-adult-novelty-face-mask,,,,DIY,,Elastic,FaceMask-LukeHumphries-DIY-E,1.50,continue,,manual,TRUE,TRUE,
luke-humphries-face-mask-funny-celebrity-card-mask-for-fancy-dress-stag-do-hen-party-darts-theme-costume-parties-adult-novelty-face-mask,,,,DIY,,Stick,FaceMask-LukeHumphries-DIY-S,2.00,continue,,manual,TRUE,TRUE,
michael-van-gerwen-face-mask-funny-celebrity-card-mask-for-fancy-dress-stag-do-hen-party-darts-theme-costume-parties-adult-novelty-face-mask,"Michael Van Gerwen Face Mask – Funny Celebrity Card Mask for Fancy Dress, Stag Do, Hen Party & Darts Theme Costume Parties – Adult Novelty Face Mask",active,Style,Ready Cut,Fitting,Elastic,FaceMask-MichaelVanGerwen-RC-E,2.99,continue,,manual,TRUE,TRUE,
michael-van-gerwen-face-mask-funny-celebrity-card-mask-for-fancy-dress-stag-do-hen-party-darts-theme-costume-parties-adult-novelty-face-mask,,,,Ready Cut,,Stick,FaceMask-MichaelVanGerwen-RC-S,3.49,continue,,manual,TRUE,TRUE,
michael-van-gerwen-face-mask-funny-celebrity-card-mask-for-fancy-dress-stag-do-hen-party-darts-theme-costume-parties-adult-novelty-face-mask,,,,DIY,,Elastic,FaceMask-MichaelVanGerwen-DIY-E,1.50,continue,,manual,TRUE,TRUE,
michael-van-gerwen-face-mask-funny-celebrity-card-mask-for-fancy-dress-stag-do-hen-party-darts-theme-costume-parties-adult-novelty-face-mask,,,,DIY,,Stick,FaceMask-MichaelVanGerwen-DIY-S,2.00,continue,,manual,TRUE,TRUE,
stephen-bunting-face-mask-funny-celebrity-card-mask-for-fancy-dress-stag-do-hen-party-darts-theme-costume-parties-adult-novelty-face-mask,"Stephen Bunting Face Mask – Funny Celebrity Card Mask for Fancy Dress, Stag Do, Hen Party & Darts Theme Costume Parties – Adult Novelty Face Mask",active,Style,Ready Cut,Fitting,Elastic,FaceMask-StephenBunting-RC-E,2.99,continue,,manual,TRUE,TRUE,
stephen-bunting-face-mask-funny-celebrity-card-mask-for-fancy-dress-stag-do-hen-party-darts-theme-costume-parties-adult-novelty-face-mask,,,,Ready Cut,,Stick,FaceMask-StephenBunting-RC-S,3.49,continue,,manual,TRUE,TRUE,
stephen-bunting-face-mask-funny-celebrity-card-mask-for-fancy-dress-stag-do-hen-party-darts-theme-costume-parties-adult-novelty-face-mask,,,,DIY,,Elastic,FaceMask-StephenBunting-DIY-E,1.50,continue,,manual,TRUE,TRUE,
stephen-bunting-face-mask-funny-celebrity-card-mask-for-fancy-dress-stag-do-hen-party-darts-theme-costume-parties-adult-novelty-face-mask,,,,DIY,,Stick,FaceMask-StephenBunting-DIY-S,2.00,continue,,manual,TRUE,TRUE,
a-train-face-mask-superhero-inspired-celebrity-card-face-mask-tv-character-fancy-dress-party-mask-photo-booth-prop-for-birthdays-comic-events-cosplay-theme-parties,A-Train Face Mask – Fancy Dress Cardboard Costume Mask,active,Style,Ready Cut,Fitting,Elastic,FaceMask-ATrain-RC-E,2.99,continue,,manual,TRUE,TRUE,
a-train-face-mask-superhero-inspired-celebrity-card-face-mask-tv-character-fancy-dress-party-mask-photo-booth-prop-for-birthdays-comic-events-cosplay-theme-parties,,,,Ready Cut,,Stick,FaceMask-ATrain-RC-S,3.49,continue,,manual,TRUE,TRUE,
a-train-face-mask-superhero-inspired-celebrity-card-face-mask-tv-character-fancy-dress-party-mask-photo-booth-prop-for-birthdays-comic-events-cosplay-theme-parties,,,,DIY,,Elastic,FaceMask-ATrain-DIY-E,1.50,continue,,manual,TRUE,TRUE,
a-train-face-mask-superhero-inspired-celebrity-card-face-mask-tv-character-fancy-dress-party-mask-photo-booth-prop-for-birthdays-comic-events-cosplay-theme-parties,,,,DIY,,Stick,FaceMask-ATrain-DIY-S,2.00,continue,,manual,TRUE,TRUE,
black-noir-face-mask-superhero-inspired-card-face-mask-fancy-dress-party-mask-for-cosplay-comic-con-halloween-photo-booth-props-themed-events,Black Noir Face Mask – Fancy Dress Cardboard Costume Mask,active,Style,Ready Cut,Fitting,Elastic,FaceMask-BlackNoir-RC-E,2.99,continue,,manual,TRUE,TRUE,
black-noir-face-mask-superhero-inspired-card-face-mask-fancy-dress-party-mask-for-cosplay-comic-con-halloween-photo-booth-props-themed-events,,,,Ready Cut,,Stick,FaceMask-BlackNoir-RC-S,3.49,continue,,manual,TRUE,TRUE,
black-noir-face-mask-superhero-inspired-card-face-mask-fancy-dress-party-mask-for-cosplay-comic-con-halloween-photo-booth-props-themed-events,,,,DIY,,Elastic,FaceMask-BlackNoir-DIY-E,1.50,continue,,manual,TRUE,TRUE,
black-noir-face-mask-superhero-inspired-card-face-mask-fancy-dress-party-mask-for-cosplay-comic-con-halloween-photo-booth-props-themed-events,,,,DIY,,Stick,FaceMask-BlackNoir-DIY-S,2.00,continue,,manual,TRUE,TRUE,
billy-butcher-face-mask-tv-character-inspired-celebrity-card-face-mask-fancy-dress-party-mask-for-cosplay-comic-con-halloween-photo-booth-props-themed-events,Billy Butcher Face Mask – Fancy Dress Cardboard Costume Mask,active,Style,Ready Cut,Fitting,Elastic,FaceMask-BillyButcher-RC-E,2.99,continue,,manual,TRUE,TRUE,
billy-butcher-face-mask-tv-character-inspired-celebrity-card-face-mask-fancy-dress-party-mask-for-cosplay-comic-con-halloween-photo-booth-props-themed-events,,,,Ready Cut,,Stick,FaceMask-BillyButcher-RC-S,3.49,continue,,manual,TRUE,TRUE,
billy-butcher-face-mask-tv-character-inspired-celebrity-card-face-mask-fancy-dress-party-mask-for-cosplay-comic-con-halloween-photo-booth-props-themed-events,,,,DIY,,Elastic,FaceMask-BillyButcher-DIY-E,1.50,continue,,manual,TRUE,TRUE,
billy-butcher-face-mask-tv-character-inspired-celebrity-card-face-mask-fancy-dress-party-mask-for-cosplay-comic-con-halloween-photo-booth-props-themed-events,,,,DIY,,Stick,FaceMask-BillyButcher-DIY-S,2.00,continue,,manual,TRUE,TRUE,
firecracker-face-mask-superhero-inspired-character-card-face-mask-fancy-dress-party-mask-for-cosplay-comic-con-halloween-photo-booth-props-themed-events,Firecracker Face Mask – Fancy Dress Cardboard Costume Mask,active,Style,Ready Cut,Fitting,Elastic,FaceMask-Firecracker-RC-E,2.99,continue,,manual,TRUE,TRUE,
firecracker-face-mask-superhero-inspired-character-card-face-mask-fancy-dress-party-mask-for-cosplay-comic-con-halloween-photo-booth-props-themed-events,,,,Ready Cut,,Stick,FaceMask-Firecracker-RC-S,3.49,continue,,manual,TRUE,TRUE,
firecracker-face-mask-superhero-inspired-character-card-face-mask-fancy-dress-party-mask-for-cosplay-comic-con-halloween-photo-booth-props-themed-events,,,,DIY,,Elastic,FaceMask-Firecracker-DIY-E,1.50,continue,,manual,TRUE,TRUE,
firecracker-face-mask-superhero-inspired-character-card-face-mask-fancy-dress-party-mask-for-cosplay-comic-con-halloween-photo-booth-props-themed-events,,,,DIY,,Stick,FaceMask-Firecracker-DIY-S,2.00,continue,,manual,TRUE,TRUE,
homelander-laugh-face-mask-superhero-inspired-character-card-face-mask-funny-fancy-dress-party-mask-for-cosplay-comic-con-halloween-photo-booth-props-themed-events,Homelander Laugh Face Mask – Fancy Dress Cardboard Costume Mask,active,Style,Ready Cut,Fitting,Elastic,FaceMask-HomelanderLaugh-RC-E,2.99,continue,,manual,TRUE,TRUE,
homelander-laugh-face-mask-superhero-inspired-character-card-face-mask-funny-fancy-dress-party-mask-for-cosplay-comic-con-halloween-photo-booth-props-themed-events,,,,Ready Cut,,Stick,FaceMask-HomelanderLaugh-RC-S,3.49,continue,,manual,TRUE,TRUE,
homelander-laugh-face-mask-superhero-inspired-character-card-face-mask-funny-fancy-dress-party-mask-for-cosplay-comic-con-halloween-photo-booth-props-themed-events,,,,DIY,,Elastic,FaceMask-HomelanderLaugh-DIY-E,1.50,continue,,manual,TRUE,TRUE,
homelander-laugh-face-mask-superhero-inspired-character-card-face-mask-funny-fancy-dress-party-mask-for-cosplay-comic-con-halloween-photo-booth-props-themed-events,,,,DIY,,Stick,FaceMask-HomelanderLaugh-DIY-S,2.00,continue,,manual,TRUE,TRUE,
homelander-smile-face-mask-superhero-inspired-character-card-face-mask-funny-fancy-dress-party-mask-for-cosplay-comic-con-halloween-photo-booth-props-themed-events,Homelander (Smiling) Face Mask – Fancy Dress Cardboard Costume Mask,active,Style,Ready Cut,Fitting,Elastic,FaceMask-HomelanderSmile-RC-E,2.99,continue,,manual,TRUE,TRUE,
homelander-smile-face-mask-superhero-inspired-character-card-face-mask-funny-fancy-dress-party-mask-for-cosplay-comic-con-halloween-photo-booth-props-themed-events,,,,Ready Cut,,Stick,FaceMask-HomelanderSmile-RC-S,3.49,continue,,manual,TRUE,TRUE,
homelander-smile-face-mask-superhero-inspired-character-card-face-mask-funny-fancy-dress-party-mask-for-cosplay-comic-con-halloween-photo-booth-props-themed-events,,,,DIY,,Elastic,FaceMask-HomelanderSmile-DIY-E,1.50,continue,,manual,TRUE,TRUE,
homelander-smile-face-mask-superhero-inspired-character-card-face-mask-funny-fancy-dress-party-mask-for-cosplay-comic-con-halloween-photo-booth-props-themed-events,,,,DIY,,Stick,FaceMask-HomelanderSmile-DIY-S,2.00,continue,,manual,TRUE,TRUE,
homelander-face-mask-superhero-inspired-character-card-face-mask-fancy-dress-party-mask-for-cosplay-comic-con-halloween-photo-booth-props-themed-events,Homelander Face Mask – Fancy Dress Cardboard Costume Mask,active,Style,Ready Cut,Fitting,Elastic,FaceMask-Homelander-RC-E,2.99,continue,,manual,TRUE,TRUE,
homelander-face-mask-superhero-inspired-character-card-face-mask-fancy-dress-party-mask-for-cosplay-comic-con-halloween-photo-booth-props-themed-events,,,,Ready Cut,,Stick,FaceMask-Homelander-RC-S,3.49,continue,,manual,TRUE,TRUE,
homelander-face-mask-superhero-inspired-character-card-face-mask-fancy-dress-party-mask-for-cosplay-comic-con-halloween-photo-booth-props-themed-events,,,,DIY,,Elastic,FaceMask-Homelander-DIY-E,1.50,continue,,manual,TRUE,TRUE,
homelander-face-mask-superhero-inspired-character-card-face-mask-fancy-dress-party-mask-for-cosplay-comic-con-halloween-photo-booth-props-themed-events,,,,DIY,,Stick,FaceMask-Homelander-DIY-S,2.00,continue,,manual,TRUE,TRUE,
hughie-face-mask-tv-character-inspired-celebrity-card-face-mask-fancy-dress-party-mask-for-cosplay-comic-con-halloween-photo-booth-props-themed-events,Hughie Face Mask – Fancy Dress Cardboard Costume Mask,active,Style,Ready Cut,Fitting,Elastic,FaceMask-Hughie-RC-E,2.99,continue,,manual,TRUE,TRUE,
hughie-face-mask-tv-character-inspired-celebrity-card-face-mask-fancy-dress-party-mask-for-cosplay-comic-con-halloween-photo-booth-props-themed-events,,,,Ready Cut,,Stick,FaceMask-Hughie-RC-S,3.49,continue,,manual,TRUE,TRUE,
hughie-face-mask-tv-character-inspired-celebrity-card-face-mask-fancy-dress-party-mask-for-cosplay-comic-con-halloween-photo-booth-props-themed-events,,,,DIY,,Elastic,FaceMask-Hughie-DIY-E,1.50,continue,,manual,TRUE,TRUE,
hughie-face-mask-tv-character-inspired-celebrity-card-face-mask-fancy-dress-party-mask-for-cosplay-comic-con-halloween-photo-booth-props-themed-events,,,,DIY,,Stick,FaceMask-Hughie-DIY-S,2.00,continue,,manual,TRUE,TRUE,
ryan-face-mask-superhero-inspired-character-card-face-mask-fancy-dress-party-mask-for-cosplay-comic-con-halloween-photo-booth-props-themed-events,Ryan Face Mask – Fancy Dress Cardboard Costume Mask,active,Style,Ready Cut,Fitting,Elastic,FOXY-MASK-FACE-RYAN-BOYS-RC-E,2.99,continue,,manual,TRUE,TRUE,
ryan-face-mask-superhero-inspired-character-card-face-mask-fancy-dress-party-mask-for-cosplay-comic-con-halloween-photo-booth-props-themed-events,,,,Ready Cut,,Stick,FOXY-MASK-FACE-RYAN-BOYS-RC-S,3.49,continue,,manual,TRUE,TRUE,
ryan-face-mask-superhero-inspired-character-card-face-mask-fancy-dress-party-mask-for-cosplay-comic-con-halloween-photo-booth-props-themed-events,,,,DIY,,Elastic,FOXY-MASK-FACE-RYAN-BOYS-DIY-E,1.50,continue,,manual,TRUE,TRUE,
ryan-face-mask-superhero-inspired-character-card-face-mask-fancy-dress-party-mask-for-cosplay-comic-con-halloween-photo-booth-props-themed-events,,,,DIY,,Stick,FOXY-MASK-FACE-RYAN-BOYS-DIY-S,2.00,continue,,manual,TRUE,TRUE,
soldier-boy-face-mask-superhero-inspired-character-card-face-mask-fancy-dress-party-mask-for-cosplay-comic-con-halloween-photo-booth-props-themed-events,Soldier Boy Face Mask – Fancy Dress Cardboard Costume Mask,active,Style,Ready Cut,Fitting,Elastic,FOXY-MASK-FACE-RYAN-BOYS-SOLDIER-RC-E,2.99,continue,,manual,TRUE,TRUE,
soldier-boy-face-mask-superhero-inspired-character-card-face-mask-fancy-dress-party-mask-for-cosplay-comic-con-halloween-photo-booth-props-themed-events,,,,Ready Cut,,Stick,FOXY-MASK-FACE-RYAN-BOYS-SOLDIER-RC-S,3.49,continue,,manual,TRUE,TRUE,
soldier-boy-face-mask-superhero-inspired-character-card-face-mask-fancy-dress-party-mask-for-cosplay-comic-con-halloween-photo-booth-props-themed-events,,,,DIY,,Elastic,FOXY-MASK-FACE-RYAN-BOYS-SOLDIER-DIY-E,1.50,continue,,manual,TRUE,TRUE,
soldier-boy-face-mask-superhero-inspired-character-card-face-mask-fancy-dress-party-mask-for-cosplay-comic-con-halloween-photo-booth-props-themed-events,,,,DIY,,Stick,FOXY-MASK-FACE-RYAN-BOYS-SOLDIER-DIY-S,2.00,continue,,manual,TRUE,TRUE,
stan-edgar-face-mask-tv-character-inspired-celebrity-card-face-mask-fancy-dress-party-mask-for-cosplay-comic-con-halloween-photo-booth-props-themed-events,Stan Edgar Face Mask – Fancy Dress Cardboard Costume Mask,active,Style,Ready Cut,Fitting,Elastic,FaceMask-StanEdgar-RC-E,2.99,continue,,manual,TRUE,TRUE,
stan-edgar-face-mask-tv-character-inspired-celebrity-card-face-mask-fancy-dress-party-mask-for-cosplay-comic-con-halloween-photo-booth-props-themed-events,,,,Ready Cut,,Stick,FaceMask-StanEdgar-RC-S,3.49,continue,,manual,TRUE,TRUE,
stan-edgar-face-mask-tv-character-inspired-celebrity-card-face-mask-fancy-dress-party-mask-for-cosplay-comic-con-halloween-photo-booth-props-themed-events,,,,DIY,,Elastic,FaceMask-StanEdgar-DIY-E,1.50,continue,,manual,TRUE,TRUE,
stan-edgar-face-mask-tv-character-inspired-celebrity-card-face-mask-fancy-dress-party-mask-for-cosplay-comic-con-halloween-photo-booth-props-themed-events,,,,DIY,,Stick,FaceMask-StanEdgar-DIY-S,2.00,continue,,manual,TRUE,TRUE,
starlight-face-mask-superhero-inspired-character-card-face-mask-fancy-dress-party-mask-for-cosplay-comic-con-halloween-photo-booth-props-themed-events,Starlight Face Mask – Fancy Dress Cardboard Costume Mask,active,Style,Ready Cut,Fitting,Elastic,FaceMask-Starlight-RC-E,2.99,continue,,manual,TRUE,TRUE,
starlight-face-mask-superhero-inspired-character-card-face-mask-fancy-dress-party-mask-for-cosplay-comic-con-halloween-photo-booth-props-themed-events,,,,Ready Cut,,Stick,FaceMask-Starlight-RC-S,3.49,continue,,manual,TRUE,TRUE,
starlight-face-mask-superhero-inspired-character-card-face-mask-fancy-dress-party-mask-for-cosplay-comic-con-halloween-photo-booth-props-themed-events,,,,DIY,,Elastic,FaceMask-Starlight-DIY-E,1.50,continue,,manual,TRUE,TRUE,
starlight-face-mask-superhero-inspired-character-card-face-mask-fancy-dress-party-mask-for-cosplay-comic-con-halloween-photo-booth-props-themed-events,,,,DIY,,Stick,FaceMask-Starlight-DIY-S,2.00,continue,,manual,TRUE,TRUE,
the-deep-face-mask-superhero-tv-character-inspired-card-face-mask-funny-fancy-dress-costume-accessory-for-cosplay-halloween-comic-con-parties-photo-booth-props,The Deep Face Mask – Superhero TV Character Inspired Card Face Mask,active,Style,Ready Cut,Fitting,Elastic,FaceMask-TheDeep-RC-E,2.99,continue,,manual,TRUE,TRUE,
the-deep-face-mask-superhero-tv-character-inspired-card-face-mask-funny-fancy-dress-costume-accessory-for-cosplay-halloween-comic-con-parties-photo-booth-props,,,,Ready Cut,,Stick,FaceMask-TheDeep-RC-S,3.49,continue,,manual,TRUE,TRUE,
the-deep-face-mask-superhero-tv-character-inspired-card-face-mask-funny-fancy-dress-costume-accessory-for-cosplay-halloween-comic-con-parties-photo-booth-props,,,,DIY,,Elastic,FaceMask-TheDeep-DIY-E,1.50,continue,,manual,TRUE,TRUE,
the-deep-face-mask-superhero-tv-character-inspired-card-face-mask-funny-fancy-dress-costume-accessory-for-cosplay-halloween-comic-con-parties-photo-booth-props,,,,DIY,,Stick,FaceMask-TheDeep-DIY-S,2.00,continue,,manual,TRUE,TRUE,
alexis-mac-allister-face-mask-argentina-soccer-star-inspired-card-face-mask-football-fan-party-accessory-match-day-photo-booth-prop-sports-supporter-gift,Alexis Mac Allister Face Mask,active,Style,Ready Cut,Fitting,Elastic,FaceMask-AlexisMacAllisterArgentina-RC-E,2.99,continue,,manual,TRUE,TRUE,
alexis-mac-allister-face-mask-argentina-soccer-star-inspired-card-face-mask-football-fan-party-accessory-match-day-photo-booth-prop-sports-supporter-gift,,,,Ready Cut,,Stick,FaceMask-AlexisMacAllisterArgentina-RC-S,3.49,continue,,manual,TRUE,TRUE,
alexis-mac-allister-face-mask-argentina-soccer-star-inspired-card-face-mask-football-fan-party-accessory-match-day-photo-booth-prop-sports-supporter-gift,,,,DIY,,Elastic,FaceMask-AlexisMacAllisterArgentina-DIY-E,1.50,continue,,manual,TRUE,TRUE,
alexis-mac-allister-face-mask-argentina-soccer-star-inspired-card-face-mask-football-fan-party-accessory-match-day-photo-booth-prop-sports-supporter-gift,,,,DIY,,Stick,FaceMask-AlexisMacAllisterArgentina-DIY-S,2.00,continue,,manual,TRUE,TRUE,
cristian-romero-face-mask-argentina-soccer-defender-inspired-card-face-mask-football-fan-party-accessory-match-day-photo-booth-prop-sports-supporter-gift,Cristian Romero Face Mask – Fancy Dress Cardboard Costume Mask,active,Style,Ready Cut,Fitting,Elastic,FaceMask-CristianRomeroArgentina-RC-E,2.99,continue,,manual,TRUE,TRUE,
cristian-romero-face-mask-argentina-soccer-defender-inspired-card-face-mask-football-fan-party-accessory-match-day-photo-booth-prop-sports-supporter-gift,,,,Ready Cut,,Stick,FaceMask-CristianRomeroArgentina-RC-S,3.49,continue,,manual,TRUE,TRUE,
cristian-romero-face-mask-argentina-soccer-defender-inspired-card-face-mask-football-fan-party-accessory-match-day-photo-booth-prop-sports-supporter-gift,,,,DIY,,Elastic,FaceMask-CristianRomeroArgentina-DIY-E,1.50,continue,,manual,TRUE,TRUE,
cristian-romero-face-mask-argentina-soccer-defender-inspired-card-face-mask-football-fan-party-accessory-match-day-photo-booth-prop-sports-supporter-gift,,,,DIY,,Stick,FaceMask-CristianRomeroArgentina-DIY-S,2.00,continue,,manual,TRUE,TRUE,
emi-martinez-face-mask-argentina-goalkeeper-inspired-card-face-mask-football-fan-party-accessory-soccer-match-day-prop-sports-supporter-gift,Emi Martinez Face Mask – Fancy Dress Cardboard Costume Mask,active,Style,Ready Cut,Fitting,Elastic,FaceMask-EmiMartinezArgentina-RC-E,2.99,continue,,manual,TRUE,TRUE,
emi-martinez-face-mask-argentina-goalkeeper-inspired-card-face-mask-football-fan-party-accessory-soccer-match-day-prop-sports-supporter-gift,,,,Ready Cut,,Stick,FaceMask-EmiMartinezArgentina-RC-S,3.49,continue,,manual,TRUE,TRUE,
emi-martinez-face-mask-argentina-goalkeeper-inspired-card-face-mask-football-fan-party-accessory-soccer-match-day-prop-sports-supporter-gift,,,,DIY,,Elastic,FaceMask-EmiMartinezArgentina-DIY-E,1.50,continue,,manual,TRUE,TRUE,
emi-martinez-face-mask-argentina-goalkeeper-inspired-card-face-mask-football-fan-party-accessory-soccer-match-day-prop-sports-supporter-gift,,,,DIY,,Stick,FaceMask-EmiMartinezArgentina-DIY-S,2.00,continue,,manual,TRUE,TRUE,
lionel-messi-face-mask-argentina-soccer-legend-inspired-card-face-mask-football-fan-party-accessory-match-day-photo-booth-prop-sports-supporter-gift,Lionel Messi Face Mask – Fancy Dress Cardboard Costume Mask,active,Style,Ready Cut,Fitting,Elastic,FaceMask-LionelMessiArgentina-RC-E,2.99,continue,,manual,TRUE,TRUE,
lionel-messi-face-mask-argentina-soccer-legend-inspired-card-face-mask-football-fan-party-accessory-match-day-photo-booth-prop-sports-supporter-gift,,,,Ready Cut,,Stick,FaceMask-LionelMessiArgentina-RC-S,3.49,continue,,manual,TRUE,TRUE,
lionel-messi-face-mask-argentina-soccer-legend-inspired-card-face-mask-football-fan-party-accessory-match-day-photo-booth-prop-sports-supporter-gift,,,,DIY,,Elastic,FaceMask-LionelMessiArgentina-DIY-E,1.50,continue,,manual,TRUE,TRUE,
lionel-messi-face-mask-argentina-soccer-legend-inspired-card-face-mask-football-fan-party-accessory-match-day-photo-booth-prop-sports-supporter-gift,,,,DIY,,Stick,FaceMask-LionelMessiArgentina-DIY-S,2.00,continue,,manual,TRUE,TRUE,
lionel-scaloni-face-mask-argentina-football-manager-inspired-card-face-mask-soccer-fan-party-accessory-match-day-photo-booth-prop-sports-supporter-gift,Lionel Scaloni Face Mask – Fancy Dress Cardboard Costume Mask,active,Style,Ready Cut,Fitting,Elastic,FaceMask-LionelScaloniArgentina-RC-E,2.99,continue,,manual,TRUE,TRUE,
lionel-scaloni-face-mask-argentina-football-manager-inspired-card-face-mask-soccer-fan-party-accessory-match-day-photo-booth-prop-sports-supporter-gift,,,,Ready Cut,,Stick,FaceMask-LionelScaloniArgentina-RC-S,3.49,continue,,manual,TRUE,TRUE,
lionel-scaloni-face-mask-argentina-football-manager-inspired-card-face-mask-soccer-fan-party-accessory-match-day-photo-booth-prop-sports-supporter-gift,,,,DIY,,Elastic,FaceMask-LionelScaloniArgentina-DIY-E,1.50,continue,,manual,TRUE,TRUE,
lionel-scaloni-face-mask-argentina-football-manager-inspired-card-face-mask-soccer-fan-party-accessory-match-day-photo-booth-prop-sports-supporter-gift,,,,DIY,,Stick,FaceMask-LionelScaloniArgentina-DIY-S,2.00,continue,,manual,TRUE,TRUE,
enzo-fernandez-face-mask-argentina-football-star-inspired-card-face-mask-soccer-fan-party-accessory-match-day-supporter-prop-sports-fan-gift,"Enzo Fernandez Face Mask – Argentina Football Star Inspired Card Face Mask, Soccer Fan Party Accessory, Match Day Supporter Prop, Sports Fan Gift",active,Style,Ready Cut,Fitting,Elastic,FaceMask-EnzoFernandezArgentina-RC-E,2.99,continue,,manual,TRUE,TRUE,
enzo-fernandez-face-mask-argentina-football-star-inspired-card-face-mask-soccer-fan-party-accessory-match-day-supporter-prop-sports-fan-gift,,,,Ready Cut,,Stick,FaceMask-EnzoFernandezArgentina-RC-S,3.49,continue,,manual,TRUE,TRUE,
enzo-fernandez-face-mask-argentina-football-star-inspired-card-face-mask-soccer-fan-party-accessory-match-day-supporter-prop-sports-fan-gift,,,,DIY,,Elastic,FaceMask-EnzoFernandezArgentina-DIY-E,1.50,continue,,manual,TRUE,TRUE,
enzo-fernandez-face-mask-argentina-football-star-inspired-card-face-mask-soccer-fan-party-accessory-match-day-supporter-prop-sports-fan-gift,,,,DIY,,Stick,FaceMask-EnzoFernandezArgentina-DIY-S,2.00,continue,,manual,TRUE,TRUE,
jeremy-doku-face-mask-belgium-football-star-inspired-card-face-mask-soccer-fan-party-accessory-sports-supporter-prop-match-day-celebration-gift,"Jeremy Doku Face Mask – Belgium Football Star Inspired Card Face Mask, Soccer Fan Party Accessory, Sports Supporter Prop, Match Day Celebration Gift",active,Style,Ready Cut,Fitting,Elastic,FaceMask-JeremyDokuBelgium-RC-E,2.99,continue,,manual,TRUE,TRUE,
jeremy-doku-face-mask-belgium-football-star-inspired-card-face-mask-soccer-fan-party-accessory-sports-supporter-prop-match-day-celebration-gift,,,,Ready Cut,,Stick,FaceMask-JeremyDokuBelgium-RC-S,3.49,continue,,manual,TRUE,TRUE,
jeremy-doku-face-mask-belgium-football-star-inspired-card-face-mask-soccer-fan-party-accessory-sports-supporter-prop-match-day-celebration-gift,,,,DIY,,Elastic,FaceMask-JeremyDokuBelgium-DIY-E,1.50,continue,,manual,TRUE,TRUE,
jeremy-doku-face-mask-belgium-football-star-inspired-card-face-mask-soccer-fan-party-accessory-sports-supporter-prop-match-day-celebration-gift,,,,DIY,,Stick,FaceMask-JeremyDokuBelgium-DIY-S,2.00,continue,,manual,TRUE,TRUE,
kevin-de-bruyne-face-mask-belgium-football-star-inspired-card-face-mask-soccer-fan-party-accessory-match-day-supporter-prop-sports-fan-gift,Kevin De Bruyne Face Mask – Fancy Dress Cardboard Costume Mask,active,Style,Ready Cut,Fitting,Elastic,FaceMask-KevinDeBruyneBelgium-RC-E,2.99,continue,,manual,TRUE,TRUE,
kevin-de-bruyne-face-mask-belgium-football-star-inspired-card-face-mask-soccer-fan-party-accessory-match-day-supporter-prop-sports-fan-gift,,,,Ready Cut,,Stick,FaceMask-KevinDeBruyneBelgium-RC-S,3.49,continue,,manual,TRUE,TRUE,
kevin-de-bruyne-face-mask-belgium-football-star-inspired-card-face-mask-soccer-fan-party-accessory-match-day-supporter-prop-sports-fan-gift,,,,DIY,,Elastic,FaceMask-KevinDeBruyneBelgium-DIY-E,1.50,continue,,manual,TRUE,TRUE,
kevin-de-bruyne-face-mask-belgium-football-star-inspired-card-face-mask-soccer-fan-party-accessory-match-day-supporter-prop-sports-fan-gift,,,,DIY,,Stick,FaceMask-KevinDeBruyneBelgium-DIY-S,2.00,continue,,manual,TRUE,TRUE,
romelu-lukaku-face-mask-belgium-football-star-inspired-card-face-mask-soccer-fan-party-accessory-match-day-supporter-prop-sports-fan-gift,"Romelu Lukaku Face Mask – Belgium Football Star Inspired Card Face Mask, Soccer Fan Party Accessory, Match Day Supporter Prop, Sports Fan Gift",active,Style,Ready Cut,Fitting,Elastic,FaceMask-RomeluLukakuBelgium-RC-E,2.99,continue,,manual,TRUE,TRUE,
romelu-lukaku-face-mask-belgium-football-star-inspired-card-face-mask-soccer-fan-party-accessory-match-day-supporter-prop-sports-fan-gift,,,,Ready Cut,,Stick,FaceMask-RomeluLukakuBelgium-RC-S,3.49,continue,,manual,TRUE,TRUE,
romelu-lukaku-face-mask-belgium-football-star-inspired-card-face-mask-soccer-fan-party-accessory-match-day-supporter-prop-sports-fan-gift,,,,DIY,,Elastic,FaceMask-RomeluLukakuBelgium-DIY-E,1.50,continue,,manual,TRUE,TRUE,
romelu-lukaku-face-mask-belgium-football-star-inspired-card-face-mask-soccer-fan-party-accessory-match-day-supporter-prop-sports-fan-gift,,,,DIY,,Stick,FaceMask-RomeluLukakuBelgium-DIY-S,2.00,continue,,manual,TRUE,TRUE,
rudi-garcia-face-mask-football-manager-inspired-card-face-mask-soccer-coach-fan-accessory-match-day-party-prop-sports-supporter-gift,Rudi Garcia Face Mask – Fancy Dress Cardboard Costume Mask,active,Style,Ready Cut,Fitting,Elastic,FaceMask-RudiGarciaBelgium-RC-E,2.99,continue,,manual,TRUE,TRUE,
rudi-garcia-face-mask-football-manager-inspired-card-face-mask-soccer-coach-fan-accessory-match-day-party-prop-sports-supporter-gift,,,,Ready Cut,,Stick,FaceMask-RudiGarciaBelgium-RC-S,3.49,continue,,manual,TRUE,TRUE,
rudi-garcia-face-mask-football-manager-inspired-card-face-mask-soccer-coach-fan-accessory-match-day-party-prop-sports-supporter-gift,,,,DIY,,Elastic,FaceMask-RudiGarciaBelgium-DIY-E,1.50,continue,,manual,TRUE,TRUE,
rudi-garcia-face-mask-football-manager-inspired-card-face-mask-soccer-coach-fan-accessory-match-day-party-prop-sports-supporter-gift,,,,DIY,,Stick,FaceMask-RudiGarciaBelgium-DIY-S,2.00,continue,,manual,TRUE,TRUE,
thibaut-courtois-face-mask-belgium-football-goalkeeper-inspired-card-face-mask-soccer-fan-party-accessory-match-day-supporter-prop-sports-fan-gift,Thibaut Courtois Face Mask – Fancy Dress Cardboard Costume Mask,active,Style,Ready Cut,Fitting,Elastic,FaceMask-ThibautCourtoisBelgium-RC-E,2.99,continue,,manual,TRUE,TRUE,
thibaut-courtois-face-mask-belgium-football-goalkeeper-inspired-card-face-mask-soccer-fan-party-accessory-match-day-supporter-prop-sports-fan-gift,,,,Ready Cut,,Stick,FaceMask-ThibautCourtoisBelgium-RC-S,3.49,continue,,manual,TRUE,TRUE,
thibaut-courtois-face-mask-belgium-football-goalkeeper-inspired-card-face-mask-soccer-fan-party-accessory-match-day-supporter-prop-sports-fan-gift,,,,DIY,,Elastic,FaceMask-ThibautCourtoisBelgium-DIY-E,1.50,continue,,manual,TRUE,TRUE,
thibaut-courtois-face-mask-belgium-football-goalkeeper-inspired-card-face-mask-soccer-fan-party-accessory-match-day-supporter-prop-sports-fan-gift,,,,DIY,,Stick,FaceMask-ThibautCourtoisBelgium-DIY-S,2.00,continue,,manual,TRUE,TRUE,
alisson-becker-face-mask-brazil-goalkeeper-inspired-card-face-mask-football-fan-party-accessory-soccer-supporter-mask-match-day-photo-prop-sports-fan-gift,Alisson Becker Face Mask – Fancy Dress Cardboard Costume Mask,active,Style,Ready Cut,Fitting,Elastic,FaceMask-AlissonBeckerBrazil-RC-E,2.99,continue,,manual,TRUE,TRUE,
alisson-becker-face-mask-brazil-goalkeeper-inspired-card-face-mask-football-fan-party-accessory-soccer-supporter-mask-match-day-photo-prop-sports-fan-gift,,,,Ready Cut,,Stick,FaceMask-AlissonBeckerBrazil-RC-S,3.49,continue,,manual,TRUE,TRUE,
alisson-becker-face-mask-brazil-goalkeeper-inspired-card-face-mask-football-fan-party-accessory-soccer-supporter-mask-match-day-photo-prop-sports-fan-gift,,,,DIY,,Elastic,FaceMask-AlissonBeckerBrazil-DIY-E,1.50,continue,,manual,TRUE,TRUE,
alisson-becker-face-mask-brazil-goalkeeper-inspired-card-face-mask-football-fan-party-accessory-soccer-supporter-mask-match-day-photo-prop-sports-fan-gift,,,,DIY,,Stick,FaceMask-AlissonBeckerBrazil-DIY-S,2.00,continue,,manual,TRUE,TRUE,
carlo-ancelotti-face-mask-football-manager-inspired-card-face-mask-soccer-coach-party-accessory-match-day-fan-prop-sports-celebration-mask-football-supporter-gift,Carlo Ancelotti Face Mask – Fancy Dress Cardboard Costume Mask,active,Style,Ready Cut,Fitting,Elastic,FaceMask-CarloAncelottiBrazil-RC-E,2.99,continue,,manual,TRUE,TRUE,
carlo-ancelotti-face-mask-football-manager-inspired-card-face-mask-soccer-coach-party-accessory-match-day-fan-prop-sports-celebration-mask-football-supporter-gift,,,,Ready Cut,,Stick,FaceMask-CarloAncelottiBrazil-RC-S,3.49,continue,,manual,TRUE,TRUE,
carlo-ancelotti-face-mask-football-manager-inspired-card-face-mask-soccer-coach-party-accessory-match-day-fan-prop-sports-celebration-mask-football-supporter-gift,,,,DIY,,Elastic,FaceMask-CarloAncelottiBrazil-DIY-E,1.50,continue,,manual,TRUE,TRUE,
carlo-ancelotti-face-mask-football-manager-inspired-card-face-mask-soccer-coach-party-accessory-match-day-fan-prop-sports-celebration-mask-football-supporter-gift,,,,DIY,,Stick,FaceMask-CarloAncelottiBrazil-DIY-S,2.00,continue,,manual,TRUE,TRUE,
gabriel-magalhaes-face-mask-brazil-football-defender-inspired-card-face-mask-soccer-fan-party-accessory-match-day-supporter-prop-sports-fan-gift,"Gabriel Magalhães Face Mask – Brazil Football Defender Inspired Card Face Mask, Soccer Fan Party Accessory, Match Day Supporter Prop, Sports Fan Gift",active,Style,Ready Cut,Fitting,Elastic,FaceMask-GabrielMagalhaesBrazil-RC-E,2.99,continue,,manual,TRUE,TRUE,
gabriel-magalhaes-face-mask-brazil-football-defender-inspired-card-face-mask-soccer-fan-party-accessory-match-day-supporter-prop-sports-fan-gift,,,,Ready Cut,,Stick,FaceMask-GabrielMagalhaesBrazil-RC-S,3.49,continue,,manual,TRUE,TRUE,
gabriel-magalhaes-face-mask-brazil-football-defender-inspired-card-face-mask-soccer-fan-party-accessory-match-day-supporter-prop-sports-fan-gift,,,,DIY,,Elastic,FaceMask-GabrielMagalhaesBrazil-DIY-E,1.50,continue,,manual,TRUE,TRUE,
gabriel-magalhaes-face-mask-brazil-football-defender-inspired-card-face-mask-soccer-fan-party-accessory-match-day-supporter-prop-sports-fan-gift,,,,DIY,,Stick,FaceMask-GabrielMagalhaesBrazil-DIY-S,2.00,continue,,manual,TRUE,TRUE,
neymar-jr-face-mask-brazil-football-star-inspired-card-face-mask-soccer-fan-party-accessory-match-day-supporter-prop-sports-fan-gift,Neymar Jr Face Mask – Fancy Dress Cardboard Costume Mask,active,Style,Ready Cut,Fitting,Elastic,FaceMask-NeymarJrBrazil-RC-E,2.99,continue,,manual,TRUE,TRUE,
neymar-jr-face-mask-brazil-football-star-inspired-card-face-mask-soccer-fan-party-accessory-match-day-supporter-prop-sports-fan-gift,,,,Ready Cut,,Stick,FaceMask-NeymarJrBrazil-RC-S,3.49,continue,,manual,TRUE,TRUE,
neymar-jr-face-mask-brazil-football-star-inspired-card-face-mask-soccer-fan-party-accessory-match-day-supporter-prop-sports-fan-gift,,,,DIY,,Elastic,FaceMask-NeymarJrBrazil-DIY-E,1.50,continue,,manual,TRUE,TRUE,
neymar-jr-face-mask-brazil-football-star-inspired-card-face-mask-soccer-fan-party-accessory-match-day-supporter-prop-sports-fan-gift,,,,DIY,,Stick,FaceMask-NeymarJrBrazil-DIY-S,2.00,continue,,manual,TRUE,TRUE,
vinicius-junior-face-mask-brazil-football-star-inspired-card-face-mask-soccer-fan-party-accessory-match-day-supporter-prop-sports-fan-gift,Vinicius Junior Face Mask – Fancy Dress Cardboard Costume Mask,active,Style,Ready Cut,Fitting,Elastic,FaceMask-ViniciusJuniorBrazil-RC-E,2.99,continue,,manual,TRUE,TRUE,
vinicius-junior-face-mask-brazil-football-star-inspired-card-face-mask-soccer-fan-party-accessory-match-day-supporter-prop-sports-fan-gift,,,,Ready Cut,,Stick,FaceMask-ViniciusJuniorBrazil-RC-S,3.49,continue,,manual,TRUE,TRUE,
vinicius-junior-face-mask-brazil-football-star-inspired-card-face-mask-soccer-fan-party-accessory-match-day-supporter-prop-sports-fan-gift,,,,DIY,,Elastic,FaceMask-ViniciusJuniorBrazil-DIY-E,1.50,continue,,manual,TRUE,TRUE,
vinicius-junior-face-mask-brazil-football-star-inspired-card-face-mask-soccer-fan-party-accessory-match-day-supporter-prop-sports-fan-gift,,,,DIY,,Stick,FaceMask-ViniciusJuniorBrazil-DIY-S,2.00,continue,,manual,TRUE,TRUE,
marc-guehi-face-mask-england-football-star-inspired-card-face-mask-soccer-fan-party-accessory-match-day-supporter-prop-sports-fan-gift,"Marc Guéhi Face Mask – England Football Star Inspired Card Face Mask, Soccer Fan Party Accessory, Match Day Supporter Prop, Sports Fan Gift",active,Style,Ready Cut,Fitting,Elastic,FaceMask-MarcGuehiEngland-RC-E,2.99,continue,,manual,TRUE,TRUE,
marc-guehi-face-mask-england-football-star-inspired-card-face-mask-soccer-fan-party-accessory-match-day-supporter-prop-sports-fan-gift,,,,Ready Cut,,Stick,FaceMask-MarcGuehiEngland-RC-S,3.49,continue,,manual,TRUE,TRUE,
marc-guehi-face-mask-england-football-star-inspired-card-face-mask-soccer-fan-party-accessory-match-day-supporter-prop-sports-fan-gift,,,,DIY,,Elastic,FaceMask-MarcGuehiEngland-DIY-E,1.50,continue,,manual,TRUE,TRUE,
marc-guehi-face-mask-england-football-star-inspired-card-face-mask-soccer-fan-party-accessory-match-day-supporter-prop-sports-fan-gift,,,,DIY,,Stick,FaceMask-MarcGuehiEngland-DIY-S,2.00,continue,,manual,TRUE,TRUE,
thomas-tuchel-face-mask-germany-football-manager-inspired-card-face-mask-soccer-coach-fan-accessory-match-day-party-prop-sports-supporter-gift,"Thomas Tuchel Face Mask – Germany Football Manager Inspired Card Face Mask, Soccer Coach Fan Accessory, Match Day Party Prop, Sports Supporter Gift",active,Style,Ready Cut,Fitting,Elastic,FaceMask-ThomasTuchelEngland-RC-E,2.99,continue,,manual,TRUE,TRUE,
thomas-tuchel-face-mask-germany-football-manager-inspired-card-face-mask-soccer-coach-fan-accessory-match-day-party-prop-sports-supporter-gift,,,,Ready Cut,,Stick,FaceMask-ThomasTuchelEngland-RC-S,3.49,continue,,manual,TRUE,TRUE,
thomas-tuchel-face-mask-germany-football-manager-inspired-card-face-mask-soccer-coach-fan-accessory-match-day-party-prop-sports-supporter-gift,,,,DIY,,Elastic,FaceMask-ThomasTuchelEngland-DIY-E,1.50,continue,,manual,TRUE,TRUE,
thomas-tuchel-face-mask-germany-football-manager-inspired-card-face-mask-soccer-coach-fan-accessory-match-day-party-prop-sports-supporter-gift,,,,DIY,,Stick,FaceMask-ThomasTuchelEngland-DIY-S,2.00,continue,,manual,TRUE,TRUE,
didier-deschamps-face-mask-france-football-manager-inspired-card-face-mask-soccer-coach-fan-accessory-match-day-party-prop-sports-supporter-gift,Didier Deschamps Face Mask – Fancy Dress Cardboard Costume Mask,active,Style,Ready Cut,Fitting,Elastic,FaceMask-DidierDeschampsFrance-RC-E,2.99,continue,,manual,TRUE,TRUE,
didier-deschamps-face-mask-france-football-manager-inspired-card-face-mask-soccer-coach-fan-accessory-match-day-party-prop-sports-supporter-gift,,,,Ready Cut,,Stick,FaceMask-DidierDeschampsFrance-RC-S,3.49,continue,,manual,TRUE,TRUE,
didier-deschamps-face-mask-france-football-manager-inspired-card-face-mask-soccer-coach-fan-accessory-match-day-party-prop-sports-supporter-gift,,,,DIY,,Elastic,FaceMask-DidierDeschampsFrance-DIY-E,1.50,continue,,manual,TRUE,TRUE,
didier-deschamps-face-mask-france-football-manager-inspired-card-face-mask-soccer-coach-fan-accessory-match-day-party-prop-sports-supporter-gift,,,,DIY,,Stick,FaceMask-DidierDeschampsFrance-DIY-S,2.00,continue,,manual,TRUE,TRUE,
jules-kounde-face-mask-france-football-star-inspired-card-face-mask-soccer-fan-party-accessory-match-day-supporter-prop-sports-fan-gift,Jules Koundé Face Mask – Fancy Dress Cardboard Costume Mask,active,Style,Ready Cut,Fitting,Elastic,FaceMask-JulesKoundeFrance-RC-E,2.99,continue,,manual,TRUE,TRUE,
jules-kounde-face-mask-france-football-star-inspired-card-face-mask-soccer-fan-party-accessory-match-day-supporter-prop-sports-fan-gift,,,,Ready Cut,,Stick,FaceMask-JulesKoundeFrance-RC-S,3.49,continue,,manual,TRUE,TRUE,
jules-kounde-face-mask-france-football-star-inspired-card-face-mask-soccer-fan-party-accessory-match-day-supporter-prop-sports-fan-gift,,,,DIY,,Elastic,FaceMask-JulesKoundeFrance-DIY-E,1.50,continue,,manual,TRUE,TRUE,
jules-kounde-face-mask-france-football-star-inspired-card-face-mask-soccer-fan-party-accessory-match-day-supporter-prop-sports-fan-gift,,,,DIY,,Stick,FaceMask-JulesKoundeFrance-DIY-S,2.00,continue,,manual,TRUE,TRUE,
kylian-mbappe-face-mask-france-football-superstar-inspired-card-face-mask-soccer-fan-party-accessory-match-day-supporter-prop-sports-fan-gift,Kylian Mbappé Face Mask – Fancy Dress Cardboard Costume Mask,active,Style,Ready Cut,Fitting,Elastic,FaceMask-KylianMbappeFrance-RC-E,2.99,continue,,manual,TRUE,TRUE,
kylian-mbappe-face-mask-france-football-superstar-inspired-card-face-mask-soccer-fan-party-accessory-match-day-supporter-prop-sports-fan-gift,,,,Ready Cut,,Stick,FaceMask-KylianMbappeFrance-RC-S,3.49,continue,,manual,TRUE,TRUE,
kylian-mbappe-face-mask-france-football-superstar-inspired-card-face-mask-soccer-fan-party-accessory-match-day-supporter-prop-sports-fan-gift,,,,DIY,,Elastic,FaceMask-KylianMbappeFrance-DIY-E,1.50,continue,,manual,TRUE,TRUE,
kylian-mbappe-face-mask-france-football-superstar-inspired-card-face-mask-soccer-fan-party-accessory-match-day-supporter-prop-sports-fan-gift,,,,DIY,,Stick,FaceMask-KylianMbappeFrance-DIY-S,2.00,continue,,manual,TRUE,TRUE,
mike-maignan-face-mask-france-goalkeeper-inspired-card-face-mask-football-fan-party-accessory-soccer-supporter-prop-sports-fan-gift,Mike Maignan Face Mask – Fancy Dress Cardboard Costume Mask,active,Style,Ready Cut,Fitting,Elastic,FaceMask-MikeMaignanFrance-RC-E,2.99,continue,,manual,TRUE,TRUE,
mike-maignan-face-mask-france-goalkeeper-inspired-card-face-mask-football-fan-party-accessory-soccer-supporter-prop-sports-fan-gift,,,,Ready Cut,,Stick,FaceMask-MikeMaignanFrance-RC-S,3.49,continue,,manual,TRUE,TRUE,
mike-maignan-face-mask-france-goalkeeper-inspired-card-face-mask-football-fan-party-accessory-soccer-supporter-prop-sports-fan-gift,,,,DIY,,Elastic,FaceMask-MikeMaignanFrance-DIY-E,1.50,continue,,manual,TRUE,TRUE,
mike-maignan-face-mask-france-goalkeeper-inspired-card-face-mask-football-fan-party-accessory-soccer-supporter-prop-sports-fan-gift,,,,DIY,,Stick,FaceMask-MikeMaignanFrance-DIY-S,2.00,continue,,manual,TRUE,TRUE,
ousmane-dembele-face-mask-france-football-star-inspired-card-face-mask-soccer-fan-party-accessory-sports-supporter-prop-football-gift,Ousmane Dembele Face Mask – Fancy Dress Cardboard Costume Mask,active,Style,Ready Cut,Fitting,Elastic,FaceMask-OusmaneDembeleFrance-RC-E,2.99,continue,,manual,TRUE,TRUE,
ousmane-dembele-face-mask-france-football-star-inspired-card-face-mask-soccer-fan-party-accessory-sports-supporter-prop-football-gift,,,,Ready Cut,,Stick,FaceMask-OusmaneDembeleFrance-RC-S,3.49,continue,,manual,TRUE,TRUE,
ousmane-dembele-face-mask-france-football-star-inspired-card-face-mask-soccer-fan-party-accessory-sports-supporter-prop-football-gift,,,,DIY,,Elastic,FaceMask-OusmaneDembeleFrance-DIY-E,1.50,continue,,manual,TRUE,TRUE,
ousmane-dembele-face-mask-france-football-star-inspired-card-face-mask-soccer-fan-party-accessory-sports-supporter-prop-football-gift,,,,DIY,,Stick,FaceMask-OusmaneDembeleFrance-DIY-S,2.00,continue,,manual,TRUE,TRUE,
rayan-cherki-face-mask-france-football-star-inspired-card-face-mask-soccer-fan-party-accessory-sports-supporter-prop-football-gift,Rayan Cherki Face Mask – Fancy Dress Cardboard Costume Mask,active,Style,Ready Cut,Fitting,Elastic,FaceMask-RayanCherkiFrance-RC-E,2.99,continue,,manual,TRUE,TRUE,
rayan-cherki-face-mask-france-football-star-inspired-card-face-mask-soccer-fan-party-accessory-sports-supporter-prop-football-gift,,,,Ready Cut,,Stick,FaceMask-RayanCherkiFrance-RC-S,3.49,continue,,manual,TRUE,TRUE,
rayan-cherki-face-mask-france-football-star-inspired-card-face-mask-soccer-fan-party-accessory-sports-supporter-prop-football-gift,,,,DIY,,Elastic,FaceMask-RayanCherkiFrance-DIY-E,1.50,continue,,manual,TRUE,TRUE,
rayan-cherki-face-mask-france-football-star-inspired-card-face-mask-soccer-fan-party-accessory-sports-supporter-prop-football-gift,,,,DIY,,Stick,FaceMask-RayanCherkiFrance-DIY-S,2.00,continue,,manual,TRUE,TRUE,
antonio-rudiger-face-mask-germany-football-star-inspired-card-face-mask-soccer-fan-party-accessory-sports-supporter-prop-football-gift,Antonio Rüdiger Face Mask – Fancy Dress Cardboard Costume Mask,active,Style,Ready Cut,Fitting,Elastic,FaceMask-AntonioRudigerGermany-RC-E,2.99,continue,,manual,TRUE,TRUE,
antonio-rudiger-face-mask-germany-football-star-inspired-card-face-mask-soccer-fan-party-accessory-sports-supporter-prop-football-gift,,,,Ready Cut,,Stick,FaceMask-AntonioRudigerGermany-RC-S,3.49,continue,,manual,TRUE,TRUE,
antonio-rudiger-face-mask-germany-football-star-inspired-card-face-mask-soccer-fan-party-accessory-sports-supporter-prop-football-gift,,,,DIY,,Elastic,FaceMask-AntonioRudigerGermany-DIY-E,1.50,continue,,manual,TRUE,TRUE,
antonio-rudiger-face-mask-germany-football-star-inspired-card-face-mask-soccer-fan-party-accessory-sports-supporter-prop-football-gift,,,,DIY,,Stick,FaceMask-AntonioRudigerGermany-DIY-S,2.00,continue,,manual,TRUE,TRUE,
joshua-kimmich-face-mask-germany-football-star-inspired-card-face-mask-soccer-fan-party-accessory-sports-supporter-prop-football-gift,Joshua Kimmich Face Mask – Fancy Dress Cardboard Costume Mask,active,Style,Ready Cut,Fitting,Elastic,FaceMask-JoshuaKimmichGermany-RC-E,2.99,continue,,manual,TRUE,TRUE,
joshua-kimmich-face-mask-germany-football-star-inspired-card-face-mask-soccer-fan-party-accessory-sports-supporter-prop-football-gift,,,,Ready Cut,,Stick,FaceMask-JoshuaKimmichGermany-RC-S,3.49,continue,,manual,TRUE,TRUE,
joshua-kimmich-face-mask-germany-football-star-inspired-card-face-mask-soccer-fan-party-accessory-sports-supporter-prop-football-gift,,,,DIY,,Elastic,FaceMask-JoshuaKimmichGermany-DIY-E,1.50,continue,,manual,TRUE,TRUE,
joshua-kimmich-face-mask-germany-football-star-inspired-card-face-mask-soccer-fan-party-accessory-sports-supporter-prop-football-gift,,,,DIY,,Stick,FaceMask-JoshuaKimmichGermany-DIY-S,2.00,continue,,manual,TRUE,TRUE,
julian-nagelsmann-face-mask-germany-football-manager-inspired-card-face-mask-soccer-fan-party-accessory-sports-supporter-prop-football-gift,Julian Nagelsmann Face Mask – Fancy Dress Cardboard Costume Mask,active,Style,Ready Cut,Fitting,Elastic,FaceMask-JulianNagelsmannGermany-RC-E,2.99,continue,,manual,TRUE,TRUE,
julian-nagelsmann-face-mask-germany-football-manager-inspired-card-face-mask-soccer-fan-party-accessory-sports-supporter-prop-football-gift,,,,Ready Cut,,Stick,FaceMask-JulianNagelsmannGermany-RC-S,3.49,continue,,manual,TRUE,TRUE,
julian-nagelsmann-face-mask-germany-football-manager-inspired-card-face-mask-soccer-fan-party-accessory-sports-supporter-prop-football-gift,,,,DIY,,Elastic,FaceMask-JulianNagelsmannGermany-DIY-E,1.50,continue,,manual,TRUE,TRUE,
julian-nagelsmann-face-mask-germany-football-manager-inspired-card-face-mask-soccer-fan-party-accessory-sports-supporter-prop-football-gift,,,,DIY,,Stick,FaceMask-JulianNagelsmannGermany-DIY-S,2.00,continue,,manual,TRUE,TRUE,
leroy-sane-face-mask-germany-football-player-inspired-card-face-mask-soccer-fan-party-accessory-sports-supporter-prop-football-gift,Leroy Sané Face Mask – Fancy Dress Cardboard Costume Mask,active,Style,Ready Cut,Fitting,Elastic,FaceMask-LeroySaneGermany-RC-E,2.99,continue,,manual,TRUE,TRUE,
leroy-sane-face-mask-germany-football-player-inspired-card-face-mask-soccer-fan-party-accessory-sports-supporter-prop-football-gift,,,,Ready Cut,,Stick,FaceMask-LeroySaneGermany-RC-S,3.49,continue,,manual,TRUE,TRUE,
leroy-sane-face-mask-germany-football-player-inspired-card-face-mask-soccer-fan-party-accessory-sports-supporter-prop-football-gift,,,,DIY,,Elastic,FaceMask-LeroySaneGermany-DIY-E,1.50,continue,,manual,TRUE,TRUE,
leroy-sane-face-mask-germany-football-player-inspired-card-face-mask-soccer-fan-party-accessory-sports-supporter-prop-football-gift,,,,DIY,,Stick,FaceMask-LeroySaneGermany-DIY-S,2.00,continue,,manual,TRUE,TRUE,
manuel-neuer-face-mask-germany-football-goalkeeper-inspired-card-face-mask-soccer-fan-party-accessory-sports-supporter-prop-football-gift,Manuel Neuer Face Mask – Fancy Dress Cardboard Costume Mask,active,Style,Ready Cut,Fitting,Elastic,FaceMask-ManuelNeuerGermany-RC-E,2.99,continue,,manual,TRUE,TRUE,
manuel-neuer-face-mask-germany-football-goalkeeper-inspired-card-face-mask-soccer-fan-party-accessory-sports-supporter-prop-football-gift,,,,Ready Cut,,Stick,FaceMask-ManuelNeuerGermany-RC-S,3.49,continue,,manual,TRUE,TRUE,
manuel-neuer-face-mask-germany-football-goalkeeper-inspired-card-face-mask-soccer-fan-party-accessory-sports-supporter-prop-football-gift,,,,DIY,,Elastic,FaceMask-ManuelNeuerGermany-DIY-E,1.50,continue,,manual,TRUE,TRUE,
manuel-neuer-face-mask-germany-football-goalkeeper-inspired-card-face-mask-soccer-fan-party-accessory-sports-supporter-prop-football-gift,,,,DIY,,Stick,FaceMask-ManuelNeuerGermany-DIY-S,2.00,continue,,manual,TRUE,TRUE,
nick-woltemade-face-mask-germany-football-player-inspired-card-face-mask-soccer-fan-party-accessory-sports-supporter-prop-football-gift,"Nick Woltemade Face Mask – Germany Football Player Inspired Card Face Mask, Soccer Fan Party Accessory, Sports Supporter Prop, Football Gift",active,Style,Ready Cut,Fitting,Elastic,FaceMask-NickWoltemadeGermany-RC-E,2.99,continue,,manual,TRUE,TRUE,
nick-woltemade-face-mask-germany-football-player-inspired-card-face-mask-soccer-fan-party-accessory-sports-supporter-prop-football-gift,,,,Ready Cut,,Stick,FaceMask-NickWoltemadeGermany-RC-S,3.49,continue,,manual,TRUE,TRUE,
nick-woltemade-face-mask-germany-football-player-inspired-card-face-mask-soccer-fan-party-accessory-sports-supporter-prop-football-gift,,,,DIY,,Elastic,FaceMask-NickWoltemadeGermany-DIY-E,1.50,continue,,manual,TRUE,TRUE,
nick-woltemade-face-mask-germany-football-player-inspired-card-face-mask-soccer-fan-party-accessory-sports-supporter-prop-football-gift,,,,DIY,,Stick,FaceMask-NickWoltemadeGermany-DIY-S,2.00,continue,,manual,TRUE,TRUE,
diego-maradona-face-mask-argentina-football-legend-inspired-card-face-mask-soccer-fan-party-accessory-sports-supporter-prop-football-gift,"Diego Maradona Face Mask – Argentina Football Legend Inspired Card Face Mask, Soccer Fan Party Accessory, Sports Supporter Prop, Football Gift",active,Style,Ready Cut,Fitting,Elastic,FaceMask-DiegoMaradonaLegends-RC-E,2.99,continue,,manual,TRUE,TRUE,
diego-maradona-face-mask-argentina-football-legend-inspired-card-face-mask-soccer-fan-party-accessory-sports-supporter-prop-football-gift,,,,Ready Cut,,Stick,FaceMask-DiegoMaradonaLegends-RC-S,3.49,continue,,manual,TRUE,TRUE,
diego-maradona-face-mask-argentina-football-legend-inspired-card-face-mask-soccer-fan-party-accessory-sports-supporter-prop-football-gift,,,,DIY,,Elastic,FaceMask-DiegoMaradonaLegends-DIY-E,1.50,continue,,manual,TRUE,TRUE,
diego-maradona-face-mask-argentina-football-legend-inspired-card-face-mask-soccer-fan-party-accessory-sports-supporter-prop-football-gift,,,,DIY,,Stick,FaceMask-DiegoMaradonaLegends-DIY-S,2.00,continue,,manual,TRUE,TRUE,
gianluigi-buffon-face-mask-italy-football-goalkeeper-legend-inspired-card-face-mask-soccer-fan-party-accessory-sports-supporter-prop-football-gift,Gianluigi Buffon Face Mask – Fancy Dress Cardboard Costume Mask,active,Style,Ready Cut,Fitting,Elastic,FaceMask-GianluigiBuffonLegends-RC-E,2.99,continue,,manual,TRUE,TRUE,
gianluigi-buffon-face-mask-italy-football-goalkeeper-legend-inspired-card-face-mask-soccer-fan-party-accessory-sports-supporter-prop-football-gift,,,,Ready Cut,,Stick,FaceMask-GianluigiBuffonLegends-RC-S,3.49,continue,,manual,TRUE,TRUE,
gianluigi-buffon-face-mask-italy-football-goalkeeper-legend-inspired-card-face-mask-soccer-fan-party-accessory-sports-supporter-prop-football-gift,,,,DIY,,Elastic,FaceMask-GianluigiBuffonLegends-DIY-E,1.50,continue,,manual,TRUE,TRUE,
gianluigi-buffon-face-mask-italy-football-goalkeeper-legend-inspired-card-face-mask-soccer-fan-party-accessory-sports-supporter-prop-football-gift,,,,DIY,,Stick,FaceMask-GianluigiBuffonLegends-DIY-S,2.00,continue,,manual,TRUE,TRUE,
paolo-maldini-face-mask-italy-football-legend-inspired-card-face-mask-soccer-fan-party-accessory-sports-supporter-prop-football-gift,Paolo Maldini Face Mask – Fancy Dress Cardboard Costume Mask,active,Style,Ready Cut,Fitting,Elastic,FaceMask-PaoloMaldiniLegends-RC-E,2.99,continue,,manual,TRUE,TRUE,
paolo-maldini-face-mask-italy-football-legend-inspired-card-face-mask-soccer-fan-party-accessory-sports-supporter-prop-football-gift,,,,Ready Cut,,Stick,FaceMask-PaoloMaldiniLegends-RC-S,3.49,continue,,manual,TRUE,TRUE,
paolo-maldini-face-mask-italy-football-legend-inspired-card-face-mask-soccer-fan-party-accessory-sports-supporter-prop-football-gift,,,,DIY,,Elastic,FaceMask-PaoloMaldiniLegends-DIY-E,1.50,continue,,manual,TRUE,TRUE,
paolo-maldini-face-mask-italy-football-legend-inspired-card-face-mask-soccer-fan-party-accessory-sports-supporter-prop-football-gift,,,,DIY,,Stick,FaceMask-PaoloMaldiniLegends-DIY-S,2.00,continue,,manual,TRUE,TRUE,
pele-face-mask-brazil-football-legend-inspired-card-face-mask-soccer-fan-party-accessory-sports-supporter-prop-football-gift-for-fans,Pele Face Mask – Fancy Dress Cardboard Costume Mask,active,Style,Ready Cut,Fitting,Elastic,FaceMask-PeleLegends-RC-E,2.99,continue,,manual,TRUE,TRUE,
pele-face-mask-brazil-football-legend-inspired-card-face-mask-soccer-fan-party-accessory-sports-supporter-prop-football-gift-for-fans,,,,Ready Cut,,Stick,FaceMask-PeleLegends-RC-S,3.49,continue,,manual,TRUE,TRUE,
pele-face-mask-brazil-football-legend-inspired-card-face-mask-soccer-fan-party-accessory-sports-supporter-prop-football-gift-for-fans,,,,DIY,,Elastic,FaceMask-PeleLegends-DIY-E,1.50,continue,,manual,TRUE,TRUE,
pele-face-mask-brazil-football-legend-inspired-card-face-mask-soccer-fan-party-accessory-sports-supporter-prop-football-gift-for-fans,,,,DIY,,Stick,FaceMask-PeleLegends-DIY-S,2.00,continue,,manual,TRUE,TRUE,
ronaldinho-face-mask-brazil-football-legend-inspired-card-face-mask-soccer-fan-party-accessory-sports-supporter-prop-football-gift-for-fans,"Ronaldinho Face Mask – Brazil Football Legend Inspired Card Face Mask, Soccer Fan Party Accessory, Sports Supporter Prop, Football Gift for Fans",active,Style,Ready Cut,Fitting,Elastic,FaceMask-RonaldinhoLegends-RC-E,2.99,continue,,manual,TRUE,TRUE,
ronaldinho-face-mask-brazil-football-legend-inspired-card-face-mask-soccer-fan-party-accessory-sports-supporter-prop-football-gift-for-fans,,,,Ready Cut,,Stick,FaceMask-RonaldinhoLegends-RC-S,3.49,continue,,manual,TRUE,TRUE,
ronaldinho-face-mask-brazil-football-legend-inspired-card-face-mask-soccer-fan-party-accessory-sports-supporter-prop-football-gift-for-fans,,,,DIY,,Elastic,FaceMask-RonaldinhoLegends-DIY-E,1.50,continue,,manual,TRUE,TRUE,
ronaldinho-face-mask-brazil-football-legend-inspired-card-face-mask-soccer-fan-party-accessory-sports-supporter-prop-football-gift-for-fans,,,,DIY,,Stick,FaceMask-RonaldinhoLegends-DIY-S,2.00,continue,,manual,TRUE,TRUE,
zinedine-zidane-face-mask-france-football-legend-inspired-card-face-mask-soccer-fan-party-accessory-sports-supporter-prop-football-gift-for-fans,"Zinedine Zidane Face Mask – France Football Legend Inspired Card Face Mask, Soccer Fan Party Accessory, Sports Supporter Prop, Football Gift for Fans",active,Style,Ready Cut,Fitting,Elastic,FaceMask-ZinedineZidaneLegends-RC-E,2.99,continue,,manual,TRUE,TRUE,
zinedine-zidane-face-mask-france-football-legend-inspired-card-face-mask-soccer-fan-party-accessory-sports-supporter-prop-football-gift-for-fans,,,,Ready Cut,,Stick,FaceMask-ZinedineZidaneLegends-RC-S,3.49,continue,,manual,TRUE,TRUE,
zinedine-zidane-face-mask-france-football-legend-inspired-card-face-mask-soccer-fan-party-accessory-sports-supporter-prop-football-gift-for-fans,,,,DIY,,Elastic,FaceMask-ZinedineZidaneLegends-DIY-E,1.50,continue,,manual,TRUE,TRUE,
zinedine-zidane-face-mask-france-football-legend-inspired-card-face-mask-soccer-fan-party-accessory-sports-supporter-prop-football-gift-for-fans,,,,DIY,,Stick,FaceMask-ZinedineZidaneLegends-DIY-S,2.00,continue,,manual,TRUE,TRUE,
bart-verbruggen-face-mask-netherlands-football-goalkeeper-inspired-card-face-mask-soccer-fan-party-accessory-sports-supporter-prop-football-gift-for-fans,Bart Verbruggen Face Mask – Fancy Dress Cardboard Costume Mask,active,Style,Ready Cut,Fitting,Elastic,FaceMask-BartVerbruggenNetherlands-RC-E,2.99,continue,,manual,TRUE,TRUE,
bart-verbruggen-face-mask-netherlands-football-goalkeeper-inspired-card-face-mask-soccer-fan-party-accessory-sports-supporter-prop-football-gift-for-fans,,,,Ready Cut,,Stick,FaceMask-BartVerbruggenNetherlands-RC-S,3.49,continue,,manual,TRUE,TRUE,
bart-verbruggen-face-mask-netherlands-football-goalkeeper-inspired-card-face-mask-soccer-fan-party-accessory-sports-supporter-prop-football-gift-for-fans,,,,DIY,,Elastic,FaceMask-BartVerbruggenNetherlands-DIY-E,1.50,continue,,manual,TRUE,TRUE,
bart-verbruggen-face-mask-netherlands-football-goalkeeper-inspired-card-face-mask-soccer-fan-party-accessory-sports-supporter-prop-football-gift-for-fans,,,,DIY,,Stick,FaceMask-BartVerbruggenNetherlands-DIY-S,2.00,continue,,manual,TRUE,TRUE,
cody-gakpo-face-mask-netherlands-football-star-inspired-card-face-mask-soccer-fan-party-accessory-sports-supporter-prop-football-gift-for-fans,Cody Gakpo Face Mask – Fancy Dress Cardboard Costume Mask,active,Style,Ready Cut,Fitting,Elastic,FaceMask-CodyGakpoNetherlands-RC-E,2.99,continue,,manual,TRUE,TRUE,
cody-gakpo-face-mask-netherlands-football-star-inspired-card-face-mask-soccer-fan-party-accessory-sports-supporter-prop-football-gift-for-fans,,,,Ready Cut,,Stick,FaceMask-CodyGakpoNetherlands-RC-S,3.49,continue,,manual,TRUE,TRUE,
cody-gakpo-face-mask-netherlands-football-star-inspired-card-face-mask-soccer-fan-party-accessory-sports-supporter-prop-football-gift-for-fans,,,,DIY,,Elastic,FaceMask-CodyGakpoNetherlands-DIY-E,1.50,continue,,manual,TRUE,TRUE,
cody-gakpo-face-mask-netherlands-football-star-inspired-card-face-mask-soccer-fan-party-accessory-sports-supporter-prop-football-gift-for-fans,,,,DIY,,Stick,FaceMask-CodyGakpoNetherlands-DIY-S,2.00,continue,,manual,TRUE,TRUE,
memphis-depay-face-mask-netherlands-football-star-inspired-card-face-mask-soccer-fan-party-accessory-sports-supporter-prop-football-gift-for-fans,Memphis Depay Face Mask – Fancy Dress Cardboard Costume Mask,active,Style,Ready Cut,Fitting,Elastic,FaceMask-MemphisDepayNetherlands-RC-E,2.99,continue,,manual,TRUE,TRUE,
memphis-depay-face-mask-netherlands-football-star-inspired-card-face-mask-soccer-fan-party-accessory-sports-supporter-prop-football-gift-for-fans,,,,Ready Cut,,Stick,FaceMask-MemphisDepayNetherlands-RC-S,3.49,continue,,manual,TRUE,TRUE,
memphis-depay-face-mask-netherlands-football-star-inspired-card-face-mask-soccer-fan-party-accessory-sports-supporter-prop-football-gift-for-fans,,,,DIY,,Elastic,FaceMask-MemphisDepayNetherlands-DIY-E,1.50,continue,,manual,TRUE,TRUE,
memphis-depay-face-mask-netherlands-football-star-inspired-card-face-mask-soccer-fan-party-accessory-sports-supporter-prop-football-gift-for-fans,,,,DIY,,Stick,FaceMask-MemphisDepayNetherlands-DIY-S,2.00,continue,,manual,TRUE,TRUE,
micky-van-de-ven-face-mask-netherlands-football-star-inspired-card-face-mask-soccer-fan-party-accessory-sports-supporter-prop-football-gift-for-fans,Micky van de Ven Face Mask – Fancy Dress Cardboard Costume Mask,active,Style,Ready Cut,Fitting,Elastic,FaceMask-MickyvandeVenNetherlands-RC-E,2.99,continue,,manual,TRUE,TRUE,
micky-van-de-ven-face-mask-netherlands-football-star-inspired-card-face-mask-soccer-fan-party-accessory-sports-supporter-prop-football-gift-for-fans,,,,Ready Cut,,Stick,FaceMask-MickyvandeVenNetherlands-RC-S,3.49,continue,,manual,TRUE,TRUE,
micky-van-de-ven-face-mask-netherlands-football-star-inspired-card-face-mask-soccer-fan-party-accessory-sports-supporter-prop-football-gift-for-fans,,,,DIY,,Elastic,FaceMask-MickyvandeVenNetherlands-DIY-E,1.50,continue,,manual,TRUE,TRUE,
micky-van-de-ven-face-mask-netherlands-football-star-inspired-card-face-mask-soccer-fan-party-accessory-sports-supporter-prop-football-gift-for-fans,,,,DIY,,Stick,FaceMask-MickyvandeVenNetherlands-DIY-S,2.00,continue,,manual,TRUE,TRUE,
ronald-koeman-face-mask-netherlands-football-manager-inspired-card-face-mask-dutch-soccer-fan-party-accessory-sports-supporter-fancy-dress-prop,Ronald Koeman Face Mask – Fancy Dress Cardboard Costume Mask,active,Style,Ready Cut,Fitting,Elastic,FaceMask-RonaldKoemanNetherlands-RC-E,2.99,continue,,manual,TRUE,TRUE,
ronald-koeman-face-mask-netherlands-football-manager-inspired-card-face-mask-dutch-soccer-fan-party-accessory-sports-supporter-fancy-dress-prop,,,,Ready Cut,,Stick,FaceMask-RonaldKoemanNetherlands-RC-S,3.49,continue,,manual,TRUE,TRUE,
ronald-koeman-face-mask-netherlands-football-manager-inspired-card-face-mask-dutch-soccer-fan-party-accessory-sports-supporter-fancy-dress-prop,,,,DIY,,Elastic,FaceMask-RonaldKoemanNetherlands-DIY-E,1.50,continue,,manual,TRUE,TRUE,
ronald-koeman-face-mask-netherlands-football-manager-inspired-card-face-mask-dutch-soccer-fan-party-accessory-sports-supporter-fancy-dress-prop,,,,DIY,,Stick,FaceMask-RonaldKoemanNetherlands-DIY-S,2.00,continue,,manual,TRUE,TRUE,
virgil-van-dijk-face-mask-netherlands-football-captain-inspired-card-face-mask-dutch-soccer-fan-party-accessory-sports-supporter-fancy-dress-prop,"Virgil van Dijk Face Mask – Netherlands Football Captain Inspired Card Face Mask, Dutch Soccer Fan Party Accessory, Sports Supporter Fancy Dress Prop",active,Style,Ready Cut,Fitting,Elastic,FaceMask-VirgilvanDijkNetherlands-RC-E,2.99,continue,,manual,TRUE,TRUE,
virgil-van-dijk-face-mask-netherlands-football-captain-inspired-card-face-mask-dutch-soccer-fan-party-accessory-sports-supporter-fancy-dress-prop,,,,Ready Cut,,Stick,FaceMask-VirgilvanDijkNetherlands-RC-S,3.49,continue,,manual,TRUE,TRUE,
virgil-van-dijk-face-mask-netherlands-football-captain-inspired-card-face-mask-dutch-soccer-fan-party-accessory-sports-supporter-fancy-dress-prop,,,,DIY,,Elastic,FaceMask-VirgilvanDijkNetherlands-DIY-E,1.50,continue,,manual,TRUE,TRUE,
virgil-van-dijk-face-mask-netherlands-football-captain-inspired-card-face-mask-dutch-soccer-fan-party-accessory-sports-supporter-fancy-dress-prop,,,,DIY,,Stick,FaceMask-VirgilvanDijkNetherlands-DIY-S,2.00,continue,,manual,TRUE,TRUE,
diogo-costa-face-mask-portugal-football-goalkeeper-inspired-card-face-mask-soccer-fan-party-accessory-sports-supporter-fancy-dress-prop,Diogo Costa Face Mask – Fancy Dress Cardboard Costume Mask,active,Style,Ready Cut,Fitting,Elastic,FaceMask-DiogoCostaPortugal-RC-E,2.99,continue,,manual,TRUE,TRUE,
diogo-costa-face-mask-portugal-football-goalkeeper-inspired-card-face-mask-soccer-fan-party-accessory-sports-supporter-fancy-dress-prop,,,,Ready Cut,,Stick,FaceMask-DiogoCostaPortugal-RC-S,3.49,continue,,manual,TRUE,TRUE,
diogo-costa-face-mask-portugal-football-goalkeeper-inspired-card-face-mask-soccer-fan-party-accessory-sports-supporter-fancy-dress-prop,,,,DIY,,Elastic,FaceMask-DiogoCostaPortugal-DIY-E,1.50,continue,,manual,TRUE,TRUE,
diogo-costa-face-mask-portugal-football-goalkeeper-inspired-card-face-mask-soccer-fan-party-accessory-sports-supporter-fancy-dress-prop,,,,DIY,,Stick,FaceMask-DiogoCostaPortugal-DIY-S,2.00,continue,,manual,TRUE,TRUE,
roberto-martinez-face-mask-portugal-football-manager-inspired-card-face-mask-soccer-fan-party-accessory-sports-supporter-fancy-dress-prop,"Roberto Martínez Face Mask – Portugal Football Manager Inspired Card Face Mask, Soccer Fan Party Accessory, Sports Supporter Fancy Dress Prop",active,Style,Ready Cut,Fitting,Elastic,FOXY-CARD-ROBERTO-MARTINEZ-FACE-MASK-PORTUGAL-RC-E,2.99,continue,,manual,TRUE,TRUE,
roberto-martinez-face-mask-portugal-football-manager-inspired-card-face-mask-soccer-fan-party-accessory-sports-supporter-fancy-dress-prop,,,,Ready Cut,,Stick,FOXY-CARD-ROBERTO-MARTINEZ-FACE-MASK-PORTUGAL-RC-S,3.49,continue,,manual,TRUE,TRUE,
roberto-martinez-face-mask-portugal-football-manager-inspired-card-face-mask-soccer-fan-party-accessory-sports-supporter-fancy-dress-prop,,,,DIY,,Elastic,FOXY-CARD-ROBERTO-MARTINEZ-FACE-MASK-PORTUGAL-DIY-E,1.50,continue,,manual,TRUE,TRUE,
roberto-martinez-face-mask-portugal-football-manager-inspired-card-face-mask-soccer-fan-party-accessory-sports-supporter-fancy-dress-prop,,,,DIY,,Stick,FOXY-CARD-ROBERTO-MARTINEZ-FACE-MASK-PORTUGAL-DIY-S,2.00,continue,,manual,TRUE,TRUE,
cristiano-ronaldo-face-mask-portugal-football-legend-inspired-card-face-mask-soccer-fan-party-accessory-sports-supporter-fancy-dress-prop,Cristiano Ronaldo Face Mask – Fancy Dress Cardboard Costume Mask,active,Style,Ready Cut,Fitting,Elastic,FaceMask-RonaldoPortugal-RC-E,2.99,continue,,manual,TRUE,TRUE,
cristiano-ronaldo-face-mask-portugal-football-legend-inspired-card-face-mask-soccer-fan-party-accessory-sports-supporter-fancy-dress-prop,,,,Ready Cut,,Stick,FaceMask-RonaldoPortugal-RC-S,3.49,continue,,manual,TRUE,TRUE,
cristiano-ronaldo-face-mask-portugal-football-legend-inspired-card-face-mask-soccer-fan-party-accessory-sports-supporter-fancy-dress-prop,,,,DIY,,Elastic,FaceMask-RonaldoPortugal-DIY-E,1.50,continue,,manual,TRUE,TRUE,
cristiano-ronaldo-face-mask-portugal-football-legend-inspired-card-face-mask-soccer-fan-party-accessory-sports-supporter-fancy-dress-prop,,,,DIY,,Stick,FaceMask-RonaldoPortugal-DIY-S,2.00,continue,,manual,TRUE,TRUE,
ruben-dias-face-mask-portugal-football-defender-inspired-card-face-mask-soccer-fan-party-accessory-sports-supporter-fancy-dress-prop,"Ruben Dias Face Mask – Portugal Football Defender Inspired Card Face Mask, Soccer Fan Party Accessory, Sports Supporter Fancy Dress Prop",active,Style,Ready Cut,Fitting,Elastic,FaceMask-RubenDiasPortugal-RC-E,2.99,continue,,manual,TRUE,TRUE,
ruben-dias-face-mask-portugal-football-defender-inspired-card-face-mask-soccer-fan-party-accessory-sports-supporter-fancy-dress-prop,,,,Ready Cut,,Stick,FaceMask-RubenDiasPortugal-RC-S,3.49,continue,,manual,TRUE,TRUE,
ruben-dias-face-mask-portugal-football-defender-inspired-card-face-mask-soccer-fan-party-accessory-sports-supporter-fancy-dress-prop,,,,DIY,,Elastic,FaceMask-RubenDiasPortugal-DIY-E,1.50,continue,,manual,TRUE,TRUE,
ruben-dias-face-mask-portugal-football-defender-inspired-card-face-mask-soccer-fan-party-accessory-sports-supporter-fancy-dress-prop,,,,DIY,,Stick,FaceMask-RubenDiasPortugal-DIY-S,2.00,continue,,manual,TRUE,TRUE,
vitinha-face-mask-portugal-football-midfielder-inspired-card-face-mask-soccer-fan-party-accessory-sports-supporter-fancy-dress-prop,Vitinha Face Mask – Fancy Dress Cardboard Costume Mask,active,Style,Ready Cut,Fitting,Elastic,FaceMask-VitinhaPortugal-RC-E,2.99,continue,,manual,TRUE,TRUE,
vitinha-face-mask-portugal-football-midfielder-inspired-card-face-mask-soccer-fan-party-accessory-sports-supporter-fancy-dress-prop,,,,Ready Cut,,Stick,FaceMask-VitinhaPortugal-RC-S,3.49,continue,,manual,TRUE,TRUE,
vitinha-face-mask-portugal-football-midfielder-inspired-card-face-mask-soccer-fan-party-accessory-sports-supporter-fancy-dress-prop,,,,DIY,,Elastic,FaceMask-VitinhaPortugal-DIY-E,1.50,continue,,manual,TRUE,TRUE,
vitinha-face-mask-portugal-football-midfielder-inspired-card-face-mask-soccer-fan-party-accessory-sports-supporter-fancy-dress-prop,,,,DIY,,Stick,FaceMask-VitinhaPortugal-DIY-S,2.00,continue,,manual,TRUE,TRUE,
edouard-mendy-face-mask-senegal-football-goalkeeper-inspired-card-face-mask-soccer-fan-party-accessory-sports-supporter-fancy-dress-prop,Edouard Mendy Face Mask – Fancy Dress Cardboard Costume Mask,active,Style,Ready Cut,Fitting,Elastic,FaceMask-EdouardMendySenegal-RC-E,2.99,continue,,manual,TRUE,TRUE,
edouard-mendy-face-mask-senegal-football-goalkeeper-inspired-card-face-mask-soccer-fan-party-accessory-sports-supporter-fancy-dress-prop,,,,Ready Cut,,Stick,FaceMask-EdouardMendySenegal-RC-S,3.49,continue,,manual,TRUE,TRUE,
edouard-mendy-face-mask-senegal-football-goalkeeper-inspired-card-face-mask-soccer-fan-party-accessory-sports-supporter-fancy-dress-prop,,,,DIY,,Elastic,FaceMask-EdouardMendySenegal-DIY-E,1.50,continue,,manual,TRUE,TRUE,
edouard-mendy-face-mask-senegal-football-goalkeeper-inspired-card-face-mask-soccer-fan-party-accessory-sports-supporter-fancy-dress-prop,,,,DIY,,Stick,FaceMask-EdouardMendySenegal-DIY-S,2.00,continue,,manual,TRUE,TRUE,
iliman-ndiaye-face-mask-senegal-football-forward-inspired-card-face-mask-soccer-fan-party-accessory-sports-supporter-fancy-dress-prop,"Iliman Ndiaye Face Mask – Senegal Football Forward Inspired Card Face Mask, Soccer Fan Party Accessory, Sports Supporter Fancy Dress Prop",active,Style,Ready Cut,Fitting,Elastic,FaceMask-IlimanNdiayeSenegal-RC-E,2.99,continue,,manual,TRUE,TRUE,
iliman-ndiaye-face-mask-senegal-football-forward-inspired-card-face-mask-soccer-fan-party-accessory-sports-supporter-fancy-dress-prop,,,,Ready Cut,,Stick,FaceMask-IlimanNdiayeSenegal-RC-S,3.49,continue,,manual,TRUE,TRUE,
iliman-ndiaye-face-mask-senegal-football-forward-inspired-card-face-mask-soccer-fan-party-accessory-sports-supporter-fancy-dress-prop,,,,DIY,,Elastic,FaceMask-IlimanNdiayeSenegal-DIY-E,1.50,continue,,manual,TRUE,TRUE,
iliman-ndiaye-face-mask-senegal-football-forward-inspired-card-face-mask-soccer-fan-party-accessory-sports-supporter-fancy-dress-prop,,,,DIY,,Stick,FaceMask-IlimanNdiayeSenegal-DIY-S,2.00,continue,,manual,TRUE,TRUE,
kalidou-koulibaly-face-mask-senegal-football-defender-inspired-card-face-mask-soccer-fan-party-accessory-sports-supporter-fancy-dress-prop,Kalidou Koulibaly Face Mask – Fancy Dress Cardboard Costume Mask,active,Style,Ready Cut,Fitting,Elastic,FaceMask-KalidouKoulibalySenegal-RC-E,2.99,continue,,manual,TRUE,TRUE,
kalidou-koulibaly-face-mask-senegal-football-defender-inspired-card-face-mask-soccer-fan-party-accessory-sports-supporter-fancy-dress-prop,,,,Ready Cut,,Stick,FaceMask-KalidouKoulibalySenegal-RC-S,3.49,continue,,manual,TRUE,TRUE,
kalidou-koulibaly-face-mask-senegal-football-defender-inspired-card-face-mask-soccer-fan-party-accessory-sports-supporter-fancy-dress-prop,,,,DIY,,Elastic,FaceMask-KalidouKoulibalySenegal-DIY-E,1.50,continue,,manual,TRUE,TRUE,
kalidou-koulibaly-face-mask-senegal-football-defender-inspired-card-face-mask-soccer-fan-party-accessory-sports-supporter-fancy-dress-prop,,,,DIY,,Stick,FaceMask-KalidouKoulibalySenegal-DIY-S,2.00,continue,,manual,TRUE,TRUE,
nicolas-jackson-face-mask-senegal-football-striker-inspired-card-face-mask-soccer-fan-party-accessory-sports-supporter-fancy-dress-prop,Nicolas Jackson Face Mask – Fancy Dress Cardboard Costume Mask,active,Style,Ready Cut,Fitting,Elastic,FaceMask-NicolasJacksonSenegal-RC-E,2.99,continue,,manual,TRUE,TRUE,
nicolas-jackson-face-mask-senegal-football-striker-inspired-card-face-mask-soccer-fan-party-accessory-sports-supporter-fancy-dress-prop,,,,Ready Cut,,Stick,FaceMask-NicolasJacksonSenegal-RC-S,3.49,continue,,manual,TRUE,TRUE,
nicolas-jackson-face-mask-senegal-football-striker-inspired-card-face-mask-soccer-fan-party-accessory-sports-supporter-fancy-dress-prop,,,,DIY,,Elastic,FaceMask-NicolasJacksonSenegal-DIY-E,1.50,continue,,manual,TRUE,TRUE,
nicolas-jackson-face-mask-senegal-football-striker-inspired-card-face-mask-soccer-fan-party-accessory-sports-supporter-fancy-dress-prop,,,,DIY,,Stick,FaceMask-NicolasJacksonSenegal-DIY-S,2.00,continue,,manual,TRUE,TRUE,
pape-bouna-thiaw-face-mask-senegal-football-coach-inspired-card-face-mask-football-fan-party-accessory-sports-fancy-dress-prop,Pape Bouna Thiaw Face Mask – Fancy Dress Cardboard Costume Mask,active,Style,Ready Cut,Fitting,Elastic,FaceMask-PapeBounaThiawSenegal-RC-E,2.99,continue,,manual,TRUE,TRUE,
pape-bouna-thiaw-face-mask-senegal-football-coach-inspired-card-face-mask-football-fan-party-accessory-sports-fancy-dress-prop,,,,Ready Cut,,Stick,FaceMask-PapeBounaThiawSenegal-RC-S,3.49,continue,,manual,TRUE,TRUE,
pape-bouna-thiaw-face-mask-senegal-football-coach-inspired-card-face-mask-football-fan-party-accessory-sports-fancy-dress-prop,,,,DIY,,Elastic,FaceMask-PapeBounaThiawSenegal-DIY-E,1.50,continue,,manual,TRUE,TRUE,
pape-bouna-thiaw-face-mask-senegal-football-coach-inspired-card-face-mask-football-fan-party-accessory-sports-fancy-dress-prop,,,,DIY,,Stick,FaceMask-PapeBounaThiawSenegal-DIY-S,2.00,continue,,manual,TRUE,TRUE,
sadio-mane-face-mask-senegal-footballer-inspired-card-face-mask-football-fan-party-accessory-sports-fancy-dress-prop-supporter-gift,Sadio Mané Face Mask – Fancy Dress Cardboard Costume Mask,active,Style,Ready Cut,Fitting,Elastic,FaceMask-SadioManeSenegal-RC-E,2.99,continue,,manual,TRUE,TRUE,
sadio-mane-face-mask-senegal-footballer-inspired-card-face-mask-football-fan-party-accessory-sports-fancy-dress-prop-supporter-gift,,,,Ready Cut,,Stick,FaceMask-SadioManeSenegal-RC-S,3.49,continue,,manual,TRUE,TRUE,
sadio-mane-face-mask-senegal-footballer-inspired-card-face-mask-football-fan-party-accessory-sports-fancy-dress-prop-supporter-gift,,,,DIY,,Elastic,FaceMask-SadioManeSenegal-DIY-E,1.50,continue,,manual,TRUE,TRUE,
sadio-mane-face-mask-senegal-footballer-inspired-card-face-mask-football-fan-party-accessory-sports-fancy-dress-prop-supporter-gift,,,,DIY,,Stick,FaceMask-SadioManeSenegal-DIY-S,2.00,continue,,manual,TRUE,TRUE,
luis-de-la-fuente-face-mask-spain-football-manager-inspired-card-face-mask-football-fan-party-accessory-sports-fancy-dress-prop-supporter-gift,Luis de la Fuente Face Mask – Fancy Dress Cardboard Costume Mask,active,Style,Ready Cut,Fitting,Elastic,FaceMask-LuisdelaFuenteSpain-RC-E,2.99,continue,,manual,TRUE,TRUE,
luis-de-la-fuente-face-mask-spain-football-manager-inspired-card-face-mask-football-fan-party-accessory-sports-fancy-dress-prop-supporter-gift,,,,Ready Cut,,Stick,FaceMask-LuisdelaFuenteSpain-RC-S,3.49,continue,,manual,TRUE,TRUE,
luis-de-la-fuente-face-mask-spain-football-manager-inspired-card-face-mask-football-fan-party-accessory-sports-fancy-dress-prop-supporter-gift,,,,DIY,,Elastic,FaceMask-LuisdelaFuenteSpain-DIY-E,1.50,continue,,manual,TRUE,TRUE,
luis-de-la-fuente-face-mask-spain-football-manager-inspired-card-face-mask-football-fan-party-accessory-sports-fancy-dress-prop-supporter-gift,,,,DIY,,Stick,FaceMask-LuisdelaFuenteSpain-DIY-S,2.00,continue,,manual,TRUE,TRUE,
nico-williams-face-mask-spain-footballer-inspired-card-face-mask-football-fan-party-accessory-sports-fancy-dress-prop-supporter-gift,Nico Williams Face Mask – Fancy Dress Cardboard Costume Mask,active,Style,Ready Cut,Fitting,Elastic,FaceMask-NicoWilliamsSpain-RC-E,2.99,continue,,manual,TRUE,TRUE,
nico-williams-face-mask-spain-footballer-inspired-card-face-mask-football-fan-party-accessory-sports-fancy-dress-prop-supporter-gift,,,,Ready Cut,,Stick,FaceMask-NicoWilliamsSpain-RC-S,3.49,continue,,manual,TRUE,TRUE,
nico-williams-face-mask-spain-footballer-inspired-card-face-mask-football-fan-party-accessory-sports-fancy-dress-prop-supporter-gift,,,,DIY,,Elastic,FaceMask-NicoWilliamsSpain-DIY-E,1.50,continue,,manual,TRUE,TRUE,
nico-williams-face-mask-spain-footballer-inspired-card-face-mask-football-fan-party-accessory-sports-fancy-dress-prop-supporter-gift,,,,DIY,,Stick,FaceMask-NicoWilliamsSpain-DIY-S,2.00,continue,,manual,TRUE,TRUE,
pau-cubarsi-face-mask-spain-footballer-inspired-card-face-mask-football-fan-party-accessory-sports-fancy-dress-prop-supporter-gift,Pau Cubarsí Face Mask – Fancy Dress Cardboard Costume Mask,active,Style,Ready Cut,Fitting,Elastic,FOXY-CARD-PAU-CUBARSI-FACE-MASK-SPAIN-FOOTBALL-RC-E,2.99,continue,,manual,TRUE,TRUE,
pau-cubarsi-face-mask-spain-footballer-inspired-card-face-mask-football-fan-party-accessory-sports-fancy-dress-prop-supporter-gift,,,,Ready Cut,,Stick,FOXY-CARD-PAU-CUBARSI-FACE-MASK-SPAIN-FOOTBALL-RC-S,3.49,continue,,manual,TRUE,TRUE,
pau-cubarsi-face-mask-spain-footballer-inspired-card-face-mask-football-fan-party-accessory-sports-fancy-dress-prop-supporter-gift,,,,DIY,,Elastic,FOXY-CARD-PAU-CUBARSI-FACE-MASK-SPAIN-FOOTBALL-DIY-E,1.50,continue,,manual,TRUE,TRUE,
pau-cubarsi-face-mask-spain-footballer-inspired-card-face-mask-football-fan-party-accessory-sports-fancy-dress-prop-supporter-gift,,,,DIY,,Stick,FOXY-CARD-PAU-CUBARSI-FACE-MASK-SPAIN-FOOTBALL-DIY-S,2.00,continue,,manual,TRUE,TRUE,
pedri-face-mask-spain-footballer-inspired-card-face-mask-football-fan-party-accessory-sports-fancy-dress-prop-supporter-gift,"Pedri Face Mask – Spain Footballer Inspired Card Face Mask, Football Fan Party Accessory, Sports Fancy Dress Prop, Supporter Gift",active,Style,Ready Cut,Fitting,Elastic,FaceMask-PedriSpain-RC-E,2.99,continue,,manual,TRUE,TRUE,
pedri-face-mask-spain-footballer-inspired-card-face-mask-football-fan-party-accessory-sports-fancy-dress-prop-supporter-gift,,,,Ready Cut,,Stick,FaceMask-PedriSpain-RC-S,3.49,continue,,manual,TRUE,TRUE,
pedri-face-mask-spain-footballer-inspired-card-face-mask-football-fan-party-accessory-sports-fancy-dress-prop-supporter-gift,,,,DIY,,Elastic,FaceMask-PedriSpain-DIY-E,1.50,continue,,manual,TRUE,TRUE,
pedri-face-mask-spain-footballer-inspired-card-face-mask-football-fan-party-accessory-sports-fancy-dress-prop-supporter-gift,,,,DIY,,Stick,FaceMask-PedriSpain-DIY-S,2.00,continue,,manual,TRUE,TRUE,
antonee-robinson-face-mask-usa-football-player-card-face-mask-soccer-fan-party-accessory-sports-fancy-dress-prop-football-supporter-gift,Antonee Robinson Face Mask – Fancy Dress Cardboard Costume Mask,active,Style,Ready Cut,Fitting,Elastic,FaceMask-AntoneeRobinsonUSA-RC-E,2.99,continue,,manual,TRUE,TRUE,
antonee-robinson-face-mask-usa-football-player-card-face-mask-soccer-fan-party-accessory-sports-fancy-dress-prop-football-supporter-gift,,,,Ready Cut,,Stick,FaceMask-AntoneeRobinsonUSA-RC-S,3.49,continue,,manual,TRUE,TRUE,
antonee-robinson-face-mask-usa-football-player-card-face-mask-soccer-fan-party-accessory-sports-fancy-dress-prop-football-supporter-gift,,,,DIY,,Elastic,FaceMask-AntoneeRobinsonUSA-DIY-E,1.50,continue,,manual,TRUE,TRUE,
antonee-robinson-face-mask-usa-football-player-card-face-mask-soccer-fan-party-accessory-sports-fancy-dress-prop-football-supporter-gift,,,,DIY,,Stick,FaceMask-AntoneeRobinsonUSA-DIY-S,2.00,continue,,manual,TRUE,TRUE,
christian-pulisic-face-mask-usa-football-player-card-face-mask-soccer-fan-party-accessory-sports-fancy-dress-prop-football-supporter-gift,Christian Pulisic Face Mask – Fancy Dress Cardboard Costume Mask,active,Style,Ready Cut,Fitting,Elastic,FaceMask-ChristianPulisicUSA-RC-E,2.99,continue,,manual,TRUE,TRUE,
christian-pulisic-face-mask-usa-football-player-card-face-mask-soccer-fan-party-accessory-sports-fancy-dress-prop-football-supporter-gift,,,,Ready Cut,,Stick,FaceMask-ChristianPulisicUSA-RC-S,3.49,continue,,manual,TRUE,TRUE,
christian-pulisic-face-mask-usa-football-player-card-face-mask-soccer-fan-party-accessory-sports-fancy-dress-prop-football-supporter-gift,,,,DIY,,Elastic,FaceMask-ChristianPulisicUSA-DIY-E,1.50,continue,,manual,TRUE,TRUE,
christian-pulisic-face-mask-usa-football-player-card-face-mask-soccer-fan-party-accessory-sports-fancy-dress-prop-football-supporter-gift,,,,DIY,,Stick,FaceMask-ChristianPulisicUSA-DIY-S,2.00,continue,,manual,TRUE,TRUE,
matt-freese-face-mask-usa-goalkeeper-football-player-card-face-mask-soccer-fan-party-accessory-sports-fancy-dress-prop-football-supporter-gift,Matt Freese Face Mask – Fancy Dress Cardboard Costume Mask,active,Style,Ready Cut,Fitting,Elastic,FaceMask-MattFreeseUSA-RC-E,2.99,continue,,manual,TRUE,TRUE,
matt-freese-face-mask-usa-goalkeeper-football-player-card-face-mask-soccer-fan-party-accessory-sports-fancy-dress-prop-football-supporter-gift,,,,Ready Cut,,Stick,FaceMask-MattFreeseUSA-RC-S,3.49,continue,,manual,TRUE,TRUE,
matt-freese-face-mask-usa-goalkeeper-football-player-card-face-mask-soccer-fan-party-accessory-sports-fancy-dress-prop-football-supporter-gift,,,,DIY,,Elastic,FaceMask-MattFreeseUSA-DIY-E,1.50,continue,,manual,TRUE,TRUE,
matt-freese-face-mask-usa-goalkeeper-football-player-card-face-mask-soccer-fan-party-accessory-sports-fancy-dress-prop-football-supporter-gift,,,,DIY,,Stick,FaceMask-MattFreeseUSA-DIY-S,2.00,continue,,manual,TRUE,TRUE,
mauricio-pochettino-face-mask-football-manager-card-face-mask-soccer-coach-party-accessory-sports-fancy-dress-prop-football-supporter-gift,Mauricio Pochettino Face Mask – Fancy Dress Cardboard Costume Mask,active,Style,Ready Cut,Fitting,Elastic,FaceMask-MauricioPochettinoUSA-RC-E,2.99,continue,,manual,TRUE,TRUE,
mauricio-pochettino-face-mask-football-manager-card-face-mask-soccer-coach-party-accessory-sports-fancy-dress-prop-football-supporter-gift,,,,Ready Cut,,Stick,FaceMask-MauricioPochettinoUSA-RC-S,3.49,continue,,manual,TRUE,TRUE,
mauricio-pochettino-face-mask-football-manager-card-face-mask-soccer-coach-party-accessory-sports-fancy-dress-prop-football-supporter-gift,,,,DIY,,Elastic,FaceMask-MauricioPochettinoUSA-DIY-E,1.50,continue,,manual,TRUE,TRUE,
mauricio-pochettino-face-mask-football-manager-card-face-mask-soccer-coach-party-accessory-sports-fancy-dress-prop-football-supporter-gift,,,,DIY,,Stick,FaceMask-MauricioPochettinoUSA-DIY-S,2.00,continue,,manual,TRUE,TRUE,
sergino-dest-face-mask-usa-football-player-card-face-mask-soccer-fan-party-accessory-sports-fancy-dress-prop-football-supporter-gift,Sergiño Dest Face Mask – Fancy Dress Cardboard Costume Mask,active,Style,Ready Cut,Fitting,Elastic,FOXY-MASK-FACE-SERGINO-DEST-USA-RC-E,2.99,continue,,manual,TRUE,TRUE,
sergino-dest-face-mask-usa-football-player-card-face-mask-soccer-fan-party-accessory-sports-fancy-dress-prop-football-supporter-gift,,,,Ready Cut,,Stick,FOXY-MASK-FACE-SERGINO-DEST-USA-RC-S,3.49,continue,,manual,TRUE,TRUE,
sergino-dest-face-mask-usa-football-player-card-face-mask-soccer-fan-party-accessory-sports-fancy-dress-prop-football-supporter-gift,,,,DIY,,Elastic,FOXY-MASK-FACE-SERGINO-DEST-USA-DIY-E,1.50,continue,,manual,TRUE,TRUE,
sergino-dest-face-mask-usa-football-player-card-face-mask-soccer-fan-party-accessory-sports-fancy-dress-prop-football-supporter-gift,,,,DIY,,Stick,FOXY-MASK-FACE-SERGINO-DEST-USA-DIY-S,2.00,continue,,manual,TRUE,TRUE,
tyler-adams-face-mask-usa-football-player-card-face-mask-soccer-fan-party-accessory-sports-fancy-dress-prop-football-supporter-gift,Tyler Adams Face Mask – Fancy Dress Cardboard Costume Mask,active,Style,Ready Cut,Fitting,Elastic,FOXY-MASK-FACE-SERGINO-DEST-USA-TYLER-RC-E,2.99,continue,,manual,TRUE,TRUE,
tyler-adams-face-mask-usa-football-player-card-face-mask-soccer-fan-party-accessory-sports-fancy-dress-prop-football-supporter-gift,,,,Ready Cut,,Stick,FOXY-MASK-FACE-SERGINO-DEST-USA-TYLER-RC-S,3.49,continue,,manual,TRUE,TRUE,
tyler-adams-face-mask-usa-football-player-card-face-mask-soccer-fan-party-accessory-sports-fancy-dress-prop-football-supporter-gift,,,,DIY,,Elastic,FOXY-MASK-FACE-SERGINO-DEST-USA-TYLER-DIY-E,1.50,continue,,manual,TRUE,TRUE,
tyler-adams-face-mask-usa-football-player-card-face-mask-soccer-fan-party-accessory-sports-fancy-dress-prop-football-supporter-gift,,,,DIY,,Stick,FOXY-MASK-FACE-SERGINO-DEST-USA-TYLER-DIY-S,2.00,continue,,manual,TRUE,TRUE,
andy-robertson-face-mask-celebrity-card-face-mask-funny-football-fan-party-mask-high-quality-cardboard-cutout-fancy-dress-stag-do-birthday-sports-events,Andy Robertson Face Mask – Fancy Dress Cardboard Costume Mask,active,Style,Ready Cut,Fitting,Elastic,FaceMask-AndyRobertsonScotland-RC-E,2.99,continue,,manual,TRUE,TRUE,
andy-robertson-face-mask-celebrity-card-face-mask-funny-football-fan-party-mask-high-quality-cardboard-cutout-fancy-dress-stag-do-birthday-sports-events,,,,Ready Cut,,Stick,FaceMask-AndyRobertsonScotland-RC-S,3.49,continue,,manual,TRUE,TRUE,
andy-robertson-face-mask-celebrity-card-face-mask-funny-football-fan-party-mask-high-quality-cardboard-cutout-fancy-dress-stag-do-birthday-sports-events,,,,DIY,,Elastic,FaceMask-AndyRobertsonScotland-DIY-E,1.50,continue,,manual,TRUE,TRUE,
andy-robertson-face-mask-celebrity-card-face-mask-funny-football-fan-party-mask-high-quality-cardboard-cutout-fancy-dress-stag-do-birthday-sports-events,,,,DIY,,Stick,FaceMask-AndyRobertsonScotland-DIY-S,2.00,continue,,manual,TRUE,TRUE,
angus-gunn-face-mask-scotland-football-player-celebrity-card-face-mask-fan-party-mask-cardboard-cutout-fancy-dress-stag-do-birthday-sports-events-football-supporter-gift-copy,Angus Gunn Face Mask – Fancy Dress Cardboard Costume Mask,active,Style,Ready Cut,Fitting,Elastic,FaceMask-AngusGunnScotland-RC-E,2.99,continue,,manual,TRUE,TRUE,
angus-gunn-face-mask-scotland-football-player-celebrity-card-face-mask-fan-party-mask-cardboard-cutout-fancy-dress-stag-do-birthday-sports-events-football-supporter-gift-copy,,,,Ready Cut,,Stick,FaceMask-AngusGunnScotland-RC-S,3.49,continue,,manual,TRUE,TRUE,
angus-gunn-face-mask-scotland-football-player-celebrity-card-face-mask-fan-party-mask-cardboard-cutout-fancy-dress-stag-do-birthday-sports-events-football-supporter-gift-copy,,,,DIY,,Elastic,FaceMask-AngusGunnScotland-DIY-E,1.50,continue,,manual,TRUE,TRUE,
angus-gunn-face-mask-scotland-football-player-celebrity-card-face-mask-fan-party-mask-cardboard-cutout-fancy-dress-stag-do-birthday-sports-events-football-supporter-gift-copy,,,,DIY,,Stick,FaceMask-AngusGunnScotland-DIY-S,2.00,continue,,manual,TRUE,TRUE,
che-adams-face-mask-scotland-football-player-celebrity-card-face-mask-fan-party-mask-cardboard-cutout-fancy-dress-stag-do-birthday-sports-events-football-supporter-gift,Che Adams Face Mask – Fancy Dress Cardboard Costume Mask,active,Style,Ready Cut,Fitting,Elastic,FaceMask-CheAdamsScotland-RC-E,2.99,continue,,manual,TRUE,TRUE,
che-adams-face-mask-scotland-football-player-celebrity-card-face-mask-fan-party-mask-cardboard-cutout-fancy-dress-stag-do-birthday-sports-events-football-supporter-gift,,,,Ready Cut,,Stick,FaceMask-CheAdamsScotland-RC-S,3.49,continue,,manual,TRUE,TRUE,
che-adams-face-mask-scotland-football-player-celebrity-card-face-mask-fan-party-mask-cardboard-cutout-fancy-dress-stag-do-birthday-sports-events-football-supporter-gift,,,,DIY,,Elastic,FaceMask-CheAdamsScotland-DIY-E,1.50,continue,,manual,TRUE,TRUE,
che-adams-face-mask-scotland-football-player-celebrity-card-face-mask-fan-party-mask-cardboard-cutout-fancy-dress-stag-do-birthday-sports-events-football-supporter-gift,,,,DIY,,Stick,FaceMask-CheAdamsScotland-DIY-S,2.00,continue,,manual,TRUE,TRUE,
john-mcginn-face-mask-scotland-football-player-celebrity-card-face-mask-fan-party-mask-cardboard-cutout-fancy-dress-stag-do-birthday-sports-events-football-supporter-gift,John McGinn Face Mask – Scotland Football Player – Celebrity Card Face Mask – Fan Party Mask – Cardboard Cutout,active,Style,Ready Cut,Fitting,Elastic,FaceMask-JohnMcGinnScotland-RC-E,2.99,continue,,manual,TRUE,TRUE,
john-mcginn-face-mask-scotland-football-player-celebrity-card-face-mask-fan-party-mask-cardboard-cutout-fancy-dress-stag-do-birthday-sports-events-football-supporter-gift,,,,Ready Cut,,Stick,FaceMask-JohnMcGinnScotland-RC-S,3.49,continue,,manual,TRUE,TRUE,
john-mcginn-face-mask-scotland-football-player-celebrity-card-face-mask-fan-party-mask-cardboard-cutout-fancy-dress-stag-do-birthday-sports-events-football-supporter-gift,,,,DIY,,Elastic,FaceMask-JohnMcGinnScotland-DIY-E,1.50,continue,,manual,TRUE,TRUE,
john-mcginn-face-mask-scotland-football-player-celebrity-card-face-mask-fan-party-mask-cardboard-cutout-fancy-dress-stag-do-birthday-sports-events-football-supporter-gift,,,,DIY,,Stick,FaceMask-JohnMcGinnScotland-DIY-S,2.00,continue,,manual,TRUE,TRUE,
scott-mctominay-face-mask-scotland-football-player-celebrity-card-face-mask-fan-party-mask-cardboard-cutout-fancy-dress-stag-do-birthday-sports-events-football-supporter-gift,Scott McTominay Face Mask – Fancy Dress Cardboard Costume Mask,active,Style,Ready Cut,Fitting,Elastic,FaceMask-ScottMcTominayScotland-RC-E,2.99,continue,,manual,TRUE,TRUE,
scott-mctominay-face-mask-scotland-football-player-celebrity-card-face-mask-fan-party-mask-cardboard-cutout-fancy-dress-stag-do-birthday-sports-events-football-supporter-gift,,,,Ready Cut,,Stick,FaceMask-ScottMcTominayScotland-RC-S,3.49,continue,,manual,TRUE,TRUE,
scott-mctominay-face-mask-scotland-football-player-celebrity-card-face-mask-fan-party-mask-cardboard-cutout-fancy-dress-stag-do-birthday-sports-events-football-supporter-gift,,,,DIY,,Elastic,FaceMask-ScottMcTominayScotland-DIY-E,1.50,continue,,manual,TRUE,TRUE,
scott-mctominay-face-mask-scotland-football-player-celebrity-card-face-mask-fan-party-mask-cardboard-cutout-fancy-dress-stag-do-birthday-sports-events-football-supporter-gift,,,,DIY,,Stick,FaceMask-ScottMcTominayScotland-DIY-S,2.00,continue,,manual,TRUE,TRUE,
steve-clarke-face-mask-scotland-football-manager-celebrity-card-face-mask-fan-party-mask-cardboard-cutout-fancy-dress-stag-do-birthday-sports-events-football-supporter-gift,Steve Clarke Face Mask – Scotland Football Manager – Celebrity Card Face Mask – Fan Party Mask – Cardboard Cutout,active,Style,Ready Cut,Fitting,Elastic,FaceMask-SteveClarkeScotland-RC-E,2.99,continue,,manual,TRUE,TRUE,
steve-clarke-face-mask-scotland-football-manager-celebrity-card-face-mask-fan-party-mask-cardboard-cutout-fancy-dress-stag-do-birthday-sports-events-football-supporter-gift,,,,Ready Cut,,Stick,FaceMask-SteveClarkeScotland-RC-S,3.49,continue,,manual,TRUE,TRUE,
steve-clarke-face-mask-scotland-football-manager-celebrity-card-face-mask-fan-party-mask-cardboard-cutout-fancy-dress-stag-do-birthday-sports-events-football-supporter-gift,,,,DIY,,Elastic,FaceMask-SteveClarkeScotland-DIY-E,1.50,continue,,manual,TRUE,TRUE,
steve-clarke-face-mask-scotland-football-manager-celebrity-card-face-mask-fan-party-mask-cardboard-cutout-fancy-dress-stag-do-birthday-sports-events-football-supporter-gift,,,,DIY,,Stick,FaceMask-SteveClarkeScotland-DIY-S,2.00,continue,,manual,TRUE,TRUE,
kevin-keegan-face-mask-classic-football-legend-celebrity-mask-celebrity-card-face-mask-fan-party-mask-cardboard-cutout-fancy-dress-stag-do-birthday-sports-events-football-supporter-gift,Kevin Keegan Face Mask – Fancy Dress Cardboard Costume Mask,active,Style,Ready Cut,Fitting,Elastic,FaceMask-KevinKeegan-RC-E,2.99,continue,,manual,TRUE,TRUE,
kevin-keegan-face-mask-classic-football-legend-celebrity-mask-celebrity-card-face-mask-fan-party-mask-cardboard-cutout-fancy-dress-stag-do-birthday-sports-events-football-supporter-gift,,,,Ready Cut,,Stick,FaceMask-KevinKeegan-RC-S,3.49,continue,,manual,TRUE,TRUE,
kevin-keegan-face-mask-classic-football-legend-celebrity-mask-celebrity-card-face-mask-fan-party-mask-cardboard-cutout-fancy-dress-stag-do-birthday-sports-events-football-supporter-gift,,,,DIY,,Elastic,FaceMask-KevinKeegan-DIY-E,1.50,continue,,manual,TRUE,TRUE,
kevin-keegan-face-mask-classic-football-legend-celebrity-mask-celebrity-card-face-mask-fan-party-mask-cardboard-cutout-fancy-dress-stag-do-birthday-sports-events-football-supporter-gift,,,,DIY,,Stick,FaceMask-KevinKeegan-DIY-S,2.00,continue,,manual,TRUE,TRUE,
kevin-keegan-young-face-mask-classic-football-legend-celebrity-mask-celebrity-card-face-mask-fan-party-mask-cardboard-cutout-fancy-dress-stag-do-birthday-sports-events-football-supporter-gift,Kevin Keegan (Young) Face Mask – Fancy Dress Cardboard Costume Mask,active,Style,Ready Cut,Fitting,Elastic,FaceMask-KevinKeegan1-RC-E,2.99,continue,,manual,TRUE,TRUE,
kevin-keegan-young-face-mask-classic-football-legend-celebrity-mask-celebrity-card-face-mask-fan-party-mask-cardboard-cutout-fancy-dress-stag-do-birthday-sports-events-football-supporter-gift,,,,Ready Cut,,Stick,FaceMask-KevinKeegan1-RC-S,3.49,continue,,manual,TRUE,TRUE,
kevin-keegan-young-face-mask-classic-football-legend-celebrity-mask-celebrity-card-face-mask-fan-party-mask-cardboard-cutout-fancy-dress-stag-do-birthday-sports-events-football-supporter-gift,,,,DIY,,Elastic,FaceMask-KevinKeegan1-DIY-E,1.50,continue,,manual,TRUE,TRUE,
kevin-keegan-young-face-mask-classic-football-legend-celebrity-mask-celebrity-card-face-mask-fan-party-mask-cardboard-cutout-fancy-dress-stag-do-birthday-sports-events-football-supporter-gift,,,,DIY,,Stick,FaceMask-KevinKeegan1-DIY-S,2.00,continue,,manual,TRUE,TRUE,
esme-young-facemask-tv-celebrity-face-mask-funny-mask-for-stag-do-hen-night-tv-events-fancy-dress-costume-parties-ready-to-wear,Esme Young Face Mask – Fancy Dress Cardboard Costume Mask,active,Style,Ready Cut,Fitting,Elastic,FaceMask-EsmeYoung-RC-E,2.99,continue,,manual,TRUE,TRUE,
esme-young-facemask-tv-celebrity-face-mask-funny-mask-for-stag-do-hen-night-tv-events-fancy-dress-costume-parties-ready-to-wear,,,,Ready Cut,,Stick,FaceMask-EsmeYoung-RC-S,3.49,continue,,manual,TRUE,TRUE,
esme-young-facemask-tv-celebrity-face-mask-funny-mask-for-stag-do-hen-night-tv-events-fancy-dress-costume-parties-ready-to-wear,,,,DIY,,Elastic,FaceMask-EsmeYoung-DIY-E,1.50,continue,,manual,TRUE,TRUE,
esme-young-facemask-tv-celebrity-face-mask-funny-mask-for-stag-do-hen-night-tv-events-fancy-dress-costume-parties-ready-to-wear,,,,DIY,,Stick,FaceMask-EsmeYoung-DIY-S,2.00,continue,,manual,TRUE,TRUE,
patrick-grant-facemask-tv-celebrity-face-mask-funny-mask-for-stag-do-hen-night-tv-events-fancy-dress-costume-parties-ready-to-wear,Patrick Grant Face Mask – Fancy Dress Cardboard Costume Mask,active,Style,Ready Cut,Fitting,Elastic,FaceMask-PatrickGrant-RC-E,2.99,continue,,manual,TRUE,TRUE,
patrick-grant-facemask-tv-celebrity-face-mask-funny-mask-for-stag-do-hen-night-tv-events-fancy-dress-costume-parties-ready-to-wear,,,,Ready Cut,,Stick,FaceMask-PatrickGrant-RC-S,3.49,continue,,manual,TRUE,TRUE,
patrick-grant-facemask-tv-celebrity-face-mask-funny-mask-for-stag-do-hen-night-tv-events-fancy-dress-costume-parties-ready-to-wear,,,,DIY,,Elastic,FaceMask-PatrickGrant-DIY-E,1.50,continue,,manual,TRUE,TRUE,
patrick-grant-facemask-tv-celebrity-face-mask-funny-mask-for-stag-do-hen-night-tv-events-fancy-dress-costume-parties-ready-to-wear,,,,DIY,,Stick,FaceMask-PatrickGrant-DIY-S,2.00,continue,,manual,TRUE,TRUE,
jeong-yunho-ateez-facemask-k-pop-idol-face-mask-funny-mask-for-stag-do-hen-night-tv-events-fancy-dress-costume-parties-ready-to-wear,Jeong Yunho Face Mask – Fancy Dress Cardboard Costume Mask,active,Style,Ready Cut,Fitting,Elastic,FaceMask-JeongYunhoAteez-RC-E,2.99,continue,,manual,TRUE,TRUE,
jeong-yunho-ateez-facemask-k-pop-idol-face-mask-funny-mask-for-stag-do-hen-night-tv-events-fancy-dress-costume-parties-ready-to-wear,,,,Ready Cut,,Stick,FaceMask-JeongYunhoAteez-RC-S,3.49,continue,,manual,TRUE,TRUE,
jeong-yunho-ateez-facemask-k-pop-idol-face-mask-funny-mask-for-stag-do-hen-night-tv-events-fancy-dress-costume-parties-ready-to-wear,,,,DIY,,Elastic,FaceMask-JeongYunhoAteez-DIY-E,1.50,continue,,manual,TRUE,TRUE,
jeong-yunho-ateez-facemask-k-pop-idol-face-mask-funny-mask-for-stag-do-hen-night-tv-events-fancy-dress-costume-parties-ready-to-wear,,,,DIY,,Stick,FaceMask-JeongYunhoAteez-DIY-S,2.00,continue,,manual,TRUE,TRUE,
choi-jongho-ateez-facemask-k-pop-idol-face-mask-funny-mask-for-stag-do-hen-night-tv-events-fancy-dress-costume-parties-ready-to-wear,Choi Jongho Face Mask – Fancy Dress Cardboard Costume Mask,active,Style,Ready Cut,Fitting,Elastic,FaceMask-ChoiJonghoAteez-RC-E,2.99,continue,,manual,TRUE,TRUE,
choi-jongho-ateez-facemask-k-pop-idol-face-mask-funny-mask-for-stag-do-hen-night-tv-events-fancy-dress-costume-parties-ready-to-wear,,,,Ready Cut,,Stick,FaceMask-ChoiJonghoAteez-RC-S,3.49,continue,,manual,TRUE,TRUE,
choi-jongho-ateez-facemask-k-pop-idol-face-mask-funny-mask-for-stag-do-hen-night-tv-events-fancy-dress-costume-parties-ready-to-wear,,,,DIY,,Elastic,FaceMask-ChoiJonghoAteez-DIY-E,1.50,continue,,manual,TRUE,TRUE,
choi-jongho-ateez-facemask-k-pop-idol-face-mask-funny-mask-for-stag-do-hen-night-tv-events-fancy-dress-costume-parties-ready-to-wear,,,,DIY,,Stick,FaceMask-ChoiJonghoAteez-DIY-S,2.00,continue,,manual,TRUE,TRUE,
hoshi-seventeen-facemask-k-pop-idol-face-mask-funny-mask-for-stag-do-hen-night-tv-events-fancy-dress-costume-parties-ready-to-wear,Hoshi Face Mask – Fancy Dress Cardboard Costume Mask,active,Style,Ready Cut,Fitting,Elastic,FaceMask-HoshiSeventeen-RC-E,2.99,continue,,manual,TRUE,TRUE,
hoshi-seventeen-facemask-k-pop-idol-face-mask-funny-mask-for-stag-do-hen-night-tv-events-fancy-dress-costume-parties-ready-to-wear,,,,Ready Cut,,Stick,FaceMask-HoshiSeventeen-RC-S,3.49,continue,,manual,TRUE,TRUE,
hoshi-seventeen-facemask-k-pop-idol-face-mask-funny-mask-for-stag-do-hen-night-tv-events-fancy-dress-costume-parties-ready-to-wear,,,,DIY,,Elastic,FaceMask-HoshiSeventeen-DIY-E,1.50,continue,,manual,TRUE,TRUE,
hoshi-seventeen-facemask-k-pop-idol-face-mask-funny-mask-for-stag-do-hen-night-tv-events-fancy-dress-costume-parties-ready-to-wear,,,,DIY,,Stick,FaceMask-HoshiSeventeen-DIY-S,2.00,continue,,manual,TRUE,TRUE,
jay-enhypen-facemask-k-pop-idol-face-mask-funny-mask-for-stag-do-hen-night-tv-events-fancy-dress-costume-parties-ready-to-wear,Jay Face Mask – Fancy Dress Cardboard Costume Mask,active,Style,Ready Cut,Fitting,Elastic,FaceMask-JayEnhypen-RC-E,2.99,continue,,manual,TRUE,TRUE,
jay-enhypen-facemask-k-pop-idol-face-mask-funny-mask-for-stag-do-hen-night-tv-events-fancy-dress-costume-parties-ready-to-wear,,,,Ready Cut,,Stick,FaceMask-JayEnhypen-RC-S,3.49,continue,,manual,TRUE,TRUE,
jay-enhypen-facemask-k-pop-idol-face-mask-funny-mask-for-stag-do-hen-night-tv-events-fancy-dress-costume-parties-ready-to-wear,,,,DIY,,Elastic,FaceMask-JayEnhypen-DIY-E,1.50,continue,,manual,TRUE,TRUE,
jay-enhypen-facemask-k-pop-idol-face-mask-funny-mask-for-stag-do-hen-night-tv-events-fancy-dress-costume-parties-ready-to-wear,,,,DIY,,Stick,FaceMask-JayEnhypen-DIY-S,2.00,continue,,manual,TRUE,TRUE,
kim-chae-won-le-sserafim-facemask-k-pop-idol-face-mask-funny-mask-for-stag-do-hen-night-tv-events-fancy-dress-costume-parties-ready-to-wear,Kim Chae-won Face Mask – Fancy Dress Cardboard Costume Mask,active,Style,Ready Cut,Fitting,Elastic,FaceMask-KimChaewonLeSserafim-RC-E,2.99,continue,,manual,TRUE,TRUE,
kim-chae-won-le-sserafim-facemask-k-pop-idol-face-mask-funny-mask-for-stag-do-hen-night-tv-events-fancy-dress-costume-parties-ready-to-wear,,,,Ready Cut,,Stick,FaceMask-KimChaewonLeSserafim-RC-S,3.49,continue,,manual,TRUE,TRUE,
kim-chae-won-le-sserafim-facemask-k-pop-idol-face-mask-funny-mask-for-stag-do-hen-night-tv-events-fancy-dress-costume-parties-ready-to-wear,,,,DIY,,Elastic,FaceMask-KimChaewonLeSserafim-DIY-E,1.50,continue,,manual,TRUE,TRUE,
kim-chae-won-le-sserafim-facemask-k-pop-idol-face-mask-funny-mask-for-stag-do-hen-night-tv-events-fancy-dress-costume-parties-ready-to-wear,,,,DIY,,Stick,FaceMask-KimChaewonLeSserafim-DIY-S,2.00,continue,,manual,TRUE,TRUE,
kim-garam-le-sserafim-facemask-k-pop-idol-face-mask-funny-mask-for-stag-do-hen-night-tv-events-fancy-dress-costume-parties-ready-to-wear,Kim Garam Face Mask – Fancy Dress Cardboard Costume Mask,active,Style,Ready Cut,Fitting,Elastic,FaceMask-KimGaramLeSserafim-RC-E,2.99,continue,,manual,TRUE,TRUE,
kim-garam-le-sserafim-facemask-k-pop-idol-face-mask-funny-mask-for-stag-do-hen-night-tv-events-fancy-dress-costume-parties-ready-to-wear,,,,Ready Cut,,Stick,FaceMask-KimGaramLeSserafim-RC-S,3.49,continue,,manual,TRUE,TRUE,
kim-garam-le-sserafim-facemask-k-pop-idol-face-mask-funny-mask-for-stag-do-hen-night-tv-events-fancy-dress-costume-parties-ready-to-wear,,,,DIY,,Elastic,FaceMask-KimGaramLeSserafim-DIY-E,1.50,continue,,manual,TRUE,TRUE,
kim-garam-le-sserafim-facemask-k-pop-idol-face-mask-funny-mask-for-stag-do-hen-night-tv-events-fancy-dress-costume-parties-ready-to-wear,,,,DIY,,Stick,FaceMask-KimGaramLeSserafim-DIY-S,2.00,continue,,manual,TRUE,TRUE,
seungkwan-seventeen-facemask-k-pop-idol-face-mask-funny-mask-for-stag-do-hen-night-tv-events-fancy-dress-costume-parties-ready-to-wear,Seungkwan Face Mask – Fancy Dress Cardboard Costume Mask,active,Style,Ready Cut,Fitting,Elastic,FaceMask-SeungkwanSeventeen-RC-E,2.99,continue,,manual,TRUE,TRUE,
seungkwan-seventeen-facemask-k-pop-idol-face-mask-funny-mask-for-stag-do-hen-night-tv-events-fancy-dress-costume-parties-ready-to-wear,,,,Ready Cut,,Stick,FaceMask-SeungkwanSeventeen-RC-S,3.49,continue,,manual,TRUE,TRUE,
seungkwan-seventeen-facemask-k-pop-idol-face-mask-funny-mask-for-stag-do-hen-night-tv-events-fancy-dress-costume-parties-ready-to-wear,,,,DIY,,Elastic,FaceMask-SeungkwanSeventeen-DIY-E,1.50,continue,,manual,TRUE,TRUE,
seungkwan-seventeen-facemask-k-pop-idol-face-mask-funny-mask-for-stag-do-hen-night-tv-events-fancy-dress-costume-parties-ready-to-wear,,,,DIY,,Stick,FaceMask-SeungkwanSeventeen-DIY-S,2.00,continue,,manual,TRUE,TRUE,
song-mingi-ateez-facemask-k-pop-idol-face-mask-funny-mask-for-stag-do-hen-night-tv-events-fancy-dress-costume-parties-ready-to-wear,Song Mingi Face Mask – Fancy Dress Cardboard Costume Mask,active,Style,Ready Cut,Fitting,Elastic,FaceMask-SongMingiAteez-RC-E,2.99,continue,,manual,TRUE,TRUE,
song-mingi-ateez-facemask-k-pop-idol-face-mask-funny-mask-for-stag-do-hen-night-tv-events-fancy-dress-costume-parties-ready-to-wear,,,,Ready Cut,,Stick,FaceMask-SongMingiAteez-RC-S,3.49,continue,,manual,TRUE,TRUE,
song-mingi-ateez-facemask-k-pop-idol-face-mask-funny-mask-for-stag-do-hen-night-tv-events-fancy-dress-costume-parties-ready-to-wear,,,,DIY,,Elastic,FaceMask-SongMingiAteez-DIY-E,1.50,continue,,manual,TRUE,TRUE,
song-mingi-ateez-facemask-k-pop-idol-face-mask-funny-mask-for-stag-do-hen-night-tv-events-fancy-dress-costume-parties-ready-to-wear,,,,DIY,,Stick,FaceMask-SongMingiAteez-DIY-S,2.00,continue,,manual,TRUE,TRUE,
soobin-txt-celebrity-face-mask-k-pop-idol-face-mask-funny-mask-for-stag-do-hen-night-tv-events-fancy-dress-costume-parties-ready-to-wear,Soobin Face Mask – Fancy Dress Cardboard Costume Mask,active,Style,Ready Cut,Fitting,Elastic,FaceMask-SoobinTxt-RC-E,2.99,continue,,manual,TRUE,TRUE,
soobin-txt-celebrity-face-mask-k-pop-idol-face-mask-funny-mask-for-stag-do-hen-night-tv-events-fancy-dress-costume-parties-ready-to-wear,,,,Ready Cut,,Stick,FaceMask-SoobinTxt-RC-S,3.49,continue,,manual,TRUE,TRUE,
soobin-txt-celebrity-face-mask-k-pop-idol-face-mask-funny-mask-for-stag-do-hen-night-tv-events-fancy-dress-costume-parties-ready-to-wear,,,,DIY,,Elastic,FaceMask-SoobinTxt-DIY-E,1.50,continue,,manual,TRUE,TRUE,
soobin-txt-celebrity-face-mask-k-pop-idol-face-mask-funny-mask-for-stag-do-hen-night-tv-events-fancy-dress-costume-parties-ready-to-wear,,,,DIY,,Stick,FaceMask-SoobinTxt-DIY-S,2.00,continue,,manual,TRUE,TRUE,
sunoo-enhypen-celebrity-face-mask-k-pop-idol-face-mask-funny-mask-for-stag-do-hen-night-tv-events-fancy-dress-costume-parties-ready-to-wear,Sunoo Face Mask – Fancy Dress Cardboard Costume Mask,active,Style,Ready Cut,Fitting,Elastic,FaceMask-SunooEnhypen-RC-E,2.99,continue,,manual,TRUE,TRUE,
sunoo-enhypen-celebrity-face-mask-k-pop-idol-face-mask-funny-mask-for-stag-do-hen-night-tv-events-fancy-dress-costume-parties-ready-to-wear,,,,Ready Cut,,Stick,FaceMask-SunooEnhypen-RC-S,3.49,continue,,manual,TRUE,TRUE,
sunoo-enhypen-celebrity-face-mask-k-pop-idol-face-mask-funny-mask-for-stag-do-hen-night-tv-events-fancy-dress-costume-parties-ready-to-wear,,,,DIY,,Elastic,FaceMask-SunooEnhypen-DIY-E,1.50,continue,,manual,TRUE,TRUE,
sunoo-enhypen-celebrity-face-mask-k-pop-idol-face-mask-funny-mask-for-stag-do-hen-night-tv-events-fancy-dress-costume-parties-ready-to-wear,,,,DIY,,Stick,FaceMask-SunooEnhypen-DIY-S,2.00,continue,,manual,TRUE,TRUE,
taehyun-txt-celebrity-face-mask-k-pop-idol-face-mask-funny-mask-for-stag-do-hen-night-tv-events-fancy-dress-costume-parties-ready-to-wear,Taehyun Face Mask – Fancy Dress Cardboard Costume Mask,active,Style,Ready Cut,Fitting,Elastic,FaceMask-TaehyunTxt-RC-E,2.99,continue,,manual,TRUE,TRUE,
taehyun-txt-celebrity-face-mask-k-pop-idol-face-mask-funny-mask-for-stag-do-hen-night-tv-events-fancy-dress-costume-parties-ready-to-wear,,,,Ready Cut,,Stick,FaceMask-TaehyunTxt-RC-S,3.49,continue,,manual,TRUE,TRUE,
taehyun-txt-celebrity-face-mask-k-pop-idol-face-mask-funny-mask-for-stag-do-hen-night-tv-events-fancy-dress-costume-parties-ready-to-wear,,,,DIY,,Elastic,FaceMask-TaehyunTxt-DIY-E,1.50,continue,,manual,TRUE,TRUE,
taehyun-txt-celebrity-face-mask-k-pop-idol-face-mask-funny-mask-for-stag-do-hen-night-tv-events-fancy-dress-costume-parties-ready-to-wear,,,,DIY,,Stick,FaceMask-TaehyunTxt-DIY-S,2.00,continue,,manual,TRUE,TRUE,
jiung-p1harmony-celebrity-face-mask-k-pop-idol-face-mask-funny-mask-for-stag-do-hen-night-tv-events-fancy-dress-costume-parties-ready-to-wear,Jiung Face Mask – Fancy Dress Cardboard Costume Mask,active,Style,Ready Cut,Fitting,Elastic,FaceMask-JiungP1Harmony-RC-E,2.99,continue,,manual,TRUE,TRUE,
jiung-p1harmony-celebrity-face-mask-k-pop-idol-face-mask-funny-mask-for-stag-do-hen-night-tv-events-fancy-dress-costume-parties-ready-to-wear,,,,Ready Cut,,Stick,FaceMask-JiungP1Harmony-RC-S,3.49,continue,,manual,TRUE,TRUE,
jiung-p1harmony-celebrity-face-mask-k-pop-idol-face-mask-funny-mask-for-stag-do-hen-night-tv-events-fancy-dress-costume-parties-ready-to-wear,,,,DIY,,Elastic,FaceMask-JiungP1Harmony-DIY-E,1.50,continue,,manual,TRUE,TRUE,
jiung-p1harmony-celebrity-face-mask-k-pop-idol-face-mask-funny-mask-for-stag-do-hen-night-tv-events-fancy-dress-costume-parties-ready-to-wear,,,,DIY,,Stick,FaceMask-JiungP1Harmony-DIY-S,2.00,continue,,manual,TRUE,TRUE,
joshua-hong-seventeen-celebrity-face-mask-k-pop-idol-face-mask-funny-mask-for-stag-do-hen-night-tv-events-fancy-dress-costume-parties-ready-to-wear,Joshua Hong Face Mask – Fancy Dress Cardboard Costume Mask,active,Style,Ready Cut,Fitting,Elastic,FaceMask-JoshuaHongSeventeen-RC-E,2.99,continue,,manual,TRUE,TRUE,
joshua-hong-seventeen-celebrity-face-mask-k-pop-idol-face-mask-funny-mask-for-stag-do-hen-night-tv-events-fancy-dress-costume-parties-ready-to-wear,,,,Ready Cut,,Stick,FaceMask-JoshuaHongSeventeen-RC-S,3.49,continue,,manual,TRUE,TRUE,
joshua-hong-seventeen-celebrity-face-mask-k-pop-idol-face-mask-funny-mask-for-stag-do-hen-night-tv-events-fancy-dress-costume-parties-ready-to-wear,,,,DIY,,Elastic,FaceMask-JoshuaHongSeventeen-DIY-E,1.50,continue,,manual,TRUE,TRUE,
joshua-hong-seventeen-celebrity-face-mask-k-pop-idol-face-mask-funny-mask-for-stag-do-hen-night-tv-events-fancy-dress-costume-parties-ready-to-wear,,,,DIY,,Stick,FaceMask-JoshuaHongSeventeen-DIY-S,2.00,continue,,manual,TRUE,TRUE,
jungwon-enhypen-celebrity-face-mask-k-pop-idol-face-mask-funny-mask-for-stag-do-hen-night-tv-events-fancy-dress-costume-parties-ready-to-wear,Jungwon Face Mask – Fancy Dress Cardboard Costume Mask,active,Style,Ready Cut,Fitting,Elastic,FaceMask-JungwonEnhypen-RC-E,2.99,continue,,manual,TRUE,TRUE,
jungwon-enhypen-celebrity-face-mask-k-pop-idol-face-mask-funny-mask-for-stag-do-hen-night-tv-events-fancy-dress-costume-parties-ready-to-wear,,,,Ready Cut,,Stick,FaceMask-JungwonEnhypen-RC-S,3.49,continue,,manual,TRUE,TRUE,
jungwon-enhypen-celebrity-face-mask-k-pop-idol-face-mask-funny-mask-for-stag-do-hen-night-tv-events-fancy-dress-costume-parties-ready-to-wear,,,,DIY,,Elastic,FaceMask-JungwonEnhypen-DIY-E,1.50,continue,,manual,TRUE,TRUE,
jungwon-enhypen-celebrity-face-mask-k-pop-idol-face-mask-funny-mask-for-stag-do-hen-night-tv-events-fancy-dress-costume-parties-ready-to-wear,,,,DIY,,Stick,FaceMask-JungwonEnhypen-DIY-S,2.00,continue,,manual,TRUE,TRUE,
lisa-blackpink-celebrity-face-mask-k-pop-idol-face-mask-funny-mask-for-stag-do-hen-night-tv-events-fancy-dress-costume-parties-ready-to-wear,Lisa Face Mask – Fancy Dress Cardboard Costume Mask,active,Style,Ready Cut,Fitting,Elastic,FaceMask-LisaBlackPink-RC-E,2.99,continue,,manual,TRUE,TRUE,
lisa-blackpink-celebrity-face-mask-k-pop-idol-face-mask-funny-mask-for-stag-do-hen-night-tv-events-fancy-dress-costume-parties-ready-to-wear,,,,Ready Cut,,Stick,FaceMask-LisaBlackPink-RC-S,3.49,continue,,manual,TRUE,TRUE,
lisa-blackpink-celebrity-face-mask-k-pop-idol-face-mask-funny-mask-for-stag-do-hen-night-tv-events-fancy-dress-costume-parties-ready-to-wear,,,,DIY,,Elastic,FaceMask-LisaBlackPink-DIY-E,1.50,continue,,manual,TRUE,TRUE,
lisa-blackpink-celebrity-face-mask-k-pop-idol-face-mask-funny-mask-for-stag-do-hen-night-tv-events-fancy-dress-costume-parties-ready-to-wear,,,,DIY,,Stick,FaceMask-LisaBlackPink-DIY-S,2.00,continue,,manual,TRUE,TRUE,
mingyu-seventeen-celebrity-face-mask-k-pop-idol-face-mask-funny-mask-for-stag-do-hen-night-tv-events-fancy-dress-costume-parties-ready-to-wear-copy,Mingyu Face Mask – Fancy Dress Cardboard Costume Mask,active,Style,Ready Cut,Fitting,Elastic,FaceMask-MingyuSeventeen-RC-E,2.99,continue,,manual,TRUE,TRUE,
mingyu-seventeen-celebrity-face-mask-k-pop-idol-face-mask-funny-mask-for-stag-do-hen-night-tv-events-fancy-dress-costume-parties-ready-to-wear-copy,,,,Ready Cut,,Stick,FaceMask-MingyuSeventeen-RC-S,3.49,continue,,manual,TRUE,TRUE,
mingyu-seventeen-celebrity-face-mask-k-pop-idol-face-mask-funny-mask-for-stag-do-hen-night-tv-events-fancy-dress-costume-parties-ready-to-wear-copy,,,,DIY,,Elastic,FaceMask-MingyuSeventeen-DIY-E,1.50,continue,,manual,TRUE,TRUE,
mingyu-seventeen-celebrity-face-mask-k-pop-idol-face-mask-funny-mask-for-stag-do-hen-night-tv-events-fancy-dress-costume-parties-ready-to-wear-copy,,,,DIY,,Stick,FaceMask-MingyuSeventeen-DIY-S,2.00,continue,,manual,TRUE,TRUE,
rose-blackpink-celebrity-face-mask-k-pop-idol-face-mask-funny-mask-for-stag-do-hen-night-tv-events-fancy-dress-costume-parties-ready-to-wear,Rosé Face Mask – Fancy Dress Cardboard Costume Mask,active,Style,Ready Cut,Fitting,Elastic,FaceMask-RoseBlackPink-RC-E,2.99,continue,,manual,TRUE,TRUE,
rose-blackpink-celebrity-face-mask-k-pop-idol-face-mask-funny-mask-for-stag-do-hen-night-tv-events-fancy-dress-costume-parties-ready-to-wear,,,,Ready Cut,,Stick,FaceMask-RoseBlackPink-RC-S,3.49,continue,,manual,TRUE,TRUE,
rose-blackpink-celebrity-face-mask-k-pop-idol-face-mask-funny-mask-for-stag-do-hen-night-tv-events-fancy-dress-costume-parties-ready-to-wear,,,,DIY,,Elastic,FaceMask-RoseBlackPink-DIY-E,1.50,continue,,manual,TRUE,TRUE,
rose-blackpink-celebrity-face-mask-k-pop-idol-face-mask-funny-mask-for-stag-do-hen-night-tv-events-fancy-dress-costume-parties-ready-to-wear,,,,DIY,,Stick,FaceMask-RoseBlackPink-DIY-S,2.00,continue,,manual,TRUE,TRUE,
sunghoon-blackpink-celebrity-face-mask-k-pop-idol-face-mask-funny-mask-for-stag-do-hen-night-tv-events-fancy-dress-costume-parties-ready-to-wear-copy,Sunghoon Face Mask – Fancy Dress Cardboard Costume Mask,active,Style,Ready Cut,Fitting,Elastic,FaceMask-SunghoonEnhypen-RC-E,2.99,continue,,manual,TRUE,TRUE,
sunghoon-blackpink-celebrity-face-mask-k-pop-idol-face-mask-funny-mask-for-stag-do-hen-night-tv-events-fancy-dress-costume-parties-ready-to-wear-copy,,,,Ready Cut,,Stick,FaceMask-SunghoonEnhypen-RC-S,3.49,continue,,manual,TRUE,TRUE,
sunghoon-blackpink-celebrity-face-mask-k-pop-idol-face-mask-funny-mask-for-stag-do-hen-night-tv-events-fancy-dress-costume-parties-ready-to-wear-copy,,,,DIY,,Elastic,FaceMask-SunghoonEnhypen-DIY-E,1.50,continue,,manual,TRUE,TRUE,
sunghoon-blackpink-celebrity-face-mask-k-pop-idol-face-mask-funny-mask-for-stag-do-hen-night-tv-events-fancy-dress-costume-parties-ready-to-wear-copy,,,,DIY,,Stick,FaceMask-SunghoonEnhypen-DIY-S,2.00,continue,,manual,TRUE,TRUE,
woozi-seventeen-celebrity-face-mask-k-pop-idol-face-mask-funny-mask-for-stag-do-hen-night-tv-events-fancy-dress-costume-parties-ready-to-wear,Woozi Face Mask – Fancy Dress Cardboard Costume Mask,active,Style,Ready Cut,Fitting,Elastic,FaceMask-WooziSeventeen-RC-E,2.99,continue,,manual,TRUE,TRUE,
woozi-seventeen-celebrity-face-mask-k-pop-idol-face-mask-funny-mask-for-stag-do-hen-night-tv-events-fancy-dress-costume-parties-ready-to-wear,,,,Ready Cut,,Stick,FaceMask-WooziSeventeen-RC-S,3.49,continue,,manual,TRUE,TRUE,
woozi-seventeen-celebrity-face-mask-k-pop-idol-face-mask-funny-mask-for-stag-do-hen-night-tv-events-fancy-dress-costume-parties-ready-to-wear,,,,DIY,,Elastic,FaceMask-WooziSeventeen-DIY-E,1.50,continue,,manual,TRUE,TRUE,
woozi-seventeen-celebrity-face-mask-k-pop-idol-face-mask-funny-mask-for-stag-do-hen-night-tv-events-fancy-dress-costume-parties-ready-to-wear,,,,DIY,,Stick,FaceMask-WooziSeventeen-DIY-S,2.00,continue,,manual,TRUE,TRUE,
yoonchae-katseye-celebrity-face-mask-k-pop-idol-face-mask-funny-mask-for-stag-do-hen-night-tv-events-fancy-dress-costume-parties-ready-to-wear,Yoonchae Face Mask – Fancy Dress Cardboard Costume Mask,active,Style,Ready Cut,Fitting,Elastic,FaceMask-YoonchaeKatseye-RC-E,2.99,continue,,manual,TRUE,TRUE,
yoonchae-katseye-celebrity-face-mask-k-pop-idol-face-mask-funny-mask-for-stag-do-hen-night-tv-events-fancy-dress-costume-parties-ready-to-wear,,,,Ready Cut,,Stick,FaceMask-YoonchaeKatseye-RC-S,3.49,continue,,manual,TRUE,TRUE,
yoonchae-katseye-celebrity-face-mask-k-pop-idol-face-mask-funny-mask-for-stag-do-hen-night-tv-events-fancy-dress-costume-parties-ready-to-wear,,,,DIY,,Elastic,FaceMask-YoonchaeKatseye-DIY-E,1.50,continue,,manual,TRUE,TRUE,
yoonchae-katseye-celebrity-face-mask-k-pop-idol-face-mask-funny-mask-for-stag-do-hen-night-tv-events-fancy-dress-costume-parties-ready-to-wear,,,,DIY,,Stick,FaceMask-YoonchaeKatseye-DIY-S,2.00,continue,,manual,TRUE,TRUE,
dk-seventeen-celebrity-face-mask-k-pop-idol-face-mask-funny-mask-for-stag-do-hen-night-tv-events-fancy-dress-costume-parties-ready-to-wear,DK Face Mask – Fancy Dress Cardboard Costume Mask,active,Style,Ready Cut,Fitting,Elastic,FaceMask-DKSeventeen-RC-E,2.99,continue,,manual,TRUE,TRUE,
dk-seventeen-celebrity-face-mask-k-pop-idol-face-mask-funny-mask-for-stag-do-hen-night-tv-events-fancy-dress-costume-parties-ready-to-wear,,,,Ready Cut,,Stick,FaceMask-DKSeventeen-RC-S,3.49,continue,,manual,TRUE,TRUE,
dk-seventeen-celebrity-face-mask-k-pop-idol-face-mask-funny-mask-for-stag-do-hen-night-tv-events-fancy-dress-costume-parties-ready-to-wear,,,,DIY,,Elastic,FaceMask-DKSeventeen-DIY-E,1.50,continue,,manual,TRUE,TRUE,
dk-seventeen-celebrity-face-mask-k-pop-idol-face-mask-funny-mask-for-stag-do-hen-night-tv-events-fancy-dress-costume-parties-ready-to-wear,,,,DIY,,Stick,FaceMask-DKSeventeen-DIY-S,2.00,continue,,manual,TRUE,TRUE,
jake-enhypen-celebrity-face-mask-k-pop-idol-face-mask-funny-mask-for-stag-do-hen-night-tv-events-fancy-dress-costume-parties-ready-to-wear,Jake Face Mask – Fancy Dress Cardboard Costume Mask,active,Style,Ready Cut,Fitting,Elastic,FaceMask-JakeEnhypen-RC-E,2.99,continue,,manual,TRUE,TRUE,
jake-enhypen-celebrity-face-mask-k-pop-idol-face-mask-funny-mask-for-stag-do-hen-night-tv-events-fancy-dress-costume-parties-ready-to-wear,,,,Ready Cut,,Stick,FaceMask-JakeEnhypen-RC-S,3.49,continue,,manual,TRUE,TRUE,
jake-enhypen-celebrity-face-mask-k-pop-idol-face-mask-funny-mask-for-stag-do-hen-night-tv-events-fancy-dress-costume-parties-ready-to-wear,,,,DIY,,Elastic,FaceMask-JakeEnhypen-DIY-E,1.50,continue,,manual,TRUE,TRUE,
jake-enhypen-celebrity-face-mask-k-pop-idol-face-mask-funny-mask-for-stag-do-hen-night-tv-events-fancy-dress-costume-parties-ready-to-wear,,,,DIY,,Stick,FaceMask-JakeEnhypen-DIY-S,2.00,continue,,manual,TRUE,TRUE,
jongseob-p1harmony-celebrity-face-mask-k-pop-idol-face-mask-funny-mask-for-stag-do-hen-night-tv-events-fancy-dress-costume-parties-ready-to-wear,Jongseob Face Mask – Fancy Dress Cardboard Costume Mask,active,Style,Ready Cut,Fitting,Elastic,FaceMask-JongseobP1Harmony-RC-E,2.99,continue,,manual,TRUE,TRUE,
jongseob-p1harmony-celebrity-face-mask-k-pop-idol-face-mask-funny-mask-for-stag-do-hen-night-tv-events-fancy-dress-costume-parties-ready-to-wear,,,,Ready Cut,,Stick,FaceMask-JongseobP1Harmony-RC-S,3.49,continue,,manual,TRUE,TRUE,
jongseob-p1harmony-celebrity-face-mask-k-pop-idol-face-mask-funny-mask-for-stag-do-hen-night-tv-events-fancy-dress-costume-parties-ready-to-wear,,,,DIY,,Elastic,FaceMask-JongseobP1Harmony-DIY-E,1.50,continue,,manual,TRUE,TRUE,
jongseob-p1harmony-celebrity-face-mask-k-pop-idol-face-mask-funny-mask-for-stag-do-hen-night-tv-events-fancy-dress-costume-parties-ready-to-wear,,,,DIY,,Stick,FaceMask-JongseobP1Harmony-DIY-S,2.00,continue,,manual,TRUE,TRUE,
megan-katseye-celebrity-face-mask-k-pop-idol-face-mask-funny-mask-for-stag-do-hen-night-tv-events-fancy-dress-costume-parties-ready-to-wear,Megan Face Mask – Fancy Dress Cardboard Costume Mask,active,Style,Ready Cut,Fitting,Elastic,FaceMask-MeganKatseye-RC-E,2.99,continue,,manual,TRUE,TRUE,
megan-katseye-celebrity-face-mask-k-pop-idol-face-mask-funny-mask-for-stag-do-hen-night-tv-events-fancy-dress-costume-parties-ready-to-wear,,,,Ready Cut,,Stick,FaceMask-MeganKatseye-RC-S,3.49,continue,,manual,TRUE,TRUE,
megan-katseye-celebrity-face-mask-k-pop-idol-face-mask-funny-mask-for-stag-do-hen-night-tv-events-fancy-dress-costume-parties-ready-to-wear,,,,DIY,,Elastic,FaceMask-MeganKatseye-DIY-E,1.50,continue,,manual,TRUE,TRUE,
megan-katseye-celebrity-face-mask-k-pop-idol-face-mask-funny-mask-for-stag-do-hen-night-tv-events-fancy-dress-costume-parties-ready-to-wear,,,,DIY,,Stick,FaceMask-MeganKatseye-DIY-S,2.00,continue,,manual,TRUE,TRUE,
ni-ki-enhypen-celebrity-face-mask-k-pop-idol-face-mask-funny-mask-for-stag-do-hen-night-tv-events-fancy-dress-costume-parties-ready-to-wear-copy,Ni-ki Face Mask – Fancy Dress Cardboard Costume Mask,active,Style,Ready Cut,Fitting,Elastic,FaceMask-NikiEnhypen-RC-E,2.99,continue,,manual,TRUE,TRUE,
ni-ki-enhypen-celebrity-face-mask-k-pop-idol-face-mask-funny-mask-for-stag-do-hen-night-tv-events-fancy-dress-costume-parties-ready-to-wear-copy,,,,Ready Cut,,Stick,FaceMask-NikiEnhypen-RC-S,3.49,continue,,manual,TRUE,TRUE,
ni-ki-enhypen-celebrity-face-mask-k-pop-idol-face-mask-funny-mask-for-stag-do-hen-night-tv-events-fancy-dress-costume-parties-ready-to-wear-copy,,,,DIY,,Elastic,FaceMask-NikiEnhypen-DIY-E,1.50,continue,,manual,TRUE,TRUE,
ni-ki-enhypen-celebrity-face-mask-k-pop-idol-face-mask-funny-mask-for-stag-do-hen-night-tv-events-fancy-dress-costume-parties-ready-to-wear-copy,,,,DIY,,Stick,FaceMask-NikiEnhypen-DIY-S,2.00,continue,,manual,TRUE,TRUE,
s-coups-seventeen-celebrity-face-mask-k-pop-idol-face-mask-funny-mask-for-stag-do-hen-night-tv-events-fancy-dress-costume-parties-ready-to-wear,S.Coups Face Mask – Fancy Dress Cardboard Costume Mask,active,Style,Ready Cut,Fitting,Elastic,FaceMask-S.CoupsSeventeen-RC-E,2.99,continue,,manual,TRUE,TRUE,
s-coups-seventeen-celebrity-face-mask-k-pop-idol-face-mask-funny-mask-for-stag-do-hen-night-tv-events-fancy-dress-costume-parties-ready-to-wear,,,,Ready Cut,,Stick,FaceMask-S.CoupsSeventeen-RC-S,3.49,continue,,manual,TRUE,TRUE,
s-coups-seventeen-celebrity-face-mask-k-pop-idol-face-mask-funny-mask-for-stag-do-hen-night-tv-events-fancy-dress-costume-parties-ready-to-wear,,,,DIY,,Elastic,FaceMask-S.CoupsSeventeen-DIY-E,1.50,continue,,manual,TRUE,TRUE,
s-coups-seventeen-celebrity-face-mask-k-pop-idol-face-mask-funny-mask-for-stag-do-hen-night-tv-events-fancy-dress-costume-parties-ready-to-wear,,,,DIY,,Stick,FaceMask-S.CoupsSeventeen-DIY-S,2.00,continue,,manual,TRUE,TRUE,
s-coups-choi-seungcheol-seventeen-celebrity-face-mask-k-pop-idol-face-mask-funny-mask-for-stag-do-hen-night-tv-events-fancy-dress-costume-parties-ready-to-wear,S.Coups Choi Seungcheol Face Mask – Fancy Dress Cardboard Costume Mask,active,Style,Ready Cut,Fitting,Elastic,FaceMask-ChoiSeungcheolSeventeen-RC-E,2.99,continue,,manual,TRUE,TRUE,
s-coups-choi-seungcheol-seventeen-celebrity-face-mask-k-pop-idol-face-mask-funny-mask-for-stag-do-hen-night-tv-events-fancy-dress-costume-parties-ready-to-wear,,,,Ready Cut,,Stick,FaceMask-ChoiSeungcheolSeventeen-RC-S,3.49,continue,,manual,TRUE,TRUE,
s-coups-choi-seungcheol-seventeen-celebrity-face-mask-k-pop-idol-face-mask-funny-mask-for-stag-do-hen-night-tv-events-fancy-dress-costume-parties-ready-to-wear,,,,DIY,,Elastic,FaceMask-ChoiSeungcheolSeventeen-DIY-E,1.50,continue,,manual,TRUE,TRUE,
s-coups-choi-seungcheol-seventeen-celebrity-face-mask-k-pop-idol-face-mask-funny-mask-for-stag-do-hen-night-tv-events-fancy-dress-costume-parties-ready-to-wear,,,,DIY,,Stick,FaceMask-ChoiSeungcheolSeventeen-DIY-S,2.00,continue,,manual,TRUE,TRUE,
jun-seventeen-celebrity-face-mask-k-pop-idol-face-mask-funny-mask-for-stag-do-hen-night-tv-events-fancy-dress-costume-parties-ready-to-wear,Jun Face Mask – Fancy Dress Cardboard Costume Mask,active,Style,Ready Cut,Fitting,Elastic,FaceMask-WenJunhuiSeventeen-RC-E,2.99,continue,,manual,TRUE,TRUE,
jun-seventeen-celebrity-face-mask-k-pop-idol-face-mask-funny-mask-for-stag-do-hen-night-tv-events-fancy-dress-costume-parties-ready-to-wear,,,,Ready Cut,,Stick,FaceMask-WenJunhuiSeventeen-RC-S,3.49,continue,,manual,TRUE,TRUE,
jun-seventeen-celebrity-face-mask-k-pop-idol-face-mask-funny-mask-for-stag-do-hen-night-tv-events-fancy-dress-costume-parties-ready-to-wear,,,,DIY,,Elastic,FaceMask-WenJunhuiSeventeen-DIY-E,1.50,continue,,manual,TRUE,TRUE,
jun-seventeen-celebrity-face-mask-k-pop-idol-face-mask-funny-mask-for-stag-do-hen-night-tv-events-fancy-dress-costume-parties-ready-to-wear,,,,DIY,,Stick,FaceMask-WenJunhuiSeventeen-DIY-S,2.00,continue,,manual,TRUE,TRUE,
wonwoo-seventeen-celebrity-face-mask-k-pop-idol-face-mask-funny-mask-for-stag-do-hen-night-tv-events-fancy-dress-costume-parties-ready-to-wear,Wonwoo Face Mask – Fancy Dress Cardboard Costume Mask,active,Style,Ready Cut,Fitting,Elastic,FaceMask-WonwooSeventeen-RC-E,2.99,continue,,manual,TRUE,TRUE,
wonwoo-seventeen-celebrity-face-mask-k-pop-idol-face-mask-funny-mask-for-stag-do-hen-night-tv-events-fancy-dress-costume-parties-ready-to-wear,,,,Ready Cut,,Stick,FaceMask-WonwooSeventeen-RC-S,3.49,continue,,manual,TRUE,TRUE,
wonwoo-seventeen-celebrity-face-mask-k-pop-idol-face-mask-funny-mask-for-stag-do-hen-night-tv-events-fancy-dress-costume-parties-ready-to-wear,,,,DIY,,Elastic,FaceMask-WonwooSeventeen-DIY-E,1.50,continue,,manual,TRUE,TRUE,
wonwoo-seventeen-celebrity-face-mask-k-pop-idol-face-mask-funny-mask-for-stag-do-hen-night-tv-events-fancy-dress-costume-parties-ready-to-wear,,,,DIY,,Stick,FaceMask-WonwooSeventeen-DIY-S,2.00,continue,,manual,TRUE,TRUE,
huening-kai-seventeen-celebrity-face-mask-k-pop-idol-face-mask-funny-mask-for-stag-do-hen-night-tv-events-fancy-dress-costume-parties-ready-to-wear,Huening Kai Face Mask – Fancy Dress Cardboard Costume Mask,active,Style,Ready Cut,Fitting,Elastic,FaceMask-HueningKaiTxt-RC-E,2.99,continue,,manual,TRUE,TRUE,
huening-kai-seventeen-celebrity-face-mask-k-pop-idol-face-mask-funny-mask-for-stag-do-hen-night-tv-events-fancy-dress-costume-parties-ready-to-wear,,,,Ready Cut,,Stick,FaceMask-HueningKaiTxt-RC-S,3.49,continue,,manual,TRUE,TRUE,
huening-kai-seventeen-celebrity-face-mask-k-pop-idol-face-mask-funny-mask-for-stag-do-hen-night-tv-events-fancy-dress-costume-parties-ready-to-wear,,,,DIY,,Elastic,FaceMask-HueningKaiTxt-DIY-E,1.50,continue,,manual,TRUE,TRUE,
huening-kai-seventeen-celebrity-face-mask-k-pop-idol-face-mask-funny-mask-for-stag-do-hen-night-tv-events-fancy-dress-costume-parties-ready-to-wear,,,,DIY,,Stick,FaceMask-HueningKaiTxt-DIY-S,2.00,continue,,manual,TRUE,TRUE,
huh-yunjin-le-sserafim-celebrity-face-mask-k-pop-idol-face-mask-funny-mask-for-stag-do-hen-night-tv-events-fancy-dress-costume-parties-ready-to-wear,Huh Yunjin Face Mask – Fancy Dress Cardboard Costume Mask,active,Style,Ready Cut,Fitting,Elastic,FaceMask-HuhYunjinLeSserafim-RC-E,2.99,continue,,manual,TRUE,TRUE,
huh-yunjin-le-sserafim-celebrity-face-mask-k-pop-idol-face-mask-funny-mask-for-stag-do-hen-night-tv-events-fancy-dress-costume-parties-ready-to-wear,,,,Ready Cut,,Stick,FaceMask-HuhYunjinLeSserafim-RC-S,3.49,continue,,manual,TRUE,TRUE,
huh-yunjin-le-sserafim-celebrity-face-mask-k-pop-idol-face-mask-funny-mask-for-stag-do-hen-night-tv-events-fancy-dress-costume-parties-ready-to-wear,,,,DIY,,Elastic,FaceMask-HuhYunjinLeSserafim-DIY-E,1.50,continue,,manual,TRUE,TRUE,
huh-yunjin-le-sserafim-celebrity-face-mask-k-pop-idol-face-mask-funny-mask-for-stag-do-hen-night-tv-events-fancy-dress-costume-parties-ready-to-wear,,,,DIY,,Stick,FaceMask-HuhYunjinLeSserafim-DIY-S,2.00,continue,,manual,TRUE,TRUE,
jennie-blackpink-celebrity-face-mask-k-pop-idol-face-mask-funny-mask-for-stag-do-hen-night-tv-events-fancy-dress-costume-parties-ready-to-wear,Jennie Face Mask – Fancy Dress Cardboard Costume Mask,active,Style,Ready Cut,Fitting,Elastic,FaceMask-JennieBlackPink-RC-E,2.99,continue,,manual,TRUE,TRUE,
jennie-blackpink-celebrity-face-mask-k-pop-idol-face-mask-funny-mask-for-stag-do-hen-night-tv-events-fancy-dress-costume-parties-ready-to-wear,,,,Ready Cut,,Stick,FaceMask-JennieBlackPink-RC-S,3.49,continue,,manual,TRUE,TRUE,
jennie-blackpink-celebrity-face-mask-k-pop-idol-face-mask-funny-mask-for-stag-do-hen-night-tv-events-fancy-dress-costume-parties-ready-to-wear,,,,DIY,,Elastic,FaceMask-JennieBlackPink-DIY-E,1.50,continue,,manual,TRUE,TRUE,
jennie-blackpink-celebrity-face-mask-k-pop-idol-face-mask-funny-mask-for-stag-do-hen-night-tv-events-fancy-dress-costume-parties-ready-to-wear,,,,DIY,,Stick,FaceMask-JennieBlackPink-DIY-S,2.00,continue,,manual,TRUE,TRUE,
kazuha-le-sserafim-celebrity-face-mask-k-pop-idol-face-mask-funny-mask-for-stag-do-hen-night-tv-events-fancy-dress-costume-parties-ready-to-wear,Kazuha Face Mask – Fancy Dress Cardboard Costume Mask,active,Style,Ready Cut,Fitting,Elastic,FaceMask-KazuhaLeSserafim-RC-E,2.99,continue,,manual,TRUE,TRUE,
kazuha-le-sserafim-celebrity-face-mask-k-pop-idol-face-mask-funny-mask-for-stag-do-hen-night-tv-events-fancy-dress-costume-parties-ready-to-wear,,,,Ready Cut,,Stick,FaceMask-KazuhaLeSserafim-RC-S,3.49,continue,,manual,TRUE,TRUE,
kazuha-le-sserafim-celebrity-face-mask-k-pop-idol-face-mask-funny-mask-for-stag-do-hen-night-tv-events-fancy-dress-costume-parties-ready-to-wear,,,,DIY,,Elastic,FaceMask-KazuhaLeSserafim-DIY-E,1.50,continue,,manual,TRUE,TRUE,
kazuha-le-sserafim-celebrity-face-mask-k-pop-idol-face-mask-funny-mask-for-stag-do-hen-night-tv-events-fancy-dress-costume-parties-ready-to-wear,,,,DIY,,Stick,FaceMask-KazuhaLeSserafim-DIY-S,2.00,continue,,manual,TRUE,TRUE,
keeho-p1harmony-celebrity-face-mask-k-pop-idol-face-mask-funny-mask-for-stag-do-hen-night-tv-events-fancy-dress-costume-parties-ready-to-wear,Keeho Face Mask – Fancy Dress Cardboard Costume Mask,active,Style,Ready Cut,Fitting,Elastic,FaceMask-KeehoP1Harmony-RC-E,2.99,continue,,manual,TRUE,TRUE,
keeho-p1harmony-celebrity-face-mask-k-pop-idol-face-mask-funny-mask-for-stag-do-hen-night-tv-events-fancy-dress-costume-parties-ready-to-wear,,,,Ready Cut,,Stick,FaceMask-KeehoP1Harmony-RC-S,3.49,continue,,manual,TRUE,TRUE,
keeho-p1harmony-celebrity-face-mask-k-pop-idol-face-mask-funny-mask-for-stag-do-hen-night-tv-events-fancy-dress-costume-parties-ready-to-wear,,,,DIY,,Elastic,FaceMask-KeehoP1Harmony-DIY-E,1.50,continue,,manual,TRUE,TRUE,
keeho-p1harmony-celebrity-face-mask-k-pop-idol-face-mask-funny-mask-for-stag-do-hen-night-tv-events-fancy-dress-costume-parties-ready-to-wear,,,,DIY,,Stick,FaceMask-KeehoP1Harmony-DIY-S,2.00,continue,,manual,TRUE,TRUE,
lara-katseye-celebrity-face-mask-k-pop-idol-face-mask-funny-mask-for-stag-do-hen-night-tv-events-fancy-dress-costume-parties-ready-to-wear,Lara Face Mask – Fancy Dress Cardboard Costume Mask,active,Style,Ready Cut,Fitting,Elastic,FaceMask-LaraKatseye-RC-E,2.99,continue,,manual,TRUE,TRUE,
lara-katseye-celebrity-face-mask-k-pop-idol-face-mask-funny-mask-for-stag-do-hen-night-tv-events-fancy-dress-costume-parties-ready-to-wear,,,,Ready Cut,,Stick,FaceMask-LaraKatseye-RC-S,3.49,continue,,manual,TRUE,TRUE,
lara-katseye-celebrity-face-mask-k-pop-idol-face-mask-funny-mask-for-stag-do-hen-night-tv-events-fancy-dress-costume-parties-ready-to-wear,,,,DIY,,Elastic,FaceMask-LaraKatseye-DIY-E,1.50,continue,,manual,TRUE,TRUE,
lara-katseye-celebrity-face-mask-k-pop-idol-face-mask-funny-mask-for-stag-do-hen-night-tv-events-fancy-dress-costume-parties-ready-to-wear,,,,DIY,,Stick,FaceMask-LaraKatseye-DIY-S,2.00,continue,,manual,TRUE,TRUE,
manon-katseye-celebrity-face-mask-k-pop-idol-face-mask-funny-mask-for-stag-do-hen-night-tv-events-fancy-dress-costume-parties-ready-to-wear,Manon Face Mask – Fancy Dress Cardboard Costume Mask,active,Style,Ready Cut,Fitting,Elastic,FaceMask-ManonKatseye-RC-E,2.99,continue,,manual,TRUE,TRUE,
manon-katseye-celebrity-face-mask-k-pop-idol-face-mask-funny-mask-for-stag-do-hen-night-tv-events-fancy-dress-costume-parties-ready-to-wear,,,,Ready Cut,,Stick,FaceMask-ManonKatseye-RC-S,3.49,continue,,manual,TRUE,TRUE,
manon-katseye-celebrity-face-mask-k-pop-idol-face-mask-funny-mask-for-stag-do-hen-night-tv-events-fancy-dress-costume-parties-ready-to-wear,,,,DIY,,Elastic,FaceMask-ManonKatseye-DIY-E,1.50,continue,,manual,TRUE,TRUE,
manon-katseye-celebrity-face-mask-k-pop-idol-face-mask-funny-mask-for-stag-do-hen-night-tv-events-fancy-dress-costume-parties-ready-to-wear,,,,DIY,,Stick,FaceMask-ManonKatseye-DIY-S,2.00,continue,,manual,TRUE,TRUE,
sophia-katseye-celebrity-face-mask-k-pop-idol-face-mask-funny-mask-for-stag-do-hen-night-tv-events-fancy-dress-costume-parties-ready-to-wear,Sophia Face Mask – Fancy Dress Cardboard Costume Mask,active,Style,Ready Cut,Fitting,Elastic,FaceMask-SophiaKatseye-RC-E,2.99,continue,,manual,TRUE,TRUE,
sophia-katseye-celebrity-face-mask-k-pop-idol-face-mask-funny-mask-for-stag-do-hen-night-tv-events-fancy-dress-costume-parties-ready-to-wear,,,,Ready Cut,,Stick,FaceMask-SophiaKatseye-RC-S,3.49,continue,,manual,TRUE,TRUE,
sophia-katseye-celebrity-face-mask-k-pop-idol-face-mask-funny-mask-for-stag-do-hen-night-tv-events-fancy-dress-costume-parties-ready-to-wear,,,,DIY,,Elastic,FaceMask-SophiaKatseye-DIY-E,1.50,continue,,manual,TRUE,TRUE,
sophia-katseye-celebrity-face-mask-k-pop-idol-face-mask-funny-mask-for-stag-do-hen-night-tv-events-fancy-dress-costume-parties-ready-to-wear,,,,DIY,,Stick,FaceMask-SophiaKatseye-DIY-S,2.00,continue,,manual,TRUE,TRUE,
soul-p1harmony-celebrity-face-mask-k-pop-idol-face-mask-funny-mask-for-stag-do-hen-night-tv-events-fancy-dress-costume-parties-ready-to-wear,Soul Face Mask – Fancy Dress Cardboard Costume Mask,active,Style,Ready Cut,Fitting,Elastic,FaceMask-SoulP1Harmony-RC-E,2.99,continue,,manual,TRUE,TRUE,
soul-p1harmony-celebrity-face-mask-k-pop-idol-face-mask-funny-mask-for-stag-do-hen-night-tv-events-fancy-dress-costume-parties-ready-to-wear,,,,Ready Cut,,Stick,FaceMask-SoulP1Harmony-RC-S,3.49,continue,,manual,TRUE,TRUE,
soul-p1harmony-celebrity-face-mask-k-pop-idol-face-mask-funny-mask-for-stag-do-hen-night-tv-events-fancy-dress-costume-parties-ready-to-wear,,,,DIY,,Elastic,FaceMask-SoulP1Harmony-DIY-E,1.50,continue,,manual,TRUE,TRUE,
soul-p1harmony-celebrity-face-mask-k-pop-idol-face-mask-funny-mask-for-stag-do-hen-night-tv-events-fancy-dress-costume-parties-ready-to-wear,,,,DIY,,Stick,FaceMask-SoulP1Harmony-DIY-S,2.00,continue,,manual,TRUE,TRUE,
beomgyu-txt-celebrity-face-mask-k-pop-idol-face-mask-funny-mask-for-stag-do-hen-night-tv-events-fancy-dress-costume-parties-ready-to-wear,Beomgyu Face Mask – Fancy Dress Cardboard Costume Mask,active,Style,Ready Cut,Fitting,Elastic,FaceMask-BeomgyuTxt-RC-E,2.99,continue,,manual,TRUE,TRUE,
beomgyu-txt-celebrity-face-mask-k-pop-idol-face-mask-funny-mask-for-stag-do-hen-night-tv-events-fancy-dress-costume-parties-ready-to-wear,,,,Ready Cut,,Stick,FaceMask-BeomgyuTxt-RC-S,3.49,continue,,manual,TRUE,TRUE,
beomgyu-txt-celebrity-face-mask-k-pop-idol-face-mask-funny-mask-for-stag-do-hen-night-tv-events-fancy-dress-costume-parties-ready-to-wear,,,,DIY,,Elastic,FaceMask-BeomgyuTxt-DIY-E,1.50,continue,,manual,TRUE,TRUE,
beomgyu-txt-celebrity-face-mask-k-pop-idol-face-mask-funny-mask-for-stag-do-hen-night-tv-events-fancy-dress-costume-parties-ready-to-wear,,,,DIY,,Stick,FaceMask-BeomgyuTxt-DIY-S,2.00,continue,,manual,TRUE,TRUE,
daniela-katseye-celebrity-face-mask-k-pop-idol-face-mask-funny-mask-for-stag-do-hen-night-tv-events-fancy-dress-costume-parties-ready-to-wear,Daniela Face Mask – Fancy Dress Cardboard Costume Mask,active,Style,Ready Cut,Fitting,Elastic,FaceMask-DanielaKatseye-RC-E,2.99,continue,,manual,TRUE,TRUE,
daniela-katseye-celebrity-face-mask-k-pop-idol-face-mask-funny-mask-for-stag-do-hen-night-tv-events-fancy-dress-costume-parties-ready-to-wear,,,,Ready Cut,,Stick,FaceMask-DanielaKatseye-RC-S,3.49,continue,,manual,TRUE,TRUE,
daniela-katseye-celebrity-face-mask-k-pop-idol-face-mask-funny-mask-for-stag-do-hen-night-tv-events-fancy-dress-costume-parties-ready-to-wear,,,,DIY,,Elastic,FaceMask-DanielaKatseye-DIY-E,1.50,continue,,manual,TRUE,TRUE,
daniela-katseye-celebrity-face-mask-k-pop-idol-face-mask-funny-mask-for-stag-do-hen-night-tv-events-fancy-dress-costume-parties-ready-to-wear,,,,DIY,,Stick,FaceMask-DanielaKatseye-DIY-S,2.00,continue,,manual,TRUE,TRUE,
evan-enhypen-celebrity-face-mask-k-pop-idol-face-mask-funny-mask-for-stag-do-hen-night-tv-events-fancy-dress-costume-parties-ready-to-wear,Evan Face Mask – Fancy Dress Cardboard Costume Mask,active,Style,Ready Cut,Fitting,Elastic,FaceMask-EvanEnhypen-RC-E,2.99,continue,,manual,TRUE,TRUE,
evan-enhypen-celebrity-face-mask-k-pop-idol-face-mask-funny-mask-for-stag-do-hen-night-tv-events-fancy-dress-costume-parties-ready-to-wear,,,,Ready Cut,,Stick,FaceMask-EvanEnhypen-RC-S,3.49,continue,,manual,TRUE,TRUE,
evan-enhypen-celebrity-face-mask-k-pop-idol-face-mask-funny-mask-for-stag-do-hen-night-tv-events-fancy-dress-costume-parties-ready-to-wear,,,,DIY,,Elastic,FaceMask-EvanEnhypen-DIY-E,1.50,continue,,manual,TRUE,TRUE,
evan-enhypen-celebrity-face-mask-k-pop-idol-face-mask-funny-mask-for-stag-do-hen-night-tv-events-fancy-dress-costume-parties-ready-to-wear,,,,DIY,,Stick,FaceMask-EvanEnhypen-DIY-S,2.00,continue,,manual,TRUE,TRUE,
hong-eunchae-le-sserafim-celebrity-face-mask-k-pop-idol-face-mask-funny-mask-for-stag-do-hen-night-tv-events-fancy-dress-costume-parties-ready-to-wear,Hong Eunchae Face Mask – Fancy Dress Cardboard Costume Mask,active,Style,Ready Cut,Fitting,Elastic,FaceMask-HongEunchaeLeSserafim-RC-E,2.99,continue,,manual,TRUE,TRUE,
hong-eunchae-le-sserafim-celebrity-face-mask-k-pop-idol-face-mask-funny-mask-for-stag-do-hen-night-tv-events-fancy-dress-costume-parties-ready-to-wear,,,,Ready Cut,,Stick,FaceMask-HongEunchaeLeSserafim-RC-S,3.49,continue,,manual,TRUE,TRUE,
hong-eunchae-le-sserafim-celebrity-face-mask-k-pop-idol-face-mask-funny-mask-for-stag-do-hen-night-tv-events-fancy-dress-costume-parties-ready-to-wear,,,,DIY,,Elastic,FaceMask-HongEunchaeLeSserafim-DIY-E,1.50,continue,,manual,TRUE,TRUE,
hong-eunchae-le-sserafim-celebrity-face-mask-k-pop-idol-face-mask-funny-mask-for-stag-do-hen-night-tv-events-fancy-dress-costume-parties-ready-to-wear,,,,DIY,,Stick,FaceMask-HongEunchaeLeSserafim-DIY-S,2.00,continue,,manual,TRUE,TRUE,
hongjoong-ateez-facemask-k-pop-idol-face-mask-funny-mask-for-stag-do-hen-night-tv-events-fancy-dress-costume-parties-ready-to-wear,Hongjoong Face Mask – Fancy Dress Cardboard Costume Mask,active,Style,Ready Cut,Fitting,Elastic,FaceMask-HongjoongAteez-RC-E,2.99,continue,,manual,TRUE,TRUE,
hongjoong-ateez-facemask-k-pop-idol-face-mask-funny-mask-for-stag-do-hen-night-tv-events-fancy-dress-costume-parties-ready-to-wear,,,,Ready Cut,,Stick,FaceMask-HongjoongAteez-RC-S,3.49,continue,,manual,TRUE,TRUE,
hongjoong-ateez-facemask-k-pop-idol-face-mask-funny-mask-for-stag-do-hen-night-tv-events-fancy-dress-costume-parties-ready-to-wear,,,,DIY,,Elastic,FaceMask-HongjoongAteez-DIY-E,1.50,continue,,manual,TRUE,TRUE,
hongjoong-ateez-facemask-k-pop-idol-face-mask-funny-mask-for-stag-do-hen-night-tv-events-fancy-dress-costume-parties-ready-to-wear,,,,DIY,,Stick,FaceMask-HongjoongAteez-DIY-S,2.00,continue,,manual,TRUE,TRUE,
intak-p1harmony-celebrity-face-mask-k-pop-idol-face-mask-funny-mask-for-stag-do-hen-night-tv-events-fancy-dress-costume-parties-ready-to-wear,Intak Face Mask – Fancy Dress Cardboard Costume Mask,active,Style,Ready Cut,Fitting,Elastic,FaceMask-IntakP1Harmony-RC-E,2.99,continue,,manual,TRUE,TRUE,
intak-p1harmony-celebrity-face-mask-k-pop-idol-face-mask-funny-mask-for-stag-do-hen-night-tv-events-fancy-dress-costume-parties-ready-to-wear,,,,Ready Cut,,Stick,FaceMask-IntakP1Harmony-RC-S,3.49,continue,,manual,TRUE,TRUE,
intak-p1harmony-celebrity-face-mask-k-pop-idol-face-mask-funny-mask-for-stag-do-hen-night-tv-events-fancy-dress-costume-parties-ready-to-wear,,,,DIY,,Elastic,FaceMask-IntakP1Harmony-DIY-E,1.50,continue,,manual,TRUE,TRUE,
intak-p1harmony-celebrity-face-mask-k-pop-idol-face-mask-funny-mask-for-stag-do-hen-night-tv-events-fancy-dress-costume-parties-ready-to-wear,,,,DIY,,Stick,FaceMask-IntakP1Harmony-DIY-S,2.00,continue,,manual,TRUE,TRUE,
jisoo-blackpink-celebrity-face-mask-k-pop-idol-face-mask-funny-mask-for-stag-do-hen-night-tv-events-fancy-dress-costume-parties-ready-to-wear,Jisoo Face Mask – Fancy Dress Cardboard Costume Mask,active,Style,Ready Cut,Fitting,Elastic,FaceMask-JisooBlackPink-RC-E,2.99,continue,,manual,TRUE,TRUE,
jisoo-blackpink-celebrity-face-mask-k-pop-idol-face-mask-funny-mask-for-stag-do-hen-night-tv-events-fancy-dress-costume-parties-ready-to-wear,,,,Ready Cut,,Stick,FaceMask-JisooBlackPink-RC-S,3.49,continue,,manual,TRUE,TRUE,
jisoo-blackpink-celebrity-face-mask-k-pop-idol-face-mask-funny-mask-for-stag-do-hen-night-tv-events-fancy-dress-costume-parties-ready-to-wear,,,,DIY,,Elastic,FaceMask-JisooBlackPink-DIY-E,1.50,continue,,manual,TRUE,TRUE,
jisoo-blackpink-celebrity-face-mask-k-pop-idol-face-mask-funny-mask-for-stag-do-hen-night-tv-events-fancy-dress-costume-parties-ready-to-wear,,,,DIY,,Stick,FaceMask-JisooBlackPink-DIY-S,2.00,continue,,manual,TRUE,TRUE,
kang-yeosang-ateez-facemask-k-pop-idol-face-mask-funny-mask-for-stag-do-hen-night-tv-events-fancy-dress-costume-parties-ready-to-wear,Kang Yeosang Face Mask – Fancy Dress Cardboard Costume Mask,active,Style,Ready Cut,Fitting,Elastic,FaceMask-KangYeosangAteez-RC-E,2.99,continue,,manual,TRUE,TRUE,
kang-yeosang-ateez-facemask-k-pop-idol-face-mask-funny-mask-for-stag-do-hen-night-tv-events-fancy-dress-costume-parties-ready-to-wear,,,,Ready Cut,,Stick,FaceMask-KangYeosangAteez-RC-S,3.49,continue,,manual,TRUE,TRUE,
kang-yeosang-ateez-facemask-k-pop-idol-face-mask-funny-mask-for-stag-do-hen-night-tv-events-fancy-dress-costume-parties-ready-to-wear,,,,DIY,,Elastic,FaceMask-KangYeosangAteez-DIY-E,1.50,continue,,manual,TRUE,TRUE,
kang-yeosang-ateez-facemask-k-pop-idol-face-mask-funny-mask-for-stag-do-hen-night-tv-events-fancy-dress-costume-parties-ready-to-wear,,,,DIY,,Stick,FaceMask-KangYeosangAteez-DIY-S,2.00,continue,,manual,TRUE,TRUE,
sakura-miyawaki-le-sserafim-celebrity-face-mask-k-pop-idol-face-mask-funny-mask-for-stag-do-hen-night-tv-events-fancy-dress-costume-parties-ready-to-wear,Sakura Miyawaki Face Mask – Fancy Dress Cardboard Costume Mask,active,Style,Ready Cut,Fitting,Elastic,FaceMask-SakuraMiyawakiLeSserafim-RC-E,2.99,continue,,manual,TRUE,TRUE,
sakura-miyawaki-le-sserafim-celebrity-face-mask-k-pop-idol-face-mask-funny-mask-for-stag-do-hen-night-tv-events-fancy-dress-costume-parties-ready-to-wear,,,,Ready Cut,,Stick,FaceMask-SakuraMiyawakiLeSserafim-RC-S,3.49,continue,,manual,TRUE,TRUE,
sakura-miyawaki-le-sserafim-celebrity-face-mask-k-pop-idol-face-mask-funny-mask-for-stag-do-hen-night-tv-events-fancy-dress-costume-parties-ready-to-wear,,,,DIY,,Elastic,FaceMask-SakuraMiyawakiLeSserafim-DIY-E,1.50,continue,,manual,TRUE,TRUE,
sakura-miyawaki-le-sserafim-celebrity-face-mask-k-pop-idol-face-mask-funny-mask-for-stag-do-hen-night-tv-events-fancy-dress-costume-parties-ready-to-wear,,,,DIY,,Stick,FaceMask-SakuraMiyawakiLeSserafim-DIY-S,2.00,continue,,manual,TRUE,TRUE,
san-ateez-facemask-k-pop-idol-face-mask-funny-mask-for-stag-do-hen-night-tv-events-fancy-dress-costume-parties-ready-to-wear,San Face Mask – Fancy Dress Cardboard Costume Mask,active,Style,Ready Cut,Fitting,Elastic,FaceMask-SanAteez-RC-E,2.99,continue,,manual,TRUE,TRUE,
san-ateez-facemask-k-pop-idol-face-mask-funny-mask-for-stag-do-hen-night-tv-events-fancy-dress-costume-parties-ready-to-wear,,,,Ready Cut,,Stick,FaceMask-SanAteez-RC-S,3.49,continue,,manual,TRUE,TRUE,
san-ateez-facemask-k-pop-idol-face-mask-funny-mask-for-stag-do-hen-night-tv-events-fancy-dress-costume-parties-ready-to-wear,,,,DIY,,Elastic,FaceMask-SanAteez-DIY-E,1.50,continue,,manual,TRUE,TRUE,
san-ateez-facemask-k-pop-idol-face-mask-funny-mask-for-stag-do-hen-night-tv-events-fancy-dress-costume-parties-ready-to-wear,,,,DIY,,Stick,FaceMask-SanAteez-DIY-S,2.00,continue,,manual,TRUE,TRUE,
the8-seventeen-celebrity-face-mask-k-pop-idol-face-mask-funny-mask-for-stag-do-hen-night-tv-events-fancy-dress-costume-parties-ready-to-wear,The8 Face Mask – Fancy Dress Cardboard Costume Mask,active,Style,Ready Cut,Fitting,Elastic,FaceMask-The8Seventeen-RC-E,2.99,continue,,manual,TRUE,TRUE,
the8-seventeen-celebrity-face-mask-k-pop-idol-face-mask-funny-mask-for-stag-do-hen-night-tv-events-fancy-dress-costume-parties-ready-to-wear,,,,Ready Cut,,Stick,FaceMask-The8Seventeen-RC-S,3.49,continue,,manual,TRUE,TRUE,
the8-seventeen-celebrity-face-mask-k-pop-idol-face-mask-funny-mask-for-stag-do-hen-night-tv-events-fancy-dress-costume-parties-ready-to-wear,,,,DIY,,Elastic,FaceMask-The8Seventeen-DIY-E,1.50,continue,,manual,TRUE,TRUE,
the8-seventeen-celebrity-face-mask-k-pop-idol-face-mask-funny-mask-for-stag-do-hen-night-tv-events-fancy-dress-costume-parties-ready-to-wear,,,,DIY,,Stick,FaceMask-The8Seventeen-DIY-S,2.00,continue,,manual,TRUE,TRUE,
theo-p1harmony-celebrity-face-mask-k-pop-idol-face-mask-funny-mask-for-stag-do-hen-night-tv-events-fancy-dress-costume-parties-ready-to-wear,Theo Face Mask – Fancy Dress Cardboard Costume Mask,active,Style,Ready Cut,Fitting,Elastic,FaceMask-TheoP1Harmony-RC-E,2.99,continue,,manual,TRUE,TRUE,
theo-p1harmony-celebrity-face-mask-k-pop-idol-face-mask-funny-mask-for-stag-do-hen-night-tv-events-fancy-dress-costume-parties-ready-to-wear,,,,Ready Cut,,Stick,FaceMask-TheoP1Harmony-RC-S,3.49,continue,,manual,TRUE,TRUE,
theo-p1harmony-celebrity-face-mask-k-pop-idol-face-mask-funny-mask-for-stag-do-hen-night-tv-events-fancy-dress-costume-parties-ready-to-wear,,,,DIY,,Elastic,FaceMask-TheoP1Harmony-DIY-E,1.50,continue,,manual,TRUE,TRUE,
theo-p1harmony-celebrity-face-mask-k-pop-idol-face-mask-funny-mask-for-stag-do-hen-night-tv-events-fancy-dress-costume-parties-ready-to-wear,,,,DIY,,Stick,FaceMask-TheoP1Harmony-DIY-S,2.00,continue,,manual,TRUE,TRUE,
wooyoung-ateez-facemask-k-pop-idol-face-mask-funny-mask-for-stag-do-hen-night-tv-events-fancy-dress-costume-parties-ready-to-wear,Wooyoung Face Mask – Fancy Dress Cardboard Costume Mask,active,Style,Ready Cut,Fitting,Elastic,FaceMask-WooyoungAteez-RC-E,2.99,continue,,manual,TRUE,TRUE,
wooyoung-ateez-facemask-k-pop-idol-face-mask-funny-mask-for-stag-do-hen-night-tv-events-fancy-dress-costume-parties-ready-to-wear,,,,Ready Cut,,Stick,FaceMask-WooyoungAteez-RC-S,3.49,continue,,manual,TRUE,TRUE,
wooyoung-ateez-facemask-k-pop-idol-face-mask-funny-mask-for-stag-do-hen-night-tv-events-fancy-dress-costume-parties-ready-to-wear,,,,DIY,,Elastic,FaceMask-WooyoungAteez-DIY-E,1.50,continue,,manual,TRUE,TRUE,
wooyoung-ateez-facemask-k-pop-idol-face-mask-funny-mask-for-stag-do-hen-night-tv-events-fancy-dress-costume-parties-ready-to-wear,,,,DIY,,Stick,FaceMask-WooyoungAteez-DIY-S,2.00,continue,,manual,TRUE,TRUE,
yeonjun-txt-celebrity-face-mask-k-pop-idol-face-mask-funny-mask-for-stag-do-hen-night-tv-events-fancy-dress-costume-parties-ready-to-wear,Yeonjun Face Mask – Fancy Dress Cardboard Costume Mask,active,Style,Ready Cut,Fitting,Elastic,FaceMask-YeonjunTxt-RC-E,2.99,continue,,manual,TRUE,TRUE,
yeonjun-txt-celebrity-face-mask-k-pop-idol-face-mask-funny-mask-for-stag-do-hen-night-tv-events-fancy-dress-costume-parties-ready-to-wear,,,,Ready Cut,,Stick,FaceMask-YeonjunTxt-RC-S,3.49,continue,,manual,TRUE,TRUE,
yeonjun-txt-celebrity-face-mask-k-pop-idol-face-mask-funny-mask-for-stag-do-hen-night-tv-events-fancy-dress-costume-parties-ready-to-wear,,,,DIY,,Elastic,FaceMask-YeonjunTxt-DIY-E,1.50,continue,,manual,TRUE,TRUE,
yeonjun-txt-celebrity-face-mask-k-pop-idol-face-mask-funny-mask-for-stag-do-hen-night-tv-events-fancy-dress-costume-parties-ready-to-wear,,,,DIY,,Stick,FaceMask-YeonjunTxt-DIY-S,2.00,continue,,manual,TRUE,TRUE,
seonghwa-ateez-facemask-k-pop-idol-face-mask-funny-mask-for-stag-do-hen-night-tv-events-fancy-dress-costume-parties-ready-to-wear,Seonghwa Face Mask – Fancy Dress Cardboard Costume Mask,active,Style,Ready Cut,Fitting,Elastic,FaceMask-SeonghwaAteez-RC-E,2.99,continue,,manual,TRUE,TRUE,
seonghwa-ateez-facemask-k-pop-idol-face-mask-funny-mask-for-stag-do-hen-night-tv-events-fancy-dress-costume-parties-ready-to-wear,,,,Ready Cut,,Stick,FaceMask-SeonghwaAteez-RC-S,3.49,continue,,manual,TRUE,TRUE,
seonghwa-ateez-facemask-k-pop-idol-face-mask-funny-mask-for-stag-do-hen-night-tv-events-fancy-dress-costume-parties-ready-to-wear,,,,DIY,,Elastic,FaceMask-SeonghwaAteez-DIY-E,1.50,continue,,manual,TRUE,TRUE,
seonghwa-ateez-facemask-k-pop-idol-face-mask-funny-mask-for-stag-do-hen-night-tv-events-fancy-dress-costume-parties-ready-to-wear,,,,DIY,,Stick,FaceMask-SeonghwaAteez-DIY-S,2.00,continue,,manual,TRUE,TRUE,
yoon-jeonghan-seventeen-celebrity-face-mask-k-pop-idol-face-mask-funny-mask-for-stag-do-hen-night-tv-events-fancy-dress-costume-parties-ready-to-wear,Yoon Jeonghan Face Mask – Fancy Dress Cardboard Costume Mask,active,Style,Ready Cut,Fitting,Elastic,FaceMask-YoonJeonghanSeventeen-RC-E,2.99,continue,,manual,TRUE,TRUE,
yoon-jeonghan-seventeen-celebrity-face-mask-k-pop-idol-face-mask-funny-mask-for-stag-do-hen-night-tv-events-fancy-dress-costume-parties-ready-to-wear,,,,Ready Cut,,Stick,FaceMask-YoonJeonghanSeventeen-RC-S,3.49,continue,,manual,TRUE,TRUE,
yoon-jeonghan-seventeen-celebrity-face-mask-k-pop-idol-face-mask-funny-mask-for-stag-do-hen-night-tv-events-fancy-dress-costume-parties-ready-to-wear,,,,DIY,,Elastic,FaceMask-YoonJeonghanSeventeen-DIY-E,1.50,continue,,manual,TRUE,TRUE,
yoon-jeonghan-seventeen-celebrity-face-mask-k-pop-idol-face-mask-funny-mask-for-stag-do-hen-night-tv-events-fancy-dress-costume-parties-ready-to-wear,,,,DIY,,Stick,FaceMask-YoonJeonghanSeventeen-DIY-S,2.00,continue,,manual,TRUE,TRUE,
vernon-seventeen-celebrity-face-mask-k-pop-idol-face-mask-funny-mask-for-stag-do-hen-night-tv-events-fancy-dress-costume-parties-ready-to-wear,Vernon Face Mask – Fancy Dress Cardboard Costume Mask,active,Style,Ready Cut,Fitting,Elastic,FaceMask-VernonSeventeen-RC-E,2.99,continue,,manual,TRUE,TRUE,
vernon-seventeen-celebrity-face-mask-k-pop-idol-face-mask-funny-mask-for-stag-do-hen-night-tv-events-fancy-dress-costume-parties-ready-to-wear,,,,Ready Cut,,Stick,FaceMask-VernonSeventeen-RC-S,3.49,continue,,manual,TRUE,TRUE,
vernon-seventeen-celebrity-face-mask-k-pop-idol-face-mask-funny-mask-for-stag-do-hen-night-tv-events-fancy-dress-costume-parties-ready-to-wear,,,,DIY,,Elastic,FaceMask-VernonSeventeen-DIY-E,1.50,continue,,manual,TRUE,TRUE,
vernon-seventeen-celebrity-face-mask-k-pop-idol-face-mask-funny-mask-for-stag-do-hen-night-tv-events-fancy-dress-costume-parties-ready-to-wear,,,,DIY,,Stick,FaceMask-VernonSeventeen-DIY-S,2.00,continue,,manual,TRUE,TRUE,
antinous-inspired-face-mask-celebrity-card-face-mask-party-prop-costume-accessory-fancy-dress-mask-photo-booth-prop-for-parties-events-celebrations-ready-to-wear,Antinous Inspired Face Mask – Fancy Dress Cardboard Costume Mask,active,Style,Ready Cut,Fitting,Elastic,FaceMask-Antinous-RC-E,2.99,continue,,manual,TRUE,TRUE,
antinous-inspired-face-mask-celebrity-card-face-mask-party-prop-costume-accessory-fancy-dress-mask-photo-booth-prop-for-parties-events-celebrations-ready-to-wear,,,,Ready Cut,,Stick,FaceMask-Antinous-RC-S,3.49,continue,,manual,TRUE,TRUE,
antinous-inspired-face-mask-celebrity-card-face-mask-party-prop-costume-accessory-fancy-dress-mask-photo-booth-prop-for-parties-events-celebrations-ready-to-wear,,,,DIY,,Elastic,FaceMask-Antinous-DIY-E,1.50,continue,,manual,TRUE,TRUE,
antinous-inspired-face-mask-celebrity-card-face-mask-party-prop-costume-accessory-fancy-dress-mask-photo-booth-prop-for-parties-events-celebrations-ready-to-wear,,,,DIY,,Stick,FaceMask-Antinous-DIY-S,2.00,continue,,manual,TRUE,TRUE,
apollo-inspired-face-mask-celebrity-card-face-mask-party-prop-costume-accessory-fancy-dress-mask-photo-booth-prop-for-parties-events-celebrations-ready-to-wear,Apollo Inspired Face Mask – Fancy Dress Cardboard Costume Mask,active,Style,Ready Cut,Fitting,Elastic,FaceMask-Apollo-RC-E,2.99,continue,,manual,TRUE,TRUE,
apollo-inspired-face-mask-celebrity-card-face-mask-party-prop-costume-accessory-fancy-dress-mask-photo-booth-prop-for-parties-events-celebrations-ready-to-wear,,,,Ready Cut,,Stick,FaceMask-Apollo-RC-S,3.49,continue,,manual,TRUE,TRUE,
apollo-inspired-face-mask-celebrity-card-face-mask-party-prop-costume-accessory-fancy-dress-mask-photo-booth-prop-for-parties-events-celebrations-ready-to-wear,,,,DIY,,Elastic,FaceMask-Apollo-DIY-E,1.50,continue,,manual,TRUE,TRUE,
apollo-inspired-face-mask-celebrity-card-face-mask-party-prop-costume-accessory-fancy-dress-mask-photo-booth-prop-for-parties-events-celebrations-ready-to-wear,,,,DIY,,Stick,FaceMask-Apollo-DIY-S,2.00,continue,,manual,TRUE,TRUE,
eumaeus-face-mask-celebrity-card-face-mask-party-prop-costume-accessory-fancy-dress-mask-photo-booth-prop-for-parties-events-celebrations-ready-to-wear,Eumaeus Face Mask – Fancy Dress Cardboard Costume Mask,active,Style,Ready Cut,Fitting,Elastic,FaceMask-Eumaeus-RC-E,2.99,continue,,manual,TRUE,TRUE,
eumaeus-face-mask-celebrity-card-face-mask-party-prop-costume-accessory-fancy-dress-mask-photo-booth-prop-for-parties-events-celebrations-ready-to-wear,,,,Ready Cut,,Stick,FaceMask-Eumaeus-RC-S,3.49,continue,,manual,TRUE,TRUE,
eumaeus-face-mask-celebrity-card-face-mask-party-prop-costume-accessory-fancy-dress-mask-photo-booth-prop-for-parties-events-celebrations-ready-to-wear,,,,DIY,,Elastic,FaceMask-Eumaeus-DIY-E,1.50,continue,,manual,TRUE,TRUE,
eumaeus-face-mask-celebrity-card-face-mask-party-prop-costume-accessory-fancy-dress-mask-photo-booth-prop-for-parties-events-celebrations-ready-to-wear,,,,DIY,,Stick,FaceMask-Eumaeus-DIY-S,2.00,continue,,manual,TRUE,TRUE,
odysseus-face-mask-celebrity-card-face-mask-mythology-inspired-party-prop-costume-accessory-fancy-dress-mask-photo-booth-prop-for-parties-events-celebrations-ready-to-wear,Odysseus Face Mask – Fancy Dress Cardboard Costume Mask,active,Style,Ready Cut,Fitting,Elastic,FaceMask-Odysseus-RC-E,2.99,continue,,manual,TRUE,TRUE,
odysseus-face-mask-celebrity-card-face-mask-mythology-inspired-party-prop-costume-accessory-fancy-dress-mask-photo-booth-prop-for-parties-events-celebrations-ready-to-wear,,,,Ready Cut,,Stick,FaceMask-Odysseus-RC-S,3.49,continue,,manual,TRUE,TRUE,
odysseus-face-mask-celebrity-card-face-mask-mythology-inspired-party-prop-costume-accessory-fancy-dress-mask-photo-booth-prop-for-parties-events-celebrations-ready-to-wear,,,,DIY,,Elastic,FaceMask-Odysseus-DIY-E,1.50,continue,,manual,TRUE,TRUE,
odysseus-face-mask-celebrity-card-face-mask-mythology-inspired-party-prop-costume-accessory-fancy-dress-mask-photo-booth-prop-for-parties-events-celebrations-ready-to-wear,,,,DIY,,Stick,FaceMask-Odysseus-DIY-S,2.00,continue,,manual,TRUE,TRUE,
telemachus-face-mask-celebrity-card-face-mask-mythology-inspired-party-prop-costume-accessory-fancy-dress-mask-photo-booth-prop-for-parties-events-celebrations-ready-to-wear,Telemachus Face Mask – Fancy Dress Cardboard Costume Mask,active,Style,Ready Cut,Fitting,Elastic,FaceMask-Telemachus-RC-E,2.99,continue,,manual,TRUE,TRUE,
telemachus-face-mask-celebrity-card-face-mask-mythology-inspired-party-prop-costume-accessory-fancy-dress-mask-photo-booth-prop-for-parties-events-celebrations-ready-to-wear,,,,Ready Cut,,Stick,FaceMask-Telemachus-RC-S,3.49,continue,,manual,TRUE,TRUE,
telemachus-face-mask-celebrity-card-face-mask-mythology-inspired-party-prop-costume-accessory-fancy-dress-mask-photo-booth-prop-for-parties-events-celebrations-ready-to-wear,,,,DIY,,Elastic,FaceMask-Telemachus-DIY-E,1.50,continue,,manual,TRUE,TRUE,
telemachus-face-mask-celebrity-card-face-mask-mythology-inspired-party-prop-costume-accessory-fancy-dress-mask-photo-booth-prop-for-parties-events-celebrations-ready-to-wear,,,,DIY,,Stick,FaceMask-Telemachus-DIY-S,2.00,continue,,manual,TRUE,TRUE,
doctor-doom-face-mask-premium-card-face-mask-with-eye-holes-elastic-strap-villain-costume-accessory-for-comic-themed-parties-cosplay-halloween-fancy-dress,Doctor Doom Face Mask – Fancy Dress Cardboard Costume Mask,active,Style,Ready Cut,Fitting,Elastic,FaceMask-DoctorDoom-RC-E,2.99,continue,,manual,TRUE,TRUE,
doctor-doom-face-mask-premium-card-face-mask-with-eye-holes-elastic-strap-villain-costume-accessory-for-comic-themed-parties-cosplay-halloween-fancy-dress,,,,Ready Cut,,Stick,FaceMask-DoctorDoom-RC-S,3.49,continue,,manual,TRUE,TRUE,
doctor-doom-face-mask-premium-card-face-mask-with-eye-holes-elastic-strap-villain-costume-accessory-for-comic-themed-parties-cosplay-halloween-fancy-dress,,,,DIY,,Elastic,FaceMask-DoctorDoom-DIY-E,1.50,continue,,manual,TRUE,TRUE,
doctor-doom-face-mask-premium-card-face-mask-with-eye-holes-elastic-strap-villain-costume-accessory-for-comic-themed-parties-cosplay-halloween-fancy-dress,,,,DIY,,Stick,FaceMask-DoctorDoom-DIY-S,2.00,continue,,manual,TRUE,TRUE,
zara-larsson-face-mask-celebrity-card-face-mask-party-prop-costume-accessory-fancy-dress-mask-photo-booth-prop-for-parties-events-celebrations-ready-to-wear,Zara Larsson Face Mask – Fancy Dress Cardboard Costume Mask,active,Style,Ready Cut,Fitting,Elastic,FaceMask-ZaraLarsson-RC-E,2.99,continue,,manual,TRUE,TRUE,
zara-larsson-face-mask-celebrity-card-face-mask-party-prop-costume-accessory-fancy-dress-mask-photo-booth-prop-for-parties-events-celebrations-ready-to-wear,,,,Ready Cut,,Stick,FaceMask-ZaraLarsson-RC-S,3.49,continue,,manual,TRUE,TRUE,
zara-larsson-face-mask-celebrity-card-face-mask-party-prop-costume-accessory-fancy-dress-mask-photo-booth-prop-for-parties-events-celebrations-ready-to-wear,,,,DIY,,Elastic,FaceMask-ZaraLarsson-DIY-E,1.50,continue,,manual,TRUE,TRUE,
zara-larsson-face-mask-celebrity-card-face-mask-party-prop-costume-accessory-fancy-dress-mask-photo-booth-prop-for-parties-events-celebrations-ready-to-wear,,,,DIY,,Stick,FaceMask-ZaraLarsson-DIY-S,2.00,continue,,manual,TRUE,TRUE,
michael-myers-halloween-mask-for-adults-full-face-horror-costume-mask-with-hair-scary-slasher-movie-inspired-mask-for-halloween-parties-cosplay-haunted-house-fancy-dress,Michael Myers Halloween Mask for Adults,active,Style,Ready Cut,Fitting,Elastic,FoxyMask-MichaelMyersHalloween-RC-E,2.99,continue,,manual,TRUE,TRUE,
michael-myers-halloween-mask-for-adults-full-face-horror-costume-mask-with-hair-scary-slasher-movie-inspired-mask-for-halloween-parties-cosplay-haunted-house-fancy-dress,,,,Ready Cut,,Stick,FoxyMask-MichaelMyersHalloween-RC-S,3.49,continue,,manual,TRUE,TRUE,
michael-myers-halloween-mask-for-adults-full-face-horror-costume-mask-with-hair-scary-slasher-movie-inspired-mask-for-halloween-parties-cosplay-haunted-house-fancy-dress,,,,DIY,,Elastic,FoxyMask-MichaelMyersHalloween-DIY-E,1.50,continue,,manual,TRUE,TRUE,
michael-myers-halloween-mask-for-adults-full-face-horror-costume-mask-with-hair-scary-slasher-movie-inspired-mask-for-halloween-parties-cosplay-haunted-house-fancy-dress,,,,DIY,,Stick,FoxyMask-MichaelMyersHalloween-DIY-S,2.00,continue,,manual,TRUE,TRUE,
scottie-barnes-face-mask-celebrity-card-face-mask-basketball-star-party-prop-costume-accessory-fancy-dress-mask-photo-booth-prop-for-parties-events-celebrations-ready-to-wear,Scottie Barnes Face Mask – Fancy Dress Cardboard Costume Mask,active,Style,Ready Cut,Fitting,Elastic,FaceMask-ScottieBarnes-RC-E,2.99,continue,,manual,TRUE,TRUE,
scottie-barnes-face-mask-celebrity-card-face-mask-basketball-star-party-prop-costume-accessory-fancy-dress-mask-photo-booth-prop-for-parties-events-celebrations-ready-to-wear,,,,Ready Cut,,Stick,FaceMask-ScottieBarnes-RC-S,3.49,continue,,manual,TRUE,TRUE,
scottie-barnes-face-mask-celebrity-card-face-mask-basketball-star-party-prop-costume-accessory-fancy-dress-mask-photo-booth-prop-for-parties-events-celebrations-ready-to-wear,,,,DIY,,Elastic,FaceMask-ScottieBarnes-DIY-E,1.50,continue,,manual,TRUE,TRUE,
scottie-barnes-face-mask-celebrity-card-face-mask-basketball-star-party-prop-costume-accessory-fancy-dress-mask-photo-booth-prop-for-parties-events-celebrations-ready-to-wear,,,,DIY,,Stick,FaceMask-ScottieBarnes-DIY-S,2.00,continue,,manual,TRUE,TRUE,
andy-burnham-face-mask-celebrity-card-face-mask-prime-minister-party-prop-costume-accessory-fancy-dress-mask-photo-booth-prop-for-parties-events-celebrations-ready-to-wear,Andy Burnham Face Mask – Fancy Dress Cardboard Costume Mask,active,Style,Ready Cut,Fitting,Elastic,FaceMask-AndyBurnham-RC-E,2.99,continue,,manual,TRUE,TRUE,
andy-burnham-face-mask-celebrity-card-face-mask-prime-minister-party-prop-costume-accessory-fancy-dress-mask-photo-booth-prop-for-parties-events-celebrations-ready-to-wear,,,,Ready Cut,,Stick,FaceMask-AndyBurnham-RC-S,3.49,continue,,manual,TRUE,TRUE,
andy-burnham-face-mask-celebrity-card-face-mask-prime-minister-party-prop-costume-accessory-fancy-dress-mask-photo-booth-prop-for-parties-events-celebrations-ready-to-wear,,,,DIY,,Elastic,FaceMask-AndyBurnham-DIY-E,1.50,continue,,manual,TRUE,TRUE,
andy-burnham-face-mask-celebrity-card-face-mask-prime-minister-party-prop-costume-accessory-fancy-dress-mask-photo-booth-prop-for-parties-events-celebrations-ready-to-wear,,,,DIY,,Stick,FaceMask-AndyBurnham-DIY-S,2.00,continue,,manual,TRUE,TRUE,
cole-anderson-james-face-mask,Cole Anderson-James Face Mask – Fancy Dress Cardboard Costume Mask,active,Style,Ready Cut,Fitting,Elastic,FaceMask-ColeAndersonJames-RC-E,2.99,continue,,manual,TRUE,TRUE,
cole-anderson-james-face-mask,,,,Ready Cut,,Stick,FaceMask-ColeAndersonJames-RC-S,3.49,continue,,manual,TRUE,TRUE,
cole-anderson-james-face-mask,,,,DIY,,Elastic,FaceMask-ColeAndersonJames-DIY-E,1.50,continue,,manual,TRUE,TRUE,
cole-anderson-james-face-mask,,,,DIY,,Stick,FaceMask-ColeAndersonJames-DIY-S,2.00,continue,,manual,TRUE,TRUE,
graeme-swann-2026-face-mask,Graeme Swann 2026 Face Mask – Celebrity Card Face Mask,active,Style,Ready Cut,Fitting,Elastic,FaceMask-GraemeSwann-RC-E,2.99,continue,,manual,TRUE,TRUE,
graeme-swann-2026-face-mask,,,,Ready Cut,,Stick,FaceMask-GraemeSwann-RC-S,3.49,continue,,manual,TRUE,TRUE,
graeme-swann-2026-face-mask,,,,DIY,,Elastic,FaceMask-GraemeSwann-DIY-E,1.50,continue,,manual,TRUE,TRUE,
graeme-swann-2026-face-mask,,,,DIY,,Stick,FaceMask-GraemeSwann-DIY-S,2.00,continue,,manual,TRUE,TRUE,
leatherface-face-mask,Leatherface Face Mask – Fancy Dress Cardboard Costume Mask,active,Style,Ready Cut,Fitting,Elastic,FaceMask-Leatherface-RC-E,2.99,continue,,manual,TRUE,TRUE,
leatherface-face-mask,,,,Ready Cut,,Stick,FaceMask-Leatherface-RC-S,3.49,continue,,manual,TRUE,TRUE,
leatherface-face-mask,,,,DIY,,Elastic,FaceMask-Leatherface-DIY-E,1.50,continue,,manual,TRUE,TRUE,
leatherface-face-mask,,,,DIY,,Stick,FaceMask-Leatherface-DIY-S,2.00,continue,,manual,TRUE,TRUE,
insidious-demon-face-mask,Insidious Demon Face Mask – Fancy Dress Cardboard Costume Mask,active,Style,Ready Cut,Fitting,Elastic,FaceMask-InsidiousDemon-RC-E,2.99,continue,,manual,TRUE,TRUE,
insidious-demon-face-mask,,,,Ready Cut,,Stick,FaceMask-InsidiousDemon-RC-S,3.49,continue,,manual,TRUE,TRUE,
insidious-demon-face-mask,,,,DIY,,Elastic,FaceMask-InsidiousDemon-DIY-E,1.50,continue,,manual,TRUE,TRUE,
insidious-demon-face-mask,,,,DIY,,Stick,FaceMask-InsidiousDemon-DIY-S,2.00,continue,,manual,TRUE,TRUE,
