range,id,handle,title,status,action,event_collections,other_collections
Euro 2021 / Copa America 2021,gid://shopify/Product/6859310497979,ben-white-celebrity-face-mask-fancy-dress-hen-birthday-party-fun-stag-do,BEN WHITE Celebrity Face Mask FANCY DRESS HEN BIRTHDAY PARTY FUN STAG DO,ACTIVE,keep (also in footballer-face-masks),euro-2021-celebrity-football-face-masks;england-2021-football-face-masks,footballer-face-masks;spently_products;all-facemasks;best-selling-products;newest-products;facebook
Euro 2021 / Copa America 2021,gid://shopify/Product/6859309777083,bukayo-saka-celebrity-face-mask-fancy-dress-hen-birthday-party-fun-stag-do,BUKAYO SAKA Celebrity Face Mask FANCY DRESS HEN BIRTHDAY PARTY FUN STAG DO,ACTIVE,keep (also in footballer-face-masks),euro-2021-celebrity-football-face-masks;england-2021-football-face-masks,footballer-face-masks;spently_products;all-facemasks;best-selling-products;newest-products;facebook
Euro 2021 / Copa America 2021,gid://shopify/Product/6859301519547,conor-coady-celebrity-face-mask-fancy-dress-hen-birthday-party-fun-stag-do,CONOR COADY Celebrity Face Mask FANCY DRESS HEN BIRTHDAY PARTY FUN STAG DO,ACTIVE,keep (also in footballer-face-masks),euro-2021-celebrity-football-face-masks;england-2021-football-face-masks,footballer-face-masks;spently_products;all-facemasks;best-selling-products;newest-products;facebook
Euro 2021 / Copa America 2021,gid://shopify/Product/6859309088955,dean-henderson-celebrity-face-mask-fancy-dress-hen-birthday-party-fun-stag-do,DEAN HENDERSON Celebrity Face Mask FANCY DRESS HEN BIRTHDAY PARTY FUN STAG DO,ACTIVE,keep (also in footballer-face-masks),euro-2021-celebrity-football-face-masks;england-2021-football-face-masks,footballer-face-masks;spently_products;all-facemasks;best-selling-products;newest-products;facebook
Euro 2021 / Copa America 2021,gid://shopify/Product/6859307450555,dominic-calvert-lewin-celebrity-face-mask-fancy-dress-hen-birthday-party-fun-stag-do,DOMINIC CALVERT-LEWIN Celebrity Face Mask FANCY DRESS HEN BIRTHDAY PARTY FUN STAG DO,ACTIVE,keep (also in footballer-face-masks),euro-2021-celebrity-football-face-masks;england-2021-football-face-masks,footballer-face-masks;spently_products;all-facemasks;best-selling-products;newest-products;facebook
Euro 2021 / Copa America 2021,gid://shopify/Product/6859294867643,jack-grealish-celebrity-face-mask-fancy-dress-hen-birthday-party-fun-stag-do,JACK GREALISH Celebrity Face Mask FANCY DRESS HEN BIRTHDAY PARTY FUN STAG DO,ACTIVE,keep (also in footballer-face-masks),euro-2021-celebrity-football-face-masks;england-2021-football-face-masks,footballer-face-masks;spently_products;all-facemasks;best-selling-products;newest-products;facebook
Euro 2021 / Copa America 2021,gid://shopify/Product/6859299487931,jadon-sancho-celebrity-face-mask-fancy-dress-hen-birthday-party-fun-stag-do,JADON SANCHO Celebrity Face Mask FANCY DRESS HEN BIRTHDAY PARTY FUN STAG DO,ACTIVE,keep (also in footballer-face-masks),euro-2021-celebrity-football-face-masks;england-2021-football-face-masks,footballer-face-masks;spently_products;all-facemasks;best-selling-products;newest-products;facebook
Euro 2021 / Copa America 2021,gid://shopify/Product/6859303518395,luke-shaw-celebrity-face-mask-fancy-dress-hen-birthday-party-fun-stag-do,LUKE SHAW Celebrity Face Mask FANCY DRESS HEN BIRTHDAY PARTY FUN STAG DO,ACTIVE,keep (also in footballer-face-masks),euro-2021-celebrity-football-face-masks;england-2021-football-face-masks,footballer-face-masks;spently_products;all-facemasks;best-selling-products;newest-products;facebook
Euro 2021 / Copa America 2021,gid://shopify/Product/6859296735419,marcus-rashford-celebrity-face-mask-fancy-dress-hen-birthday-party-fun-stag-do,MARCUS RASHFORD Celebrity Face Mask FANCY DRESS HEN BIRTHDAY PARTY FUN STAG DO,ACTIVE,keep (also in footballer-face-masks),euro-2021-celebrity-football-face-masks;england-2021-football-face-masks,footballer-face-masks;spently_products;all-facemasks;best-selling-products;newest-products;facebook
Euro 2021 / Copa America 2021,gid://shopify/Product/6859300536507,mason-greenwood-celebrity-face-mask-fancy-dress-hen-birthday-party-fun-stag-do,MASON GREENWOOD Celebrity Face Mask FANCY DRESS HEN BIRTHDAY PARTY FUN STAG DO,ACTIVE,keep (also in footballer-face-masks),euro-2021-celebrity-football-face-masks;england-2021-football-face-masks,footballer-face-masks;spently_products;all-facemasks;best-selling-products;newest-products;facebook
Euro 2021 / Copa America 2021,gid://shopify/Product/6890951671995,phil-foden-new-hair-celebrity-face-mask-fancy-dress-hen-birthday-party-fun-stag-do-hen,"PHIL FODEN ""NEW HAIR"" Celebrity Face Mask FANCY DRESS HEN BIRTHDAY PARTY FUN STAG DO HEN",ACTIVE,keep (also in footballer-face-masks),euro-2021-celebrity-football-face-masks;england-2021-football-face-masks,footballer-face-masks;spently_products;all-facemasks;best-selling-products;newest-products
Euro 2021 / Copa America 2021,gid://shopify/Product/6859306172603,reece-james-celebrity-face-mask-fancy-dress-hen-birthday-party-fun-stag-do,REECE JAMES Celebrity Face Mask FANCY DRESS HEN BIRTHDAY PARTY FUN STAG DO,ACTIVE,keep (also in footballer-face-masks),euro-2021-celebrity-football-face-masks;england-2021-football-face-masks,footballer-face-masks;spently_products;all-facemasks;best-selling-products;newest-products;facebook
Euro 2021 / Copa America 2021,gid://shopify/Product/6859302502587,trent-alexander-arnold-celebrity-face-mask-fancy-dress-hen-birthday-party-fun-stag-do,TRENT ALEXANDER-ARNOLD Celebrity Face Mask FANCY DRESS HEN BIRTHDAY PARTY FUN STAG DO,ACTIVE,keep (also in footballer-face-masks),euro-2021-celebrity-football-face-masks;england-2021-football-face-masks,footballer-face-masks;spently_products;all-facemasks;best-selling-products;newest-products;facebook
Euro 2021 / Copa America 2021,gid://shopify/Product/6859305418939,tyrone-mings-celebrity-face-mask-fancy-dress-hen-birthday-party-fun-stag-do,TYRONE MINGS Celebrity Face Mask FANCY DRESS HEN BIRTHDAY PARTY FUN STAG DO,ACTIVE,keep (also in footballer-face-masks),euro-2021-celebrity-football-face-masks;england-2021-football-face-masks,footballer-face-masks;spently_products;all-facemasks;best-selling-products;newest-products;facebook
Euro 2021 / Copa America 2021,gid://shopify/Product/6859293032635,phil-foden-celebrity-face-mask-fancy-dress-hen-birthday-party-fun-stag-do,PHIL FODEN Celebrity Face Mask FANCY DRESS HEN BIRTHDAY PARTY FUN STAG DO,ACTIVE,"keep (also in sport-celebrities,f1-face-masks)",euro-2021-celebrity-football-face-masks;england-2021-football-face-masks,sport-celebrities;f1-face-masks;spently_products;all-facemasks;best-selling-products;newest-products;facebook
Euro 2021 / Copa America 2021,gid://shopify/Product/6941115285691,its-coming-home-euro-2021-celebrity-face-mask-pack-kane-foden-sterling-grealish,"""IT'S COMING HOME"" EURO 2021 CELEBRITY FACE MASK PACK KANE, FODEN, STERLING, GREALISH",ACTIVE,keep-eventtitled (also in footballer-face-masks),euro-2021-celebrity-football-face-masks;england-2021-football-face-masks,footballer-face-masks;spently_products;all-facemasks;best-selling-products;newest-products;celebrity-couples-fancy-dress-face-masks;football-celebrity-face-mask-party-pack
Euro 2021 / Copa America 2021,gid://shopify/Product/6870733914299,england-front-three-euro-2021-celebrity-face-mask-pack-7-grealish-kane-foden,"ENGLAND ""FRONT THREE"" EURO 2021 CELEBRITY FACE MASK PACK 8 GREALISH, KANE, FODEN",ACTIVE,keep-eventtitled (also in footballer-face-masks),euro-2021-celebrity-football-face-masks;england-2021-football-face-masks,footballer-face-masks;spently_products;all-facemasks;best-selling-products;newest-products;celebrity-couples-fancy-dress-face-masks;football-celebrity-face-mask-party-pack
Euro 2021 / Copa America 2021,gid://shopify/Product/6872978849979,england-right-back-4-pack-euro-2021-celebrity-face-mask-pack-7-james-alexander-arnold-trippier-walker,"ENGLAND ""RIGHT BACK 4 PACK"" EURO 2021 CELEBRITY FACE MASK PACK 7 JAMES, ALEXANDER-ARNOLD, TRIPPIER, WALKER",ACTIVE,keep-eventtitled (also in footballer-face-masks),euro-2021-celebrity-football-face-masks;england-2021-football-face-masks,footballer-face-masks;spently_products;all-facemasks;best-selling-products;newest-products;celebrity-couples-fancy-dress-face-masks;football-celebrity-face-mask-party-pack
Euro 2021 / Copa America 2021,gid://shopify/Product/6873070502075,england-southgates-front-three-euro-2021-celebrity-face-mask-pack-9-rashford-kane-streling,"ENGLAND ""SOUTHGATE'S FRONT THREE"" EURO 2021 CELEBRITY FACE MASK PACK 9 RASHFORD, KANE, STRELING",ACTIVE,keep-eventtitled (also in footballer-face-masks),euro-2021-celebrity-football-face-masks;england-2021-football-face-masks,footballer-face-masks;spently_products;all-facemasks;best-selling-products;newest-products;celebrity-couples-fancy-dress-face-masks;football-celebrity-face-mask-party-pack
Euro 2021 / Copa America 2021,gid://shopify/Product/6900800520379,england-euro-2020-celebrity-face-mask-pack-full-squad-stag-do-hen-do,ENGLAND EURO 2020 Celebrity FACE MASK PACK FULL SQUAD STAG DO HEN DO,ACTIVE,keep-eventtitled (also in footballer-face-masks),euro-2021-celebrity-football-face-masks;england-2021-football-face-masks,footballer-face-masks;spently_products;all-facemasks;best-selling-products;newest-products;facebook;celebrity-couples-fancy-dress-face-masks;football-celebrity-face-mask-party-pack
Euro 2021 / Copa America 2021,gid://shopify/Product/6859269603515,england-euro-2021-celebrity-face-mask-pack-1-kane-rashford-southgate,"ENGLAND EURO 2021 CELEBRITY FACE MASK PACK 1 KANE, RASHFORD, SOUTHGATE",ACTIVE,keep-eventtitled (also in footballer-face-masks),euro-2021-celebrity-football-face-masks;england-2021-football-face-masks,footballer-face-masks;spently_products;all-facemasks;best-selling-products;newest-products;celebrity-couples-fancy-dress-face-masks;football-celebrity-face-mask-party-pack
Euro 2021 / Copa America 2021,gid://shopify/Product/6859274879163,england-euro-2021-celebrity-face-mask-pack-2-kane-rashford-foden-free-southgate,"ENGLAND EURO 2021 CELEBRITY FACE MASK PACK 2 KANE, RASHFORD, FODEN, FREE SOUTHGATE",ACTIVE,keep-eventtitled (also in footballer-face-masks),euro-2021-celebrity-football-face-masks;england-2021-football-face-masks,all-mugs;footballer-face-masks;spently_products;all-facemasks;best-selling-products;newest-products;celebrity-couples-fancy-dress-face-masks;football-celebrity-face-mask-party-pack
Euro 2021 / Copa America 2021,gid://shopify/Product/6859285004475,england-euro-2021-celebrity-face-mask-pack-3-grealish-sancho-coady-free-southgate,"ENGLAND EURO 2021 CELEBRITY FACE MASK PACK 3 GREALISH, SANCHO, COADY, FREE SOUTHGATE",ACTIVE,keep-eventtitled (also in footballer-face-masks),euro-2021-celebrity-football-face-masks;england-2021-football-face-masks,all-mugs;footballer-face-masks;spently_products;all-facemasks;best-selling-products;newest-products;celebrity-couples-fancy-dress-face-masks;football-celebrity-face-mask-party-pack
Euro 2021 / Copa America 2021,gid://shopify/Product/6859287101627,england-euro-2021-celebrity-face-mask-pack-4-greenwood-shaw-saka-free-southgate,"ENGLAND EURO 2021 CELEBRITY FACE MASK PACK 4 GREENWOOD, SHAW, SAKA, FREE SOUTHGATE",ACTIVE,keep-eventtitled (also in footballer-face-masks),euro-2021-celebrity-football-face-masks;england-2021-football-face-masks,all-mugs;footballer-face-masks;spently_products;all-facemasks;best-selling-products;newest-products;celebrity-couples-fancy-dress-face-masks;football-celebrity-face-mask-party-pack
Euro 2021 / Copa America 2021,gid://shopify/Product/6859288576187,england-euro-2021-celebrity-face-mask-pack-5-alexander-arnold-james-mings-free-southgate,"ENGLAND EURO 2021 CELEBRITY FACE MASK PACK 5 ALEXANDER-ARNOLD, JAMES, MINGS, FREE SOUTHGATE",ACTIVE,keep-eventtitled (also in footballer-face-masks),euro-2021-celebrity-football-face-masks;england-2021-football-face-masks,all-mugs;footballer-face-masks;spently_products;all-facemasks;best-selling-products;newest-products;celebrity-couples-fancy-dress-face-masks;football-celebrity-face-mask-party-pack
Euro 2021 / Copa America 2021,gid://shopify/Product/6859290640571,england-euro-2021-celebrity-face-mask-pack-6-calvert-lewin-white-henderson-free-southgate,"ENGLAND EURO 2021 CELEBRITY FACE MASK PACK 6 CALVERT-LEWIN, WHITE, HENDERSON, FREE SOUTHGATE",ACTIVE,keep-eventtitled (also in footballer-face-masks),euro-2021-celebrity-football-face-masks;england-2021-football-face-masks,all-mugs;footballer-face-masks;spently_products;all-facemasks;best-selling-products;newest-products;celebrity-couples-fancy-dress-face-masks;football-celebrity-face-mask-party-pack
Euro 2021 / Copa America 2021,gid://shopify/Product/6862221115579,argentina-copa-america-2021-celebrity-face-mask-pack-1-messi-di-maria-aguero,"ARGENTINA COPA AMERICA 2021 CELEBRITY FACE MASK PACK 1 MESSI, DI MARIA, AGUERO",ACTIVE,keep-eventtitled (also in tv-star-masks),copa-america-2021,spently_products;all-facemasks;tv-star-masks;best-selling-products;newest-products;celebrity-couples-fancy-dress-face-masks
Euro 2021 / Copa America 2021,gid://shopify/Product/6862242545851,belgium-euro-2021-celebrity-face-mask-pack-1-lukaku-de-bruyne-hazard,"BELGIUM EURO 2021 CELEBRITY FACE MASK PACK 1 LUKAKU, DE BRUYNE, HAZARD",ACTIVE,keep-eventtitled (also in tv-star-masks),euro-2021-celebrity-football-face-masks,spently_products;all-facemasks;tv-star-masks;best-selling-products;newest-products;celebrity-couples-fancy-dress-face-masks
Euro 2021 / Copa America 2021,gid://shopify/Product/6861029015739,brazil-copa-america-2021-celebrity-face-mask-pack-1-silva-firmino-alisson,"BRAZIL COPA AMERICA 2021 CELEBRITY FACE MASK PACK 1 SILVA, FIRMINO, ALISSON",ACTIVE,keep-eventtitled (also in tv-star-masks),copa-america-2021,spently_products;all-facemasks;tv-star-masks;best-selling-products;newest-products;celebrity-couples-fancy-dress-face-masks
Euro 2021 / Copa America 2021,gid://shopify/Product/6861045268667,uruguay-copa-america-2021-celebrity-face-mask-pack-1-silva-firmino-alisson,"URUGUAY COPA AMERICA 2021 CELEBRITY FACE MASK PACK SUAREZ, CAVANI",ACTIVE,keep-eventtitled (also in tv-star-masks),copa-america-2021,spently_products;all-facemasks;tv-star-masks;best-selling-products;newest-products;celebrity-couples-fancy-dress-face-masks
Euro 2021 / Copa America 2021,gid://shopify/Product/6860487753915,wales-euro-2021-celebrity-face-mask-pack-bale-ramsey-davies-free-allen,"WALES EURO 2021 CELEBRITY FACE MASK PACK BALE, RAMSEY, DAVIES, FREE ALLEN",ACTIVE,keep-eventtitled (also in tv-star-masks),euro-2021-celebrity-football-face-masks;wales-2021-football-face-masks,spently_products;all-facemasks;tv-star-masks;best-selling-products;newest-products;celebrity-couples-fancy-dress-face-masks
Euro 2021 / Copa America 2021,gid://shopify/Product/6870693314747,kevin-de-bruyne-footballer-fancy-dress-cardboard-celebrity-party-mask,KEVIN DE BRUYNE - Footballer Fancy Dress Cardboard Celebrity Party mask,ACTIVE,keep-generic (only in event collections but not an event design),euro-2021-celebrity-football-face-masks,spently_products;best-selling-products;newest-products
Euro 2021 / Copa America 2021,gid://shopify/Product/6870695936187,romelu-lukaku-footballer-fancy-dress-cardboard-celebrity-party-mask,ROMELU LUKAKU- Footballer Fancy Dress Cardboard Celebrity Party mask,ACTIVE,keep-generic (only in event collections but not an event design),euro-2021-celebrity-football-face-masks,spently_products;best-selling-products;newest-products
King Charles III coronation / Platinum Jubilee,gid://shopify/Product/7640822546683,bronze-queens-platinum-jubilee-medals-60mm,BRONZE QUEENS PLATINUM JUBILEE MEDALS (60MM),ACTIVE,hide,platinum-jubilee-2020,spently_products;best-selling-products;newest-products
King Charles III coronation / Platinum Jubilee,gid://shopify/Product/8070455001339,copy-of-king-charles-iii-rainbow-lgbt-coronation-official-logo-clutch-pin-badge-coronation-gift-king-charles-pin-badge-metal-clasp-badge-school-badge,Copy of King Charles III Rainbow/LGBT coronation official logo clutch pin badge - coronation gift - king charles pin badge - metal clasp badge,ACTIVE,hide,king-charles-coronation-pins;king-charles-iii-coronation,spently_products;best-selling-products;newest-products
King Charles III coronation / Platinum Jubilee,gid://shopify/Product/8070585024763,coronation-2023-logo-personalised-gold-star-medal-70mm-with-red-white-blue-ribbon,Coronation 2023 Logo Personalised Gold Star MEDAL 70MM WITH RED WHITE BLUE RIBBON,ACTIVE,hide,king-charles-iii-coronation,spently_products;best-selling-products;newest-products
King Charles III coronation / Platinum Jubilee,gid://shopify/Product/7645265658107,gold-2022-star-detailed-queens-platinum-jubilee-medal-50mm-2,"GOLD 2022 STAR DETAILED QUEEN'S PLATINUM JUBILEE MEDAL 50MM (2"")",ACTIVE,hide,platinum-jubilee-2020,spently_products;best-selling-products;newest-products
King Charles III coronation / Platinum Jubilee,gid://shopify/Product/7645302128891,gold-laurel-platinum-jubilee-award-on-a-black-base-8-5cm-3-1-4,"GOLD LAUREL PLATINUM JUBILEE AWARD ON A BLACK BASE 8.5CM (3 1/4"")",ACTIVE,hide,platinum-jubilee-2020,spently_products;best-selling-products;newest-products
King Charles III coronation / Platinum Jubilee,gid://shopify/Product/7645253042427,gold-laurel-queens-platinum-jubilee-medal-in-a-black-presentation-case-50mm,GOLD LAUREL QUEEN'S PLATINUM JUBILEE MEDAL IN A BLACK PRESENTATION CASE 50MM,ACTIVE,hide,platinum-jubilee-2020,spently_products;best-selling-products;newest-products
King Charles III coronation / Platinum Jubilee,gid://shopify/Product/7645255762171,gold-queens-platinum-jubilee-medal-in-a-black-presentation-case-52mm,GOLD QUEEN'S PLATINUM JUBILEE MEDAL IN A BLACK PRESENTATION CASE 52MM,ACTIVE,hide,platinum-jubilee-2020,spently_products;best-selling-products;newest-products
King Charles III coronation / Platinum Jubilee,gid://shopify/Product/7645261267195,gold-tudor-rose-queens-platinum-jubilee-medal-50mm-2,"GOLD TUDOR ROSE QUEEN'S PLATINUM JUBILEE MEDAL 50MM (2"")",ACTIVE,hide,platinum-jubilee-2020,spently_products;best-selling-products;newest-products
King Charles III coronation / Platinum Jubilee,gid://shopify/Product/8071188840699,copy-of-king-charles-coronation-2023-official-blue-red-metal-name-logo-pin-badge-25mm-1,"GUARANTEED BEFORE SATURDAY - KING CHARLES CORONATION 2023 OFFICIAL BLUE RED METAL NAME LOGO PIN BADGE 25MM (1"")",ACTIVE,hide,platinum-jubilee-2020;king-charles-coronation-pins;king-charles-iii-coronation,spently_products;best-selling-products;newest-products
King Charles III coronation / Platinum Jubilee,gid://shopify/Product/8071217381627,king-charles-coronation-2023-official-blue-red-welsh-metal-logo-pin-badge-25mm-1,"GUARANTEED BEFORE SATURDAY - KING CHARLES CORONATION 2023 OFFICIAL BLUE RED WELSH METAL LOGO PIN BADGE 25MM (1"")",ACTIVE,hide,king-charles-coronation-pins;king-charles-iii-coronation,spently_products;best-selling-products;newest-products
King Charles III coronation / Platinum Jubilee,gid://shopify/Product/8071215120635,king-charles-coronation-2023-official-english-white-metal-name-logo-pin-badge-25mm-1,"GUARANTEED BEFORE SATURDAY - KING CHARLES CORONATION 2023 OFFICIAL ENGLISH WHITE METAL NAME LOGO PIN BADGE 25MM (1"")",ACTIVE,hide,king-charles-coronation-pins;king-charles-iii-coronation,spently_products;best-selling-products;newest-products
King Charles III coronation / Platinum Jubilee,gid://shopify/Product/8100265787643,king-charles-coronation-2023-original-logo-pin-badge-metal-or-button,GUARANTEED BEFORE SATURDAY - KING CHARLES CORONATION 2023 ORIGINAL LOGO PIN BADGE METAL OR BUTTON (Personalised),ACTIVE,hide,king-charles-coronation-pins;king-charles-iii-coronation,spently_products;best-selling-products;newest-products
King Charles III coronation / Platinum Jubilee,gid://shopify/Product/7640850104571,heavyweight-queens-platinum-jubilee-gold-medal-70mm,HEAVYWEIGHT QUEEN'S PLATINUM JUBILEE GOLD MEDAL 70MM,ACTIVE,hide,platinum-jubilee-2020,spently_products;best-selling-products;newest-products
King Charles III coronation / Platinum Jubilee,gid://shopify/Product/8071118225659,king-charles-coronation-2023-english-black-blue-plain-metal-school-name-logo-pin-badge-25mm-1,"KING CHARLES CORONATION 2023 ENGLISH BLACK BLUE PLAIN METAL SCHOOL NAME LOGO PIN BADGE 25MM (1"")",ACTIVE,hide,platinum-jubilee-2020;king-charles-coronation-pins;king-charles-iii-coronation,spently_products;best-selling-products;newest-products
King Charles III coronation / Platinum Jubilee,gid://shopify/Product/8071110328571,king-charles-coronation-english-black-metal-school-name-logo-pin-badge-25mm-1,"KING CHARLES CORONATION 2023 ENGLISH BLACK METAL SCHOOL NAME LOGO PIN BADGE 25MM (1"")",ACTIVE,hide,platinum-jubilee-2020;king-charles-coronation-pins;king-charles-iii-coronation,spently_products;best-selling-products;newest-products
King Charles III coronation / Platinum Jubilee,gid://shopify/Product/8071117308155,king-charles-coronation-2023-english-black-original-metal-school-name-logo-pin-badge-25mm-1,"KING CHARLES CORONATION 2023 ENGLISH BLACK ORIGINAL METAL SCHOOL NAME LOGO PIN BADGE 25MM (1"")",ACTIVE,hide,platinum-jubilee-2020;king-charles-coronation-pins;king-charles-iii-coronation,spently_products;best-selling-products;newest-products
King Charles III coronation / Platinum Jubilee,gid://shopify/Product/8071118029051,king-charles-coronation-2023-english-black-plain-metal-school-name-logo-pin-badge-25mm-1,"KING CHARLES CORONATION 2023 ENGLISH BLACK PLAIN METAL SCHOOL NAME LOGO PIN BADGE 25MM (1"")",ACTIVE,hide,platinum-jubilee-2020;king-charles-coronation-pins;king-charles-iii-coronation,spently_products;best-selling-products;newest-products
King Charles III coronation / Platinum Jubilee,gid://shopify/Product/8071112818939,king-charles-coronation-2023-english-blue-metal-school-name-logo-pin-badge-25mm-1,"KING CHARLES CORONATION 2023 ENGLISH BLUE METAL SCHOOL NAME LOGO PIN BADGE 25MM (1"")",ACTIVE,hide,platinum-jubilee-2020;king-charles-coronation-pins;king-charles-iii-coronation,spently_products;best-selling-products;newest-products
King Charles III coronation / Platinum Jubilee,gid://shopify/Product/8071118520571,king-charles-coronation-2023-english-blue-plain-blue-metal-school-name-logo-pin-badge-25mm-1,"KING CHARLES CORONATION 2023 ENGLISH BLUE PLAIN BLUE METAL SCHOOL NAME LOGO PIN BADGE 25MM (1"")",ACTIVE,hide,platinum-jubilee-2020;king-charles-coronation-pins;king-charles-iii-coronation,spently_products;best-selling-products;newest-products
King Charles III coronation / Platinum Jubilee,gid://shopify/Product/8071118389499,king-charles-coronation-2023-english-blue-plain-metal-school-name-logo-pin-badge-25mm-1,"KING CHARLES CORONATION 2023 ENGLISH BLUE PLAIN METAL SCHOOL NAME LOGO PIN BADGE 25MM (1"")",ACTIVE,hide,platinum-jubilee-2020;king-charles-coronation-pins;king-charles-iii-coronation,spently_products;best-selling-products;newest-products
King Charles III coronation / Platinum Jubilee,gid://shopify/Product/8071115669755,king-charles-coronation-2023-english-lgbt-metal-school-name-logo-pin-badge-25mm-1,"KING CHARLES CORONATION 2023 ENGLISH LGBT METAL SCHOOL NAME LOGO PIN BADGE 25MM (1"")",ACTIVE,hide,platinum-jubilee-2020;king-charles-coronation-pins;king-charles-iii-coronation,spently_products;best-selling-products;newest-products
King Charles III coronation / Platinum Jubilee,gid://shopify/Product/8071117111547,king-charles-coronation-2023-english-official-metal-school-name-logo-pin-badge-25mm-1,"KING CHARLES CORONATION 2023 ENGLISH OFFICIAL METAL SCHOOL NAME LOGO PIN BADGE 25MM (1"")",ACTIVE,hide,platinum-jubilee-2020;king-charles-coronation-pins;king-charles-iii-coronation,spently_products;best-selling-products;newest-products
King Charles III coronation / Platinum Jubilee,gid://shopify/Product/8071118618875,king-charles-coronation-2023-english-official-plain-blue-metal-school-name-logo-pin-badge-25mm-1,"KING CHARLES CORONATION 2023 ENGLISH OFFICIAL PLAIN BLUE METAL SCHOOL NAME LOGO PIN BADGE 25MM (1"")",ACTIVE,hide,platinum-jubilee-2020;king-charles-coronation-pins;king-charles-iii-coronation,spently_products;best-selling-products;newest-products
King Charles III coronation / Platinum Jubilee,gid://shopify/Product/8071118782715,king-charles-coronation-2023-english-original-plain-metal-school-name-logo-pin-badge-25mm-1,"KING CHARLES CORONATION 2023 ENGLISH ORIGINAL PLAIN METAL SCHOOL NAME LOGO PIN BADGE 25MM (1"")",ACTIVE,hide,platinum-jubilee-2020;king-charles-coronation-pins;king-charles-iii-coronation,spently_products;best-selling-products;newest-products
King Charles III coronation / Platinum Jubilee,gid://shopify/Product/8071117799675,king-charles-coronation-2023-english-pink-metal-school-name-logo-pin-badge-25mm-1,"KING CHARLES CORONATION 2023 ENGLISH PINK METAL SCHOOL NAME LOGO PIN BADGE 25MM (1"")",ACTIVE,hide,platinum-jubilee-2020;king-charles-coronation-pins;king-charles-iii-coronation,spently_products;best-selling-products;newest-products
King Charles III coronation / Platinum Jubilee,gid://shopify/Product/8071119175931,king-charles-coronation-2023-english-pink-plain-blue-metal-school-name-logo-pin-badge-25mm-1,"KING CHARLES CORONATION 2023 ENGLISH PINK PLAIN BLUE METAL SCHOOL NAME LOGO PIN BADGE 25MM (1"")",ACTIVE,hide,platinum-jubilee-2020;king-charles-coronation-pins;king-charles-iii-coronation,spently_products;best-selling-products;newest-products
King Charles III coronation / Platinum Jubilee,gid://shopify/Product/8071119044859,king-charles-coronation-2023-english-pink-plain-metal-school-name-logo-pin-badge-25mm-1,"KING CHARLES CORONATION 2023 ENGLISH PINK PLAIN METAL SCHOOL NAME LOGO PIN BADGE 25MM (1"")",ACTIVE,hide,platinum-jubilee-2020;king-charles-coronation-pins;king-charles-iii-coronation,spently_products;best-selling-products;newest-products
King Charles III coronation / Platinum Jubilee,gid://shopify/Product/8071219183867,king-charles-coronation-2023-official-black-red-coaster,KING CHARLES CORONATION 2023 OFFICIAL BLACK RED COASTER,ACTIVE,hide,king-charles-iii-coronation;king-charles-iii-coronation-coasters,spently_products;best-selling-products;newest-products
King Charles III coronation / Platinum Jubilee,gid://shopify/Product/8071176585467,king-charles-coronation-2023-official-black-red-metal-name-logo-pin-badge-25mm-1,"KING CHARLES CORONATION 2023 OFFICIAL BLACK RED METAL NAME LOGO PIN BADGE 25MM (1"")",ACTIVE,hide,platinum-jubilee-2020;king-charles-coronation-pins;king-charles-iii-coronation,spently_products;best-selling-products;newest-products
King Charles III coronation / Platinum Jubilee,gid://shopify/Product/8071185629435,king-charles-coronation-2023-official-black-red-metal-name-logo-pin-badge-25mm-2,"KING CHARLES CORONATION 2023 OFFICIAL BLACK RED METAL NAME LOGO PIN BADGE 25MM (1"")",ACTIVE,hide,platinum-jubilee-2020;king-charles-coronation-pins;king-charles-iii-coronation,spently_products;best-selling-products;newest-products
King Charles III coronation / Platinum Jubilee,gid://shopify/Product/8071219577083,king-charles-coronation-2023-official-black-red-welsh-coaster,KING CHARLES CORONATION 2023 OFFICIAL BLACK RED WELSH COASTER,ACTIVE,hide,king-charles-iii-coronation;king-charles-iii-coronation-coasters,spently_products;best-selling-products;newest-products
King Charles III coronation / Platinum Jubilee,gid://shopify/Product/8071219839227,king-charles-coronation-2023-official-black-welsh-coaster,KING CHARLES CORONATION 2023 OFFICIAL BLACK WELSH COASTER,ACTIVE,hide,king-charles-iii-coronation;king-charles-iii-coronation-coasters,spently_products;best-selling-products;newest-products
King Charles III coronation / Platinum Jubilee,gid://shopify/Product/8071177502971,king-charles-coronation-2023-official-black-welsh-metal-name-logo-pin-badge-25mm-1,"KING CHARLES CORONATION 2023 OFFICIAL BLACK WELSH METAL NAME LOGO PIN BADGE 25MM (1"")",ACTIVE,hide,platinum-jubilee-2020;king-charles-coronation-pins;king-charles-iii-coronation,spently_products;best-selling-products;newest-products
King Charles III coronation / Platinum Jubilee,gid://shopify/Product/8071220035835,king-charles-coronation-2023-official-black-white-coaster,KING CHARLES CORONATION 2023 OFFICIAL BLACK WHITE COASTER,ACTIVE,hide,king-charles-iii-coronation;king-charles-iii-coronation-coasters,spently_products;best-selling-products;newest-products
King Charles III coronation / Platinum Jubilee,gid://shopify/Product/8071178453243,king-charles-coronation-2023-official-black-white-metal-name-logo-pin-badge-25mm-1,"KING CHARLES CORONATION 2023 OFFICIAL BLACK WHITE METAL NAME LOGO PIN BADGE 25MM (1"")",ACTIVE,hide,platinum-jubilee-2020;king-charles-coronation-pins;king-charles-iii-coronation,spently_products;best-selling-products;newest-products
King Charles III coronation / Platinum Jubilee,gid://shopify/Product/8071218528507,king-charles-coronation-2023-official-blue-coaster,KING CHARLES CORONATION 2023 OFFICIAL BLUE COASTER,ACTIVE,hide,king-charles-iii-coronation;king-charles-iii-coronation-coasters,spently_products;best-selling-products;newest-products
King Charles III coronation / Platinum Jubilee,gid://shopify/Product/8071175733499,king-charles-coronation-2023-official-blue-metal-name-logo-pin-badge-25mm-1,"KING CHARLES CORONATION 2023 OFFICIAL BLUE METAL NAME LOGO PIN BADGE 25MM (1"")",ACTIVE,hide,platinum-jubilee-2020;king-charles-coronation-pins;king-charles-iii-coronation,spently_products;best-selling-products;newest-products
King Charles III coronation / Platinum Jubilee,gid://shopify/Product/8071222395131,king-charles-coronation-2023-official-blue-pink-coaster,KING CHARLES CORONATION 2023 OFFICIAL BLUE PINK COASTER,ACTIVE,hide,king-charles-iii-coronation;king-charles-iii-coronation-coasters,spently_products;best-selling-products;newest-products
King Charles III coronation / Platinum Jubilee,gid://shopify/Product/8071220297979,king-charles-coronation-2023-official-blue-red-coaster,KING CHARLES CORONATION 2023 OFFICIAL BLUE RED COASTER,ACTIVE,hide,king-charles-iii-coronation;king-charles-iii-coronation-coasters,spently_products;best-selling-products;newest-products
King Charles III coronation / Platinum Jubilee,gid://shopify/Product/8071222690043,king-charles-coronation-2023-official-blue-red-logo-pink-coaster,KING CHARLES CORONATION 2023 OFFICIAL BLUE RED LOGO PINK COASTER,ACTIVE,hide,king-charles-iii-coronation;king-charles-iii-coronation-coasters,spently_products;best-selling-products;newest-products
King Charles III coronation / Platinum Jubilee,gid://shopify/Product/8071217119483,king-charles-coronation-2023-official-blue-welsh-metal-logo-pin-badge-25mm-1,"KING CHARLES CORONATION 2023 OFFICIAL BLUE WELSH METAL LOGO PIN BADGE 25MM (1"")",ACTIVE,hide,king-charles-coronation-pins;king-charles-iii-coronation,spently_products;best-selling-products;newest-products
King Charles III coronation / Platinum Jubilee,gid://shopify/Product/8071220658427,king-charles-coronation-2023-official-english-black-coaster,KING CHARLES CORONATION 2023 OFFICIAL ENGLISH BLACK COASTER,ACTIVE,hide,king-charles-iii-coronation;king-charles-iii-coronation-coasters,spently_products;best-selling-products;newest-products
King Charles III coronation / Platinum Jubilee,gid://shopify/Product/8071189397755,king-charles-coronation-2023-official-english-black-metal-name-logo-pin-badge-25mm-1,"KING CHARLES CORONATION 2023 OFFICIAL ENGLISH BLACK METAL NAME LOGO PIN BADGE 25MM (1"")",ACTIVE,hide,king-charles-coronation-pins;king-charles-iii-coronation,spently_products;best-selling-products;newest-products
King Charles III coronation / Platinum Jubilee,gid://shopify/Product/8071220887803,king-charles-coronation-2023-official-english-blue-coaster,KING CHARLES CORONATION 2023 OFFICIAL ENGLISH BLUE COASTER,ACTIVE,hide,king-charles-iii-coronation;king-charles-iii-coronation-coasters,spently_products;best-selling-products;newest-products
King Charles III coronation / Platinum Jubilee,gid://shopify/Product/8071189889275,king-charles-coronation-2023-official-english-blue-metal-name-logo-pin-badge-25mm-1,"KING CHARLES CORONATION 2023 OFFICIAL ENGLISH BLUE METAL NAME LOGO PIN BADGE 25MM (1"")",ACTIVE,hide,king-charles-coronation-pins;king-charles-iii-coronation,spently_products;best-selling-products;newest-products
King Charles III coronation / Platinum Jubilee,gid://shopify/Product/8071221281019,king-charles-coronation-2023-official-english-pink-coaster,KING CHARLES CORONATION 2023 OFFICIAL ENGLISH PINK COASTER,ACTIVE,hide,king-charles-iii-coronation;king-charles-iii-coronation-coasters,spently_products;best-selling-products;newest-products
King Charles III coronation / Platinum Jubilee,gid://shopify/Product/8071221805307,king-charles-coronation-2023-official-english-pink-coaster-1,KING CHARLES CORONATION 2023 OFFICIAL ENGLISH PINK COASTER,ACTIVE,hide,king-charles-iii-coronation;king-charles-iii-coronation-coasters,spently_products;best-selling-products;newest-products
King Charles III coronation / Platinum Jubilee,gid://shopify/Product/8071190610171,king-charles-coronation-2023-official-english-pink-metal-name-logo-pin-badge-25mm-1,"KING CHARLES CORONATION 2023 OFFICIAL ENGLISH PINK METAL NAME LOGO PIN BADGE 25MM (1"")",ACTIVE,hide,king-charles-coronation-pins;king-charles-iii-coronation,spently_products;best-selling-products;newest-products
King Charles III coronation / Platinum Jubilee,gid://shopify/Product/8071221510395,king-charles-coronation-2023-official-english-white-coaster,KING CHARLES CORONATION 2023 OFFICIAL ENGLISH WHITE COASTER,ACTIVE,hide,king-charles-iii-coronation;king-charles-iii-coronation-coasters,spently_products;best-selling-products;newest-products
King Charles III coronation / Platinum Jubilee,gid://shopify/Product/8071215874299,king-charles-coronation-2023-official-lgbt-metal-name-logo-pin-badge-25mm-1,"KING CHARLES CORONATION 2023 OFFICIAL LGBT METAL LOGO PIN BADGE 25MM (1"")",ACTIVE,hide,king-charles-coronation-pins;king-charles-iii-coronation,spently_products;best-selling-products;newest-products
King Charles III coronation / Platinum Jubilee,gid://shopify/Product/8071218102523,king-charles-coronation-2023-official-lgbt-welsh-metal-logo-pin-badge-25mm-1,"KING CHARLES CORONATION 2023 OFFICIAL LGBT WELSH METAL LOGO PIN BADGE 25MM (1"")",ACTIVE,hide,king-charles-coronation-pins;king-charles-iii-coronation,spently_products;best-selling-products;newest-products
King Charles III coronation / Platinum Jubilee,gid://shopify/Product/8071216201979,king-charles-coronation-2023-official-pink-english-metal-logo-pin-badge-25mm-1,"KING CHARLES CORONATION 2023 OFFICIAL PINK ENGLISH METAL LOGO PIN BADGE 25MM (1"")",ACTIVE,hide,king-charles-coronation-pins;king-charles-iii-coronation,spently_products;best-selling-products;newest-products
King Charles III coronation / Platinum Jubilee,gid://shopify/Product/8071216693499,king-charles-coronation-2023-official-pink-welsh-metal-logo-pin-badge-25mm-1,"KING CHARLES CORONATION 2023 OFFICIAL PINK WELSH METAL LOGO PIN BADGE 25MM (1"")",ACTIVE,hide,king-charles-coronation-pins;king-charles-iii-coronation,spently_products;best-selling-products;newest-products
King Charles III coronation / Platinum Jubilee,gid://shopify/Product/8071222886651,king-charles-coronation-2023-official-blue-red-logo-pink-coaster-1,KING CHARLES CORONATION 2023 OFFICIAL WELSH LGBT LOGO COASTER,ACTIVE,hide,king-charles-iii-coronation;king-charles-iii-coronation-coasters,spently_products;best-selling-products;newest-products
King Charles III coronation / Platinum Jubilee,gid://shopify/Product/8071222100219,king-charles-coronation-2023-official-welsh-pink-coaster,KING CHARLES CORONATION 2023 OFFICIAL WELSH PINK COASTER,ACTIVE,hide,king-charles-iii-coronation;king-charles-iii-coronation-coasters,spently_products;best-selling-products;newest-products
King Charles III coronation / Platinum Jubilee,gid://shopify/Product/7640829886715,queens-platinum-jubilee-2022-pin-badge-25mm-1,"KING CHARLES CORONATION 2023 ORIGINAL LOGO PIN BADGE 25MM (1"")",ACTIVE,hide,king-charles-coronation-pins;king-charles-iii-coronation,spently_products;best-selling-products;newest-products
King Charles III coronation / Platinum Jubilee,gid://shopify/Product/8071097254139,king-charles-coronation-2023-original-welsh-logo-pin-badge-25mm-1,"KING CHARLES CORONATION 2023 ORIGINAL WELSH LOGO PIN BADGE 25MM (1"")",ACTIVE,hide,king-charles-coronation-pins;king-charles-iii-coronation,spently_products;best-selling-products;newest-products
King Charles III coronation / Platinum Jubilee,gid://shopify/Product/8071099973883,king-charles-coronation-english-black-and-white-logo-adult-tee-t-shirt-man,KING CHARLES CORONATION ENGLISH BLACK AND WHITE LOGO ADULT TEE T-SHIRT MAN,ACTIVE,hide,king-charles-iii-coronation-clothing;king-charles-iii-coeronation-clothing,spently_products;best-selling-products;newest-products
King Charles III coronation / Platinum Jubilee,gid://shopify/Product/8071105380603,king-charles-coronation-english-black-red-logo-adult-tee-t-shirt-man,KING CHARLES CORONATION ENGLISH BLACK RED LOGO ADULT TEE T-SHIRT MAN,ACTIVE,hide,king-charles-iii-coronation-clothing;king-charles-iii-coeronation-clothing,spently_products;best-selling-products;newest-products
King Charles III coronation / Platinum Jubilee,gid://shopify/Product/8071109640443,king-charles-coronation-english-blue-logo-adult-tee-t-shirt-man,KING CHARLES CORONATION ENGLISH BLUE LOGO ADULT TEE T-SHIRT MAN,ACTIVE,hide,king-charles-iii-coronation-clothing;king-charles-iii-coeronation-clothing,spently_products;best-selling-products;newest-products
King Charles III coronation / Platinum Jubilee,gid://shopify/Product/8071111049467,king-charles-coronation-english-lgbt-logo-adult-tee-t-shirt-man,KING CHARLES CORONATION ENGLISH LGBT LOGO ADULT TEE T-SHIRT MAN,ACTIVE,hide,king-charles-iii-coronation-clothing;king-charles-iii-coeronation-clothing,spently_products;best-selling-products;newest-products
King Charles III coronation / Platinum Jubilee,gid://shopify/Product/8071116554491,king-charles-coronation-english-official-colour-logo-adult-tee-t-shirt-man,KING CHARLES CORONATION ENGLISH OFFICIAL COLOUR LOGO ADULT TEE T-SHIRT MAN,ACTIVE,hide,king-charles-iii-coronation-clothing;king-charles-iii-coeronation-clothing,spently_products;best-selling-products;newest-products
King Charles III coronation / Platinum Jubilee,gid://shopify/Product/8071118258427,king-charles-coronation-english-pink-logo-adult-tee-t-shirt,KING CHARLES CORONATION ENGLISH PINK LOGO ADULT TEE T-SHIRT,ACTIVE,hide,king-charles-iii-coronation-clothing;king-charles-iii-coeronation-clothing,spently_products;best-selling-products;newest-products
King Charles III coronation / Platinum Jubilee,gid://shopify/Product/8071118815483,king-charles-coronation-plain-text-logo-black-adult-tee-t-shirt-man,KING CHARLES CORONATION PLAIN TEXT LOGO BLACK ADULT TEE T-SHIRT MAN,ACTIVE,hide,king-charles-iii-coronation-clothing;king-charles-iii-coeronation-clothing,spently_products;best-selling-products;newest-products
King Charles III coronation / Platinum Jubilee,gid://shopify/Product/8071119012091,king-charles-coronation-plain-text-logo-blue-adult-tee-t-shirt-man,KING CHARLES CORONATION PLAIN TEXT LOGO BLUE ADULT TEE T-SHIRT,ACTIVE,hide,king-charles-iii-coronation-clothing;king-charles-iii-coeronation-clothing,spently_products;best-selling-products;newest-products
King Charles III coronation / Platinum Jubilee,gid://shopify/Product/8071119208699,king-charles-coronation-plain-text-logo-pink-adult-tee-t-shirt-man,KING CHARLES CORONATION PLAIN TEXT LOGO PINK ADULT TEE T-SHIRT,ACTIVE,hide,king-charles-iii-coronation-clothing;king-charles-iii-coeronation-clothing,spently_products;best-selling-products;newest-products
King Charles III coronation / Platinum Jubilee,gid://shopify/Product/8071126712571,king-charles-coronation-plain-text-logo-red-blue-adult-tee-t-shirt,KING CHARLES CORONATION PLAIN TEXT LOGO RED BLUE ADULT TEE T-SHIRT,ACTIVE,hide,king-charles-iii-coronation-clothing;king-charles-iii-coeronation-clothing,spently_products;best-selling-products;newest-products
King Charles III coronation / Platinum Jubilee,gid://shopify/Product/8071109542139,king-charles-coronation-welsh-black-metal-school-name-logo-pin-badge-25mm-1,"KING CHARLES CORONATION WELSH BLACK METAL SCHOOL NAME LOGO PIN BADGE 25MM (1"")",ACTIVE,hide,platinum-jubilee-2020;king-charles-coronation-pins;king-charles-iii-coronation,spently_products;best-selling-products;newest-products
King Charles III coronation / Platinum Jubilee,gid://shopify/Product/8071097483515,king-charles-coronation-2023-original-school-name-logo-pin-badge-25mm-1,"KING CHARLES CORONATION WELSH BLACK RED BLUE METAL SCHOOL NAME LOGO PIN BADGE 25MM (1"")",ACTIVE,hide,platinum-jubilee-2020;king-charles-coronation-pins;king-charles-iii-coronation,spently_products;best-selling-products;newest-products
King Charles III coronation / Platinum Jubilee,gid://shopify/Product/8071127269627,king-charles-coronation-welsh-black-red-logo-adult-tee-t-shirt,KING CHARLES CORONATION WELSH BLACK RED LOGO ADULT TEE T-SHIRT,ACTIVE,hide,king-charles-iii-coronation-clothing;king-charles-iii-coeronation-clothing,spently_products;best-selling-products;newest-products
King Charles III coronation / Platinum Jubilee,gid://shopify/Product/8071099416827,king-charles-coronation-welsh-black-white-sky-blue-metal-school-name-logo-pin-badge-25mm-1,"KING CHARLES CORONATION WELSH BLACK SKY BLUE METAL SCHOOL NAME LOGO PIN BADGE 25MM (1"")",ACTIVE,hide,platinum-jubilee-2020;king-charles-coronation-pins;king-charles-iii-coronation,spently_products;best-selling-products;newest-products
King Charles III coronation / Platinum Jubilee,gid://shopify/Product/8071127466235,king-charles-coronation-welsh-black-white-logo-adult-tee-t-shirt,KING CHARLES CORONATION WELSH BLACK WHITE LOGO ADULT TEE T-SHIRT,ACTIVE,hide,king-charles-iii-coronation-clothing;king-charles-iii-coeronation-clothing,spently_products;best-selling-products;newest-products
King Charles III coronation / Platinum Jubilee,gid://shopify/Product/8071099187451,king-charles-coronation-welsh-black-white-metal-school-name-logo-pin-badge-25mm-1,"KING CHARLES CORONATION WELSH BLACK WHITE METAL SCHOOL NAME LOGO PIN BADGE 25MM (1"")",ACTIVE,hide,platinum-jubilee-2020;king-charles-coronation-pins;king-charles-iii-coronation,spently_products;best-selling-products;newest-products
King Charles III coronation / Platinum Jubilee,gid://shopify/Product/8071107477755,king-charles-coronation-welshblack-white-metal-school-name-logo-pin-badge-25mm-1,"KING CHARLES CORONATION WELSH BLACK WHITE METAL SCHOOL NAME LOGO PIN BADGE 25MM (1"")",ACTIVE,hide,platinum-jubilee-2020;king-charles-coronation-pins;king-charles-iii-coronation,spently_products;best-selling-products;newest-products
King Charles III coronation / Platinum Jubilee,gid://shopify/Product/8071128219899,king-charles-coronation-welsh-blue-logo-adult-tee-t-shirt-1,KING CHARLES CORONATION WELSH BLUE LOGO ADULT TEE T-SHIRT,ACTIVE,hide,king-charles-iii-coronation-clothing;king-charles-iii-coeronation-clothing,spently_products;best-selling-products;newest-products
King Charles III coronation / Platinum Jubilee,gid://shopify/Product/8071101153531,king-charles-coronation-welsh-blue-pink-metal-school-name-logo-pin-badge-25mm-1,"KING CHARLES CORONATION WELSH BLUE PINK METAL SCHOOL NAME LOGO PIN BADGE 25MM (1"")",ACTIVE,hide,platinum-jubilee-2020;king-charles-coronation-pins;king-charles-iii-coronation,spently_products;best-selling-products;newest-products
King Charles III coronation / Platinum Jubilee,gid://shopify/Product/8071100727547,king-charles-coronation-welsh-blue-sky-blue-metal-school-name-logo-pin-badge-25mm-1,"KING CHARLES CORONATION WELSH BLUE SKY BLUE METAL SCHOOL NAME LOGO PIN BADGE 25MM (1"")",ACTIVE,hide,platinum-jubilee-2020;king-charles-coronation-pins;king-charles-iii-coronation,spently_products;best-selling-products;newest-products
King Charles III coronation / Platinum Jubilee,gid://shopify/Product/8071101513979,king-charles-coronation-welsh-full-blue-metal-school-name-logo-pin-badge-25mm-1,"KING CHARLES CORONATION WELSH FULL BLUE METAL SCHOOL NAME LOGO PIN BADGE 25MM (1"")",ACTIVE,hide,platinum-jubilee-2020;king-charles-coronation-pins;king-charles-iii-coronation,spently_products;best-selling-products;newest-products
King Charles III coronation / Platinum Jubilee,gid://shopify/Product/8071101841659,king-charles-coronation-welsh-lgbt-metal-school-name-logo-pin-badge-25mm-1,"KING CHARLES CORONATION WELSH LGBT BLACK METAL SCHOOL NAME LOGO PIN BADGE 25MM (1"")",ACTIVE,hide,platinum-jubilee-2020;king-charles-coronation-pins;king-charles-iii-coronation,spently_products;best-selling-products;newest-products
King Charles III coronation / Platinum Jubilee,gid://shopify/Product/8071102955771,king-charles-coronation-welsh-lgbt-blue-metal-school-name-logo-pin-badge-25mm-1,"KING CHARLES CORONATION WELSH LGBT BLUE METAL SCHOOL NAME LOGO PIN BADGE 25MM (1"")",ACTIVE,hide,platinum-jubilee-2020;king-charles-coronation-pins;king-charles-iii-coronation,spently_products;best-selling-products;newest-products
King Charles III coronation / Platinum Jubilee,gid://shopify/Product/8071128613115,king-charles-coronation-welsh-lgbt-logo-adult-tee-t-shirt,KING CHARLES CORONATION WELSH LGBT LOGO ADULT TEE T-SHIRT,ACTIVE,hide,king-charles-iii-coronation-clothing;king-charles-iii-coeronation-clothing,spently_products;best-selling-products;newest-products
King Charles III coronation / Platinum Jubilee,gid://shopify/Product/8071129530619,king-charles-coronation-welsh-official-logo-adult-tee-t-shirt-man,KING CHARLES CORONATION WELSH OFFICIAL LOGO ADULT TEE T-SHIRT,ACTIVE,hide,king-charles-iii-coronation-clothing;king-charles-iii-coeronation-clothing,spently_products;best-selling-products;newest-products
King Charles III coronation / Platinum Jubilee,gid://shopify/Product/8071105052923,king-charles-coronation-welsh-original-metal-school-name-logo-pin-badge-25mm-1,"KING CHARLES CORONATION WELSH ORIGINAL METAL SCHOOL NAME LOGO PIN BADGE 25MM (1"")",ACTIVE,hide,platinum-jubilee-2020;king-charles-coronation-pins;king-charles-iii-coronation,spently_products;best-selling-products;newest-products
King Charles III coronation / Platinum Jubilee,gid://shopify/Product/8071129628923,king-charles-coronation-welsh-pink-logo-adult-tee-t-shirt,KING CHARLES CORONATION WELSH PINK LOGO ADULT TEE T-SHIRT,ACTIVE,hide,king-charles-iii-coronation-clothing;king-charles-iii-coeronation-clothing,spently_products;best-selling-products;newest-products
King Charles III coronation / Platinum Jubilee,gid://shopify/Product/8071108755707,king-charles-coronation-welsh-pink-metal-school-name-logo-pin-badge-25mm-1,"KING CHARLES CORONATION WELSH PINK METAL SCHOOL NAME LOGO PIN BADGE 25MM (1"")",ACTIVE,hide,platinum-jubilee-2020;king-charles-coronation-pins;king-charles-iii-coronation,spently_products;best-selling-products;newest-products
King Charles III coronation / Platinum Jubilee,gid://shopify/Product/8074536026363,copy-of-king-charles-official-lgbt-logo-coaster,KING CHARLES OFFICIAL  BLUE TEA TOWEL,ACTIVE,hide,king-charles-iii-coronation;king-charles-iii-coronation-tea-towels,spently_products;best-selling-products;newest-products
King Charles III coronation / Platinum Jubilee,gid://shopify/Product/8074538123515,king-charles-official-black-red-logo-tea-towel,KING CHARLES OFFICIAL BLACK RED LOGO TEA TOWEL,ACTIVE,hide,king-charles-iii-coronation;king-charles-iii-coronation-tea-towels,spently_products;best-selling-products;newest-products
King Charles III coronation / Platinum Jubilee,gid://shopify/Product/8074539106555,king-charles-official-black-red-logo-tea-towel-1,KING CHARLES OFFICIAL BLACK RED WELSH LOGO TEA TOWEL,ACTIVE,hide,king-charles-iii-coronation;king-charles-iii-coronation-tea-towels,spently_products;best-selling-products;newest-products
King Charles III coronation / Platinum Jubilee,gid://shopify/Product/8074540089595,king-charles-official-black-welsh-logo-tea-towel,KING CHARLES OFFICIAL BLACK WELSH LOGO TEA TOWEL,ACTIVE,hide,king-charles-iii-coronation;king-charles-iii-coronation-tea-towels,spently_products;best-selling-products;newest-products
King Charles III coronation / Platinum Jubilee,gid://shopify/Product/8074540613883,king-charles-official-black-white-logo-tea-towel,KING CHARLES OFFICIAL BLACK WHITE LOGO TEA TOWEL,ACTIVE,hide,king-charles-iii-coronation;king-charles-iii-coronation-tea-towels,spently_products;best-selling-products;newest-products
King Charles III coronation / Platinum Jubilee,gid://shopify/Product/8074541367547,king-charles-official-blue-red-logo-tea-towel,KING CHARLES OFFICIAL BLUE RED LOGO TEA TOWEL,ACTIVE,hide,king-charles-iii-coronation;king-charles-iii-coronation-tea-towels,spently_products;best-selling-products;newest-products
King Charles III coronation / Platinum Jubilee,gid://shopify/Product/8074541826299,king-charles-official-english-black-logo-tea-towel,KING CHARLES OFFICIAL ENGLISH BLACK LOGO TEA TOWEL,ACTIVE,hide,king-charles-iii-coronation;king-charles-iii-coronation-tea-towels,spently_products;best-selling-products;newest-products
King Charles III coronation / Platinum Jubilee,gid://shopify/Product/8074542088443,king-charles-official-english-blue-logo-tea-towel,KING CHARLES OFFICIAL ENGLISH BLUE LOGO TEA TOWEL,ACTIVE,hide,king-charles-iii-coronation;king-charles-iii-coronation-tea-towels,spently_products;best-selling-products;newest-products
King Charles III coronation / Platinum Jubilee,gid://shopify/Product/8074542612731,king-charles-official-english-pink-logo-tea-towel,KING CHARLES OFFICIAL ENGLISH PINK LOGO TEA TOWEL,ACTIVE,hide,king-charles-iii-coronation;king-charles-iii-coronation-tea-towels,spently_products;best-selling-products;newest-products
King Charles III coronation / Platinum Jubilee,gid://shopify/Product/8074543169787,king-charles-official-english-white-logo-tea-towel,KING CHARLES OFFICIAL ENGLISH WHITE LOGO TEA TOWEL,ACTIVE,hide,king-charles-iii-coronation;king-charles-iii-coronation-tea-towels,spently_products;best-selling-products;newest-products
King Charles III coronation / Platinum Jubilee,gid://shopify/Product/8074532028667,king-charles-official-lgbt-logo-coaster,KING CHARLES OFFICIAL LGBT LOGO COASTER,ACTIVE,hide,king-charles-iii-coronation;king-charles-iii-coronation-coasters,spently_products;best-selling-products;newest-products
King Charles III coronation / Platinum Jubilee,gid://shopify/Product/8074543628539,king-charles-official-lgbt-logo-tea-towel,KING CHARLES OFFICIAL LGBT LOGO TEA TOWEL,ACTIVE,hide,king-charles-iii-coronation;king-charles-iii-coronation-tea-towels,spently_products;best-selling-products;newest-products
King Charles III coronation / Platinum Jubilee,gid://shopify/Product/8074544054523,king-charles-official-pink-english-logo-tea-towel,KING CHARLES OFFICIAL PINK WELSH LOGO TEA TOWEL,ACTIVE,hide,king-charles-iii-coronation;king-charles-iii-coronation-tea-towels,spently_products;best-selling-products;newest-products
King Charles III coronation / Platinum Jubilee,gid://shopify/Product/8074544840955,king-charles-official-welsh-blue-logo-tea-towel,KING CHARLES OFFICIAL WELSH BLUE LOGO TEA TOWEL,ACTIVE,hide,king-charles-iii-coronation;king-charles-iii-coronation-tea-towels,spently_products;best-selling-products;newest-products
King Charles III coronation / Platinum Jubilee,gid://shopify/Product/8074545398011,king-charles-official-welsh-blue-red-logo-tea-towel,KING CHARLES OFFICIAL WELSH BLUE RED LOGO TEA TOWEL,ACTIVE,hide,king-charles-iii-coronation;king-charles-iii-coronation-tea-towels,spently_products;best-selling-products;newest-products
King Charles III coronation / Platinum Jubilee,gid://shopify/Product/8074545856763,king-charles-official-welsh-lgbt-logo-tea-towel,KING CHARLES OFFICIAL WELSH LGBT LOGO TEA TOWEL,ACTIVE,hide,king-charles-iii-coronation;king-charles-iii-coronation-tea-towels,spently_products;best-selling-products;newest-products
King Charles III coronation / Platinum Jubilee,gid://shopify/Product/8079296135419,king-charles-coronation-bunting-union-jack-official-logo-pennants-3-metres-1,King Charles Coronation Bunting - Blue Image Design Pennants - 3 Metres - 6 Metres,ACTIVE,hide,king-charles-iii-coronation-bunting;king-charles-iii-coronation,spently_products;best-selling-products;newest-products
King Charles III coronation / Platinum Jubilee,gid://shopify/Product/8068775641339,king-charles-coronation-bunting-blue-logo-red-image-mixed-pennants-3-metres,King Charles Coronation Bunting - Blue Logo Red Image Mixed Pennants - 3 Metres - 6 Metres,ACTIVE,hide,king-charles-iii-coronation-bunting;king-charles-iii-coronation,spently_products;best-selling-products;newest-products
King Charles III coronation / Platinum Jubilee,gid://shopify/Product/8079296921851,king-charles-coronation-bunting-blue-official-logo-design-pennants-3-metres-6-metres,King Charles Coronation Bunting - Blue Official Logo And Union Jack Design Pennants - 3 Metres - 6 Metres,ACTIVE,hide,king-charles-iii-coronation-bunting;king-charles-iii-coronation,spently_products;best-selling-products;newest-products
King Charles III coronation / Platinum Jubilee,gid://shopify/Product/8079296659707,king-charles-coronation-bunting-blue-official-logo-design-pennants-3-metres,King Charles Coronation Bunting - Blue Official Logo Design Pennants - 3 Metres - 6 Metres,ACTIVE,hide,king-charles-iii-coronation-bunting;king-charles-iii-coronation,spently_products;best-selling-products;newest-products
King Charles III coronation / Platinum Jubilee,gid://shopify/Product/8068780785915,king-charles-coronation-bunting-official-logo-coronation-bunting-2-metres,King Charles Coronation Bunting - Official Logo Coronation Bunting - 3 Metres - 6 Metres,ACTIVE,hide,king-charles-iii-coronation-bunting;king-charles-iii-coronation,all-mugs;spently_products;best-selling-products;newest-products
King Charles III coronation / Platinum Jubilee,gid://shopify/Product/8068776231163,king-charles-coronation-bunting-rainbow-lgbt-design-mixed-pennants-3-metres,King Charles Coronation Bunting - Rainbow/LGBT Design Mixed Pennants - 3 Metres - 6 Metres,ACTIVE,hide,king-charles-iii-coronation-bunting;king-charles-iii-coronation,spently_products;best-selling-products;newest-products
King Charles III coronation / Platinum Jubilee,gid://shopify/Product/8079297249531,copy-of-king-charles-coronation-bunting-red-image-design-pennants-3-metres-6-metres,King Charles Coronation Bunting - Red Image Design Pennants - 3 Metres - 6 Metres,ACTIVE,hide,king-charles-iii-coronation-bunting;king-charles-iii-coronation,spently_products;best-selling-products;newest-products
King Charles III coronation / Platinum Jubilee,gid://shopify/Product/8068774789371,king-charles-coronation-bunting-red-logo-blue-image-mixed-pennants-3-metres,King Charles Coronation Bunting - Red Logo Blue Image Mixed Pennants - 3 Metres - 6 Metres,ACTIVE,hide,king-charles-iii-coronation-bunting;king-charles-iii-coronation,spently_products;best-selling-products;newest-products
King Charles III coronation / Platinum Jubilee,gid://shopify/Product/8079297511675,copy-of-king-charles-coronation-bunting-red-image-design-pennants-3-metres-6-metres-1,King Charles Coronation Bunting - Red Logo Design Pennants - 3 Metres - 6 Metres,ACTIVE,hide,king-charles-iii-coronation-bunting;king-charles-iii-coronation,spently_products;best-selling-products;newest-products
King Charles III coronation / Platinum Jubilee,gid://shopify/Product/8079297741051,copy-of-king-charles-coronation-bunting-red-logo-design-pennants-3-metres-6-metres,King Charles Coronation Bunting - Union Jack Image Design Pennants - 3 Metres - 6 Metres,ACTIVE,hide,king-charles-iii-coronation-bunting;king-charles-iii-coronation,spently_products;best-selling-products;newest-products
King Charles III coronation / Platinum Jubilee,gid://shopify/Product/8079298003195,king-charles-coronation-bunting-union-jack-image-design-pennants-3-metres-6-metres,King Charles Coronation Bunting - Union Jack Official Logo Design Pennants - 3 Metres - 6 Metres,ACTIVE,hide,king-charles-iii-coronation-bunting;king-charles-iii-coronation,spently_products;best-selling-products;newest-products
King Charles III coronation / Platinum Jubilee,gid://shopify/Product/8068776558843,copy-of-king-charles-coronation-bunting-rainbow-lgbt-design-mixed-pennants-3-metres,King Charles Coronation Bunting - Union Jack Official Logo Pennants - 3 Metres - 6 Metres,ACTIVE,hide,king-charles-iii-coronation-bunting;king-charles-iii-coronation,spently_products;best-selling-products;newest-products
King Charles III coronation / Platinum Jubilee,gid://shopify/Product/8079295512827,king-charles-coronation-bunting-union-jack-official-logo-pennants-3-metres,King Charles Coronation Bunting - Union Jack Official Logo Pennants - 3 Metres - 6 Metres,ACTIVE,hide,king-charles-iii-coronation-bunting;king-charles-iii-coronation,spently_products;best-selling-products;newest-products
King Charles III coronation / Platinum Jubilee,gid://shopify/Product/8079298232571,copy-of-king-charles-coronation-bunting-union-jack-official-logo-design-pennants-3-metres-6-metres,King Charles Coronation Bunting - White Official Logo Design Pennants - 3 Metres - 6 Metres,ACTIVE,hide,king-charles-iii-coronation-bunting;king-charles-iii-coronation,spently_products;best-selling-products;newest-products
King Charles III coronation / Platinum Jubilee,gid://shopify/Product/8068633985275,king-charles-coronation-official-black-logo-mug-coronation-celebration-tee-mug-coffee-mug,King Charles Coronation Official Black Logo Mug,ACTIVE,hide,king-charles-coronation-mug;king-charles-iii-coronation,mugs;all-mugs;spently_products;best-selling-products;newest-products
King Charles III coronation / Platinum Jubilee,gid://shopify/Product/8068633723131,king-charles-coronation-official-black-red-and-blue-logo-mug-coronation-celebration-tee-mug-coffee-mug,King Charles Coronation Official Black Red And Blue Logo Mug,ACTIVE,hide,king-charles-coronation-mug;king-charles-iii-coronation,mugs;all-mugs;spently_products;best-selling-products;newest-products
King Charles III coronation / Platinum Jubilee,gid://shopify/Product/8068635918587,king-charles-coronation-official-blue-and-red-logo-mug-coronation-celebration-tee-mug-coffee-mug,King Charles Coronation Official Blue And Red Logo Mug,ACTIVE,hide,king-charles-coronation-mug;king-charles-iii-coronation,mugs;all-mugs;spently_products;best-selling-products;newest-products
King Charles III coronation / Platinum Jubilee,gid://shopify/Product/8068635459835,king-charles-coronation-official-blue-logo-mug-coronation-celebration-tee-mug-coffee-mug,King Charles Coronation Official Blue Logo Mug,ACTIVE,hide,king-charles-coronation-mug;king-charles-iii-coronation,mugs;all-mugs;spently_products;best-selling-products;newest-products
King Charles III coronation / Platinum Jubilee,gid://shopify/Product/8068635787515,king-charles-coronation-official-pink-logo-mug-coronation-celebration-tee-mug-coffee-mug,King Charles Coronation Official Pink Logo Mug,ACTIVE,hide,king-charles-coronation-mug;king-charles-iii-coronation,mugs;all-mugs;spently_products;best-selling-products;newest-products
King Charles III coronation / Platinum Jubilee,gid://shopify/Product/8068633788667,king-charles-coronation-official-rainbow-lgbt-logo-mug-coronation-celebration-tee-mug-coffee-mug,King Charles Coronation Official Rainbow/LGBT Logo Mug,ACTIVE,hide,king-charles-coronation-mug;king-charles-iii-coronation,mugs;all-mugs;spently_products;best-selling-products;newest-products
King Charles III coronation / Platinum Jubilee,gid://shopify/Product/8069762941179,copy-of-king-charles-coronation-official-welsh-black-red-and-blue-logo-mug,King Charles Coronation Official WELSH Black Red And Blue Logo Mug,ACTIVE,hide,king-charles-coronation-mug;king-charles-iii-coronation,mugs;all-mugs;spently_products;best-selling-products;newest-products
King Charles III coronation / Platinum Jubilee,gid://shopify/Product/8069763629307,king-charles-coronation-official-welsh-black-logo-mug,King Charles Coronation Official WELSH Black White Logo Mug,ACTIVE,hide,king-charles-coronation-mug;king-charles-iii-coronation,mugs;all-mugs;spently_products;best-selling-products;newest-products
King Charles III coronation / Platinum Jubilee,gid://shopify/Product/8069764612347,king-charles-coronation-official-welsh-blue-and-red-logo-mug,King Charles Coronation Official WELSH Blue And Red Logo Mug,ACTIVE,hide,king-charles-coronation-mug;king-charles-iii-coronation,mugs;all-mugs;spently_products;best-selling-products;newest-products
King Charles III coronation / Platinum Jubilee,gid://shopify/Product/8069764055291,king-charles-coronation-official-welsh-blue-logo-mug,King Charles Coronation Official WELSH Blue Logo Mug,ACTIVE,hide,king-charles-coronation-mug;king-charles-iii-coronation,mugs;all-mugs;spently_products;best-selling-products;newest-products
King Charles III coronation / Platinum Jubilee,gid://shopify/Product/8069764284667,king-charles-coronation-official-welsh-pink-logo-mug,King Charles Coronation Official WELSH Pink Logo Mug,ACTIVE,hide,king-charles-coronation-mug;king-charles-iii-coronation,mugs;all-mugs;spently_products;best-selling-products;newest-products
King Charles III coronation / Platinum Jubilee,gid://shopify/Product/8069763432699,king-charles-coronation-official-welsh-rainbow-lgbt-logo-mug,King Charles Coronation Official WELSH Rainbow/LGBT Logo Mug,ACTIVE,hide,king-charles-coronation-mug;king-charles-iii-coronation,mugs;all-mugs;spently_products;best-selling-products;newest-products
King Charles III coronation / Platinum Jubilee,gid://shopify/Product/8084237091067,king-charles-iii-black-and-red-coronation-official-logo-clutch-pin-badge-coronation-gift-king-charles-pin-badge-metal-clasp-badge-school-badge,King Charles III Black And Red coronation official logo clutch pin badge - coronation gift - king charles pin badge - metal clasp badge - school badge,ACTIVE,hide,king-charles-coronation-pins;king-charles-iii-coronation,spently_products;best-selling-products;newest-products
King Charles III coronation / Platinum Jubilee,gid://shopify/Product/8070452379899,king-charles-iii-blue-and-red-coronation-official-logo-clutch-pin-badge-coronation-gift-king-charles-pin-badge-metal-clasp-badge-school-badge,King Charles III Blue And Red coronation official logo clutch pin badge - coronation gift - king charles pin badge - metal clasp badge - school badge,ACTIVE,hide,king-charles-coronation-pins;king-charles-iii-coronation,spently_products;best-selling-products;newest-products
King Charles III coronation / Platinum Jubilee,gid://shopify/Product/8071197196539,king-charles-iii-coronation-black-official-logo-adult-tee-t-shirt-unisex-kids-t-shirt-for-coronation,King Charles III Coronation Black Official Logo Adult Tee T Shirt Unisex Kids - T Shirt For Coronation,ACTIVE,hide,king-charles-iii-coronation-kids-t-shirts,spently_products;best-selling-products;newest-products
King Charles III coronation / Platinum Jubilee,gid://shopify/Product/8071197819131,king-charles-iii-coronation-black-red-blue-official-logo-adult-tee-t-shirt-unisex-kids-t-shirt-for-coronation,King Charles III Coronation Black Red Blue Official Logo Adult Tee T Shirt Unisex Kids - T Shirt For Coronation,ACTIVE,hide,king-charles-iii-coronation-kids-t-shirts,spently_products;best-selling-products;newest-products
King Charles III coronation / Platinum Jubilee,gid://shopify/Product/8071198114043,king-charles-iii-coronation-blue-official-logo-adult-tee-t-shirt-unisex-kids-t-shirt-for-coronation,King Charles III Coronation Blue Official Logo Adult Tee T Shirt Unisex Kids - T Shirt For Coronation,ACTIVE,hide,king-charles-iii-coronation-kids-t-shirts,spently_products;best-selling-products;newest-products
King Charles III coronation / Platinum Jubilee,gid://shopify/Product/8069745082619,king-charles-iii-coronation-official-black-blue-red-logo-standard-25mm-metal-pin-badge,King Charles III Coronation Official BLACK BLUE RED Logo Standard 25mm Metal Pin Badge,ACTIVE,hide,king-charles-coronation-pins;king-charles-iii-coronation,spently_products;best-selling-products;newest-products
King Charles III coronation / Platinum Jubilee,gid://shopify/Product/8069741609211,king-charles-iii-coronation-official-black-white-logo-standard-metal-pin-badge,King Charles III Coronation Official BLACK WHITE Logo Standard 25mm Metal Pin Badge,ACTIVE,hide,king-charles-coronation-pins;king-charles-iii-coronation,spently_products;best-selling-products;newest-products
King Charles III coronation / Platinum Jubilee,gid://shopify/Product/8069742297339,king-charles-iii-coronation-official-blue-logo-standard-metal-pin-badge,King Charles III Coronation Official BLUE Logo Standard 25mm Metal Pin Badge,ACTIVE,hide,king-charles-coronation-pins;king-charles-iii-coronation,spently_products;best-selling-products;newest-products
King Charles III coronation / Platinum Jubilee,gid://shopify/Product/8069744525563,king-charles-iii-coronation-official-blue-red-logo-standard-25mm-metal-pin-badge,King Charles III Coronation Official BLUE RED Logo Standard 25mm Metal Pin Badge,ACTIVE,hide,king-charles-coronation-pins;king-charles-iii-coronation,spently_products;best-selling-products;newest-products
King Charles III coronation / Platinum Jubilee,gid://shopify/Product/8069743968507,king-charles-iii-coronation-official-lgbt-gay-logo-standard-25mm-metal-pin-badge,King Charles III Coronation Official LGBT GAY Logo Standard 25mm Metal Pin Badge,ACTIVE,hide,king-charles-coronation-pins;king-charles-iii-coronation,spently_products;best-selling-products;newest-products
King Charles III coronation / Platinum Jubilee,gid://shopify/Product/8070551240955,king-charles-iii-coronation-official-logo-black-tote-bag-coronation-bag-blue-red-pink-black-rainbow-logo-coronation-handbag-grab-bag,"King Charles III Coronation Official Logo Black Tote Bag - coronation bag-blue, red, pink, black, rainbow logo-coronation handbag, grab bag",ACTIVE,hide,king-charles-iii-coronation-bags,spently_products;best-selling-products;newest-products
King Charles III coronation / Platinum Jubilee,gid://shopify/Product/8070551634171,king-charles-iii-coronation-official-logo-tan-tote-bag-coronation-bag-blue-red-pink-black-rainbow-logo-coronation-handbag-grab-bag,"King Charles III Coronation Official Logo Tan Tote Bag - coronation bag-blue, red, pink, black, rainbow logo-coronation handbag, grab bag",ACTIVE,hide,king-charles-iii-coronation-bags,spently_products;best-selling-products;newest-products
King Charles III coronation / Platinum Jubilee,gid://shopify/Product/8069740364027,king-charles-iii-coronation-official-pink-logo-standard-metal-pin-badge,King Charles III Coronation Official PINK Logo Standard Metal Pin Badge,ACTIVE,hide,king-charles-coronation-pins;king-charles-iii-coronation,spently_products;best-selling-products;newest-products
King Charles III coronation / Platinum Jubilee,gid://shopify/Product/8071199424763,king-charles-iii-coronation-original-official-logo-adult-tee-t-shirt-unisex-kids-t-shirt-for-coronation,King Charles III Coronation Original Official Logo Adult Tee T Shirt Unisex Kids - T Shirt For Coronation,ACTIVE,hide,king-charles-iii-coronation-kids-t-shirts,spently_products;best-selling-products;newest-products
King Charles III coronation / Platinum Jubilee,gid://shopify/Product/8071199850747,king-charles-iii-coronation-pink-official-logo-adult-tee-t-shirt-unisex-kids-t-shirt-for-coronation,King Charles III Coronation Pink Official Logo Adult Tee T Shirt Unisex Kids - T Shirt For Coronation,ACTIVE,hide,king-charles-iii-coronation-kids-t-shirts,spently_products;best-selling-products;newest-products
King Charles III coronation / Platinum Jubilee,gid://shopify/Product/8071200276731,king-charles-iii-coronation-plain-black-official-logo-adult-tee-t-shirt-unisex-kids-t-shirt-for-coronation,King Charles III Coronation Plain Black Official Logo Adult Tee T Shirt Unisex Kids - T Shirt For Coronation,ACTIVE,hide,king-charles-iii-coronation-kids-t-shirts,spently_products;best-selling-products;newest-products
King Charles III coronation / Platinum Jubilee,gid://shopify/Product/8071200669947,king-charles-iii-coronation-plain-blue-official-logo-adult-tee-t-shirt-unisex-kids-t-shirt-for-coronation,King Charles III Coronation Plain Blue Official Logo Adult Tee T Shirt Unisex Kids - T Shirt For Coronation,ACTIVE,hide,king-charles-iii-coronation-kids-t-shirts,spently_products;best-selling-products;newest-products
King Charles III coronation / Platinum Jubilee,gid://shopify/Product/8071201259771,king-charles-iii-coronation-plain-original-official-logo-adult-tee-t-shirt-unisex-kids-t-shirt-for-coronation,King Charles III Coronation Plain Original Official Logo Adult Tee T Shirt Unisex Kids - T Shirt For Coronation,ACTIVE,hide,king-charles-iii-coronation-kids-t-shirts,spently_products;best-selling-products;newest-products
King Charles III coronation / Platinum Jubilee,gid://shopify/Product/8071200899323,king-charles-iii-coronation-plain-pink-official-logo-adult-tee-t-shirt-unisex-kids-t-shirt-for-coronation,King Charles III Coronation Plain Pink Official Logo Adult Tee T Shirt Unisex Kids - T Shirt For Coronation,ACTIVE,hide,king-charles-iii-coronation-kids-t-shirts,spently_products;best-selling-products;newest-products
King Charles III coronation / Platinum Jubilee,gid://shopify/Product/8070579028219,king-charles-iii-coronation-teddy-bear-with-official-logo-top-stuffed-bear-for-coronation-soft-toy-kids-toy-king-charles-coronation,King Charles III Coronation Teddy Bear With Official Logo Top - stuffed bear for coronation - soft toy - kids toy king Charles coronation,ACTIVE,hide,king-charles-iii-coronation-bear,spently_products;best-selling-products;newest-products
King Charles III coronation / Platinum Jubilee,gid://shopify/Product/8071202734331,copy-of-king-charles-iii-coronation-welsh-black-official-logo-adult-tee-t-shirt-unisex-kids-t-shirt-for-coronation,King Charles III Coronation Welsh Black Official Logo Adult Tee T Shirt Unisex Kids - T Shirt For Coronation,ACTIVE,hide,king-charles-iii-coronation-kids-t-shirts,spently_products;best-selling-products;newest-products
King Charles III coronation / Platinum Jubilee,gid://shopify/Product/8071201915131,king-charles-iii-coronation-welsh-black-red-and-blue-official-logo-adult-tee-t-shirt-unisex-kids-t-shirt-for-coronation,King Charles III Coronation Welsh Black Red And Blue Official Logo Adult Tee T Shirt Unisex Kids - T Shirt For Coronation,ACTIVE,hide,king-charles-iii-coronation-kids-t-shirts,spently_products;best-selling-products;newest-products
King Charles III coronation / Platinum Jubilee,gid://shopify/Product/8071203258619,king-charles-iii-coronation-welsh-blue-official-logo-adult-tee-t-shirt-unisex-kids-t-shirt-for-coronation,King Charles III Coronation Welsh Blue Official Logo Adult Tee T Shirt Unisex Kids - T Shirt For Coronation,ACTIVE,hide,king-charles-iii-coronation-kids-t-shirts,spently_products;best-selling-products;newest-products
King Charles III coronation / Platinum Jubilee,gid://shopify/Product/8071204864251,king-charles-iii-coronation-welsh-original-official-logo-adult-tee-t-shirt-unisex-kids-t-shirt-for-coronation,King Charles III Coronation Welsh Original Official Logo Adult Tee T Shirt Unisex Kids - T Shirt For Coronation,ACTIVE,hide,king-charles-iii-coronation-kids-t-shirts,spently_products;best-selling-products;newest-products
King Charles III coronation / Platinum Jubilee,gid://shopify/Product/8071205224699,king-charles-iii-coronation-welsh-pink-official-logo-adult-tee-t-shirt-unisex-kids-t-shirt-for-coronation,King Charles III Coronation Welsh Pink Official Logo Adult Tee T Shirt Unisex Kids - T Shirt For Coronation,ACTIVE,hide,king-charles-iii-coronation-kids-t-shirts,spently_products;best-selling-products;newest-products
King Charles III coronation / Platinum Jubilee,gid://shopify/Product/8071203651835,king-charles-iii-coronation-welsh-rainbow-lgbt-official-logo-adult-tee-t-shirt-unisex-kids-t-shirt-for-coronation,King Charles III Coronation Welsh Rainbow/LGBT Official Logo Adult Tee T Shirt Unisex Kids - T Shirt For Coronation,ACTIVE,hide,king-charles-iii-coronation-kids-t-shirts,spently_products;best-selling-products;newest-products
King Charles III coronation / Platinum Jubilee,gid://shopify/Product/8071199031547,king-charles-iii-coronation-rainbow-lgbt-official-logo-adult-tee-t-shirt-unisex-kids-t-shirt-for-coronation,King Charles III Coronation rainbow/LGBT Official Logo Adult Tee T Shirt Unisex Kids - T Shirt For Coronation,ACTIVE,hide,king-charles-iii-coronation-kids-t-shirts,spently_products;best-selling-products;newest-products
King Charles III coronation / Platinum Jubilee,gid://shopify/Product/8069635866875,copy-of-king-charles-iii-coronation-official-logo-print-silver-metal-water-bottle-personalised-insulated-bottle-500ml-bowling-stainless-steel-bottle,King Charles III Coronation-Style Logo Design Silver Metal Water Bottle Personalised-insulated bottle-500ml bowling stainless steel bottle,ACTIVE,hide,king-charles-iii-coronation-metal-bottle,spently_products;best-selling-products;newest-products
King Charles III coronation / Platinum Jubilee,gid://shopify/Product/8069635604731,king-charles-iii-coronation-official-logo-print-white-metal-water-bottle-personalised-insulated-bottle-500ml-bowling-stainless-steel-bottle,King Charles III Coronation-Style Logo Design White Metal Water Bottle Personalised-insulated bottle-500ml bowling stainless steel bottle,ACTIVE,hide,king-charles-iii-coronation-metal-bottle,spently_products;best-selling-products;newest-products
King Charles III coronation / Platinum Jubilee,gid://shopify/Product/8070454247675,copy-of-king-charles-iii-blue-and-red-coronation-official-logo-clutch-pin-badge-coronation-gift-king-charles-pin-badge-metal-clasp-badge-school-badge,King Charles III Pink coronation official logo clutch pin badge - coronation gift - king charles pin badge - metal clasp badge - school badge,ACTIVE,hide,king-charles-coronation-pins;king-charles-iii-coronation,spently_products;best-selling-products;newest-products
King Charles III coronation / Platinum Jubilee,gid://shopify/Product/8069741674747,king-charles-iii-coronation-pink-ladies-union-jack-snood-king-charles-face-warmers-royal-family-snood-coronation-snood,King Charles III coronation Pink Ladies Union Jack snood - king charles face warmers - royal family snood  - coronation snood,ACTIVE,hide,king-charles-iii-coronation-snoods,spently_products;best-selling-products;newest-products
King Charles III coronation / Platinum Jubilee,gid://shopify/Product/8069744263419,king-charles-iii-coronation-pride-union-jack-snood-king-charles-face-warmers-royal-family-snood-coronation-snood,King Charles III coronation Pride Union Jack snood - king charles face warmers - royal family snood  - coronation snood,ACTIVE,hide,king-charles-iii-coronation-snoods,spently_products;best-selling-products;newest-products
King Charles III coronation / Platinum Jubilee,gid://shopify/Product/8069745344763,king-charles-iii-coronation-rainbow-lgbt-union-jack-snood-king-charles-face-warmers-royal-family-snood-coronation-snood,King Charles III coronation Rainbow/LGBT Union Jack snood - king charles face warmers - royal family snood  - coronation snood,ACTIVE,hide,king-charles-iii-coronation-snoods,spently_products;best-selling-products;newest-products
King Charles III coronation / Platinum Jubilee,gid://shopify/Product/8069741183227,king-charles-iii-coronation-union-jack-snood-blue-pink-rainbow-snoods-king-charles-face-warmers-royal-family-snood-coronation-snood,King Charles III coronation Union Jack snood - king charles face warmers - royal family snood  - coronation snood,ACTIVE,hide,king-charles-iii-coronation-snoods,spently_products;best-selling-products;newest-products
King Charles III coronation / Platinum Jubilee,gid://shopify/Product/8068640440571,king-charles-iii-coronation-official-logo-standard-metal-pin-badge,King Charles III coronation official logo clutch pin badge - coronation gift - king charles pin badge - metal clasp badge - school badge,ACTIVE,hide,king-charles-coronation-pins;king-charles-iii-coronation,spently_products;best-selling-products;newest-products
King Charles III coronation / Platinum Jubilee,gid://shopify/Product/8068642799867,king-charles-iii-coronation-official-logo-standard-metal-pin-badge-1,King Charles III coronation official logo standard metal pin badge,ACTIVE,hide,king-charles-coronation-pins;king-charles-iii-coronation,spently_products;best-selling-products;newest-products
King Charles III coronation / Platinum Jubilee,gid://shopify/Product/8066316370171,kings-coronation-black-full-zip-fleece-fleece-with-kings-coronation-logo,Kings Coronation Black Full Zip Fleece - Fleece With Kings Coronation Logo,ACTIVE,hide,king-charles-iii-coronation-clothing;king-charles-iii-coeronation-clothing,spently_products;best-selling-products;newest-products
King Charles III coronation / Platinum Jubilee,gid://shopify/Product/8066331377915,kings-coronation-black-full-zip-gillet-fleece-gillet-with-kings-coronation-logo,Kings Coronation Black Full Zip Gillet Fleece-Gillet With Kings Coronation Logo,ACTIVE,hide,king-charles-iii-coronation-clothing;king-charles-iii-coeronation-clothing,spently_products;best-selling-products;newest-products
King Charles III coronation / Platinum Jubilee,gid://shopify/Product/8066320859387,kings-coronation-black-hoodie-sweatshirt-with-kings-coronation-logo,Kings Coronation Black Hoodie - Sweatshirt With Kings Coronation Logo,ACTIVE,hide,king-charles-iii-coronation-clothing;king-charles-iii-coeronation-clothing,spently_products;best-selling-products;newest-products
King Charles III coronation / Platinum Jubilee,gid://shopify/Product/8065801584891,kings-coronation-black-polo-shirt-polo-with-kings-coronation-logo,Kings Coronation Black Polo Shirt - Polo With Kings Coronation Logo,ACTIVE,hide,king-charles-iii-coronation-clothing;king-charles-iii-coeronation-clothing,spently_products;best-selling-products;newest-products
King Charles III coronation / Platinum Jubilee,gid://shopify/Product/8066325709051,kings-coronation-black-quarter-zip-fleece-fleece-with-kings-coronation-logo,Kings Coronation Black Quarter Zip Fleece - Fleece With Kings Coronation Logo,ACTIVE,hide,king-charles-iii-coronation-clothing;king-charles-iii-coeronation-clothing,spently_products;best-selling-products;newest-products
King Charles III coronation / Platinum Jubilee,gid://shopify/Product/8066310177019,kings-coronation-black-sweatshirt-sweatshirt-with-kings-coronation-logo,Kings Coronation Black Sweatshirt - Sweatshirt With Kings Coronation Logo,ACTIVE,hide,king-charles-iii-coronation-clothing;king-charles-iii-coeronation-clothing,spently_products;best-selling-products;newest-products
King Charles III coronation / Platinum Jubilee,gid://shopify/Product/8066311454971,kings-coronation-black-tee-t-shirt-with-kings-coronation-logo,Kings Coronation Black Tee - T-Shirt With Kings Coronation Logo,ACTIVE,hide,king-charles-iii-coronation-clothing;king-charles-iii-coeronation-clothing,spently_products;best-selling-products;newest-products
King Charles III coronation / Platinum Jubilee,gid://shopify/Product/8066314109179,kings-coronation-grey-full-zip-fleece-fleece-with-kings-coronation-logo,Kings Coronation Grey Full Zip Fleece - Fleece With Kings Coronation Logo,ACTIVE,hide,king-charles-iii-coronation-clothing;king-charles-iii-coeronation-clothing,spently_products;best-selling-products;newest-products
King Charles III coronation / Platinum Jubilee,gid://shopify/Product/8066323874043,kings-coronation-grey-hoodie-sweatshirt-with-kings-coronation-logo,Kings Coronation Grey Hoodie - Sweatshirt With Kings Coronation Logo,ACTIVE,hide,king-charles-iii-coronation-clothing;king-charles-iii-coeronation-clothing,spently_products;best-selling-products;newest-products
King Charles III coronation / Platinum Jubilee,gid://shopify/Product/8066314993915,kings-coronation-navy-full-zip-fleece-fleece-with-kings-coronation-logo,Kings Coronation Navy Full Zip Fleece - Fleece With Kings Coronation Logo,ACTIVE,hide,king-charles-iii-coronation-clothing;king-charles-iii-coeronation-clothing,spently_products;best-selling-products;newest-products
King Charles III coronation / Platinum Jubilee,gid://shopify/Product/8066328232187,kings-coronation-navy-quarter-zip-fleece-fleece-with-kings-coronation-logo,Kings Coronation Navy Quarter Zip Fleece - Fleece With Kings Coronation Logo,ACTIVE,hide,king-charles-iii-coronation-clothing;king-charles-iii-coeronation-clothing,spently_products;best-selling-products;newest-products
King Charles III coronation / Platinum Jubilee,gid://shopify/Product/8066312863995,kings-coronation-navy-tee-t-shirt-with-kings-coronation-logo,Kings Coronation Navy Tee - T-Shirt With Kings Coronation Logo,ACTIVE,hide,king-charles-iii-coronation-clothing;king-charles-iii-coeronation-clothing,spently_products;best-selling-products;newest-products
King Charles III coronation / Platinum Jubilee,gid://shopify/Product/8065799487739,kings-coronation-pink-polo-shirt-polo-with-kings-coronation-logo,Kings Coronation Pink Polo Shirt - Polo With Kings Coronation Logo,ACTIVE,hide,king-charles-iii-coronation-clothing;king-charles-iii-coeronation-clothing,spently_products;best-selling-products;newest-products
King Charles III coronation / Platinum Jubilee,gid://shopify/Product/8065798897915,kings-coronation-white-polo-shirt-polo-with-kings-coronation-logo,Kings Coronation White Polo Shirt - Polo With Kings Coronation Logo,ACTIVE,hide,king-charles-iii-coronation-clothing;king-charles-iii-coeronation-clothing,spently_products;best-selling-products;newest-products
King Charles III coronation / Platinum Jubilee,gid://shopify/Product/8066290516219,copy-of-kings-coronation-black-polo-shirt-polo-with-kings-coronation-logo,Kings Coronation White Sweatshirt - Sweatshirt With Kings Coronation Logo,ACTIVE,hide,king-charles-iii-coronation-clothing;king-charles-iii-coeronation-clothing,spently_products;best-selling-products;newest-products
King Charles III coronation / Platinum Jubilee,gid://shopify/Product/8066311979259,kings-coronation-white-tee-t-shirt-with-kings-coronation-logo,Kings Coronation White Tee - T-Shirt With Kings Coronation Logo,ACTIVE,hide,king-charles-iii-coronation-clothing;king-charles-iii-coeronation-clothing,spently_products;best-selling-products;newest-products
King Charles III coronation / Platinum Jubilee,gid://shopify/Product/8065807581435,kings-coronation-womens-white-polo-shirt-polo-with-kings-coronation-logo,Kings Coronation Women's Black Polo Shirt - Polo With Kings Coronation Logo,ACTIVE,hide,king-charles-iii-coronation-clothing;king-charles-iii-coeronation-clothing,spently_products;best-selling-products;newest-products
King Charles III coronation / Platinum Jubilee,gid://shopify/Product/8065811874043,copy-of-kings-coronation-womens-black-polo-shirt-polo-with-kings-coronation-logo,Kings Coronation Women's Pink Polo Shirt - Polo With Kings Coronation Logo,ACTIVE,hide,king-charles-iii-coronation-clothing;king-charles-iii-coeronation-clothing,spently_products;best-selling-products;newest-products
King Charles III coronation / Platinum Jubilee,gid://shopify/Product/8065819607291,kings-coronation-womens-white-polo-shirt-polo-with-kings-coronation-logo-1,Kings Coronation Women's White Polo Shirt - Polo With Kings Coronation Logo,ACTIVE,hide,king-charles-iii-coronation-clothing;king-charles-iii-coeronation-clothing,spently_products;best-selling-products;newest-products
King Charles III coronation / Platinum Jubilee,gid://shopify/Product/7645290135803,mini-stars-plus-queens-platinum-jubilee-2022-trophy-10cm-3-7-8,"MINI STARS PLUS QUEEN'S PLATINUM JUBILEE 2022 TROPHY 10CM (3 7/8"")",ACTIVE,hide,platinum-jubilee-2020,spently_products;best-selling-products;newest-products
King Charles III coronation / Platinum Jubilee,gid://shopify/Product/8062789452027,meghan-markle-coronation-2023-celebrity-royal-party-facemask,Meghan Markle Coronation 2023 Celebrity Royal Party Facemask,ACTIVE,hide,king-charles-iii-coronation,spently_products;best-selling-products;newest-products;facebook
King Charles III coronation / Platinum Jubilee,gid://shopify/Product/8073572286715,personalised-blue-coronation-medal-54mm-silver,PERSONALISED BLUE CORONATION MEDAL 54MM SILVER,ACTIVE,hide,platinum-jubilee-2020;king-charles-iii-coronation-medals,spently_products;best-selling-products;newest-products
King Charles III coronation / Platinum Jubilee,gid://shopify/Product/8073568256251,personalised-contour-classic-coronation-medal-50mm,PERSONALISED BLUE CORONATION SCHOOL MEDAL 54MM BLACK,ACTIVE,hide,platinum-jubilee-2020;king-charles-iii-coronation-medals,spently_products;best-selling-products;newest-products
King Charles III coronation / Platinum Jubilee,gid://shopify/Product/8073570713851,personalised-blue-coronation-medal-54mm-black,PERSONALISED BLUE CORONATION SCHOOL MEDAL 54MM BLACK,ACTIVE,hide,platinum-jubilee-2020;king-charles-iii-coronation-medals,spently_products;best-selling-products;newest-products
King Charles III coronation / Platinum Jubilee,gid://shopify/Product/8073571041531,personalised-blue-coronation-school-medal-54mm-gold,PERSONALISED BLUE CORONATION SCHOOL MEDAL 54MM GOLD,ACTIVE,hide,platinum-jubilee-2020;king-charles-iii-coronation-medals,spently_products;best-selling-products;newest-products
King Charles III coronation / Platinum Jubilee,gid://shopify/Product/8073571369211,personalised-blue-coronation-school-medal-54mm-grey,PERSONALISED BLUE CORONATION SCHOOL MEDAL 54MM GREY,ACTIVE,hide,platinum-jubilee-2020;king-charles-iii-coronation-medals,spently_products;best-selling-products;newest-products
King Charles III coronation / Platinum Jubilee,gid://shopify/Product/8073571565819,personalised-blue-coronation-school-medal-54mm-multicolour,PERSONALISED BLUE CORONATION SCHOOL MEDAL 54MM MULTICOLOUR,ACTIVE,hide,platinum-jubilee-2020;king-charles-iii-coronation-medals,spently_products;best-selling-products;newest-products
King Charles III coronation / Platinum Jubilee,gid://shopify/Product/8073571860731,personalised-blue-coronation-medal-54mm-red,PERSONALISED BLUE CORONATION SCHOOL MEDAL 54MM RED,ACTIVE,hide,platinum-jubilee-2020;king-charles-iii-coronation-medals,spently_products;best-selling-products;newest-products
King Charles III coronation / Platinum Jubilee,gid://shopify/Product/8073573007611,personalised-classic-coronation-medal-54mm-bronze,PERSONALISED CLASSIC CORONATION MEDAL 54MM BRONZE,ACTIVE,hide,platinum-jubilee-2020;king-charles-iii-coronation-medals,spently_products;best-selling-products;newest-products
King Charles III coronation / Platinum Jubilee,gid://shopify/Product/8073573368059,personalised-classic-coronation-medal-54mm-gold,PERSONALISED CLASSIC CORONATION MEDAL 54MM GOLD,ACTIVE,hide,platinum-jubilee-2020;king-charles-iii-coronation-medals,spently_products;best-selling-products;newest-products
King Charles III coronation / Platinum Jubilee,gid://shopify/Product/8073574416635,personalised-classic-coronation-medal-54mm-multicolour,PERSONALISED CLASSIC CORONATION MEDAL 54MM MULTICOLOUR,ACTIVE,hide,platinum-jubilee-2020;king-charles-iii-coronation-medals,spently_products;best-selling-products;newest-products
King Charles III coronation / Platinum Jubilee,gid://shopify/Product/8073572516091,copy-of-personalised-blue-coronation-medal-54mm-silver,PERSONALISED CLASSIC CORONATION SCHOOL MEDAL 54MM BLACK,ACTIVE,hide,platinum-jubilee-2020;king-charles-iii-coronation-medals,spently_products;best-selling-products;newest-products
King Charles III coronation / Platinum Jubilee,gid://shopify/Product/8073574121723,personalised-classic-coronation-medal-54mm-grey,PERSONALISED CLASSIC CORONATION SCHOOL MEDAL 54MM GREY,ACTIVE,hide,platinum-jubilee-2020;king-charles-iii-coronation-medals,spently_products;best-selling-products;newest-products
King Charles III coronation / Platinum Jubilee,gid://shopify/Product/8073574744315,personalised-classic-coronation-medal-54mm-red,PERSONALISED CLASSIC CORONATION SCHOOL MEDAL 54MM SILVER,ACTIVE,hide,platinum-jubilee-2020;king-charles-iii-coronation-medals,spently_products;best-selling-products;newest-products
King Charles III coronation / Platinum Jubilee,gid://shopify/Product/8073567797499,personalised-contour-coronation-logo-medal-50mm,PERSONALISED CONTOUR CORONATION LOGO MEDAL 50MM,ACTIVE,hide,platinum-jubilee-2020;king-charles-iii-coronation-medals,spently_products;best-selling-products;newest-products
King Charles III coronation / Platinum Jubilee,gid://shopify/Product/8073567371515,personalised-contour-official-king-coronation-logo-medal-50mm,PERSONALISED CONTOUR OFFICIAL KING CORONATION LOGO MEDAL 50MM,ACTIVE,hide,platinum-jubilee-2020;king-charles-iii-coronation-medals,spently_products;best-selling-products;newest-products
King Charles III coronation / Platinum Jubilee,gid://shopify/Product/8073563668731,personalised-contour-stylish-coronation-medal-50mm,PERSONALISED CONTOUR STYLISH CORONATION MEDAL 50MM,ACTIVE,hide,platinum-jubilee-2020;king-charles-iii-coronation-medals,spently_products;best-selling-products;newest-products
King Charles III coronation / Platinum Jubilee,gid://shopify/Product/8073578610939,personalised-coronation-logo-medal-54mm-bronze,PERSONALISED CORONATION LOGO MEDAL 54MM BRONZE,ACTIVE,hide,platinum-jubilee-2020;king-charles-iii-coronation-medals,spently_products;best-selling-products;newest-products
King Charles III coronation / Platinum Jubilee,gid://shopify/Product/8073576775931,personalised-coronation-logo-medal-54mm-black,PERSONALISED CORONATION LOGO SCHOOL MEDAL 54MM BLACK,ACTIVE,hide,platinum-jubilee-2020;king-charles-iii-coronation-medals,spently_products;best-selling-products;newest-products
King Charles III coronation / Platinum Jubilee,gid://shopify/Product/8073580314875,personalised-coronation-logo-medal-54mm-gold,PERSONALISED CORONATION LOGO SCHOOL MEDAL 54MM GOLD,ACTIVE,hide,platinum-jubilee-2020;king-charles-iii-coronation-medals,spently_products;best-selling-products;newest-products
King Charles III coronation / Platinum Jubilee,gid://shopify/Product/8073581789435,personalised-coronation-logo-medal-54mm-grey,PERSONALISED CORONATION LOGO SCHOOL MEDAL 54MM RED,ACTIVE,hide,platinum-jubilee-2020;king-charles-iii-coronation-medals,spently_products;best-selling-products;newest-products
King Charles III coronation / Platinum Jubilee,gid://shopify/Product/8073585623291,personalised-coronation-logo-medal-54mm-silver,PERSONALISED CORONATION LOGO SCHOOL MEDAL 54MM SILVER,ACTIVE,hide,platinum-jubilee-2020;king-charles-iii-coronation-medals,spently_products;best-selling-products;newest-products
King Charles III coronation / Platinum Jubilee,gid://shopify/Product/8073628156155,personalised-coronation-union-jack-medal-54mm-silver,PERSONALISED CORONATION UNION JACK MEDAL 54MM SILVER,ACTIVE,hide,platinum-jubilee-2020;king-charles-iii-coronation-medals,spently_products;best-selling-products;newest-products
King Charles III coronation / Platinum Jubilee,gid://shopify/Product/8073591062779,personalised-coronation-union-jack-medal-54mm-black,PERSONALISED CORONATION UNION JACK SCHOOL MEDAL 54MM BLACK,ACTIVE,hide,platinum-jubilee-2020;king-charles-iii-coronation-medals,spently_products;best-selling-products;newest-products
King Charles III coronation / Platinum Jubilee,gid://shopify/Product/8073593094395,personalised-coronation-union-jack-medal-54mm-black-1,PERSONALISED CORONATION UNION JACK SCHOOL MEDAL 54MM BLACK,ACTIVE,hide,platinum-jubilee-2020;king-charles-iii-coronation-medals,spently_products;best-selling-products;newest-products
King Charles III coronation / Platinum Jubilee,gid://shopify/Product/8073594994939,personalised-coronation-union-jack-medal-54mm-gold,PERSONALISED CORONATION UNION JACK SCHOOL MEDAL 54MM GOLD,ACTIVE,hide,platinum-jubilee-2020;king-charles-iii-coronation-medals,spently_products;best-selling-products;newest-products
King Charles III coronation / Platinum Jubilee,gid://shopify/Product/8073589227771,personalised-coronation-union-jack-school-medal-54mm-grey,PERSONALISED CORONATION UNION JACK SCHOOL MEDAL 54MM GREY,ACTIVE,hide,platinum-jubilee-2020;king-charles-iii-coronation-medals,spently_products;best-selling-products;newest-products
King Charles III coronation / Platinum Jubilee,gid://shopify/Product/8073621864699,personalised-coronation-union-jack-medal-54mm-multicolour,PERSONALISED CORONATION UNION JACK SCHOOL MEDAL 54MM MULTICOLOUR,ACTIVE,hide,platinum-jubilee-2020;king-charles-iii-coronation-medals,spently_products;best-selling-products;newest-products
King Charles III coronation / Platinum Jubilee,gid://shopify/Product/8073625338107,personalised-coronation-union-jack-school-medal-54mm-red,PERSONALISED CORONATION UNION JACK SCHOOL MEDAL 54MM RED,ACTIVE,hide,platinum-jubilee-2020;king-charles-iii-coronation-medals,spently_products;best-selling-products;newest-products
King Charles III coronation / Platinum Jubilee,gid://shopify/Product/8073561243899,personalised-gold-coronation-union-jack-school-medal-70mm,PERSONALISED GOLD CORONATION ROYAL BLUE MEDAL 70MM,ACTIVE,hide,platinum-jubilee-2020;king-charles-iii-coronation-medals,spently_products;best-selling-products;newest-products
King Charles III coronation / Platinum Jubilee,gid://shopify/Product/8073560228091,personalised-gold-king-charles-coronation-school-medal-70mm,PERSONALISED GOLD KING CHARLES CORONATION SCHOOL MEDAL 70MM,ACTIVE,hide,platinum-jubilee-2020;king-charles-iii-coronation-medals,spently_products;best-selling-products;newest-products
King Charles III coronation / Platinum Jubilee,gid://shopify/Product/8073558950139,personalised-gold-star-coronation-logo-medal-70mm,PERSONALISED GOLD STAR CORONATION LOGO SCHOOL MEDAL 70MM,ACTIVE,hide,platinum-jubilee-2020;king-charles-iii-coronation-medals,spently_products;best-selling-products;newest-products
King Charles III coronation / Platinum Jubilee,gid://shopify/Product/8073558655227,personalised-gold-star-coronation-school-medal-70mm,PERSONALISED GOLD STAR CORONATION SCHOOL MEDAL 70MM,ACTIVE,hide,platinum-jubilee-2020;king-charles-iii-coronation-medals,spently_products;best-selling-products;newest-products
King Charles III coronation / Platinum Jubilee,gid://shopify/Product/7640846401787,star-gold-queens-platinum-jubilee-medal-50mm-with-red-white-blue-ribbon,PERSONALISED GOLD STAR OFFICIAL KING CORONATION SCHOOL LOGO MEDAL 50MM,ACTIVE,hide,platinum-jubilee-2020;king-charles-iii-coronation-medals,spently_products;best-selling-products;newest-products
King Charles III coronation / Platinum Jubilee,gid://shopify/Product/8073556623611,personalised-gold-star-official-king-coronation-school-logo-medal-70mm,PERSONALISED GOLD STAR OFFICIAL KING CORONATION SCHOOL LOGO MEDAL 70MM,ACTIVE,hide,platinum-jubilee-2020;king-charles-iii-coronation-medals,spently_products;best-selling-products;newest-products
King Charles III coronation / Platinum Jubilee,gid://shopify/Product/8073558163707,personalised-gold-star-stylish-coronation-school-medal-70mm,PERSONALISED GOLD STAR STYLISH CORONATION SCHOOL MEDAL 70MM,ACTIVE,hide,platinum-jubilee-2020;king-charles-iii-coronation-medals,spently_products;best-selling-products;newest-products
King Charles III coronation / Platinum Jubilee,gid://shopify/Product/8073629008123,personalised-king-charles-coronation-medal-54mm-bronze,PERSONALISED KING CHARLES CORONATION MEDAL 54MM bronze,ACTIVE,hide,platinum-jubilee-2020;king-charles-iii-coronation-medals,spently_products;best-selling-products;newest-products
King Charles III coronation / Platinum Jubilee,gid://shopify/Product/8073629171963,personalised-king-charles-coronation-medal-54mm-gold,PERSONALISED KING CHARLES CORONATION MEDAL 54MM multicolour,ACTIVE,hide,platinum-jubilee-2020;king-charles-iii-coronation-medals,spently_products;best-selling-products;newest-products
King Charles III coronation / Platinum Jubilee,gid://shopify/Product/8073629794555,personalised-king-charles-coronation-medal-54mm-red,PERSONALISED KING CHARLES CORONATION MEDAL 54MM red,ACTIVE,hide,platinum-jubilee-2020;king-charles-iii-coronation-medals,spently_products;best-selling-products;newest-products
King Charles III coronation / Platinum Jubilee,gid://shopify/Product/8073630253307,personalised-king-charles-coronation-medal-54mm-silver,PERSONALISED KING CHARLES CORONATION MEDAL 54MM silver,ACTIVE,hide,platinum-jubilee-2020;king-charles-iii-coronation-medals,spently_products;best-selling-products;newest-products
King Charles III coronation / Platinum Jubilee,gid://shopify/Product/8073628647675,personalised-king-charles-coronation-medal-54mm-black,PERSONALISED KING CHARLES CORONATION SCHOOL MEDAL 54MM black,ACTIVE,hide,platinum-jubilee-2020;king-charles-iii-coronation-medals,spently_products;best-selling-products;newest-products
King Charles III coronation / Platinum Jubilee,gid://shopify/Product/7640841847035,personalised-queens-platinum-jubilee-gold-classic-medal-52mm-2,"PERSONALISED QUEEN'S PLATINUM JUBILEE GOLD CLASSIC MEDAL 52MM (2"")",ACTIVE,hide,platinum-jubilee-2020,spently_products;best-selling-products;newest-products
King Charles III coronation / Platinum Jubilee,gid://shopify/Product/8094958059771,personalised-king-charles-coronation-2023-english-official-plain-blue-metal-nhs-club-name-logo-pin-badge-25mm-1,"PERSONALISED SCHOOL KING CHARLES CORONATION 2023 ENGLISH OFFICIAL PLAIN BLUE METAL NHS CLUB NAME LOGO PIN BADGE 25MM (1"")",ACTIVE,hide,platinum-jubilee-2020;king-charles-coronation-pins;king-charles-iii-coronation,spently_products;best-selling-products;newest-products
King Charles III coronation / Platinum Jubilee,gid://shopify/Product/8073636413691,personalised-stylish-coronation-medal-54mm-gold,PERSONALISED STYLISH CORONATION MEDAL 54MM GOLD,ACTIVE,hide,platinum-jubilee-2020;king-charles-iii-coronation-medals,spently_products;best-selling-products;newest-products
King Charles III coronation / Platinum Jubilee,gid://shopify/Product/8073635791099,personalised-stylish-coronation-medal-54mm-black,PERSONALISED STYLISH CORONATION SCHOOL MEDAL 54MM BRONZE,ACTIVE,hide,platinum-jubilee-2020;king-charles-iii-coronation-medals,spently_products;best-selling-products;newest-products
King Charles III coronation / Platinum Jubilee,gid://shopify/Product/8073636643067,personalised-stylish-coronation-medal-54mm-grey,PERSONALISED STYLISH CORONATION SCHOOL MEDAL 54MM MULTICOLOUR,ACTIVE,hide,platinum-jubilee-2020;king-charles-iii-coronation-medals,spently_products;best-selling-products;newest-products
King Charles III coronation / Platinum Jubilee,gid://shopify/Product/8073636970747,personalised-stylish-coronation-medal-54mm-red,PERSONALISED STYLISH CORONATION SCHOOL MEDAL 54MM RED,ACTIVE,hide,platinum-jubilee-2020;king-charles-iii-coronation-medals,spently_products;best-selling-products;newest-products
King Charles III coronation / Platinum Jubilee,gid://shopify/Product/7645331128571,platinum-jubilee-balloon-gin-glass,PLATINUM JUBILEE BALLOON GIN GLASS,ACTIVE,hide,platinum-jubilee-2020,spently_products;best-selling-products;newest-products
King Charles III coronation / Platinum Jubilee,gid://shopify/Product/7645339418875,platinum-jubilee-champagne-glass,PLATINUM JUBILEE CHAMPAGNE GLASS,ACTIVE,hide,platinum-jubilee-2020,spently_products;best-selling-products;newest-products
King Charles III coronation / Platinum Jubilee,gid://shopify/Product/8073654173947,personalised-star-vf-coronation-logo-medal-50mm,Personalised Star VF Coronation Logo School Medal 50mm,ACTIVE,hide,platinum-jubilee-2020;king-charles-iii-coronation-medals,spently_products;best-selling-products;newest-products
King Charles III coronation / Platinum Jubilee,gid://shopify/Product/8073653682427,personalised-star-vf-coronation-medal-50mm,Personalised Star VF Coronation School Medal 50mm,ACTIVE,hide,platinum-jubilee-2020;king-charles-iii-coronation-medals,spently_products;best-selling-products;newest-products
King Charles III coronation / Platinum Jubilee,gid://shopify/Product/8073652764923,personalised-star-vf-official-king-coronation-logo-medal-50mm,Personalised Star VF Official King Coronation Logo School Medal 50mm,ACTIVE,hide,platinum-jubilee-2020;king-charles-iii-coronation-medals,spently_products;best-selling-products;newest-products
King Charles III coronation / Platinum Jubilee,gid://shopify/Product/8073650503931,personalised-star-vf-stylish-coronation-medal-50mm,Personalised Star VF Stylish Coronation School Medal 50mm,ACTIVE,hide,platinum-jubilee-2020;king-charles-iii-coronation-medals,spently_products;best-selling-products;newest-products
King Charles III coronation / Platinum Jubilee,gid://shopify/Product/7634932695291,purple-platinum-jubilee-hand-waving-flags-street-party-decorative-flags,Platinum Jubilee Purple Hand Waving Flags - Street Party Decorative Flags,ACTIVE,hide,platinum-jubilee-2020,spently_products;best-selling-products;newest-products
King Charles III coronation / Platinum Jubilee,gid://shopify/Product/8062788829435,prince-harry-coronation-2023-celebrity-royal-party-facemask,Prince Harry Coronation 2023 Celebrity Royal Party Facemask,ACTIVE,hide,platinum-jubilee-2020,spently_products;best-selling-products;newest-products;facebook
King Charles III coronation / Platinum Jubilee,gid://shopify/Product/7551112347899,purple-platinum-jubilee-bunting-street-party-decorative-flags,Purple Platinum Jubilee Bunting - Street Party Decorative Flags,ACTIVE,hide,platinum-jubilee-2020,spently_products;best-selling-products;newest-products
King Charles III coronation / Platinum Jubilee,gid://shopify/Product/7645403513083,queens-platinum-jubilee-2022-bottle-opener-keyring,QUEEN'S PLATINUM JUBILEE 2022 BOTTLE OPENER KEYRING,ACTIVE,hide,platinum-jubilee-2020,spently_products;best-selling-products;newest-products
King Charles III coronation / Platinum Jubilee,gid://shopify/Product/7640832934139,queens-platinum-jubilee-2022-button-badges,QUEEN'S PLATINUM JUBILEE 2022 BUTTON BADGES,ACTIVE,hide,platinum-jubilee-2020,spently_products;best-selling-products;newest-products
King Charles III coronation / Platinum Jubilee,gid://shopify/Product/7645397975291,queens-platinum-jubilee-2022-heart-love-keyring,QUEEN'S PLATINUM JUBILEE 2022 HEART LOVE KEYRING,ACTIVE,hide,platinum-jubilee-2020,spently_products;best-selling-products;newest-products
King Charles III coronation / Platinum Jubilee,gid://shopify/Product/7645410361595,queens-platinum-jubilee-2022-keyring,QUEEN'S PLATINUM JUBILEE 2022 KEYRING,ACTIVE,hide,platinum-jubilee-2020,spently_products;best-selling-products;newest-products
King Charles III coronation / Platinum Jubilee,gid://shopify/Product/7645393977595,queens-platinum-jubilee-2022-letter-opener,QUEEN'S PLATINUM JUBILEE 2022 LETTER OPENER,ACTIVE,hide,platinum-jubilee-2020,spently_products;best-selling-products;newest-products
King Charles III coronation / Platinum Jubilee,gid://shopify/Product/7645350527227,queens-platinum-jubilee-2022-silver-hip-flask,QUEEN'S PLATINUM JUBILEE 2022 SILVER HIP FLASK,ACTIVE,hide,platinum-jubilee-2020,spently_products;best-selling-products;newest-products
King Charles III coronation / Platinum Jubilee,gid://shopify/Product/7645344497915,queens-platinum-jubilee-2022-silver-round-hip-flask,QUEEN'S PLATINUM JUBILEE 2022 SILVER ROUND HIP FLASK,ACTIVE,hide,platinum-jubilee-2020,spently_products;best-selling-products;newest-products
King Charles III coronation / Platinum Jubilee,gid://shopify/Product/7645380313339,queens-platinum-jubilee-2022-silver-spoon,QUEEN'S PLATINUM JUBILEE 2022 SILVER SPOON,ACTIVE,hide,platinum-jubilee-2020,spently_products;best-selling-products;newest-products
King Charles III coronation / Platinum Jubilee,gid://shopify/Product/7645388243195,queens-platinum-jubilee-2022-wine-stopper,QUEEN'S PLATINUM JUBILEE 2022 WINE STOPPER,ACTIVE,hide,platinum-jubilee-2020,spently_products;best-selling-products;newest-products
King Charles III coronation / Platinum Jubilee,gid://shopify/Product/7645316055291,queens-platinum-jubilee-crest-self-standing-glass-12-5cm-5,"QUEEN'S PLATINUM JUBILEE CREST SELF STANDING GLASS 12.5CM (5"")",ACTIVE,hide,platinum-jubilee-2020,spently_products;best-selling-products;newest-products
King Charles III coronation / Platinum Jubilee,gid://shopify/Product/7645275816187,product-details-more-information-customer-reviews-delivery-returns-related-categories-platinum-jubilee-2022-queens-platinum-jubilee-gold-purple-carnival-cup-on-a-black-marble-base-14-5cm-5-3-4,"QUEEN'S PLATINUM JUBILEE GOLD & PURPLE CARNIVAL CUP ON A BLACK MARBLE BASE 14.5CM (5 3/4"")",ACTIVE,hide,platinum-jubilee-2020,spently_products;best-selling-products;newest-products
King Charles III coronation / Platinum Jubilee,gid://shopify/Product/7640835260667,queens-platinum-jubilee-gold-classic-medal-52mm-2,"QUEEN'S PLATINUM JUBILEE GOLD CLASSIC MEDAL 52MM (2"")",ACTIVE,hide,platinum-jubilee-2020,spently_products;best-selling-products;newest-products
King Charles III coronation / Platinum Jubilee,gid://shopify/Product/7645286367483,queens-platinum-jubilee-gold-rosette-award-on-a-black-base-19-5cm-7-3-4,"QUEEN'S PLATINUM JUBILEE GOLD ROSETTE AWARD ON A BLACK BASE 19.5CM (7 3/4"")",ACTIVE,hide,platinum-jubilee-2020,spently_products;best-selling-products;newest-products
King Charles III coronation / Platinum Jubilee,gid://shopify/Product/7645274571003,queens-platinum-jubilee-grand-voyager-purple-gold-detailed-trophy-cup-31-5cm-12-1-2,"QUEEN'S PLATINUM JUBILEE GRAND VOYAGER PURPLE & GOLD DETAILED TROPHY CUP 31.5CM (12 1/2"")",ACTIVE,hide,platinum-jubilee-2020,spently_products;best-selling-products;newest-products
King Charles III coronation / Platinum Jubilee,gid://shopify/Product/7645306978555,queens-platinum-jubilee-mounted-diamond-customised-crystal-award-on-a-podium-base,QUEEN'S PLATINUM JUBILEE MOUNTED DIAMOND CUSTOMISED CRYSTAL AWARD ON A PODIUM BASE,ACTIVE,hide,platinum-jubilee-2020,spently_products;best-selling-products;newest-products
King Charles III coronation / Platinum Jubilee,gid://shopify/Product/7640840372475,queens-platinum-jubilee-rainbow-classic-medal-52mm-2,"QUEEN'S PLATINUM JUBILEE RAINBOW CLASSIC MEDAL 52MM (2"")",ACTIVE,hide,platinum-jubilee-2020,spently_products;best-selling-products;newest-products
King Charles III coronation / Platinum Jubilee,gid://shopify/Product/7645281911035,product-details-more-information-customer-reviews-delivery-returns-related-categories-platinum-jubilee-2022-queens-platinum-jubilee-silver-purple-cup-on-a-black-marble-base-14-5cm-5-3-4,"QUEEN'S PLATINUM JUBILEE SILVER & PURPLE CUP ON A BLACK MARBLE BASE 14.5CM (5 3/4"")",ACTIVE,hide,platinum-jubilee-2020,spently_products;best-selling-products;newest-products
King Charles III coronation / Platinum Jubilee,gid://shopify/Product/7551118508283,red-blue-platinum-jubilee-bunting-street-party-decorative-flags,Red & Blue Platinum Jubilee Bunting - Street Party Decorative Flags,ACTIVE,hide,platinum-jubilee-2020,spently_products;best-selling-products;newest-products
King Charles III coronation / Platinum Jubilee,gid://shopify/Product/7551129420027,royal-family-platinum-jubilee-mask-pack-8-masks,Royal Family Platinum Jubilee Mask Pack - 8 Masks,ACTIVE,hide,platinum-jubilee-2020,all-mugs;spently_products;best-selling-products;newest-products
King Charles III coronation / Platinum Jubilee,gid://shopify/Product/7646727569659,royal-platinum-jubilee-bc010-purple-cap,Royal Platinum Jubilee BC010 Purple Cap,ACTIVE,hide,platinum-jubilee-2020,spently_products;best-selling-products;newest-products
King Charles III coronation / Platinum Jubilee,gid://shopify/Product/7646730092795,royal-platinum-jubilee-bike-flags,Royal Platinum Jubilee Bike Flags,ACTIVE,hide,platinum-jubilee-2020,spently_products;best-selling-products;newest-products
King Charles III coronation / Platinum Jubilee,gid://shopify/Product/7646731698427,royal-platinum-jubilee-bottle-keyring,Royal Platinum Jubilee Bottle Keyring,ACTIVE,hide,platinum-jubilee-2020,spently_products;best-selling-products;newest-products
King Charles III coronation / Platinum Jubilee,gid://shopify/Product/7646736646395,royal-platinum-jubilee-bottle-opener,Royal Platinum Jubilee Bottle Opener,ACTIVE,hide,platinum-jubilee-2020,best-selling-products;newest-products
King Charles III coronation / Platinum Jubilee,gid://shopify/Product/7646733566203,royal-platinum-jubilee-circle-keyring,Royal Platinum Jubilee Circle Keyring,ACTIVE,hide,platinum-jubilee-2020,spently_products;best-selling-products;newest-products
King Charles III coronation / Platinum Jubilee,gid://shopify/Product/7646738710779,royal-platinum-jubilee-drinks-coaster,Royal Platinum Jubilee Drinks Coaster,ACTIVE,hide,platinum-jubilee-2020,spently_products;best-selling-products;newest-products;drinks-coaster
King Charles III coronation / Platinum Jubilee,gid://shopify/Product/7646740021499,royal-platinum-jubilee-umbrella,Royal Platinum Jubilee Emblazoned Umbrella,ACTIVE,hide,platinum-jubilee-2020,spently_products;best-selling-products;newest-products
King Charles III coronation / Platinum Jubilee,gid://shopify/Product/7646744150267,royal-platinum-jubilee-enamel-camping-cup,Royal Platinum Jubilee Enamel Camping Cup,ACTIVE,hide,platinum-jubilee-2020,spently_products;best-selling-products;newest-products
King Charles III coronation / Platinum Jubilee,gid://shopify/Product/7646734975227,royal-platinum-jubilee-heart-keyring,Royal Platinum Jubilee Heart Keyring,ACTIVE,hide,platinum-jubilee-2020,spently_products;best-selling-products;newest-products
King Charles III coronation / Platinum Jubilee,gid://shopify/Product/7646747427067,royal-platinum-jubilee-mouse-mat,Royal Platinum Jubilee Mouse Mat,ACTIVE,hide,platinum-jubilee-2020,spently_products;best-selling-products;newest-products
King Charles III coronation / Platinum Jubilee,gid://shopify/Product/7646745624827,royal-platinum-jubilee-mug,Royal Platinum Jubilee Mug,ACTIVE,hide,platinum-jubilee-2020,mugs;all-mugs;spently_products;best-selling-products;newest-products
King Charles III coronation / Platinum Jubilee,gid://shopify/Product/7646735335675,royal-platinum-jubilee-oval-keyring,Royal Platinum Jubilee Oval Keyring,ACTIVE,hide,platinum-jubilee-2020,spently_products;best-selling-products;newest-products
King Charles III coronation / Platinum Jubilee,gid://shopify/Product/7646737268987,royal-platinum-jubilee-purple-bottle-opener,Royal Platinum Jubilee Purple Bottle Opener,ACTIVE,hide,platinum-jubilee-2020,spently_products;best-selling-products;newest-products
King Charles III coronation / Platinum Jubilee,gid://shopify/Product/7646748049659,royal-platinum-jubilee-rx151-white-t-shirt,Royal Platinum Jubilee RX151 White T-shirt,ACTIVE,hide,platinum-jubilee-2020,spently_products;best-selling-products;newest-products;t-shirts;clothing-multi-buy
King Charles III coronation / Platinum Jubilee,gid://shopify/Product/7646735597819,royal-platinum-jubilee-shirt-keyring,Royal Platinum Jubilee Shirt Keyring,ACTIVE,hide,platinum-jubilee-2020,spently_products;best-selling-products;newest-products
King Charles III coronation / Platinum Jubilee,gid://shopify/Product/7646750245115,royal-platinum-jubilee-stainless-steel-flask,Royal Platinum Jubilee Stainless Steel Flask,ACTIVE,hide,platinum-jubilee-2020,spently_products;best-selling-products;newest-products;clothing-multi-buy
King Charles III coronation / Platinum Jubilee,gid://shopify/Product/7646756897019,royal-platinum-jubilee-tea-towel,Royal Platinum Jubilee Tea Towel,ACTIVE,hide,platinum-jubilee-2020,spently_products;best-selling-products;newest-products
King Charles III coronation / Platinum Jubilee,gid://shopify/Product/7646753161467,royal-platinum-jubilee-wallet,Royal Platinum Jubilee Wallet,ACTIVE,hide,platinum-jubilee-2020,spently_products;best-selling-products;newest-products
King Charles III coronation / Platinum Jubilee,gid://shopify/Product/7646754668795,royal-platinum-jubilee-zippo-lighter,Royal Platinum Jubilee Zippo Lighter,ACTIVE,hide,platinum-jubilee-2020,spently_products;best-selling-products;newest-products
King Charles III coronation / Platinum Jubilee,gid://shopify/Product/7640827658491,silver-queens-platinum-jubilee-medals-60mm,SILVER QUEENS PLATINUM JUBILEE MEDALS (60MM),ACTIVE,hide,platinum-jubilee-2020,spently_products;best-selling-products;newest-products
King Charles III coronation / Platinum Jubilee,gid://shopify/Product/7640848630011,star-gold-queens-platinum-jubilee-medal-70mm-with-red-white-blue-ribbon,STAR GOLD QUEEN'S PLATINUM JUBILEE MEDAL 70MM WITH RED/WHITE/BLUE RIBBON,ACTIVE,hide,platinum-jubilee-2020,spently_products;best-selling-products;newest-products
King Charles III coronation / Platinum Jubilee,gid://shopify/Product/7646947901691,the-queens-platinum-jubilee-200x300mm-triangular-outdoor-bunting,The Queen's Platinum Jubilee - 200x300mm Triangular Outdoor Bunting,ACTIVE,hide,platinum-jubilee-2020,spently_products;best-selling-products;newest-products
King Charles III coronation / Platinum Jubilee,gid://shopify/Product/7647975964923,copy-of-the-queens-platinum-jubilee-a4-rectangular-short-term-outdoor-bunting,The Queen's Platinum Jubilee - A4 Rectangular Outdoor Bunting,ACTIVE,hide,platinum-jubilee-2020,spently_products;best-selling-products;newest-products
King Charles III coronation / Platinum Jubilee,gid://shopify/Product/7646970413307,the-queens-platinum-jubilee-a4-rectangular-short-term-outdoor-bunting,The Queen's Platinum Jubilee - A4 Rectangular Short Term Outdoor Bunting,ACTIVE,hide,platinum-jubilee-2020,spently_products;best-selling-products;newest-products
King Charles III coronation / Platinum Jubilee,gid://shopify/Product/7648000934139,the-queens-platinum-jubilee-10-sustainable-natural-rubber-balloons-printed-one-side,"The Queen's Platinum Jubilee 10"" Sustainable Natural Rubber Balloons (Printed One Side)",ACTIVE,hide,platinum-jubilee-2020,spently_products;best-selling-products;newest-products
King Charles III coronation / Platinum Jubilee,gid://shopify/Product/7647983698171,the-queens-platinum-jubilee-18-foil-balloons-printed-one-side,"The Queen's Platinum Jubilee 18"" Foil Balloons (Printed One Side)",ACTIVE,hide,platinum-jubilee-2020,spently_products;best-selling-products;newest-products
King Charles III coronation / Platinum Jubilee,gid://shopify/Product/7647965675771,the-queens-platinum-jubilee-original-doodleflag-includes-4-crayons,The Queen's Platinum Jubilee Original DoodleFlag® (Includes 4 Crayons),ACTIVE,hide,platinum-jubilee-2020,spently_products;best-selling-products;newest-products
King Charles III coronation / Platinum Jubilee,gid://shopify/Product/7668688126203,the-queens-platinum-jubilee-purple-handwaving-flags-x10,The Queen's Platinum Jubilee Purple Handwaving Flags X10,ACTIVE,hide,platinum-jubilee-2020,spently_products;best-selling-products;newest-products
King Charles III coronation / Platinum Jubilee,gid://shopify/Product/7668688290043,the-queens-platinum-jubilee-purple-handwaving-flags-x11,The Queen's Platinum Jubilee Purple Handwaving Flags X11,ACTIVE,hide,platinum-jubilee-2020,spently_products;best-selling-products;newest-products
King Charles III coronation / Platinum Jubilee,gid://shopify/Product/7668688781563,the-queens-platinum-jubilee-purple-handwaving-flags-x12,The Queen's Platinum Jubilee Purple Handwaving Flags X12,ACTIVE,hide,platinum-jubilee-2020,spently_products;best-selling-products;newest-products
King Charles III coronation / Platinum Jubilee,gid://shopify/Product/7668688879867,the-queens-platinum-jubilee-purple-handwaving-flags-x13,The Queen's Platinum Jubilee Purple Handwaving Flags X13,ACTIVE,hide,platinum-jubilee-2020,spently_products;best-selling-products;newest-products
King Charles III coronation / Platinum Jubilee,gid://shopify/Product/7668689043707,the-queens-platinum-jubilee-purple-handwaving-flags-x14,The Queen's Platinum Jubilee Purple Handwaving Flags X14,ACTIVE,hide,platinum-jubilee-2020,spently_products;best-selling-products;newest-products
King Charles III coronation / Platinum Jubilee,gid://shopify/Product/7668689142011,the-queens-platinum-jubilee-purple-handwaving-flags-x15,The Queen's Platinum Jubilee Purple Handwaving Flags X15,ACTIVE,hide,platinum-jubilee-2020,spently_products;best-selling-products;newest-products
King Charles III coronation / Platinum Jubilee,gid://shopify/Product/7668689273083,the-queens-platinum-jubilee-purple-handwaving-flags-x16,The Queen's Platinum Jubilee Purple Handwaving Flags X16,ACTIVE,hide,platinum-jubilee-2020,spently_products;best-selling-products;newest-products
King Charles III coronation / Platinum Jubilee,gid://shopify/Product/7668689338619,the-queens-platinum-jubilee-purple-handwaving-flags-x17,The Queen's Platinum Jubilee Purple Handwaving Flags X17,ACTIVE,hide,platinum-jubilee-2020,spently_products;best-selling-products;newest-products
King Charles III coronation / Platinum Jubilee,gid://shopify/Product/7668689633531,the-queens-platinum-jubilee-purple-handwaving-flags-x18,The Queen's Platinum Jubilee Purple Handwaving Flags X18,ACTIVE,hide,platinum-jubilee-2020,spently_products;best-selling-products;newest-products
King Charles III coronation / Platinum Jubilee,gid://shopify/Product/7668690125051,the-queens-platinum-jubilee-purple-handwaving-flags-x19,The Queen's Platinum Jubilee Purple Handwaving Flags X19,ACTIVE,hide,platinum-jubilee-2020,spently_products;best-selling-products;newest-products
King Charles III coronation / Platinum Jubilee,gid://shopify/Product/7668690583803,the-queens-platinum-jubilee-purple-handwaving-flags-x20,The Queen's Platinum Jubilee Purple Handwaving Flags X20,ACTIVE,hide,platinum-jubilee-2020,spently_products;best-selling-products;newest-products
King Charles III coronation / Platinum Jubilee,gid://shopify/Product/7668693008635,the-queens-platinum-jubilee-purple-handwaving-flags-x21,The Queen's Platinum Jubilee Purple Handwaving Flags X21,ACTIVE,hide,platinum-jubilee-2020,spently_products;best-selling-products;newest-products
King Charles III coronation / Platinum Jubilee,gid://shopify/Product/7668694057211,the-queens-platinum-jubilee-purple-handwaving-flags-x22,The Queen's Platinum Jubilee Purple Handwaving Flags X22,ACTIVE,hide,platinum-jubilee-2020,spently_products;best-selling-products;newest-products
King Charles III coronation / Platinum Jubilee,gid://shopify/Product/7668694712571,the-queens-platinum-jubilee-purple-handwaving-flags-x23,The Queen's Platinum Jubilee Purple Handwaving Flags X23,ACTIVE,hide,platinum-jubilee-2020,spently_products;best-selling-products;newest-products
King Charles III coronation / Platinum Jubilee,gid://shopify/Product/7668695138555,the-queens-platinum-jubilee-purple-handwaving-flags-x24,The Queen's Platinum Jubilee Purple Handwaving Flags X24,ACTIVE,hide,platinum-jubilee-2020,spently_products;best-selling-products;newest-products
King Charles III coronation / Platinum Jubilee,gid://shopify/Product/7668695597307,the-queens-platinum-jubilee-purple-handwaving-flags-x25,The Queen's Platinum Jubilee Purple Handwaving Flags X25,ACTIVE,hide,platinum-jubilee-2020,spently_products;best-selling-products;newest-products
King Charles III coronation / Platinum Jubilee,gid://shopify/Product/7668695990523,the-queens-platinum-jubilee-purple-handwaving-flags-x26,The Queen's Platinum Jubilee Purple Handwaving Flags X26,ACTIVE,hide,platinum-jubilee-2020,spently_products;best-selling-products;newest-products
King Charles III coronation / Platinum Jubilee,gid://shopify/Product/7668696449275,the-queens-platinum-jubilee-purple-handwaving-flags-x27,The Queen's Platinum Jubilee Purple Handwaving Flags X27,ACTIVE,hide,platinum-jubilee-2020,spently_products;best-selling-products;newest-products
King Charles III coronation / Platinum Jubilee,gid://shopify/Product/7668697006331,the-queens-platinum-jubilee-purple-handwaving-flags-x28,The Queen's Platinum Jubilee Purple Handwaving Flags X28,ACTIVE,hide,platinum-jubilee-2020,spently_products;best-selling-products;newest-products
King Charles III coronation / Platinum Jubilee,gid://shopify/Product/7668697858299,the-queens-platinum-jubilee-purple-handwaving-flags-x29,The Queen's Platinum Jubilee Purple Handwaving Flags X29,ACTIVE,hide,platinum-jubilee-2020,spently_products;best-selling-products;newest-products
King Charles III coronation / Platinum Jubilee,gid://shopify/Product/7668699267323,the-queens-platinum-jubilee-purple-handwaving-flags-x30,The Queen's Platinum Jubilee Purple Handwaving Flags X30,ACTIVE,hide,platinum-jubilee-2020,spently_products;best-selling-products;newest-products
King Charles III coronation / Platinum Jubilee,gid://shopify/Product/7668699791611,the-queens-platinum-jubilee-purple-handwaving-flags-x31,The Queen's Platinum Jubilee Purple Handwaving Flags X31,ACTIVE,hide,platinum-jubilee-2020,spently_products;best-selling-products;newest-products
King Charles III coronation / Platinum Jubilee,gid://shopify/Product/7668700840187,the-queens-platinum-jubilee-purple-handwaving-flags-x32,The Queen's Platinum Jubilee Purple Handwaving Flags X32,ACTIVE,hide,platinum-jubilee-2020,spently_products;best-selling-products;newest-products
King Charles III coronation / Platinum Jubilee,gid://shopify/Product/7668701626619,the-queens-platinum-jubilee-purple-handwaving-flags-x33,The Queen's Platinum Jubilee Purple Handwaving Flags X33,ACTIVE,hide,platinum-jubilee-2020,spently_products;best-selling-products;newest-products
King Charles III coronation / Platinum Jubilee,gid://shopify/Product/7668702609659,the-queens-platinum-jubilee-purple-handwaving-flags-x34,The Queen's Platinum Jubilee Purple Handwaving Flags X34,ACTIVE,hide,platinum-jubilee-2020,spently_products;best-selling-products;newest-products
King Charles III coronation / Platinum Jubilee,gid://shopify/Product/7668703035643,the-queens-platinum-jubilee-purple-handwaving-flags-x35,The Queen's Platinum Jubilee Purple Handwaving Flags X35,ACTIVE,hide,platinum-jubilee-2020,spently_products;best-selling-products;newest-products
King Charles III coronation / Platinum Jubilee,gid://shopify/Product/7668703461627,the-queens-platinum-jubilee-purple-handwaving-flags-x36,The Queen's Platinum Jubilee Purple Handwaving Flags X36,ACTIVE,hide,platinum-jubilee-2020,spently_products;best-selling-products;newest-products
King Charles III coronation / Platinum Jubilee,gid://shopify/Product/7668703985915,the-queens-platinum-jubilee-purple-handwaving-flags-x37,The Queen's Platinum Jubilee Purple Handwaving Flags X37,ACTIVE,hide,platinum-jubilee-2020,spently_products;best-selling-products;newest-products
King Charles III coronation / Platinum Jubilee,gid://shopify/Product/7668705263867,the-queens-platinum-jubilee-purple-handwaving-flags-x38,The Queen's Platinum Jubilee Purple Handwaving Flags X38,ACTIVE,hide,platinum-jubilee-2020,spently_products;best-selling-products;newest-products
King Charles III coronation / Platinum Jubilee,gid://shopify/Product/7668705755387,the-queens-platinum-jubilee-purple-handwaving-flags-x39,The Queen's Platinum Jubilee Purple Handwaving Flags X39,ACTIVE,hide,platinum-jubilee-2020,spently_products;best-selling-products;newest-products
King Charles III coronation / Platinum Jubilee,gid://shopify/Product/7668706377979,the-queens-platinum-jubilee-purple-handwaving-flags-x40,The Queen's Platinum Jubilee Purple Handwaving Flags X40,ACTIVE,hide,platinum-jubilee-2020,spently_products;best-selling-products;newest-products
King Charles III coronation / Platinum Jubilee,gid://shopify/Product/7668707098875,the-queens-platinum-jubilee-purple-handwaving-flags-x41,The Queen's Platinum Jubilee Purple Handwaving Flags X41,ACTIVE,hide,platinum-jubilee-2020,spently_products;best-selling-products;newest-products
King Charles III coronation / Platinum Jubilee,gid://shopify/Product/7668707492091,the-queens-platinum-jubilee-purple-handwaving-flags-x42,The Queen's Platinum Jubilee Purple Handwaving Flags X42,ACTIVE,hide,platinum-jubilee-2020,spently_products;best-selling-products;newest-products
King Charles III coronation / Platinum Jubilee,gid://shopify/Product/7668708245755,the-queens-platinum-jubilee-purple-handwaving-flags-x43,The Queen's Platinum Jubilee Purple Handwaving Flags X43,ACTIVE,hide,platinum-jubilee-2020,spently_products;best-selling-products;newest-products
King Charles III coronation / Platinum Jubilee,gid://shopify/Product/7668708704507,the-queens-platinum-jubilee-purple-handwaving-flags-x44,The Queen's Platinum Jubilee Purple Handwaving Flags X44,ACTIVE,hide,platinum-jubilee-2020,spently_products;best-selling-products;newest-products
King Charles III coronation / Platinum Jubilee,gid://shopify/Product/7668709228795,the-queens-platinum-jubilee-purple-handwaving-flags-x45,The Queen's Platinum Jubilee Purple Handwaving Flags X45,ACTIVE,hide,platinum-jubilee-2020,spently_products;best-selling-products;newest-products
King Charles III coronation / Platinum Jubilee,gid://shopify/Product/7668710244603,the-queens-platinum-jubilee-purple-handwaving-flags-x46,The Queen's Platinum Jubilee Purple Handwaving Flags X46,ACTIVE,hide,platinum-jubilee-2020,spently_products;best-selling-products;newest-products
King Charles III coronation / Platinum Jubilee,gid://shopify/Product/7670532440315,the-queens-platinum-jubilee-purple-handwaving-flags-x47,The Queen's Platinum Jubilee Purple Handwaving Flags X47,ACTIVE,hide,platinum-jubilee-2020,spently_products;best-selling-products;newest-products
King Charles III coronation / Platinum Jubilee,gid://shopify/Product/7670532964603,the-queens-platinum-jubilee-purple-handwaving-flags-x48,The Queen's Platinum Jubilee Purple Handwaving Flags X48,ACTIVE,hide,platinum-jubilee-2020,spently_products;best-selling-products;newest-products
King Charles III coronation / Platinum Jubilee,gid://shopify/Product/7670533357819,the-queens-platinum-jubilee-purple-handwaving-flags-x49,The Queen's Platinum Jubilee Purple Handwaving Flags X49,ACTIVE,hide,platinum-jubilee-2020,spently_products;best-selling-products;newest-products
King Charles III coronation / Platinum Jubilee,gid://shopify/Product/7668685013243,the-queens-platinum-jubilee-purple-handwaving-flags,The Queen's Platinum Jubilee Purple Handwaving Flags X5,ACTIVE,hide,platinum-jubilee-2020,spently_products;best-selling-products;newest-products
King Charles III coronation / Platinum Jubilee,gid://shopify/Product/7670533947643,the-queens-platinum-jubilee-purple-handwaving-flags-x50,The Queen's Platinum Jubilee Purple Handwaving Flags X50,ACTIVE,hide,platinum-jubilee-2020,spently_products;best-selling-products;newest-products
King Charles III coronation / Platinum Jubilee,gid://shopify/Product/7668686651643,copy-of-the-queens-platinum-jubilee-purple-handwaving-flags-x6-1,The Queen's Platinum Jubilee Purple Handwaving Flags X6,ACTIVE,hide,platinum-jubilee-2020,spently_products;best-selling-products;newest-products
King Charles III coronation / Platinum Jubilee,gid://shopify/Product/7668687044859,the-queens-platinum-jubilee-purple-handwaving-flags-x7,The Queen's Platinum Jubilee Purple Handwaving Flags X7,ACTIVE,hide,platinum-jubilee-2020,spently_products;best-selling-products;newest-products
King Charles III coronation / Platinum Jubilee,gid://shopify/Product/7668687470843,the-queens-platinum-jubilee-purple-handwaving-flags-x8,The Queen's Platinum Jubilee Purple Handwaving Flags X8,ACTIVE,hide,platinum-jubilee-2020,spently_products;best-selling-products;newest-products
King Charles III coronation / Platinum Jubilee,gid://shopify/Product/7668687864059,the-queens-platinum-jubilee-purple-handwaving-flags-x9,The Queen's Platinum Jubilee Purple Handwaving Flags X9,ACTIVE,hide,platinum-jubilee-2020,spently_products;best-selling-products;newest-products
King Charles III coronation / Platinum Jubilee,gid://shopify/Product/7670563176699,the-queens-platinum-jubilee-union-jack-handwaving-flags-x10,The Queen's Platinum Jubilee Union Jack Handwaving Flags X10,ACTIVE,hide,platinum-jubilee-2020,spently_products;best-selling-products;newest-products
King Charles III coronation / Platinum Jubilee,gid://shopify/Product/7670563930363,the-queens-platinum-jubilee-union-jack-handwaving-flags-x11,The Queen's Platinum Jubilee Union Jack Handwaving Flags X11,ACTIVE,hide,platinum-jubilee-2020,spently_products;best-selling-products;newest-products
King Charles III coronation / Platinum Jubilee,gid://shopify/Product/7670564847867,the-queens-platinum-jubilee-union-jack-handwaving-flags-x12,The Queen's Platinum Jubilee Union Jack Handwaving Flags X12,ACTIVE,hide,platinum-jubilee-2020,spently_products;best-selling-products;newest-products
King Charles III coronation / Platinum Jubilee,gid://shopify/Product/7670565994747,the-queens-platinum-jubilee-union-jack-handwaving-flags-x13,The Queen's Platinum Jubilee Union Jack Handwaving Flags X13,ACTIVE,hide,platinum-jubilee-2020,spently_products;best-selling-products;newest-products
King Charles III coronation / Platinum Jubilee,gid://shopify/Product/7670566846715,the-queens-platinum-jubilee-union-jack-handwaving-flags-x14,The Queen's Platinum Jubilee Union Jack Handwaving Flags X14,ACTIVE,hide,platinum-jubilee-2020,spently_products;best-selling-products;newest-products
King Charles III coronation / Platinum Jubilee,gid://shopify/Product/7670567633147,the-queens-platinum-jubilee-union-jack-handwaving-flags-x15,The Queen's Platinum Jubilee Union Jack Handwaving Flags X15,ACTIVE,hide,platinum-jubilee-2020,spently_products;best-selling-products;newest-products
King Charles III coronation / Platinum Jubilee,gid://shopify/Product/7670568485115,the-queens-platinum-jubilee-union-jack-handwaving-flags-x16,The Queen's Platinum Jubilee Union Jack Handwaving Flags X16,ACTIVE,hide,platinum-jubilee-2020,spently_products;best-selling-products;newest-products
King Charles III coronation / Platinum Jubilee,gid://shopify/Product/7670569304315,the-queens-platinum-jubilee-union-jack-handwaving-flags-x17,The Queen's Platinum Jubilee Union Jack Handwaving Flags X17,ACTIVE,hide,platinum-jubilee-2020,spently_products;best-selling-products;newest-products
King Charles III coronation / Platinum Jubilee,gid://shopify/Product/7670569730299,the-queens-platinum-jubilee-union-jack-handwaving-flags-x18,The Queen's Platinum Jubilee Union Jack Handwaving Flags X18,ACTIVE,hide,platinum-jubilee-2020,spently_products;best-selling-products;newest-products
King Charles III coronation / Platinum Jubilee,gid://shopify/Product/7670570451195,the-queens-platinum-jubilee-union-jack-handwaving-flags-x19,The Queen's Platinum Jubilee Union Jack Handwaving Flags X19,ACTIVE,hide,platinum-jubilee-2020,spently_products;best-selling-products;newest-products
King Charles III coronation / Platinum Jubilee,gid://shopify/Product/7670571401467,the-queens-platinum-jubilee-union-jack-handwaving-flags-x20,The Queen's Platinum Jubilee Union Jack Handwaving Flags X20,ACTIVE,hide,platinum-jubilee-2020,spently_products;best-selling-products;newest-products
King Charles III coronation / Platinum Jubilee,gid://shopify/Product/7670571958523,the-queens-platinum-jubilee-union-jack-handwaving-flags-x21,The Queen's Platinum Jubilee Union Jack Handwaving Flags X21,ACTIVE,hide,platinum-jubilee-2020,spently_products;best-selling-products;newest-products
King Charles III coronation / Platinum Jubilee,gid://shopify/Product/7670572744955,the-queens-platinum-jubilee-union-jack-handwaving-flags-x22,The Queen's Platinum Jubilee Union Jack Handwaving Flags X22,ACTIVE,hide,platinum-jubilee-2020,spently_products;best-selling-products;newest-products
King Charles III coronation / Platinum Jubilee,gid://shopify/Product/7670573367547,the-queens-platinum-jubilee-union-jack-handwaving-flags-x23,The Queen's Platinum Jubilee Union Jack Handwaving Flags X23,ACTIVE,hide,platinum-jubilee-2020,spently_products;best-selling-products;newest-products
King Charles III coronation / Platinum Jubilee,gid://shopify/Product/7670574219515,the-queens-platinum-jubilee-union-jack-handwaving-flags-x24,The Queen's Platinum Jubilee Union Jack Handwaving Flags X24,ACTIVE,hide,platinum-jubilee-2020,spently_products;best-selling-products;newest-products
King Charles III coronation / Platinum Jubilee,gid://shopify/Product/7670575038715,the-queens-platinum-jubilee-union-jack-handwaving-flags-x25,The Queen's Platinum Jubilee Union Jack Handwaving Flags X25,ACTIVE,hide,platinum-jubilee-2020,spently_products;best-selling-products;newest-products
King Charles III coronation / Platinum Jubilee,gid://shopify/Product/7670575923451,the-queens-platinum-jubilee-union-jack-handwaving-flags-x26,The Queen's Platinum Jubilee Union Jack Handwaving Flags X26,ACTIVE,hide,platinum-jubilee-2020,spently_products;best-selling-products;newest-products
King Charles III coronation / Platinum Jubilee,gid://shopify/Product/7670576677115,the-queens-platinum-jubilee-union-jack-handwaving-flags-x27,The Queen's Platinum Jubilee Union Jack Handwaving Flags X27,ACTIVE,hide,platinum-jubilee-2020,spently_products;best-selling-products;newest-products
King Charles III coronation / Platinum Jubilee,gid://shopify/Product/7670577332475,the-queens-platinum-jubilee-union-jack-handwaving-flags-x28,The Queen's Platinum Jubilee Union Jack Handwaving Flags X28,ACTIVE,hide,platinum-jubilee-2020,spently_products;best-selling-products;newest-products
King Charles III coronation / Platinum Jubilee,gid://shopify/Product/7670578217211,the-queens-platinum-jubilee-union-jack-handwaving-flags-x29,The Queen's Platinum Jubilee Union Jack Handwaving Flags X29,ACTIVE,hide,platinum-jubilee-2020,spently_products;best-selling-products;newest-products
King Charles III coronation / Platinum Jubilee,gid://shopify/Product/7670578938107,the-queens-platinum-jubilee-union-jack-handwaving-flags-x30,The Queen's Platinum Jubilee Union Jack Handwaving Flags X30,ACTIVE,hide,platinum-jubilee-2020,spently_products;best-selling-products;newest-products
King Charles III coronation / Platinum Jubilee,gid://shopify/Product/7670579822843,the-queens-platinum-jubilee-union-jack-handwaving-flags-x31,The Queen's Platinum Jubilee Union Jack Handwaving Flags X31,ACTIVE,hide,platinum-jubilee-2020,spently_products;best-selling-products;newest-products
King Charles III coronation / Platinum Jubilee,gid://shopify/Product/7670580740347,the-queens-platinum-jubilee-union-jack-handwaving-flags-x32,The Queen's Platinum Jubilee Union Jack Handwaving Flags X32,ACTIVE,hide,platinum-jubilee-2020,spently_products;best-selling-products;newest-products
King Charles III coronation / Platinum Jubilee,gid://shopify/Product/7670581526779,the-queens-platinum-jubilee-union-jack-handwaving-flags-x33,The Queen's Platinum Jubilee Union Jack Handwaving Flags X33,ACTIVE,hide,platinum-jubilee-2020,spently_products;best-selling-products;newest-products
King Charles III coronation / Platinum Jubilee,gid://shopify/Product/7670582378747,the-queens-platinum-jubilee-union-jack-handwaving-flags-x34,The Queen's Platinum Jubilee Union Jack Handwaving Flags X34,ACTIVE,hide,platinum-jubilee-2020,spently_products;best-selling-products;newest-products
King Charles III coronation / Platinum Jubilee,gid://shopify/Product/7670583230715,the-queens-platinum-jubilee-union-jack-handwaving-flags-x35,The Queen's Platinum Jubilee Union Jack Handwaving Flags X35,ACTIVE,hide,platinum-jubilee-2020,spently_products;best-selling-products;newest-products
King Charles III coronation / Platinum Jubilee,gid://shopify/Product/7670583918843,the-queens-platinum-jubilee-union-jack-handwaving-flags-x36,The Queen's Platinum Jubilee Union Jack Handwaving Flags X36,ACTIVE,hide,platinum-jubilee-2020,spently_products;best-selling-products;newest-products
King Charles III coronation / Platinum Jubilee,gid://shopify/Product/7670585229563,the-queens-platinum-jubilee-union-jack-handwaving-flags-x37,The Queen's Platinum Jubilee Union Jack Handwaving Flags X37,ACTIVE,hide,platinum-jubilee-2020,spently_products;best-selling-products;newest-products
King Charles III coronation / Platinum Jubilee,gid://shopify/Product/7670585852155,the-queens-platinum-jubilee-union-jack-handwaving-flags-x38,The Queen's Platinum Jubilee Union Jack Handwaving Flags X38,ACTIVE,hide,platinum-jubilee-2020,spently_products;best-selling-products;newest-products
King Charles III coronation / Platinum Jubilee,gid://shopify/Product/7670586343675,the-queens-platinum-jubilee-union-jack-handwaving-flags-x39,The Queen's Platinum Jubilee Union Jack Handwaving Flags X39,ACTIVE,hide,platinum-jubilee-2020,spently_products;best-selling-products;newest-products
King Charles III coronation / Platinum Jubilee,gid://shopify/Product/7670587359483,the-queens-platinum-jubilee-union-jack-handwaving-flags-x40,The Queen's Platinum Jubilee Union Jack Handwaving Flags X40,ACTIVE,hide,platinum-jubilee-2020,spently_products;best-selling-products;newest-products
King Charles III coronation / Platinum Jubilee,gid://shopify/Product/7670588178683,the-queens-platinum-jubilee-union-jack-handwaving-flags-x41,The Queen's Platinum Jubilee Union Jack Handwaving Flags X41,ACTIVE,hide,platinum-jubilee-2020,spently_products;best-selling-products;newest-products
King Charles III coronation / Platinum Jubilee,gid://shopify/Product/7670588932347,the-queens-platinum-jubilee-union-jack-handwaving-flags-x42,The Queen's Platinum Jubilee Union Jack Handwaving Flags X42,ACTIVE,hide,platinum-jubilee-2020,spently_products;best-selling-products;newest-products
King Charles III coronation / Platinum Jubilee,gid://shopify/Product/7670590505211,the-queens-platinum-jubilee-union-jack-handwaving-flags-x43,The Queen's Platinum Jubilee Union Jack Handwaving Flags X43,ACTIVE,hide,platinum-jubilee-2020,spently_products;best-selling-products;newest-products
King Charles III coronation / Platinum Jubilee,gid://shopify/Product/7670591291643,the-queens-platinum-jubilee-union-jack-handwaving-flags-x44,The Queen's Platinum Jubilee Union Jack Handwaving Flags X44,ACTIVE,hide,platinum-jubilee-2020,spently_products;best-selling-products;newest-products
King Charles III coronation / Platinum Jubilee,gid://shopify/Product/7670593323259,the-queens-platinum-jubilee-union-jack-handwaving-flags-x45,The Queen's Platinum Jubilee Union Jack Handwaving Flags X45,ACTIVE,hide,platinum-jubilee-2020,spently_products;best-selling-products;newest-products
King Charles III coronation / Platinum Jubilee,gid://shopify/Product/7670593814779,the-queens-platinum-jubilee-union-jack-handwaving-flags-x46,The Queen's Platinum Jubilee Union Jack Handwaving Flags X46,ACTIVE,hide,platinum-jubilee-2020,spently_products;best-selling-products;newest-products
King Charles III coronation / Platinum Jubilee,gid://shopify/Product/7670594666747,the-queens-platinum-jubilee-union-jack-handwaving-flags-x47,The Queen's Platinum Jubilee Union Jack Handwaving Flags X47,ACTIVE,hide,platinum-jubilee-2020,spently_products;best-selling-products;newest-products
King Charles III coronation / Platinum Jubilee,gid://shopify/Product/7670595780859,the-queens-platinum-jubilee-union-jack-handwaving-flags-x48,The Queen's Platinum Jubilee Union Jack Handwaving Flags X48,ACTIVE,hide,platinum-jubilee-2020,spently_products;best-selling-products;newest-products
King Charles III coronation / Platinum Jubilee,gid://shopify/Product/7670596993275,the-queens-platinum-jubilee-union-jack-handwaving-flags-x49,The Queen's Platinum Jubilee Union Jack Handwaving Flags X49,ACTIVE,hide,platinum-jubilee-2020,spently_products;best-selling-products;newest-products
King Charles III coronation / Platinum Jubilee,gid://shopify/Product/7670557835515,the-queens-platinum-jubilee-union-jack-handwaving-flags-x5,The Queen's Platinum Jubilee Union Jack Handwaving Flags X5,ACTIVE,hide,platinum-jubilee-2020,spently_products;best-selling-products;newest-products
King Charles III coronation / Platinum Jubilee,gid://shopify/Product/7670597943547,the-queens-platinum-jubilee-union-jack-handwaving-flags-x50,The Queen's Platinum Jubilee Union Jack Handwaving Flags X50,ACTIVE,hide,platinum-jubilee-2020,spently_products;best-selling-products;newest-products
King Charles III coronation / Platinum Jubilee,gid://shopify/Product/7670559801595,the-queens-platinum-jubilee-union-jack-handwaving-flags-x6,The Queen's Platinum Jubilee Union Jack Handwaving Flags X6,ACTIVE,hide,platinum-jubilee-2020,spently_products;best-selling-products;newest-products
King Charles III coronation / Platinum Jubilee,gid://shopify/Product/7670560948475,the-queens-platinum-jubilee-union-jack-handwaving-flags-x7,The Queen's Platinum Jubilee Union Jack Handwaving Flags X7,ACTIVE,hide,platinum-jubilee-2020,spently_products;best-selling-products;newest-products
King Charles III coronation / Platinum Jubilee,gid://shopify/Product/7670561702139,the-queens-platinum-jubilee-union-jack-handwaving-flags-x8,The Queen's Platinum Jubilee Union Jack Handwaving Flags X8,ACTIVE,hide,platinum-jubilee-2020,spently_products;best-selling-products;newest-products
King Charles III coronation / Platinum Jubilee,gid://shopify/Product/7670562521339,the-queens-platinum-jubilee-union-jack-handwaving-flags-x9,The Queen's Platinum Jubilee Union Jack Handwaving Flags X9,ACTIVE,hide,platinum-jubilee-2020,spently_products;best-selling-products;newest-products
King Charles III coronation / Platinum Jubilee,gid://shopify/Product/7670537191675,the-queens-platinum-jubilee-white-handwaving-flags-x10,The Queen's Platinum Jubilee White Handwaving Flags X10,ACTIVE,hide,platinum-jubilee-2020,spently_products;best-selling-products;newest-products
King Charles III coronation / Platinum Jubilee,gid://shopify/Product/7670537486587,the-queens-platinum-jubilee-white-handwaving-flags-x11,The Queen's Platinum Jubilee White Handwaving Flags X11,ACTIVE,hide,platinum-jubilee-2020,spently_products;best-selling-products;newest-products
King Charles III coronation / Platinum Jubilee,gid://shopify/Product/7670537748731,the-queens-platinum-jubilee-white-handwaving-flags-x12,The Queen's Platinum Jubilee White Handwaving Flags X12,ACTIVE,hide,platinum-jubilee-2020,spently_products;best-selling-products;newest-products
King Charles III coronation / Platinum Jubilee,gid://shopify/Product/7670537945339,the-queens-platinum-jubilee-white-handwaving-flags-x13,The Queen's Platinum Jubilee White Handwaving Flags X13,ACTIVE,hide,platinum-jubilee-2020,spently_products;best-selling-products;newest-products
King Charles III coronation / Platinum Jubilee,gid://shopify/Product/7670538371323,the-queens-platinum-jubilee-white-handwaving-flags-x14,The Queen's Platinum Jubilee White Handwaving Flags X14,ACTIVE,hide,platinum-jubilee-2020,spently_products;best-selling-products;newest-products
King Charles III coronation / Platinum Jubilee,gid://shopify/Product/7670538567931,copy-of-the-queens-platinum-jubilee-white-handwaving-flags-x15,The Queen's Platinum Jubilee White Handwaving Flags X15,ACTIVE,hide,platinum-jubilee-2020,spently_products;best-selling-products;newest-products
King Charles III coronation / Platinum Jubilee,gid://shopify/Product/7670538993915,the-queens-platinum-jubilee-white-handwaving-flags-x16,The Queen's Platinum Jubilee White Handwaving Flags X16,ACTIVE,hide,platinum-jubilee-2020,spently_products;best-selling-products;newest-products
King Charles III coronation / Platinum Jubilee,gid://shopify/Product/7670539256059,the-queens-platinum-jubilee-white-handwaving-flags-x17,The Queen's Platinum Jubilee White Handwaving Flags X17,ACTIVE,hide,platinum-jubilee-2020,spently_products;best-selling-products;newest-products
King Charles III coronation / Platinum Jubilee,gid://shopify/Product/7670539616507,the-queens-platinum-jubilee-white-handwaving-flags-x18,The Queen's Platinum Jubilee White Handwaving Flags X18,ACTIVE,hide,platinum-jubilee-2020,spently_products;best-selling-products;newest-products
King Charles III coronation / Platinum Jubilee,gid://shopify/Product/7670540140795,the-queens-platinum-jubilee-white-handwaving-flags-x19,The Queen's Platinum Jubilee White Handwaving Flags X19,ACTIVE,hide,platinum-jubilee-2020,spently_products;best-selling-products;newest-products
King Charles III coronation / Platinum Jubilee,gid://shopify/Product/7670540370171,the-queens-platinum-jubilee-white-handwaving-flags-x20,The Queen's Platinum Jubilee White Handwaving Flags X20,ACTIVE,hide,platinum-jubilee-2020,spently_products;best-selling-products;newest-products
King Charles III coronation / Platinum Jubilee,gid://shopify/Product/7670540632315,the-queens-platinum-jubilee-white-handwaving-flags-x21,The Queen's Platinum Jubilee White Handwaving Flags X21,ACTIVE,hide,platinum-jubilee-2020,spently_products;best-selling-products;newest-products
King Charles III coronation / Platinum Jubilee,gid://shopify/Product/7670540828923,the-queens-platinum-jubilee-white-handwaving-flags-x22,The Queen's Platinum Jubilee White Handwaving Flags X22,ACTIVE,hide,platinum-jubilee-2020,spently_products;best-selling-products;newest-products
King Charles III coronation / Platinum Jubilee,gid://shopify/Product/7670540992763,the-queens-platinum-jubilee-white-handwaving-flags-x23,The Queen's Platinum Jubilee White Handwaving Flags X23,ACTIVE,hide,platinum-jubilee-2020,spently_products;best-selling-products;newest-products
King Charles III coronation / Platinum Jubilee,gid://shopify/Product/7670541123835,the-queens-platinum-jubilee-white-handwaving-flags-x24,The Queen's Platinum Jubilee White Handwaving Flags X24,ACTIVE,hide,platinum-jubilee-2020,spently_products;best-selling-products;newest-products
King Charles III coronation / Platinum Jubilee,gid://shopify/Product/7670541385979,the-queens-platinum-jubilee-white-handwaving-flags-x25,The Queen's Platinum Jubilee White Handwaving Flags X25,ACTIVE,hide,platinum-jubilee-2020,spently_products;best-selling-products;newest-products
King Charles III coronation / Platinum Jubilee,gid://shopify/Product/7670541811963,the-queens-platinum-jubilee-white-handwaving-flags-x26,The Queen's Platinum Jubilee White Handwaving Flags X26,ACTIVE,hide,platinum-jubilee-2020,spently_products;best-selling-products;newest-products
King Charles III coronation / Platinum Jubilee,gid://shopify/Product/7670542139643,the-queens-platinum-jubilee-white-handwaving-flags-x27,The Queen's Platinum Jubilee White Handwaving Flags X27,ACTIVE,hide,platinum-jubilee-2020,spently_products;best-selling-products;newest-products
King Charles III coronation / Platinum Jubilee,gid://shopify/Product/7670542860539,the-queens-platinum-jubilee-white-handwaving-flags-x28,The Queen's Platinum Jubilee White Handwaving Flags X28,ACTIVE,hide,platinum-jubilee-2020,spently_products;best-selling-products;newest-products
King Charles III coronation / Platinum Jubilee,gid://shopify/Product/7670543384827,the-queens-platinum-jubilee-white-handwaving-flags-x29,The Queen's Platinum Jubilee White Handwaving Flags X29,ACTIVE,hide,platinum-jubilee-2020,spently_products;best-selling-products;newest-products
King Charles III coronation / Platinum Jubilee,gid://shopify/Product/7670544630011,the-queens-platinum-jubilee-white-handwaving-flags-x30,The Queen's Platinum Jubilee White Handwaving Flags X30,ACTIVE,hide,platinum-jubilee-2020,spently_products;best-selling-products;newest-products
King Charles III coronation / Platinum Jubilee,gid://shopify/Product/7670545187067,the-queens-platinum-jubilee-white-handwaving-flags-x31,The Queen's Platinum Jubilee White Handwaving Flags X31,ACTIVE,hide,platinum-jubilee-2020,spently_products;best-selling-products;newest-products
King Charles III coronation / Platinum Jubilee,gid://shopify/Product/7670545547515,the-queens-platinum-jubilee-white-handwaving-flags-x32,The Queen's Platinum Jubilee White Handwaving Flags X32,ACTIVE,hide,platinum-jubilee-2020,spently_products;best-selling-products;newest-products
King Charles III coronation / Platinum Jubilee,gid://shopify/Product/7670546792699,the-queens-platinum-jubilee-white-handwaving-flags-x33,The Queen's Platinum Jubilee White Handwaving Flags X33,ACTIVE,hide,platinum-jubilee-2020,spently_products;best-selling-products;newest-products
King Charles III coronation / Platinum Jubilee,gid://shopify/Product/7670547185915,the-queens-platinum-jubilee-white-handwaving-flags-x34,The Queen's Platinum Jubilee White Handwaving Flags X34,ACTIVE,hide,platinum-jubilee-2020,spently_products;best-selling-products;newest-products
King Charles III coronation / Platinum Jubilee,gid://shopify/Product/7670547808507,the-queens-platinum-jubilee-white-handwaving-flags-x35,The Queen's Platinum Jubilee White Handwaving Flags X35,ACTIVE,hide,platinum-jubilee-2020,spently_products;best-selling-products;newest-products
King Charles III coronation / Platinum Jubilee,gid://shopify/Product/7670548332795,the-queens-platinum-jubilee-white-handwaving-flags-x36,The Queen's Platinum Jubilee White Handwaving Flags X36,ACTIVE,hide,platinum-jubilee-2020,spently_products;best-selling-products;newest-products
King Charles III coronation / Platinum Jubilee,gid://shopify/Product/7670548791547,the-queens-platinum-jubilee-white-handwaving-flags-x37,The Queen's Platinum Jubilee White Handwaving Flags X37,ACTIVE,hide,platinum-jubilee-2020,spently_products;best-selling-products;newest-products
King Charles III coronation / Platinum Jubilee,gid://shopify/Product/7670549414139,the-queens-platinum-jubilee-white-handwaving-flags-x38,The Queen's Platinum Jubilee White Handwaving Flags X38,ACTIVE,hide,platinum-jubilee-2020,spently_products;best-selling-products;newest-products
King Charles III coronation / Platinum Jubilee,gid://shopify/Product/7670550167803,the-queens-platinum-jubilee-white-handwaving-flags-x39,The Queen's Platinum Jubilee White Handwaving Flags X39,ACTIVE,hide,platinum-jubilee-2020,spently_products;best-selling-products;newest-products
King Charles III coronation / Platinum Jubilee,gid://shopify/Product/7670550888699,the-queens-platinum-jubilee-white-handwaving-flags-x40,The Queen's Platinum Jubilee White Handwaving Flags X40,ACTIVE,hide,platinum-jubilee-2020,spently_products;best-selling-products;newest-products
King Charles III coronation / Platinum Jubilee,gid://shopify/Product/7670551347451,the-queens-platinum-jubilee-white-handwaving-flags-x41,The Queen's Platinum Jubilee White Handwaving Flags X41,ACTIVE,hide,platinum-jubilee-2020,spently_products;best-selling-products;newest-products
King Charles III coronation / Platinum Jubilee,gid://shopify/Product/7670551773435,the-queens-platinum-jubilee-white-handwaving-flags-x42,The Queen's Platinum Jubilee White Handwaving Flags X42,ACTIVE,hide,platinum-jubilee-2020,spently_products;best-selling-products;newest-products
King Charles III coronation / Platinum Jubilee,gid://shopify/Product/7670552396027,the-queens-platinum-jubilee-white-handwaving-flags-x43,The Queen's Platinum Jubilee White Handwaving Flags X43,ACTIVE,hide,platinum-jubilee-2020,spently_products;best-selling-products;newest-products
King Charles III coronation / Platinum Jubilee,gid://shopify/Product/7670552854779,the-queens-platinum-jubilee-white-handwaving-flags-x44,The Queen's Platinum Jubilee White Handwaving Flags X44,ACTIVE,hide,platinum-jubilee-2020,spently_products;best-selling-products;newest-products
King Charles III coronation / Platinum Jubilee,gid://shopify/Product/7670553575675,the-queens-platinum-jubilee-white-handwaving-flags-x45,The Queen's Platinum Jubilee White Handwaving Flags X45,ACTIVE,hide,platinum-jubilee-2020,spently_products;best-selling-products;newest-products
King Charles III coronation / Platinum Jubilee,gid://shopify/Product/7670554263803,the-queens-platinum-jubilee-white-handwaving-flags-x46,The Queen's Platinum Jubilee White Handwaving Flags X46,ACTIVE,hide,platinum-jubilee-2020,spently_products;best-selling-products;newest-products
King Charles III coronation / Platinum Jubilee,gid://shopify/Product/7670554460411,the-queens-platinum-jubilee-white-handwaving-flags-x47,The Queen's Platinum Jubilee White Handwaving Flags X47,ACTIVE,hide,platinum-jubilee-2020,spently_products;best-selling-products;newest-products
King Charles III coronation / Platinum Jubilee,gid://shopify/Product/7670555181307,the-queens-platinum-jubilee-white-handwaving-flags-x48,The Queen's Platinum Jubilee White Handwaving Flags X48,ACTIVE,hide,platinum-jubilee-2020,spently_products;best-selling-products;newest-products
King Charles III coronation / Platinum Jubilee,gid://shopify/Product/7670556033275,the-queens-platinum-jubilee-white-handwaving-flags-x49,The Queen's Platinum Jubilee White Handwaving Flags X49,ACTIVE,hide,platinum-jubilee-2020,spently_products;best-selling-products;newest-products
King Charles III coronation / Platinum Jubilee,gid://shopify/Product/7670534308091,the-queens-platinum-jubilee-white-handwaving-flags-x5,The Queen's Platinum Jubilee White Handwaving Flags X5,ACTIVE,hide,platinum-jubilee-2020,spently_products;best-selling-products;newest-products
King Charles III coronation / Platinum Jubilee,gid://shopify/Product/7670556426491,the-queens-platinum-jubilee-white-handwaving-flags-x50,The Queen's Platinum Jubilee White Handwaving Flags X50,ACTIVE,hide,platinum-jubilee-2020,spently_products;best-selling-products;newest-products
King Charles III coronation / Platinum Jubilee,gid://shopify/Product/7670535618811,the-queens-platinum-jubilee-white-handwaving-flags-x6,The Queen's Platinum Jubilee White Handwaving Flags X6,ACTIVE,hide,platinum-jubilee-2020,spently_products;best-selling-products;newest-products
King Charles III coronation / Platinum Jubilee,gid://shopify/Product/7670535913723,the-queens-platinum-jubilee-white-handwaving-flags-x7,The Queen's Platinum Jubilee White Handwaving Flags X7,ACTIVE,hide,platinum-jubilee-2020,spently_products;best-selling-products;newest-products
King Charles III coronation / Platinum Jubilee,gid://shopify/Product/7670536634619,the-queens-platinum-jubilee-white-handwaving-flags-x8,The Queen's Platinum Jubilee White Handwaving Flags X8,ACTIVE,hide,platinum-jubilee-2020,spently_products;best-selling-products;newest-products
King Charles III coronation / Platinum Jubilee,gid://shopify/Product/7670536962299,the-queens-platinum-jubilee-white-handwaving-flags-x9,The Queen's Platinum Jubilee White Handwaving Flags X9,ACTIVE,hide,platinum-jubilee-2020,spently_products;best-selling-products;newest-products
King Charles III coronation / Platinum Jubilee,gid://shopify/Product/7551119851771,union-jack-platinum-jubilee-bunting-street-party-decorative-flags,Union Jack Platinum Jubilee Bunting - Street Party Decorative Flags,ACTIVE,hide,platinum-jubilee-2020,spently_products;best-selling-products;newest-products
King Charles III coronation / Platinum Jubilee,gid://shopify/Product/7645263495419,welsh-gold-tudor-rose-queens-platinum-jubilee-medal-50mm-2,"WELSH GOLD TUDOR ROSE QUEEN'S PLATINUM JUBILEE MEDAL 50MM (2"")",ACTIVE,hide,platinum-jubilee-2020,spently_products;best-selling-products;newest-products
King Charles III coronation / Platinum Jubilee,gid://shopify/Product/7640837751035,welsh-queens-platinum-jubilee-gold-classic-medal-52mm-2,"WELSH QUEEN'S PLATINUM JUBILEE GOLD CLASSIC MEDAL 52MM (2"")",ACTIVE,hide,platinum-jubilee-2020,spently_products;best-selling-products;newest-products
King Charles III coronation / Platinum Jubilee,gid://shopify/Product/7645269197051,welsh-queens-platinum-jubilee-grand-voyager-purple-gold-detailed-trophy-cup-31-5cm-12-1-2,"WELSH QUEEN'S PLATINUM JUBILEE GRAND VOYAGER PURPLE & GOLD DETAILED TROPHY CUP 31.5CM (12 1/2"")",ACTIVE,hide,platinum-jubilee-2020,spently_products;best-selling-products;newest-products
King Charles III coronation / Platinum Jubilee,gid://shopify/Product/7551120900347,white-platinum-jubilee-bunting-street-party-decorative-flags,White Platinum Jubilee Bunting - Street Party Decorative Flags,ACTIVE,hide,platinum-jubilee-2020,spently_products;best-selling-products;newest-products
King Charles III coronation / Platinum Jubilee,gid://shopify/Product/9438728200,camilla-parker-bowles-face-mask,Camilla Parker Bowles Face Mask Royal Family Celebrity Party Face Mask,ACTIVE,keep (also in politicians-and-royals),king-charles-iii-coronation,politicians-and-royals;spently_products;all-facemasks;best-selling-products;newest-products;facebook
King Charles III coronation / Platinum Jubilee,gid://shopify/Product/9438736072,corgi-pup-cut-out-celebrity-face-mask,Corgi Pup Cut Out Celebrity Face Mask Fancy Dress Cardboard Costume Mask,ACTIVE,keep (also in politicians-and-royals),king-charles-iii-coronation,politicians-and-royals;spently_products;all-facemasks;best-selling-products;newest-products;facebook
King Charles III coronation / Platinum Jubilee,gid://shopify/Product/9438733768,prince-andrew-face-mask,Prince Andrew Face Mask Royal Family Celebrity Party Face Mask,ACTIVE,keep (also in politicians-and-royals),platinum-jubilee-2020,politicians-and-royals;spently_products;all-facemasks;best-selling-products;newest-products;facebook
King Charles III coronation / Platinum Jubilee,gid://shopify/Product/9438729032,prince-philip-face-mask,Prince Philip Face Mask Royal Family Celebrity Party Face Mask,ACTIVE,keep (also in politicians-and-royals),platinum-jubilee-2020,politicians-and-royals;spently_products;all-facemasks;best-selling-products;newest-products;facebook
King Charles III coronation / Platinum Jubilee,gid://shopify/Product/9438734472,prince-william-new-face-mask,Prince William NEW Face Mask Royal Family Celebrity Party Face Mask,ACTIVE,keep (also in politicians-and-royals),platinum-jubilee-2020,politicians-and-royals;spently_products;all-facemasks;best-selling-products;newest-products;facebook
King Charles III coronation / Platinum Jubilee,gid://shopify/Product/9438729608,princess-kate-face-mask,Princess Kate Middleton Face Mask Royal Family Celebrity Party Face Mask,ACTIVE,keep (also in politicians-and-royals),platinum-jubilee-2020,politicians-and-royals;spently_products;all-facemasks;best-selling-products;newest-products;facebook
King Charles III coronation / Platinum Jubilee,gid://shopify/Product/9438734728,the-queen-2012-face-mask,The Queen 2012 Face Mask Royal Family Celebrity Party Face Mask,ACTIVE,keep (also in politicians-and-royals),platinum-jubilee-2020,politicians-and-royals;spently_products;all-facemasks;best-selling-products;newest-products;facebook
King Charles III coronation / Platinum Jubilee,gid://shopify/Product/8100451483899,10-x-pack-of-queen-camilla-consort-coronation-face-masks,10 x pack of Queen Camilla Consort Coronation Face Masks,ACTIVE,keep-eventtitled (also in politicians-and-royals),king-charles-iii-coronation,politicians-and-royals;spently_products;all-facemasks;best-selling-products;newest-products;facebook;celebrity-couples-fancy-dress-face-masks
King Charles III coronation / Platinum Jubilee,gid://shopify/Product/8100450992379,12-x-pack-of-king-charles-iii-mask-royal-mega-pack-coronation-2023-royal-fancy-dress-cardboard-celebrity-party-face-mask,12 x Pack of  KING CHARLES III Mask Royal MEGA PACK Coronation 2023 Royal Fancy Dress Cardboard Celebrity Party Face Mask,ACTIVE,keep-eventtitled (also in politicians-and-royals),king-charles-iii-coronation,politicians-and-royals;spently_products;all-facemasks;best-selling-products;newest-products;facebook;celebrity-couples-fancy-dress-face-masks
King Charles III coronation / Platinum Jubilee,gid://shopify/Product/8100450795771,5-x-pack-of-king-charles-iii-crown-face-masks-coronation-2023-royal-fancy-dress-cardboard-celebrity-party-face-mask,5 x PACK of KING CHARLES III + Crown Face Masks Coronation 2023 Royal Fancy Dress Cardboard Celebrity Party Face Mask,ACTIVE,keep-eventtitled (also in politicians-and-royals),king-charles-iii-coronation,politicians-and-royals;spently_products;all-facemasks;best-selling-products;newest-products;facebook;celebrity-couples-fancy-dress-face-masks
King Charles III coronation / Platinum Jubilee,gid://shopify/Product/7710732189947,8-pack-royal-family-queen-phillip-kate-william-harry-charles-camilla-meghan-wedding-jubilee-supplies-celebrities-face-mask-hen-and-stag-parties-fancy-dress,8 Pack Royal Family Queen Phillip Kate William Harry Charles Camilla Meghan Wedding Jubilee Supplies Celebrities Face Mask Hen and Stag Parties Fancy,ACTIVE,keep-eventtitled (also in politicians-and-royals),king-charles-iii-coronation,politicians-and-royals;all-mugs;spently_products;all-facemasks;best-selling-products;newest-products;facebook;celebrity-couples-fancy-dress-face-masks
King Charles III coronation / Platinum Jubilee,gid://shopify/Product/8062787584251,copy-of-camilla-parker-bowles-coronation-2023-royal-family-celebrity-party-face-mask,Camilla Parker Bowles Coronation 2023 Royal Family Celebrity Party Face Mask,ACTIVE,keep-eventtitled (also in politicians-and-royals),king-charles-iii-coronation,politicians-and-royals;spently_products;all-facemasks;best-selling-products;newest-products;facebook
King Charles III coronation / Platinum Jubilee,gid://shopify/Product/8100450468091,king-charles-iii-crown-face-masks-coronation-2023-royal-fancy-dress-cardboard-celebrity-party-face-mask,KING CHARLES III + Crown Face Masks Coronation 2023 Royal Fancy Dress Cardboard Celebrity Party Face Mask,ACTIVE,keep-eventtitled (also in politicians-and-royals),king-charles-iii-coronation,politicians-and-royals;spently_products;all-facemasks;best-selling-products;newest-products;facebook
King Charles III coronation / Platinum Jubilee,gid://shopify/Product/8032510312699,king-charles-iii-2023-royal-fancy-dress-cardboard-celebrity-party-face-mask,KING CHARLES III Coronation 2023 Royal Fancy Dress Cardboard Celebrity Party Face Mask,ACTIVE,keep-eventtitled (also in politicians-and-royals),king-charles-iii-coronation,politicians-and-royals;spently_products;all-facemasks;best-selling-products;newest-products;facebook
King Charles III coronation / Platinum Jubilee,gid://shopify/Product/7551137710331,prince-charles-royal-fancy-dress-cardboard-celebrity-party-face-mask,KING CHARLES III Royal Fancy Dress Cardboard Celebrity Party Face Mask,ACTIVE,keep-eventtitled (also in politicians-and-royals),king-charles-iii-coronation,politicians-and-royals;spently_products;all-facemasks;best-selling-products;newest-products
King Charles III coronation / Platinum Jubilee,gid://shopify/Product/7845146067195,king-charles-iii-on-sticks-royal-fancy-dress-cardboard-celebrity-party-face-mask,KING CHARLES III on sticks Royal Fancy Dress Cardboard Celebrity Party Face Mask,ACTIVE,keep-eventtitled (also in politicians-and-royals),king-charles-iii-coronation,politicians-and-royals;spently_products;all-facemasks;best-selling-products;newest-products
King Charles III coronation / Platinum Jubilee,gid://shopify/Product/8062785159419,prince-philip-coronation-2023-royal-family-celebrity-party-face-mask,Prince Philip Coronation 2023 Royal Family Celebrity Party Face Mask,ACTIVE,keep-eventtitled (also in politicians-and-royals),platinum-jubilee-2020,politicians-and-royals;spently_products;all-facemasks;best-selling-products;newest-products;facebook
King Charles III coronation / Platinum Jubilee,gid://shopify/Product/8062785454331,prince-william-coronation-2023-face-mask-royal-family-celebrity-party-face-mask,Prince William Coronation 2023 Face Mask Royal Family Celebrity Party Face Mask,ACTIVE,keep-eventtitled (also in politicians-and-royals),platinum-jubilee-2020,politicians-and-royals;spently_products;all-facemasks;best-selling-products;newest-products;facebook
King Charles III coronation / Platinum Jubilee,gid://shopify/Product/8062785880315,princess-kate-middleton-coronation-2023-royal-family-celebrity-party-face-mask,Princess Kate Middleton Coronation 2023 Royal Family Celebrity Party Face Mask,ACTIVE,keep-eventtitled (also in politicians-and-royals),platinum-jubilee-2020,politicians-and-royals;spently_products;all-facemasks;best-selling-products;newest-products;facebook
King Charles III coronation / Platinum Jubilee,gid://shopify/Product/8100451352827,queen-camilla-consort-coronation-face-mask,Queen Camilla Consort Coronation Face Mask,ACTIVE,keep-eventtitled (also in politicians-and-royals),king-charles-iii-coronation,politicians-and-royals;spently_products;all-facemasks;best-selling-products;newest-products;facebook
King Charles III coronation / Platinum Jubilee,gid://shopify/Product/8062787158267,the-queen-coronation-2023-royal-family-celebrity-party-face-mask,The Queen Coronation 2023 Royal Family Celebrity Party Face Mask,ACTIVE,keep-eventtitled (also in politicians-and-royals),platinum-jubilee-2020,politicians-and-royals;spently_products;all-facemasks;best-selling-products;newest-products;facebook
King Charles III coronation / Platinum Jubilee,gid://shopify/Product/7551144493307,meghan-markle-celebrity-royal-party-facemask,Meghan Markle Celebrity Royal Party Facemask,ACTIVE,keep-generic (only in event collections but not an event design),king-charles-iii-coronation,spently_products;best-selling-products;newest-products;facebook
King Charles III coronation / Platinum Jubilee,gid://shopify/Product/7551142265083,prince-harry-celebrity-royal-party-facemask,Prince Harry Celebrity Royal Party Facemask,ACTIVE,keep-generic (only in event collections but not an event design),platinum-jubilee-2020,spently_products;best-selling-products;newest-products
Social distancing stickers,gid://shopify/Product/4608487620683,1-x-single-pack-social-distancing-self-adhesive-sticker-floor-vinyl-floor-sign-safety-sticker-designs-school-nursery-sticker-business-200mm-8-diametre-meter-please-stay-1-metre-meter-apart-d1,"1 x Single Social Distancing Self Adhesive Sticker Floor Vinyl Floor Sign Safety Sticker  200mm 8""  diametre meter",ACTIVE,hide,social-distancing-stickers-printing,spently_products;best-selling-products;newest-products
Social distancing stickers,gid://shopify/Product/4608487686219,1-x-single-pack-social-distancing-self-adhesive-sticker-floor-vinyl-floor-sign-safety-sticker-designs-school-nursery-sticker-business-200mm-8-diametre-meter-please-stay-1-metre-meter-apart-d10,"1 x Single Social Distancing Self Adhesive Sticker Floor Vinyl Floor Sign Safety Sticker  200mm 8""  diametre meter",ACTIVE,hide,social-distancing-stickers-printing,spently_products;best-selling-products;newest-products
Social distancing stickers,gid://shopify/Product/4608487718987,1-x-single-pack-social-distancing-self-adhesive-sticker-floor-vinyl-floor-sign-safety-sticker-designs-school-nursery-sticker-business-200mm-8-diametre-meter-please-stay-1-metre-meter-apart-d11,"1 x Single Social Distancing Self Adhesive Sticker Floor Vinyl Floor Sign Safety Sticker  200mm 8""  diametre meter",ACTIVE,hide,social-distancing-stickers-printing,spently_products;best-selling-products;newest-products
Social distancing stickers,gid://shopify/Product/4608487817291,1-x-single-pack-social-distancing-self-adhesive-sticker-floor-vinyl-floor-sign-safety-sticker-designs-school-nursery-sticker-business-200mm-8-diametre-meter-please-stay-1-metre-meter-apart-d12,"1 x Single Social Distancing Self Adhesive Sticker Floor Vinyl Floor Sign Safety Sticker  200mm 8""  diametre meter",ACTIVE,hide,social-distancing-stickers-printing,spently_products;best-selling-products;newest-products
Social distancing stickers,gid://shopify/Product/4608487882827,1-x-single-pack-social-distancing-self-adhesive-sticker-floor-vinyl-floor-sign-safety-sticker-designs-school-nursery-sticker-business-200mm-8-diametre-meter-please-stay-1-metre-meter-apart-d13,"1 x Single Social Distancing Self Adhesive Sticker Floor Vinyl Floor Sign Safety Sticker  200mm 8""  diametre meter",ACTIVE,hide,social-distancing-stickers-printing,spently_products;best-selling-products;newest-products
Social distancing stickers,gid://shopify/Product/4608487915595,1-x-single-pack-social-distancing-self-adhesive-sticker-floor-vinyl-floor-sign-safety-sticker-designs-school-nursery-sticker-business-200mm-8-diametre-meter-please-stay-1-metre-meter-apart-d14,"1 x Single Social Distancing Self Adhesive Sticker Floor Vinyl Floor Sign Safety Sticker  200mm 8""  diametre meter",ACTIVE,hide,social-distancing-stickers-printing,spently_products;best-selling-products;newest-products
Social distancing stickers,gid://shopify/Product/4608487948363,1-x-single-pack-social-distancing-self-adhesive-sticker-floor-vinyl-floor-sign-safety-sticker-designs-school-nursery-sticker-business-200mm-8-diametre-meter-please-stay-1-metre-meter-apart-d15,"1 x Single Social Distancing Self Adhesive Sticker Floor Vinyl Floor Sign Safety Sticker  200mm 8""  diametre meter",ACTIVE,hide,social-distancing-stickers-printing,spently_products;best-selling-products;newest-products
Social distancing stickers,gid://shopify/Product/4608488013899,1-x-single-pack-social-distancing-self-adhesive-sticker-floor-vinyl-floor-sign-safety-sticker-designs-school-nursery-sticker-business-200mm-8-diametre-meter-please-stay-1-metre-meter-apart-d16,"1 x Single Social Distancing Self Adhesive Sticker Floor Vinyl Floor Sign Safety Sticker  200mm 8""  diametre meter",ACTIVE,hide,social-distancing-stickers-printing,spently_products;best-selling-products;newest-products
Social distancing stickers,gid://shopify/Product/4608488079435,1-x-single-pack-social-distancing-self-adhesive-sticker-floor-vinyl-floor-sign-safety-sticker-designs-school-nursery-sticker-business-200mm-8-diametre-meter-please-stay-1-metre-meter-apart-d17,"1 x Single Social Distancing Self Adhesive Sticker Floor Vinyl Floor Sign Safety Sticker  200mm 8""  diametre meter",ACTIVE,hide,social-distancing-stickers-printing,spently_products;best-selling-products;newest-products
Social distancing stickers,gid://shopify/Product/4608488112203,1-x-single-pack-social-distancing-self-adhesive-sticker-floor-vinyl-floor-sign-safety-sticker-designs-school-nursery-sticker-business-200mm-8-diametre-meter-please-stay-1-metre-meter-apart-d18,"1 x Single Social Distancing Self Adhesive Sticker Floor Vinyl Floor Sign Safety Sticker  200mm 8""  diametre meter",ACTIVE,hide,social-distancing-stickers-printing,spently_products;best-selling-products;newest-products
Social distancing stickers,gid://shopify/Product/4608488144971,1-x-single-pack-social-distancing-self-adhesive-sticker-floor-vinyl-floor-sign-safety-sticker-designs-school-nursery-sticker-business-200mm-8-diametre-meter-please-stay-1-metre-meter-apart-d19,"1 x Single Social Distancing Self Adhesive Sticker Floor Vinyl Floor Sign Safety Sticker  200mm 8""  diametre meter",ACTIVE,hide,social-distancing-stickers-printing,spently_products;best-selling-products;newest-products
Social distancing stickers,gid://shopify/Product/4608488177739,1-x-single-pack-social-distancing-self-adhesive-sticker-floor-vinyl-floor-sign-safety-sticker-designs-school-nursery-sticker-business-200mm-8-diametre-meter-please-stay-1-metre-meter-apart-d2,"1 x Single Social Distancing Self Adhesive Sticker Floor Vinyl Floor Sign Safety Sticker  200mm 8""  diametre meter",ACTIVE,hide,social-distancing-stickers-printing,spently_products;best-selling-products;newest-products
Social distancing stickers,gid://shopify/Product/4608488308811,1-x-single-pack-social-distancing-self-adhesive-sticker-floor-vinyl-floor-sign-safety-sticker-designs-school-nursery-sticker-business-200mm-8-diametre-meter-please-stay-1-metre-meter-apart-d20,"1 x Single Social Distancing Self Adhesive Sticker Floor Vinyl Floor Sign Safety Sticker  200mm 8""  diametre meter",ACTIVE,hide,social-distancing-stickers-printing,spently_products;best-selling-products;newest-products
Social distancing stickers,gid://shopify/Product/4608488407115,1-x-single-pack-social-distancing-self-adhesive-sticker-floor-vinyl-floor-sign-safety-sticker-designs-school-nursery-sticker-business-200mm-8-diametre-meter-please-stay-1-metre-meter-apart-d21,"1 x Single Social Distancing Self Adhesive Sticker Floor Vinyl Floor Sign Safety Sticker  200mm 8""  diametre meter",ACTIVE,hide,social-distancing-stickers-printing,spently_products;best-selling-products;newest-products
Social distancing stickers,gid://shopify/Product/4608488439883,1-x-single-pack-social-distancing-self-adhesive-sticker-floor-vinyl-floor-sign-safety-sticker-designs-school-nursery-sticker-business-200mm-8-diametre-meter-please-stay-1-metre-meter-apart-d22,"1 x Single Social Distancing Self Adhesive Sticker Floor Vinyl Floor Sign Safety Sticker  200mm 8""  diametre meter",ACTIVE,hide,social-distancing-stickers-printing,spently_products;best-selling-products;newest-products
Social distancing stickers,gid://shopify/Product/4608488472651,1-x-single-pack-social-distancing-self-adhesive-sticker-floor-vinyl-floor-sign-safety-sticker-designs-school-nursery-sticker-business-200mm-8-diametre-meter-please-stay-1-metre-meter-apart-d23,"1 x Single Social Distancing Self Adhesive Sticker Floor Vinyl Floor Sign Safety Sticker  200mm 8""  diametre meter",ACTIVE,hide,social-distancing-stickers-printing,spently_products;best-selling-products;newest-products
Social distancing stickers,gid://shopify/Product/4608488538187,1-x-single-pack-social-distancing-self-adhesive-sticker-floor-vinyl-floor-sign-safety-sticker-designs-school-nursery-sticker-business-200mm-8-diametre-meter-please-stay-1-metre-meter-apart-d24,"1 x Single Social Distancing Self Adhesive Sticker Floor Vinyl Floor Sign Safety Sticker  200mm 8""  diametre meter",ACTIVE,hide,social-distancing-stickers-printing,spently_products;best-selling-products;newest-products
Social distancing stickers,gid://shopify/Product/4608488636491,1-x-single-pack-social-distancing-self-adhesive-sticker-floor-vinyl-floor-sign-safety-sticker-designs-school-nursery-sticker-business-200mm-8-diametre-meter-please-stay-1-metre-meter-apart-d25,"1 x Single Social Distancing Self Adhesive Sticker Floor Vinyl Floor Sign Safety Sticker  200mm 8""  diametre meter",ACTIVE,hide,social-distancing-stickers-printing,spently_products;best-selling-products;newest-products
Social distancing stickers,gid://shopify/Product/4608488669259,1-x-single-pack-social-distancing-self-adhesive-sticker-floor-vinyl-floor-sign-safety-sticker-designs-school-nursery-sticker-business-200mm-8-diametre-meter-please-stay-1-metre-meter-apart-d26,"1 x Single Social Distancing Self Adhesive Sticker Floor Vinyl Floor Sign Safety Sticker  200mm 8""  diametre meter",ACTIVE,hide,social-distancing-stickers-printing,spently_products;best-selling-products;newest-products
Social distancing stickers,gid://shopify/Product/4608488734795,1-x-single-pack-social-distancing-self-adhesive-sticker-floor-vinyl-floor-sign-safety-sticker-designs-school-nursery-sticker-business-200mm-8-diametre-meter-please-stay-1-metre-meter-apart-d27,"1 x Single Social Distancing Self Adhesive Sticker Floor Vinyl Floor Sign Safety Sticker  200mm 8""  diametre meter",ACTIVE,hide,social-distancing-stickers-printing,spently_products;best-selling-products;newest-products
Social distancing stickers,gid://shopify/Product/4608488833099,1-x-single-pack-social-distancing-self-adhesive-sticker-floor-vinyl-floor-sign-safety-sticker-designs-school-nursery-sticker-business-200mm-8-diametre-meter-please-stay-1-metre-meter-apart-d28,"1 x Single Social Distancing Self Adhesive Sticker Floor Vinyl Floor Sign Safety Sticker  200mm 8""  diametre meter",ACTIVE,hide,social-distancing-stickers-printing,spently_products;best-selling-products;newest-products
Social distancing stickers,gid://shopify/Product/4608488865867,1-x-single-pack-social-distancing-self-adhesive-sticker-floor-vinyl-floor-sign-safety-sticker-designs-school-nursery-sticker-business-200mm-8-diametre-meter-please-stay-1-metre-meter-apart-d29,"1 x Single Social Distancing Self Adhesive Sticker Floor Vinyl Floor Sign Safety Sticker  200mm 8""  diametre meter",ACTIVE,hide,social-distancing-stickers-printing,spently_products;best-selling-products;newest-products
Social distancing stickers,gid://shopify/Product/4608488898635,1-x-single-pack-social-distancing-self-adhesive-sticker-floor-vinyl-floor-sign-safety-sticker-designs-school-nursery-sticker-business-200mm-8-diametre-meter-please-stay-1-metre-meter-apart-d3,"1 x Single Social Distancing Self Adhesive Sticker Floor Vinyl Floor Sign Safety Sticker  200mm 8""  diametre meter",ACTIVE,hide,social-distancing-stickers-printing,spently_products;best-selling-products;newest-products
Social distancing stickers,gid://shopify/Product/4608488931403,1-x-single-pack-social-distancing-self-adhesive-sticker-floor-vinyl-floor-sign-safety-sticker-designs-school-nursery-sticker-business-200mm-8-diametre-meter-please-stay-1-metre-meter-apart-d30,"1 x Single Social Distancing Self Adhesive Sticker Floor Vinyl Floor Sign Safety Sticker  200mm 8""  diametre meter",ACTIVE,hide,social-distancing-stickers-printing,spently_products;best-selling-products;newest-products
Social distancing stickers,gid://shopify/Product/4608488996939,1-x-single-pack-social-distancing-self-adhesive-sticker-floor-vinyl-floor-sign-safety-sticker-designs-school-nursery-sticker-business-200mm-8-diametre-meter-please-stay-1-metre-meter-apart-d31,"1 x Single Social Distancing Self Adhesive Sticker Floor Vinyl Floor Sign Safety Sticker  200mm 8""  diametre meter",ACTIVE,hide,social-distancing-stickers-printing,spently_products;best-selling-products;newest-products
Social distancing stickers,gid://shopify/Product/4608489029707,1-x-single-pack-social-distancing-self-adhesive-sticker-floor-vinyl-floor-sign-safety-sticker-designs-school-nursery-sticker-business-200mm-8-diametre-meter-please-stay-1-metre-meter-apart-d32,"1 x Single Social Distancing Self Adhesive Sticker Floor Vinyl Floor Sign Safety Sticker  200mm 8""  diametre meter",ACTIVE,hide,social-distancing-stickers-printing,spently_products;best-selling-products;newest-products
Social distancing stickers,gid://shopify/Product/4608489095243,1-x-single-pack-social-distancing-self-adhesive-sticker-floor-vinyl-floor-sign-safety-sticker-designs-school-nursery-sticker-business-200mm-8-diametre-meter-please-stay-1-metre-meter-apart-d33,"1 x Single Social Distancing Self Adhesive Sticker Floor Vinyl Floor Sign Safety Sticker  200mm 8""  diametre meter",ACTIVE,hide,social-distancing-stickers-printing,spently_products;best-selling-products;newest-products
Social distancing stickers,gid://shopify/Product/4608489128011,1-x-single-pack-social-distancing-self-adhesive-sticker-floor-vinyl-floor-sign-safety-sticker-designs-school-nursery-sticker-business-200mm-8-diametre-meter-please-stay-1-metre-meter-apart-d34,"1 x Single Social Distancing Self Adhesive Sticker Floor Vinyl Floor Sign Safety Sticker  200mm 8""  diametre meter",ACTIVE,hide,social-distancing-stickers-printing,spently_products;best-selling-products;newest-products
Social distancing stickers,gid://shopify/Product/4608489226315,1-x-single-pack-social-distancing-self-adhesive-sticker-floor-vinyl-floor-sign-safety-sticker-designs-school-nursery-sticker-business-200mm-8-diametre-meter-please-stay-1-metre-meter-apart-d35,"1 x Single Social Distancing Self Adhesive Sticker Floor Vinyl Floor Sign Safety Sticker  200mm 8""  diametre meter",ACTIVE,hide,social-distancing-stickers-printing,spently_products;best-selling-products;newest-products
Social distancing stickers,gid://shopify/Product/4608489259083,1-x-single-pack-social-distancing-self-adhesive-sticker-floor-vinyl-floor-sign-safety-sticker-designs-school-nursery-sticker-business-200mm-8-diametre-meter-please-stay-1-metre-meter-apart-d36,"1 x Single Social Distancing Self Adhesive Sticker Floor Vinyl Floor Sign Safety Sticker  200mm 8""  diametre meter",ACTIVE,hide,social-distancing-stickers-printing,spently_products;best-selling-products;newest-products
Social distancing stickers,gid://shopify/Product/4608489357387,1-x-single-pack-social-distancing-self-adhesive-sticker-floor-vinyl-floor-sign-safety-sticker-designs-school-nursery-sticker-business-200mm-8-diametre-meter-please-stay-1-metre-meter-apart-d37,"1 x Single Social Distancing Self Adhesive Sticker Floor Vinyl Floor Sign Safety Sticker  200mm 8""  diametre meter",ACTIVE,hide,social-distancing-stickers-printing,spently_products;best-selling-products;newest-products
Social distancing stickers,gid://shopify/Product/4608489390155,1-x-single-pack-social-distancing-self-adhesive-sticker-floor-vinyl-floor-sign-safety-sticker-designs-school-nursery-sticker-business-200mm-8-diametre-meter-please-stay-1-metre-meter-apart-d38,"1 x Single Social Distancing Self Adhesive Sticker Floor Vinyl Floor Sign Safety Sticker  200mm 8""  diametre meter",ACTIVE,hide,social-distancing-stickers-printing,spently_products;best-selling-products;newest-products
Social distancing stickers,gid://shopify/Product/4608489488459,1-x-single-pack-social-distancing-self-adhesive-sticker-floor-vinyl-floor-sign-safety-sticker-designs-school-nursery-sticker-business-200mm-8-diametre-meter-please-stay-1-metre-meter-apart-d39,"1 x Single Social Distancing Self Adhesive Sticker Floor Vinyl Floor Sign Safety Sticker  200mm 8""  diametre meter",ACTIVE,hide,social-distancing-stickers-printing,spently_products;best-selling-products;newest-products
Social distancing stickers,gid://shopify/Product/4608489586763,1-x-single-pack-social-distancing-self-adhesive-sticker-floor-vinyl-floor-sign-safety-sticker-designs-school-nursery-sticker-business-200mm-8-diametre-meter-please-stay-1-metre-meter-apart-d4,"1 x Single Social Distancing Self Adhesive Sticker Floor Vinyl Floor Sign Safety Sticker  200mm 8""  diametre meter",ACTIVE,hide,social-distancing-stickers-printing,spently_products;best-selling-products;newest-products
Social distancing stickers,gid://shopify/Product/4608489619531,1-x-single-pack-social-distancing-self-adhesive-sticker-floor-vinyl-floor-sign-safety-sticker-designs-school-nursery-sticker-business-200mm-8-diametre-meter-please-stay-1-metre-meter-apart-d44,"1 x Single Social Distancing Self Adhesive Sticker Floor Vinyl Floor Sign Safety Sticker  200mm 8""  diametre meter",ACTIVE,hide,social-distancing-stickers-printing,spently_products;best-selling-products;newest-products
Social distancing stickers,gid://shopify/Product/4608489652299,1-x-single-pack-social-distancing-self-adhesive-sticker-floor-vinyl-floor-sign-safety-sticker-designs-school-nursery-sticker-business-200mm-8-diametre-meter-please-stay-1-metre-meter-apart-d5,"1 x Single Social Distancing Self Adhesive Sticker Floor Vinyl Floor Sign Safety Sticker  200mm 8""  diametre meter",ACTIVE,hide,social-distancing-stickers-printing,spently_products;best-selling-products;newest-products
Social distancing stickers,gid://shopify/Product/4608489685067,1-x-single-pack-social-distancing-self-adhesive-sticker-floor-vinyl-floor-sign-safety-sticker-designs-school-nursery-sticker-business-200mm-8-diametre-meter-please-stay-1-metre-meter-apart-d6,"1 x Single Social Distancing Self Adhesive Sticker Floor Vinyl Floor Sign Safety Sticker  200mm 8""  diametre meter",ACTIVE,hide,social-distancing-stickers-printing,spently_products;best-selling-products;newest-products
Social distancing stickers,gid://shopify/Product/4608489750603,1-x-single-pack-social-distancing-self-adhesive-sticker-floor-vinyl-floor-sign-safety-sticker-designs-school-nursery-sticker-business-200mm-8-diametre-meter-please-stay-1-metre-meter-apart-d7,"1 x Single Social Distancing Self Adhesive Sticker Floor Vinyl Floor Sign Safety Sticker  200mm 8""  diametre meter",ACTIVE,hide,social-distancing-stickers-printing,spently_products;best-selling-products;newest-products
Social distancing stickers,gid://shopify/Product/4608489816139,1-x-single-pack-social-distancing-self-adhesive-sticker-floor-vinyl-floor-sign-safety-sticker-designs-school-nursery-sticker-business-200mm-8-diametre-meter-please-stay-1-metre-meter-apart-d8,"1 x Single Social Distancing Self Adhesive Sticker Floor Vinyl Floor Sign Safety Sticker  200mm 8""  diametre meter",ACTIVE,hide,social-distancing-stickers-printing,spently_products;best-selling-products;newest-products
Social distancing stickers,gid://shopify/Product/4608489881675,1-x-single-pack-social-distancing-self-adhesive-sticker-floor-vinyl-floor-sign-safety-sticker-designs-school-nursery-sticker-business-200mm-8-diametre-meter-please-stay-1-metre-meter-apart-d9,"1 x Single Social Distancing Self Adhesive Sticker Floor Vinyl Floor Sign Safety Sticker  200mm 8""  diametre meter",ACTIVE,hide,social-distancing-stickers-printing,spently_products;best-selling-products;newest-products
Social distancing stickers,gid://shopify/Product/4608489947211,1m-3ft-social-distancing-floor-stickers,1m 3ft Social Distancing Floor Stickers,ACTIVE,hide,social-distancing-stickers-printing,spently_products;best-selling-products;newest-products
Social distancing stickers,gid://shopify/Product/4608490012747,1m-apart-in-barber-shops-grey-social-distancing-floor-stickers,1m Apart In Barber Shops Grey Social Distancing Floor Stickers,ACTIVE,hide,social-distancing-stickers-printing,spently_products;best-selling-products;newest-products
Social distancing stickers,gid://shopify/Product/4608490045515,1m-apart-in-barber-shops-social-distancing-floor-stickers,1m Apart In Barber Shops Social Distancing Floor Stickers,ACTIVE,hide,social-distancing-stickers-printing,spently_products;best-selling-products;newest-products
Social distancing stickers,gid://shopify/Product/4608494010443,1m-apart-poster-sd001-social-distancing-floor-stickers,1m Apart Poster Sd001 Social Distancing Floor Stickers,ACTIVE,hide,social-distancing-stickers-printing,spently_products;best-selling-products;newest-products
Social distancing stickers,gid://shopify/Product/4608490143819,1m-apart-sticker-blue-social-distancing-floor-stickers,1m Apart Sticker Blue Social Distancing Floor Stickers,ACTIVE,hide,social-distancing-stickers-printing,spently_products;best-selling-products;newest-products
Social distancing stickers,gid://shopify/Product/4608490274891,1m-apart-sticker-green-social-distancing-floor-stickers,1m Apart Sticker Green Social Distancing Floor Stickers,ACTIVE,hide,social-distancing-stickers-printing,spently_products;best-selling-products;newest-products
Social distancing stickers,gid://shopify/Product/4608490307659,1m-apart-sticker-pink-social-distancing-floor-stickers,1m Apart Sticker Pink Social Distancing Floor Stickers,ACTIVE,hide,social-distancing-stickers-printing,spently_products;best-selling-products;newest-products
Social distancing stickers,gid://shopify/Product/4608490405963,1m-apart-sticker-purple-social-distancing-floor-stickers,1m Apart Sticker Purple Social Distancing Floor Stickers,ACTIVE,hide,social-distancing-stickers-printing,spently_products;best-selling-products;newest-products
Social distancing stickers,gid://shopify/Product/4608490438731,1m-apart-sticker-red-social-distancing-floor-stickers,1m Apart Sticker Red Social Distancing Floor Stickers,ACTIVE,hide,social-distancing-stickers-printing,spently_products;best-selling-products;newest-products
Social distancing stickers,gid://shopify/Product/4608490569803,200mm-stickers-proof-mock-up-social-distancing-floor-stickers,200mm Stickers Proof Mock-up Social Distancing Floor Stickers,ACTIVE,hide,social-distancing-stickers-printing,spently_products;best-selling-products;newest-products
Social distancing stickers,gid://shopify/Product/4608490635339,are-you-keeping-your-distance-1m-3ft-social-distancing-floor-stickers,Are You Keeping Your Distance 1m 3ft Social Distancing Floor Stickers,ACTIVE,hide,social-distancing-stickers-printing,spently_products;best-selling-products;newest-products
Social distancing stickers,gid://shopify/Product/4608490700875,attention-please-keep-your-distance-1m-3ft-social-distancing-floor-stickers,Attention Please Keep Your Distance 1m 3ft Social Distancing Floor Stickers,ACTIVE,hide,social-distancing-stickers-printing,spently_products;best-selling-products;newest-products
Social distancing stickers,gid://shopify/Product/4608490766411,important-customer-notice-please-stay-1m-3ft-apart-social-distancing-floor-stickers,Important Customer Notice Please Stay 1m 3ft Apart Social Distancing Floor Stickers,ACTIVE,hide,social-distancing-stickers-printing,spently_products;best-selling-products;newest-products
Social distancing stickers,gid://shopify/Product/4608490799179,keep-safe-practice-social-distancing-1m-3ft-social-distancing-floor-stickers,Keep Safe Practice Social Distancing 1m 3ft Social Distancing Floor Stickers,ACTIVE,hide,social-distancing-stickers-printing,spently_products;best-selling-products;newest-products
Social distancing stickers,gid://shopify/Product/4608490864715,keep-your-distance-1m-8-inch-circle-social-distancing-floor-stickers,Keep Your Distance 1m 8 Inch Circle Social Distancing Floor Stickers,ACTIVE,hide,social-distancing-stickers-printing,spently_products;best-selling-products;newest-products
Social distancing stickers,gid://shopify/Product/4608490897483,keep-your-distance-1m-social-distancing-floor-stickers,Keep Your Distance 1m Social Distancing Floor Stickers,ACTIVE,hide,social-distancing-stickers-printing,spently_products;best-selling-products;newest-products
Social distancing stickers,gid://shopify/Product/4608490995787,keep-your-distance-no-to-covid-19-social-distancing-floor-stickers,Keep Your Distance No To Covid 19 Social Distancing Floor Stickers,ACTIVE,hide,social-distancing-stickers-printing,spently_products;best-selling-products;newest-products
Social distancing stickers,gid://shopify/Product/4608491061323,mock-up-social-distancing-floor-stickers,Mock-up Social Distancing Floor Stickers,ACTIVE,hide,social-distancing-stickers-printing,spently_products;best-selling-products;newest-products
Social distancing stickers,gid://shopify/Product/4608491094091,pet-shop-1m-stickers-sdp1-social-distancing-floor-stickers,Pet Shop 1m Stickers Sdp1 Social Distancing Floor Stickers,ACTIVE,hide,social-distancing-stickers-printing,spently_products;best-selling-products;newest-products
Social distancing stickers,gid://shopify/Product/4608491192395,pet-shop-1m-stickers-sdp2-social-distancing-floor-stickers,Pet Shop 1m Stickers Sdp2 Social Distancing Floor Stickers,ACTIVE,hide,social-distancing-stickers-printing,spently_products;best-selling-products;newest-products
Social distancing stickers,gid://shopify/Product/4608491225163,pet-shop-1m-stickers-sdp3-social-distancing-floor-stickers,Pet Shop 1m Stickers Sdp3 Social Distancing Floor Stickers,ACTIVE,hide,social-distancing-stickers-printing,spently_products;best-selling-products;newest-products
Social distancing stickers,gid://shopify/Product/4608491290699,pet-shop-1m-stickers-sdp4-social-distancing-floor-stickers,Pet Shop 1m Stickers Sdp4 Social Distancing Floor Stickers,ACTIVE,hide,social-distancing-stickers-printing,spently_products;best-selling-products;newest-products
Social distancing stickers,gid://shopify/Product/4608491323467,pet-shop-1m-stickers-sdp5-social-distancing-floor-stickers,Pet Shop 1m Stickers Sdp5 Social Distancing Floor Stickers,ACTIVE,hide,social-distancing-stickers-printing,spently_products;best-selling-products;newest-products
Social distancing stickers,gid://shopify/Product/4608491389003,pet-shop-stickers-social-distancing-floor-stickers,Pet Shop Stickers Social Distancing Floor Stickers,ACTIVE,hide,social-distancing-stickers-printing,spently_products;best-selling-products;newest-products
Social distancing stickers,gid://shopify/Product/4608491487307,please-keep-1m-3ft-apart-social-distancing-floor-stickers,Please Keep 1m 3ft Apart Social Distancing Floor Stickers,ACTIVE,hide,social-distancing-stickers-printing,spently_products;best-selling-products;newest-products
Social distancing stickers,gid://shopify/Product/4608491520075,please-keep-1m-apart-in-bar-pub-cafe-blue-social-distancing-floor-stickers,Please Keep 1m Apart In Bar Pub Cafe Blue Social Distancing Floor Stickers,ACTIVE,hide,social-distancing-stickers-printing,spently_products;best-selling-products;newest-products
Social distancing stickers,gid://shopify/Product/4608491552843,please-keep-1m-apart-in-bar-pub-cafe-yellow-green-social-distancing-floor-stickers,Please Keep 1m Apart In Bar Pub Cafe Yellow Green Social Distancing Floor Stickers,ACTIVE,hide,social-distancing-stickers-printing,spently_products;best-selling-products;newest-products
Social distancing stickers,gid://shopify/Product/4582499778635,please-keep-2m-apart-social-distancing-stickers,Please Keep 2m Apart Social Distancing Stickers,ACTIVE,hide,social-distancing-stickers-printing,spently_products;best-selling-products;newest-products
Social distancing stickers,gid://shopify/Product/4608491585611,please-keep-a-1m-distance-8-inch-circle-social-distancing-floor-stickers,Please Keep A 1m Distance 8 Inch Circle Social Distancing Floor Stickers,ACTIVE,hide,social-distancing-stickers-printing,spently_products;best-selling-products;newest-products
Social distancing stickers,gid://shopify/Product/4608491683915,please-keep-a-1m-distance-social-distancing-floor-stickers,Please Keep A 1m Distance Social Distancing Floor Stickers,ACTIVE,hide,social-distancing-stickers-printing,spently_products;best-selling-products;newest-products
Social distancing stickers,gid://shopify/Product/4608491749451,please-keep-your-distance-1m-3ft-social-distancing-floor-stickers,Please Keep Your Distance 1m 3ft Social Distancing Floor Stickers,ACTIVE,hide,social-distancing-stickers-printing,spently_products;best-selling-products;newest-products
Social distancing stickers,gid://shopify/Product/4608491782219,please-keep-your-distance-sd106-social-distancing-floor-stickers,Please Keep Your Distance Sd106 Social Distancing Floor Stickers,ACTIVE,hide,social-distancing-stickers-printing,spently_products;best-selling-products;newest-products
Social distancing stickers,gid://shopify/Product/4608491847755,please-keep-your-distance-sd107-social-distancing-floor-stickers,Please Keep Your Distance Sd107 Social Distancing Floor Stickers,ACTIVE,hide,social-distancing-stickers-printing,spently_products;best-selling-products;newest-products
Social distancing stickers,gid://shopify/Product/4608491880523,please-keep-your-distance-sd108-social-distancing-floor-stickers,Please Keep Your Distance Sd108 Social Distancing Floor Stickers,ACTIVE,hide,social-distancing-stickers-printing,spently_products;best-selling-products;newest-products
Social distancing stickers,gid://shopify/Product/4608491946059,please-keep-your-distance-sd109-social-distancing-floor-stickers,Please Keep Your Distance Sd109 Social Distancing Floor Stickers,ACTIVE,hide,social-distancing-stickers-printing,spently_products;best-selling-products;newest-products
Social distancing stickers,gid://shopify/Product/4608492044363,please-keep-your-distance-sd110-social-distancing-floor-stickers,Please Keep Your Distance Sd110 Social Distancing Floor Stickers,ACTIVE,hide,social-distancing-stickers-printing,spently_products;best-selling-products;newest-products
Social distancing stickers,gid://shopify/Product/4608492109899,please-try-keep-1m-apart-sticker-blue-social-distancing-floor-stickers,Please Try Keep 1m Apart Sticker Blue Social Distancing Floor Stickers,ACTIVE,hide,social-distancing-stickers-printing,spently_products;best-selling-products;newest-products
Social distancing stickers,gid://shopify/Product/4608492240971,please-try-keep-1m-apart-sticker-green-social-distancing-floor-stickers,Please Try Keep 1m Apart Sticker Green Social Distancing Floor Stickers,ACTIVE,hide,social-distancing-stickers-printing,spently_products;best-selling-products;newest-products
Social distancing stickers,gid://shopify/Product/4608492306507,please-try-keep-1m-apart-sticker-pink-social-distancing-floor-stickers,Please Try Keep 1m Apart Sticker Pink Social Distancing Floor Stickers,ACTIVE,hide,social-distancing-stickers-printing,spently_products;best-selling-products;newest-products
Social distancing stickers,gid://shopify/Product/4608492372043,please-try-keep-1m-apart-sticker-purple-social-distancing-floor-stickers,Please Try Keep 1m Apart Sticker Purple Social Distancing Floor Stickers,ACTIVE,hide,social-distancing-stickers-printing,spently_products;best-selling-products;newest-products
Social distancing stickers,gid://shopify/Product/4608492437579,please-try-keep-1m-apart-sticker-yellow-social-distancing-floor-stickers,Please Try Keep 1m Apart Sticker Yellow Social Distancing Floor Stickers,ACTIVE,hide,social-distancing-stickers-printing,spently_products;best-selling-products;newest-products
Social distancing stickers,gid://shopify/Product/4608492503115,please-wait-here-help-reduce-the-spread-of-covid-19-1m-3ft-social-distancing-floor-stickers,Please Wait Here Help Reduce The Spread Of Covid 19 1m 3ft Social Distancing Floor Stickers,ACTIVE,hide,social-distancing-stickers-printing,spently_products;best-selling-products;newest-products
Social distancing stickers,gid://shopify/Product/4608492535883,please-wait-here-remember-1m-3ft-rule-social-distancing-floor-stickers,Please Wait Here Remember 1m 3ft Rule Social Distancing Floor Stickers,ACTIVE,hide,social-distancing-stickers-printing,spently_products;best-selling-products;newest-products
Social distancing stickers,gid://shopify/Product/4608492666955,please-wait-here-social-distancing-stickers-sd101-social-distancing-floor-stickers,Please Wait Here Social Distancing Stickers Sd101 Social Distancing Floor Stickers,ACTIVE,hide,social-distancing-stickers-printing,spently_products;best-selling-products;newest-products
Social distancing stickers,gid://shopify/Product/4608492699723,please-wait-here-social-distancing-stickers-sd102-social-distancing-floor-stickers,Please Wait Here Social Distancing Stickers Sd102 Social Distancing Floor Stickers,ACTIVE,hide,social-distancing-stickers-printing,spently_products;best-selling-products;newest-products
Social distancing stickers,gid://shopify/Product/4608492798027,please-wait-here-social-distancing-stickers-sd103-social-distancing-floor-stickers,Please Wait Here Social Distancing Stickers Sd103 Social Distancing Floor Stickers,ACTIVE,hide,social-distancing-stickers-printing,spently_products;best-selling-products;newest-products
Social distancing stickers,gid://shopify/Product/4608492863563,please-wait-here-social-distancing-stickers-sd104-social-distancing-floor-stickers,Please Wait Here Social Distancing Stickers Sd104 Social Distancing Floor Stickers,ACTIVE,hide,social-distancing-stickers-printing,spently_products;best-selling-products;newest-products
Social distancing stickers,gid://shopify/Product/4608492929099,please-wait-here-social-distancing-stickers-sd105-social-distancing-floor-stickers,Please Wait Here Social Distancing Stickers Sd105 Social Distancing Floor Stickers,ACTIVE,hide,social-distancing-stickers-printing,spently_products;best-selling-products;newest-products
Social distancing stickers,gid://shopify/Product/4608493060171,please-wait-here-sticker-sd116-social-distancing-floor-stickers,Please Wait Here Sticker Sd116 Social Distancing Floor Stickers,ACTIVE,hide,social-distancing-stickers-printing,spently_products;best-selling-products;newest-products
Social distancing stickers,gid://shopify/Product/4608493125707,please-wait-here-sticker-sd117-social-distancing-floor-stickers,Please Wait Here Sticker Sd117 Social Distancing Floor Stickers,ACTIVE,hide,social-distancing-stickers-printing,spently_products;best-selling-products;newest-products
Social distancing stickers,gid://shopify/Product/4608493191243,please-wait-here-sticker-sd118-social-distancing-floor-stickers,Please Wait Here Sticker Sd118 Social Distancing Floor Stickers,ACTIVE,hide,social-distancing-stickers-printing,spently_products;best-selling-products;newest-products
Social distancing stickers,gid://shopify/Product/4608493224011,please-wait-here-sticker-sd119-social-distancing-floor-stickers,Please Wait Here Sticker Sd119 Social Distancing Floor Stickers,ACTIVE,hide,social-distancing-stickers-printing,spently_products;best-selling-products;newest-products
Social distancing stickers,gid://shopify/Product/4608493322315,please-wait-here-sticker-sd120-social-distancing-floor-stickers,Please Wait Here Sticker Sd120 Social Distancing Floor Stickers,ACTIVE,hide,social-distancing-stickers-printing,spently_products;best-selling-products;newest-products
Social distancing stickers,gid://shopify/Product/4608493420619,please-wait-here-while-i-place-your-order-1m-or-3ft-dont-forget-to-do-social-distancing-social-distancing-floor-stickers,Please Wait Here While I Place Your Order 1m Or 3ft Don't Forget To Do Social Distancing Social Distancing Floor Stickers,ACTIVE,hide,social-distancing-stickers-printing,spently_products;best-selling-products;newest-products
Social distancing stickers,gid://shopify/Product/4608493486155,practice-social-distancing-practice-social-distancing-1m-3ft-social-distancing-floor-stickers,Practice Social Distancing Practice Social Distancing 1m 3ft Social Distancing Floor Stickers,ACTIVE,hide,social-distancing-stickers-printing,spently_products;best-selling-products;newest-products
Social distancing stickers,gid://shopify/Product/4608493518923,practice-your-distance-1m-3ft-social-distancing-floor-stickers,Practice Your Distance 1m 3ft Social Distancing Floor Stickers,ACTIVE,hide,social-distancing-stickers-printing,spently_products;best-selling-products;newest-products
Social distancing stickers,gid://shopify/Product/4608493584459,prevent-the-spread-of-corona-virus-1m-3ft-always-practice-social-distancing-social-distancing-floor-stickers,Prevent The Spread Of Corona Virus 1m 3ft Always Practice Social Distancing Social Distancing Floor Stickers,ACTIVE,hide,social-distancing-stickers-printing,spently_products;best-selling-products;newest-products
Social distancing stickers,gid://shopify/Product/4608493649995,prevent-the-spread-of-corona-virus-now-1m-always-practice-social-distancing-social-distancing-floor-stickers,Prevent The Spread Of Corona Virus Now 1m Always Practice Social Distancing Social Distancing Floor Stickers,ACTIVE,hide,social-distancing-stickers-printing,spently_products;best-selling-products;newest-products
Social distancing stickers,gid://shopify/Product/4608493715531,protect-your-loved-ones-1m-3ft-practice-social-distancing-social-distancing-floor-stickers,Protect Your Loved Ones 1m 3ft Practice Social Distancing Social Distancing Floor Stickers,ACTIVE,hide,social-distancing-stickers-printing,spently_products;best-selling-products;newest-products
Social distancing stickers,gid://shopify/Product/4608493813835,salon-stickers-silver-social-distancing-floor-stickers,Salon Stickers Silver Social Distancing Floor Stickers,ACTIVE,hide,social-distancing-stickers-printing,spently_products;best-selling-products;newest-products
Social distancing stickers,gid://shopify/Product/4608493781067,salon-stickers-social-distancing-floor-stickers,Salon Stickers Social Distancing Floor Stickers,ACTIVE,hide,social-distancing-stickers-printing,spently_products;best-selling-products;newest-products
Social distancing stickers,gid://shopify/Product/4608493912139,salon-stickers-yellow-social-distancing-floor-stickers,Salon Stickers Yellow Social Distancing Floor Stickers,ACTIVE,hide,social-distancing-stickers-printing,spently_products;best-selling-products;newest-products
Social distancing stickers,gid://shopify/Product/4608494141515,social-distance-sd111-social-distancing-floor-stickers,Social Distance Sd111 Social Distancing Floor Stickers,ACTIVE,hide,social-distancing-stickers-printing,spently_products;best-selling-products;newest-products
Social distancing stickers,gid://shopify/Product/4608494174283,social-distance-sd112-social-distancing-floor-stickers,Social Distance Sd112 Social Distancing Floor Stickers,ACTIVE,hide,social-distancing-stickers-printing,spently_products;best-selling-products;newest-products
Social distancing stickers,gid://shopify/Product/4608494239819,social-distance-sd113-social-distancing-floor-stickers,Social Distance Sd113 Social Distancing Floor Stickers,ACTIVE,hide,social-distancing-stickers-printing,spently_products;best-selling-products;newest-products
Social distancing stickers,gid://shopify/Product/4608494272587,social-distance-sd114-social-distancing-floor-stickers,Social Distance Sd114 Social Distancing Floor Stickers,ACTIVE,hide,social-distancing-stickers-printing,spently_products;best-selling-products;newest-products
Social distancing stickers,gid://shopify/Product/4608494567499,social-distance-sd115-social-distancing-floor-stickers,Social Distance Sd115 Social Distancing Floor Stickers,ACTIVE,hide,social-distancing-stickers-printing,spently_products;best-selling-products;newest-products
Social distancing stickers,gid://shopify/Product/4608494600267,social-distancing-saves-lives-1m-3ft-social-distancing-floor-stickers,Social Distancing Saves Lives 1m 3ft Social Distancing Floor Stickers,ACTIVE,hide,social-distancing-stickers-printing,spently_products;best-selling-products;newest-products
Social distancing stickers,gid://shopify/Product/4608494665803,social-distancing-stickers-1-social-distancing-floor-stickers,Social Distancing Stickers 1 Social Distancing Floor Stickers,ACTIVE,hide,social-distancing-stickers-printing,spently_products;best-selling-products;newest-products
Social distancing stickers,gid://shopify/Product/4608494731339,social-distancing-stickers-10-social-distancing-floor-stickers,Social Distancing Stickers 10 Social Distancing Floor Stickers,ACTIVE,hide,social-distancing-stickers-printing,spently_products;best-selling-products;newest-products
Social distancing stickers,gid://shopify/Product/4608494764107,social-distancing-stickers-11a-social-distancing-floor-stickers,Social Distancing Stickers 11a Social Distancing Floor Stickers,ACTIVE,hide,social-distancing-stickers-printing,spently_products;best-selling-products;newest-products
Social distancing stickers,gid://shopify/Product/4608494829643,social-distancing-stickers-12-8-inch-circle-social-distancing-floor-stickers,Social Distancing Stickers 12 8 Inch Circle Social Distancing Floor Stickers,ACTIVE,hide,social-distancing-stickers-printing,spently_products;best-selling-products;newest-products
Social distancing stickers,gid://shopify/Product/4608494895179,social-distancing-stickers-12-social-distancing-floor-stickers,Social Distancing Stickers 12 Social Distancing Floor Stickers,ACTIVE,hide,social-distancing-stickers-printing,spently_products;best-selling-products;newest-products
Social distancing stickers,gid://shopify/Product/4608494927947,social-distancing-stickers-13-social-distancing-floor-stickers,Social Distancing Stickers 13 Social Distancing Floor Stickers,ACTIVE,hide,social-distancing-stickers-printing,spently_products;best-selling-products;newest-products
Social distancing stickers,gid://shopify/Product/4608495026251,social-distancing-stickers-13a-social-distancing-floor-stickers,Social Distancing Stickers 13a Social Distancing Floor Stickers,ACTIVE,hide,social-distancing-stickers-printing,spently_products;best-selling-products;newest-products
Social distancing stickers,gid://shopify/Product/4608495124555,social-distancing-stickers-14-social-distancing-floor-stickers,Social Distancing Stickers 14 Social Distancing Floor Stickers,ACTIVE,hide,social-distancing-stickers-printing,spently_products;best-selling-products;newest-products
Social distancing stickers,gid://shopify/Product/4608495190091,social-distancing-stickers-15-social-distancing-floor-stickers,Social Distancing Stickers 15 Social Distancing Floor Stickers,ACTIVE,hide,social-distancing-stickers-printing,spently_products;best-selling-products;newest-products
Social distancing stickers,gid://shopify/Product/4608495222859,social-distancing-stickers-16-social-distancing-floor-stickers,Social Distancing Stickers 16 Social Distancing Floor Stickers,ACTIVE,hide,social-distancing-stickers-printing,spently_products;best-selling-products;newest-products
Social distancing stickers,gid://shopify/Product/4608495321163,social-distancing-stickers-17-blue-social-distancing-floor-stickers,Social Distancing Stickers 17 Blue Social Distancing Floor Stickers,ACTIVE,hide,social-distancing-stickers-printing,spently_products;best-selling-products;newest-products
Social distancing stickers,gid://shopify/Product/4608495386699,social-distancing-stickers-17-green-social-distancing-floor-stickers,Social Distancing Stickers 17 Green Social Distancing Floor Stickers,ACTIVE,hide,social-distancing-stickers-printing,spently_products;best-selling-products;newest-products
Social distancing stickers,gid://shopify/Product/4608495452235,social-distancing-stickers-17-pink-social-distancing-floor-stickers,Social Distancing Stickers 17 Pink Social Distancing Floor Stickers,ACTIVE,hide,social-distancing-stickers-printing,spently_products;best-selling-products;newest-products
Social distancing stickers,gid://shopify/Product/4608495485003,social-distancing-stickers-17-red-social-distancing-floor-stickers,Social Distancing Stickers 17 Red Social Distancing Floor Stickers,ACTIVE,hide,social-distancing-stickers-printing,spently_products;best-selling-products;newest-products
Social distancing stickers,gid://shopify/Product/4608495648843,social-distancing-stickers-17-social-distancing-floor-stickers,Social Distancing Stickers 17 Social Distancing Floor Stickers,ACTIVE,hide,social-distancing-stickers-printing,spently_products;best-selling-products;newest-products
Social distancing stickers,gid://shopify/Product/4608495550539,social-distancing-stickers-17-yellow-social-distancing-floor-stickers,Social Distancing Stickers 17 Yellow Social Distancing Floor Stickers,ACTIVE,hide,social-distancing-stickers-printing,spently_products;best-selling-products;newest-products
Social distancing stickers,gid://shopify/Product/4608495681611,social-distancing-stickers-18-social-distancing-floor-stickers,Social Distancing Stickers 18 Social Distancing Floor Stickers,ACTIVE,hide,social-distancing-stickers-printing,spently_products;best-selling-products;newest-products
Social distancing stickers,gid://shopify/Product/4608495714379,social-distancing-stickers-19-social-distancing-floor-stickers,Social Distancing Stickers 19 Social Distancing Floor Stickers,ACTIVE,hide,social-distancing-stickers-printing,spently_products;best-selling-products;newest-products
Social distancing stickers,gid://shopify/Product/4608495812683,social-distancing-stickers-20a-social-distancing-floor-stickers,Social Distancing Stickers 20a Social Distancing Floor Stickers,ACTIVE,hide,social-distancing-stickers-printing,spently_products;best-selling-products;newest-products
Social distancing stickers,gid://shopify/Product/4608495845451,social-distancing-stickers-21-social-distancing-floor-stickers,Social Distancing Stickers 21 Social Distancing Floor Stickers,ACTIVE,hide,social-distancing-stickers-printing,spently_products;best-selling-products;newest-products
Social distancing stickers,gid://shopify/Product/4608505708619,social-distancing-stickers-22-social-distancing-floor-stickers,Social Distancing Stickers 22 Social Distancing Floor Stickers,ACTIVE,hide,social-distancing-stickers-printing,spently_products;best-selling-products;newest-products
Social distancing stickers,gid://shopify/Product/4608505774155,social-distancing-stickers-23-social-distancing-floor-stickers,Social Distancing Stickers 23 Social Distancing Floor Stickers,ACTIVE,hide,social-distancing-stickers-printing,spently_products;best-selling-products;newest-products
Social distancing stickers,gid://shopify/Product/4608505806923,social-distancing-stickers-24-social-distancing-floor-stickers,Social Distancing Stickers 24 Social Distancing Floor Stickers,ACTIVE,hide,social-distancing-stickers-printing,spently_products;best-selling-products;newest-products
Social distancing stickers,gid://shopify/Product/4608505872459,social-distancing-stickers-25-social-distancing-floor-stickers,Social Distancing Stickers 25 Social Distancing Floor Stickers,ACTIVE,hide,social-distancing-stickers-printing,spently_products;best-selling-products;newest-products
Social distancing stickers,gid://shopify/Product/4608505937995,social-distancing-stickers-26-social-distancing-floor-stickers,Social Distancing Stickers 26 Social Distancing Floor Stickers,ACTIVE,hide,social-distancing-stickers-printing,spently_products;best-selling-products;newest-products
Social distancing stickers,gid://shopify/Product/4608506003531,social-distancing-stickers-27-social-distancing-floor-stickers,Social Distancing Stickers 27 Social Distancing Floor Stickers,ACTIVE,hide,social-distancing-stickers-printing,spently_products;best-selling-products;newest-products
Social distancing stickers,gid://shopify/Product/4608506036299,social-distancing-stickers-28-social-distancing-floor-stickers,Social Distancing Stickers 28 Social Distancing Floor Stickers,ACTIVE,hide,social-distancing-stickers-printing,spently_products;best-selling-products;newest-products
Social distancing stickers,gid://shopify/Product/4608506101835,social-distancing-stickers-29-social-distancing-floor-stickers,Social Distancing Stickers 29 Social Distancing Floor Stickers,ACTIVE,hide,social-distancing-stickers-printing,spently_products;best-selling-products;newest-products
Social distancing stickers,gid://shopify/Product/4608506134603,social-distancing-stickers-2a-social-distancing-floor-stickers,Social Distancing Stickers 2a Social Distancing Floor Stickers,ACTIVE,hide,social-distancing-stickers-printing,spently_products;best-selling-products;newest-products
Social distancing stickers,gid://shopify/Product/4608506200139,social-distancing-stickers-3-social-distancing-floor-stickers,Social Distancing Stickers 3 Social Distancing Floor Stickers,ACTIVE,hide,social-distancing-stickers-printing,spently_products;best-selling-products;newest-products
Social distancing stickers,gid://shopify/Product/4608506265675,social-distancing-stickers-30-social-distancing-floor-stickers,Social Distancing Stickers 30 Social Distancing Floor Stickers,ACTIVE,hide,social-distancing-stickers-printing,spently_products;best-selling-products;newest-products
Social distancing stickers,gid://shopify/Product/4608506363979,social-distancing-stickers-31-social-distancing-floor-stickers,Social Distancing Stickers 31 Social Distancing Floor Stickers,ACTIVE,hide,social-distancing-stickers-printing,spently_products;best-selling-products;newest-products
Social distancing stickers,gid://shopify/Product/4608506429515,social-distancing-stickers-32-social-distancing-floor-stickers,Social Distancing Stickers 32 Social Distancing Floor Stickers,ACTIVE,hide,social-distancing-stickers-printing,spently_products;best-selling-products;newest-products
Social distancing stickers,gid://shopify/Product/4608506462283,social-distancing-stickers-33-social-distancing-floor-stickers,Social Distancing Stickers 33 Social Distancing Floor Stickers,ACTIVE,hide,social-distancing-stickers-printing,spently_products;best-selling-products;newest-products
Social distancing stickers,gid://shopify/Product/4608506527819,social-distancing-stickers-34-social-distancing-floor-stickers,Social Distancing Stickers 34 Social Distancing Floor Stickers,ACTIVE,hide,social-distancing-stickers-printing,spently_products;best-selling-products;newest-products
Social distancing stickers,gid://shopify/Product/4608506626123,social-distancing-stickers-35-social-distancing-floor-stickers,Social Distancing Stickers 35 Social Distancing Floor Stickers,ACTIVE,hide,social-distancing-stickers-printing,spently_products;best-selling-products;newest-products
Social distancing stickers,gid://shopify/Product/4608506691659,social-distancing-stickers-36-social-distancing-floor-stickers,Social Distancing Stickers 36 Social Distancing Floor Stickers,ACTIVE,hide,social-distancing-stickers-printing,spently_products;best-selling-products;newest-products
Social distancing stickers,gid://shopify/Product/4608506757195,social-distancing-stickers-37-social-distancing-floor-stickers,Social Distancing Stickers 37 Social Distancing Floor Stickers,ACTIVE,hide,social-distancing-stickers-printing,spently_products;best-selling-products;newest-products
Social distancing stickers,gid://shopify/Product/4608506822731,social-distancing-stickers-38-social-distancing-floor-stickers,Social Distancing Stickers 38 Social Distancing Floor Stickers,ACTIVE,hide,social-distancing-stickers-printing,spently_products;best-selling-products;newest-products
Social distancing stickers,gid://shopify/Product/4608506888267,social-distancing-stickers-39-social-distancing-floor-stickers,Social Distancing Stickers 39 Social Distancing Floor Stickers,ACTIVE,hide,social-distancing-stickers-printing,spently_products;best-selling-products;newest-products
Social distancing stickers,gid://shopify/Product/4608506953803,social-distancing-stickers-4-social-distancing-floor-stickers,Social Distancing Stickers 4 Social Distancing Floor Stickers,ACTIVE,hide,social-distancing-stickers-printing,spently_products;best-selling-products;newest-products
Social distancing stickers,gid://shopify/Product/4608507052107,social-distancing-stickers-6-social-distancing-floor-stickers,Social Distancing Stickers 6 Social Distancing Floor Stickers,ACTIVE,hide,social-distancing-stickers-printing,spently_products;best-selling-products;newest-products
Social distancing stickers,gid://shopify/Product/4608507117643,social-distancing-stickers-7-social-distancing-floor-stickers,Social Distancing Stickers 7 Social Distancing Floor Stickers,ACTIVE,hide,social-distancing-stickers-printing,spently_products;best-selling-products;newest-products
Social distancing stickers,gid://shopify/Product/4608507183179,social-distancing-stickers-8-social-distancing-floor-stickers,Social Distancing Stickers 8 Social Distancing Floor Stickers,ACTIVE,hide,social-distancing-stickers-printing,spently_products;best-selling-products;newest-products
Social distancing stickers,gid://shopify/Product/4608507248715,social-distancing-stickers-9-social-distancing-floor-stickers,Social Distancing Stickers 9 Social Distancing Floor Stickers,ACTIVE,hide,social-distancing-stickers-printing,spently_products;best-selling-products;newest-products
Social distancing stickers,gid://shopify/Product/4608507314251,social-distancing-stickers-set-d-social-distancing-floor-stickers,Social Distancing Stickers Set D Social Distancing Floor Stickers,ACTIVE,hide,social-distancing-stickers-printing,spently_products;best-selling-products;newest-products
Social distancing stickers,gid://shopify/Product/4608507379787,take-care-of-yourself-and-others-practice-social-distancing-at-1m-3ft-please-wear-your-mask-social-distancing-floor-stickers,Take Care Of Yourself And Others Practice Social Distancing At 1m 3ft Please Wear Your Mask Social Distancing Floor Stickers,ACTIVE,hide,social-distancing-stickers-printing,spently_products;best-selling-products;newest-products
Social distancing stickers,gid://shopify/Product/4608507412555,thank-you-for-practicing-social-distancing-keep-safe-and-remember-the-1m-3ft-distance-social-distancing-floor-stickers,Thank You For Practicing Social Distancing Keep Safe And Remember The 1m 3ft Distance Social Distancing Floor Stickers,ACTIVE,hide,social-distancing-stickers-printing,spently_products;best-selling-products;newest-products
Social distancing stickers,gid://shopify/Product/4608507478091,thank-you-for-practicing-social-distancing-sticker-sd111-social-distancing-floor-stickers,Thank You For Practicing Social Distancing Sticker Sd111 Social Distancing Floor Stickers,ACTIVE,hide,social-distancing-stickers-printing,spently_products;best-selling-products;newest-products
Social distancing stickers,gid://shopify/Product/4608507543627,thank-you-for-practicing-social-distancing-sticker-sd112-social-distancing-floor-stickers,Thank You For Practicing Social Distancing Sticker Sd112 Social Distancing Floor Stickers,ACTIVE,hide,social-distancing-stickers-printing,spently_products;best-selling-products;newest-products
Social distancing stickers,gid://shopify/Product/4608507576395,thank-you-for-practicing-social-distancing-sticker-sd113-social-distancing-floor-stickers,Thank You For Practicing Social Distancing Sticker Sd113 Social Distancing Floor Stickers,ACTIVE,hide,social-distancing-stickers-printing,spently_products;best-selling-products;newest-products
Social distancing stickers,gid://shopify/Product/4608507641931,thank-you-for-practicing-social-distancing-sticker-sd114-social-distancing-floor-stickers,Thank You For Practicing Social Distancing Sticker Sd114 Social Distancing Floor Stickers,ACTIVE,hide,social-distancing-stickers-printing,spently_products;best-selling-products;newest-products
Social distancing stickers,gid://shopify/Product/4608507707467,thank-you-for-practicing-social-distancing-sticker-sd115-social-distancing-floor-stickers,Thank You For Practicing Social Distancing Sticker Sd115 Social Distancing Floor Stickers,ACTIVE,hide,social-distancing-stickers-printing,spently_products;best-selling-products;newest-products
Social distancing stickers,gid://shopify/Product/4608507805771,this-about-your-family-1m-3ft-practice-social-distancing-social-distancing-floor-stickers,This About Your Family 1m 3ft Practice Social Distancing Social Distancing Floor Stickers,ACTIVE,hide,social-distancing-stickers-printing,spently_products;best-selling-products;newest-products
Social distancing stickers,gid://shopify/Product/4608507838539,wash-your-hands-keep-your-social-distancing-at-1m-3ft-social-distancing-floor-stickers,Wash Your Hands & Keep Your Social Distancing At 1m 3ft Social Distancing Floor Stickers,ACTIVE,hide,social-distancing-stickers-printing,spently_products;best-selling-products;newest-products
Social distancing stickers,gid://shopify/Product/4608507936843,welcome-back-to-your-hair-salon-social-distance-floor-stickers-silver-social-distancing-floor-stickers,Welcome Back To Your Hair Salon Social Distance Floor Stickers Silver Social Distancing Floor Stickers,ACTIVE,hide,social-distancing-stickers-printing,spently_products;best-selling-products;newest-products
Social distancing stickers,gid://shopify/Product/4608508067915,welcome-back-to-your-hair-salon-social-distance-floor-stickers-social-distancing-floor-stickers,Welcome Back To Your Hair Salon Social Distance Floor Stickers Social Distancing Floor Stickers,ACTIVE,hide,social-distancing-stickers-printing,spently_products;best-selling-products;newest-products
Social distancing stickers,gid://shopify/Product/4608507969611,welcome-back-to-your-hair-salon-social-distance-floor-stickers-yellow-social-distancing-floor-stickers,Welcome Back To Your Hair Salon Social Distance Floor Stickers Yellow Social Distancing Floor Stickers,ACTIVE,hide,social-distancing-stickers-printing,spently_products;best-selling-products;newest-products
Social distancing stickers,gid://shopify/Product/4608508166219,your-safety-is-our-top-priority-please-keep-1m-3ft-social-distance-social-distancing-floor-stickers,Your Safety Is Our Top Priority Please Keep 1m 3ft Social Distance Social Distancing Floor Stickers,ACTIVE,hide,social-distancing-stickers-printing,spently_products;best-selling-products;newest-products
Social distancing stickers,gid://shopify/Product/4608507347019,social-distancing-stickers-set-e-social-distancing-floor-stickers,Social Distancing Stickers Set E Social Distancing Floor Stickers,DRAFT,skip (already DRAFT),social-distancing-stickers-printing,spently_products;best-selling-products;newest-products
VE Day 80,gid://shopify/Product/15130220265853,80th-anniversary-d-day-commemorative-t-shirt-for-kids-casual-short-sleeve-breathable-polyester-geometric-print-machine-washable-perfect-summer-tee,"80th Anniversary D-Day Commemorative T-Shirt for Kids - Casual Short Sleeve, Breathable Polyester, Geometric Print, Machine Washable",ACTIVE,hide,ve-day-bunting,spently_products;best-selling-products;newest-products;clothing-multi-buy
VE Day 80,gid://shopify/Product/15130240778621,80th-anniversary-d-day-commemorative-t-shirt-for-kids-casual-short-sleeve-breathable-polyester-geometric-print-machine-washable-perfect-summer-tee-1,"80th Anniversary D-Day Commemorative T-Shirt for Kids - Casual Short Sleeve, Breathable Polyester, Geometric Print, Machine Washable",ACTIVE,hide,ve-day-bunting,spently_products;best-selling-products;newest-products;clothing-multi-buy
VE Day 80,gid://shopify/Product/15130218365309,80th-anniversary-d-day-commemorative-t-shirt-for-men-casual-short-sleeve-breathable-polyester-geometric-print-machine-washable-perfect-summer-tee,"80th Anniversary D-Day Commemorative T-Shirt for Men - Casual Short Sleeve, Breathable Polyester, Geometric Print, Machine Washable",ACTIVE,hide,ve-day-bunting,spently_products;best-selling-products;newest-products;clothing-multi-buy
VE Day 80,gid://shopify/Product/15050128916861,ve-day-80th-anniversary-50mm-custom-name-round-stickers-design-1-pack-of-40-special-edition,VE Day 80th Anniversary 50mm CUSTOM NAME Round Stickers Design 1  - Special Edition,ACTIVE,hide,ve-day-80th-anniversary-collection-victory-in-europe;ve-day-stickers;ve-day-perfect-for-schools-items,spently_products;best-selling-products;newest-products
VE Day 80,gid://shopify/Product/15050130293117,ve-day-80th-anniversary-50mm-custom-name-round-stickers-design-2-pack-of-40-special-editio,VE Day 80th Anniversary 50mm CUSTOM NAME Round Stickers Design 2 - Special Editio,ACTIVE,hide,ve-day-80th-anniversary-collection-victory-in-europe;ve-day-stickers;ve-day-perfect-for-schools-items,spently_products;best-selling-products;newest-products
VE Day 80,gid://shopify/Product/15050131964285,ve-day-80th-anniversary-50mm-custom-name-round-stickers-design-3-pack-of-40-special-edition,VE Day 80th Anniversary 50mm CUSTOM NAME Round Stickers Design 3 - Special Edition,ACTIVE,hide,ve-day-80th-anniversary-collection-victory-in-europe;ve-day-stickers;ve-day-perfect-for-schools-items,spently_products;best-selling-products;newest-products
VE Day 80,gid://shopify/Product/15050133045629,ve-day-80th-anniversary-50mm-custom-name-round-stickers-design-4-pack-of-40-special-edition,VE Day 80th Anniversary 50mm CUSTOM NAME Round Stickers Design 4 - Special Edition,ACTIVE,hide,ve-day-80th-anniversary-collection-victory-in-europe;ve-day-stickers;ve-day-perfect-for-schools-items,spently_products;best-selling-products;newest-products
VE Day 80,gid://shopify/Product/15050139173245,ve-day-80th-anniversary-50mm-custom-name-round-stickers-design-5-pack-of-40-special-edition,VE Day 80th Anniversary 50mm CUSTOM NAME Round Stickers Design 5 - Special Edition,ACTIVE,hide,ve-day-80th-anniversary-collection-victory-in-europe;ve-day-stickers;ve-day-perfect-for-schools-items,spently_products;best-selling-products;newest-products
VE Day 80,gid://shopify/Product/15050143203709,ve-day-80th-anniversary-50mm-custom-name-round-stickers-design-6-pack-of-40-special-edition,VE Day 80th Anniversary 50mm CUSTOM NAME Round Stickers Design 6 - Special Edition,ACTIVE,hide,ve-day-80th-anniversary-collection-victory-in-europe;ve-day-stickers;ve-day-perfect-for-schools-items,spently_products;best-selling-products;newest-products
VE Day 80,gid://shopify/Product/15050145464701,ve-day-80th-anniversary-50mm-custom-name-round-stickers-design-7-pack-of-40-special-edition,VE Day 80th Anniversary 50mm CUSTOM NAME Round Stickers Design 7  - Special Edition,ACTIVE,hide,ve-day-80th-anniversary-collection-victory-in-europe;ve-day-stickers;ve-day-perfect-for-schools-items,spently_products;best-selling-products;newest-products
VE Day 80,gid://shopify/Product/15050147332477,ve-day-80th-anniversary-50mm-round-stickers-design-1-pack-of-40-special-edition,VE Day 80th Anniversary 50mm Round Stickers Design 1 - Special Edition,ACTIVE,hide,ve-day-80th-anniversary-collection-victory-in-europe;ve-day-stickers,spently_products;best-selling-products;newest-products
VE Day 80,gid://shopify/Product/15050162897277,ve-day-80th-anniversary-50mm-round-stickers-design-2-pack-of-40-special-edition,VE Day 80th Anniversary 50mm Round Stickers Design 2- Special Edition,ACTIVE,hide,ve-day-80th-anniversary-collection-victory-in-europe;ve-day-stickers,spently_products;best-selling-products;newest-products
VE Day 80,gid://shopify/Product/15050164994429,ve-day-80th-anniversary-50mm-round-stickers-design-3-pack-of-40-special-edition,VE Day 80th Anniversary 50mm Round Stickers Design 3 - Special Edition,ACTIVE,hide,ve-day-80th-anniversary-collection-victory-in-europe;ve-day-stickers,spently_products;best-selling-products;newest-products
VE Day 80,gid://shopify/Product/15050167878013,ve-day-80th-anniversary-50mm-round-stickers-design-4-pack-of-40-special-edition,VE Day 80th Anniversary 50mm Round Stickers Design 4 - Special Edition,ACTIVE,hide,ve-day-80th-anniversary-collection-victory-in-europe;ve-day-stickers,spently_products;best-selling-products;newest-products
VE Day 80,gid://shopify/Product/15050168435069,ve-day-80th-anniversary-50mm-round-stickers-design-5-pack-of-40-special-edition,VE Day 80th Anniversary 50mm Round Stickers Design 5 - Special Edition,ACTIVE,hide,ve-day-80th-anniversary-collection-victory-in-europe;ve-day-stickers,spently_products;best-selling-products;newest-products
VE Day 80,gid://shopify/Product/15050170433917,ve-day-80th-anniversary-50mm-round-stickers-design-6-pack-of-40-special-edition,VE Day 80th Anniversary 50mm Round Stickers Design 6 - Special Edition,ACTIVE,hide,ve-day-80th-anniversary-collection-victory-in-europe;ve-day-stickers,spently_products;best-selling-products;newest-products
VE Day 80,gid://shopify/Product/15050171154813,ve-day-80th-anniversary-50mm-round-stickers-design-7-pack-of-40-special-edition,VE Day 80th Anniversary 50mm Round Stickers Design 7 - Special Edition,ACTIVE,hide,ve-day-80th-anniversary-collection-victory-in-europe;ve-day-stickers,spently_products;best-selling-products;newest-products
VE Day 80,gid://shopify/Product/15039901991293,ve-day-80th-anniversary-babygrow-design-1-special-edition,VE Day 80th Anniversary Babygrow Design 1 - Special Edition,ACTIVE,hide,ve-day-80th-anniversary-collection-victory-in-europe;ve-day-80-clothing,spently_products;best-selling-products;newest-products
VE Day 80,gid://shopify/Product/15039907234173,ve-day-80th-anniversary-babygrow-design-2-special-edition-copy,VE Day 80th Anniversary Babygrow Design 2 - Special Edition,ACTIVE,hide,ve-day-80th-anniversary-collection-victory-in-europe;ve-day-80-clothing,spently_products;best-selling-products;newest-products
VE Day 80,gid://shopify/Product/15039909953917,ve-day-80th-anniversary-babygrow-design-3-special-edition,VE Day 80th Anniversary Babygrow Design 3 - Special Edition,ACTIVE,hide,ve-day-80th-anniversary-collection-victory-in-europe;ve-day-80-clothing,spently_products;best-selling-products;newest-products
VE Day 80,gid://shopify/Product/15039911854461,ve-day-80th-anniversary-babygrow-design-4-special-edition,VE Day 80th Anniversary Babygrow Design 4 (Soldier) - Special Edition,ACTIVE,hide,ve-day-80th-anniversary-collection-victory-in-europe;ve-day-80-clothing,spently_products;best-selling-products;newest-products
VE Day 80,gid://shopify/Product/15039913099645,ve-day-80th-anniversary-babygrow-design-5-special-edition,VE Day 80th Anniversary Babygrow Design 5 (Plane) - Special Edition,ACTIVE,hide,ve-day-80th-anniversary-collection-victory-in-europe;ve-day-80-clothing,spently_products;best-selling-products;newest-products
VE Day 80,gid://shopify/Product/15039913755005,ve-day-80th-anniversary-babygrow-design-6-special-edition,VE Day 80th Anniversary Babygrow Design 6 (Poppy) - Special Edition,ACTIVE,hide,ve-day-80th-anniversary-collection-victory-in-europe;ve-day-80-clothing,spently_products;best-selling-products;newest-products
VE Day 80,gid://shopify/Product/15039915884925,ve-day-80th-anniversary-babygrow-design-7-poppy-special-edition,VE Day 80th Anniversary Babygrow Design 7 (Poppy) - Special Edition,ACTIVE,hide,ve-day-80th-anniversary-collection-victory-in-europe;ve-day-80-clothing,spently_products;best-selling-products;newest-products
VE Day 80,gid://shopify/Product/15088414654845,ve-day-80th-anniversary-bar-mat-runner-design-1-special-edition,VE Day 80th Anniversary Bar Mat Runner Design 1 - Special Edition,ACTIVE,hide,ve-day-80th-anniversary-collection-victory-in-europe;ve-day-bar-mats,spently_products;best-selling-products;newest-products;home-bar-garden-bar-and-man-cave
VE Day 80,gid://shopify/Product/15088418095485,ve-day-80th-anniversary-bar-mat-runner-design-2-special-edition,VE Day 80th Anniversary Bar Mat Runner Design 2 - Special Edition,ACTIVE,hide,ve-day-80th-anniversary-collection-victory-in-europe;ve-day-bar-mats,spently_products;best-selling-products;newest-products;home-bar-garden-bar-and-man-cave
VE Day 80,gid://shopify/Product/15088418521469,ve-day-80th-anniversary-bar-mat-runner-design-3-special-edition,VE Day 80th Anniversary Bar Mat Runner Design 3 - Special Edition,ACTIVE,hide,ve-day-80th-anniversary-collection-victory-in-europe;ve-day-bar-mats,spently_products;best-selling-products;newest-products;home-bar-garden-bar-and-man-cave
VE Day 80,gid://shopify/Product/15088418718077,ve-day-80th-anniversary-bar-mat-runner-design-4-special-edition,VE Day 80th Anniversary Bar Mat Runner Design 4 - Special Edition,ACTIVE,hide,ve-day-80th-anniversary-collection-victory-in-europe;ve-day-bar-mats,spently_products;best-selling-products;newest-products;home-bar-garden-bar-and-man-cave
VE Day 80,gid://shopify/Product/15088420094333,ve-day-80th-anniversary-bar-mat-runner-design-5-special-edition,VE Day 80th Anniversary Bar Mat Runner Design 5 - Special Edition,ACTIVE,hide,ve-day-80th-anniversary-collection-victory-in-europe;ve-day-bar-mats,spently_products;best-selling-products;newest-products;home-bar-garden-bar-and-man-cave
VE Day 80,gid://shopify/Product/15073636123005,ve-day-80th-anniversary-colour-in-yourself-small-paper-banners-set-of-2-design-1-special-edition,VE Day 80th Anniversary COLOUR IN YOURSELF Small Paper Banners (Set of 2) Design 1 - Special Edition,ACTIVE,hide,ve-day-80th-anniversary-collection-victory-in-europe;ve-day-banners;ve-day-80-colour-in-yourself-items;ve-day-perfect-for-schools-items,spently_products;best-selling-products;newest-products
VE Day 80,gid://shopify/Product/15073640776061,ve-day-80th-anniversary-colour-in-yourself-small-paper-banners-set-of-2-design-2-special-edition,VE Day 80th Anniversary COLOUR IN YOURSELF Small Paper Banners (Set of 2) Design 2 - Special Edition,ACTIVE,hide,ve-day-80th-anniversary-collection-victory-in-europe;ve-day-banners;ve-day-80-colour-in-yourself-items;ve-day-perfect-for-schools-items,spently_products;best-selling-products;newest-products
VE Day 80,gid://shopify/Product/15073641365885,ve-day-80th-anniversary-colour-in-yourself-small-paper-banners-set-of-2-design-3-special-edition,VE Day 80th Anniversary COLOUR IN YOURSELF Small Paper Banners (Set of 2) Design 3 - Special Edition,ACTIVE,hide,ve-day-80th-anniversary-collection-victory-in-europe;ve-day-banners;ve-day-80-colour-in-yourself-items;ve-day-perfect-for-schools-items,spently_products;best-selling-products;newest-products
VE Day 80,gid://shopify/Product/15073633829245,ve-day-80th-anniversary-colour-it-yourself-handwaving-flags-pack-of-10-special-edition,VE Day 80th Anniversary COLOUR IT YOURSELF Handwaving Flags (Pack of 10) - Special Edition,ACTIVE,hide,ve-day-80th-anniversary-collection-victory-in-europe;ve-day-flags;ve-day-80-colour-in-yourself-items;ve-day-perfect-for-schools-items,spently_products;best-selling-products;newest-products
VE Day 80,gid://shopify/Product/15073631273341,ve-day-80th-anniversary-colour-it-yourself-handwaving-flags-pack-of-5-special-edition,VE Day 80th Anniversary COLOUR IT YOURSELF Handwaving Flags (Pack of 5) - Special Edition,ACTIVE,hide,ve-day-80th-anniversary-collection-victory-in-europe;ve-day-flags;ve-day-80-colour-in-yourself-items;ve-day-perfect-for-schools-items,spently_products;best-selling-products;newest-products
VE Day 80,gid://shopify/Product/15073643626877,ve-day-80th-anniversary-colour-it-yourself-large-paper-banner-6ft-x-1-5-ft-design-1-special-edition,VE Day 80th Anniversary COLOUR IT YOURSELF Large Paper Banner (6ft x 1.5 ft) Design 1 - Special Edition,ACTIVE,hide,ve-day-80th-anniversary-collection-victory-in-europe;ve-day-banners;ve-day-80-colour-in-yourself-items;ve-day-perfect-for-schools-items,spently_products;best-selling-products;newest-products
VE Day 80,gid://shopify/Product/15073646182781,ve-day-80th-anniversary-colour-it-yourself-large-paper-banner-6ft-x-1-5-ft-design-2-special-edition,VE Day 80th Anniversary COLOUR IT YOURSELF Large Paper Banner (6ft x 1.5 ft) Design 2 - Special Edition,ACTIVE,hide,ve-day-80th-anniversary-collection-victory-in-europe;ve-day-banners;ve-day-80-colour-in-yourself-items;ve-day-perfect-for-schools-items,spently_products;best-selling-products;newest-products
VE Day 80,gid://shopify/Product/15073646608765,ve-day-80th-anniversary-colour-it-yourself-large-paper-banner-6ft-x-1-5-ft-design-3-special-edition,VE Day 80th Anniversary COLOUR IT YOURSELF Large Paper Banner (6ft x 1.5 ft) Design 3 - Special Edition,ACTIVE,hide,ve-day-80th-anniversary-collection-victory-in-europe;ve-day-banners;ve-day-80-colour-in-yourself-items;ve-day-perfect-for-schools-items,spently_products;best-selling-products;newest-products
VE Day 80,gid://shopify/Product/15073648836989,ve-day-80th-anniversary-colour-it-yourself-party-bunting-design-1-special-edition,VE Day 80th Anniversary COLOUR IT YOURSELF Party Bunting Design 1 - Special Edition,ACTIVE,hide,ve-day-80th-anniversary-collection-victory-in-europe;ve-day-80-commemorative-items;ve-day-80-colour-in-yourself-items;ve-day-perfect-for-schools-items,spently_products;best-selling-products;newest-products
VE Day 80,gid://shopify/Product/15073651163517,ve-day-80th-anniversary-colour-it-yourself-party-bunting-design-2-special-edition,VE Day 80th Anniversary COLOUR IT YOURSELF Party Bunting Design 2 - Special Edition,ACTIVE,hide,ve-day-80th-anniversary-collection-victory-in-europe;ve-day-80-commemorative-items;ve-day-80-colour-in-yourself-items;ve-day-perfect-for-schools-items,spently_products;best-selling-products;newest-products
VE Day 80,gid://shopify/Product/15073651523965,ve-day-80th-anniversary-colour-it-yourself-party-bunting-design-3-special-edition,VE Day 80th Anniversary COLOUR IT YOURSELF Party Bunting Design 3 - Special Edition,ACTIVE,hide,ve-day-80th-anniversary-collection-victory-in-europe;ve-day-80-commemorative-items;ve-day-80-colour-in-yourself-items;ve-day-perfect-for-schools-items,spently_products;best-selling-products;newest-products
VE Day 80,gid://shopify/Product/15046428983677,ve-day-80th-anniversary-custom-name-clutch-pin-design-1-special-edition,VE Day 80th Anniversary CUSTOM NAME Clutch Pin Badge Design 1 - Special Edition,ACTIVE,hide,ve-day-80th-anniversary-collection-victory-in-europe;ve-day-pins;ve-day-perfect-for-schools-items,spently_products;best-selling-products;newest-products
VE Day 80,gid://shopify/Product/15160256692605,ve-day-80th-anniversary-custom-name-clutch-pin-design-2-special-edition,VE Day 80th Anniversary CUSTOM NAME Clutch Pin Badge Design 2 - Special Edition,ACTIVE,hide,ve-day-80th-anniversary-collection-victory-in-europe;ve-day-pins;ve-day-perfect-for-schools-items,spently_products;best-selling-products;newest-products
VE Day 80,gid://shopify/Product/15160257872253,ve-day-80th-anniversary-custom-name-clutch-pin-design-3-special-edition,VE Day 80th Anniversary CUSTOM NAME Clutch Pin Badge Design 3 - Special Edition,ACTIVE,hide,ve-day-80th-anniversary-collection-victory-in-europe;ve-day-pins;ve-day-perfect-for-schools-items,spently_products;best-selling-products;newest-products
VE Day 80,gid://shopify/Product/15160258953597,ve-day-80th-anniversary-custom-name-clutch-pin-design-4-special-edition,VE Day 80th Anniversary CUSTOM NAME Clutch Pin Badge Design 4 - Special Edition,ACTIVE,hide,ve-day-80th-anniversary-collection-victory-in-europe;ve-day-pins;ve-day-perfect-for-schools-items,spently_products;best-selling-products;newest-products
VE Day 80,gid://shopify/Product/15160259969405,ve-day-80th-anniversary-custom-name-clutch-pin-design-5-special-edition,VE Day 80th Anniversary CUSTOM NAME Clutch Pin Badge Design 5 - Special Edition,ACTIVE,hide,ve-day-80th-anniversary-collection-victory-in-europe;ve-day-pins;ve-day-perfect-for-schools-items,spently_products;best-selling-products;newest-products
VE Day 80,gid://shopify/Product/15160260886909,ve-day-80th-anniversary-custom-name-clutch-pin-design-6-special-edition,VE Day 80th Anniversary CUSTOM NAME Clutch Pin Badge Design 6 - Special Edition,ACTIVE,hide,ve-day-80th-anniversary-collection-victory-in-europe;ve-day-pins;ve-day-perfect-for-schools-items,spently_products;best-selling-products;newest-products
VE Day 80,gid://shopify/Product/15160261869949,ve-day-80th-anniversary-custom-name-clutch-pin-design-7-special-edition,VE Day 80th Anniversary CUSTOM NAME Clutch Pin Badge Design 7 - Special Edition,ACTIVE,hide,ve-day-80th-anniversary-collection-victory-in-europe;ve-day-pins;ve-day-perfect-for-schools-items,spently_products;best-selling-products;newest-products
VE Day 80,gid://shopify/Product/15052203426173,ve-day-80th-anniversary-custom-large-paper-banner-6ft-x-1-5-ft-design-1-special-edition,VE Day 80th Anniversary CUSTOM NAME Large Paper Banner (6ft x 1.5 ft) Design 1 - Special Edition,ACTIVE,hide,ve-day-80th-anniversary-collection-victory-in-europe;ve-day-banners;ve-day-perfect-for-schools-items,spently_products;best-selling-products;newest-products
VE Day 80,gid://shopify/Product/15052205064573,ve-day-80th-anniversary-custom-name-large-paper-banner-6ft-x-1-5-ft-design-2-special-edition,VE Day 80th Anniversary CUSTOM NAME Large Paper Banner (6ft x 1.5 ft) Design 2 - Special Edition,ACTIVE,hide,ve-day-80th-anniversary-collection-victory-in-europe;ve-day-banners;ve-day-perfect-for-schools-items,spently_products;best-selling-products;newest-products
VE Day 80,gid://shopify/Product/15052206702973,ve-day-80th-anniversary-custom-name-large-paper-banner-6ft-x-1-5-ft-design-3-special-edition,VE Day 80th Anniversary CUSTOM NAME Large Paper Banner (6ft x 1.5 ft) Design 3 - Special Edition,ACTIVE,hide,ve-day-80th-anniversary-collection-victory-in-europe;ve-day-banners;ve-day-perfect-for-schools-items,spently_products;best-selling-products;newest-products
VE Day 80,gid://shopify/Product/15052209553789,ve-day-80th-anniversary-custom-name-large-paper-banner-6ft-x-1-5-ft-design-4-special-edition,VE Day 80th Anniversary CUSTOM NAME Large Paper Banner (6ft x 1.5 ft) Design 4 - Special Edition,ACTIVE,hide,ve-day-80th-anniversary-collection-victory-in-europe;ve-day-banners;ve-day-perfect-for-schools-items,spently_products;best-selling-products;newest-products
VE Day 80,gid://shopify/Product/15052209979773,ve-day-80th-anniversary-custom-name-large-paper-banner-6ft-x-1-5-ft-design-5-special-edition,VE Day 80th Anniversary CUSTOM NAME Large Paper Banner (6ft x 1.5 ft) Design 5 - Special Edition,ACTIVE,hide,ve-day-80th-anniversary-collection-victory-in-europe;ve-day-banners;ve-day-perfect-for-schools-items,spently_products;best-selling-products;newest-products
VE Day 80,gid://shopify/Product/15052211585405,ve-day-80th-anniversary-custom-name-large-paper-banner-6ft-x-1-5-ft-design-6-special-edition,VE Day 80th Anniversary CUSTOM NAME Large Paper Banner (6ft x 1.5 ft) Design 6 - Special Edition,ACTIVE,hide,ve-day-80th-anniversary-collection-victory-in-europe;ve-day-banners;ve-day-perfect-for-schools-items,spently_products;best-selling-products;newest-products
VE Day 80,gid://shopify/Product/15052212797821,ve-day-80th-anniversary-custom-name-large-paper-banner-6ft-x-1-5-ft-design-7-special-edition,VE Day 80th Anniversary CUSTOM NAME Large Paper Banner (6ft x 1.5 ft) Design 7 - Special Edition,ACTIVE,hide,ve-day-80th-anniversary-collection-victory-in-europe;ve-day-banners;ve-day-perfect-for-schools-items,spently_products;best-selling-products;newest-products
VE Day 80,gid://shopify/Product/15052224790909,ve-day-80th-anniversary-custom-name-large-paper-banner-6ft-x-1-5-ft-design-8-special-edition,VE Day 80th Anniversary CUSTOM NAME Large Paper Banner (6ft x 1.5 ft) Design 8 - Special Edition,ACTIVE,hide,ve-day-80th-anniversary-collection-victory-in-europe;ve-day-banners;ve-day-perfect-for-schools-items,spently_products;best-selling-products;newest-products
VE Day 80,gid://shopify/Product/15052241043837,ve-day-80th-anniversary-custom-name-small-paper-banners-set-of-2-design-1-special-edition,VE Day 80th Anniversary CUSTOM NAME Small Paper Banners (Set of 2) Design 1 - Special Edition,ACTIVE,hide,ve-day-80th-anniversary-collection-victory-in-europe;ve-day-banners;ve-day-perfect-for-schools-items,spently_products;best-selling-products;newest-products
VE Day 80,gid://shopify/Product/15052249006461,ve-day-80th-anniversary-custom-name-small-paper-banners-set-of-2-design-2-special-edition,VE Day 80th Anniversary CUSTOM NAME Small Paper Banners (Set of 2) Design 2 - Special Edition,ACTIVE,hide,ve-day-80th-anniversary-collection-victory-in-europe;ve-day-banners;ve-day-perfect-for-schools-items,spently_products;best-selling-products;newest-products
VE Day 80,gid://shopify/Product/15052249989501,ve-day-80th-anniversary-custom-name-small-paper-banners-set-of-2-design-3-special-edition,VE Day 80th Anniversary CUSTOM NAME Small Paper Banners (Set of 2) Design 3 - Special Edition,ACTIVE,hide,ve-day-80th-anniversary-collection-victory-in-europe;ve-day-banners;ve-day-perfect-for-schools-items,spently_products;best-selling-products;newest-products
VE Day 80,gid://shopify/Product/15052252742013,ve-day-80th-anniversary-custom-name-small-paper-banners-set-of-2-design-4-special-edition,VE Day 80th Anniversary CUSTOM NAME Small Paper Banners (Set of 2) Design 4 - Special Edition,ACTIVE,hide,ve-day-80th-anniversary-collection-victory-in-europe;ve-day-banners;ve-day-perfect-for-schools-items,spently_products;best-selling-products;newest-products
VE Day 80,gid://shopify/Product/15052256477565,ve-day-80th-anniversary-custom-name-small-paper-banners-set-of-2-design-5-special-edition,VE Day 80th Anniversary CUSTOM NAME Small Paper Banners (Set of 2) Design 5 - Special Edition,ACTIVE,hide,ve-day-80th-anniversary-collection-victory-in-europe;ve-day-banners;ve-day-perfect-for-schools-items,spently_products;best-selling-products;newest-products
VE Day 80,gid://shopify/Product/15052270698877,ve-day-80th-anniversary-custom-name-small-paper-banners-set-of-2-design-6-special-edition,VE Day 80th Anniversary CUSTOM NAME Small Paper Banners (Set of 2) Design 6 - Special Edition,ACTIVE,hide,ve-day-80th-anniversary-collection-victory-in-europe;ve-day-banners;ve-day-perfect-for-schools-items,spently_products;best-selling-products;newest-products
VE Day 80,gid://shopify/Product/15052272075133,ve-day-80th-anniversary-custom-name-small-paper-banners-set-of-2-design-7-special-edition,VE Day 80th Anniversary CUSTOM NAME Small Paper Banners (Set of 2) Design 7 - Special Edition,ACTIVE,hide,ve-day-80th-anniversary-collection-victory-in-europe;ve-day-banners;ve-day-perfect-for-schools-items,spently_products;best-selling-products;newest-products
VE Day 80,gid://shopify/Product/15052273451389,ve-day-80th-anniversary-custom-name-small-paper-banners-set-of-2-design-8-special-edition,VE Day 80th Anniversary CUSTOM NAME Small Paper Banners (Set of 2) Design 8 - Special Edition,ACTIVE,hide,ve-day-80th-anniversary-collection-victory-in-europe;ve-day-banners;ve-day-perfect-for-schools-items,spently_products;best-selling-products;newest-products
VE Day 80,gid://shopify/Product/15046444155261,ve-day-80th-anniversary-custom-name-standard-pin-badge-design-1-special-edition,VE Day 80th Anniversary CUSTOM NAME Standard Pin Badge Design 1 - Special Edition,ACTIVE,hide,ve-day-80th-anniversary-collection-victory-in-europe;ve-day-pins;ve-day-perfect-for-schools-items,spently_products;best-selling-products;newest-products
VE Day 80,gid://shopify/Product/15046451102077,ve-day-80th-anniversary-custom-name-standard-pin-badge-design-2-special-edition,VE Day 80th Anniversary CUSTOM NAME Standard Pin Badge Design 2 - Special Edition,ACTIVE,hide,ve-day-80th-anniversary-collection-victory-in-europe;ve-day-pins;ve-day-perfect-for-schools-items,spently_products;best-selling-products;newest-products
VE Day 80,gid://shopify/Product/15046451691901,ve-day-80th-anniversary-custom-name-standard-pin-badge-design-3-special-edition,VE Day 80th Anniversary CUSTOM NAME Standard Pin Badge Design 3 - Special Edition,ACTIVE,hide,ve-day-80th-anniversary-collection-victory-in-europe;ve-day-pins;ve-day-perfect-for-schools-items,spently_products;best-selling-products;newest-products
VE Day 80,gid://shopify/Product/15046451855741,ve-day-80th-anniversary-custom-name-standard-pin-badge-design-4-special-edition,VE Day 80th Anniversary CUSTOM NAME Standard Pin Badge Design 4 - Special Edition,ACTIVE,hide,ve-day-80th-anniversary-collection-victory-in-europe;ve-day-pins;ve-day-perfect-for-schools-items,spently_products;best-selling-products;newest-products
VE Day 80,gid://shopify/Product/15046452019581,ve-day-80th-anniversary-custom-name-standard-pin-badge-design-5-special-edition,VE Day 80th Anniversary CUSTOM NAME Standard Pin Badge Design 5 - Special Edition,ACTIVE,hide,ve-day-80th-anniversary-collection-victory-in-europe;ve-day-pins;ve-day-perfect-for-schools-items,spently_products;best-selling-products;newest-products
VE Day 80,gid://shopify/Product/15046452281725,ve-day-80th-anniversary-custom-name-standard-pin-badge-design-6-special-edition,VE Day 80th Anniversary CUSTOM NAME Standard Pin Badge Design 6 - Special Edition,ACTIVE,hide,ve-day-80th-anniversary-collection-victory-in-europe;ve-day-pins;ve-day-perfect-for-schools-items,spently_products;best-selling-products;newest-products
VE Day 80,gid://shopify/Product/15046452576637,ve-day-80th-anniversary-custom-name-standard-pin-badge-design-7-special-edition,VE Day 80th Anniversary CUSTOM NAME Standard Pin Badge Design 7 - Special Edition,ACTIVE,hide,ve-day-80th-anniversary-collection-victory-in-europe;ve-day-pins;ve-day-perfect-for-schools-items,spently_products;best-selling-products;newest-products
VE Day 80,gid://shopify/Product/15052456657277,ve-day-80th-anniversary-cap-design-1-6-colours-special-edition,VE Day 80th Anniversary Cap Design 1 (6 Colours) - Special Edition,ACTIVE,hide,ve-day-80th-anniversary-collection-victory-in-europe;ve-day-clothing,all-mugs;spently_products;best-selling-products;newest-products
VE Day 80,gid://shopify/Product/15052469633405,ve-day-80th-anniversary-cap-design-2-6-colours-special-edition,VE Day 80th Anniversary Cap Design 2 (6 Colours) - Special Edition,ACTIVE,hide,ve-day-80th-anniversary-collection-victory-in-europe;ve-day-clothing,all-mugs;spently_products;best-selling-products;newest-products
VE Day 80,gid://shopify/Product/15052472844669,ve-day-80th-anniversary-cap-design-3-6-colours-special-edition,VE Day 80th Anniversary Cap Design 3 (6 Colours) - Special Edition,ACTIVE,hide,ve-day-80th-anniversary-collection-victory-in-europe;ve-day-clothing,all-mugs;spently_products;best-selling-products;newest-products
VE Day 80,gid://shopify/Product/15052475924861,ve-day-80th-anniversary-cap-design-4-6-colours-special-edition,VE Day 80th Anniversary Cap Design 4 (6 Colours) - Special Edition,ACTIVE,hide,ve-day-80th-anniversary-collection-victory-in-europe;ve-day-clothing,all-mugs;spently_products;best-selling-products;newest-products
VE Day 80,gid://shopify/Product/15052480708989,ve-day-80th-anniversary-cap-design-5-6-colours-special-edition,VE Day 80th Anniversary Cap Design 5 (6 Colours) - Special Edition,ACTIVE,hide,ve-day-80th-anniversary-collection-victory-in-europe;ve-day-clothing,all-mugs;spently_products;best-selling-products;newest-products
VE Day 80,gid://shopify/Product/15052483887485,ve-day-80th-anniversary-cap-design-6-6-colours-special-edition,VE Day 80th Anniversary Cap Design 6 (6 Colours) - Special Edition,ACTIVE,hide,ve-day-80th-anniversary-collection-victory-in-europe;ve-day-clothing,all-mugs;spently_products;best-selling-products;newest-products
VE Day 80,gid://shopify/Product/15052488933757,ve-day-80th-anniversary-cap-design-7-6-colours-special-edition,VE Day 80th Anniversary Cap Design 7 (6 Colours) - Special Edition,ACTIVE,hide,ve-day-80th-anniversary-collection-victory-in-europe;ve-day-clothing,all-mugs;spently_products;best-selling-products;newest-products
VE Day 80,gid://shopify/Product/15046437732733,ve-day-80th-anniversary-clutch-pin-badge-design-1-special-edition,VE Day 80th Anniversary Clutch Pin Badge Design 1 - Special Edition,ACTIVE,hide,ve-day-80th-anniversary-collection-victory-in-europe;ve-day-pins,spently_products;best-selling-products;newest-products
VE Day 80,gid://shopify/Product/15160257380733,ve-day-80th-anniversary-clutch-pin-badge-design-2-special-edition,VE Day 80th Anniversary Clutch Pin Badge Design 2 - Special Edition,ACTIVE,hide,ve-day-80th-anniversary-collection-victory-in-europe;ve-day-pins,spently_products;best-selling-products;newest-products
VE Day 80,gid://shopify/Product/15160258462077,ve-day-80th-anniversary-clutch-pin-badge-design-3-special-edition,VE Day 80th Anniversary Clutch Pin Badge Design 3 - Special Edition,ACTIVE,hide,ve-day-80th-anniversary-collection-victory-in-europe;ve-day-pins,spently_products;best-selling-products;newest-products
VE Day 80,gid://shopify/Product/15160259412349,ve-day-80th-anniversary-clutch-pin-badge-design-4-special-edition,VE Day 80th Anniversary Clutch Pin Badge Design 4 - Special Edition,ACTIVE,hide,ve-day-80th-anniversary-collection-victory-in-europe;ve-day-pins,spently_products;best-selling-products;newest-products
VE Day 80,gid://shopify/Product/15160260329853,ve-day-80th-anniversary-clutch-pin-badge-design-5-special-edition,VE Day 80th Anniversary Clutch Pin Badge Design 5 - Special Edition,ACTIVE,hide,ve-day-80th-anniversary-collection-victory-in-europe;ve-day-pins,spently_products;best-selling-products;newest-products
VE Day 80,gid://shopify/Product/15160261345661,ve-day-80th-anniversary-clutch-pin-badge-design-6-special-edition,VE Day 80th Anniversary Clutch Pin Badge Design 6 - Special Edition,ACTIVE,hide,ve-day-80th-anniversary-collection-victory-in-europe;ve-day-pins,spently_products;best-selling-products;newest-products
VE Day 80,gid://shopify/Product/15160262361469,ve-day-80th-anniversary-clutch-pin-badge-design-7-special-edition,VE Day 80th Anniversary Clutch Pin Badge Design 7 - Special Edition,ACTIVE,hide,ve-day-80th-anniversary-collection-victory-in-europe;ve-day-pins,spently_products;best-selling-products;newest-products
VE Day 80,gid://shopify/Product/15039951667581,ve-day-80th-anniversary-drinks-coaster-design-1-navy-special-edition,VE Day 80th Anniversary Drinks Coaster Design 1 (Navy) - Special Edition,ACTIVE,hide,ve-day-80th-anniversary-collection-victory-in-europe;ve-day-80-party-supplies,spently_products;best-selling-products;newest-products
VE Day 80,gid://shopify/Product/15039966839165,ve-day-80th-anniversary-drinks-coaster-design-2-red-special-edition,VE Day 80th Anniversary Drinks Coaster Design 1 (Red) - Special Edition,ACTIVE,hide,ve-day-80th-anniversary-collection-victory-in-europe;ve-day-80-party-supplies,spently_products;best-selling-products;newest-products
VE Day 80,gid://shopify/Product/15039992791421,ve-day-80th-anniversary-drinks-coaster-design-1-standar-special-edition,VE Day 80th Anniversary Drinks Coaster Design 1 (Standard) - Special Edition,ACTIVE,hide,ve-day-80th-anniversary-collection-victory-in-europe;ve-day-80-party-supplies,spently_products;best-selling-products;newest-products
VE Day 80,gid://shopify/Product/15040006685053,ve-day-80th-anniversary-drinks-coaster-design-1-union-jack-special-edition,VE Day 80th Anniversary Drinks Coaster Design 1 (Union Jack) - Special Edition,ACTIVE,hide,ve-day-80th-anniversary-collection-victory-in-europe;ve-day-80-party-supplies,spently_products;best-selling-products;newest-products
VE Day 80,gid://shopify/Product/15039958253949,ve-day-80th-anniversary-drinks-coaster-design-2-navy-special-edition,VE Day 80th Anniversary Drinks Coaster Design 2 (Navy) - Special Edition,ACTIVE,hide,ve-day-80th-anniversary-collection-victory-in-europe;ve-day-80-party-supplies,spently_products;best-selling-products;newest-products
VE Day 80,gid://shopify/Product/15039965430141,ve-day-80th-anniversary-drinks-coaster-design-1-red-special-edition,VE Day 80th Anniversary Drinks Coaster Design 2 (Red) - Special Edition,ACTIVE,hide,ve-day-80th-anniversary-collection-victory-in-europe;ve-day-80-party-supplies,spently_products;best-selling-products;newest-products
VE Day 80,gid://shopify/Product/15039993676157,ve-day-80th-anniversary-drinks-coaster-design-2-standard-special-edition,VE Day 80th Anniversary Drinks Coaster Design 2 (Standard) - Special Edition,ACTIVE,hide,ve-day-80th-anniversary-collection-victory-in-europe;ve-day-80-party-supplies,spently_products;best-selling-products;newest-products
VE Day 80,gid://shopify/Product/15040007504253,ve-day-80th-anniversary-drinks-coaster-design-2-union-jack-special-edition,VE Day 80th Anniversary Drinks Coaster Design 2 (Union Jack) - Special Edition,ACTIVE,hide,ve-day-80th-anniversary-collection-victory-in-europe;ve-day-80-party-supplies,spently_products;best-selling-products;newest-products
VE Day 80,gid://shopify/Product/15039958745469,ve-day-80th-anniversary-drinks-coaster-design-3-navy-special-edition,VE Day 80th Anniversary Drinks Coaster Design 3 (Navy) - Special Edition,ACTIVE,hide,ve-day-80th-anniversary-collection-victory-in-europe;ve-day-80-party-supplies,spently_products;best-selling-products;newest-products
VE Day 80,gid://shopify/Product/15039976800637,ve-day-80th-anniversary-drinks-coaster-design-3-red-special-edition,VE Day 80th Anniversary Drinks Coaster Design 3 (Red) - Special Edition,ACTIVE,hide,ve-day-80th-anniversary-collection-victory-in-europe;ve-day-80-party-supplies,spently_products;best-selling-products;newest-products
VE Day 80,gid://shopify/Product/15039995281789,ve-day-80th-anniversary-drinks-coaster-design-3-standard-special-edition,VE Day 80th Anniversary Drinks Coaster Design 3 (Standard) - Special Edition,ACTIVE,hide,ve-day-80th-anniversary-collection-victory-in-europe;ve-day-80-party-supplies,spently_products;best-selling-products;newest-products
VE Day 80,gid://shopify/Product/15040007864701,ve-day-80th-anniversary-drinks-coaster-design-3-union-jack-special-edition,VE Day 80th Anniversary Drinks Coaster Design 3 (Union Jack) - Special Edition,ACTIVE,hide,ve-day-80th-anniversary-collection-victory-in-europe;ve-day-80-party-supplies,spently_products;best-selling-products;newest-products
VE Day 80,gid://shopify/Product/15039960318333,ve-day-80th-anniversary-drinks-coaster-design-4-navy-special-edition,VE Day 80th Anniversary Drinks Coaster Design 4 (Navy) - Special Edition,ACTIVE,hide,ve-day-80th-anniversary-collection-victory-in-europe;ve-day-80-party-supplies,spently_products;best-selling-products;newest-products
VE Day 80,gid://shopify/Product/15039981814141,ve-day-80th-anniversary-drinks-coaster-design-4-red-special-edition,VE Day 80th Anniversary Drinks Coaster Design 4 (Red) - Special Edition,ACTIVE,hide,ve-day-80th-anniversary-collection-victory-in-europe;ve-day-80-party-supplies,spently_products;best-selling-products;newest-products
VE Day 80,gid://shopify/Product/15039996297597,ve-day-80th-anniversary-drinks-coaster-design-4-standard-special-edition,VE Day 80th Anniversary Drinks Coaster Design 4 (Standard) - Special Edition,ACTIVE,hide,ve-day-80th-anniversary-collection-victory-in-europe;ve-day-80-party-supplies,spently_products;best-selling-products;newest-products
VE Day 80,gid://shopify/Product/15040008946045,ve-day-80th-anniversary-drinks-coaster-design-4-union-jack-special-edition,VE Day 80th Anniversary Drinks Coaster Design 4 (Union Jack) - Special Edition,ACTIVE,hide,ve-day-80th-anniversary-collection-victory-in-europe;ve-day-80-party-supplies,spently_products;best-selling-products;newest-products
VE Day 80,gid://shopify/Product/15039961301373,ve-day-80th-anniversary-drinks-coaster-design-5-navy-special-edition-copy,VE Day 80th Anniversary Drinks Coaster Design 5 (Navy) - Special Edition,ACTIVE,hide,ve-day-80th-anniversary-collection-victory-in-europe;ve-day-80-party-supplies,spently_products;best-selling-products;newest-products
VE Day 80,gid://shopify/Product/15039988957565,ve-day-80th-anniversary-drinks-coaster-design-5-red-special-edition,VE Day 80th Anniversary Drinks Coaster Design 5 (Red) - Special Edition,ACTIVE,hide,ve-day-80th-anniversary-collection-victory-in-europe;ve-day-80-party-supplies,spently_products;best-selling-products;newest-products
VE Day 80,gid://shopify/Product/15040002589053,ve-day-80th-anniversary-drinks-coaster-design-5-standard-special-edition,VE Day 80th Anniversary Drinks Coaster Design 5 (Standard) - Special Edition,ACTIVE,hide,ve-day-80th-anniversary-collection-victory-in-europe;ve-day-80-party-supplies,spently_products;best-selling-products;newest-products
VE Day 80,gid://shopify/Product/15040010289533,ve-day-80th-anniversary-drinks-coaster-design-5-union-jack-special-edition,VE Day 80th Anniversary Drinks Coaster Design 5 (Union Jack) - Special Edition,ACTIVE,hide,ve-day-80th-anniversary-collection-victory-in-europe;ve-day-80-party-supplies,spently_products;best-selling-products;newest-products
VE Day 80,gid://shopify/Product/15039961825661,ve-day-80th-anniversary-drinks-coaster-design-6-navy-special-edition,VE Day 80th Anniversary Drinks Coaster Design 6 (Navy) - Special Edition,ACTIVE,hide,ve-day-80th-anniversary-collection-victory-in-europe;ve-day-80-party-supplies,spently_products;best-selling-products;newest-products
VE Day 80,gid://shopify/Product/15039989612925,ve-day-80th-anniversary-drinks-coaster-design-6-red-special-edition,VE Day 80th Anniversary Drinks Coaster Design 6 (Red) - Special Edition,ACTIVE,hide,ve-day-80th-anniversary-collection-victory-in-europe;ve-day-80-party-supplies,spently_products;best-selling-products;newest-products
VE Day 80,gid://shopify/Product/15040003637629,ve-day-80th-anniversary-drinks-coaster-design-6-standard-special-edition,VE Day 80th Anniversary Drinks Coaster Design 6 (Standard) - Special Edition,ACTIVE,hide,ve-day-80th-anniversary-collection-victory-in-europe;ve-day-80-party-supplies,spently_products;best-selling-products;newest-products
VE Day 80,gid://shopify/Product/15040011239805,ve-day-80th-anniversary-drinks-coaster-design-6-union-jack-special-edition,VE Day 80th Anniversary Drinks Coaster Design 6 (Union Jack) - Special Edition,ACTIVE,hide,ve-day-80th-anniversary-collection-victory-in-europe;ve-day-80-party-supplies,spently_products;best-selling-products;newest-products
VE Day 80,gid://shopify/Product/15039963496829,ve-day-80th-anniversary-drinks-coaster-design-7-navy-special-edition,VE Day 80th Anniversary Drinks Coaster Design 7 (Navy) - Special Edition,ACTIVE,hide,ve-day-80th-anniversary-collection-victory-in-europe;ve-day-80-party-supplies,spently_products;best-selling-products;newest-products
VE Day 80,gid://shopify/Product/15039990563197,ve-day-80th-anniversary-drinks-coaster-design-7-red-special-edition,VE Day 80th Anniversary Drinks Coaster Design 7 (Red) - Special Edition,ACTIVE,hide,ve-day-80th-anniversary-collection-victory-in-europe;ve-day-80-party-supplies,spently_products;best-selling-products;newest-products
VE Day 80,gid://shopify/Product/15040004489597,ve-day-80th-anniversary-drinks-coaster-design-6-standard-special-edition-copy,VE Day 80th Anniversary Drinks Coaster Design 7 (Standard) - Special Edition,ACTIVE,hide,ve-day-80th-anniversary-collection-victory-in-europe;ve-day-80-party-supplies,spently_products;best-selling-products;newest-products
VE Day 80,gid://shopify/Product/15040012255613,ve-day-80th-anniversary-drinks-coaster-design-7-union-jack-special-edition,VE Day 80th Anniversary Drinks Coaster Design 7 (Union Jack) - Special Edition,ACTIVE,hide,ve-day-80th-anniversary-collection-victory-in-europe;ve-day-80-party-supplies,spently_products;best-selling-products;newest-products
VE Day 80,gid://shopify/Product/15040217448829,ve-day-80th-anniversary-flag-design-1-special-edition,VE Day 80th Anniversary Flag Design 1 (3 Sizes) - Special Edition,ACTIVE,hide,ve-day-80th-anniversary-collection-victory-in-europe;ve-day-flags,spently_products;best-selling-products;newest-products
VE Day 80,gid://shopify/Product/15040221020541,ve-day-80th-anniversary-flag-design-2-special-edition,VE Day 80th Anniversary Flag Design 2 (3 Sizes) - Special Edition,ACTIVE,hide,ve-day-80th-anniversary-collection-victory-in-europe;ve-day-flags,spently_products;best-selling-products;newest-products
VE Day 80,gid://shopify/Product/15040222101885,ve-day-80th-anniversary-flag-design-3-special-edition,VE Day 80th Anniversary Flag Design 3 (3 Sizes) - Special Edition,ACTIVE,hide,ve-day-80th-anniversary-collection-victory-in-europe;ve-day-flags,spently_products;best-selling-products;newest-products
VE Day 80,gid://shopify/Product/15040224264573,ve-day-80th-anniversary-flag-design-4-special-edition,VE Day 80th Anniversary Flag Design 4 (3 Sizes) - Special Edition,ACTIVE,hide,ve-day-80th-anniversary-collection-victory-in-europe;ve-day-flags,spently_products;best-selling-products;newest-products
VE Day 80,gid://shopify/Product/15040224395645,ve-day-80th-anniversary-flag-design-5-special-edition,VE Day 80th Anniversary Flag Design 5 (3 Sizes) - Special Edition,ACTIVE,hide,ve-day-80th-anniversary-collection-victory-in-europe;ve-day-flags,spently_products;best-selling-products;newest-products
VE Day 80,gid://shopify/Product/15040226034045,ve-day-80th-anniversary-flag-design-6-special-edition,VE Day 80th Anniversary Flag Design 6 (3 Sizes) - Special Edition,ACTIVE,hide,ve-day-80th-anniversary-collection-victory-in-europe;ve-day-flags,spently_products;best-selling-products;newest-products
VE Day 80,gid://shopify/Product/15040226722173,ve-day-80th-anniversary-flag-design-7-special-edition,VE Day 80th Anniversary Flag Design 7 (3 Sizes) - Special Edition,ACTIVE,hide,ve-day-80th-anniversary-collection-victory-in-europe;ve-day-flags,spently_products;best-selling-products;newest-products
VE Day 80,gid://shopify/Product/15050087301501,ve-day-80th-anniversary-handwaving-flags-design-2-pack-of-10-special-edition,VE Day 80th Anniversary Handwaving Flags Design 2 (Pack of 10) - Special Edition,ACTIVE,hide,ve-day-80th-anniversary-collection-victory-in-europe;ve-day-flags,spently_products;best-selling-products;newest-products
VE Day 80,gid://shopify/Product/15050086711677,ve-day-80th-anniversary-handwaving-flags-design-2-pack-of-5-special-edition,VE Day 80th Anniversary Handwaving Flags Design 2 (Pack of 5) - Special Edition,ACTIVE,hide,ve-day-80th-anniversary-collection-victory-in-europe;ve-day-flags,spently_products;best-selling-products;newest-products
VE Day 80,gid://shopify/Product/15052408783229,ve-day-80th-anniversary-hip-flask-design-1-special-edition,VE Day 80th Anniversary Hip Flask Design 1 - Special Edition,ACTIVE,hide,ve-day-80th-anniversary-collection-victory-in-europe;ve-day-80-hip-flasks,spently_products;best-selling-products;newest-products
VE Day 80,gid://shopify/Product/15052414058877,ve-day-80th-anniversary-hip-flask-design-2-special-edition,VE Day 80th Anniversary Hip Flask Design 2 - Special Edition,ACTIVE,hide,ve-day-80th-anniversary-collection-victory-in-europe;ve-day-80-hip-flasks,spently_products;best-selling-products;newest-products
VE Day 80,gid://shopify/Product/15052415730045,ve-day-80th-anniversary-hip-flask-design-3-special-edition,VE Day 80th Anniversary Hip Flask Design 3 - Special Edition,ACTIVE,hide,ve-day-80th-anniversary-collection-victory-in-europe;ve-day-80-hip-flasks,spently_products;best-selling-products;newest-products
VE Day 80,gid://shopify/Product/15052416778621,ve-day-80th-anniversary-hip-flask-design-4-special-edition,VE Day 80th Anniversary Hip Flask Design 4 - Special Edition,ACTIVE,hide,ve-day-80th-anniversary-collection-victory-in-europe;ve-day-80-hip-flasks,spently_products;best-selling-products;newest-products
VE Day 80,gid://shopify/Product/15052418777469,ve-day-80th-anniversary-hip-flask-design-5-special-edition,VE Day 80th Anniversary Hip Flask Design 5 - Special Edition,ACTIVE,hide,ve-day-80th-anniversary-collection-victory-in-europe;ve-day-80-hip-flasks,spently_products;best-selling-products;newest-products
VE Day 80,gid://shopify/Product/15052421300605,ve-day-80th-anniversary-hip-flask-design-6-special-edition,VE Day 80th Anniversary Hip Flask Design 6 - Special Edition,ACTIVE,hide,ve-day-80th-anniversary-collection-victory-in-europe;ve-day-80-hip-flasks,spently_products;best-selling-products;newest-products
VE Day 80,gid://shopify/Product/15052422906237,ve-day-80th-anniversary-hip-flask-design-7-special-edition,VE Day 80th Anniversary Hip Flask Design 7 - Special Edition,ACTIVE,hide,ve-day-80th-anniversary-collection-victory-in-europe;ve-day-80-hip-flasks,spently_products;best-selling-products;newest-products
VE Day 80,gid://shopify/Product/15073562001789,ve-day-80th-anniversary-kids-t-shirt-design-1-6-colours-special-edition,VE Day 80th Anniversary KIDS T-Shirt Design 1 (6 Colours) - Special Edition,ACTIVE,hide,ve-day-80th-anniversary-collection-victory-in-europe;ve-day-clothing,spently_products;best-selling-products;newest-products
VE Day 80,gid://shopify/Product/15073562853757,ve-day-80th-anniversary-kids-t-shirt-design-2-6-colours-special-edition,VE Day 80th Anniversary KIDS T-Shirt Design 2 (6 Colours) - Special Edition,ACTIVE,hide,ve-day-80th-anniversary-collection-victory-in-europe;ve-day-clothing,spently_products;best-selling-products;newest-products
VE Day 80,gid://shopify/Product/15073562952061,ve-day-80th-anniversary-kids-t-shirt-design-3-6-colours-special-edition,VE Day 80th Anniversary KIDS T-Shirt Design 3 (6 Colours) - Special Edition,ACTIVE,hide,ve-day-80th-anniversary-collection-victory-in-europe;ve-day-clothing,spently_products;best-selling-products;newest-products
VE Day 80,gid://shopify/Product/15073563115901,ve-day-80th-anniversary-kids-t-shirt-design-4-6-colours-special-edition,VE Day 80th Anniversary KIDS T-Shirt Design 4 (6 Colours) - Special Edition,ACTIVE,hide,ve-day-80th-anniversary-collection-victory-in-europe;ve-day-clothing,spently_products;best-selling-products;newest-products
VE Day 80,gid://shopify/Product/15073563246973,ve-day-80th-anniversary-kids-t-shirt-design-5-6-colours-special-edition,VE Day 80th Anniversary KIDS T-Shirt Design 5 (6 Colours) - Special Edition,ACTIVE,hide,ve-day-80th-anniversary-collection-victory-in-europe;ve-day-clothing,spently_products;best-selling-products;newest-products
VE Day 80,gid://shopify/Product/15073563410813,ve-day-80th-anniversary-kids-t-shirt-design-6-6-colours-special-edition,VE Day 80th Anniversary KIDS T-Shirt Design 6 (6 Colours) - Special Edition,ACTIVE,hide,ve-day-80th-anniversary-collection-victory-in-europe;ve-day-clothing,spently_products;best-selling-products;newest-products
VE Day 80,gid://shopify/Product/15073563804029,ve-day-80th-anniversary-kids-t-shirt-design-7-6-colours-special-edition,VE Day 80th Anniversary KIDS T-Shirt Design 7 (6 Colours) - Special Edition,ACTIVE,hide,ve-day-80th-anniversary-collection-victory-in-europe;ve-day-clothing,spently_products;best-selling-products;newest-products
VE Day 80,gid://shopify/Product/15040617808253,ve-day-80th-anniversary-mug-design-1-3-colours-special-edition,VE Day 80th Anniversary Mug Design 1  - Special Edition (Colour Options),ACTIVE,hide,ve-day-80th-anniversary-collection-victory-in-europe;ve-day-mugs,mugs;all-mugs;spently_products;best-selling-products;newest-products
VE Day 80,gid://shopify/Product/15040623444349,ve-day-80th-anniversary-mug-design-2-special-edition-colour-options,VE Day 80th Anniversary Mug Design 2  - Special Edition (Colour Options),ACTIVE,hide,ve-day-80th-anniversary-collection-victory-in-europe;ve-day-mugs,mugs;all-mugs;spently_products;best-selling-products;newest-products
VE Day 80,gid://shopify/Product/15040625049981,ve-day-80th-anniversary-mug-design-23-special-edition-colour-options,VE Day 80th Anniversary Mug Design 3  - Special Edition (Colour Options),ACTIVE,hide,ve-day-80th-anniversary-collection-victory-in-europe;ve-day-mugs,mugs;all-mugs;spently_products;best-selling-products;newest-products
VE Day 80,gid://shopify/Product/15040627016061,ve-day-80th-anniversary-mug-design-4-special-edition-colour-options,VE Day 80th Anniversary Mug Design 4  - Special Edition (Colour Options),ACTIVE,hide,ve-day-80th-anniversary-collection-victory-in-europe;ve-day-mugs,mugs;all-mugs;spently_products;best-selling-products;newest-products
VE Day 80,gid://shopify/Product/15040627868029,ve-day-80th-anniversary-mug-design-5-special-edition-colour-options,VE Day 80th Anniversary Mug Design 5  - Special Edition (Colour Options),ACTIVE,hide,ve-day-80th-anniversary-collection-victory-in-europe;ve-day-mugs,mugs;all-mugs;spently_products;best-selling-products;newest-products
VE Day 80,gid://shopify/Product/15040630161789,ve-day-80th-anniversary-mug-design-6-special-edition-colour-options,VE Day 80th Anniversary Mug Design 6 - Special Edition (Colour Options),ACTIVE,hide,ve-day-80th-anniversary-collection-victory-in-europe;ve-day-mugs,mugs;all-mugs;spently_products;best-selling-products;newest-products
VE Day 80,gid://shopify/Product/15040630423933,ve-day-80th-anniversary-mug-design-7-special-edition-colour-options,VE Day 80th Anniversary Mug Design 7 - Special Edition (Colour Options),ACTIVE,hide,ve-day-80th-anniversary-collection-victory-in-europe;ve-day-mugs,mugs;all-mugs;spently_products;best-selling-products;newest-products
VE Day 80,gid://shopify/Product/15073619935613,ve-day-80th-anniversary-paint-it-yourself-kids-t-shirt-design-1-special-edition,VE Day 80th Anniversary PAINT IT YOURSELF KIDS T-Shirt Design 1  - Special Edition,ACTIVE,hide,ve-day-80th-anniversary-collection-victory-in-europe;ve-day-clothing;ve-day-80-colour-in-yourself-items;ve-day-perfect-for-schools-items,spently_products;best-selling-products;newest-products
VE Day 80,gid://shopify/Product/15073620099453,ve-day-80th-anniversary-paint-it-yourself-kids-t-shirt-design-2-special-edition,VE Day 80th Anniversary PAINT IT YOURSELF KIDS T-Shirt Design 2  - Special Edition,ACTIVE,hide,ve-day-80th-anniversary-collection-victory-in-europe;ve-day-clothing;ve-day-80-colour-in-yourself-items;ve-day-perfect-for-schools-items,spently_products;best-selling-products;newest-products
VE Day 80,gid://shopify/Product/15073620427133,ve-day-80th-anniversary-paint-it-yourself-kids-t-shirt-design-3-special-edition,VE Day 80th Anniversary PAINT IT YOURSELF KIDS T-Shirt Design 3  - Special Edition,ACTIVE,hide,ve-day-80th-anniversary-collection-victory-in-europe;ve-day-clothing;ve-day-80-colour-in-yourself-items;ve-day-perfect-for-schools-items,spently_products;best-selling-products;newest-products
VE Day 80,gid://shopify/Product/15073620689277,ve-day-80th-anniversary-paint-it-yourself-kids-t-shirt-design-4-special-edition,VE Day 80th Anniversary PAINT IT YOURSELF KIDS T-Shirt Design 4  - Special Edition,ACTIVE,hide,ve-day-80th-anniversary-collection-victory-in-europe;ve-day-clothing;ve-day-80-colour-in-yourself-items;ve-day-perfect-for-schools-items,spently_products;best-selling-products;newest-products
VE Day 80,gid://shopify/Product/15073609711997,ve-day-80th-anniversary-paint-it-yourself-t-shirt-design-1-special-edition,VE Day 80th Anniversary PAINT IT YOURSELF T-Shirt Design 1  - Special Edition,ACTIVE,hide,ve-day-80th-anniversary-collection-victory-in-europe;ve-day-clothing;ve-day-80-colour-in-yourself-items;ve-day-perfect-for-schools-items,spently_products;best-selling-products;newest-products
VE Day 80,gid://shopify/Product/15073613611389,ve-day-80th-anniversary-paint-it-yourself-t-shirt-design-2-special-edition,VE Day 80th Anniversary PAINT IT YOURSELF T-Shirt Design 2  - Special Edition,ACTIVE,hide,ve-day-80th-anniversary-collection-victory-in-europe;ve-day-clothing;ve-day-80-colour-in-yourself-items;ve-day-perfect-for-schools-items,spently_products;best-selling-products;newest-products
VE Day 80,gid://shopify/Product/15073614823805,ve-day-80th-anniversary-paint-it-yourself-t-shirt-design-3-special-edition,VE Day 80th Anniversary PAINT IT YOURSELF T-Shirt Design 3  - Special Edition,ACTIVE,hide,ve-day-80th-anniversary-collection-victory-in-europe;ve-day-clothing;ve-day-80-colour-in-yourself-items;ve-day-perfect-for-schools-items,spently_products;best-selling-products;newest-products
VE Day 80,gid://shopify/Product/15073617510781,ve-day-80th-anniversary-paint-it-yourself-t-shirt-design4-special-edition,VE Day 80th Anniversary PAINT IT YOURSELF T-Shirt Design 4  - Special Edition,ACTIVE,hide,ve-day-80th-anniversary-collection-victory-in-europe;ve-day-clothing;ve-day-80-colour-in-yourself-items;ve-day-perfect-for-schools-items,spently_products;best-selling-products;newest-products
VE Day 80,gid://shopify/Product/15039920603517,ve-day-80th-anniversary-party-bunting-design-1-special-edition,VE Day 80th Anniversary Party Bunting Design 1 - Special Edition,ACTIVE,hide,ve-day-80th-anniversary-collection-victory-in-europe;ve-day-80-commemorative-items,spently_products;best-selling-products;newest-products
VE Day 80,gid://shopify/Product/15039929123197,ve-day-80th-anniversary-party-bunting-design-2-street-party-special-edition,VE Day 80th Anniversary Party Bunting Design 2 (Street Party) - Special Edition,ACTIVE,hide,ve-day-80th-anniversary-collection-victory-in-europe;ve-day-80-commemorative-items,spently_products;best-selling-products;newest-products
VE Day 80,gid://shopify/Product/15039931384189,ve-day-80th-anniversary-party-bunting-design-3-union-jack-special-edition,VE Day 80th Anniversary Party Bunting Design 3 (Union Jack) - Special Edition,ACTIVE,hide,ve-day-80th-anniversary-collection-victory-in-europe;ve-day-80-commemorative-items,spently_products;best-selling-products;newest-products
VE Day 80,gid://shopify/Product/15039933251965,ve-day-80th-anniversary-party-bunting-design-4-special-edition,VE Day 80th Anniversary Party Bunting Design 4 - Special Edition,ACTIVE,hide,ve-day-80th-anniversary-collection-victory-in-europe;ve-day-80-commemorative-items,spently_products;best-selling-products;newest-products
VE Day 80,gid://shopify/Product/15039934955901,ve-day-80th-anniversary-party-bunting-design-5-poppy-special-edition,VE Day 80th Anniversary Party Bunting Design 5 (Union Jack) - Special Edition,ACTIVE,hide,ve-day-80th-anniversary-collection-victory-in-europe;ve-day-80-commemorative-items,spently_products;best-selling-products;newest-products
VE Day 80,gid://shopify/Product/15039941443965,ve-day-80th-anniversary-party-bunting-design-6-poppy-special-edition,VE Day 80th Anniversary Party Bunting Design 6 (Poppy) - Special Edition,ACTIVE,hide,ve-day-80th-anniversary-collection-victory-in-europe;ve-day-80-commemorative-items,spently_products;best-selling-products;newest-products
VE Day 80,gid://shopify/Product/15039944229245,ve-day-80th-anniversary-party-bunting-design-7-gold-special-edition,VE Day 80th Anniversary Party Bunting Design 7 (Gold) - Special Edition,ACTIVE,hide,ve-day-80th-anniversary-collection-victory-in-europe;ve-day-80-commemorative-items,spently_products;best-selling-products;newest-products
VE Day 80,gid://shopify/Product/15046453002621,ve-day-80th-anniversary-standard-pin-badge-design-1-special-edition,VE Day 80th Anniversary Standard Pin Badge Design 1 - Special Edition,ACTIVE,hide,ve-day-80th-anniversary-collection-victory-in-europe;ve-day-pins,spently_products;best-selling-products;newest-products
VE Day 80,gid://shopify/Product/15046453199229,ve-day-80th-anniversary-standard-pin-badge-design-2-special-edition,VE Day 80th Anniversary Standard Pin Badge Design 2 - Special Edition,ACTIVE,hide,ve-day-80th-anniversary-collection-victory-in-europe;ve-day-pins,spently_products;best-selling-products;newest-products
VE Day 80,gid://shopify/Product/15046453461373,ve-day-80th-anniversary-standard-pin-badge-design-3-special-edition,VE Day 80th Anniversary Standard Pin Badge Design 3 - Special Edition,ACTIVE,hide,ve-day-80th-anniversary-collection-victory-in-europe;ve-day-pins,spently_products;best-selling-products;newest-products
VE Day 80,gid://shopify/Product/15046454509949,ve-day-80th-anniversary-standard-pin-badge-design-4-special-edition,VE Day 80th Anniversary Standard Pin Badge Design 4 - Special Edition,ACTIVE,hide,ve-day-80th-anniversary-collection-victory-in-europe;ve-day-pins,spently_products;best-selling-products;newest-products
VE Day 80,gid://shopify/Product/15046456115581,ve-day-80th-anniversary-standard-pin-badge-design-5-special-edition,VE Day 80th Anniversary Standard Pin Badge Design 5 - Special Edition,ACTIVE,hide,ve-day-80th-anniversary-collection-victory-in-europe;ve-day-pins,spently_products;best-selling-products;newest-products
VE Day 80,gid://shopify/Product/15046456410493,ve-day-80th-anniversary-standard-pin-badge-design-6-special-edition,VE Day 80th Anniversary Standard Pin Badge Design 6 - Special Edition,ACTIVE,hide,ve-day-80th-anniversary-collection-victory-in-europe;ve-day-pins,spently_products;best-selling-products;newest-products
VE Day 80,gid://shopify/Product/15046456738173,ve-day-80th-anniversary-standard-pin-badge-design-7-special-edition,VE Day 80th Anniversary Standard Pin Badge Design 7 - Special Edition,ACTIVE,hide,ve-day-80th-anniversary-collection-victory-in-europe;ve-day-pins,spently_products;best-selling-products;newest-products
VE Day 80,gid://shopify/Product/15052492407165,ve-day-80th-anniversary-t-shirt-design-1-6-colours-special-edition,VE Day 80th Anniversary T-Shirt Design 1 (6 Colours) - Special Edition,ACTIVE,hide,ve-day-80th-anniversary-collection-victory-in-europe;ve-day-clothing,spently_products;best-selling-products;newest-products
VE Day 80,gid://shopify/Product/15052514197885,ve-day-80th-anniversary-t-shirt-design-2-6-colours-special-edition,VE Day 80th Anniversary T-Shirt Design 2 (6 Colours) - Special Edition,ACTIVE,hide,ve-day-80th-anniversary-collection-victory-in-europe;ve-day-clothing,spently_products;best-selling-products;newest-products
VE Day 80,gid://shopify/Product/15052522226045,ve-day-80th-anniversary-t-shirt-design-3-6-colours-special-edition,VE Day 80th Anniversary T-Shirt Design 3 (6 Colours) - Special Edition,ACTIVE,hide,ve-day-80th-anniversary-collection-victory-in-europe;ve-day-clothing,spently_products;best-selling-products;newest-products
VE Day 80,gid://shopify/Product/15052524290429,ve-day-80th-anniversary-t-shirt-design-4-6-colours-special-edition,VE Day 80th Anniversary T-Shirt Design 4 (6 Colours) - Special Edition,ACTIVE,hide,ve-day-80th-anniversary-collection-victory-in-europe;ve-day-clothing,spently_products;best-selling-products;newest-products
VE Day 80,gid://shopify/Product/15052527010173,ve-day-80th-anniversary-t-shirt-design-3-6-colours-special-edition-1,VE Day 80th Anniversary T-Shirt Design 5 (6 Colours) - Special Edition,ACTIVE,hide,ve-day-80th-anniversary-collection-victory-in-europe;ve-day-clothing,spently_products;best-selling-products;newest-products
VE Day 80,gid://shopify/Product/15052531827069,ve-day-80th-anniversary-t-shirt-design-6-6-colours-special-edition,VE Day 80th Anniversary T-Shirt Design 6 (6 Colours) - Special Edition,ACTIVE,hide,ve-day-80th-anniversary-collection-victory-in-europe;ve-day-clothing,spently_products;best-selling-products;newest-products
VE Day 80,gid://shopify/Product/15052533367165,ve-day-80th-anniversary-t-shirt-design-7-6-colours-special-edition,VE Day 80th Anniversary T-Shirt Design 7 (6 Colours) - Special Edition,ACTIVE,hide,ve-day-80th-anniversary-collection-victory-in-europe;ve-day-clothing,spently_products;best-selling-products;newest-products
VE Day 80,gid://shopify/Product/15046471123325,ve-day-80th-anniversary-tea-towel-design-1-special-edition,VE Day 80th Anniversary Tea Towel Design 1 - Special Edition,ACTIVE,hide,ve-day-80th-anniversary-collection-victory-in-europe;ve-day-tea-towels,spently_products;best-selling-products;newest-products
VE Day 80,gid://shopify/Product/15046471319933,ve-day-80th-anniversary-tea-towel-design-2-special-edition,VE Day 80th Anniversary Tea Towel Design 2 - Special Edition,ACTIVE,hide,ve-day-80th-anniversary-collection-victory-in-europe;ve-day-tea-towels,spently_products;best-selling-products;newest-products
VE Day 80,gid://shopify/Product/15046471451005,ve-day-80th-anniversary-tea-towel-design-3-special-edition,VE Day 80th Anniversary Tea Towel Design 3 - Special Edition,ACTIVE,hide,ve-day-80th-anniversary-collection-victory-in-europe;ve-day-tea-towels,spently_products;best-selling-products;newest-products
VE Day 80,gid://shopify/Product/15046471811453,ve-day-80th-anniversary-tea-towel-design-4-special-edition,VE Day 80th Anniversary Tea Towel Design 4 - Special Edition,ACTIVE,hide,ve-day-80th-anniversary-collection-victory-in-europe;ve-day-tea-towels,spently_products;best-selling-products;newest-products
VE Day 80,gid://shopify/Product/15046473580925,ve-day-80th-anniversary-tea-towel-design-5-special-edition,VE Day 80th Anniversary Tea Towel Design 5 - Special Edition,ACTIVE,hide,ve-day-80th-anniversary-collection-victory-in-europe;ve-day-tea-towels,spently_products;best-selling-products;newest-products
VE Day 80,gid://shopify/Product/15046474072445,ve-day-80th-anniversary-tea-towel-design-6-special-edition,VE Day 80th Anniversary Tea Towel Design 6 - Special Edition,ACTIVE,hide,ve-day-80th-anniversary-collection-victory-in-europe;ve-day-tea-towels,spently_products;best-selling-products;newest-products
VE Day 80,gid://shopify/Product/15046474170749,ve-day-80th-anniversary-tea-towel-design-7-special-edition,VE Day 80th Anniversary Tea Towel Design 7 - Special Edition,ACTIVE,hide,ve-day-80th-anniversary-collection-victory-in-europe;ve-day-tea-towels,spently_products;best-selling-products;newest-products
VE Day 80,gid://shopify/Product/15099391967613,ve-day-80th-anniversary-tote-bag-design-1-6-colours-special-edition,VE Day 80th Anniversary Tote Bag Design 1 (6 Colours) - Special Edition,ACTIVE,hide,ve-day-80th-anniversary-collection-victory-in-europe;ve-day-bags,spently_products;best-selling-products;newest-products
VE Day 80,gid://shopify/Product/15099406516605,ve-day-80th-anniversary-tote-bag-design-2-6-colours-special-edition,VE Day 80th Anniversary Tote Bag Design 2 (6 Colours) - Special Edition,ACTIVE,hide,ve-day-80th-anniversary-collection-victory-in-europe;ve-day-bags,spently_products;best-selling-products;newest-products
VE Day 80,gid://shopify/Product/15099407794557,ve-day-80th-anniversary-tote-bag-design-3-6-colours-special-edition,VE Day 80th Anniversary Tote Bag Design 3 (6 Colours) - Special Edition,ACTIVE,hide,ve-day-80th-anniversary-collection-victory-in-europe;ve-day-bags,spently_products;best-selling-products;newest-products
VE Day 80,gid://shopify/Product/15099409891709,ve-day-80th-anniversary-tote-bag-design-4-6-colours-special-edition,VE Day 80th Anniversary Tote Bag Design 4 (6 Colours) - Special Edition,ACTIVE,hide,ve-day-80th-anniversary-collection-victory-in-europe;ve-day-bags,spently_products;best-selling-products;newest-products
VE Day 80,gid://shopify/Product/15099411497341,ve-day-80th-anniversary-tote-bag-design-5-6-colours-special-edition,VE Day 80th Anniversary Tote Bag Design 5 (6 Colours) - Special Edition,ACTIVE,hide,ve-day-80th-anniversary-collection-victory-in-europe;ve-day-bags,spently_products;best-selling-products;newest-products
VE Day 80,gid://shopify/Product/15099413430653,ve-day-80th-anniversary-tote-bag-design-6-6-colours-special-edition,VE Day 80th Anniversary Tote Bag Design 6 (6 Colours) - Special Edition,ACTIVE,hide,ve-day-80th-anniversary-collection-victory-in-europe;ve-day-bags,spently_products;best-selling-products;newest-products
VE Day 80,gid://shopify/Product/15099415953789,ve-day-80th-anniversary-tote-bag-design-7-6-colours-special-edition,VE Day 80th Anniversary Tote Bag Design 7 (6 Colours) - Special Edition,ACTIVE,hide,ve-day-80th-anniversary-collection-victory-in-europe;ve-day-bags,spently_products;best-selling-products;newest-products
VE Day 80,gid://shopify/Product/9438731720,royal-family-set-of-masks-7-masks,Royal Family SET Of Masks 7 Masks,ACTIVE,keep (also in politicians-and-royals),ve-day-bunting,politicians-and-royals;spently_products;all-facemasks;best-selling-products;newest-products;facebook
VE Day 80,gid://shopify/Product/4545133412427,ve-day-2020-party-bunting-design-1-price-per-metre,VE Day 2020 Party Bunting Design 1 (Price Per Metre),ARCHIVED,skip (already ARCHIVED),ve-day-bunting,spently_products;best-selling-products;newest-products;party-buntin
VE Day 80,gid://shopify/Product/4545140228171,ve-day-2020-party-bunting-design-2-price-per-metre,VE Day 2020 Party Bunting Design 2 (Price Per Metre),ARCHIVED,skip (already ARCHIVED),ve-day-bunting,spently_products;best-selling-products;newest-products;party-buntin
VE Day 80,gid://shopify/Product/4545141506123,ve-day-2020-party-bunting-design-3-price-per-metre,VE Day 2020 Party Bunting Design 3 (Price Per Metre),ARCHIVED,skip (already ARCHIVED),ve-day-bunting,spently_products;best-selling-products;newest-products;party-buntin
VE Day 80,gid://shopify/Product/4545142030411,ve-day-2020-party-bunting-design-4-price-per-metre,VE Day 2020 Party Bunting Design 4 (Price Per Metre),ARCHIVED,skip (already ARCHIVED),ve-day-bunting,spently_products;best-selling-products;newest-products;party-buntin
VE Day 80,gid://shopify/Product/15040073924989,ve-day-80th-anniversary-commemorative-plate-design-5-special-edition,"VE Day 80th Anniversary 8"" Commemorative Plate Design (Plane) 5 - Special Edition",DRAFT,skip (already DRAFT),ve-day-80th-anniversary-collection-victory-in-europe;ve-day-commemorative-plates,spently_products;best-selling-products;newest-products
VE Day 80,gid://shopify/Product/15040042860925,ve-day-80th-anniversary-commemorative-plate-design-1-special-edition,"VE Day 80th Anniversary 8"" Commemorative Plate Design 1 - Special Edition",DRAFT,skip (already DRAFT),ve-day-80th-anniversary-collection-victory-in-europe;ve-day-commemorative-plates,spently_products;best-selling-products;newest-products
VE Day 80,gid://shopify/Product/15040051413373,ve-day-80th-anniversary-commemorative-plate-design-2-special-edition,"VE Day 80th Anniversary 8"" Commemorative Plate Design 2 - Special Edition",DRAFT,skip (already DRAFT),ve-day-80th-anniversary-collection-victory-in-europe;ve-day-commemorative-plates,spently_products;best-selling-products;newest-products
VE Day 80,gid://shopify/Product/15040053510525,ve-day-80th-anniversary-commemorative-plate-design-3-special-edition,"VE Day 80th Anniversary 8"" Commemorative Plate Design 3 - Special Edition",DRAFT,skip (already DRAFT),ve-day-80th-anniversary-collection-victory-in-europe;ve-day-commemorative-plates,spently_products;best-selling-products;newest-products
VE Day 80,gid://shopify/Product/15040064553341,ve-day-80th-anniversary-commemorative-plate-design-4-special-edition,"VE Day 80th Anniversary 8"" Commemorative Plate Design 4 (Soldier) - Special Edition",DRAFT,skip (already DRAFT),ve-day-80th-anniversary-collection-victory-in-europe;ve-day-commemorative-plates,spently_products;best-selling-products;newest-products
VE Day 80,gid://shopify/Product/15040077529469,ve-day-80th-anniversary-commemorative-plate-design-6-poppy-special-edition,"VE Day 80th Anniversary 8"" Commemorative Plate Design 6 (Poppy) - Special Edition",DRAFT,skip (already DRAFT),ve-day-80th-anniversary-collection-victory-in-europe;ve-day-commemorative-plates,spently_products;best-selling-products;newest-products
VE Day 80,gid://shopify/Product/15040082215293,ve-day-80th-anniversary-commemorative-plate-design-7-poppy-special-edition,"VE Day 80th Anniversary 8"" Commemorative Plate Design 7 (Poppy) - Special Edition",DRAFT,skip (already DRAFT),ve-day-80th-anniversary-collection-victory-in-europe;ve-day-commemorative-plates,spently_products;best-selling-products;newest-products
VE Day 80,gid://shopify/Product/15073889747325,ve-day-80th-anniversary-flag-design-t1-3-sizes-special-edition,VE Day 80th Anniversary Flag Design T1 (3 Sizes) - Special Edition,DRAFT,skip (already DRAFT),ve-day-80th-anniversary-collection-victory-in-europe;ve-day-flags,spently_products;best-selling-products;newest-products
VE Day 80,gid://shopify/Product/15073893908861,ve-day-80th-anniversary-flag-design-t2-3-sizes-special-edition,VE Day 80th Anniversary Flag Design T2 (3 Sizes) - Special Edition,DRAFT,skip (already DRAFT),ve-day-80th-anniversary-collection-victory-in-europe;ve-day-flags,spently_products;best-selling-products;newest-products
VE Day 80,gid://shopify/Product/15073895022973,ve-day-80th-anniversary-flag-design-t3-3-sizes-special-edition,VE Day 80th Anniversary Flag Design T3 (3 Sizes) - Special Edition,DRAFT,skip (already DRAFT),ve-day-80th-anniversary-collection-victory-in-europe;ve-day-flags,spently_products;best-selling-products;newest-products
VE Day 80,gid://shopify/Product/15073896431997,ve-day-80th-anniversary-flag-design-t4-3-sizes-special-edition,VE Day 80th Anniversary Flag Design T4 (3 Sizes) - Special Edition,DRAFT,skip (already DRAFT),ve-day-80th-anniversary-collection-victory-in-europe;ve-day-flags,spently_products;best-selling-products;newest-products
VE Day 80,gid://shopify/Product/15050085171581,ve-day-80th-anniversary-handwaving-flags-design-1-pack-of-10-special-edition,VE Day 80th Anniversary Handwaving Flags Design 1 (Pack of 10) - Special Edition,DRAFT,skip (already DRAFT),ve-day-80th-anniversary-collection-victory-in-europe;ve-day-flags,spently_products;best-selling-products;newest-products
VE Day 80,gid://shopify/Product/15050079142269,ve-day-80th-anniversary-handwaving-flags-design-1-pack-of-5-special-edition,VE Day 80th Anniversary Handwaving Flags Design 1 (Pack of 5) - Special Edition,DRAFT,skip (already DRAFT),ve-day-80th-anniversary-collection-victory-in-europe;ve-day-flags,spently_products;best-selling-products;newest-products
VE Day 80,gid://shopify/Product/15050092413309,ve-day-80th-anniversary-handwaving-flags-design-3-pack-of-10-special-edition,VE Day 80th Anniversary Handwaving Flags Design 3 (Pack of 10) - Special Edition,DRAFT,skip (already DRAFT),ve-day-80th-anniversary-collection-victory-in-europe;ve-day-flags,spently_products;best-selling-products;newest-products
VE Day 80,gid://shopify/Product/15050091331965,ve-day-80th-anniversary-handwaving-flags-design-3-pack-of-5-special-edition,VE Day 80th Anniversary Handwaving Flags Design 3 (Pack of 5) - Special Edition,DRAFT,skip (already DRAFT),ve-day-80th-anniversary-collection-victory-in-europe;ve-day-flags,spently_products;best-selling-products;newest-products
VE Day 80,gid://shopify/Product/15050096214397,ve-day-80th-anniversary-handwaving-flags-design-4-pack-of-10-special-edition,VE Day 80th Anniversary Handwaving Flags Design 4 (Pack of 10) - Special Edition,DRAFT,skip (already DRAFT),ve-day-80th-anniversary-collection-victory-in-europe;ve-day-flags,spently_products;best-selling-products;newest-products
VE Day 80,gid://shopify/Product/15050093756797,ve-day-80th-anniversary-handwaving-flags-design-4-pack-of-5-special-edition,VE Day 80th Anniversary Handwaving Flags Design 4 (Pack of 5) - Special Edition,DRAFT,skip (already DRAFT),ve-day-80th-anniversary-collection-victory-in-europe;ve-day-flags,spently_products;best-selling-products;newest-products
VE Day 80,gid://shopify/Product/15040464650621,ve-day-80th-anniversary-radial-medals-design-1-special-edition,VE Day 80th Anniversary Radial Medals Design 1  - Special Edition,DRAFT,skip (already DRAFT),ve-day-80th-anniversary-collection-victory-in-europe;ve-day-medals,spently_products;best-selling-products;newest-products
VE Day 80,gid://shopify/Product/15040465502589,ve-day-80th-anniversary-radial-medals-design-2-special-edition,VE Day 80th Anniversary Radial Medals Design 2  - Special Edition,DRAFT,skip (already DRAFT),ve-day-80th-anniversary-collection-victory-in-europe;ve-day-medals,spently_products;best-selling-products;newest-products
VE Day 80,gid://shopify/Product/15040465994109,ve-day-80th-anniversary-radial-medals-design-3-special-edition,VE Day 80th Anniversary Radial Medals Design 3  - Special Edition,DRAFT,skip (already DRAFT),ve-day-80th-anniversary-collection-victory-in-europe;ve-day-medals,spently_products;best-selling-products;newest-products
VE Day 80,gid://shopify/Product/15040467468669,ve-day-80th-anniversary-radial-medals-design-4-special-edition,VE Day 80th Anniversary Radial Medals Design 4  - Special Edition,DRAFT,skip (already DRAFT),ve-day-80th-anniversary-collection-victory-in-europe;ve-day-medals,spently_products;best-selling-products;newest-products
VE Day 80,gid://shopify/Product/15040556761469,ve-day-80th-anniversary-radial-medals-design-5-special-edition,VE Day 80th Anniversary Radial Medals Design 5  - Special Edition,DRAFT,skip (already DRAFT),ve-day-80th-anniversary-collection-victory-in-europe;ve-day-medals,spently_products;best-selling-products;newest-products
VE Day 80,gid://shopify/Product/15040557351293,ve-day-80th-anniversary-radial-medals-design-6-special-edition,VE Day 80th Anniversary Radial Medals Design 6  - Special Edition,DRAFT,skip (already DRAFT),ve-day-80th-anniversary-collection-victory-in-europe;ve-day-medals,spently_products;best-selling-products;newest-products
VE Day 80,gid://shopify/Product/15040558924157,ve-day-80th-anniversary-radial-medals-design-7-special-edition,VE Day 80th Anniversary Radial Medals Design 7 - Special Edition,DRAFT,skip (already DRAFT),ve-day-80th-anniversary-collection-victory-in-europe;ve-day-medals,spently_products;best-selling-products;newest-products
VE Day 80,gid://shopify/Product/15040559907197,ve-day-80th-anniversary-v-tech-medals-design-1-special-edition,VE Day 80th Anniversary V-Tech Medals Design 1 - Special Edition,DRAFT,skip (already DRAFT),ve-day-80th-anniversary-collection-victory-in-europe;ve-day-medals,all-mugs;spently_products;best-selling-products;newest-products
VE Day 80,gid://shopify/Product/15040605028733,ve-day-80th-anniversary-v-tech-medals-design-2-special-edition,VE Day 80th Anniversary V-Tech Medals Design 2 - Special Edition,DRAFT,skip (already DRAFT),ve-day-80th-anniversary-collection-victory-in-europe;ve-day-medals,all-mugs;spently_products;best-selling-products;newest-products
VE Day 80,gid://shopify/Product/15040606372221,ve-day-80th-anniversary-v-tech-medals-design-3-special-edition,VE Day 80th Anniversary V-Tech Medals Design 3 - Special Edition,DRAFT,skip (already DRAFT),ve-day-80th-anniversary-collection-victory-in-europe;ve-day-medals,all-mugs;spently_products;best-selling-products;newest-products
VE Day 80,gid://shopify/Product/15040607879549,ve-day-80th-anniversary-v-tech-medals-design-4-special-edition,VE Day 80th Anniversary V-Tech Medals Design 4 - Special Edition,DRAFT,skip (already DRAFT),ve-day-80th-anniversary-collection-victory-in-europe;ve-day-medals,all-mugs;spently_products;best-selling-products;newest-products
VE Day 80,gid://shopify/Product/15040610271613,ve-day-80th-anniversary-v-tech-medals-design-5-special-edition,VE Day 80th Anniversary V-Tech Medals Design 5 - Special Edition,DRAFT,skip (already DRAFT),ve-day-80th-anniversary-collection-victory-in-europe;ve-day-medals,all-mugs;spently_products;best-selling-products;newest-products
VE Day 80,gid://shopify/Product/15040610599293,ve-day-80th-anniversary-v-tech-medals-design-6-special-edition,VE Day 80th Anniversary V-Tech Medals Design 6 - Special Edition,DRAFT,skip (already DRAFT),ve-day-80th-anniversary-collection-victory-in-europe;ve-day-medals,all-mugs;spently_products;best-selling-products;newest-products
VE Day 80,gid://shopify/Product/15040613024125,ve-day-80th-anniversary-v-tech-medals-design-7-special-edition,VE Day 80th Anniversary V-Tech Medals Design 7 - Special Edition,DRAFT,skip (already DRAFT),ve-day-80th-anniversary-collection-victory-in-europe;ve-day-medals,all-mugs;spently_products;best-selling-products;newest-products
