Handle,Title,Status,Body (HTML),Option1 Name,Option1 Value,Option2 Name,Option2 Value,Option3 Name,Option3 Value,Variant SKU
i-normally-have-7-inches-in-my-hand-adult-mug,I Normally Have 7 INches In My Hand - Adult Mug,active,"<p>This funny rude mug says “I Normally Have 7 INches In My Hand”, so you don't have to. It's a fun gift for birthdays, secret Santa and the office.</p>
<h2>Funny rude mug</h2>
<p>The slogan reads “I Normally Have 7 INches In My Hand”, printed on an 11oz ceramic mug. Please note it's adult humour, so it's one for the grown-ups rather than the school run. It's guaranteed to get a reaction in the office kitchen.</p>
<h3>Why you'll love it</h3><ul><li>Says what everyone's thinking</li><li>Great for birthdays and secret Santa</li><li>Sent in protective packaging so it turns up in one piece</li><li>Glossy ceramic with a comfy C-handle</li><li>Printed by us in North Yorkshire using sublimation</li><li>11oz (approx. 325ml): big enough for a proper cuppa, not a thimble</li></ul>
<h3>Size &amp; details</h3><ul><li>Capacity: 11oz (approx. 325ml)</li><li>Material: white ceramic, C-handle, high-gloss finish</li><li>Print: sublimation, printed in-house in North Yorkshire</li><li>Care: dishwasher and microwave safe (skip the abrasive scourers)</li><li>Packaging: protective packaging for UK delivery</li></ul>
<h3>Delivery</h3><p>Each mug is printed to order. Postage options and costs are shown at checkout.</p>
<p>Our funny rude mug makes secret Santa a lot more interesting.</p>",Title,Default Title,,,,,Foxy-Mug-X35
beat-me-bite-me-fuck-me-adult-mug,Beat Me Bite Me Fuck Me - Adult Mug,active,"<p>This funny rude mug says “Beat Me Bite Me F*ck Me”, so you don't have to. It's a fun gift for birthdays, secret Santa and the office.</p>
<h2>Funny rude mug</h2>
<p>The slogan reads “Beat Me Bite Me F*ck Me”, printed on an 11oz ceramic mug. A heads-up: it's adult humour, so keep it for the grown-ups who'll find it funny. It's a small gift that gets a smile every single morning.</p>
<h3>Why you'll love it</h3><ul><li>A slogan that gets a reaction</li><li>A wind-up gift for mates and colleagues</li><li>Holds 11oz (approx. 325ml), the size most tea drinkers reach for</li><li>Sent in protective packaging so it turns up in one piece</li><li>Dishwasher and microwave safe for real-life kitchens</li><li>Sublimation printed in-house in North Yorkshire</li></ul>
<h3>Size &amp; details</h3><ul><li>Capacity: 11oz (approx. 325ml)</li><li>Material: white ceramic, C-handle, high-gloss finish</li><li>Printing: sublimation, done in-house in North Yorkshire</li><li>Care: dishwasher and microwave safe (skip the abrasive scourers)</li><li>Packaging: protective packaging for UK delivery</li></ul>
<h3>Delivery</h3><p>Each mug is printed to order. Postage options and costs are shown at checkout.</p>
<p>A funny rude mug like this gets passed round the whole office.</p>",Title,Default Title,,,,,Foxy-Mug-X36
better-to-have-loved-and-divorced-that-arsehole-adult-mug,Better To Have Loved And Divorced That ARSEHOLE - Adult Mug,active,"<p>This funny rude mug says “Better To Have Loved And Divorced That ARS*HOLE”, so you don't have to. It's a fun gift for birthdays, secret Santa and the office.</p>
<h2>Funny rude mug</h2>
<p>The slogan reads “Better To Have Loved And Divorced That ARS*HOLE”, printed on an 11oz ceramic mug. A heads-up: it's adult humour, so keep it for the grown-ups who'll find it funny.</p>
<h3>Why you'll love it</h3><ul><li>A slogan that gets a reaction</li><li>Great for birthdays and secret Santa</li><li>High-gloss ceramic finish and a C-handle that's easy to hold</li><li>Sublimation printed in-house in North Yorkshire</li><li>11oz (approx. 325ml): big enough for a proper cuppa, not a thimble</li><li>Want something slightly different? Custom designs are available on request (01439 771468)</li></ul>
<h3>Size &amp; details</h3><ul><li>Capacity: 11oz (approx. 325ml)</li><li>Material: white ceramic, C-handle, high-gloss finish</li><li>Print: sublimation, printed in-house in North Yorkshire</li><li>Care: dishwasher and microwave safe (skip the abrasive scourers)</li><li>Packaging: protective packaging for UK delivery</li></ul>
<h3>Delivery</h3><p>Each mug is printed to order. Postage options and costs are shown at checkout.</p>
<p>Pair this funny rude mug with one of our cheeky cards for the full wind-up.</p>",Title,Default Title,,,,,Foxy-Mug-X37
better-to-have-loved-and-divorced-that-bastard-adult-mug,Better To Have Loved And Divorced That SLAG - Adult Mug,active,"<p>Our “Better To Have Loved And Divorced That SL*G” design is a funny rude mug for people who like a laugh. It's a fun gift for birthdays, secret Santa and the office.</p>
<h2>Funny rude mug</h2>
<p>The slogan reads “Better To Have Loved And Divorced That SL*G”, printed on an 11oz ceramic mug. Please note it's adult humour, so it's one for the grown-ups rather than the school run.</p>
<h3>Why you'll love it</h3><ul><li>Says what everyone's thinking</li><li>A wind-up gift for mates and colleagues</li><li>Dishwasher and microwave safe, so it can go straight into daily use</li><li>Sublimation printed in-house in North Yorkshire</li><li>Holds 11oz (approx. 325ml), the size most tea drinkers reach for</li><li>High-gloss ceramic finish and a C-handle that's easy to hold</li></ul>
<h3>Size &amp; details</h3><ul><li>Capacity: 11oz (approx. 325ml)</li><li>Material: white ceramic, C-handle, high-gloss finish</li><li>Printing: sublimation, done in-house in North Yorkshire</li><li>Care: dishwasher and microwave safe (skip the abrasive scourers)</li><li>Packaging: protective packaging for UK delivery</li></ul>
<h3>Delivery</h3><p>Each mug is printed to order. Postage options and costs are shown at checkout.</p>
<p>Our funny rude mug makes secret Santa a lot more interesting.</p>",Title,Default Title,,,,,Foxy-Mug-X38
better-to-have-loved-and-divorced-that-cheat-adult-mug,Better To Have Loved And Divorced That CHEAT - Adult Mug,active,"<p>This funny rude mug says “Better To Have Loved And Divorced That CHEAT”, so you don't have to. It's a fun gift for birthdays, secret Santa and the office.</p>
<h2>Funny rude mug</h2>
<p>The slogan reads “Better To Have Loved And Divorced That CHEAT”, printed on an 11oz ceramic mug. Adult humour: this one's for grown-ups with a thick skin, not the kids' cupboard. It's guaranteed to get a reaction in the office kitchen.</p>
<h3>Why you'll love it</h3><ul><li>Says what everyone's thinking</li><li>A wind-up gift for mates and colleagues</li><li>Classic C-handle shape with a shiny high-gloss finish</li><li>Printed by us in North Yorkshire using sublimation</li><li>Custom designs on request: give us a call on 01439 771468</li><li>Happy in the dishwasher and the microwave, no special treatment needed</li></ul>
<h3>Size &amp; details</h3><ul><li>Capacity: 11oz (approx. 325ml)</li><li>Material: white ceramic, C-handle, high-gloss finish</li><li>Printing: sublimation, done in-house in North Yorkshire</li><li>Care: dishwasher and microwave safe (skip the abrasive scourers)</li><li>Packaging: protective packaging for UK delivery</li></ul>
<h3>Delivery</h3><p>Each mug is printed to order. Postage options and costs are shown at checkout.</p>
<p>Pair this funny rude mug with one of our cheeky cards for the full wind-up.</p>",Title,Default Title,,,,,Foxy-Mug-X39
better-to-have-loved-and-divorced-that-prick-adult-mug,Better To Have Loved And Divorced That PRICK - Adult Mug,active,"<p>This funny rude mug says “Better To Have Loved And Divorced That PR*CK”, so you don't have to. It's a fun gift for birthdays, secret Santa and the office.</p>
<h2>Funny rude mug</h2>
<p>The slogan reads “Better To Have Loved And Divorced That PR*CK”, printed on an 11oz ceramic mug. Adult humour: this one's for grown-ups with a thick skin, not the kids' cupboard. Tea, coffee or hot chocolate: it isn't fussy.</p>
<h3>Why you'll love it</h3><ul><li>Says what everyone's thinking</li><li>A wind-up gift for mates and colleagues</li><li>A proper 11oz (approx. 325ml) mug, so there's room for a decent brew</li><li>Custom designs on request: give us a call on 01439 771468</li><li>Printed by us in North Yorkshire using sublimation</li><li>Glossy ceramic with a comfy C-handle</li></ul>
<h3>Size &amp; details</h3><ul><li>Capacity: 11oz (approx. 325ml)</li><li>Material: white ceramic, C-handle, high-gloss finish</li><li>Printing: sublimation, done in-house in North Yorkshire</li><li>Care: dishwasher and microwave safe (skip the abrasive scourers)</li><li>Packaging: protective packaging for UK delivery</li></ul>
<h3>Delivery</h3><p>Each mug is printed to order. Postage options and costs are shown at checkout.</p>
<p>A funny rude mug like this gets passed round the whole office.</p>",Title,Default Title,,,,,Foxy-Mug-X40
better-to-have-loved-and-divorced-that-prat-adult-mug,Better To Have Loved And Divorced That BASTARD - Adult Mug,active,"<p>Our “Better To Have Loved And Divorced That B*STARD” design is a funny rude mug for people who like a laugh. It's a fun gift for birthdays, secret Santa and the office.</p>
<h2>Funny rude mug</h2>
<p>The slogan reads “Better To Have Loved And Divorced That B*STARD”, printed on an 11oz ceramic mug. Strictly adult humour, best given to someone who'll laugh rather than clutch their pearls.</p>
<h3>Why you'll love it</h3><ul><li>Says what everyone's thinking</li><li>Great for birthdays and secret Santa</li><li>Fancy a tweak? We do custom designs on request, just ring 01439 771468</li><li>Printed by us in North Yorkshire using sublimation</li><li>Happy in the dishwasher and the microwave, no special treatment needed</li><li>High-gloss ceramic finish and a C-handle that's easy to hold</li></ul>
<h3>Size &amp; details</h3><ul><li>Capacity: 11oz (approx. 325ml)</li><li>Material: white ceramic, C-handle, high-gloss finish</li><li>Print: sublimation, printed in-house in North Yorkshire</li><li>Care: dishwasher and microwave safe (skip the abrasive scourers)</li><li>Packaging: protective packaging for UK delivery</li></ul>
<h3>Delivery</h3><p>Each mug is printed to order. Postage options and costs are shown at checkout.</p>
<p>Pair this funny rude mug with one of our cheeky cards for the full wind-up.</p>",Title,Default Title,,,,,Foxy-Mug-X41
copy-of-better-to-have-loved-and-divorced-that-prat-adult-mug,Better To Have Loved And Divorced That PRAT - Adult Mug,active,"<p>Our “Better To Have Loved And Divorced That PRAT” design is a funny rude mug for people who like a laugh. It's a fun gift for birthdays, secret Santa and the office.</p>
<h2>Funny rude mug</h2>
<p>The slogan reads “Better To Have Loved And Divorced That PRAT”, printed on an 11oz ceramic mug. Strictly adult humour, best given to someone who'll laugh rather than clutch their pearls.</p>
<h3>Why you'll love it</h3><ul><li>A slogan that gets a reaction</li><li>A wind-up gift for mates and colleagues</li><li>Classic C-handle shape with a shiny high-gloss finish</li><li>Holds 11oz (approx. 325ml), the size most tea drinkers reach for</li><li>Each one is printed to order, then packed carefully for the post</li><li>Want something slightly different? Custom designs are available on request (01439 771468)</li></ul>
<h3>Size &amp; details</h3><ul><li>Capacity: 11oz (approx. 325ml)</li><li>Material: white ceramic, C-handle, high-gloss finish</li><li>Print: sublimation, printed in-house in North Yorkshire</li><li>Care: dishwasher and microwave safe; avoid abrasive scourers</li><li>Packaging: protective packaging for UK delivery</li></ul>
<h3>Delivery</h3><p>Each mug is printed to order. Postage options and costs are shown at checkout.</p>
<p>Our funny rude mug makes secret Santa a lot more interesting.</p>",Title,Default Title,,,,,Foxy-Mug-X42
copy-of-copy-of-better-to-have-loved-and-divorced-that-slapper-adult-mug,Better To Have Loved And Divorced That SLAPPER - Adult Mug,active,"<p>Our “Better To Have Loved And Divorced That SL*PPER” design is a funny rude mug for people who like a laugh. It's a fun gift for birthdays, secret Santa and the office.</p>
<h2>Funny rude mug</h2>
<p>The slogan reads “Better To Have Loved And Divorced That SL*PPER”, printed on an 11oz ceramic mug. Please note it's adult humour, so it's one for the grown-ups rather than the school run.</p>
<h3>Why you'll love it</h3><ul><li>Says what everyone's thinking</li><li>Great for birthdays and secret Santa</li><li>Printed by us in North Yorkshire using sublimation</li><li>Sent in protective packaging so it turns up in one piece</li><li>Fancy a tweak? We do custom designs on request, just ring 01439 771468</li><li>Dishwasher and microwave safe for real-life kitchens</li></ul>
<h3>Size &amp; details</h3><ul><li>Capacity: 11oz (approx. 325ml)</li><li>Material: white ceramic, C-handle, high-gloss finish</li><li>Print: sublimation, printed in-house in North Yorkshire</li><li>Care: dishwasher and microwave safe (skip the abrasive scourers)</li><li>Packaging: protective packaging for UK delivery</li></ul>
<h3>Delivery</h3><p>Each mug is printed to order. Postage options and costs are shown at checkout.</p>
<p>A funny rude mug like this gets passed round the whole office.</p>",Title,Default Title,,,,,Foxy-Mug-X43
copy-of-better-to-have-loved-and-divorced-that-tosser-adult-mug,Better To Have Loved And Divorced That TOSSER - Adult Mug,active,"<p>This funny rude mug says “Better To Have Loved And Divorced That T*SSER”, so you don't have to. It's a fun gift for birthdays, secret Santa and the office.</p>
<h2>Funny rude mug</h2>
<p>The slogan reads “Better To Have Loved And Divorced That T*SSER”, printed on an 11oz ceramic mug. Please note it's adult humour, so it's one for the grown-ups rather than the school run.</p>
<h3>Why you'll love it</h3><ul><li>A slogan that gets a reaction</li><li>Great for birthdays and secret Santa</li><li>Printed to order and packed in protective packaging for UK delivery</li><li>Happy in the dishwasher and the microwave, no special treatment needed</li><li>Classic C-handle shape with a shiny high-gloss finish</li><li>Want something slightly different? Custom designs are available on request (01439 771468)</li></ul>
<h3>Size &amp; details</h3><ul><li>Capacity: 11oz (approx. 325ml)</li><li>Material: white ceramic, C-handle, high-gloss finish</li><li>Printing: sublimation, done in-house in North Yorkshire</li><li>Care: dishwasher and microwave safe; avoid abrasive scourers</li><li>Packaging: protective packaging for UK delivery</li></ul>
<h3>Delivery</h3><p>Each mug is printed to order. Postage options and costs are shown at checkout.</p>
<p>Pair this funny rude mug with one of our cheeky cards for the full wind-up.</p>",Title,Default Title,,,,,Foxy-Mug-X44
better-to-have-loved-and-divorced-that-twat-adult-mug,Better To Have Loved And Divorced That TWAT - Adult Mug,active,"<p>Our “Better To Have Loved And Divorced That TW*T” design is a funny rude mug for people who like a laugh. It's a fun gift for birthdays, secret Santa and the office.</p>
<h2>Funny rude mug</h2>
<p>The slogan reads “Better To Have Loved And Divorced That TW*T”, printed on an 11oz ceramic mug. Please note it's adult humour, so it's one for the grown-ups rather than the school run.</p>
<h3>Why you'll love it</h3><ul><li>Says what everyone's thinking</li><li>Great for birthdays and secret Santa</li><li>Dishwasher and microwave safe for real-life kitchens</li><li>11oz (approx. 325ml): big enough for a proper cuppa, not a thimble</li><li>Printed to order and packed in protective packaging for UK delivery</li><li>High-gloss ceramic finish and a C-handle that's easy to hold</li></ul>
<h3>Size &amp; details</h3><ul><li>Capacity: 11oz (approx. 325ml)</li><li>Material: white ceramic, C-handle, high-gloss finish</li><li>Print: sublimation, printed in-house in North Yorkshire</li><li>Care: dishwasher and microwave safe (skip the abrasive scourers)</li><li>Packaging: protective packaging for UK delivery</li></ul>
<h3>Delivery</h3><p>Each mug is printed to order. Postage options and costs are shown at checkout.</p>
<p>Our funny rude mug makes secret Santa a lot more interesting.</p>",Title,Default Title,,,,,Foxy-Mug-X45
better-to-have-loved-and-divorced-that-wanker-adult-mug,Better To Have Loved And Divorced That WANKER - Adult Mug,active,"<p>This funny rude mug says “Better To Have Loved And Divorced That W*NKER”, so you don't have to. It's a fun gift for birthdays, secret Santa and the office.</p>
<h2>Funny rude mug</h2>
<p>The slogan reads “Better To Have Loved And Divorced That W*NKER”, printed on an 11oz ceramic mug. A heads-up: it's adult humour, so keep it for the grown-ups who'll find it funny.</p>
<h3>Why you'll love it</h3><ul><li>A slogan that gets a reaction</li><li>Great for birthdays and secret Santa</li><li>Made in-house in North Yorkshire, not shipped in from overseas</li><li>Printed to order and packed in protective packaging for UK delivery</li><li>Fancy a tweak? We do custom designs on request, just ring 01439 771468</li><li>Classic C-handle shape with a shiny high-gloss finish</li></ul>
<h3>Size &amp; details</h3><ul><li>Capacity: 11oz (approx. 325ml)</li><li>Material: white ceramic, C-handle, high-gloss finish</li><li>Printing: sublimation, done in-house in North Yorkshire</li><li>Care: dishwasher and microwave safe (skip the abrasive scourers)</li><li>Packaging: protective packaging for UK delivery</li></ul>
<h3>Delivery</h3><p>Each mug is printed to order. Postage options and costs are shown at checkout.</p>
<p>Our funny rude mug makes secret Santa a lot more interesting.</p>",Title,Default Title,,,,,Foxy-Mug-X46
better-to-have-loved-and-divorced-that-whore-adult-mug,Binary Is As Easy As Fuck - Adult Mug,active,"<p>Our “Binary Is As Easy As F*ck” design is a funny rude mug for people who like a laugh. It's a fun gift for birthdays, secret Santa and the office.</p>
<h2>Funny rude mug</h2>
<p>The slogan reads “Binary Is As Easy As F*ck”, printed on an 11oz ceramic mug. Adult humour: this one's for grown-ups with a thick skin, not the kids' cupboard. Expect a proper laugh when it's unwrapped.</p>
<h3>Why you'll love it</h3><ul><li>A slogan that gets a reaction</li><li>A wind-up gift for mates and colleagues</li><li>Printed by us in North Yorkshire using sublimation</li><li>Custom designs on request: give us a call on 01439 771468</li><li>Dishwasher and microwave safe, so it can go straight into daily use</li><li>Glossy ceramic with a comfy C-handle</li></ul>
<h3>Size &amp; details</h3><ul><li>Capacity: 11oz (approx. 325ml)</li><li>Material: white ceramic, C-handle, high-gloss finish</li><li>Print: sublimation, printed in-house in North Yorkshire</li><li>Care: dishwasher and microwave safe (skip the abrasive scourers)</li><li>Packaging: protective packaging for UK delivery</li></ul>
<h3>Delivery</h3><p>Each mug is printed to order. Postage options and costs are shown at checkout.</p>
<p>Pair this funny rude mug with one of our cheeky cards for the full wind-up.</p>",Title,Default Title,,,,,Foxy-Mug-X47
brothers-are-like-fat-tits-adult-mug,Brothers Are Like Fat Tits - Adult Mug,active,"<p>This funny rude mug says “Brothers Are Like Fat T*ts”, so you don't have to. It's a fun gift for birthdays, secret Santa and the office.</p>
<h2>Funny rude mug</h2>
<p>The slogan reads “Brothers Are Like Fat T*ts”, printed on an 11oz ceramic mug. Adult humour: this one's for grown-ups with a thick skin, not the kids' cupboard. It's guaranteed to get a reaction in the office kitchen.</p>
<h3>Why you'll love it</h3><ul><li>Says what everyone's thinking</li><li>A wind-up gift for mates and colleagues</li><li>Each one is printed to order, then packed carefully for the post</li><li>Classic C-handle shape with a shiny high-gloss finish</li><li>Want something slightly different? Custom designs are available on request (01439 771468)</li><li>Made in-house in North Yorkshire, not shipped in from overseas</li></ul>
<h3>Size &amp; details</h3><ul><li>Capacity: 11oz (approx. 325ml)</li><li>Material: white ceramic, C-handle, high-gloss finish</li><li>Printing: sublimation, done in-house in North Yorkshire</li><li>Care: dishwasher and microwave safe (skip the abrasive scourers)</li><li>Packaging: protective packaging for UK delivery</li></ul>
<h3>Delivery</h3><p>Each mug is printed to order. Postage options and costs are shown at checkout.</p>
<p>Our funny rude mug makes secret Santa a lot more interesting.</p>",Title,Default Title,,,,,Foxy-Mug-X48
dear-careworker-thank-you-for-putting-up-with-all-the-shit-adult-mug,Dear CAREWORKER Thank You For Putting Up With All The Shit - Adult Mug,active,"<p>Our “Dear CAREWORKER Thank You For Putting Up With All The Sh*t” design is a funny rude mug for people who like a laugh. It's a fun gift for birthdays, secret Santa and the office.</p>
<h2>Funny rude mug</h2>
<p>The slogan reads “Dear CAREWORKER Thank You For Putting Up With All The Sh*t”, printed on an 11oz ceramic mug. A heads-up: it's adult humour, so keep it for the grown-ups who'll find it funny.</p>
<h3>Why you'll love it</h3><ul><li>A slogan that gets a reaction</li><li>A wind-up gift for mates and colleagues</li><li>High-gloss ceramic finish and a C-handle that's easy to hold</li><li>Happy in the dishwasher and the microwave, no special treatment needed</li><li>Sent in protective packaging so it turns up in one piece</li><li>Made in-house in North Yorkshire, not shipped in from overseas</li></ul>
<h3>Size &amp; details</h3><ul><li>Capacity: 11oz (approx. 325ml)</li><li>Material: white ceramic, C-handle, high-gloss finish</li><li>Printing: sublimation, done in-house in North Yorkshire</li><li>Care: dishwasher and microwave safe (skip the abrasive scourers)</li><li>Packaging: protective packaging for UK delivery</li></ul>
<h3>Delivery</h3><p>Each mug is printed to order. Postage options and costs are shown at checkout.</p>
<p>A funny rude mug like this gets passed round the whole office.</p>",Title,Default Title,,,,,Foxy-Mug-X49
dear-dad-thanks-for-putting-up-with-all-the-shit-adult-mug,Dear DAD Thanks For Putting Up With All The Shit - Adult Mug,active,"<p>This funny rude mug says “Dear DAD Thanks For Putting Up With All The Sh*t”, so you don't have to. It's a fun gift for birthdays, secret Santa and the office.</p>
<h2>Funny rude mug</h2>
<p>The slogan reads “Dear DAD Thanks For Putting Up With All The Sh*t”, printed on an 11oz ceramic mug. Strictly adult humour, best given to someone who'll laugh rather than clutch their pearls. Tea, coffee or hot chocolate: it isn't fussy.</p>
<h3>Why you'll love it</h3><ul><li>A slogan that gets a reaction</li><li>Great for birthdays and secret Santa</li><li>Glossy ceramic with a comfy C-handle</li><li>Holds 11oz (approx. 325ml), the size most tea drinkers reach for</li><li>Sublimation printed in-house in North Yorkshire</li><li>Happy in the dishwasher and the microwave, no special treatment needed</li></ul>
<h3>Size &amp; details</h3><ul><li>Capacity: 11oz (approx. 325ml)</li><li>Material: white ceramic, C-handle, high-gloss finish</li><li>Print: sublimation, printed in-house in North Yorkshire</li><li>Care: dishwasher and microwave safe; avoid abrasive scourers</li><li>Packaging: protective packaging for UK delivery</li></ul>
<h3>Delivery</h3><p>Each mug is printed to order. Postage options and costs are shown at checkout.</p>
<p>A funny rude mug like this gets passed round the whole office.</p>",Title,Default Title,,,,,Foxy-Mug-X50
dear-guard-thanks-for-putting-up-with-all-the-shit-adult-mug,Dear GUARD Thanks For Putting Up With All The Shit - Adult Mug,active,"<p>Our “Dear GUARD Thanks For Putting Up With All The Sh*t” design is a funny rude mug for people who like a laugh. It's a fun gift for birthdays, secret Santa and the office.</p>
<h2>Funny rude mug</h2>
<p>The slogan reads “Dear GUARD Thanks For Putting Up With All The Sh*t”, printed on an 11oz ceramic mug. Strictly adult humour, best given to someone who'll laugh rather than clutch their pearls.</p>
<h3>Why you'll love it</h3><ul><li>Says what everyone's thinking</li><li>A wind-up gift for mates and colleagues</li><li>Happy in the dishwasher and the microwave, no special treatment needed</li><li>A proper 11oz (approx. 325ml) mug, so there's room for a decent brew</li><li>Printed by us in North Yorkshire using sublimation</li><li>Each one is printed to order, then packed carefully for the post</li></ul>
<h3>Size &amp; details</h3><ul><li>Capacity: 11oz (approx. 325ml)</li><li>Material: white ceramic, C-handle, high-gloss finish</li><li>Printing: sublimation, done in-house in North Yorkshire</li><li>Care: dishwasher and microwave safe; avoid abrasive scourers</li><li>Packaging: protective packaging for UK delivery</li></ul>
<h3>Delivery</h3><p>Each mug is printed to order. Postage options and costs are shown at checkout.</p>
<p>Pair this funny rude mug with one of our cheeky cards for the full wind-up.</p>",Title,Default Title,,,,,Foxy-Mug-X51
dear-mum-thanks-for-putting-up-with-all-the-shit-adult-mug,Dear MUM Thanks For Putting Up With All The Shit - Adult Mug,active,"<p>Our “Dear MUM Thanks For Putting Up With All The Sh*t” design is a funny rude mug for people who like a laugh. It's a fun gift for birthdays, secret Santa and the office.</p>
<h2>Funny rude mug</h2>
<p>The slogan reads “Dear MUM Thanks For Putting Up With All The Sh*t”, printed on an 11oz ceramic mug. Adult humour: this one's for grown-ups with a thick skin, not the kids' cupboard.</p>
<h3>Why you'll love it</h3><ul><li>A slogan that gets a reaction</li><li>A wind-up gift for mates and colleagues</li><li>A proper 11oz (approx. 325ml) mug, so there's room for a decent brew</li><li>Made in-house in North Yorkshire, not shipped in from overseas</li><li>Fancy a tweak? We do custom designs on request, just ring 01439 771468</li><li>Glossy ceramic with a comfy C-handle</li></ul>
<h3>Size &amp; details</h3><ul><li>Capacity: 11oz (approx. 325ml)</li><li>Material: white ceramic, C-handle, high-gloss finish</li><li>Print: sublimation, printed in-house in North Yorkshire</li><li>Care: dishwasher and microwave safe; avoid abrasive scourers</li><li>Packaging: protective packaging for UK delivery</li></ul>
<h3>Delivery</h3><p>Each mug is printed to order. Postage options and costs are shown at checkout.</p>
<p>Pair this funny rude mug with one of our cheeky cards for the full wind-up.</p>",Title,Default Title,,,,,Foxy-Mug-X52
downloading-a-shit-adult-mug,Even Jesus Watches PornHub - Adult Mug,active,"<p>Our “Even Jesus Watches P*rnHub” design is a funny rude mug for people who like a laugh. It's a fun gift for birthdays, secret Santa and the office.</p>
<h2>Funny rude mug</h2>
<p>The slogan reads “Even Jesus Watches P*rnHub”, printed on an 11oz ceramic mug. Strictly adult humour, best given to someone who'll laugh rather than clutch their pearls. It looks just as at home on an office desk as it does by the kettle.</p>
<h3>Why you'll love it</h3><ul><li>Says what everyone's thinking</li><li>Great for birthdays and secret Santa</li><li>Sent in protective packaging so it turns up in one piece</li><li>Dishwasher and microwave safe for real-life kitchens</li><li>Classic C-handle shape with a shiny high-gloss finish</li><li>A proper 11oz (approx. 325ml) mug, so there's room for a decent brew</li></ul>
<h3>Size &amp; details</h3><ul><li>Capacity: 11oz (approx. 325ml)</li><li>Material: white ceramic, C-handle, high-gloss finish</li><li>Print: sublimation, printed in-house in North Yorkshire</li><li>Care: dishwasher and microwave safe (skip the abrasive scourers)</li><li>Packaging: protective packaging for UK delivery</li></ul>
<h3>Delivery</h3><p>Each mug is printed to order. Postage options and costs are shown at checkout.</p>
<p>Our funny rude mug makes secret Santa a lot more interesting.</p>
<h3>Please note</h3><p class=""disclaimer"">This is an unofficial product made by Foxy Printing. It is not made, endorsed or approved by Pornhub. Pornhub is a trademark of its owner and is used only to describe the design theme.</p>",Title,Default Title,,,,,Foxy-Mug-X53
even-jesus-watches-porn-w-adult-mug,Even Jesus Watches Porn-W - Adult Mug,active,"<p>This funny rude mug says “Even Jesus Watches P*rn-W”, so you don't have to. It's a fun gift for birthdays, secret Santa and the office.</p>
<h2>Funny rude mug</h2>
<p>The slogan reads “Even Jesus Watches P*rn-W”, printed on an 11oz ceramic mug. A heads-up: it's adult humour, so keep it for the grown-ups who'll find it funny. Tea, coffee or hot chocolate: it isn't fussy.</p>
<h3>Why you'll love it</h3><ul><li>A slogan that gets a reaction</li><li>A wind-up gift for mates and colleagues</li><li>Dishwasher and microwave safe for real-life kitchens</li><li>Holds 11oz (approx. 325ml), the size most tea drinkers reach for</li><li>High-gloss ceramic finish and a C-handle that's easy to hold</li><li>Want something slightly different? Custom designs are available on request (01439 771468)</li></ul>
<h3>Size &amp; details</h3><ul><li>Capacity: 11oz (approx. 325ml)</li><li>Material: white ceramic, C-handle, high-gloss finish</li><li>Printing: sublimation, done in-house in North Yorkshire</li><li>Care: dishwasher and microwave safe; avoid abrasive scourers</li><li>Packaging: protective packaging for UK delivery</li></ul>
<h3>Delivery</h3><p>Each mug is printed to order. Postage options and costs are shown at checkout.</p>
<p>Pair this funny rude mug with one of our cheeky cards for the full wind-up.</p>",Title,Default Title,,,,,Foxy-Mug-X54
even-jesus-watches-redtube-adult-mug,Even Jesus Watches RedTube - Adult Mug,active,"<p>This funny rude mug says “Even Jesus Watches RedTube”, so you don't have to. It's a fun gift for birthdays, secret Santa and the office.</p>
<h2>Funny rude mug</h2>
<p>The slogan reads “Even Jesus Watches RedTube”, printed on an 11oz ceramic mug. Strictly adult humour, best given to someone who'll laugh rather than clutch their pearls. Expect a proper laugh when it's unwrapped. Tea, coffee or hot chocolate: it isn't fussy.</p>
<h3>Why you'll love it</h3><ul><li>A slogan that gets a reaction</li><li>A wind-up gift for mates and colleagues</li><li>Sublimation printed in-house in North Yorkshire</li><li>Sent in protective packaging so it turns up in one piece</li><li>Classic C-handle shape with a shiny high-gloss finish</li><li>Holds 11oz (approx. 325ml), the size most tea drinkers reach for</li></ul>
<h3>Size &amp; details</h3><ul><li>Capacity: 11oz (approx. 325ml)</li><li>Material: white ceramic, C-handle, high-gloss finish</li><li>Printing: sublimation, done in-house in North Yorkshire</li><li>Care: dishwasher and microwave safe (skip the abrasive scourers)</li><li>Packaging: protective packaging for UK delivery</li></ul>
<h3>Delivery</h3><p>Each mug is printed to order. Postage options and costs are shown at checkout.</p>
<p>A funny rude mug like this gets passed round the whole office.</p>
<h3>Please note</h3><p class=""disclaimer"">This is an unofficial product made by Foxy Printing. It is not made, endorsed or approved by RedTube. RedTube is a trademark of its owner and is used only to describe the design theme.</p>",Title,Default Title,,,,,Foxy-Mug-X55
even-jesus-watches-youporn-adult-mug,Even Jesus Watches YouPorn 2 - Adult Mug,active,"<p>This funny rude mug says “Even Jesus Watches YouPorn 2”, so you don't have to. It's a fun gift for birthdays, secret Santa and the office.</p>
<h2>Funny rude mug</h2>
<p>The slogan reads “Even Jesus Watches YouPorn 2”, printed on an 11oz ceramic mug. Adult humour: this one's for grown-ups with a thick skin, not the kids' cupboard. It looks just as at home on an office desk as it does by the kettle.</p>
<h3>Why you'll love it</h3><ul><li>A slogan that gets a reaction</li><li>Great for birthdays and secret Santa</li><li>A proper 11oz (approx. 325ml) mug, so there's room for a decent brew</li><li>Sublimation printed in-house in North Yorkshire</li><li>Sent in protective packaging so it turns up in one piece</li><li>Dishwasher and microwave safe, so it can go straight into daily use</li></ul>
<h3>Size &amp; details</h3><ul><li>Capacity: 11oz (approx. 325ml)</li><li>Material: white ceramic, C-handle, high-gloss finish</li><li>Printing: sublimation, done in-house in North Yorkshire</li><li>Care: dishwasher and microwave safe; avoid abrasive scourers</li><li>Packaging: protective packaging for UK delivery</li></ul>
<h3>Delivery</h3><p>Each mug is printed to order. Postage options and costs are shown at checkout.</p>
<p>A funny rude mug like this gets passed round the whole office.</p>
<h3>Please note</h3><p class=""disclaimer"">This is an unofficial product made by Foxy Printing. It is not made, endorsed or approved by YouPorn. YouPorn is a trademark of its owner and is used only to describe the design theme.</p>",Title,Default Title,,,,,Foxy-Mug-X56
even-jesus-watches-youporn-adult-mug-1,Even Jesus Watches YouPorn - Adult Mug,active,"<p>This funny rude mug says “Even Jesus Watches YouPorn”, so you don't have to. It's a fun gift for birthdays, secret Santa and the office.</p>
<h2>Funny rude mug</h2>
<p>The slogan reads “Even Jesus Watches YouPorn”, printed on an 11oz ceramic mug. Adult humour: this one's for grown-ups with a thick skin, not the kids' cupboard. We print every order ourselves, so if you've a question just ring 01439 771468.</p>
<h3>Why you'll love it</h3><ul><li>A slogan that gets a reaction</li><li>A wind-up gift for mates and colleagues</li><li>Printed to order and packed in protective packaging for UK delivery</li><li>Holds 11oz (approx. 325ml), the size most tea drinkers reach for</li><li>Fancy a tweak? We do custom designs on request, just ring 01439 771468</li><li>Dishwasher and microwave safe, so it can go straight into daily use</li></ul>
<h3>Size &amp; details</h3><ul><li>Capacity: 11oz (approx. 325ml)</li><li>Material: white ceramic, C-handle, high-gloss finish</li><li>Print: sublimation, printed in-house in North Yorkshire</li><li>Care: dishwasher and microwave safe; avoid abrasive scourers</li><li>Packaging: protective packaging for UK delivery</li></ul>
<h3>Delivery</h3><p>Each mug is printed to order. Postage options and costs are shown at checkout.</p>
<p>A funny rude mug like this gets passed round the whole office.</p>
<h3>Please note</h3><p class=""disclaimer"">This is an unofficial product made by Foxy Printing. It is not made, endorsed or approved by YouPorn. YouPorn is a trademark of its owner and is used only to describe the design theme.</p>",Title,Default Title,,,,,Foxy-Mug-X57
i-love-the-sound-you-make-shut-the-fuck-up-adult-mug,I Love The Sound You Make Shut The Fuck Up - Adult Mug,active,"<p>This funny rude mug says “I Love The Sound You Make Shut The F*ck Up”, so you don't have to. It's a fun gift for birthdays, secret Santa and the office.</p>
<h2>Funny rude mug</h2>
<p>The slogan reads “I Love The Sound You Make Shut The F*ck Up”, printed on an 11oz ceramic mug. Strictly adult humour, best given to someone who'll laugh rather than clutch their pearls.</p>
<h3>Why you'll love it</h3><ul><li>A slogan that gets a reaction</li><li>A wind-up gift for mates and colleagues</li><li>Sent in protective packaging so it turns up in one piece</li><li>11oz (approx. 325ml): big enough for a proper cuppa, not a thimble</li><li>Fancy a tweak? We do custom designs on request, just ring 01439 771468</li><li>Happy in the dishwasher and the microwave, no special treatment needed</li></ul>
<h3>Size &amp; details</h3><ul><li>Capacity: 11oz (approx. 325ml)</li><li>Material: white ceramic, C-handle, high-gloss finish</li><li>Print: sublimation, printed in-house in North Yorkshire</li><li>Care: dishwasher and microwave safe (skip the abrasive scourers)</li><li>Packaging: protective packaging for UK delivery</li></ul>
<h3>Delivery</h3><p>Each mug is printed to order. Postage options and costs are shown at checkout.</p>
<p>A funny rude mug like this gets passed round the whole office.</p>",Title,Default Title,,,,,Foxy-Mug-X58
i-normally-have-6-inches-in-my-hand-adult-mug,I Normally Have 6 Inches In My Hand - Adult Mug,active,"<p>This funny rude mug says “I Normally Have 6 Inches In My Hand”, so you don't have to. It's a fun gift for birthdays, secret Santa and the office.</p>
<h2>Funny rude mug</h2>
<p>The slogan reads “I Normally Have 6 Inches In My Hand”, printed on an 11oz ceramic mug. Strictly adult humour, best given to someone who'll laugh rather than clutch their pearls.</p>
<h3>Why you'll love it</h3><ul><li>A slogan that gets a reaction</li><li>A wind-up gift for mates and colleagues</li><li>Each one is printed to order, then packed carefully for the post</li><li>Made in-house in North Yorkshire, not shipped in from overseas</li><li>11oz (approx. 325ml): big enough for a proper cuppa, not a thimble</li><li>Dishwasher and microwave safe, so it can go straight into daily use</li></ul>
<h3>Size &amp; details</h3><ul><li>Capacity: 11oz (approx. 325ml)</li><li>Material: white ceramic, C-handle, high-gloss finish</li><li>Printing: sublimation, done in-house in North Yorkshire</li><li>Care: dishwasher and microwave safe; avoid abrasive scourers</li><li>Packaging: protective packaging for UK delivery</li></ul>
<h3>Delivery</h3><p>Each mug is printed to order. Postage options and costs are shown at checkout.</p>
<p>Our funny rude mug makes secret Santa a lot more interesting.</p>",Title,Default Title,,,,,Foxy-Mug-X59
i-normally-have-7-inches-in-my-mouth-adult-mug,I Normally Have 7 Inches In My Mouth - Adult Mug,active,"<p>This funny rude mug says “I Normally Have 7 Inches In My Mouth”, so you don't have to. It's a fun gift for birthdays, secret Santa and the office.</p>
<h2>Funny rude mug</h2>
<p>The slogan reads “I Normally Have 7 Inches In My Mouth”, printed on an 11oz ceramic mug. Adult humour: this one's for grown-ups with a thick skin, not the kids' cupboard. It's a small gift that gets a smile every single morning.</p>
<h3>Why you'll love it</h3><ul><li>Says what everyone's thinking</li><li>A wind-up gift for mates and colleagues</li><li>Sublimation printed in-house in North Yorkshire</li><li>High-gloss ceramic finish and a C-handle that's easy to hold</li><li>Happy in the dishwasher and the microwave, no special treatment needed</li><li>Sent in protective packaging so it turns up in one piece</li></ul>
<h3>Size &amp; details</h3><ul><li>Capacity: 11oz (approx. 325ml)</li><li>Material: white ceramic, C-handle, high-gloss finish</li><li>Printing: sublimation, done in-house in North Yorkshire</li><li>Care: dishwasher and microwave safe; avoid abrasive scourers</li><li>Packaging: protective packaging for UK delivery</li></ul>
<h3>Delivery</h3><p>Each mug is printed to order. Postage options and costs are shown at checkout.</p>
<p>Our funny rude mug makes secret Santa a lot more interesting.</p>",Title,Default Title,,,,,Foxy-Mug-X60
i-normally-have-7-inches-in-my-hand-adult-mug-1,I Normally Have 8 Inches In My Hand - Adult Mug,active,"<p>This funny rude mug says “I Normally Have 8 Inches In My Hand”, so you don't have to. It's a fun gift for birthdays, secret Santa and the office.</p>
<h2>Funny rude mug</h2>
<p>The slogan reads “I Normally Have 8 Inches In My Hand”, printed on an 11oz ceramic mug. Strictly adult humour, best given to someone who'll laugh rather than clutch their pearls. It's the kind of present that quietly becomes their go-to cup.</p>
<h3>Why you'll love it</h3><ul><li>Says what everyone's thinking</li><li>Great for birthdays and secret Santa</li><li>Classic C-handle shape with a shiny high-gloss finish</li><li>Happy in the dishwasher and the microwave, no special treatment needed</li><li>Want something slightly different? Custom designs are available on request (01439 771468)</li><li>Made in-house in North Yorkshire, not shipped in from overseas</li></ul>
<h3>Size &amp; details</h3><ul><li>Capacity: 11oz (approx. 325ml)</li><li>Material: white ceramic, C-handle, high-gloss finish</li><li>Print: sublimation, printed in-house in North Yorkshire</li><li>Care: dishwasher and microwave safe (skip the abrasive scourers)</li><li>Packaging: protective packaging for UK delivery</li></ul>
<h3>Delivery</h3><p>Each mug is printed to order. Postage options and costs are shown at checkout.</p>
<p>A funny rude mug like this gets passed round the whole office.</p>",Title,Default Title,,,,,Foxy-Mug-X61
i-normally-have-8-inches-in-my-mouth-adult-mug,I Normally Have 8 Inches In My Mouth - Adult Mug,active,"<p>This funny rude mug says “I Normally Have 8 Inches In My Mouth”, so you don't have to. It's a fun gift for birthdays, secret Santa and the office.</p>
<h2>Funny rude mug</h2>
<p>The slogan reads “I Normally Have 8 Inches In My Mouth”, printed on an 11oz ceramic mug. A heads-up: it's adult humour, so keep it for the grown-ups who'll find it funny.</p>
<h3>Why you'll love it</h3><ul><li>Says what everyone's thinking</li><li>Great for birthdays and secret Santa</li><li>Each one is printed to order, then packed carefully for the post</li><li>Custom designs on request: give us a call on 01439 771468</li><li>Holds 11oz (approx. 325ml), the size most tea drinkers reach for</li><li>High-gloss ceramic finish and a C-handle that's easy to hold</li></ul>
<h3>Size &amp; details</h3><ul><li>Capacity: 11oz (approx. 325ml)</li><li>Material: white ceramic, C-handle, high-gloss finish</li><li>Printing: sublimation, done in-house in North Yorkshire</li><li>Care: dishwasher and microwave safe (skip the abrasive scourers)</li><li>Packaging: protective packaging for UK delivery</li></ul>
<h3>Delivery</h3><p>Each mug is printed to order. Postage options and costs are shown at checkout.</p>
<p>Our funny rude mug makes secret Santa a lot more interesting.</p>",Title,Default Title,,,,,Foxy-Mug-X62
i-normally-have-9-inches-in-my-mouth-adult-mug,I Normally Have 9 Inches In My Mouth - Adult Mug,active,"<p>This funny rude mug says “I Normally Have 9 Inches In My Mouth”, so you don't have to. It's a fun gift for birthdays, secret Santa and the office.</p>
<h2>Funny rude mug</h2>
<p>The slogan reads “I Normally Have 9 Inches In My Mouth”, printed on an 11oz ceramic mug. Adult humour: this one's for grown-ups with a thick skin, not the kids' cupboard. Tea, coffee or hot chocolate: it isn't fussy.</p>
<h3>Why you'll love it</h3><ul><li>Says what everyone's thinking</li><li>Great for birthdays and secret Santa</li><li>Each one is printed to order, then packed carefully for the post</li><li>Sublimation printed in-house in North Yorkshire</li><li>Fancy a tweak? We do custom designs on request, just ring 01439 771468</li><li>Dishwasher and microwave safe for real-life kitchens</li></ul>
<h3>Size &amp; details</h3><ul><li>Capacity: 11oz (approx. 325ml)</li><li>Material: white ceramic, C-handle, high-gloss finish</li><li>Print: sublimation, printed in-house in North Yorkshire</li><li>Care: dishwasher and microwave safe (skip the abrasive scourers)</li><li>Packaging: protective packaging for UK delivery</li></ul>
<h3>Delivery</h3><p>Each mug is printed to order. Postage options and costs are shown at checkout.</p>
<p>Our funny rude mug makes secret Santa a lot more interesting.</p>",Title,Default Title,,,,,Foxy-Mug-X63
i-normally-have-10-inches-in-my-mouth-adult-mug,I Normally Have 10 Inches In My Mouth - Adult Mug,active,"<p>This funny rude mug says “I Normally Have 10 Inches In My Mouth”, so you don't have to. It's a fun gift for birthdays, secret Santa and the office.</p>
<h2>Funny rude mug</h2>
<p>The slogan reads “I Normally Have 10 Inches In My Mouth”, printed on an 11oz ceramic mug. Please note it's adult humour, so it's one for the grown-ups rather than the school run.</p>
<h3>Why you'll love it</h3><ul><li>A slogan that gets a reaction</li><li>A wind-up gift for mates and colleagues</li><li>Dishwasher and microwave safe for real-life kitchens</li><li>Holds 11oz (approx. 325ml), the size most tea drinkers reach for</li><li>Custom designs on request: give us a call on 01439 771468</li><li>Each one is printed to order, then packed carefully for the post</li></ul>
<h3>Size &amp; details</h3><ul><li>Capacity: 11oz (approx. 325ml)</li><li>Material: white ceramic, C-handle, high-gloss finish</li><li>Printing: sublimation, done in-house in North Yorkshire</li><li>Care: dishwasher and microwave safe; avoid abrasive scourers</li><li>Packaging: protective packaging for UK delivery</li></ul>
<h3>Delivery</h3><p>Each mug is printed to order. Postage options and costs are shown at checkout.</p>
<p>Pair this funny rude mug with one of our cheeky cards for the full wind-up.</p>",Title,Default Title,,,,,Foxy-Mug-X64
i-normally-have-10-inches-in-my-hand-adult-mug,I Normally Have 10 Inches In My Hand - Adult Mug,active,"<p>Our “I Normally Have 10 Inches In My Hand” design is a funny rude mug for people who like a laugh. It's a fun gift for birthdays, secret Santa and the office.</p>
<h2>Funny rude mug</h2>
<p>The slogan reads “I Normally Have 10 Inches In My Hand”, printed on an 11oz ceramic mug. Adult humour: this one's for grown-ups with a thick skin, not the kids' cupboard.</p>
<h3>Why you'll love it</h3><ul><li>Says what everyone's thinking</li><li>Great for birthdays and secret Santa</li><li>Fancy a tweak? We do custom designs on request, just ring 01439 771468</li><li>A proper 11oz (approx. 325ml) mug, so there's room for a decent brew</li><li>High-gloss ceramic finish and a C-handle that's easy to hold</li><li>Printed to order and packed in protective packaging for UK delivery</li></ul>
<h3>Size &amp; details</h3><ul><li>Capacity: 11oz (approx. 325ml)</li><li>Material: white ceramic, C-handle, high-gloss finish</li><li>Printing: sublimation, done in-house in North Yorkshire</li><li>Care: dishwasher and microwave safe; avoid abrasive scourers</li><li>Packaging: protective packaging for UK delivery</li></ul>
<h3>Delivery</h3><p>Each mug is printed to order. Postage options and costs are shown at checkout.</p>
<p>Our funny rude mug makes secret Santa a lot more interesting.</p>",Title,Default Title,,,,,Foxy-Mug-X65
im-a-lot-cooler-on-the-internet-adult-mug,I'm A Lot Cooler On The Internet - Adult Mug,active,"<p>This funny rude mug says “I'm A Lot Cooler On The Internet”, so you don't have to. It's a fun gift for birthdays, secret Santa and the office.</p>
<h2>Funny rude mug</h2>
<p>The slogan reads “I'm A Lot Cooler On The Internet”, printed on an 11oz ceramic mug. Please note it's adult humour, so it's one for the grown-ups rather than the school run.</p>
<h3>Why you'll love it</h3><ul><li>A slogan that gets a reaction</li><li>Great for birthdays and secret Santa</li><li>Each one is printed to order, then packed carefully for the post</li><li>Happy in the dishwasher and the microwave, no special treatment needed</li><li>A proper 11oz (approx. 325ml) mug, so there's room for a decent brew</li><li>Fancy a tweak? We do custom designs on request, just ring 01439 771468</li></ul>
<h3>Size &amp; details</h3><ul><li>Capacity: 11oz (approx. 325ml)</li><li>Material: white ceramic, C-handle, high-gloss finish</li><li>Printing: sublimation, done in-house in North Yorkshire</li><li>Care: dishwasher and microwave safe; avoid abrasive scourers</li><li>Packaging: protective packaging for UK delivery</li></ul>
<h3>Delivery</h3><p>Each mug is printed to order. Postage options and costs are shown at checkout.</p>
<p>Pair this funny rude mug with one of our cheeky cards for the full wind-up.</p>",Title,Default Title,,,,,Foxy-Mug-X66
im-not-always-a-bitch-adult-mug,I'm Not Always A Bitch - Adult Mug,active,"<p>This funny rude mug says “I'm Not Always A B*tch”, so you don't have to. It's a fun gift for birthdays, secret Santa and the office.</p>
<h2>Funny rude mug</h2>
<p>The slogan reads “I'm Not Always A B*tch”, printed on an 11oz ceramic mug. Adult humour: this one's for grown-ups with a thick skin, not the kids' cupboard. It's the kind of present that quietly becomes their go-to cup.</p>
<h3>Why you'll love it</h3><ul><li>A slogan that gets a reaction</li><li>A wind-up gift for mates and colleagues</li><li>Each one is printed to order, then packed carefully for the post</li><li>Made in-house in North Yorkshire, not shipped in from overseas</li><li>Want something slightly different? Custom designs are available on request (01439 771468)</li><li>Dishwasher and microwave safe for real-life kitchens</li></ul>
<h3>Size &amp; details</h3><ul><li>Capacity: 11oz (approx. 325ml)</li><li>Material: white ceramic, C-handle, high-gloss finish</li><li>Printing: sublimation, done in-house in North Yorkshire</li><li>Care: dishwasher and microwave safe; avoid abrasive scourers</li><li>Packaging: protective packaging for UK delivery</li></ul>
<h3>Delivery</h3><p>Each mug is printed to order. Postage options and costs are shown at checkout.</p>
<p>A funny rude mug like this gets passed round the whole office.</p>",Title,Default Title,,,,,Foxy-Mug-X67
im-not-always-a-cunt-adult-mug,I'm Not Always A Cunt - Adult Mug,active,"<p>Our “I'm Not Always A C*nt” design is a funny rude mug for people who like a laugh. It's a fun gift for birthdays, secret Santa and the office.</p>
<h2>Funny rude mug</h2>
<p>The slogan reads “I'm Not Always A C*nt”, printed on an 11oz ceramic mug. A heads-up: it's adult humour, so keep it for the grown-ups who'll find it funny. Expect a proper laugh when it's unwrapped.</p>
<h3>Why you'll love it</h3><ul><li>A slogan that gets a reaction</li><li>A wind-up gift for mates and colleagues</li><li>Glossy ceramic with a comfy C-handle</li><li>Printed by us in North Yorkshire using sublimation</li><li>Holds 11oz (approx. 325ml), the size most tea drinkers reach for</li><li>Custom designs on request: give us a call on 01439 771468</li></ul>
<h3>Size &amp; details</h3><ul><li>Capacity: 11oz (approx. 325ml)</li><li>Material: white ceramic, C-handle, high-gloss finish</li><li>Print: sublimation, printed in-house in North Yorkshire</li><li>Care: dishwasher and microwave safe (skip the abrasive scourers)</li><li>Packaging: protective packaging for UK delivery</li></ul>
<h3>Delivery</h3><p>Each mug is printed to order. Postage options and costs are shown at checkout.</p>
<p>Our funny rude mug makes secret Santa a lot more interesting.</p>",Title,Default Title,,,,,Foxy-Mug-X68
im-not-always-grumpy-adult-mug,I'm Not Always Grumpy - Adult Mug,active,"<p>Our “I'm Not Always Grumpy” design is a funny rude mug for people who like a laugh. It's a fun gift for birthdays, secret Santa and the office.</p>
<h2>Funny rude mug</h2>
<p>The slogan reads “I'm Not Always Grumpy”, printed on an 11oz ceramic mug. Adult humour: this one's for grown-ups with a thick skin, not the kids' cupboard. Tea, coffee or hot chocolate: it isn't fussy. If you're stuck for a present, a mug is one of those gifts that actually gets used.</p>
<h3>Why you'll love it</h3><ul><li>Says what everyone's thinking</li><li>A wind-up gift for mates and colleagues</li><li>Made in-house in North Yorkshire, not shipped in from overseas</li><li>Classic C-handle shape with a shiny high-gloss finish</li><li>Sent in protective packaging so it turns up in one piece</li><li>Dishwasher and microwave safe for real-life kitchens</li></ul>
<h3>Size &amp; details</h3><ul><li>Capacity: 11oz (approx. 325ml)</li><li>Material: white ceramic, C-handle, high-gloss finish</li><li>Print: sublimation, printed in-house in North Yorkshire</li><li>Care: dishwasher and microwave safe (skip the abrasive scourers)</li><li>Packaging: protective packaging for UK delivery</li></ul>
<h3>Delivery</h3><p>Each mug is printed to order. Postage options and costs are shown at checkout.</p>
<p>A funny rude mug like this gets passed round the whole office.</p>",Title,Default Title,,,,,Foxy-Mug-X69
im-not-always-lazy-adult-mug,I'm Not Always Lazy - Adult Mug,active,"<p>Our “I'm Not Always Lazy” design is a funny rude mug for people who like a laugh. It's a fun gift for birthdays, secret Santa and the office.</p>
<h2>Funny rude mug</h2>
<p>The slogan reads “I'm Not Always Lazy”, printed on an 11oz ceramic mug. Adult humour: this one's for grown-ups with a thick skin, not the kids' cupboard. It's guaranteed to get a reaction in the office kitchen.</p>
<h3>Why you'll love it</h3><ul><li>A slogan that gets a reaction</li><li>A wind-up gift for mates and colleagues</li><li>Printed to order and packed in protective packaging for UK delivery</li><li>High-gloss ceramic finish and a C-handle that's easy to hold</li><li>Holds 11oz (approx. 325ml), the size most tea drinkers reach for</li><li>Dishwasher and microwave safe, so it can go straight into daily use</li></ul>
<h3>Size &amp; details</h3><ul><li>Capacity: 11oz (approx. 325ml)</li><li>Material: white ceramic, C-handle, high-gloss finish</li><li>Printing: sublimation, done in-house in North Yorkshire</li><li>Care: dishwasher and microwave safe; avoid abrasive scourers</li><li>Packaging: protective packaging for UK delivery</li></ul>
<h3>Delivery</h3><p>Each mug is printed to order. Postage options and costs are shown at checkout.</p>
<p>A funny rude mug like this gets passed round the whole office.</p>",Title,Default Title,,,,,Foxy-Mug-X70
copy-of-im-not-always-nasty-adult-mug,I'm Not Always Nasty - Adult Mug,active,"<p>This funny rude mug says “I'm Not Always Nasty”, so you don't have to. It's a fun gift for birthdays, secret Santa and the office.</p>
<h2>Funny rude mug</h2>
<p>The slogan reads “I'm Not Always Nasty”, printed on an 11oz ceramic mug. Strictly adult humour, best given to someone who'll laugh rather than clutch their pearls. Tea, coffee or hot chocolate: it isn't fussy. It looks just as at home on an office desk as it does by the kettle.</p>
<h3>Why you'll love it</h3><ul><li>A slogan that gets a reaction</li><li>A wind-up gift for mates and colleagues</li><li>Glossy ceramic with a comfy C-handle</li><li>Sublimation printed in-house in North Yorkshire</li><li>Want something slightly different? Custom designs are available on request (01439 771468)</li><li>Each one is printed to order, then packed carefully for the post</li></ul>
<h3>Size &amp; details</h3><ul><li>Capacity: 11oz (approx. 325ml)</li><li>Material: white ceramic, C-handle, high-gloss finish</li><li>Printing: sublimation, done in-house in North Yorkshire</li><li>Care: dishwasher and microwave safe (skip the abrasive scourers)</li><li>Packaging: protective packaging for UK delivery</li></ul>
<h3>Delivery</h3><p>Each mug is printed to order. Postage options and costs are shown at checkout.</p>
<p>A funny rude mug like this gets passed round the whole office.</p>",Title,Default Title,,,,,Foxy-Mug-X71
im-silently-correcting-your-grammar-adult-mug,I'm Silently Correcting Your Grammar - Adult Mug,active,"<p>This funny rude mug says “I'm Silently Correcting Your Grammar”, so you don't have to. It's a fun gift for birthdays, secret Santa and the office.</p>
<h2>Funny rude mug</h2>
<p>The slogan reads “I'm Silently Correcting Your Grammar”, printed on an 11oz ceramic mug. Adult humour: this one's for grown-ups with a thick skin, not the kids' cupboard. We print every order ourselves, so if you've a question just ring 01439 771468.</p>
<h3>Why you'll love it</h3><ul><li>Says what everyone's thinking</li><li>A wind-up gift for mates and colleagues</li><li>Happy in the dishwasher and the microwave, no special treatment needed</li><li>Printed by us in North Yorkshire using sublimation</li><li>Custom designs on request: give us a call on 01439 771468</li><li>A proper 11oz (approx. 325ml) mug, so there's room for a decent brew</li></ul>
<h3>Size &amp; details</h3><ul><li>Capacity: 11oz (approx. 325ml)</li><li>Material: white ceramic, C-handle, high-gloss finish</li><li>Printing: sublimation, done in-house in North Yorkshire</li><li>Care: dishwasher and microwave safe (skip the abrasive scourers)</li><li>Packaging: protective packaging for UK delivery</li></ul>
<h3>Delivery</h3><p>Each mug is printed to order. Postage options and costs are shown at checkout.</p>
<p>Pair this funny rude mug with one of our cheeky cards for the full wind-up.</p>",Title,Default Title,,,,,Foxy-Mug-X72
its-a-name-thing-personalised-adult-mug,Its A NAME Thing - Personalised Adult Mug,active,"<p>This funny rude mug says “Its A NAME Thing”, so you don't have to. It's a fun gift for birthdays, secret Santa and the office.</p>
<h2>Funny rude mug</h2>
<p>The slogan reads “Its A NAME Thing”, printed on an 11oz ceramic mug. To personalise it, send us the name with your order (or call 01439 771468) and we'll set it into the design. Please note it's adult humour, so it's one for the grown-ups rather than the school run.</p>
<h3>Why you'll love it</h3><ul><li>A slogan that gets a reaction</li><li>Great for birthdays and secret Santa</li><li>Each one is printed to order, then packed carefully for the post</li><li>Happy in the dishwasher and the microwave, no special treatment needed</li><li>Made in-house in North Yorkshire, not shipped in from overseas</li><li>A proper 11oz (approx. 325ml) mug, so there's room for a decent brew</li></ul>
<h3>Size &amp; details</h3><ul><li>Capacity: 11oz (approx. 325ml)</li><li>Material: white ceramic, C-handle, high-gloss finish</li><li>Print: sublimation, printed in-house in North Yorkshire</li><li>Care: dishwasher and microwave safe (skip the abrasive scourers)</li><li>Packaging: protective packaging for UK delivery</li><li>Personalisation: name, printed as part of the design</li></ul>
<h3>Delivery</h3><p>Each mug is printed to order. Postage options and costs are shown at checkout.</p>
<p>Pair this funny rude mug with one of our cheeky cards for the full wind-up.</p>",Title,Default Title,,,,,Foxy-Mug-X73
ive-really-tried-to-stop-swearing-but-i-cunt-adult-mug,I've Really Tried To Stop Swearing But I Cunt - Adult Mug,active,"<p>This funny rude mug says “I've Really Tried To Stop Swearing But I C*nt”, so you don't have to. It's a fun gift for birthdays, secret Santa and the office.</p>
<h2>Funny rude mug</h2>
<p>The slogan reads “I've Really Tried To Stop Swearing But I C*nt”, printed on an 11oz ceramic mug. Strictly adult humour, best given to someone who'll laugh rather than clutch their pearls.</p>
<h3>Why you'll love it</h3><ul><li>A slogan that gets a reaction</li><li>A wind-up gift for mates and colleagues</li><li>11oz (approx. 325ml): big enough for a proper cuppa, not a thimble</li><li>Glossy ceramic with a comfy C-handle</li><li>Happy in the dishwasher and the microwave, no special treatment needed</li><li>Made in-house in North Yorkshire, not shipped in from overseas</li></ul>
<h3>Size &amp; details</h3><ul><li>Capacity: 11oz (approx. 325ml)</li><li>Material: white ceramic, C-handle, high-gloss finish</li><li>Print: sublimation, printed in-house in North Yorkshire</li><li>Care: dishwasher and microwave safe; avoid abrasive scourers</li><li>Packaging: protective packaging for UK delivery</li></ul>
<h3>Delivery</h3><p>Each mug is printed to order. Postage options and costs are shown at checkout.</p>
<p>Pair this funny rude mug with one of our cheeky cards for the full wind-up.</p>",Title,Default Title,,,,,Foxy-Mug-X74
names-first-cuppa-personalised-adult-mug,Name's First Cuppa - Personalised Adult Mug,active,"<p>This funny rude mug says “Name's First Cuppa”, so you don't have to. It's a fun gift for birthdays, secret Santa and the office.</p>
<h2>Funny rude mug</h2>
<p>The slogan reads “Name's First Cuppa”, printed on an 11oz ceramic mug. It's personalised, so just let us know the name you'd like when you order (or ring us on 01439 771468) and we'll print it for you. Please note it's adult humour, so it's one for the grown-ups rather than the school run.</p>
<h3>Why you'll love it</h3><ul><li>Says what everyone's thinking</li><li>A wind-up gift for mates and colleagues</li><li>11oz (approx. 325ml): big enough for a proper cuppa, not a thimble</li><li>Classic C-handle shape with a shiny high-gloss finish</li><li>Dishwasher and microwave safe, so it can go straight into daily use</li><li>Want something slightly different? Custom designs are available on request (01439 771468)</li></ul>
<h3>Size &amp; details</h3><ul><li>Capacity: 11oz (approx. 325ml)</li><li>Material: white ceramic, C-handle, high-gloss finish</li><li>Printing: sublimation, done in-house in North Yorkshire</li><li>Care: dishwasher and microwave safe; avoid abrasive scourers</li><li>Packaging: protective packaging for UK delivery</li><li>Personalisation: name, printed as part of the design</li></ul>
<h3>Delivery</h3><p>Each mug is printed to order. Postage options and costs are shown at checkout.</p>
<p>Our funny rude mug makes secret Santa a lot more interesting.</p>",Title,Default Title,,,,,Foxy-Mug-X75
oh-my-god-its-r2d2-personalised-adult-mug,Oh My God It's R2D2 - Adult Mug,active,"<p>This funny rude mug says “Oh My God It's R2D2”, so you don't have to. It's a fun gift for birthdays, secret Santa and the office.</p>
<h2>Funny rude mug</h2>
<p>The slogan reads “Oh My God It's R2D2”, printed on an 11oz ceramic mug. Adult humour: this one's for grown-ups with a thick skin, not the kids' cupboard. Expect a proper laugh when it's unwrapped. If you're stuck for a present, a mug is one of those gifts that actually gets used.</p>
<h3>Why you'll love it</h3><ul><li>Says what everyone's thinking</li><li>A wind-up gift for mates and colleagues</li><li>Printed to order and packed in protective packaging for UK delivery</li><li>Classic C-handle shape with a shiny high-gloss finish</li><li>Fancy a tweak? We do custom designs on request, just ring 01439 771468</li><li>Dishwasher and microwave safe for real-life kitchens</li></ul>
<h3>Size &amp; details</h3><ul><li>Capacity: 11oz (approx. 325ml)</li><li>Material: white ceramic, C-handle, high-gloss finish</li><li>Printing: sublimation, done in-house in North Yorkshire</li><li>Care: dishwasher and microwave safe; avoid abrasive scourers</li><li>Packaging: protective packaging for UK delivery</li></ul>
<h3>Delivery</h3><p>Each mug is printed to order. Postage options and costs are shown at checkout.</p>
<p>A funny rude mug like this gets passed round the whole office.</p>
<h3>Please note</h3><p class=""disclaimer"">This is an unofficial design inspired by Star Wars. It is not official merchandise and is not endorsed by, sponsored by, or connected with Star Wars or Lucasfilm, or any of their licensees. All names, characters and trademarks belong to their respective owners.</p>",Title,Default Title,,,,,Foxy-Mug-X76
piss-glitter-and-shit-rainbows-personalised-adult-mug,Piss Glitter And Shit Rainbows - Adult Mug,active,"<p>This funny rude mug says “P*ss Glitter And Sh*t Rainbows”, so you don't have to. It's a fun gift for birthdays, secret Santa and the office.</p>
<h2>Funny rude mug</h2>
<p>The slogan reads “P*ss Glitter And Sh*t Rainbows”, printed on an 11oz ceramic mug. Please note it's adult humour, so it's one for the grown-ups rather than the school run. It looks just as at home on an office desk as it does by the kettle.</p>
<h3>Why you'll love it</h3><ul><li>Says what everyone's thinking</li><li>Great for birthdays and secret Santa</li><li>Each one is printed to order, then packed carefully for the post</li><li>Fancy a tweak? We do custom designs on request, just ring 01439 771468</li><li>High-gloss ceramic finish and a C-handle that's easy to hold</li><li>11oz (approx. 325ml): big enough for a proper cuppa, not a thimble</li></ul>
<h3>Size &amp; details</h3><ul><li>Capacity: 11oz (approx. 325ml)</li><li>Material: white ceramic, C-handle, high-gloss finish</li><li>Print: sublimation, printed in-house in North Yorkshire</li><li>Care: dishwasher and microwave safe; avoid abrasive scourers</li><li>Packaging: protective packaging for UK delivery</li></ul>
<h3>Delivery</h3><p>Each mug is printed to order. Postage options and costs are shown at checkout.</p>
<p>A funny rude mug like this gets passed round the whole office.</p>",Title,Default Title,,,,,Foxy-Mug-X77
pretending-to-listen-personalised-adult-mug,Pretending To Listen- Adult Mug,active,"<p>Our “Pretending To Listen” design is a funny rude mug for people who like a laugh. It's a fun gift for birthdays, secret Santa and the office.</p>
<h2>Funny rude mug</h2>
<p>The slogan reads “Pretending To Listen”, printed on an 11oz ceramic mug. A heads-up: it's adult humour, so keep it for the grown-ups who'll find it funny. It's the kind of present that quietly becomes their go-to cup.</p>
<h3>Why you'll love it</h3><ul><li>Says what everyone's thinking</li><li>Great for birthdays and secret Santa</li><li>Classic C-handle shape with a shiny high-gloss finish</li><li>Dishwasher and microwave safe, so it can go straight into daily use</li><li>Printed by us in North Yorkshire using sublimation</li><li>Printed to order and packed in protective packaging for UK delivery</li></ul>
<h3>Size &amp; details</h3><ul><li>Capacity: 11oz (approx. 325ml)</li><li>Material: white ceramic, C-handle, high-gloss finish</li><li>Print: sublimation, printed in-house in North Yorkshire</li><li>Care: dishwasher and microwave safe (skip the abrasive scourers)</li><li>Packaging: protective packaging for UK delivery</li></ul>
<h3>Delivery</h3><p>Each mug is printed to order. Postage options and costs are shown at checkout.</p>
<p>Pair this funny rude mug with one of our cheeky cards for the full wind-up.</p>",Title,Default Title,,,,,Foxy-Mug-X78
sisters-are-like-fat-legs-personalised-adult-mug,Sisters Are Like Fat Legs- Adult Mug,active,"<p>This funny rude mug says “Sisters Are Like Fat Legs”, so you don't have to. It's a fun gift for birthdays, secret Santa and the office.</p>
<h2>Funny rude mug</h2>
<p>The slogan reads “Sisters Are Like Fat Legs”, printed on an 11oz ceramic mug. A heads-up: it's adult humour, so keep it for the grown-ups who'll find it funny. It's the kind of present that quietly becomes their go-to cup.</p>
<h3>Why you'll love it</h3><ul><li>Says what everyone's thinking</li><li>A wind-up gift for mates and colleagues</li><li>Happy in the dishwasher and the microwave, no special treatment needed</li><li>Want something slightly different? Custom designs are available on request (01439 771468)</li><li>Printed by us in North Yorkshire using sublimation</li><li>11oz (approx. 325ml): big enough for a proper cuppa, not a thimble</li></ul>
<h3>Size &amp; details</h3><ul><li>Capacity: 11oz (approx. 325ml)</li><li>Material: white ceramic, C-handle, high-gloss finish</li><li>Print: sublimation, printed in-house in North Yorkshire</li><li>Care: dishwasher and microwave safe; avoid abrasive scourers</li><li>Packaging: protective packaging for UK delivery</li></ul>
<h3>Delivery</h3><p>Each mug is printed to order. Postage options and costs are shown at checkout.</p>
<p>A funny rude mug like this gets passed round the whole office.</p>",Title,Default Title,,,,,Foxy-Mug-X79
thank-god-for-pornhub-adult-mug,Thank God For PornHub - Adult Mug,active,"<p>Our “Thank God For P*rnHub” design is a funny rude mug for people who like a laugh. It's a fun gift for birthdays, secret Santa and the office.</p>
<h2>Funny rude mug</h2>
<p>The slogan reads “Thank God For P*rnHub”, printed on an 11oz ceramic mug. Strictly adult humour, best given to someone who'll laugh rather than clutch their pearls. If you're stuck for a present, a mug is one of those gifts that actually gets used.</p>
<h3>Why you'll love it</h3><ul><li>A slogan that gets a reaction</li><li>A wind-up gift for mates and colleagues</li><li>Made in-house in North Yorkshire, not shipped in from overseas</li><li>Custom designs on request: give us a call on 01439 771468</li><li>11oz (approx. 325ml): big enough for a proper cuppa, not a thimble</li><li>Classic C-handle shape with a shiny high-gloss finish</li></ul>
<h3>Size &amp; details</h3><ul><li>Capacity: 11oz (approx. 325ml)</li><li>Material: white ceramic, C-handle, high-gloss finish</li><li>Print: sublimation, printed in-house in North Yorkshire</li><li>Care: dishwasher and microwave safe (skip the abrasive scourers)</li><li>Packaging: protective packaging for UK delivery</li></ul>
<h3>Delivery</h3><p>Each mug is printed to order. Postage options and costs are shown at checkout.</p>
<p>A funny rude mug like this gets passed round the whole office.</p>
<h3>Please note</h3><p class=""disclaimer"">This is an unofficial product made by Foxy Printing. It is not made, endorsed or approved by Pornhub. Pornhub is a trademark of its owner and is used only to describe the design theme.</p>",Title,Default Title,,,,,Foxy-Mug-X80
thank-god-for-porn-w-adult-mug,Thank God For Porn-W - Adult Mug,active,"<p>This funny rude mug says “Thank God For P*rn-W”, so you don't have to. It's a fun gift for birthdays, secret Santa and the office.</p>
<h2>Funny rude mug</h2>
<p>The slogan reads “Thank God For P*rn-W”, printed on an 11oz ceramic mug. Please note it's adult humour, so it's one for the grown-ups rather than the school run. It's guaranteed to get a reaction in the office kitchen.</p>
<h3>Why you'll love it</h3><ul><li>A slogan that gets a reaction</li><li>A wind-up gift for mates and colleagues</li><li>Classic C-handle shape with a shiny high-gloss finish</li><li>Made in-house in North Yorkshire, not shipped in from overseas</li><li>11oz (approx. 325ml): big enough for a proper cuppa, not a thimble</li><li>Dishwasher and microwave safe for real-life kitchens</li></ul>
<h3>Size &amp; details</h3><ul><li>Capacity: 11oz (approx. 325ml)</li><li>Material: white ceramic, C-handle, high-gloss finish</li><li>Print: sublimation, printed in-house in North Yorkshire</li><li>Care: dishwasher and microwave safe (skip the abrasive scourers)</li><li>Packaging: protective packaging for UK delivery</li></ul>
<h3>Delivery</h3><p>Each mug is printed to order. Postage options and costs are shown at checkout.</p>
<p>Pair this funny rude mug with one of our cheeky cards for the full wind-up.</p>",Title,Default Title,,,,,Foxy-Mug-X81
thank-god-for-redtube-adult-mug,Thank God For RedTube - Adult Mug,active,"<p>This funny rude mug says “Thank God For RedTube”, so you don't have to. It's a fun gift for birthdays, secret Santa and the office.</p>
<h2>Funny rude mug</h2>
<p>The slogan reads “Thank God For RedTube”, printed on an 11oz ceramic mug. Adult humour: this one's for grown-ups with a thick skin, not the kids' cupboard. It's a small gift that gets a smile every single morning.</p>
<h3>Why you'll love it</h3><ul><li>Says what everyone's thinking</li><li>A wind-up gift for mates and colleagues</li><li>Classic C-handle shape with a shiny high-gloss finish</li><li>Sent in protective packaging so it turns up in one piece</li><li>Holds 11oz (approx. 325ml), the size most tea drinkers reach for</li><li>Want something slightly different? Custom designs are available on request (01439 771468)</li></ul>
<h3>Size &amp; details</h3><ul><li>Capacity: 11oz (approx. 325ml)</li><li>Material: white ceramic, C-handle, high-gloss finish</li><li>Printing: sublimation, done in-house in North Yorkshire</li><li>Care: dishwasher and microwave safe; avoid abrasive scourers</li><li>Packaging: protective packaging for UK delivery</li></ul>
<h3>Delivery</h3><p>Each mug is printed to order. Postage options and costs are shown at checkout.</p>
<p>Our funny rude mug makes secret Santa a lot more interesting.</p>
<h3>Please note</h3><p class=""disclaimer"">This is an unofficial product made by Foxy Printing. It is not made, endorsed or approved by RedTube. RedTube is a trademark of its owner and is used only to describe the design theme.</p>",Title,Default Title,,,,,Foxy-Mug-X82
thank-god-for-youporn-adult-mug,Thank God For YouPorn - Adult Mug,active,"<p>This funny rude mug says “Thank God For YouPorn”, so you don't have to. It's a fun gift for birthdays, secret Santa and the office.</p>
<h2>Funny rude mug</h2>
<p>The slogan reads “Thank God For YouPorn”, printed on an 11oz ceramic mug. Strictly adult humour, best given to someone who'll laugh rather than clutch their pearls. Expect a proper laugh when it's unwrapped. It looks just as at home on an office desk as it does by the kettle.</p>
<h3>Why you'll love it</h3><ul><li>Says what everyone's thinking</li><li>Great for birthdays and secret Santa</li><li>Glossy ceramic with a comfy C-handle</li><li>11oz (approx. 325ml): big enough for a proper cuppa, not a thimble</li><li>Sent in protective packaging so it turns up in one piece</li><li>Custom designs on request: give us a call on 01439 771468</li></ul>
<h3>Size &amp; details</h3><ul><li>Capacity: 11oz (approx. 325ml)</li><li>Material: white ceramic, C-handle, high-gloss finish</li><li>Printing: sublimation, done in-house in North Yorkshire</li><li>Care: dishwasher and microwave safe (skip the abrasive scourers)</li><li>Packaging: protective packaging for UK delivery</li></ul>
<h3>Delivery</h3><p>Each mug is printed to order. Postage options and costs are shown at checkout.</p>
<p>A funny rude mug like this gets passed round the whole office.</p>
<h3>Please note</h3><p class=""disclaimer"">This is an unofficial product made by Foxy Printing. It is not made, endorsed or approved by YouPorn. YouPorn is a trademark of its owner and is used only to describe the design theme.</p>",Title,Default Title,,,,,Foxy-Mug-X83
theres-no-i-in-team-but-a-u-in-cunt-adult-mug,Theres No I In Team But A U In Cunt - Adult Mug,active,"<p>This funny rude mug says “Theres No I In Team But A U In C*nt”, so you don't have to. It's a fun gift for birthdays, secret Santa and the office.</p>
<h2>Funny rude mug</h2>
<p>The slogan reads “Theres No I In Team But A U In C*nt”, printed on an 11oz ceramic mug. Please note it's adult humour, so it's one for the grown-ups rather than the school run.</p>
<h3>Why you'll love it</h3><ul><li>Says what everyone's thinking</li><li>A wind-up gift for mates and colleagues</li><li>Printed by us in North Yorkshire using sublimation</li><li>Sent in protective packaging so it turns up in one piece</li><li>Want something slightly different? Custom designs are available on request (01439 771468)</li><li>Holds 11oz (approx. 325ml), the size most tea drinkers reach for</li></ul>
<h3>Size &amp; details</h3><ul><li>Capacity: 11oz (approx. 325ml)</li><li>Material: white ceramic, C-handle, high-gloss finish</li><li>Print: sublimation, printed in-house in North Yorkshire</li><li>Care: dishwasher and microwave safe (skip the abrasive scourers)</li><li>Packaging: protective packaging for UK delivery</li></ul>
<h3>Delivery</h3><p>Each mug is printed to order. Postage options and costs are shown at checkout.</p>
<p>Pair this funny rude mug with one of our cheeky cards for the full wind-up.</p>",Title,Default Title,,,,,Foxy-Mug-X84
twinkle-twinkle-tosser-adult-mug,Twinkle Twinkle Tosser - Adult Mug,active,"<p>This funny rude mug says “Twinkle Twinkle T*sser”, so you don't have to. It's a fun gift for birthdays, secret Santa and the office.</p>
<h2>Funny rude mug</h2>
<p>The slogan reads “Twinkle Twinkle T*sser”, printed on an 11oz ceramic mug. Please note it's adult humour, so it's one for the grown-ups rather than the school run. It's guaranteed to get a reaction in the office kitchen. Expect a proper laugh when it's unwrapped.</p>
<h3>Why you'll love it</h3><ul><li>Says what everyone's thinking</li><li>Great for birthdays and secret Santa</li><li>Each one is printed to order, then packed carefully for the post</li><li>Dishwasher and microwave safe for real-life kitchens</li><li>Printed by us in North Yorkshire using sublimation</li><li>Fancy a tweak? We do custom designs on request, just ring 01439 771468</li></ul>
<h3>Size &amp; details</h3><ul><li>Capacity: 11oz (approx. 325ml)</li><li>Material: white ceramic, C-handle, high-gloss finish</li><li>Print: sublimation, printed in-house in North Yorkshire</li><li>Care: dishwasher and microwave safe; avoid abrasive scourers</li><li>Packaging: protective packaging for UK delivery</li></ul>
<h3>Delivery</h3><p>Each mug is printed to order. Postage options and costs are shown at checkout.</p>
<p>A funny rude mug like this gets passed round the whole office.</p>",Title,Default Title,,,,,Foxy-Mug-X85
you-make-my-bum-hole-tingle-adult-mug,You Make My Bum Hole Tingle - Adult Mug,active,"<p>This funny rude mug says “You Make My Bum Hole Tingle”, so you don't have to. It's a fun gift for birthdays, secret Santa and the office.</p>
<h2>Funny rude mug</h2>
<p>The slogan reads “You Make My Bum Hole Tingle”, printed on an 11oz ceramic mug. A heads-up: it's adult humour, so keep it for the grown-ups who'll find it funny. It's a small gift that gets a smile every single morning.</p>
<h3>Why you'll love it</h3><ul><li>Says what everyone's thinking</li><li>A wind-up gift for mates and colleagues</li><li>Classic C-handle shape with a shiny high-gloss finish</li><li>Sent in protective packaging so it turns up in one piece</li><li>Holds 11oz (approx. 325ml), the size most tea drinkers reach for</li><li>Dishwasher and microwave safe for real-life kitchens</li></ul>
<h3>Size &amp; details</h3><ul><li>Capacity: 11oz (approx. 325ml)</li><li>Material: white ceramic, C-handle, high-gloss finish</li><li>Printing: sublimation, done in-house in North Yorkshire</li><li>Care: dishwasher and microwave safe; avoid abrasive scourers</li><li>Packaging: protective packaging for UK delivery</li></ul>
<h3>Delivery</h3><p>Each mug is printed to order. Postage options and costs are shown at checkout.</p>
<p>Pair this funny rude mug with one of our cheeky cards for the full wind-up.</p>",Title,Default Title,,,,,Foxy-Mug-X86
you-make-my-fanny-tingle-adult-mug,You Make My Fanny Tingle - Adult Mug,active,"<p>This funny rude mug says “You Make My Fanny Tingle”, so you don't have to. It's a fun gift for birthdays, secret Santa and the office.</p>
<h2>Funny rude mug</h2>
<p>The slogan reads “You Make My Fanny Tingle”, printed on an 11oz ceramic mug. Strictly adult humour, best given to someone who'll laugh rather than clutch their pearls. It looks just as at home on an office desk as it does by the kettle.</p>
<h3>Why you'll love it</h3><ul><li>A slogan that gets a reaction</li><li>Great for birthdays and secret Santa</li><li>11oz (approx. 325ml): big enough for a proper cuppa, not a thimble</li><li>Each one is printed to order, then packed carefully for the post</li><li>Classic C-handle shape with a shiny high-gloss finish</li><li>Custom designs on request: give us a call on 01439 771468</li></ul>
<h3>Size &amp; details</h3><ul><li>Capacity: 11oz (approx. 325ml)</li><li>Material: white ceramic, C-handle, high-gloss finish</li><li>Printing: sublimation, done in-house in North Yorkshire</li><li>Care: dishwasher and microwave safe; avoid abrasive scourers</li><li>Packaging: protective packaging for UK delivery</li></ul>
<h3>Delivery</h3><p>Each mug is printed to order. Postage options and costs are shown at checkout.</p>
<p>Pair this funny rude mug with one of our cheeky cards for the full wind-up.</p>",Title,Default Title,,,,,Foxy-Mug-X87
you-make-my-nipples-tingle-adult-mug,You Make My Nipples Tingle - Adult Mug,active,"<p>Our “You Make My Nipples Tingle” design is a funny rude mug for people who like a laugh. It's a fun gift for birthdays, secret Santa and the office.</p>
<h2>Funny rude mug</h2>
<p>The slogan reads “You Make My Nipples Tingle”, printed on an 11oz ceramic mug. Please note it's adult humour, so it's one for the grown-ups rather than the school run. If you're stuck for a present, a mug is one of those gifts that actually gets used.</p>
<h3>Why you'll love it</h3><ul><li>Says what everyone's thinking</li><li>Great for birthdays and secret Santa</li><li>High-gloss ceramic finish and a C-handle that's easy to hold</li><li>Dishwasher and microwave safe for real-life kitchens</li><li>Want something slightly different? Custom designs are available on request (01439 771468)</li><li>Printed by us in North Yorkshire using sublimation</li></ul>
<h3>Size &amp; details</h3><ul><li>Capacity: 11oz (approx. 325ml)</li><li>Material: white ceramic, C-handle, high-gloss finish</li><li>Print: sublimation, printed in-house in North Yorkshire</li><li>Care: dishwasher and microwave safe; avoid abrasive scourers</li><li>Packaging: protective packaging for UK delivery</li></ul>
<h3>Delivery</h3><p>Each mug is printed to order. Postage options and costs are shown at checkout.</p>
<p>A funny rude mug like this gets passed round the whole office.</p>",Title,Default Title,,,,,Foxy-Mug-X88
you-make-my-vagina-tingle-adult-mug,You Make My Vagina Tingle - Adult Mug,active,"<p>This funny rude mug says “You Make My V*gina Tingle”, so you don't have to. It's a fun gift for birthdays, secret Santa and the office.</p>
<h2>Funny rude mug</h2>
<p>The slogan reads “You Make My V*gina Tingle”, printed on an 11oz ceramic mug. Please note it's adult humour, so it's one for the grown-ups rather than the school run. It's the kind of present that quietly becomes their go-to cup.</p>
<h3>Why you'll love it</h3><ul><li>Says what everyone's thinking</li><li>Great for birthdays and secret Santa</li><li>Happy in the dishwasher and the microwave, no special treatment needed</li><li>Printed to order and packed in protective packaging for UK delivery</li><li>Glossy ceramic with a comfy C-handle</li><li>Custom designs on request: give us a call on 01439 771468</li></ul>
<h3>Size &amp; details</h3><ul><li>Capacity: 11oz (approx. 325ml)</li><li>Material: white ceramic, C-handle, high-gloss finish</li><li>Printing: sublimation, done in-house in North Yorkshire</li><li>Care: dishwasher and microwave safe (skip the abrasive scourers)</li><li>Packaging: protective packaging for UK delivery</li></ul>
<h3>Delivery</h3><p>Each mug is printed to order. Postage options and costs are shown at checkout.</p>
<p>Our funny rude mug makes secret Santa a lot more interesting.</p>",Title,Default Title,,,,,Foxy-Mug-X89
fuck-decaf-adult-mug,Dont Give A Fuck - Adult Mug,active,"<p>This funny rude mug says “Dont Give A F*ck”, so you don't have to. It's a fun gift for birthdays, secret Santa and the office.</p>
<h2>Funny rude mug</h2>
<p>The slogan reads “Dont Give A F*ck”, printed on an 11oz ceramic mug. Strictly adult humour, best given to someone who'll laugh rather than clutch their pearls. Tea, coffee or hot chocolate: it isn't fussy. It looks just as at home on an office desk as it does by the kettle.</p>
<h3>Why you'll love it</h3><ul><li>Says what everyone's thinking</li><li>Great for birthdays and secret Santa</li><li>11oz (approx. 325ml): big enough for a proper cuppa, not a thimble</li><li>Made in-house in North Yorkshire, not shipped in from overseas</li><li>Classic C-handle shape with a shiny high-gloss finish</li><li>Sent in protective packaging so it turns up in one piece</li></ul>
<h3>Size &amp; details</h3><ul><li>Capacity: 11oz (approx. 325ml)</li><li>Material: white ceramic, C-handle, high-gloss finish</li><li>Print: sublimation, printed in-house in North Yorkshire</li><li>Care: dishwasher and microwave safe; avoid abrasive scourers</li><li>Packaging: protective packaging for UK delivery</li></ul>
<h3>Delivery</h3><p>Each mug is printed to order. Postage options and costs are shown at checkout.</p>
<p>A funny rude mug like this gets passed round the whole office.</p>",Title,Default Title,,,,,Foxy-Mug-X90
beach-babes-booze-adult-mug,Beach Babes & Booze - Adult Mug,active,"<p>Our “Beach Babes &amp; Booze” design is a funny rude mug for people who like a laugh. It's a fun gift for birthdays, secret Santa and the office.</p>
<h2>Funny rude mug</h2>
<p>The slogan reads “Beach Babes &amp; Booze”, printed on an 11oz ceramic mug. Adult humour: this one's for grown-ups with a thick skin, not the kids' cupboard. It's the kind of present that quietly becomes their go-to cup.</p>
<h3>Why you'll love it</h3><ul><li>A slogan that gets a reaction</li><li>A wind-up gift for mates and colleagues</li><li>Each one is printed to order, then packed carefully for the post</li><li>Want something slightly different? Custom designs are available on request (01439 771468)</li><li>Holds 11oz (approx. 325ml), the size most tea drinkers reach for</li><li>Printed by us in North Yorkshire using sublimation</li></ul>
<h3>Size &amp; details</h3><ul><li>Capacity: 11oz (approx. 325ml)</li><li>Material: white ceramic, C-handle, high-gloss finish</li><li>Printing: sublimation, done in-house in North Yorkshire</li><li>Care: dishwasher and microwave safe (skip the abrasive scourers)</li><li>Packaging: protective packaging for UK delivery</li></ul>
<h3>Delivery</h3><p>Each mug is printed to order. Postage options and costs are shown at checkout.</p>
<p>A funny rude mug like this gets passed round the whole office.</p>",Title,Default Title,,,,,Foxy-Mug-X91
naughty-or-nice-adult-mug,Naughty Or Nice - Adult Mug,active,"<p>This funny rude mug says “Naughty Or Nice”, so you don't have to. It's a fun gift for birthdays, secret Santa and the office.</p>
<h2>Funny rude mug</h2>
<p>The slogan reads “Naughty Or Nice”, printed on an 11oz ceramic mug. Strictly adult humour, best given to someone who'll laugh rather than clutch their pearls. It's a small gift that gets a smile every single morning. Tea, coffee or hot chocolate: it isn't fussy.</p>
<h3>Why you'll love it</h3><ul><li>Says what everyone's thinking</li><li>A wind-up gift for mates and colleagues</li><li>Each one is printed to order, then packed carefully for the post</li><li>Classic C-handle shape with a shiny high-gloss finish</li><li>Want something slightly different? Custom designs are available on request (01439 771468)</li><li>Printed by us in North Yorkshire using sublimation</li></ul>
<h3>Size &amp; details</h3><ul><li>Capacity: 11oz (approx. 325ml)</li><li>Material: white ceramic, C-handle, high-gloss finish</li><li>Printing: sublimation, done in-house in North Yorkshire</li><li>Care: dishwasher and microwave safe; avoid abrasive scourers</li><li>Packaging: protective packaging for UK delivery</li></ul>
<h3>Delivery</h3><p>Each mug is printed to order. Postage options and costs are shown at checkout.</p>
<p>Our funny rude mug makes secret Santa a lot more interesting.</p>",Title,Default Title,,,,,Foxy-Mug-X92
bad-ass-bitch-adult-mug,Bad Ass Bitch - Adult Mug,active,"<p>This funny rude mug says “Bad Ass B*tch”, so you don't have to. It's a fun gift for birthdays, secret Santa and the office.</p>
<h2>Funny rude mug</h2>
<p>The slogan reads “Bad Ass B*tch”, printed on an 11oz ceramic mug. Adult humour: this one's for grown-ups with a thick skin, not the kids' cupboard. If you're stuck for a present, a mug is one of those gifts that actually gets used.</p>
<h3>Why you'll love it</h3><ul><li>A slogan that gets a reaction</li><li>Great for birthdays and secret Santa</li><li>Want something slightly different? Custom designs are available on request (01439 771468)</li><li>Dishwasher and microwave safe, so it can go straight into daily use</li><li>High-gloss ceramic finish and a C-handle that's easy to hold</li><li>Printed by us in North Yorkshire using sublimation</li></ul>
<h3>Size &amp; details</h3><ul><li>Capacity: 11oz (approx. 325ml)</li><li>Material: white ceramic, C-handle, high-gloss finish</li><li>Printing: sublimation, done in-house in North Yorkshire</li><li>Care: dishwasher and microwave safe (skip the abrasive scourers)</li><li>Packaging: protective packaging for UK delivery</li></ul>
<h3>Delivery</h3><p>Each mug is printed to order. Postage options and costs are shown at checkout.</p>
<p>Our funny rude mug makes secret Santa a lot more interesting.</p>",Title,Default Title,,,,,Foxy-Mug-X95
best-fuckin-sister-adult-mug,Best Fuckin' Sister - Adult Mug,active,"<p>Our “Best F*ckin' Sister” design is a funny rude mug for people who like a laugh. It's a fun gift for birthdays, secret Santa and the office.</p>
<h2>Funny rude mug</h2>
<p>The slogan reads “Best F*ckin' Sister”, printed on an 11oz ceramic mug. Please note it's adult humour, so it's one for the grown-ups rather than the school run.</p>
<h3>Why you'll love it</h3><ul><li>A slogan that gets a reaction</li><li>Great for birthdays and secret Santa</li><li>Classic C-handle shape with a shiny high-gloss finish</li><li>Fancy a tweak? We do custom designs on request, just ring 01439 771468</li><li>Dishwasher and microwave safe, so it can go straight into daily use</li><li>A proper 11oz (approx. 325ml) mug, so there's room for a decent brew</li></ul>
<h3>Size &amp; details</h3><ul><li>Capacity: 11oz (approx. 325ml)</li><li>Material: white ceramic, C-handle, high-gloss finish</li><li>Print: sublimation, printed in-house in North Yorkshire</li><li>Care: dishwasher and microwave safe (skip the abrasive scourers)</li><li>Packaging: protective packaging for UK delivery</li></ul>
<h3>Delivery</h3><p>Each mug is printed to order. Postage options and costs are shown at checkout.</p>
<p>A funny rude mug like this gets passed round the whole office.</p>",Title,Default Title,,,,,Foxy-Mug-X96
best-fuckin-brother-adult-mug,Best Fuckin' Brother - Adult Mug,active,"<p>This funny rude mug says “Best F*ckin' Brother”, so you don't have to. It's a fun gift for birthdays, secret Santa and the office.</p>
<h2>Funny rude mug</h2>
<p>The slogan reads “Best F*ckin' Brother”, printed on an 11oz ceramic mug. Strictly adult humour, best given to someone who'll laugh rather than clutch their pearls. It's a small gift that gets a smile every single morning.</p>
<h3>Why you'll love it</h3><ul><li>Says what everyone's thinking</li><li>Great for birthdays and secret Santa</li><li>High-gloss ceramic finish and a C-handle that's easy to hold</li><li>A proper 11oz (approx. 325ml) mug, so there's room for a decent brew</li><li>Happy in the dishwasher and the microwave, no special treatment needed</li><li>Sent in protective packaging so it turns up in one piece</li></ul>
<h3>Size &amp; details</h3><ul><li>Capacity: 11oz (approx. 325ml)</li><li>Material: white ceramic, C-handle, high-gloss finish</li><li>Printing: sublimation, done in-house in North Yorkshire</li><li>Care: dishwasher and microwave safe (skip the abrasive scourers)</li><li>Packaging: protective packaging for UK delivery</li></ul>
<h3>Delivery</h3><p>Each mug is printed to order. Postage options and costs are shown at checkout.</p>
<p>Our funny rude mug makes secret Santa a lot more interesting.</p>",Title,Default Title,,,,,Foxy-Mug-X97
best-fucking-friend-adult-mug,Best Fucking Friend - Adult Mug,active,"<p>Our “Best F*cking Friend” design is a funny rude mug for people who like a laugh. It's a fun gift for birthdays, secret Santa and the office.</p>
<h2>Funny rude mug</h2>
<p>The slogan reads “Best F*cking Friend”, printed on an 11oz ceramic mug. Strictly adult humour, best given to someone who'll laugh rather than clutch their pearls. If you're stuck for a present, a mug is one of those gifts that actually gets used.</p>
<h3>Why you'll love it</h3><ul><li>A slogan that gets a reaction</li><li>Great for birthdays and secret Santa</li><li>Dishwasher and microwave safe for real-life kitchens</li><li>Custom designs on request: give us a call on 01439 771468</li><li>Glossy ceramic with a comfy C-handle</li><li>Each one is printed to order, then packed carefully for the post</li></ul>
<h3>Size &amp; details</h3><ul><li>Capacity: 11oz (approx. 325ml)</li><li>Material: white ceramic, C-handle, high-gloss finish</li><li>Print: sublimation, printed in-house in North Yorkshire</li><li>Care: dishwasher and microwave safe; avoid abrasive scourers</li><li>Packaging: protective packaging for UK delivery</li></ul>
<h3>Delivery</h3><p>Each mug is printed to order. Postage options and costs are shown at checkout.</p>
<p>Our funny rude mug makes secret Santa a lot more interesting.</p>",Title,Default Title,,,,,Foxy-Mug-X98
boss-bitch-adult-mug,BOSS BITCH - Adult Mug,active,"<p>Our “Boss B*tch” design is a funny rude mug for people who like a laugh. It's a fun gift for birthdays, secret Santa and the office.</p>
<h2>Funny rude mug</h2>
<p>The slogan reads “Boss B*tch”, printed on an 11oz ceramic mug. Strictly adult humour, best given to someone who'll laugh rather than clutch their pearls. It's the kind of present that quietly becomes their go-to cup.</p>
<h3>Why you'll love it</h3><ul><li>Says what everyone's thinking</li><li>A wind-up gift for mates and colleagues</li><li>A proper 11oz (approx. 325ml) mug, so there's room for a decent brew</li><li>Made in-house in North Yorkshire, not shipped in from overseas</li><li>Classic C-handle shape with a shiny high-gloss finish</li><li>Happy in the dishwasher and the microwave, no special treatment needed</li></ul>
<h3>Size &amp; details</h3><ul><li>Capacity: 11oz (approx. 325ml)</li><li>Material: white ceramic, C-handle, high-gloss finish</li><li>Print: sublimation, printed in-house in North Yorkshire</li><li>Care: dishwasher and microwave safe; avoid abrasive scourers</li><li>Packaging: protective packaging for UK delivery</li></ul>
<h3>Delivery</h3><p>Each mug is printed to order. Postage options and costs are shown at checkout.</p>
<p>Pair this funny rude mug with one of our cheeky cards for the full wind-up.</p>",Title,Default Title,,,,,Foxy-Mug-X99
coffee-keeps-me-going-adult-mug,Coffee Keeps Me Going - Adult Mug,active,"<p>This funny rude mug says “Coffee Keeps Me Going”, so you don't have to. It's a fun gift for birthdays, secret Santa and the office.</p>
<h2>Funny rude mug</h2>
<p>The slogan reads “Coffee Keeps Me Going”, printed on an 11oz ceramic mug. A heads-up: it's adult humour, so keep it for the grown-ups who'll find it funny. Tea, coffee or hot chocolate: it isn't fussy.</p>
<h3>Why you'll love it</h3><ul><li>Says what everyone's thinking</li><li>A wind-up gift for mates and colleagues</li><li>Classic C-handle shape with a shiny high-gloss finish</li><li>Want something slightly different? Custom designs are available on request (01439 771468)</li><li>Sent in protective packaging so it turns up in one piece</li><li>A proper 11oz (approx. 325ml) mug, so there's room for a decent brew</li></ul>
<h3>Size &amp; details</h3><ul><li>Capacity: 11oz (approx. 325ml)</li><li>Material: white ceramic, C-handle, high-gloss finish</li><li>Print: sublimation, printed in-house in North Yorkshire</li><li>Care: dishwasher and microwave safe (skip the abrasive scourers)</li><li>Packaging: protective packaging for UK delivery</li></ul>
<h3>Delivery</h3><p>Each mug is printed to order. Postage options and costs are shown at checkout.</p>
<p>Our funny rude mug makes secret Santa a lot more interesting.</p>",Title,Default Title,,,,,Foxy-Mug-X100
do-i-look-like-i-give-a-damn-adult-mug,Do I Look Like I Give A Damn - Adult Mug,active,"<p>Our “Do I Look Like I Give A Damn” design is a funny rude mug for people who like a laugh. It's a fun gift for birthdays, secret Santa and the office.</p>
<h2>Funny rude mug</h2>
<p>The slogan reads “Do I Look Like I Give A Damn”, printed on an 11oz ceramic mug. A heads-up: it's adult humour, so keep it for the grown-ups who'll find it funny. If you're stuck for a present, a mug is one of those gifts that actually gets used.</p>
<h3>Why you'll love it</h3><ul><li>Says what everyone's thinking</li><li>Great for birthdays and secret Santa</li><li>Dishwasher and microwave safe for real-life kitchens</li><li>Classic C-handle shape with a shiny high-gloss finish</li><li>Sublimation printed in-house in North Yorkshire</li><li>Sent in protective packaging so it turns up in one piece</li></ul>
<h3>Size &amp; details</h3><ul><li>Capacity: 11oz (approx. 325ml)</li><li>Material: white ceramic, C-handle, high-gloss finish</li><li>Print: sublimation, printed in-house in North Yorkshire</li><li>Care: dishwasher and microwave safe (skip the abrasive scourers)</li><li>Packaging: protective packaging for UK delivery</li></ul>
<h3>Delivery</h3><p>Each mug is printed to order. Postage options and costs are shown at checkout.</p>
<p>Pair this funny rude mug with one of our cheeky cards for the full wind-up.</p>",Title,Default Title,,,,,Foxy-Mug-X101
do-i-look-like-i-give-a-fuck-adult-mug,DO I LOOK LIKE I GIVE A FUCK - Adult Mug,active,"<p>This funny rude mug says “Do I Look Like I Give a F*ck”, so you don't have to. It's a fun gift for birthdays, secret Santa and the office.</p>
<h2>Funny rude mug</h2>
<p>The slogan reads “Do I Look Like I Give a F*ck”, printed on an 11oz ceramic mug. A heads-up: it's adult humour, so keep it for the grown-ups who'll find it funny. It's guaranteed to get a reaction in the office kitchen.</p>
<h3>Why you'll love it</h3><ul><li>A slogan that gets a reaction</li><li>A wind-up gift for mates and colleagues</li><li>Classic C-handle shape with a shiny high-gloss finish</li><li>A proper 11oz (approx. 325ml) mug, so there's room for a decent brew</li><li>Dishwasher and microwave safe, so it can go straight into daily use</li><li>Sublimation printed in-house in North Yorkshire</li></ul>
<h3>Size &amp; details</h3><ul><li>Capacity: 11oz (approx. 325ml)</li><li>Material: white ceramic, C-handle, high-gloss finish</li><li>Printing: sublimation, done in-house in North Yorkshire</li><li>Care: dishwasher and microwave safe; avoid abrasive scourers</li><li>Packaging: protective packaging for UK delivery</li></ul>
<h3>Delivery</h3><p>Each mug is printed to order. Postage options and costs are shown at checkout.</p>
<p>Our funny rude mug makes secret Santa a lot more interesting.</p>",Title,Default Title,,,,,Foxy-Mug-X102
do-i-look-like-i-give-a-shit-adult-mug,DO I LOOK LIKE I GIVE A SHIT - Adult Mug,active,"<p>This funny rude mug says “Do I Look Like I Give a Sh*t”, so you don't have to. It's a fun gift for birthdays, secret Santa and the office.</p>
<h2>Funny rude mug</h2>
<p>The slogan reads “Do I Look Like I Give a Sh*t”, printed on an 11oz ceramic mug. Adult humour: this one's for grown-ups with a thick skin, not the kids' cupboard.</p>
<h3>Why you'll love it</h3><ul><li>A slogan that gets a reaction</li><li>Great for birthdays and secret Santa</li><li>A proper 11oz (approx. 325ml) mug, so there's room for a decent brew</li><li>Sent in protective packaging so it turns up in one piece</li><li>Happy in the dishwasher and the microwave, no special treatment needed</li><li>Classic C-handle shape with a shiny high-gloss finish</li></ul>
<h3>Size &amp; details</h3><ul><li>Capacity: 11oz (approx. 325ml)</li><li>Material: white ceramic, C-handle, high-gloss finish</li><li>Printing: sublimation, done in-house in North Yorkshire</li><li>Care: dishwasher and microwave safe (skip the abrasive scourers)</li><li>Packaging: protective packaging for UK delivery</li></ul>
<h3>Delivery</h3><p>Each mug is printed to order. Postage options and costs are shown at checkout.</p>
<p>Pair this funny rude mug with one of our cheeky cards for the full wind-up.</p>",Title,Default Title,,,,,Foxy-Mug-X103
facebook-wanker-adult-mug,Facebook Wanker - Adult Mug,active,"<p>Our “Facebook W*nker” design is a funny rude mug for people who like a laugh. It's a fun gift for birthdays, secret Santa and the office.</p>
<h2>Funny rude mug</h2>
<p>The slogan reads “Facebook W*nker”, printed on an 11oz ceramic mug. Adult humour: this one's for grown-ups with a thick skin, not the kids' cupboard. It's guaranteed to get a reaction in the office kitchen.</p>
<h3>Why you'll love it</h3><ul><li>A slogan that gets a reaction</li><li>Great for birthdays and secret Santa</li><li>Fancy a tweak? We do custom designs on request, just ring 01439 771468</li><li>Printed by us in North Yorkshire using sublimation</li><li>Dishwasher and microwave safe, so it can go straight into daily use</li><li>High-gloss ceramic finish and a C-handle that's easy to hold</li></ul>
<h3>Size &amp; details</h3><ul><li>Capacity: 11oz (approx. 325ml)</li><li>Material: white ceramic, C-handle, high-gloss finish</li><li>Print: sublimation, printed in-house in North Yorkshire</li><li>Care: dishwasher and microwave safe (skip the abrasive scourers)</li><li>Packaging: protective packaging for UK delivery</li></ul>
<h3>Delivery</h3><p>Each mug is printed to order. Postage options and costs are shown at checkout.</p>
<p>Pair this funny rude mug with one of our cheeky cards for the full wind-up.</p>
<h3>Please note</h3><p class=""disclaimer"">This is an unofficial product made by Foxy Printing. It is not made, endorsed or approved by Facebook. Facebook is a trademark of its owner and is used only to describe the design theme.</p>",Title,Default Title,,,,,Foxy-Mug-X104
fancy-as-fuck-adult-mug,Fancy As Fuck - Adult Mug,active,"<p>Our “Fancy As F*ck” design is a funny rude mug for people who like a laugh. It's a fun gift for birthdays, secret Santa and the office.</p>
<h2>Funny rude mug</h2>
<p>The slogan reads “Fancy As F*ck”, printed on an 11oz ceramic mug. Adult humour: this one's for grown-ups with a thick skin, not the kids' cupboard. We print every order ourselves, so if you've a question just ring 01439 771468.</p>
<h3>Why you'll love it</h3><ul><li>A slogan that gets a reaction</li><li>Great for birthdays and secret Santa</li><li>Happy in the dishwasher and the microwave, no special treatment needed</li><li>High-gloss ceramic finish and a C-handle that's easy to hold</li><li>Printed to order and packed in protective packaging for UK delivery</li><li>Holds 11oz (approx. 325ml), the size most tea drinkers reach for</li></ul>
<h3>Size &amp; details</h3><ul><li>Capacity: 11oz (approx. 325ml)</li><li>Material: white ceramic, C-handle, high-gloss finish</li><li>Printing: sublimation, done in-house in North Yorkshire</li><li>Care: dishwasher and microwave safe; avoid abrasive scourers</li><li>Packaging: protective packaging for UK delivery</li></ul>
<h3>Delivery</h3><p>Each mug is printed to order. Postage options and costs are shown at checkout.</p>
<p>Pair this funny rude mug with one of our cheeky cards for the full wind-up.</p>",Title,Default Title,,,,,Foxy-Mug-X105
fuck-decaf-adult-mug-1,Fuck Decaf - Adult Mug,active,"<p>This funny rude mug says “F*ck Decaf”, so you don't have to. It's a fun gift for birthdays, secret Santa and the office.</p>
<h2>Funny rude mug</h2>
<p>The slogan reads “F*ck Decaf”, printed on an 11oz ceramic mug. Please note it's adult humour, so it's one for the grown-ups rather than the school run. It's guaranteed to get a reaction in the office kitchen. If you're stuck for a present, a mug is one of those gifts that actually gets used.</p>
<h3>Why you'll love it</h3><ul><li>Says what everyone's thinking</li><li>A wind-up gift for mates and colleagues</li><li>Sent in protective packaging so it turns up in one piece</li><li>Classic C-handle shape with a shiny high-gloss finish</li><li>Sublimation printed in-house in North Yorkshire</li><li>Dishwasher and microwave safe, so it can go straight into daily use</li></ul>
<h3>Size &amp; details</h3><ul><li>Capacity: 11oz (approx. 325ml)</li><li>Material: white ceramic, C-handle, high-gloss finish</li><li>Print: sublimation, printed in-house in North Yorkshire</li><li>Care: dishwasher and microwave safe; avoid abrasive scourers</li><li>Packaging: protective packaging for UK delivery</li></ul>
<h3>Delivery</h3><p>Each mug is printed to order. Postage options and costs are shown at checkout.</p>
<p>Pair this funny rude mug with one of our cheeky cards for the full wind-up.</p>",Title,Default Title,,,,,Foxy-Mug-X106
fuck-it-stickman-adult-mug,Fuck It Stickman - Adult Mug,active,"<p>This funny rude mug says “F*ck It Stickman”, so you don't have to. It's a fun gift for birthdays, secret Santa and the office.</p>
<h2>Funny rude mug</h2>
<p>The slogan reads “F*ck It Stickman”, printed on an 11oz ceramic mug. A heads-up: it's adult humour, so keep it for the grown-ups who'll find it funny. It's guaranteed to get a reaction in the office kitchen.</p>
<h3>Why you'll love it</h3><ul><li>A slogan that gets a reaction</li><li>A wind-up gift for mates and colleagues</li><li>Custom designs on request: give us a call on 01439 771468</li><li>11oz (approx. 325ml): big enough for a proper cuppa, not a thimble</li><li>Happy in the dishwasher and the microwave, no special treatment needed</li><li>Glossy ceramic with a comfy C-handle</li></ul>
<h3>Size &amp; details</h3><ul><li>Capacity: 11oz (approx. 325ml)</li><li>Material: white ceramic, C-handle, high-gloss finish</li><li>Print: sublimation, printed in-house in North Yorkshire</li><li>Care: dishwasher and microwave safe; avoid abrasive scourers</li><li>Packaging: protective packaging for UK delivery</li></ul>
<h3>Delivery</h3><p>Each mug is printed to order. Postage options and costs are shown at checkout.</p>
<p>A funny rude mug like this gets passed round the whole office.</p>",Title,Default Title,,,,,Foxy-Mug-X107
fuck-off-stickman-adult-mug,Fuck Off Stickman - Adult Mug,active,"<p>This funny rude mug says “F*ck Off Stickman”, so you don't have to. It's a fun gift for birthdays, secret Santa and the office.</p>
<h2>Funny rude mug</h2>
<p>The slogan reads “F*ck Off Stickman”, printed on an 11oz ceramic mug. Please note it's adult humour, so it's one for the grown-ups rather than the school run. If you're stuck for a present, a mug is one of those gifts that actually gets used.</p>
<h3>Why you'll love it</h3><ul><li>A slogan that gets a reaction</li><li>A wind-up gift for mates and colleagues</li><li>Glossy ceramic with a comfy C-handle</li><li>11oz (approx. 325ml): big enough for a proper cuppa, not a thimble</li><li>Dishwasher and microwave safe for real-life kitchens</li><li>Fancy a tweak? We do custom designs on request, just ring 01439 771468</li></ul>
<h3>Size &amp; details</h3><ul><li>Capacity: 11oz (approx. 325ml)</li><li>Material: white ceramic, C-handle, high-gloss finish</li><li>Printing: sublimation, done in-house in North Yorkshire</li><li>Care: dishwasher and microwave safe (skip the abrasive scourers)</li><li>Packaging: protective packaging for UK delivery</li></ul>
<h3>Delivery</h3><p>Each mug is printed to order. Postage options and costs are shown at checkout.</p>
<p>A funny rude mug like this gets passed round the whole office.</p>",Title,Default Title,,,,,Foxy-Mug-X108
fuck-off-adult-mug,Fuck Off - Adult Mug,active,"<p>Our “F*ck Off” design is a funny rude mug for people who like a laugh. It's a fun gift for birthdays, secret Santa and the office.</p>
<h2>Funny rude mug</h2>
<p>The slogan reads “F*ck Off”, printed on an 11oz ceramic mug. Adult humour: this one's for grown-ups with a thick skin, not the kids' cupboard. We print every order ourselves, so if you've a question just ring 01439 771468.</p>
<h3>Why you'll love it</h3><ul><li>Says what everyone's thinking</li><li>Great for birthdays and secret Santa</li><li>Fancy a tweak? We do custom designs on request, just ring 01439 771468</li><li>Happy in the dishwasher and the microwave, no special treatment needed</li><li>Glossy ceramic with a comfy C-handle</li><li>Printed to order and packed in protective packaging for UK delivery</li></ul>
<h3>Size &amp; details</h3><ul><li>Capacity: 11oz (approx. 325ml)</li><li>Material: white ceramic, C-handle, high-gloss finish</li><li>Printing: sublimation, done in-house in North Yorkshire</li><li>Care: dishwasher and microwave safe (skip the abrasive scourers)</li><li>Packaging: protective packaging for UK delivery</li></ul>
<h3>Delivery</h3><p>Each mug is printed to order. Postage options and costs are shown at checkout.</p>
<p>A funny rude mug like this gets passed round the whole office.</p>",Title,Default Title,,,,,Foxy-Mug-X109
fuck-u-adult-mug,Fuck U - Adult Mug,active,"<p>This funny rude mug says “F*ck U”, so you don't have to. It's a fun gift for birthdays, secret Santa and the office.</p>
<h2>Funny rude mug</h2>
<p>The slogan reads “F*ck U”, printed on an 11oz ceramic mug. A heads-up: it's adult humour, so keep it for the grown-ups who'll find it funny. If you're stuck for a present, a mug is one of those gifts that actually gets used.</p>
<h3>Why you'll love it</h3><ul><li>A slogan that gets a reaction</li><li>Great for birthdays and secret Santa</li><li>Want something slightly different? Custom designs are available on request (01439 771468)</li><li>Sent in protective packaging so it turns up in one piece</li><li>Printed by us in North Yorkshire using sublimation</li><li>11oz (approx. 325ml): big enough for a proper cuppa, not a thimble</li></ul>
<h3>Size &amp; details</h3><ul><li>Capacity: 11oz (approx. 325ml)</li><li>Material: white ceramic, C-handle, high-gloss finish</li><li>Printing: sublimation, done in-house in North Yorkshire</li><li>Care: dishwasher and microwave safe (skip the abrasive scourers)</li><li>Packaging: protective packaging for UK delivery</li></ul>
<h3>Delivery</h3><p>Each mug is printed to order. Postage options and costs are shown at checkout.</p>
<p>A funny rude mug like this gets passed round the whole office.</p>",Title,Default Title,,,,,Foxy-Mug-X110
fuck-you-and-your-shit-eyebrows-adult-mug,Fuck You And Your Shit Eyebrows - Adult Mug,active,"<p>Our “F*ck You And Your Sh*t Eyebrows” design is a funny rude mug for people who like a laugh. It's a fun gift for birthdays, secret Santa and the office.</p>
<h2>Funny rude mug</h2>
<p>The slogan reads “F*ck You And Your Sh*t Eyebrows”, printed on an 11oz ceramic mug. Please note it's adult humour, so it's one for the grown-ups rather than the school run.</p>
<h3>Why you'll love it</h3><ul><li>A slogan that gets a reaction</li><li>Great for birthdays and secret Santa</li><li>Fancy a tweak? We do custom designs on request, just ring 01439 771468</li><li>High-gloss ceramic finish and a C-handle that's easy to hold</li><li>11oz (approx. 325ml): big enough for a proper cuppa, not a thimble</li><li>Sent in protective packaging so it turns up in one piece</li></ul>
<h3>Size &amp; details</h3><ul><li>Capacity: 11oz (approx. 325ml)</li><li>Material: white ceramic, C-handle, high-gloss finish</li><li>Print: sublimation, printed in-house in North Yorkshire</li><li>Care: dishwasher and microwave safe (skip the abrasive scourers)</li><li>Packaging: protective packaging for UK delivery</li></ul>
<h3>Delivery</h3><p>Each mug is printed to order. Postage options and costs are shown at checkout.</p>
<p>Our funny rude mug makes secret Santa a lot more interesting.</p>",Title,Default Title,,,,,Foxy-Mug-X111
fuck-you-very-much-adult-mug,Fuck You Very Much - Adult Mug,active,"<p>Our “F*ck You Very Much” design is a funny rude mug for people who like a laugh. It's a fun gift for birthdays, secret Santa and the office.</p>
<h2>Funny rude mug</h2>
<p>The slogan reads “F*ck You Very Much”, printed on an 11oz ceramic mug. A heads-up: it's adult humour, so keep it for the grown-ups who'll find it funny. It's the kind of present that quietly becomes their go-to cup.</p>
<h3>Why you'll love it</h3><ul><li>A slogan that gets a reaction</li><li>Great for birthdays and secret Santa</li><li>Holds 11oz (approx. 325ml), the size most tea drinkers reach for</li><li>Printed by us in North Yorkshire using sublimation</li><li>Fancy a tweak? We do custom designs on request, just ring 01439 771468</li><li>Classic C-handle shape with a shiny high-gloss finish</li></ul>
<h3>Size &amp; details</h3><ul><li>Capacity: 11oz (approx. 325ml)</li><li>Material: white ceramic, C-handle, high-gloss finish</li><li>Print: sublimation, printed in-house in North Yorkshire</li><li>Care: dishwasher and microwave safe (skip the abrasive scourers)</li><li>Packaging: protective packaging for UK delivery</li></ul>
<h3>Delivery</h3><p>Each mug is printed to order. Postage options and costs are shown at checkout.</p>
<p>Our funny rude mug makes secret Santa a lot more interesting.</p>",Title,Default Title,,,,,Foxy-Mug-X112
fucking-brilliant-adult-mug,Fucking Brilliant - Adult Mug,active,"<p>Our “F*cking Brilliant” design is a funny rude mug for people who like a laugh. It's a fun gift for birthdays, secret Santa and the office.</p>
<h2>Funny rude mug</h2>
<p>The slogan reads “F*cking Brilliant”, printed on an 11oz ceramic mug. Adult humour: this one's for grown-ups with a thick skin, not the kids' cupboard. It's guaranteed to get a reaction in the office kitchen. Tea, coffee or hot chocolate: it isn't fussy.</p>
<h3>Why you'll love it</h3><ul><li>A slogan that gets a reaction</li><li>Great for birthdays and secret Santa</li><li>Custom designs on request: give us a call on 01439 771468</li><li>Dishwasher and microwave safe for real-life kitchens</li><li>Printed by us in North Yorkshire using sublimation</li><li>Sent in protective packaging so it turns up in one piece</li></ul>
<h3>Size &amp; details</h3><ul><li>Capacity: 11oz (approx. 325ml)</li><li>Material: white ceramic, C-handle, high-gloss finish</li><li>Printing: sublimation, done in-house in North Yorkshire</li><li>Care: dishwasher and microwave safe; avoid abrasive scourers</li><li>Packaging: protective packaging for UK delivery</li></ul>
<h3>Delivery</h3><p>Each mug is printed to order. Postage options and costs are shown at checkout.</p>
<p>Our funny rude mug makes secret Santa a lot more interesting.</p>",Title,Default Title,,,,,Foxy-Mug-X113
fucking-legend-adult-mug,Fucking Legend - Adult Mug,active,"<p>Our “F*cking Legend” design is a funny rude mug for people who like a laugh. It's a fun gift for birthdays, secret Santa and the office.</p>
<h2>Funny rude mug</h2>
<p>The slogan reads “F*cking Legend”, printed on an 11oz ceramic mug. Please note it's adult humour, so it's one for the grown-ups rather than the school run. If you're stuck for a present, a mug is one of those gifts that actually gets used.</p>
<h3>Why you'll love it</h3><ul><li>A slogan that gets a reaction</li><li>Great for birthdays and secret Santa</li><li>High-gloss ceramic finish and a C-handle that's easy to hold</li><li>Holds 11oz (approx. 325ml), the size most tea drinkers reach for</li><li>Printed by us in North Yorkshire using sublimation</li><li>Sent in protective packaging so it turns up in one piece</li></ul>
<h3>Size &amp; details</h3><ul><li>Capacity: 11oz (approx. 325ml)</li><li>Material: white ceramic, C-handle, high-gloss finish</li><li>Printing: sublimation, done in-house in North Yorkshire</li><li>Care: dishwasher and microwave safe (skip the abrasive scourers)</li><li>Packaging: protective packaging for UK delivery</li></ul>
<h3>Delivery</h3><p>Each mug is printed to order. Postage options and costs are shown at checkout.</p>
<p>A funny rude mug like this gets passed round the whole office.</p>",Title,Default Title,,,,,Foxy-Mug-X114
get-shit-done-adult-mug,Get Shit Done - Adult Mug,active,"<p>Our “Get Sh*t Done” design is a funny rude mug for people who like a laugh. It's a fun gift for birthdays, secret Santa and the office.</p>
<h2>Funny rude mug</h2>
<p>The slogan reads “Get Sh*t Done”, printed on an 11oz ceramic mug. A heads-up: it's adult humour, so keep it for the grown-ups who'll find it funny. Tea, coffee or hot chocolate: it isn't fussy. If you're stuck for a present, a mug is one of those gifts that actually gets used.</p>
<h3>Why you'll love it</h3><ul><li>Says what everyone's thinking</li><li>A wind-up gift for mates and colleagues</li><li>11oz (approx. 325ml): big enough for a proper cuppa, not a thimble</li><li>Printed to order and packed in protective packaging for UK delivery</li><li>Sublimation printed in-house in North Yorkshire</li><li>High-gloss ceramic finish and a C-handle that's easy to hold</li></ul>
<h3>Size &amp; details</h3><ul><li>Capacity: 11oz (approx. 325ml)</li><li>Material: white ceramic, C-handle, high-gloss finish</li><li>Print: sublimation, printed in-house in North Yorkshire</li><li>Care: dishwasher and microwave safe; avoid abrasive scourers</li><li>Packaging: protective packaging for UK delivery</li></ul>
<h3>Delivery</h3><p>Each mug is printed to order. Postage options and costs are shown at checkout.</p>
<p>Our funny rude mug makes secret Santa a lot more interesting.</p>",Title,Default Title,,,,,Foxy-Mug-X115
grown-ass-woman-adult-mug,Grown Ass Woman - Adult Mug,active,"<p>Our “Grown Ass Woman” design is a funny rude mug for people who like a laugh. It's a fun gift for birthdays, secret Santa and the office.</p>
<h2>Funny rude mug</h2>
<p>The slogan reads “Grown Ass Woman”, printed on an 11oz ceramic mug. Please note it's adult humour, so it's one for the grown-ups rather than the school run. Tea, coffee or hot chocolate: it isn't fussy.</p>
<h3>Why you'll love it</h3><ul><li>A slogan that gets a reaction</li><li>Great for birthdays and secret Santa</li><li>Sent in protective packaging so it turns up in one piece</li><li>Dishwasher and microwave safe for real-life kitchens</li><li>Glossy ceramic with a comfy C-handle</li><li>Holds 11oz (approx. 325ml), the size most tea drinkers reach for</li></ul>
<h3>Size &amp; details</h3><ul><li>Capacity: 11oz (approx. 325ml)</li><li>Material: white ceramic, C-handle, high-gloss finish</li><li>Print: sublimation, printed in-house in North Yorkshire</li><li>Care: dishwasher and microwave safe (skip the abrasive scourers)</li><li>Packaging: protective packaging for UK delivery</li></ul>
<h3>Delivery</h3><p>Each mug is printed to order. Postage options and costs are shown at checkout.</p>
<p>Pair this funny rude mug with one of our cheeky cards for the full wind-up.</p>",Title,Default Title,,,,,Foxy-Mug-X116
your-on-the-naughty-list-for-having-a-hairy-fanny-ke-adult-mug,Your On The Naughty List For Having A Hairy Fanny KE - Adult Mug,active,"<p>Our “Your On The Naughty List For Having A Hairy Fanny” design is a funny rude mug for people who like a laugh. It's a fun gift for birthdays, secret Santa and the office.</p>
<h2>Funny rude mug</h2>
<p>The slogan reads “Your On The Naughty List For Having A Hairy Fanny”, printed on an 11oz ceramic mug. Adult humour: this one's for grown-ups with a thick skin, not the kids' cupboard.</p>
<h3>Why you'll love it</h3><ul><li>Says what everyone's thinking</li><li>A wind-up gift for mates and colleagues</li><li>Sent in protective packaging so it turns up in one piece</li><li>Fancy a tweak? We do custom designs on request, just ring 01439 771468</li><li>Happy in the dishwasher and the microwave, no special treatment needed</li><li>Sublimation printed in-house in North Yorkshire</li></ul>
<h3>Size &amp; details</h3><ul><li>Capacity: 11oz (approx. 325ml)</li><li>Material: white ceramic, C-handle, high-gloss finish</li><li>Print: sublimation, printed in-house in North Yorkshire</li><li>Care: dishwasher and microwave safe (skip the abrasive scourers)</li><li>Packaging: protective packaging for UK delivery</li></ul>
<h3>Delivery</h3><p>Each mug is printed to order. Postage options and costs are shown at checkout.</p>
<p>Our funny rude mug makes secret Santa a lot more interesting.</p>",Title,Default Title,,,,,Foxy-Mug-X117
you-make-my-boobies-boogie-ke-adult-mug,You Make My Boobies Boogie KE - Adult Mug,active,"<p>This funny rude mug says “You Make My Boobies Boogie”, so you don't have to. It's a fun gift for birthdays, secret Santa and the office.</p>
<h2>Funny rude mug</h2>
<p>The slogan reads “You Make My Boobies Boogie”, printed on an 11oz ceramic mug. Adult humour: this one's for grown-ups with a thick skin, not the kids' cupboard. It's a small gift that gets a smile every single morning.</p>
<h3>Why you'll love it</h3><ul><li>Says what everyone's thinking</li><li>Great for birthdays and secret Santa</li><li>Each one is printed to order, then packed carefully for the post</li><li>A proper 11oz (approx. 325ml) mug, so there's room for a decent brew</li><li>Want something slightly different? Custom designs are available on request (01439 771468)</li><li>Happy in the dishwasher and the microwave, no special treatment needed</li></ul>
<h3>Size &amp; details</h3><ul><li>Capacity: 11oz (approx. 325ml)</li><li>Material: white ceramic, C-handle, high-gloss finish</li><li>Printing: sublimation, done in-house in North Yorkshire</li><li>Care: dishwasher and microwave safe (skip the abrasive scourers)</li><li>Packaging: protective packaging for UK delivery</li></ul>
<h3>Delivery</h3><p>Each mug is printed to order. Postage options and costs are shown at checkout.</p>
<p>Our funny rude mug makes secret Santa a lot more interesting.</p>",Title,Default Title,,,,,Foxy-Mug-X118
you-are-not-a-unicorn-you-are-a-dickhead-ke-adult-mug,You Are Not A Unicorn. You Are A Dickhead KE - Adult Mug,active,"<p>This funny rude mug says “You Are Not A Unicorn. You Are A D*ckhead”, so you don't have to. It's a fun gift for birthdays, secret Santa and the office.</p>
<h2>Funny rude mug</h2>
<p>The slogan reads “You Are Not A Unicorn. You Are A D*ckhead”, printed on an 11oz ceramic mug. Please note it's adult humour, so it's one for the grown-ups rather than the school run.</p>
<h3>Why you'll love it</h3><ul><li>Says what everyone's thinking</li><li>A wind-up gift for mates and colleagues</li><li>Printed to order and packed in protective packaging for UK delivery</li><li>Happy in the dishwasher and the microwave, no special treatment needed</li><li>Classic C-handle shape with a shiny high-gloss finish</li><li>Custom designs on request: give us a call on 01439 771468</li></ul>
<h3>Size &amp; details</h3><ul><li>Capacity: 11oz (approx. 325ml)</li><li>Material: white ceramic, C-handle, high-gloss finish</li><li>Printing: sublimation, done in-house in North Yorkshire</li><li>Care: dishwasher and microwave safe; avoid abrasive scourers</li><li>Packaging: protective packaging for UK delivery</li></ul>
<h3>Delivery</h3><p>Each mug is printed to order. Postage options and costs are shown at checkout.</p>
<p>Pair this funny rude mug with one of our cheeky cards for the full wind-up.</p>",Title,Default Title,,,,,Foxy-Mug-X119
shit-tits-adult-mug,Shit Tits - Adult Mug,active,"<p>Our “Sh*t T*ts” design is a funny rude mug for people who like a laugh. It's a fun gift for birthdays, secret Santa and the office.</p>
<h2>Funny rude mug</h2>
<p>The slogan reads “Sh*t T*ts”, printed on an 11oz ceramic mug. A heads-up: it's adult humour, so keep it for the grown-ups who'll find it funny. We print every order ourselves, so if you've a question just ring 01439 771468.</p>
<h3>Why you'll love it</h3><ul><li>A slogan that gets a reaction</li><li>A wind-up gift for mates and colleagues</li><li>Printed to order and packed in protective packaging for UK delivery</li><li>A proper 11oz (approx. 325ml) mug, so there's room for a decent brew</li><li>Sublimation printed in-house in North Yorkshire</li><li>Classic C-handle shape with a shiny high-gloss finish</li></ul>
<h3>Size &amp; details</h3><ul><li>Capacity: 11oz (approx. 325ml)</li><li>Material: white ceramic, C-handle, high-gloss finish</li><li>Print: sublimation, printed in-house in North Yorkshire</li><li>Care: dishwasher and microwave safe (skip the abrasive scourers)</li><li>Packaging: protective packaging for UK delivery</li></ul>
<h3>Delivery</h3><p>Each mug is printed to order. Postage options and costs are shown at checkout.</p>
<p>A funny rude mug like this gets passed round the whole office.</p>",Title,Default Title,,,,,Foxy-Mug-X120
shes-the-boss-adult-mug,She's The Boss - Adult Mug,active,"<p>This funny rude mug says “She's The Boss”, so you don't have to. It's a fun gift for birthdays, secret Santa and the office.</p>
<h2>Funny rude mug</h2>
<p>The slogan reads “She's The Boss”, printed on an 11oz ceramic mug. Strictly adult humour, best given to someone who'll laugh rather than clutch their pearls. It's guaranteed to get a reaction in the office kitchen.</p>
<h3>Why you'll love it</h3><ul><li>A slogan that gets a reaction</li><li>A wind-up gift for mates and colleagues</li><li>Each one is printed to order, then packed carefully for the post</li><li>Custom designs on request: give us a call on 01439 771468</li><li>Holds 11oz (approx. 325ml), the size most tea drinkers reach for</li><li>High-gloss ceramic finish and a C-handle that's easy to hold</li></ul>
<h3>Size &amp; details</h3><ul><li>Capacity: 11oz (approx. 325ml)</li><li>Material: white ceramic, C-handle, high-gloss finish</li><li>Printing: sublimation, done in-house in North Yorkshire</li><li>Care: dishwasher and microwave safe (skip the abrasive scourers)</li><li>Packaging: protective packaging for UK delivery</li></ul>
<h3>Delivery</h3><p>Each mug is printed to order. Postage options and costs are shown at checkout.</p>
<p>Pair this funny rude mug with one of our cheeky cards for the full wind-up.</p>",Title,Default Title,,,,,Foxy-Mug-X121
put-the-kettle-on-you-twat-adult-mug,Put The Kettle On You Twat - Adult Mug,active,"<p>This funny rude mug says “Put The Kettle On You Tw*t”, so you don't have to. It's a fun gift for birthdays, secret Santa and the office.</p>
<h2>Funny rude mug</h2>
<p>The slogan reads “Put The Kettle On You Tw*t”, printed on an 11oz ceramic mug. A heads-up: it's adult humour, so keep it for the grown-ups who'll find it funny.</p>
<h3>Why you'll love it</h3><ul><li>Says what everyone's thinking</li><li>A wind-up gift for mates and colleagues</li><li>Want something slightly different? Custom designs are available on request (01439 771468)</li><li>Dishwasher and microwave safe, so it can go straight into daily use</li><li>A proper 11oz (approx. 325ml) mug, so there's room for a decent brew</li><li>Printed to order and packed in protective packaging for UK delivery</li></ul>
<h3>Size &amp; details</h3><ul><li>Capacity: 11oz (approx. 325ml)</li><li>Material: white ceramic, C-handle, high-gloss finish</li><li>Print: sublimation, printed in-house in North Yorkshire</li><li>Care: dishwasher and microwave safe; avoid abrasive scourers</li><li>Packaging: protective packaging for UK delivery</li></ul>
<h3>Delivery</h3><p>Each mug is printed to order. Postage options and costs are shown at checkout.</p>
<p>A funny rude mug like this gets passed round the whole office.</p>",Title,Default Title,,,,,Foxy-Mug-X122
polite-as-fuck-adult-mug,Polite As Fuck - Adult Mug,active,"<p>This funny rude mug says “Polite As F*ck”, so you don't have to. It's a fun gift for birthdays, secret Santa and the office.</p>
<h2>Funny rude mug</h2>
<p>The slogan reads “Polite As F*ck”, printed on an 11oz ceramic mug. A heads-up: it's adult humour, so keep it for the grown-ups who'll find it funny. It's the kind of present that quietly becomes their go-to cup.</p>
<h3>Why you'll love it</h3><ul><li>Says what everyone's thinking</li><li>Great for birthdays and secret Santa</li><li>Each one is printed to order, then packed carefully for the post</li><li>Classic C-handle shape with a shiny high-gloss finish</li><li>Dishwasher and microwave safe, so it can go straight into daily use</li><li>Printed by us in North Yorkshire using sublimation</li></ul>
<h3>Size &amp; details</h3><ul><li>Capacity: 11oz (approx. 325ml)</li><li>Material: white ceramic, C-handle, high-gloss finish</li><li>Printing: sublimation, done in-house in North Yorkshire</li><li>Care: dishwasher and microwave safe (skip the abrasive scourers)</li><li>Packaging: protective packaging for UK delivery</li></ul>
<h3>Delivery</h3><p>Each mug is printed to order. Postage options and costs are shown at checkout.</p>
<p>Pair this funny rude mug with one of our cheeky cards for the full wind-up.</p>",Title,Default Title,,,,,Foxy-Mug-X123
naughty-is-the-new-nice-adult-mug,My Kids Are The Shit - Adult Mug,active,"<p>This funny rude mug says “My Kids Are The Sh*t”, so you don't have to. It's a fun gift for birthdays, secret Santa and the office.</p>
<h2>Funny rude mug</h2>
<p>The slogan reads “My Kids Are The Sh*t”, printed on an 11oz ceramic mug. Please note it's adult humour, so it's one for the grown-ups rather than the school run. It's the kind of present that quietly becomes their go-to cup.</p>
<h3>Why you'll love it</h3><ul><li>A slogan that gets a reaction</li><li>A wind-up gift for mates and colleagues</li><li>Made in-house in North Yorkshire, not shipped in from overseas</li><li>Custom designs on request: give us a call on 01439 771468</li><li>Classic C-handle shape with a shiny high-gloss finish</li><li>Holds 11oz (approx. 325ml), the size most tea drinkers reach for</li></ul>
<h3>Size &amp; details</h3><ul><li>Capacity: 11oz (approx. 325ml)</li><li>Material: white ceramic, C-handle, high-gloss finish</li><li>Printing: sublimation, done in-house in North Yorkshire</li><li>Care: dishwasher and microwave safe (skip the abrasive scourers)</li><li>Packaging: protective packaging for UK delivery</li></ul>
<h3>Delivery</h3><p>Each mug is printed to order. Postage options and costs are shown at checkout.</p>
<p>Our funny rude mug makes secret Santa a lot more interesting.</p>",Title,Default Title,,,,,Foxy-Mug-X124
little-spoon-adult-mug,Little Spoon - Adult Mug,active,"<p>Our “Little Spoon” design is a funny rude mug for people who like a laugh. It's a fun gift for birthdays, secret Santa and the office.</p>
<h2>Funny rude mug</h2>
<p>The slogan reads “Little Spoon”, printed on an 11oz ceramic mug. Adult humour: this one's for grown-ups with a thick skin, not the kids' cupboard. Expect a proper laugh when it's unwrapped. We print every order ourselves, so if you've a question just ring 01439 771468.</p>
<h3>Why you'll love it</h3><ul><li>Says what everyone's thinking</li><li>Great for birthdays and secret Santa</li><li>Happy in the dishwasher and the microwave, no special treatment needed</li><li>Printed to order and packed in protective packaging for UK delivery</li><li>Want something slightly different? Custom designs are available on request (01439 771468)</li><li>Printed by us in North Yorkshire using sublimation</li></ul>
<h3>Size &amp; details</h3><ul><li>Capacity: 11oz (approx. 325ml)</li><li>Material: white ceramic, C-handle, high-gloss finish</li><li>Print: sublimation, printed in-house in North Yorkshire</li><li>Care: dishwasher and microwave safe; avoid abrasive scourers</li><li>Packaging: protective packaging for UK delivery</li></ul>
<h3>Delivery</h3><p>Each mug is printed to order. Postage options and costs are shown at checkout.</p>
<p>Our funny rude mug makes secret Santa a lot more interesting.</p>",Title,Default Title,,,,,Foxy-Mug-X125
lighten-the-fuck-up-adult-mug,Lighten The Fuck Up - Adult Mug,active,"<p>Our “Lighten The F*ck Up” design is a funny rude mug for people who like a laugh. It's a fun gift for birthdays, secret Santa and the office.</p>
<h2>Funny rude mug</h2>
<p>The slogan reads “Lighten The F*ck Up”, printed on an 11oz ceramic mug. Adult humour: this one's for grown-ups with a thick skin, not the kids' cupboard. It's guaranteed to get a reaction in the office kitchen.</p>
<h3>Why you'll love it</h3><ul><li>Says what everyone's thinking</li><li>Great for birthdays and secret Santa</li><li>Want something slightly different? Custom designs are available on request (01439 771468)</li><li>Each one is printed to order, then packed carefully for the post</li><li>A proper 11oz (approx. 325ml) mug, so there's room for a decent brew</li><li>Dishwasher and microwave safe for real-life kitchens</li></ul>
<h3>Size &amp; details</h3><ul><li>Capacity: 11oz (approx. 325ml)</li><li>Material: white ceramic, C-handle, high-gloss finish</li><li>Print: sublimation, printed in-house in North Yorkshire</li><li>Care: dishwasher and microwave safe (skip the abrasive scourers)</li><li>Packaging: protective packaging for UK delivery</li></ul>
<h3>Delivery</h3><p>Each mug is printed to order. Postage options and costs are shown at checkout.</p>
<p>A funny rude mug like this gets passed round the whole office.</p>",Title,Default Title,,,,,Foxy-Mug-X126
lick-me-till-i-melt-adult-mug,Lick Me Till I Melt - Adult Mug,active,"<p>This funny rude mug says “Lick Me Till I Melt”, so you don't have to. It's a fun gift for birthdays, secret Santa and the office.</p>
<h2>Funny rude mug</h2>
<p>The slogan reads “Lick Me Till I Melt”, printed on an 11oz ceramic mug. A heads-up: it's adult humour, so keep it for the grown-ups who'll find it funny.</p>
<h3>Why you'll love it</h3><ul><li>A slogan that gets a reaction</li><li>Great for birthdays and secret Santa</li><li>Holds 11oz (approx. 325ml), the size most tea drinkers reach for</li><li>Happy in the dishwasher and the microwave, no special treatment needed</li><li>High-gloss ceramic finish and a C-handle that's easy to hold</li><li>Printed to order and packed in protective packaging for UK delivery</li></ul>
<h3>Size &amp; details</h3><ul><li>Capacity: 11oz (approx. 325ml)</li><li>Material: white ceramic, C-handle, high-gloss finish</li><li>Printing: sublimation, done in-house in North Yorkshire</li><li>Care: dishwasher and microwave safe (skip the abrasive scourers)</li><li>Packaging: protective packaging for UK delivery</li></ul>
<h3>Delivery</h3><p>Each mug is printed to order. Postage options and costs are shown at checkout.</p>
<p>Pair this funny rude mug with one of our cheeky cards for the full wind-up.</p>",Title,Default Title,,,,,Foxy-Mug-X127
im-surrounded-by-cunts-adult-mug,I'm Surrounded By Cunts- Adult Mug,active,"<p>This funny rude mug says “I'm Surrounded By C*nts”, so you don't have to. It's a fun gift for birthdays, secret Santa and the office.</p>
<h2>Funny rude mug</h2>
<p>The slogan reads “I'm Surrounded By C*nts”, printed on an 11oz ceramic mug. Strictly adult humour, best given to someone who'll laugh rather than clutch their pearls. It's a small gift that gets a smile every single morning.</p>
<h3>Why you'll love it</h3><ul><li>A slogan that gets a reaction</li><li>Great for birthdays and secret Santa</li><li>Printed to order and packed in protective packaging for UK delivery</li><li>Custom designs on request: give us a call on 01439 771468</li><li>Glossy ceramic with a comfy C-handle</li><li>Holds 11oz (approx. 325ml), the size most tea drinkers reach for</li></ul>
<h3>Size &amp; details</h3><ul><li>Capacity: 11oz (approx. 325ml)</li><li>Material: white ceramic, C-handle, high-gloss finish</li><li>Printing: sublimation, done in-house in North Yorkshire</li><li>Care: dishwasher and microwave safe (skip the abrasive scourers)</li><li>Packaging: protective packaging for UK delivery</li></ul>
<h3>Delivery</h3><p>Each mug is printed to order. Postage options and costs are shown at checkout.</p>
<p>Our funny rude mug makes secret Santa a lot more interesting.</p>",Title,Default Title,,,,,Foxy-Mug-X128
bitch-go-fuck-yourself-adult-mug,Bitch Go Fuck Yourself - Adult Mug,active,"<p>This funny rude mug says “B*tch Go F*ck Yourself”, so you don't have to. It's a fun gift for birthdays, secret Santa and the office.</p>
<h2>Funny rude mug</h2>
<p>The slogan reads “B*tch Go F*ck Yourself”, printed on an 11oz ceramic mug. Please note it's adult humour, so it's one for the grown-ups rather than the school run. It looks just as at home on an office desk as it does by the kettle.</p>
<h3>Why you'll love it</h3><ul><li>Says what everyone's thinking</li><li>Great for birthdays and secret Santa</li><li>Classic C-handle shape with a shiny high-gloss finish</li><li>11oz (approx. 325ml): big enough for a proper cuppa, not a thimble</li><li>Printed by us in North Yorkshire using sublimation</li><li>Fancy a tweak? We do custom designs on request, just ring 01439 771468</li></ul>
<h3>Size &amp; details</h3><ul><li>Capacity: 11oz (approx. 325ml)</li><li>Material: white ceramic, C-handle, high-gloss finish</li><li>Printing: sublimation, done in-house in North Yorkshire</li><li>Care: dishwasher and microwave safe (skip the abrasive scourers)</li><li>Packaging: protective packaging for UK delivery</li></ul>
<h3>Delivery</h3><p>Each mug is printed to order. Postage options and costs are shown at checkout.</p>
<p>A funny rude mug like this gets passed round the whole office.</p>",Title,Default Title,,,,,Foxy-Mug-X129
im-here-to-fuck-shit-up-adult-mug,I'm Here To Fuck Shit Up - Adult Mug,active,"<p>This funny rude mug says “I'm Here To F*ck Sh*t Up”, so you don't have to. It's a fun gift for birthdays, secret Santa and the office.</p>
<h2>Funny rude mug</h2>
<p>The slogan reads “I'm Here To F*ck Sh*t Up”, printed on an 11oz ceramic mug. Please note it's adult humour, so it's one for the grown-ups rather than the school run. We print every order ourselves, so if you've a question just ring 01439 771468.</p>
<h3>Why you'll love it</h3><ul><li>A slogan that gets a reaction</li><li>Great for birthdays and secret Santa</li><li>Happy in the dishwasher and the microwave, no special treatment needed</li><li>Printed by us in North Yorkshire using sublimation</li><li>Sent in protective packaging so it turns up in one piece</li><li>Fancy a tweak? We do custom designs on request, just ring 01439 771468</li></ul>
<h3>Size &amp; details</h3><ul><li>Capacity: 11oz (approx. 325ml)</li><li>Material: white ceramic, C-handle, high-gloss finish</li><li>Printing: sublimation, done in-house in North Yorkshire</li><li>Care: dishwasher and microwave safe (skip the abrasive scourers)</li><li>Packaging: protective packaging for UK delivery</li></ul>
<h3>Delivery</h3><p>Each mug is printed to order. Postage options and costs are shown at checkout.</p>
<p>Our funny rude mug makes secret Santa a lot more interesting.</p>",Title,Default Title,,,,,Foxy-Mug-X130
im-engaged-bitches-adult-mug,I'm Engaged Bitches - Adult Mug,active,"<p>This funny rude mug says “I'm Engaged B*tches”, so you don't have to. It's a fun gift for birthdays, secret Santa and the office.</p>
<h2>Funny rude mug</h2>
<p>The slogan reads “I'm Engaged B*tches”, printed on an 11oz ceramic mug. Strictly adult humour, best given to someone who'll laugh rather than clutch their pearls. It's the kind of present that quietly becomes their go-to cup.</p>
<h3>Why you'll love it</h3><ul><li>A slogan that gets a reaction</li><li>Great for birthdays and secret Santa</li><li>Classic C-handle shape with a shiny high-gloss finish</li><li>Made in-house in North Yorkshire, not shipped in from overseas</li><li>Custom designs on request: give us a call on 01439 771468</li><li>A proper 11oz (approx. 325ml) mug, so there's room for a decent brew</li></ul>
<h3>Size &amp; details</h3><ul><li>Capacity: 11oz (approx. 325ml)</li><li>Material: white ceramic, C-handle, high-gloss finish</li><li>Print: sublimation, printed in-house in North Yorkshire</li><li>Care: dishwasher and microwave safe; avoid abrasive scourers</li><li>Packaging: protective packaging for UK delivery</li></ul>
<h3>Delivery</h3><p>Each mug is printed to order. Postage options and costs are shown at checkout.</p>
<p>Our funny rude mug makes secret Santa a lot more interesting.</p>",Title,Default Title,,,,,Foxy-Mug-X131
im-a-fucking-proffesional-adult-mug,I'm A Fucking Proffesional - Adult Mug,active,"<p>This funny rude mug says “I'm A F*cking Proffesional”, so you don't have to. It's a fun gift for birthdays, secret Santa and the office.</p>
<h2>Funny rude mug</h2>
<p>The slogan reads “I'm A F*cking Proffesional”, printed on an 11oz ceramic mug. Strictly adult humour, best given to someone who'll laugh rather than clutch their pearls. It's a small gift that gets a smile every single morning.</p>
<h3>Why you'll love it</h3><ul><li>Says what everyone's thinking</li><li>A wind-up gift for mates and colleagues</li><li>Dishwasher and microwave safe, so it can go straight into daily use</li><li>Classic C-handle shape with a shiny high-gloss finish</li><li>Printed to order and packed in protective packaging for UK delivery</li><li>Fancy a tweak? We do custom designs on request, just ring 01439 771468</li></ul>
<h3>Size &amp; details</h3><ul><li>Capacity: 11oz (approx. 325ml)</li><li>Material: white ceramic, C-handle, high-gloss finish</li><li>Printing: sublimation, done in-house in North Yorkshire</li><li>Care: dishwasher and microwave safe; avoid abrasive scourers</li><li>Packaging: protective packaging for UK delivery</li></ul>
<h3>Delivery</h3><p>Each mug is printed to order. Postage options and costs are shown at checkout.</p>
<p>A funny rude mug like this gets passed round the whole office.</p>",Title,Default Title,,,,,Foxy-Mug-X132
if-ugly-was-pretty-adult-mug,If Ugly Was Pretty - Adult Mug,active,"<p>Our “If Ugly Was Pretty” design is a funny rude mug for people who like a laugh. It's a fun gift for birthdays, secret Santa and the office.</p>
<h2>Funny rude mug</h2>
<p>The slogan reads “If Ugly Was Pretty”, printed on an 11oz ceramic mug. Please note it's adult humour, so it's one for the grown-ups rather than the school run.</p>
<h3>Why you'll love it</h3><ul><li>Says what everyone's thinking</li><li>A wind-up gift for mates and colleagues</li><li>Printed to order and packed in protective packaging for UK delivery</li><li>A proper 11oz (approx. 325ml) mug, so there's room for a decent brew</li><li>Want something slightly different? Custom designs are available on request (01439 771468)</li><li>High-gloss ceramic finish and a C-handle that's easy to hold</li></ul>
<h3>Size &amp; details</h3><ul><li>Capacity: 11oz (approx. 325ml)</li><li>Material: white ceramic, C-handle, high-gloss finish</li><li>Printing: sublimation, done in-house in North Yorkshire</li><li>Care: dishwasher and microwave safe; avoid abrasive scourers</li><li>Packaging: protective packaging for UK delivery</li></ul>
<h3>Delivery</h3><p>Each mug is printed to order. Postage options and costs are shown at checkout.</p>
<p>Pair this funny rude mug with one of our cheeky cards for the full wind-up.</p>",Title,Default Title,,,,,Foxy-Mug-X133
if-it-aint-broke-dont-brexit-adult-mug,If It Aint Broke Dont Brexit- Adult Mug,active,"<p>This funny rude mug says “If It Aint Broke Dont Brexit”, so you don't have to. It's a fun gift for birthdays, secret Santa and the office.</p>
<h2>Funny rude mug</h2>
<p>The slogan reads “If It Aint Broke Dont Brexit”, printed on an 11oz ceramic mug. Please note it's adult humour, so it's one for the grown-ups rather than the school run. We print every order ourselves, so if you've a question just ring 01439 771468.</p>
<h3>Why you'll love it</h3><ul><li>Says what everyone's thinking</li><li>Great for birthdays and secret Santa</li><li>Classic C-handle shape with a shiny high-gloss finish</li><li>Sent in protective packaging so it turns up in one piece</li><li>Happy in the dishwasher and the microwave, no special treatment needed</li><li>Want something slightly different? Custom designs are available on request (01439 771468)</li></ul>
<h3>Size &amp; details</h3><ul><li>Capacity: 11oz (approx. 325ml)</li><li>Material: white ceramic, C-handle, high-gloss finish</li><li>Print: sublimation, printed in-house in North Yorkshire</li><li>Care: dishwasher and microwave safe; avoid abrasive scourers</li><li>Packaging: protective packaging for UK delivery</li></ul>
<h3>Delivery</h3><p>Each mug is printed to order. Postage options and costs are shown at checkout.</p>
<p>Our funny rude mug makes secret Santa a lot more interesting.</p>",Title,Default Title,,,,,Foxy-Mug-X134
id-rahter-be-naughty-adult-mug,I'd Rahter Be Naughty - Adult Mug,active,"<p>Our “I'd Rahter Be Naughty” design is a funny rude mug for people who like a laugh. It's a fun gift for birthdays, secret Santa and the office.</p>
<h2>Funny rude mug</h2>
<p>The slogan reads “I'd Rahter Be Naughty”, printed on an 11oz ceramic mug. Strictly adult humour, best given to someone who'll laugh rather than clutch their pearls. It's a small gift that gets a smile every single morning.</p>
<h3>Why you'll love it</h3><ul><li>A slogan that gets a reaction</li><li>A wind-up gift for mates and colleagues</li><li>Happy in the dishwasher and the microwave, no special treatment needed</li><li>Classic C-handle shape with a shiny high-gloss finish</li><li>Fancy a tweak? We do custom designs on request, just ring 01439 771468</li><li>Holds 11oz (approx. 325ml), the size most tea drinkers reach for</li></ul>
<h3>Size &amp; details</h3><ul><li>Capacity: 11oz (approx. 325ml)</li><li>Material: white ceramic, C-handle, high-gloss finish</li><li>Printing: sublimation, done in-house in North Yorkshire</li><li>Care: dishwasher and microwave safe; avoid abrasive scourers</li><li>Packaging: protective packaging for UK delivery</li></ul>
<h3>Delivery</h3><p>Each mug is printed to order. Postage options and costs are shown at checkout.</p>
<p>Our funny rude mug makes secret Santa a lot more interesting.</p>",Title,Default Title,,,,,Foxy-Mug-X135
i-wana-do-bad-things-to-you-adult-mug,I Wana Do Bad Things To You - Adult Mug,active,"<p>Our “I Wana Do Bad Things To You” design is a funny rude mug for people who like a laugh. It's a fun gift for birthdays, secret Santa and the office.</p>
<h2>Funny rude mug</h2>
<p>The slogan reads “I Wana Do Bad Things To You”, printed on an 11oz ceramic mug. Adult humour: this one's for grown-ups with a thick skin, not the kids' cupboard.</p>
<h3>Why you'll love it</h3><ul><li>A slogan that gets a reaction</li><li>A wind-up gift for mates and colleagues</li><li>Dishwasher and microwave safe, so it can go straight into daily use</li><li>Fancy a tweak? We do custom designs on request, just ring 01439 771468</li><li>High-gloss ceramic finish and a C-handle that's easy to hold</li><li>Made in-house in North Yorkshire, not shipped in from overseas</li></ul>
<h3>Size &amp; details</h3><ul><li>Capacity: 11oz (approx. 325ml)</li><li>Material: white ceramic, C-handle, high-gloss finish</li><li>Print: sublimation, printed in-house in North Yorkshire</li><li>Care: dishwasher and microwave safe; avoid abrasive scourers</li><li>Packaging: protective packaging for UK delivery</li></ul>
<h3>Delivery</h3><p>Each mug is printed to order. Postage options and costs are shown at checkout.</p>
<p>Our funny rude mug makes secret Santa a lot more interesting.</p>",Title,Default Title,,,,,Foxy-Mug-X136
i-have-tried-to-stop-swearing-but-i-cunt-adult-mug,I Have Tried To Stop Swearing But I Cunt - Adult Mug,active,"<p>This funny rude mug says “I Have Tried To Stop Swearing But I C*nt”, so you don't have to. It's a fun gift for birthdays, secret Santa and the office.</p>
<h2>Funny rude mug</h2>
<p>The slogan reads “I Have Tried To Stop Swearing But I C*nt”, printed on an 11oz ceramic mug. A heads-up: it's adult humour, so keep it for the grown-ups who'll find it funny.</p>
<h3>Why you'll love it</h3><ul><li>Says what everyone's thinking</li><li>Great for birthdays and secret Santa</li><li>A proper 11oz (approx. 325ml) mug, so there's room for a decent brew</li><li>Custom designs on request: give us a call on 01439 771468</li><li>Each one is printed to order, then packed carefully for the post</li><li>Printed by us in North Yorkshire using sublimation</li></ul>
<h3>Size &amp; details</h3><ul><li>Capacity: 11oz (approx. 325ml)</li><li>Material: white ceramic, C-handle, high-gloss finish</li><li>Print: sublimation, printed in-house in North Yorkshire</li><li>Care: dishwasher and microwave safe (skip the abrasive scourers)</li><li>Packaging: protective packaging for UK delivery</li></ul>
<h3>Delivery</h3><p>Each mug is printed to order. Postage options and costs are shown at checkout.</p>
<p>Pair this funny rude mug with one of our cheeky cards for the full wind-up.</p>",Title,Default Title,,,,,Foxy-Mug-X137
im-the-god-of-tits-and-tea-adult-mug,I Am The God Of Tits And Tea - Adult Mug,active,"<p>Our “I Am The God Of T*ts And Tea” design is a funny rude mug for people who like a laugh. It's a fun gift for birthdays, secret Santa and the office.</p>
<h2>Funny rude mug</h2>
<p>The slogan reads “I Am The God Of T*ts And Tea”, printed on an 11oz ceramic mug. Adult humour: this one's for grown-ups with a thick skin, not the kids' cupboard.</p>
<h3>Why you'll love it</h3><ul><li>Says what everyone's thinking</li><li>Great for birthdays and secret Santa</li><li>Want something slightly different? Custom designs are available on request (01439 771468)</li><li>High-gloss ceramic finish and a C-handle that's easy to hold</li><li>Printed by us in North Yorkshire using sublimation</li><li>Dishwasher and microwave safe, so it can go straight into daily use</li></ul>
<h3>Size &amp; details</h3><ul><li>Capacity: 11oz (approx. 325ml)</li><li>Material: white ceramic, C-handle, high-gloss finish</li><li>Print: sublimation, printed in-house in North Yorkshire</li><li>Care: dishwasher and microwave safe; avoid abrasive scourers</li><li>Packaging: protective packaging for UK delivery</li></ul>
<h3>Delivery</h3><p>Each mug is printed to order. Postage options and costs are shown at checkout.</p>
<p>Our funny rude mug makes secret Santa a lot more interesting.</p>",Title,Default Title,,,,,Foxy-Mug-X138
his-doe-adult-mug,His Doe - Adult Mug,active,"<p>This funny rude mug says “His Doe”, so you don't have to. It's a fun gift for birthdays, secret Santa and the office.</p>
<h2>Funny rude mug</h2>
<p>The slogan reads “His Doe”, printed on an 11oz ceramic mug. A heads-up: it's adult humour, so keep it for the grown-ups who'll find it funny. It's guaranteed to get a reaction in the office kitchen. Tea, coffee or hot chocolate: it isn't fussy.</p>
<h3>Why you'll love it</h3><ul><li>Says what everyone's thinking</li><li>Great for birthdays and secret Santa</li><li>Classic C-handle shape with a shiny high-gloss finish</li><li>Happy in the dishwasher and the microwave, no special treatment needed</li><li>A proper 11oz (approx. 325ml) mug, so there's room for a decent brew</li><li>Printed by us in North Yorkshire using sublimation</li></ul>
<h3>Size &amp; details</h3><ul><li>Capacity: 11oz (approx. 325ml)</li><li>Material: white ceramic, C-handle, high-gloss finish</li><li>Printing: sublimation, done in-house in North Yorkshire</li><li>Care: dishwasher and microwave safe; avoid abrasive scourers</li><li>Packaging: protective packaging for UK delivery</li></ul>
<h3>Delivery</h3><p>Each mug is printed to order. Postage options and costs are shown at checkout.</p>
<p>Our funny rude mug makes secret Santa a lot more interesting.</p>",Title,Default Title,,,,,Foxy-Mug-X139
her-buck-adult-mug,Her Buck - Adult Mug,active,"<p>Our “Her Buck” design is a funny rude mug for people who like a laugh. It's a fun gift for birthdays, secret Santa and the office.</p>
<h2>Funny rude mug</h2>
<p>The slogan reads “Her Buck”, printed on an 11oz ceramic mug. Adult humour: this one's for grown-ups with a thick skin, not the kids' cupboard. Expect a proper laugh when it's unwrapped. We print every order ourselves, so if you've a question just ring 01439 771468.</p>
<h3>Why you'll love it</h3><ul><li>Says what everyone's thinking</li><li>Great for birthdays and secret Santa</li><li>Want something slightly different? Custom designs are available on request (01439 771468)</li><li>Each one is printed to order, then packed carefully for the post</li><li>Classic C-handle shape with a shiny high-gloss finish</li><li>11oz (approx. 325ml): big enough for a proper cuppa, not a thimble</li></ul>
<h3>Size &amp; details</h3><ul><li>Capacity: 11oz (approx. 325ml)</li><li>Material: white ceramic, C-handle, high-gloss finish</li><li>Print: sublimation, printed in-house in North Yorkshire</li><li>Care: dishwasher and microwave safe; avoid abrasive scourers</li><li>Packaging: protective packaging for UK delivery</li></ul>
<h3>Delivery</h3><p>Each mug is printed to order. Postage options and costs are shown at checkout.</p>
<p>Our funny rude mug makes secret Santa a lot more interesting.</p>",Title,Default Title,,,,,Foxy-Mug-X140
hes-the-man-adult-mug,He's The Man - Adult Mug,active,"<p>Our “He's The Man” design is a funny rude mug for people who like a laugh. It's a fun gift for birthdays, secret Santa and the office.</p>
<h2>Funny rude mug</h2>
<p>The slogan reads “He's The Man”, printed on an 11oz ceramic mug. Adult humour: this one's for grown-ups with a thick skin, not the kids' cupboard. It's the kind of present that quietly becomes their go-to cup.</p>
<h3>Why you'll love it</h3><ul><li>Says what everyone's thinking</li><li>Great for birthdays and secret Santa</li><li>Sent in protective packaging so it turns up in one piece</li><li>A proper 11oz (approx. 325ml) mug, so there's room for a decent brew</li><li>Made in-house in North Yorkshire, not shipped in from overseas</li><li>Dishwasher and microwave safe, so it can go straight into daily use</li></ul>
<h3>Size &amp; details</h3><ul><li>Capacity: 11oz (approx. 325ml)</li><li>Material: white ceramic, C-handle, high-gloss finish</li><li>Printing: sublimation, done in-house in North Yorkshire</li><li>Care: dishwasher and microwave safe; avoid abrasive scourers</li><li>Packaging: protective packaging for UK delivery</li></ul>
<h3>Delivery</h3><p>Each mug is printed to order. Postage options and costs are shown at checkout.</p>
<p>A funny rude mug like this gets passed round the whole office.</p>",Title,Default Title,,,,,Foxy-Mug-X141
hipster-cunt-1-adult-mug,Hipster Cunt 1 - Adult Mug,active,"<p>Our “Hipster C*nt 1” design is a funny rude mug for people who like a laugh. It's a fun gift for birthdays, secret Santa and the office.</p>
<h2>Funny rude mug</h2>
<p>The slogan reads “Hipster C*nt 1”, printed on an 11oz ceramic mug. A heads-up: it's adult humour, so keep it for the grown-ups who'll find it funny. Tea, coffee or hot chocolate: it isn't fussy.</p>
<h3>Why you'll love it</h3><ul><li>A slogan that gets a reaction</li><li>Great for birthdays and secret Santa</li><li>A proper 11oz (approx. 325ml) mug, so there's room for a decent brew</li><li>Sent in protective packaging so it turns up in one piece</li><li>Happy in the dishwasher and the microwave, no special treatment needed</li><li>Glossy ceramic with a comfy C-handle</li></ul>
<h3>Size &amp; details</h3><ul><li>Capacity: 11oz (approx. 325ml)</li><li>Material: white ceramic, C-handle, high-gloss finish</li><li>Printing: sublimation, done in-house in North Yorkshire</li><li>Care: dishwasher and microwave safe; avoid abrasive scourers</li><li>Packaging: protective packaging for UK delivery</li></ul>
<h3>Delivery</h3><p>Each mug is printed to order. Postage options and costs are shown at checkout.</p>
<p>A funny rude mug like this gets passed round the whole office.</p>",Title,Default Title,,,,,Foxy-Mug-X142
hipster-cunt-2-adult-mug,Hipster Cunt 2 - Adult Mug,active,"<p>Our “Hipster C*nt 2” design is a funny rude mug for people who like a laugh. It's a fun gift for birthdays, secret Santa and the office.</p>
<h2>Funny rude mug</h2>
<p>The slogan reads “Hipster C*nt 2”, printed on an 11oz ceramic mug. A heads-up: it's adult humour, so keep it for the grown-ups who'll find it funny. It's the kind of present that quietly becomes their go-to cup.</p>
<h3>Why you'll love it</h3><ul><li>A slogan that gets a reaction</li><li>Great for birthdays and secret Santa</li><li>Glossy ceramic with a comfy C-handle</li><li>Fancy a tweak? We do custom designs on request, just ring 01439 771468</li><li>Holds 11oz (approx. 325ml), the size most tea drinkers reach for</li><li>Printed to order and packed in protective packaging for UK delivery</li></ul>
<h3>Size &amp; details</h3><ul><li>Capacity: 11oz (approx. 325ml)</li><li>Material: white ceramic, C-handle, high-gloss finish</li><li>Print: sublimation, printed in-house in North Yorkshire</li><li>Care: dishwasher and microwave safe (skip the abrasive scourers)</li><li>Packaging: protective packaging for UK delivery</li></ul>
<h3>Delivery</h3><p>Each mug is printed to order. Postage options and costs are shown at checkout.</p>
<p>Pair this funny rude mug with one of our cheeky cards for the full wind-up.</p>",Title,Default Title,,,,,Foxy-Mug-X143
hipster-cunt-3-adult-mug,Hipster Cunt 3 - Adult Mug,active,"<p>Our “Hipster C*nt 3” design is a funny rude mug for people who like a laugh. It's a fun gift for birthdays, secret Santa and the office.</p>
<h2>Funny rude mug</h2>
<p>The slogan reads “Hipster C*nt 3”, printed on an 11oz ceramic mug. Please note it's adult humour, so it's one for the grown-ups rather than the school run. It's a small gift that gets a smile every single morning. Expect a proper laugh when it's unwrapped.</p>
<h3>Why you'll love it</h3><ul><li>Says what everyone's thinking</li><li>Great for birthdays and secret Santa</li><li>Sublimation printed in-house in North Yorkshire</li><li>11oz (approx. 325ml): big enough for a proper cuppa, not a thimble</li><li>Want something slightly different? Custom designs are available on request (01439 771468)</li><li>Dishwasher and microwave safe for real-life kitchens</li></ul>
<h3>Size &amp; details</h3><ul><li>Capacity: 11oz (approx. 325ml)</li><li>Material: white ceramic, C-handle, high-gloss finish</li><li>Print: sublimation, printed in-house in North Yorkshire</li><li>Care: dishwasher and microwave safe; avoid abrasive scourers</li><li>Packaging: protective packaging for UK delivery</li></ul>
<h3>Delivery</h3><p>Each mug is printed to order. Postage options and costs are shown at checkout.</p>
<p>A funny rude mug like this gets passed round the whole office.</p>",Title,Default Title,,,,,Foxy-Mug-X144
hipster-cunt-4-adult-mug,Hipster Cunt 4 - Adult Mug,active,"<p>This funny rude mug says “Hipster C*nt 4”, so you don't have to. It's a fun gift for birthdays, secret Santa and the office.</p>
<h2>Funny rude mug</h2>
<p>The slogan reads “Hipster C*nt 4”, printed on an 11oz ceramic mug. Please note it's adult humour, so it's one for the grown-ups rather than the school run. It's guaranteed to get a reaction in the office kitchen. Expect a proper laugh when it's unwrapped.</p>
<h3>Why you'll love it</h3><ul><li>Says what everyone's thinking</li><li>A wind-up gift for mates and colleagues</li><li>Dishwasher and microwave safe for real-life kitchens</li><li>11oz (approx. 325ml): big enough for a proper cuppa, not a thimble</li><li>Made in-house in North Yorkshire, not shipped in from overseas</li><li>Printed to order and packed in protective packaging for UK delivery</li></ul>
<h3>Size &amp; details</h3><ul><li>Capacity: 11oz (approx. 325ml)</li><li>Material: white ceramic, C-handle, high-gloss finish</li><li>Printing: sublimation, done in-house in North Yorkshire</li><li>Care: dishwasher and microwave safe; avoid abrasive scourers</li><li>Packaging: protective packaging for UK delivery</li></ul>
<h3>Delivery</h3><p>Each mug is printed to order. Postage options and costs are shown at checkout.</p>
<p>Our funny rude mug makes secret Santa a lot more interesting.</p>",Title,Default Title,,,,,Foxy-Mug-X145
hipster-cunt-5-adult-mug,Hipster Cunt 5 - Adult Mug,active,"<p>Our “Hipster C*nt 5” design is a funny rude mug for people who like a laugh. It's a fun gift for birthdays, secret Santa and the office.</p>
<h2>Funny rude mug</h2>
<p>The slogan reads “Hipster C*nt 5”, printed on an 11oz ceramic mug. Please note it's adult humour, so it's one for the grown-ups rather than the school run. It's a small gift that gets a smile every single morning.</p>
<h3>Why you'll love it</h3><ul><li>Says what everyone's thinking</li><li>Great for birthdays and secret Santa</li><li>Want something slightly different? Custom designs are available on request (01439 771468)</li><li>Dishwasher and microwave safe for real-life kitchens</li><li>A proper 11oz (approx. 325ml) mug, so there's room for a decent brew</li><li>Sublimation printed in-house in North Yorkshire</li></ul>
<h3>Size &amp; details</h3><ul><li>Capacity: 11oz (approx. 325ml)</li><li>Material: white ceramic, C-handle, high-gloss finish</li><li>Print: sublimation, printed in-house in North Yorkshire</li><li>Care: dishwasher and microwave safe (skip the abrasive scourers)</li><li>Packaging: protective packaging for UK delivery</li></ul>
<h3>Delivery</h3><p>Each mug is printed to order. Postage options and costs are shown at checkout.</p>
<p>Our funny rude mug makes secret Santa a lot more interesting.</p>",Title,Default Title,,,,,Foxy-Mug-X146
hipster-cunt-6-adult-mug,Hipster Cunt 6 - Adult Mug,active,"<p>This funny rude mug says “Hipster C*nt 6”, so you don't have to. It's a fun gift for birthdays, secret Santa and the office.</p>
<h2>Funny rude mug</h2>
<p>The slogan reads “Hipster C*nt 6”, printed on an 11oz ceramic mug. Adult humour: this one's for grown-ups with a thick skin, not the kids' cupboard. Expect a proper laugh when it's unwrapped. We print every order ourselves, so if you've a question just ring 01439 771468.</p>
<h3>Why you'll love it</h3><ul><li>A slogan that gets a reaction</li><li>Great for birthdays and secret Santa</li><li>Made in-house in North Yorkshire, not shipped in from overseas</li><li>Classic C-handle shape with a shiny high-gloss finish</li><li>Printed to order and packed in protective packaging for UK delivery</li><li>11oz (approx. 325ml): big enough for a proper cuppa, not a thimble</li></ul>
<h3>Size &amp; details</h3><ul><li>Capacity: 11oz (approx. 325ml)</li><li>Material: white ceramic, C-handle, high-gloss finish</li><li>Print: sublimation, printed in-house in North Yorkshire</li><li>Care: dishwasher and microwave safe; avoid abrasive scourers</li><li>Packaging: protective packaging for UK delivery</li></ul>
<h3>Delivery</h3><p>Each mug is printed to order. Postage options and costs are shown at checkout.</p>
<p>Pair this funny rude mug with one of our cheeky cards for the full wind-up.</p>",Title,Default Title,,,,,Foxy-Mug-X147
hipster-cunt-7-adult-mug,Hipster Cunt 7 - Adult Mug,active,"<p>This funny rude mug says “Hipster C*nt 7”, so you don't have to. It's a fun gift for birthdays, secret Santa and the office.</p>
<h2>Funny rude mug</h2>
<p>The slogan reads “Hipster C*nt 7”, printed on an 11oz ceramic mug. A heads-up: it's adult humour, so keep it for the grown-ups who'll find it funny. It's the kind of present that quietly becomes their go-to cup.</p>
<h3>Why you'll love it</h3><ul><li>A slogan that gets a reaction</li><li>Great for birthdays and secret Santa</li><li>Made in-house in North Yorkshire, not shipped in from overseas</li><li>Sent in protective packaging so it turns up in one piece</li><li>Glossy ceramic with a comfy C-handle</li><li>Fancy a tweak? We do custom designs on request, just ring 01439 771468</li></ul>
<h3>Size &amp; details</h3><ul><li>Capacity: 11oz (approx. 325ml)</li><li>Material: white ceramic, C-handle, high-gloss finish</li><li>Printing: sublimation, done in-house in North Yorkshire</li><li>Care: dishwasher and microwave safe (skip the abrasive scourers)</li><li>Packaging: protective packaging for UK delivery</li></ul>
<h3>Delivery</h3><p>Each mug is printed to order. Postage options and costs are shown at checkout.</p>
<p>Pair this funny rude mug with one of our cheeky cards for the full wind-up.</p>",Title,Default Title,,,,,Foxy-Mug-X148
hipster-cunt-8-adult-mug,Hipster Cunt 8 - Adult Mug,active,"<p>Our “Hipster C*nt 8” design is a funny rude mug for people who like a laugh. It's a fun gift for birthdays, secret Santa and the office.</p>
<h2>Funny rude mug</h2>
<p>The slogan reads “Hipster C*nt 8”, printed on an 11oz ceramic mug. A heads-up: it's adult humour, so keep it for the grown-ups who'll find it funny. It's a small gift that gets a smile every single morning.</p>
<h3>Why you'll love it</h3><ul><li>A slogan that gets a reaction</li><li>A wind-up gift for mates and colleagues</li><li>Sent in protective packaging so it turns up in one piece</li><li>Fancy a tweak? We do custom designs on request, just ring 01439 771468</li><li>Sublimation printed in-house in North Yorkshire</li><li>Holds 11oz (approx. 325ml), the size most tea drinkers reach for</li></ul>
<h3>Size &amp; details</h3><ul><li>Capacity: 11oz (approx. 325ml)</li><li>Material: white ceramic, C-handle, high-gloss finish</li><li>Printing: sublimation, done in-house in North Yorkshire</li><li>Care: dishwasher and microwave safe (skip the abrasive scourers)</li><li>Packaging: protective packaging for UK delivery</li></ul>
<h3>Delivery</h3><p>Each mug is printed to order. Postage options and costs are shown at checkout.</p>
<p>Our funny rude mug makes secret Santa a lot more interesting.</p>",Title,Default Title,,,,,Foxy-Mug-X149
hipster-cunt-9-adult-mug,Hipster Cunt 9 - Adult Mug,active,"<p>Our “Hipster C*nt 9” design is a funny rude mug for people who like a laugh. It's a fun gift for birthdays, secret Santa and the office.</p>
<h2>Funny rude mug</h2>
<p>The slogan reads “Hipster C*nt 9”, printed on an 11oz ceramic mug. A heads-up: it's adult humour, so keep it for the grown-ups who'll find it funny. It's a small gift that gets a smile every single morning.</p>
<h3>Why you'll love it</h3><ul><li>A slogan that gets a reaction</li><li>Great for birthdays and secret Santa</li><li>Classic C-handle shape with a shiny high-gloss finish</li><li>Happy in the dishwasher and the microwave, no special treatment needed</li><li>A proper 11oz (approx. 325ml) mug, so there's room for a decent brew</li><li>Printed to order and packed in protective packaging for UK delivery</li></ul>
<h3>Size &amp; details</h3><ul><li>Capacity: 11oz (approx. 325ml)</li><li>Material: white ceramic, C-handle, high-gloss finish</li><li>Printing: sublimation, done in-house in North Yorkshire</li><li>Care: dishwasher and microwave safe; avoid abrasive scourers</li><li>Packaging: protective packaging for UK delivery</li></ul>
<h3>Delivery</h3><p>Each mug is printed to order. Postage options and costs are shown at checkout.</p>
<p>A funny rude mug like this gets passed round the whole office.</p>",Title,Default Title,,,,,Foxy-Mug-X150
hipster-cunt-adult-mug,Hipster Cunt - Adult Mug,active,"<p>Our “Hipster C*nt” design is a funny rude mug for people who like a laugh. It's a fun gift for birthdays, secret Santa and the office.</p>
<h2>Funny rude mug</h2>
<p>The slogan reads “Hipster C*nt”, printed on an 11oz ceramic mug. Strictly adult humour, best given to someone who'll laugh rather than clutch their pearls. It's guaranteed to get a reaction in the office kitchen.</p>
<h3>Why you'll love it</h3><ul><li>A slogan that gets a reaction</li><li>Great for birthdays and secret Santa</li><li>A proper 11oz (approx. 325ml) mug, so there's room for a decent brew</li><li>Printed to order and packed in protective packaging for UK delivery</li><li>High-gloss ceramic finish and a C-handle that's easy to hold</li><li>Happy in the dishwasher and the microwave, no special treatment needed</li></ul>
<h3>Size &amp; details</h3><ul><li>Capacity: 11oz (approx. 325ml)</li><li>Material: white ceramic, C-handle, high-gloss finish</li><li>Printing: sublimation, done in-house in North Yorkshire</li><li>Care: dishwasher and microwave safe; avoid abrasive scourers</li><li>Packaging: protective packaging for UK delivery</li></ul>
<h3>Delivery</h3><p>Each mug is printed to order. Postage options and costs are shown at checkout.</p>
<p>A funny rude mug like this gets passed round the whole office.</p>",Title,Default Title,,,,,Foxy-Mug-X151
big-mug-of-shut-the-fuck-up-blue-funny-mug-adult-mug,BIG MUG OF SHUT THE FUCK UP BLUE FUNNY MUG Mug Adult Mug Gift,active,"<p>This funny rude mug says “Big Mug of Shut the F*ck Up Blue”, so you don't have to. It's a fun gift for birthdays, secret Santa and the office.</p>
<h2>Funny rude mug</h2>
<p>The slogan reads “Big Mug of Shut the F*ck Up Blue”, printed on an 11oz ceramic mug. Adult humour: this one's for grown-ups with a thick skin, not the kids' cupboard.</p>
<h3>Why you'll love it</h3><ul><li>A slogan that gets a reaction</li><li>Great for birthdays and secret Santa</li><li>Custom designs on request: give us a call on 01439 771468</li><li>Each one is printed to order, then packed carefully for the post</li><li>11oz (approx. 325ml): big enough for a proper cuppa, not a thimble</li><li>Made in-house in North Yorkshire, not shipped in from overseas</li></ul>
<h3>Size &amp; details</h3><ul><li>Capacity: 11oz (approx. 325ml)</li><li>Material: white ceramic, C-handle, high-gloss finish</li><li>Printing: sublimation, done in-house in North Yorkshire</li><li>Care: dishwasher and microwave safe; avoid abrasive scourers</li><li>Packaging: protective packaging for UK delivery</li></ul>
<h3>Delivery</h3><p>Each mug is printed to order. Postage options and costs are shown at checkout.</p>
<p>A funny rude mug like this gets passed round the whole office.</p>",Title,Default Title,,,,,Foxy-Mug-X762
big-mug-of-shut-the-fuck-up-funny-mug-adult-mug,BIG MUG OF SHUT THE FUCK UP 2 FUNNY MUG Mug Adult Mug Gift,active,"<p>Our “Big Mug of Shut the F*ck Up 2” design is a funny rude mug for people who like a laugh. It's a fun gift for birthdays, secret Santa and the office.</p>
<h2>Funny rude mug</h2>
<p>The slogan reads “Big Mug of Shut the F*ck Up 2”, printed on an 11oz ceramic mug. A heads-up: it's adult humour, so keep it for the grown-ups who'll find it funny.</p>
<h3>Why you'll love it</h3><ul><li>A slogan that gets a reaction</li><li>Great for birthdays and secret Santa</li><li>Custom designs on request: give us a call on 01439 771468</li><li>Sent in protective packaging so it turns up in one piece</li><li>Dishwasher and microwave safe for real-life kitchens</li><li>A proper 11oz (approx. 325ml) mug, so there's room for a decent brew</li></ul>
<h3>Size &amp; details</h3><ul><li>Capacity: 11oz (approx. 325ml)</li><li>Material: white ceramic, C-handle, high-gloss finish</li><li>Print: sublimation, printed in-house in North Yorkshire</li><li>Care: dishwasher and microwave safe (skip the abrasive scourers)</li><li>Packaging: protective packaging for UK delivery</li></ul>
<h3>Delivery</h3><p>Each mug is printed to order. Postage options and costs are shown at checkout.</p>
<p>A funny rude mug like this gets passed round the whole office.</p>",Title,Default Title,,,,,Foxy-Mug-X763
big-mug-of-shut-the-fuck-up-pink-funny-mug-adult-mug,BIG MUG OF SHUT THE FUCK UP PINK FUNNY MUG Mug Adult Mug Gift,active,"<p>Our “Big Mug of Shut the F*ck Up Pink” design is a funny rude mug for people who like a laugh. It's a fun gift for birthdays, secret Santa and the office.</p>
<h2>Funny rude mug</h2>
<p>The slogan reads “Big Mug of Shut the F*ck Up Pink”, printed on an 11oz ceramic mug. A heads-up: it's adult humour, so keep it for the grown-ups who'll find it funny.</p>
<h3>Why you'll love it</h3><ul><li>A slogan that gets a reaction</li><li>A wind-up gift for mates and colleagues</li><li>High-gloss ceramic finish and a C-handle that's easy to hold</li><li>Each one is printed to order, then packed carefully for the post</li><li>Custom designs on request: give us a call on 01439 771468</li><li>Holds 11oz (approx. 325ml), the size most tea drinkers reach for</li></ul>
<h3>Size &amp; details</h3><ul><li>Capacity: 11oz (approx. 325ml)</li><li>Material: white ceramic, C-handle, high-gloss finish</li><li>Printing: sublimation, done in-house in North Yorkshire</li><li>Care: dishwasher and microwave safe; avoid abrasive scourers</li><li>Packaging: protective packaging for UK delivery</li></ul>
<h3>Delivery</h3><p>Each mug is printed to order. Postage options and costs are shown at checkout.</p>
<p>Our funny rude mug makes secret Santa a lot more interesting.</p>",Title,Default Title,,,,,Foxy-Mug-X764
the-big-mug-of-shut-the-fuck-up-adult-mug,The Big Mug Of Shut The Fuck Up Mug Adult Mug Gift,active,"<p>Our “The Big Mug Of Shut The F*ck Up” design is a funny rude mug for people who like a laugh. It's a fun gift for birthdays, secret Santa and the office.</p>
<h2>Funny rude mug</h2>
<p>The slogan reads “The Big Mug Of Shut The F*ck Up”, printed on an 11oz ceramic mug. Please note it's adult humour, so it's one for the grown-ups rather than the school run.</p>
<h3>Why you'll love it</h3><ul><li>Says what everyone's thinking</li><li>A wind-up gift for mates and colleagues</li><li>A proper 11oz (approx. 325ml) mug, so there's room for a decent brew</li><li>Dishwasher and microwave safe, so it can go straight into daily use</li><li>Made in-house in North Yorkshire, not shipped in from overseas</li><li>Classic C-handle shape with a shiny high-gloss finish</li></ul>
<h3>Size &amp; details</h3><ul><li>Capacity: 11oz (approx. 325ml)</li><li>Material: white ceramic, C-handle, high-gloss finish</li><li>Printing: sublimation, done in-house in North Yorkshire</li><li>Care: dishwasher and microwave safe (skip the abrasive scourers)</li><li>Packaging: protective packaging for UK delivery</li></ul>
<h3>Delivery</h3><p>Each mug is printed to order. Postage options and costs are shown at checkout.</p>
<p>Our funny rude mug makes secret Santa a lot more interesting.</p>",Title,Default Title,,,,,Foxy-Mug-X765
coffee-shit-adult-mug,Coffee = Shit Mug Adult Mug Gift,active,"<p>This funny rude mug says “Coffee = Sh*t”, so you don't have to. It's a fun gift for birthdays, secret Santa and the office.</p>
<h2>Funny rude mug</h2>
<p>The slogan reads “Coffee = Sh*t”, printed on an 11oz ceramic mug. Adult humour: this one's for grown-ups with a thick skin, not the kids' cupboard. It's guaranteed to get a reaction in the office kitchen. Expect a proper laugh when it's unwrapped.</p>
<h3>Why you'll love it</h3><ul><li>A slogan that gets a reaction</li><li>A wind-up gift for mates and colleagues</li><li>Custom designs on request: give us a call on 01439 771468</li><li>Glossy ceramic with a comfy C-handle</li><li>Dishwasher and microwave safe for real-life kitchens</li><li>11oz (approx. 325ml): big enough for a proper cuppa, not a thimble</li></ul>
<h3>Size &amp; details</h3><ul><li>Capacity: 11oz (approx. 325ml)</li><li>Material: white ceramic, C-handle, high-gloss finish</li><li>Print: sublimation, printed in-house in North Yorkshire</li><li>Care: dishwasher and microwave safe (skip the abrasive scourers)</li><li>Packaging: protective packaging for UK delivery</li></ul>
<h3>Delivery</h3><p>Each mug is printed to order. Postage options and costs are shown at checkout.</p>
<p>Our funny rude mug makes secret Santa a lot more interesting.</p>",Title,Default Title,,,,,Foxy-Mug-X766
coffee-makes-me-poop-2-adult-mug,COFFEE MAKES ME POOP 2 Mug Adult Mug Gift,active,"<p>Our “Coffee Makes Me Poop 2” design is a funny rude mug for people who like a laugh. It's a fun gift for birthdays, secret Santa and the office.</p>
<h2>Funny rude mug</h2>
<p>The slogan reads “Coffee Makes Me Poop 2”, printed on an 11oz ceramic mug. Please note it's adult humour, so it's one for the grown-ups rather than the school run.</p>
<h3>Why you'll love it</h3><ul><li>A slogan that gets a reaction</li><li>A wind-up gift for mates and colleagues</li><li>Custom designs on request: give us a call on 01439 771468</li><li>High-gloss ceramic finish and a C-handle that's easy to hold</li><li>Printed to order and packed in protective packaging for UK delivery</li><li>Happy in the dishwasher and the microwave, no special treatment needed</li></ul>
<h3>Size &amp; details</h3><ul><li>Capacity: 11oz (approx. 325ml)</li><li>Material: white ceramic, C-handle, high-gloss finish</li><li>Printing: sublimation, done in-house in North Yorkshire</li><li>Care: dishwasher and microwave safe; avoid abrasive scourers</li><li>Packaging: protective packaging for UK delivery</li></ul>
<h3>Delivery</h3><p>Each mug is printed to order. Postage options and costs are shown at checkout.</p>
<p>A funny rude mug like this gets passed round the whole office.</p>",Title,Default Title,,,,,Foxy-Mug-X767
coffee-makes-me-poop-adult-mug,COFFEE MAKES ME POOP Mug Adult Mug Gift,active,"<p>This funny rude mug says “Coffee Makes Me Poop”, so you don't have to. It's a fun gift for birthdays, secret Santa and the office.</p>
<h2>Funny rude mug</h2>
<p>The slogan reads “Coffee Makes Me Poop”, printed on an 11oz ceramic mug. Please note it's adult humour, so it's one for the grown-ups rather than the school run. It looks just as at home on an office desk as it does by the kettle.</p>
<h3>Why you'll love it</h3><ul><li>Says what everyone's thinking</li><li>A wind-up gift for mates and colleagues</li><li>Dishwasher and microwave safe for real-life kitchens</li><li>Sent in protective packaging so it turns up in one piece</li><li>Fancy a tweak? We do custom designs on request, just ring 01439 771468</li><li>11oz (approx. 325ml): big enough for a proper cuppa, not a thimble</li></ul>
<h3>Size &amp; details</h3><ul><li>Capacity: 11oz (approx. 325ml)</li><li>Material: white ceramic, C-handle, high-gloss finish</li><li>Print: sublimation, printed in-house in North Yorkshire</li><li>Care: dishwasher and microwave safe; avoid abrasive scourers</li><li>Packaging: protective packaging for UK delivery</li></ul>
<h3>Delivery</h3><p>Each mug is printed to order. Postage options and costs are shown at checkout.</p>
<p>Our funny rude mug makes secret Santa a lot more interesting.</p>",Title,Default Title,,,,,Foxy-Mug-X768
drinking-coffee-baking-a-shit-adult-mug,DRINKING COFFEE BAKING A SHIT Mug Adult Mug Gift,active,"<p>This funny rude mug says “Drinking Coffee Baking a Sh*t”, so you don't have to. It's a fun gift for birthdays, secret Santa and the office.</p>
<h2>Funny rude mug</h2>
<p>The slogan reads “Drinking Coffee Baking a Sh*t”, printed on an 11oz ceramic mug. Please note it's adult humour, so it's one for the grown-ups rather than the school run. It's a small gift that gets a smile every single morning.</p>
<h3>Why you'll love it</h3><ul><li>Says what everyone's thinking</li><li>A wind-up gift for mates and colleagues</li><li>A proper 11oz (approx. 325ml) mug, so there's room for a decent brew</li><li>Custom designs on request: give us a call on 01439 771468</li><li>Sublimation printed in-house in North Yorkshire</li><li>Dishwasher and microwave safe for real-life kitchens</li></ul>
<h3>Size &amp; details</h3><ul><li>Capacity: 11oz (approx. 325ml)</li><li>Material: white ceramic, C-handle, high-gloss finish</li><li>Printing: sublimation, done in-house in North Yorkshire</li><li>Care: dishwasher and microwave safe; avoid abrasive scourers</li><li>Packaging: protective packaging for UK delivery</li></ul>
<h3>Delivery</h3><p>Each mug is printed to order. Postage options and costs are shown at checkout.</p>
<p>Pair this funny rude mug with one of our cheeky cards for the full wind-up.</p>",Title,Default Title,,,,,Foxy-Mug-X771
duff-beer-simpsons-orange-adult-mug,Duff Beer Simpsons Orange Mug Adult Mug Gift,active,"<p>This The Simpsons inspired mug is a fun pick for fans of The Simpsons. It's a great gift for birthdays, Christmas and film or TV nights.</p>
<h2>The Simpsons inspired mug</h2>
<p>The design features “Duff Beer orange”, inspired by The Simpsons, printed on an 11oz ceramic mug. Adult humour: this one's for grown-ups with a thick skin, not the kids' cupboard. It's a small gift that gets a smile every single morning.</p>
<h3>Why you'll love it</h3><ul><li>A fan gift for The Simpsons lovers</li><li>Good for birthdays and secret Santa</li><li>Printed by us in North Yorkshire using sublimation</li><li>Want something slightly different? Custom designs are available on request (01439 771468)</li><li>Classic C-handle shape with a shiny high-gloss finish</li><li>11oz (approx. 325ml): big enough for a proper cuppa, not a thimble</li></ul>
<h3>Size &amp; details</h3><ul><li>Capacity: 11oz (approx. 325ml)</li><li>Material: white ceramic, C-handle, high-gloss finish</li><li>Printing: sublimation, done in-house in North Yorkshire</li><li>Care: dishwasher and microwave safe (skip the abrasive scourers)</li><li>Packaging: protective packaging for UK delivery</li></ul>
<h3>Delivery</h3><p>Each mug is printed to order. Postage options and costs are shown at checkout.</p>
<p>A The Simpsons inspired mug is perfect for a box-set binge.</p>
<h3>Please note</h3><p class=""disclaimer"">This is an unofficial design inspired by The Simpsons. It is not official merchandise and is not endorsed by, sponsored by, or connected with The Simpsons or the show's creators and studio, or any of their licensees. All names, characters and trademarks belong to their respective owners.</p>",Title,Default Title,,,,,Foxy-Mug-X772
duff-beer-simpsons-red-adult-mug,Duff Beer Simpsons Red Mug Adult Mug Gift,active,"<p>This The Simpsons inspired mug is a fun pick for fans of The Simpsons. It's a great gift for birthdays, Christmas and film or TV nights.</p>
<h2>The Simpsons inspired mug</h2>
<p>The design features “Duff Beer red”, inspired by The Simpsons, printed on an 11oz ceramic mug. A heads-up: it's adult humour, so keep it for the grown-ups who'll find it funny. Tea, coffee or hot chocolate: it isn't fussy.</p>
<h3>Why you'll love it</h3><ul><li>A fan gift for The Simpsons lovers</li><li>Good for birthdays and secret Santa</li><li>Fancy a tweak? We do custom designs on request, just ring 01439 771468</li><li>Each one is printed to order, then packed carefully for the post</li><li>Sublimation printed in-house in North Yorkshire</li><li>Happy in the dishwasher and the microwave, no special treatment needed</li></ul>
<h3>Size &amp; details</h3><ul><li>Capacity: 11oz (approx. 325ml)</li><li>Material: white ceramic, C-handle, high-gloss finish</li><li>Print: sublimation, printed in-house in North Yorkshire</li><li>Care: dishwasher and microwave safe; avoid abrasive scourers</li><li>Packaging: protective packaging for UK delivery</li></ul>
<h3>Delivery</h3><p>Each mug is printed to order. Postage options and costs are shown at checkout.</p>
<p>A The Simpsons inspired mug is perfect for a box-set binge.</p>
<h3>Please note</h3><p class=""disclaimer"">This is an unofficial design inspired by The Simpsons. It is not official merchandise and is not endorsed by, sponsored by, or connected with The Simpsons or the show's creators and studio, or any of their licensees. All names, characters and trademarks belong to their respective owners.</p>",Title,Default Title,,,,,Foxy-Mug-X773
for-fox-sake-adult-mug,FOR FOX SAKE Mug Adult Mug Gift,active,"<p>Our “For Fox Sake” design is a funny rude mug for people who like a laugh. It's a fun gift for birthdays, secret Santa and the office.</p>
<h2>Funny rude mug</h2>
<p>The slogan reads “For Fox Sake”, printed on an 11oz ceramic mug. Strictly adult humour, best given to someone who'll laugh rather than clutch their pearls. It's guaranteed to get a reaction in the office kitchen.</p>
<h3>Why you'll love it</h3><ul><li>Says what everyone's thinking</li><li>Great for birthdays and secret Santa</li><li>Holds 11oz (approx. 325ml), the size most tea drinkers reach for</li><li>Glossy ceramic with a comfy C-handle</li><li>Each one is printed to order, then packed carefully for the post</li><li>Custom designs on request: give us a call on 01439 771468</li></ul>
<h3>Size &amp; details</h3><ul><li>Capacity: 11oz (approx. 325ml)</li><li>Material: white ceramic, C-handle, high-gloss finish</li><li>Print: sublimation, printed in-house in North Yorkshire</li><li>Care: dishwasher and microwave safe; avoid abrasive scourers</li><li>Packaging: protective packaging for UK delivery</li></ul>
<h3>Delivery</h3><p>Each mug is printed to order. Postage options and costs are shown at checkout.</p>
<p>Pair this funny rude mug with one of our cheeky cards for the full wind-up.</p>",Title,Default Title,,,,,Foxy-Mug-X774
fuck-fuck-fuck-mug-adult-mug,FUCK FUCK FUCK MUG Mug Adult Mug Gift,active,"<p>Our “F*ck F*ck F*ck” design is a funny rude mug for people who like a laugh. It's a fun gift for birthdays, secret Santa and the office.</p>
<h2>Funny rude mug</h2>
<p>The slogan reads “F*ck F*ck F*ck”, printed on an 11oz ceramic mug. Strictly adult humour, best given to someone who'll laugh rather than clutch their pearls. It's guaranteed to get a reaction in the office kitchen.</p>
<h3>Why you'll love it</h3><ul><li>A slogan that gets a reaction</li><li>A wind-up gift for mates and colleagues</li><li>Classic C-handle shape with a shiny high-gloss finish</li><li>Fancy a tweak? We do custom designs on request, just ring 01439 771468</li><li>Made in-house in North Yorkshire, not shipped in from overseas</li><li>Dishwasher and microwave safe for real-life kitchens</li></ul>
<h3>Size &amp; details</h3><ul><li>Capacity: 11oz (approx. 325ml)</li><li>Material: white ceramic, C-handle, high-gloss finish</li><li>Printing: sublimation, done in-house in North Yorkshire</li><li>Care: dishwasher and microwave safe (skip the abrasive scourers)</li><li>Packaging: protective packaging for UK delivery</li></ul>
<h3>Delivery</h3><p>Each mug is printed to order. Postage options and costs are shown at checkout.</p>
<p>Our funny rude mug makes secret Santa a lot more interesting.</p>",Title,Default Title,,,,,Foxy-Mug-X775
go-fox-off-adult-mug,GO FOX OFF Mug Adult Mug Gift,active,"<p>Our “Go Fox Off” design is a funny rude mug for people who like a laugh. It's a fun gift for birthdays, secret Santa and the office.</p>
<h2>Funny rude mug</h2>
<p>The slogan reads “Go Fox Off”, printed on an 11oz ceramic mug. Adult humour: this one's for grown-ups with a thick skin, not the kids' cupboard. It's guaranteed to get a reaction in the office kitchen.</p>
<h3>Why you'll love it</h3><ul><li>Says what everyone's thinking</li><li>A wind-up gift for mates and colleagues</li><li>Want something slightly different? Custom designs are available on request (01439 771468)</li><li>Printed to order and packed in protective packaging for UK delivery</li><li>Holds 11oz (approx. 325ml), the size most tea drinkers reach for</li><li>Printed by us in North Yorkshire using sublimation</li></ul>
<h3>Size &amp; details</h3><ul><li>Capacity: 11oz (approx. 325ml)</li><li>Material: white ceramic, C-handle, high-gloss finish</li><li>Printing: sublimation, done in-house in North Yorkshire</li><li>Care: dishwasher and microwave safe (skip the abrasive scourers)</li><li>Packaging: protective packaging for UK delivery</li></ul>
<h3>Delivery</h3><p>Each mug is printed to order. Postage options and costs are shown at checkout.</p>
<p>A funny rude mug like this gets passed round the whole office.</p>",Title,Default Title,,,,,Foxy-Mug-X776
go-fox-yourself-adult-mug,GO FOX YOURSELF Mug Adult Mug Gift,active,"<p>This funny rude mug says “Go Fox Yourself”, so you don't have to. It's a fun gift for birthdays, secret Santa and the office.</p>
<h2>Funny rude mug</h2>
<p>The slogan reads “Go Fox Yourself”, printed on an 11oz ceramic mug. A heads-up: it's adult humour, so keep it for the grown-ups who'll find it funny. If you're stuck for a present, a mug is one of those gifts that actually gets used.</p>
<h3>Why you'll love it</h3><ul><li>Says what everyone's thinking</li><li>Great for birthdays and secret Santa</li><li>11oz (approx. 325ml): big enough for a proper cuppa, not a thimble</li><li>Classic C-handle shape with a shiny high-gloss finish</li><li>Sent in protective packaging so it turns up in one piece</li><li>Happy in the dishwasher and the microwave, no special treatment needed</li></ul>
<h3>Size &amp; details</h3><ul><li>Capacity: 11oz (approx. 325ml)</li><li>Material: white ceramic, C-handle, high-gloss finish</li><li>Printing: sublimation, done in-house in North Yorkshire</li><li>Care: dishwasher and microwave safe (skip the abrasive scourers)</li><li>Packaging: protective packaging for UK delivery</li></ul>
<h3>Delivery</h3><p>Each mug is printed to order. Postage options and costs are shown at checkout.</p>
<p>Our funny rude mug makes secret Santa a lot more interesting.</p>",Title,Default Title,,,,,Foxy-Mug-X777
gold-record-mug-adult-mug,GOLD RECORD MUG Mug Adult Mug Gift,active,"<p>Our “Gold Record” design is a funny rude mug for people who like a laugh. It's a fun gift for birthdays, secret Santa and the office.</p>
<h2>Funny rude mug</h2>
<p>The slogan reads “Gold Record”, printed on an 11oz ceramic mug. Please note it's adult humour, so it's one for the grown-ups rather than the school run. It's the kind of present that quietly becomes their go-to cup.</p>
<h3>Why you'll love it</h3><ul><li>A slogan that gets a reaction</li><li>A wind-up gift for mates and colleagues</li><li>Printed by us in North Yorkshire using sublimation</li><li>Holds 11oz (approx. 325ml), the size most tea drinkers reach for</li><li>Fancy a tweak? We do custom designs on request, just ring 01439 771468</li><li>High-gloss ceramic finish and a C-handle that's easy to hold</li></ul>
<h3>Size &amp; details</h3><ul><li>Capacity: 11oz (approx. 325ml)</li><li>Material: white ceramic, C-handle, high-gloss finish</li><li>Printing: sublimation, done in-house in North Yorkshire</li><li>Care: dishwasher and microwave safe; avoid abrasive scourers</li><li>Packaging: protective packaging for UK delivery</li></ul>
<h3>Delivery</h3><p>Each mug is printed to order. Postage options and costs are shown at checkout.</p>
<p>A funny rude mug like this gets passed round the whole office.</p>",Title,Default Title,,,,,Foxy-Mug-X778
golfers-instructions-adult-mug,Golfers Instructions Mug Adult Mug Gift,active,"<p>Our “Golfers Instructions” design is a funny rude mug for people who like a laugh. It's a fun gift for birthdays, secret Santa and the office.</p>
<h2>Funny rude mug</h2>
<p>The slogan reads “Golfers Instructions”, printed on an 11oz ceramic mug. Please note it's adult humour, so it's one for the grown-ups rather than the school run. It looks just as at home on an office desk as it does by the kettle.</p>
<h3>Why you'll love it</h3><ul><li>Says what everyone's thinking</li><li>Great for birthdays and secret Santa</li><li>Happy in the dishwasher and the microwave, no special treatment needed</li><li>Glossy ceramic with a comfy C-handle</li><li>A proper 11oz (approx. 325ml) mug, so there's room for a decent brew</li><li>Custom designs on request: give us a call on 01439 771468</li></ul>
<h3>Size &amp; details</h3><ul><li>Capacity: 11oz (approx. 325ml)</li><li>Material: white ceramic, C-handle, high-gloss finish</li><li>Print: sublimation, printed in-house in North Yorkshire</li><li>Care: dishwasher and microwave safe (skip the abrasive scourers)</li><li>Packaging: protective packaging for UK delivery</li></ul>
<h3>Delivery</h3><p>Each mug is printed to order. Postage options and costs are shown at checkout.</p>
<p>Pair this funny rude mug with one of our cheeky cards for the full wind-up.</p>",Title,Default Title,,,,,Foxy-Mug-X779
hopeless-romantic-bitch-adult-mug,HOPELESS ROMANTIC BITCH Mug Adult Mug Gift,active,"<p>This funny rude mug says “Hopeless Romantic B*tch”, so you don't have to. It's a fun gift for birthdays, secret Santa and the office.</p>
<h2>Funny rude mug</h2>
<p>The slogan reads “Hopeless Romantic B*tch”, printed on an 11oz ceramic mug. Adult humour: this one's for grown-ups with a thick skin, not the kids' cupboard. It's guaranteed to get a reaction in the office kitchen. We print every order ourselves, so if you've a question just ring 01439 771468.</p>
<h3>Why you'll love it</h3><ul><li>Says what everyone's thinking</li><li>Great for birthdays and secret Santa</li><li>Custom designs on request: give us a call on 01439 771468</li><li>Dishwasher and microwave safe for real-life kitchens</li><li>Printed by us in North Yorkshire using sublimation</li><li>Classic C-handle shape with a shiny high-gloss finish</li></ul>
<h3>Size &amp; details</h3><ul><li>Capacity: 11oz (approx. 325ml)</li><li>Material: white ceramic, C-handle, high-gloss finish</li><li>Print: sublimation, printed in-house in North Yorkshire</li><li>Care: dishwasher and microwave safe (skip the abrasive scourers)</li><li>Packaging: protective packaging for UK delivery</li></ul>
<h3>Delivery</h3><p>Each mug is printed to order. Postage options and costs are shown at checkout.</p>
<p>Our funny rude mug makes secret Santa a lot more interesting.</p>",Title,Default Title,,,,,Foxy-Mug-X780
hopeless-romantic-slut-adult-mug,HOPELESS ROMANTIC SLUT Mug Adult Mug Gift,active,"<p>This funny rude mug says “Hopeless Romantic Sl*t”, so you don't have to. It's a fun gift for birthdays, secret Santa and the office.</p>
<h2>Funny rude mug</h2>
<p>The slogan reads “Hopeless Romantic Sl*t”, printed on an 11oz ceramic mug. Adult humour: this one's for grown-ups with a thick skin, not the kids' cupboard. Tea, coffee or hot chocolate: it isn't fussy. It's guaranteed to get a reaction in the office kitchen.</p>
<h3>Why you'll love it</h3><ul><li>Says what everyone's thinking</li><li>A wind-up gift for mates and colleagues</li><li>High-gloss ceramic finish and a C-handle that's easy to hold</li><li>Each one is printed to order, then packed carefully for the post</li><li>Printed by us in North Yorkshire using sublimation</li><li>A proper 11oz (approx. 325ml) mug, so there's room for a decent brew</li></ul>
<h3>Size &amp; details</h3><ul><li>Capacity: 11oz (approx. 325ml)</li><li>Material: white ceramic, C-handle, high-gloss finish</li><li>Printing: sublimation, done in-house in North Yorkshire</li><li>Care: dishwasher and microwave safe; avoid abrasive scourers</li><li>Packaging: protective packaging for UK delivery</li></ul>
<h3>Delivery</h3><p>Each mug is printed to order. Postage options and costs are shown at checkout.</p>
<p>Our funny rude mug makes secret Santa a lot more interesting.</p>",Title,Default Title,,,,,Foxy-Mug-X781
i-donut-give-a-shit-adult-mug,I Donut Give A Shit Mug Adult Mug Gift,active,"<p>Our “I Donut Give A Sh*t” design is a funny rude mug for people who like a laugh. It's a fun gift for birthdays, secret Santa and the office.</p>
<h2>Funny rude mug</h2>
<p>The slogan reads “I Donut Give A Sh*t”, printed on an 11oz ceramic mug. Adult humour: this one's for grown-ups with a thick skin, not the kids' cupboard. Expect a proper laugh when it's unwrapped.</p>
<h3>Why you'll love it</h3><ul><li>Says what everyone's thinking</li><li>A wind-up gift for mates and colleagues</li><li>Custom designs on request: give us a call on 01439 771468</li><li>Glossy ceramic with a comfy C-handle</li><li>Made in-house in North Yorkshire, not shipped in from overseas</li><li>Dishwasher and microwave safe, so it can go straight into daily use</li></ul>
<h3>Size &amp; details</h3><ul><li>Capacity: 11oz (approx. 325ml)</li><li>Material: white ceramic, C-handle, high-gloss finish</li><li>Printing: sublimation, done in-house in North Yorkshire</li><li>Care: dishwasher and microwave safe; avoid abrasive scourers</li><li>Packaging: protective packaging for UK delivery</li></ul>
<h3>Delivery</h3><p>Each mug is printed to order. Postage options and costs are shown at checkout.</p>
<p>Pair this funny rude mug with one of our cheeky cards for the full wind-up.</p>",Title,Default Title,,,,,Foxy-Mug-X782
im-trying-to-be-less-of-an-arsehole-adult-mug,IM TRYING TO BE LESS OF AN ARSEHOLE Mug Adult Mug Gift,active,"<p>This funny rude mug says “I'm Trying to Be Less of an Ars*hole”, so you don't have to. It's a fun gift for birthdays, secret Santa and the office.</p>
<h2>Funny rude mug</h2>
<p>The slogan reads “I'm Trying to Be Less of an Ars*hole”, printed on an 11oz ceramic mug. Please note it's adult humour, so it's one for the grown-ups rather than the school run.</p>
<h3>Why you'll love it</h3><ul><li>Says what everyone's thinking</li><li>Great for birthdays and secret Santa</li><li>Sent in protective packaging so it turns up in one piece</li><li>Printed by us in North Yorkshire using sublimation</li><li>11oz (approx. 325ml): big enough for a proper cuppa, not a thimble</li><li>Want something slightly different? Custom designs are available on request (01439 771468)</li></ul>
<h3>Size &amp; details</h3><ul><li>Capacity: 11oz (approx. 325ml)</li><li>Material: white ceramic, C-handle, high-gloss finish</li><li>Print: sublimation, printed in-house in North Yorkshire</li><li>Care: dishwasher and microwave safe (skip the abrasive scourers)</li><li>Packaging: protective packaging for UK delivery</li></ul>
<h3>Delivery</h3><p>Each mug is printed to order. Postage options and costs are shown at checkout.</p>
<p>A funny rude mug like this gets passed round the whole office.</p>",Title,Default Title,,,,,Foxy-Mug-X783
ive-met-some-pricks-in-my-time-adult-mug,Ive Met Some Pricks In My Time Mug Adult Mug Gift,active,"<p>This funny rude mug says “Ive Met Some Pr*cks In My Time”, so you don't have to. It's a fun gift for birthdays, secret Santa and the office.</p>
<h2>Funny rude mug</h2>
<p>The slogan reads “Ive Met Some Pr*cks In My Time”, printed on an 11oz ceramic mug. Please note it's adult humour, so it's one for the grown-ups rather than the school run. It looks just as at home on an office desk as it does by the kettle.</p>
<h3>Why you'll love it</h3><ul><li>A slogan that gets a reaction</li><li>Great for birthdays and secret Santa</li><li>Glossy ceramic with a comfy C-handle</li><li>Sent in protective packaging so it turns up in one piece</li><li>Dishwasher and microwave safe for real-life kitchens</li><li>Made in-house in North Yorkshire, not shipped in from overseas</li></ul>
<h3>Size &amp; details</h3><ul><li>Capacity: 11oz (approx. 325ml)</li><li>Material: white ceramic, C-handle, high-gloss finish</li><li>Print: sublimation, printed in-house in North Yorkshire</li><li>Care: dishwasher and microwave safe (skip the abrasive scourers)</li><li>Packaging: protective packaging for UK delivery</li></ul>
<h3>Delivery</h3><p>Each mug is printed to order. Postage options and costs are shown at checkout.</p>
<p>Pair this funny rude mug with one of our cheeky cards for the full wind-up.</p>",Title,Default Title,,,,,Foxy-Mug-X784
love-is-like-a-fart-probably-gonna-be-shit-adult-mug,LOVE IS LIKE A FART PROBABLY GONNA BE SHIT Mug Adult Mug Gift,active,"<p>This funny rude mug says “Love Is Like a Fart Probably Gonna Be Sh*t”, so you don't have to. It's a fun gift for birthdays, secret Santa and the office.</p>
<h2>Funny rude mug</h2>
<p>The slogan reads “Love Is Like a Fart Probably Gonna Be Sh*t”, printed on an 11oz ceramic mug. Strictly adult humour, best given to someone who'll laugh rather than clutch their pearls.</p>
<h3>Why you'll love it</h3><ul><li>A slogan that gets a reaction</li><li>Great for birthdays and secret Santa</li><li>Each one is printed to order, then packed carefully for the post</li><li>Sublimation printed in-house in North Yorkshire</li><li>11oz (approx. 325ml): big enough for a proper cuppa, not a thimble</li><li>Want something slightly different? Custom designs are available on request (01439 771468)</li></ul>
<h3>Size &amp; details</h3><ul><li>Capacity: 11oz (approx. 325ml)</li><li>Material: white ceramic, C-handle, high-gloss finish</li><li>Printing: sublimation, done in-house in North Yorkshire</li><li>Care: dishwasher and microwave safe (skip the abrasive scourers)</li><li>Packaging: protective packaging for UK delivery</li></ul>
<h3>Delivery</h3><p>Each mug is printed to order. Postage options and costs are shown at checkout.</p>
<p>Pair this funny rude mug with one of our cheeky cards for the full wind-up.</p>",Title,Default Title,,,,,Foxy-Mug-X785
milf-mug-id-like-to-fill-adult-mug,Milf Mug Id Like To Fill Mug Adult Mug Gift,active,"<p>Our “M*lf Mug Id Like To Fill” design is a funny rude mug for people who like a laugh. It's a fun gift for birthdays, secret Santa and the office.</p>
<h2>Funny rude mug</h2>
<p>The slogan reads “M*lf Mug Id Like To Fill”, printed on an 11oz ceramic mug. Strictly adult humour, best given to someone who'll laugh rather than clutch their pearls. It's guaranteed to get a reaction in the office kitchen.</p>
<h3>Why you'll love it</h3><ul><li>Says what everyone's thinking</li><li>A wind-up gift for mates and colleagues</li><li>Printed by us in North Yorkshire using sublimation</li><li>Dishwasher and microwave safe for real-life kitchens</li><li>Printed to order and packed in protective packaging for UK delivery</li><li>Classic C-handle shape with a shiny high-gloss finish</li></ul>
<h3>Size &amp; details</h3><ul><li>Capacity: 11oz (approx. 325ml)</li><li>Material: white ceramic, C-handle, high-gloss finish</li><li>Print: sublimation, printed in-house in North Yorkshire</li><li>Care: dishwasher and microwave safe (skip the abrasive scourers)</li><li>Packaging: protective packaging for UK delivery</li></ul>
<h3>Delivery</h3><p>Each mug is printed to order. Postage options and costs are shown at checkout.</p>
<p>Pair this funny rude mug with one of our cheeky cards for the full wind-up.</p>",Title,Default Title,,,,,Foxy-Mug-X786
milk-and-cookies-bacon-adult-mug,MILK AND COOKIES !!! Bacon !!! Mug Adult Mug Gift,active,"<p>This funny rude mug says “Milk and Cookies !!! Bacon !!!”, so you don't have to. It's a fun gift for birthdays, secret Santa and the office.</p>
<h2>Funny rude mug</h2>
<p>The slogan reads “Milk and Cookies !!! Bacon !!!”, printed on an 11oz ceramic mug. A heads-up: it's adult humour, so keep it for the grown-ups who'll find it funny.</p>
<h3>Why you'll love it</h3><ul><li>A slogan that gets a reaction</li><li>A wind-up gift for mates and colleagues</li><li>Fancy a tweak? We do custom designs on request, just ring 01439 771468</li><li>High-gloss ceramic finish and a C-handle that's easy to hold</li><li>Holds 11oz (approx. 325ml), the size most tea drinkers reach for</li><li>Each one is printed to order, then packed carefully for the post</li></ul>
<h3>Size &amp; details</h3><ul><li>Capacity: 11oz (approx. 325ml)</li><li>Material: white ceramic, C-handle, high-gloss finish</li><li>Print: sublimation, printed in-house in North Yorkshire</li><li>Care: dishwasher and microwave safe (skip the abrasive scourers)</li><li>Packaging: protective packaging for UK delivery</li></ul>
<h3>Delivery</h3><p>Each mug is printed to order. Postage options and costs are shown at checkout.</p>
<p>Our funny rude mug makes secret Santa a lot more interesting.</p>",Title,Default Title,,,,,Foxy-Mug-X787
milk-and-cookies-cookies-adult-mug,MILK AND COOKIES !!! COOKIES !!! Mug Adult Mug Gift,active,"<p>This funny rude mug says “Milk and Cookies !!! Cookies !!!”, so you don't have to. It's a fun gift for birthdays, secret Santa and the office.</p>
<h2>Funny rude mug</h2>
<p>The slogan reads “Milk and Cookies !!! Cookies !!!”, printed on an 11oz ceramic mug. Adult humour: this one's for grown-ups with a thick skin, not the kids' cupboard. Tea, coffee or hot chocolate: it isn't fussy.</p>
<h3>Why you'll love it</h3><ul><li>A slogan that gets a reaction</li><li>A wind-up gift for mates and colleagues</li><li>Sublimation printed in-house in North Yorkshire</li><li>Custom designs on request: give us a call on 01439 771468</li><li>Holds 11oz (approx. 325ml), the size most tea drinkers reach for</li><li>Classic C-handle shape with a shiny high-gloss finish</li></ul>
<h3>Size &amp; details</h3><ul><li>Capacity: 11oz (approx. 325ml)</li><li>Material: white ceramic, C-handle, high-gloss finish</li><li>Print: sublimation, printed in-house in North Yorkshire</li><li>Care: dishwasher and microwave safe (skip the abrasive scourers)</li><li>Packaging: protective packaging for UK delivery</li></ul>
<h3>Delivery</h3><p>Each mug is printed to order. Postage options and costs are shown at checkout.</p>
<p>A funny rude mug like this gets passed round the whole office.</p>",Title,Default Title,,,,,Foxy-Mug-X788
milk-and-cookies-cookies-adult-mug-1,MILK AND COOKIES !!! COOKIES !!! Mug Adult Mug Gift,active,"<p>This funny rude mug says “Milk and Cookies !!! Cookies !!!”, so you don't have to. It's a fun gift for birthdays, secret Santa and the office.</p>
<h2>Funny rude mug</h2>
<p>The slogan reads “Milk and Cookies !!! Cookies !!!”, printed on an 11oz ceramic mug. A heads-up: it's adult humour, so keep it for the grown-ups who'll find it funny.</p>
<h3>Why you'll love it</h3><ul><li>A slogan that gets a reaction</li><li>Great for birthdays and secret Santa</li><li>High-gloss ceramic finish and a C-handle that's easy to hold</li><li>Made in-house in North Yorkshire, not shipped in from overseas</li><li>Holds 11oz (approx. 325ml), the size most tea drinkers reach for</li><li>Printed to order and packed in protective packaging for UK delivery</li></ul>
<h3>Size &amp; details</h3><ul><li>Capacity: 11oz (approx. 325ml)</li><li>Material: white ceramic, C-handle, high-gloss finish</li><li>Print: sublimation, printed in-house in North Yorkshire</li><li>Care: dishwasher and microwave safe (skip the abrasive scourers)</li><li>Packaging: protective packaging for UK delivery</li></ul>
<h3>Delivery</h3><p>Each mug is printed to order. Postage options and costs are shown at checkout.</p>
<p>Pair this funny rude mug with one of our cheeky cards for the full wind-up.</p>",Title,Default Title,,,,,Foxy-Mug-X789
milk-and-cookies-cookies-adult-mug-2,MILK AND COOKIES !!! COOKIES !!! Mug Adult Mug Gift,active,"<p>This funny rude mug says “Milk and Cookies !!! Cookies !!!”, so you don't have to. It's a fun gift for birthdays, secret Santa and the office.</p>
<h2>Funny rude mug</h2>
<p>The slogan reads “Milk and Cookies !!! Cookies !!!”, printed on an 11oz ceramic mug. Adult humour: this one's for grown-ups with a thick skin, not the kids' cupboard. Tea, coffee or hot chocolate: it isn't fussy.</p>
<h3>Why you'll love it</h3><ul><li>Says what everyone's thinking</li><li>Great for birthdays and secret Santa</li><li>Glossy ceramic with a comfy C-handle</li><li>11oz (approx. 325ml): big enough for a proper cuppa, not a thimble</li><li>Dishwasher and microwave safe, so it can go straight into daily use</li><li>Want something slightly different? Custom designs are available on request (01439 771468)</li></ul>
<h3>Size &amp; details</h3><ul><li>Capacity: 11oz (approx. 325ml)</li><li>Material: white ceramic, C-handle, high-gloss finish</li><li>Print: sublimation, printed in-house in North Yorkshire</li><li>Care: dishwasher and microwave safe; avoid abrasive scourers</li><li>Packaging: protective packaging for UK delivery</li></ul>
<h3>Delivery</h3><p>Each mug is printed to order. Postage options and costs are shown at checkout.</p>
<p>Pair this funny rude mug with one of our cheeky cards for the full wind-up.</p>",Title,Default Title,,,,,Foxy-Mug-X790
milk-and-cookies-milk-adult-mug,MILK AND COOKIES !!! MILK !!! Mug Adult Mug Gift,active,"<p>This funny rude mug says “Milk and Cookies !!! Milk !!!”, so you don't have to. It's a fun gift for birthdays, secret Santa and the office.</p>
<h2>Funny rude mug</h2>
<p>The slogan reads “Milk and Cookies !!! Milk !!!”, printed on an 11oz ceramic mug. A heads-up: it's adult humour, so keep it for the grown-ups who'll find it funny. It's the kind of present that quietly becomes their go-to cup.</p>
<h3>Why you'll love it</h3><ul><li>Says what everyone's thinking</li><li>A wind-up gift for mates and colleagues</li><li>Sublimation printed in-house in North Yorkshire</li><li>Want something slightly different? Custom designs are available on request (01439 771468)</li><li>Happy in the dishwasher and the microwave, no special treatment needed</li><li>High-gloss ceramic finish and a C-handle that's easy to hold</li></ul>
<h3>Size &amp; details</h3><ul><li>Capacity: 11oz (approx. 325ml)</li><li>Material: white ceramic, C-handle, high-gloss finish</li><li>Print: sublimation, printed in-house in North Yorkshire</li><li>Care: dishwasher and microwave safe; avoid abrasive scourers</li><li>Packaging: protective packaging for UK delivery</li></ul>
<h3>Delivery</h3><p>Each mug is printed to order. Postage options and costs are shown at checkout.</p>
<p>A funny rude mug like this gets passed round the whole office.</p>",Title,Default Title,,,,,Foxy-Mug-X791
nobody-knows-im-gay-adult-mug,Nobody Knows I'm Gay Mug Adult Mug Gift,active,"<p>Our “Nobody Knows I'm Gay” design is a funny rude mug for people who like a laugh. It's a fun gift for birthdays, secret Santa and the office.</p>
<h2>Funny rude mug</h2>
<p>The slogan reads “Nobody Knows I'm Gay”, printed on an 11oz ceramic mug. Adult humour: this one's for grown-ups with a thick skin, not the kids' cupboard. If you're stuck for a present, a mug is one of those gifts that actually gets used.</p>
<h3>Why you'll love it</h3><ul><li>A slogan that gets a reaction</li><li>Great for birthdays and secret Santa</li><li>A proper 11oz (approx. 325ml) mug, so there's room for a decent brew</li><li>Classic C-handle shape with a shiny high-gloss finish</li><li>Printed by us in North Yorkshire using sublimation</li><li>Each one is printed to order, then packed carefully for the post</li></ul>
<h3>Size &amp; details</h3><ul><li>Capacity: 11oz (approx. 325ml)</li><li>Material: white ceramic, C-handle, high-gloss finish</li><li>Print: sublimation, printed in-house in North Yorkshire</li><li>Care: dishwasher and microwave safe (skip the abrasive scourers)</li><li>Packaging: protective packaging for UK delivery</li></ul>
<h3>Delivery</h3><p>Each mug is printed to order. Postage options and costs are shown at checkout.</p>
<p>Our funny rude mug makes secret Santa a lot more interesting.</p>",Title,Default Title,,,,,Foxy-Mug-X792
pot-head-mug-adult-mug,Pot Head Mug Mug Adult Mug Gift,active,"<p>Our “Pot Head” design is a funny rude mug for people who like a laugh. It's a fun gift for birthdays, secret Santa and the office.</p>
<h2>Funny rude mug</h2>
<p>The slogan reads “Pot Head”, printed on an 11oz ceramic mug. Please note it's adult humour, so it's one for the grown-ups rather than the school run. If you're stuck for a present, a mug is one of those gifts that actually gets used.</p>
<h3>Why you'll love it</h3><ul><li>A slogan that gets a reaction</li><li>A wind-up gift for mates and colleagues</li><li>Made in-house in North Yorkshire, not shipped in from overseas</li><li>Holds 11oz (approx. 325ml), the size most tea drinkers reach for</li><li>Glossy ceramic with a comfy C-handle</li><li>Happy in the dishwasher and the microwave, no special treatment needed</li></ul>
<h3>Size &amp; details</h3><ul><li>Capacity: 11oz (approx. 325ml)</li><li>Material: white ceramic, C-handle, high-gloss finish</li><li>Print: sublimation, printed in-house in North Yorkshire</li><li>Care: dishwasher and microwave safe (skip the abrasive scourers)</li><li>Packaging: protective packaging for UK delivery</li></ul>
<h3>Delivery</h3><p>Each mug is printed to order. Postage options and costs are shown at checkout.</p>
<p>Pair this funny rude mug with one of our cheeky cards for the full wind-up.</p>",Title,Default Title,,,,,Foxy-Mug-X793
red-light-district-adult-mug,RED LIGHT DISTRICT Mug Adult Mug Gift,active,"<p>Our “Red Light District” design is a funny rude mug for people who like a laugh. It's a fun gift for birthdays, secret Santa and the office.</p>
<h2>Funny rude mug</h2>
<p>The slogan reads “Red Light District”, printed on an 11oz ceramic mug. Please note it's adult humour, so it's one for the grown-ups rather than the school run. It looks just as at home on an office desk as it does by the kettle.</p>
<h3>Why you'll love it</h3><ul><li>Says what everyone's thinking</li><li>Great for birthdays and secret Santa</li><li>Sublimation printed in-house in North Yorkshire</li><li>Each one is printed to order, then packed carefully for the post</li><li>Happy in the dishwasher and the microwave, no special treatment needed</li><li>Custom designs on request: give us a call on 01439 771468</li></ul>
<h3>Size &amp; details</h3><ul><li>Capacity: 11oz (approx. 325ml)</li><li>Material: white ceramic, C-handle, high-gloss finish</li><li>Printing: sublimation, done in-house in North Yorkshire</li><li>Care: dishwasher and microwave safe (skip the abrasive scourers)</li><li>Packaging: protective packaging for UK delivery</li></ul>
<h3>Delivery</h3><p>Each mug is printed to order. Postage options and costs are shown at checkout.</p>
<p>A funny rude mug like this gets passed round the whole office.</p>",Title,Default Title,,,,,Foxy-Mug-X794
sharons-coffee-adult-mug,SHARON'S COFFEE Mug Adult Mug Gift,active,"<p>Our “Sharon's Coffee” design is a funny rude mug for people who like a laugh. It's a fun gift for birthdays, secret Santa and the office.</p>
<h2>Funny rude mug</h2>
<p>The slogan reads “Sharon's Coffee”, printed on an 11oz ceramic mug. To personalise it, send us the name with your order (or call 01439 771468) and we'll set it into the design. Please note it's adult humour, so it's one for the grown-ups rather than the school run.</p>
<h3>Why you'll love it</h3><ul><li>A slogan that gets a reaction</li><li>Great for birthdays and secret Santa</li><li>Each one is printed to order, then packed carefully for the post</li><li>High-gloss ceramic finish and a C-handle that's easy to hold</li><li>Dishwasher and microwave safe, so it can go straight into daily use</li><li>Made in-house in North Yorkshire, not shipped in from overseas</li></ul>
<h3>Size &amp; details</h3><ul><li>Capacity: 11oz (approx. 325ml)</li><li>Material: white ceramic, C-handle, high-gloss finish</li><li>Print: sublimation, printed in-house in North Yorkshire</li><li>Care: dishwasher and microwave safe; avoid abrasive scourers</li><li>Packaging: protective packaging for UK delivery</li><li>Personalisation: name, printed as part of the design</li></ul>
<h3>Delivery</h3><p>Each mug is printed to order. Postage options and costs are shown at checkout.</p>
<p>Our funny rude mug makes secret Santa a lot more interesting.</p>",Title,Default Title,,,,,Foxy-Mug-X795
shauns-cuppa-adult-mug,Shauns Cuppa Mug Adult Mug Gift,active,"<p>This funny rude mug says “Shauns Cuppa”, so you don't have to. It's a fun gift for birthdays, secret Santa and the office.</p>
<h2>Funny rude mug</h2>
<p>The slogan reads “Shauns Cuppa”, printed on an 11oz ceramic mug. It's personalised, so just let us know the name you'd like when you order (or ring us on 01439 771468) and we'll print it for you. Strictly adult humour, best given to someone who'll laugh rather than clutch their pearls.</p>
<h3>Why you'll love it</h3><ul><li>Says what everyone's thinking</li><li>Great for birthdays and secret Santa</li><li>Classic C-handle shape with a shiny high-gloss finish</li><li>Made in-house in North Yorkshire, not shipped in from overseas</li><li>Dishwasher and microwave safe for real-life kitchens</li><li>Holds 11oz (approx. 325ml), the size most tea drinkers reach for</li></ul>
<h3>Size &amp; details</h3><ul><li>Capacity: 11oz (approx. 325ml)</li><li>Material: white ceramic, C-handle, high-gloss finish</li><li>Print: sublimation, printed in-house in North Yorkshire</li><li>Care: dishwasher and microwave safe (skip the abrasive scourers)</li><li>Packaging: protective packaging for UK delivery</li><li>Personalisation: name, printed as part of the design</li></ul>
<h3>Delivery</h3><p>Each mug is printed to order. Postage options and costs are shown at checkout.</p>
<p>Our funny rude mug makes secret Santa a lot more interesting.</p>",Title,Default Title,,,,,Foxy-Mug-X796
someone-call-a-vet-these-swans-are-sick-adult-mug,SOMEONE CALL A VET THESE SWANS ARE SICK Mug Adult Mug Gift,active,"<p>This funny rude mug says “Someone Call a Vet These Swans Are Sick”, so you don't have to. It's a fun gift for birthdays, secret Santa and the office.</p>
<h2>Funny rude mug</h2>
<p>The slogan reads “Someone Call a Vet These Swans Are Sick”, printed on an 11oz ceramic mug. A heads-up: it's adult humour, so keep it for the grown-ups who'll find it funny.</p>
<h3>Why you'll love it</h3><ul><li>A slogan that gets a reaction</li><li>Great for birthdays and secret Santa</li><li>Printed to order and packed in protective packaging for UK delivery</li><li>Holds 11oz (approx. 325ml), the size most tea drinkers reach for</li><li>Fancy a tweak? We do custom designs on request, just ring 01439 771468</li><li>High-gloss ceramic finish and a C-handle that's easy to hold</li></ul>
<h3>Size &amp; details</h3><ul><li>Capacity: 11oz (approx. 325ml)</li><li>Material: white ceramic, C-handle, high-gloss finish</li><li>Printing: sublimation, done in-house in North Yorkshire</li><li>Care: dishwasher and microwave safe (skip the abrasive scourers)</li><li>Packaging: protective packaging for UK delivery</li></ul>
<h3>Delivery</h3><p>Each mug is printed to order. Postage options and costs are shown at checkout.</p>
<p>A funny rude mug like this gets passed round the whole office.</p>",Title,Default Title,,,,,Foxy-Mug-X797
someone-out-there-loves-you-adult-mug,Someone Out There Loves You Mug Adult Mug Gift,active,"<p>Our “Someone Out There Loves You” design is a funny rude mug for people who like a laugh. It's a fun gift for birthdays, secret Santa and the office.</p>
<h2>Funny rude mug</h2>
<p>The slogan reads “Someone Out There Loves You”, printed on an 11oz ceramic mug. Adult humour: this one's for grown-ups with a thick skin, not the kids' cupboard. It's the kind of present that quietly becomes their go-to cup.</p>
<h3>Why you'll love it</h3><ul><li>A slogan that gets a reaction</li><li>Great for birthdays and secret Santa</li><li>Happy in the dishwasher and the microwave, no special treatment needed</li><li>Each one is printed to order, then packed carefully for the post</li><li>Classic C-handle shape with a shiny high-gloss finish</li><li>A proper 11oz (approx. 325ml) mug, so there's room for a decent brew</li></ul>
<h3>Size &amp; details</h3><ul><li>Capacity: 11oz (approx. 325ml)</li><li>Material: white ceramic, C-handle, high-gloss finish</li><li>Printing: sublimation, done in-house in North Yorkshire</li><li>Care: dishwasher and microwave safe; avoid abrasive scourers</li><li>Packaging: protective packaging for UK delivery</li></ul>
<h3>Delivery</h3><p>Each mug is printed to order. Postage options and costs are shown at checkout.</p>
<p>A funny rude mug like this gets passed round the whole office.</p>",Title,Default Title,,,,,Foxy-Mug-X798
when-ive-drunk-my-coffee-adult-mug,WHEN IVE DRUNK MY COFFEE Mug Adult Mug Gift,active,"<p>Our “When Ive Drunk my Coffee” design is a funny rude mug for people who like a laugh. It's a fun gift for birthdays, secret Santa and the office.</p>
<h2>Funny rude mug</h2>
<p>The slogan reads “When Ive Drunk my Coffee”, printed on an 11oz ceramic mug. Strictly adult humour, best given to someone who'll laugh rather than clutch their pearls. Expect a proper laugh when it's unwrapped.</p>
<h3>Why you'll love it</h3><ul><li>A slogan that gets a reaction</li><li>Great for birthdays and secret Santa</li><li>Custom designs on request: give us a call on 01439 771468</li><li>Each one is printed to order, then packed carefully for the post</li><li>Sublimation printed in-house in North Yorkshire</li><li>Holds 11oz (approx. 325ml), the size most tea drinkers reach for</li></ul>
<h3>Size &amp; details</h3><ul><li>Capacity: 11oz (approx. 325ml)</li><li>Material: white ceramic, C-handle, high-gloss finish</li><li>Printing: sublimation, done in-house in North Yorkshire</li><li>Care: dishwasher and microwave safe; avoid abrasive scourers</li><li>Packaging: protective packaging for UK delivery</li></ul>
<h3>Delivery</h3><p>Each mug is printed to order. Postage options and costs are shown at checkout.</p>
<p>Our funny rude mug makes secret Santa a lot more interesting.</p>",Title,Default Title,,,,,Foxy-Mug-X799
when-ive-drunk-my-tea-adult-mug,WHEN IVE DRUNK MY TEA Mug Adult Mug Gift,active,"<p>This funny rude mug says “When Ive Drunk my Tea”, so you don't have to. It's a fun gift for birthdays, secret Santa and the office.</p>
<h2>Funny rude mug</h2>
<p>The slogan reads “When Ive Drunk my Tea”, printed on an 11oz ceramic mug. Adult humour: this one's for grown-ups with a thick skin, not the kids' cupboard. We print every order ourselves, so if you've a question just ring 01439 771468.</p>
<h3>Why you'll love it</h3><ul><li>Says what everyone's thinking</li><li>Great for birthdays and secret Santa</li><li>Dishwasher and microwave safe, so it can go straight into daily use</li><li>Want something slightly different? Custom designs are available on request (01439 771468)</li><li>Holds 11oz (approx. 325ml), the size most tea drinkers reach for</li><li>Glossy ceramic with a comfy C-handle</li></ul>
<h3>Size &amp; details</h3><ul><li>Capacity: 11oz (approx. 325ml)</li><li>Material: white ceramic, C-handle, high-gloss finish</li><li>Printing: sublimation, done in-house in North Yorkshire</li><li>Care: dishwasher and microwave safe; avoid abrasive scourers</li><li>Packaging: protective packaging for UK delivery</li></ul>
<h3>Delivery</h3><p>Each mug is printed to order. Postage options and costs are shown at checkout.</p>
<p>A funny rude mug like this gets passed round the whole office.</p>",Title,Default Title,,,,,Foxy-Mug-X800
you-can-take-your-birthday-and-shove-it-up-your-arse-adult-mug,YOU CAN TAKE YOUR BIRTHDAY AND SHOVE IT UP YOUR ARSE Mug Adult Mug Gift,active,"<p>Our “You Can Take Your Birthday and Shove It Up Your Ars*” design is a funny rude mug for people who like a laugh. It's a fun gift for birthdays, secret Santa and the office.</p>
<h2>Funny rude mug</h2>
<p>The slogan reads “You Can Take Your Birthday and Shove It Up Your Ars*”, printed on an 11oz ceramic mug. A heads-up: it's adult humour, so keep it for the grown-ups who'll find it funny.</p>
<h3>Why you'll love it</h3><ul><li>Says what everyone's thinking</li><li>A wind-up gift for mates and colleagues</li><li>Sublimation printed in-house in North Yorkshire</li><li>Holds 11oz (approx. 325ml), the size most tea drinkers reach for</li><li>Dishwasher and microwave safe, so it can go straight into daily use</li><li>Each one is printed to order, then packed carefully for the post</li></ul>
<h3>Size &amp; details</h3><ul><li>Capacity: 11oz (approx. 325ml)</li><li>Material: white ceramic, C-handle, high-gloss finish</li><li>Printing: sublimation, done in-house in North Yorkshire</li><li>Care: dishwasher and microwave safe (skip the abrasive scourers)</li><li>Packaging: protective packaging for UK delivery</li></ul>
<h3>Delivery</h3><p>Each mug is printed to order. Postage options and costs are shown at checkout.</p>
<p>A funny rude mug like this gets passed round the whole office.</p>",Title,Default Title,,,,,Foxy-Mug-X801
you-can-take-your-christmas-and-shove-it-up-your-arse-adult-mug,YOU CAN TAKE YOUR CHRISTMAS AND SHOVE IT UP YOUR ARSE Mug Adult Mug Gift,active,"<p>This funny rude mug says “You Can Take Your Christmas and Shove It Up Your Ars*”, so you don't have to. It's a fun gift for birthdays, secret Santa and the office.</p>
<h2>Funny rude mug</h2>
<p>The slogan reads “You Can Take Your Christmas and Shove It Up Your Ars*”, printed on an 11oz ceramic mug. A heads-up: it's adult humour, so keep it for the grown-ups who'll find it funny. It's a small gift that gets a smile every single morning.</p>
<h3>Why you'll love it</h3><ul><li>A slogan that gets a reaction</li><li>Great for birthdays and secret Santa</li><li>Printed to order and packed in protective packaging for UK delivery</li><li>Sublimation printed in-house in North Yorkshire</li><li>Custom designs on request: give us a call on 01439 771468</li><li>Glossy ceramic with a comfy C-handle</li></ul>
<h3>Size &amp; details</h3><ul><li>Capacity: 11oz (approx. 325ml)</li><li>Material: white ceramic, C-handle, high-gloss finish</li><li>Print: sublimation, printed in-house in North Yorkshire</li><li>Care: dishwasher and microwave safe (skip the abrasive scourers)</li><li>Packaging: protective packaging for UK delivery</li></ul>
<h3>Delivery</h3><p>Each mug is printed to order. Postage options and costs are shown at checkout.</p>
<p>Our funny rude mug makes secret Santa a lot more interesting.</p>",Title,Default Title,,,,,Foxy-Mug-X802
you-can-take-your-gift-and-shove-it-up-your-arse-adult-mug,YOU CAN TAKE YOUR GIFT AND SHOVE IT UP YOUR ARSE Mug Adult Mug Gift,active,"<p>This funny rude mug says “You Can Take Your Gift and Shove It Up Your Ars*”, so you don't have to. It's a fun gift for birthdays, secret Santa and the office.</p>
<h2>Funny rude mug</h2>
<p>The slogan reads “You Can Take Your Gift and Shove It Up Your Ars*”, printed on an 11oz ceramic mug. A heads-up: it's adult humour, so keep it for the grown-ups who'll find it funny.</p>
<h3>Why you'll love it</h3><ul><li>Says what everyone's thinking</li><li>A wind-up gift for mates and colleagues</li><li>A proper 11oz (approx. 325ml) mug, so there's room for a decent brew</li><li>Happy in the dishwasher and the microwave, no special treatment needed</li><li>Fancy a tweak? We do custom designs on request, just ring 01439 771468</li><li>Glossy ceramic with a comfy C-handle</li></ul>
<h3>Size &amp; details</h3><ul><li>Capacity: 11oz (approx. 325ml)</li><li>Material: white ceramic, C-handle, high-gloss finish</li><li>Print: sublimation, printed in-house in North Yorkshire</li><li>Care: dishwasher and microwave safe (skip the abrasive scourers)</li><li>Packaging: protective packaging for UK delivery</li></ul>
<h3>Delivery</h3><p>Each mug is printed to order. Postage options and costs are shown at checkout.</p>
<p>Our funny rude mug makes secret Santa a lot more interesting.</p>",Title,Default Title,,,,,Foxy-Mug-X803
you-can-take-your-wedding-and-shove-it-up-your-arse-adult-mug,YOU CAN TAKE YOUR WEDDING AND SHOVE IT UP YOUR ARSE Adult Mug,active,"<p>This funny rude mug says “You Can Take Your Wedding and Shove It Up Your Ars*”, so you don't have to. It's a fun gift for birthdays, secret Santa and the office.</p>
<h2>Funny rude mug</h2>
<p>The slogan reads “You Can Take Your Wedding and Shove It Up Your Ars*”, printed on an 11oz ceramic mug. Please note it's adult humour, so it's one for the grown-ups rather than the school run.</p>
<h3>Why you'll love it</h3><ul><li>Says what everyone's thinking</li><li>Great for birthdays and secret Santa</li><li>Dishwasher and microwave safe, so it can go straight into daily use</li><li>Printed to order and packed in protective packaging for UK delivery</li><li>Classic C-handle shape with a shiny high-gloss finish</li><li>A proper 11oz (approx. 325ml) mug, so there's room for a decent brew</li></ul>
<h3>Size &amp; details</h3><ul><li>Capacity: 11oz (approx. 325ml)</li><li>Material: white ceramic, C-handle, high-gloss finish</li><li>Printing: sublimation, done in-house in North Yorkshire</li><li>Care: dishwasher and microwave safe; avoid abrasive scourers</li><li>Packaging: protective packaging for UK delivery</li></ul>
<h3>Delivery</h3><p>Each mug is printed to order. Postage options and costs are shown at checkout.</p>
<p>Pair this funny rude mug with one of our cheeky cards for the full wind-up.</p>",Title,Default Title,,,,,Foxy-Mug-X805
thank-god-for-pornhub-adult-mug-1,THANK GOD FOR Pornhub Adult Mug,active,"<p>This funny rude mug says “Thank God for P*rnhub”, so you don't have to. It's a fun gift for birthdays, secret Santa and the office.</p>
<h2>Funny rude mug</h2>
<p>The slogan reads “Thank God for P*rnhub”, printed on an 11oz ceramic mug. Strictly adult humour, best given to someone who'll laugh rather than clutch their pearls. We print every order ourselves, so if you've a question just ring 01439 771468.</p>
<h3>Why you'll love it</h3><ul><li>A slogan that gets a reaction</li><li>A wind-up gift for mates and colleagues</li><li>Printed to order and packed in protective packaging for UK delivery</li><li>Sublimation printed in-house in North Yorkshire</li><li>Custom designs on request: give us a call on 01439 771468</li><li>Happy in the dishwasher and the microwave, no special treatment needed</li></ul>
<h3>Size &amp; details</h3><ul><li>Capacity: 11oz (approx. 325ml)</li><li>Material: white ceramic, C-handle, high-gloss finish</li><li>Printing: sublimation, done in-house in North Yorkshire</li><li>Care: dishwasher and microwave safe (skip the abrasive scourers)</li><li>Packaging: protective packaging for UK delivery</li></ul>
<h3>Delivery</h3><p>Each mug is printed to order. Postage options and costs are shown at checkout.</p>
<p>Pair this funny rude mug with one of our cheeky cards for the full wind-up.</p>
<h3>Please note</h3><p class=""disclaimer"">This is an unofficial product made by Foxy Printing. It is not made, endorsed or approved by Pornhub. Pornhub is a trademark of its owner and is used only to describe the design theme.</p>",Title,Default Title,,,,,FOXY-MUG-3760
ive-met-some-pricks-in-my-time-adult-mug-1,I've Met Some Pricks In My Time Adult Mug,active,"<p>Our “I've Met Some Pr*cks In My Time” design is a funny rude mug for people who like a laugh. It's a fun gift for birthdays, secret Santa and the office.</p>
<h2>Funny rude mug</h2>
<p>The slogan reads “I've Met Some Pr*cks In My Time”, printed on an 11oz ceramic mug. Strictly adult humour, best given to someone who'll laugh rather than clutch their pearls. It's a small gift that gets a smile every single morning.</p>
<h3>Why you'll love it</h3><ul><li>A slogan that gets a reaction</li><li>Great for birthdays and secret Santa</li><li>11oz (approx. 325ml): big enough for a proper cuppa, not a thimble</li><li>Custom designs on request: give us a call on 01439 771468</li><li>Printed to order and packed in protective packaging for UK delivery</li><li>Dishwasher and microwave safe for real-life kitchens</li></ul>
<h3>Size &amp; details</h3><ul><li>Capacity: 11oz (approx. 325ml)</li><li>Material: white ceramic, C-handle, high-gloss finish</li><li>Print: sublimation, printed in-house in North Yorkshire</li><li>Care: dishwasher and microwave safe; avoid abrasive scourers</li><li>Packaging: protective packaging for UK delivery</li></ul>
<h3>Delivery</h3><p>Each mug is printed to order. Postage options and costs are shown at checkout.</p>
<p>Our funny rude mug makes secret Santa a lot more interesting.</p>",Title,Default Title,,,,,FOXY-MUG-3761
better-to-have-loved-and-divorced-that-whore-adult-mug-1,Better To Have Loved And Divorced That WHORE - Adult Mug,active,"<p>Our “Better To Have Loved And Divorced That WH*RE” design is a funny rude mug for people who like a laugh. It's a fun gift for birthdays, secret Santa and the office.</p>
<h2>Funny rude mug</h2>
<p>The slogan reads “Better To Have Loved And Divorced That WH*RE”, printed on an 11oz ceramic mug. Please note it's adult humour, so it's one for the grown-ups rather than the school run.</p>
<h3>Why you'll love it</h3><ul><li>Says what everyone's thinking</li><li>Great for birthdays and secret Santa</li><li>Sent in protective packaging so it turns up in one piece</li><li>Sublimation printed in-house in North Yorkshire</li><li>Dishwasher and microwave safe, so it can go straight into daily use</li><li>Want something slightly different? Custom designs are available on request (01439 771468)</li></ul>
<h3>Size &amp; details</h3><ul><li>Capacity: 11oz (approx. 325ml)</li><li>Material: white ceramic, C-handle, high-gloss finish</li><li>Print: sublimation, printed in-house in North Yorkshire</li><li>Care: dishwasher and microwave safe; avoid abrasive scourers</li><li>Packaging: protective packaging for UK delivery</li></ul>
<h3>Delivery</h3><p>Each mug is printed to order. Postage options and costs are shown at checkout.</p>
<p>Pair this funny rude mug with one of our cheeky cards for the full wind-up.</p>",Title,Default Title,,,,,FOXY-MUG-BETTER-TO-HAVE-LOVED-AND-DIVORCED-TH
rude-swear-word-printed-mug-design-ar-ebadger-3-colours,Rude Swear Word Printed Mug Design - AR*EBADGER (3 Colours),active,"<p>This rude swear word mug has a creative insult on it: “AR*EBADGER”. It's a cheeky gift for mates, partners and work wind-ups.</p>
<h2>Rude swear word mug</h2>
<p>The design reads “AR*EBADGER”, with the rude bits starred out, printed on an 11oz ceramic mug. Please note it's adult humour, so it's one for the grown-ups rather than the school run.</p>
<h3>Why you'll love it</h3><ul><li>Creative swearing, starred out on the design</li><li>A guaranteed laugh for adults</li><li>Classic C-handle shape with a shiny high-gloss finish</li><li>Want something slightly different? Custom designs are available on request (01439 771468)</li><li>Dishwasher and microwave safe, so it can go straight into daily use</li><li>11oz (approx. 325ml): big enough for a proper cuppa, not a thimble</li></ul>
<h3>Size &amp; details</h3><ul><li>Capacity: 11oz (approx. 325ml)</li><li>Material: white ceramic, C-handle, high-gloss finish</li><li>Mug colour options: Full White, Red Handle or Black Handle</li><li>Print: sublimation, printed in-house in North Yorkshire</li><li>Care: dishwasher and microwave safe; avoid abrasive scourers</li><li>Packaging: protective packaging for UK delivery</li></ul>
<h3>Delivery</h3><p>Each mug is printed to order. Postage options and costs are shown at checkout.</p>
<p>Our rude swear word mug is a funny gift for grown-ups.</p>",Mug Colour,Full White,,,,,FOXY-MUG-RUDE-SWEAR-WORD-PRINTED-MUG-DESIGN-A-FULL-WHITE
rude-swear-word-printed-mug-design-ar-ebadger-3-colours,,,,Mug Colour,Red Handle,,,,,FOXY-MUG-RUDE-SWEAR-WORD-PRINTED-MUG-DESIGN-A-RED-HANDLE
rude-swear-word-printed-mug-design-ar-ebadger-3-colours,,,,Mug Colour,Black Handle,,,,,FOXY-MUG-RUDE-SWEAR-WORD-PRINTED-MUG-DESIGN-A-BLACK-HANDLE
rude-swear-word-printed-mug-design-ar-ebutter-3-colours-copy,Rude Swear Word Printed Mug Design - AR*EBUTTER (3 Colours),active,"<p>This rude swear word mug has a creative insult on it: “AR*EBUTTER”. It's a cheeky gift for mates, partners and work wind-ups.</p>
<h2>Rude swear word mug</h2>
<p>The design reads “AR*EBUTTER”, with the rude bits starred out, printed on an 11oz ceramic mug. Strictly adult humour, best given to someone who'll laugh rather than clutch their pearls.</p>
<h3>Why you'll love it</h3><ul><li>Creative swearing, starred out on the design</li><li>A guaranteed laugh for adults</li><li>Fancy a tweak? We do custom designs on request, just ring 01439 771468</li><li>Each one is printed to order, then packed carefully for the post</li><li>Printed by us in North Yorkshire using sublimation</li><li>Dishwasher and microwave safe, so it can go straight into daily use</li></ul>
<h3>Size &amp; details</h3><ul><li>Capacity: 11oz (approx. 325ml)</li><li>Material: white ceramic, C-handle, high-gloss finish</li><li>Mug colour options: Full White, Red Handle or Black Handle</li><li>Printing: sublimation, done in-house in North Yorkshire</li><li>Care: dishwasher and microwave safe (skip the abrasive scourers)</li><li>Packaging: protective packaging for UK delivery</li></ul>
<h3>Delivery</h3><p>Each mug is printed to order. Postage options and costs are shown at checkout.</p>
<p>Our rude swear word mug is a funny gift for grown-ups.</p>",Mug Colour,Full White,,,,,FOXY-MUG-RUDE-SWEAR-WORD-PRINTED-MUG-DESIGN-A-FULL-WHITE-2
rude-swear-word-printed-mug-design-ar-ebutter-3-colours-copy,,,,Mug Colour,Red Handle,,,,,FOXY-MUG-RUDE-SWEAR-WORD-PRINTED-MUG-DESIGN-A-RED-HANDLE-2
rude-swear-word-printed-mug-design-ar-ebutter-3-colours-copy,,,,Mug Colour,Black Handle,,,,,FOXY-MUG-RUDE-SWEAR-WORD-PRINTED-MUG-DESIGN-A-BLACK-HANDLE-2
rude-swear-word-printed-mug-design-ar-eclown-3-colours,Rude Swear Word Printed Mug Design - AR*ECLOWN (3 Colours),active,"<p>This rude swear word mug has a creative insult on it: “AR*ECLOWN”. It's a cheeky gift for mates, partners and work wind-ups.</p>
<h2>Rude swear word mug</h2>
<p>The design reads “AR*ECLOWN”, with the rude bits starred out, printed on an 11oz ceramic mug. Adult humour: this one's for grown-ups with a thick skin, not the kids' cupboard.</p>
<h3>Why you'll love it</h3><ul><li>Creative swearing, starred out on the design</li><li>A guaranteed laugh for adults</li><li>Dishwasher and microwave safe, so it can go straight into daily use</li><li>11oz (approx. 325ml): big enough for a proper cuppa, not a thimble</li><li>Made in-house in North Yorkshire, not shipped in from overseas</li><li>High-gloss ceramic finish and a C-handle that's easy to hold</li></ul>
<h3>Size &amp; details</h3><ul><li>Capacity: 11oz (approx. 325ml)</li><li>Material: white ceramic, C-handle, high-gloss finish</li><li>Mug colour options: Full White, Red Handle or Black Handle</li><li>Print: sublimation, printed in-house in North Yorkshire</li><li>Care: dishwasher and microwave safe (skip the abrasive scourers)</li><li>Packaging: protective packaging for UK delivery</li></ul>
<h3>Delivery</h3><p>Each mug is printed to order. Postage options and costs are shown at checkout.</p>
<p>Our rude swear word mug is a funny gift for grown-ups.</p>",Mug Colour,Full White,,,,,FOXY-MUG-RUDE-SWEAR-WORD-PRINTED-MUG-DESIGN-A-FULL-WHITE-3
rude-swear-word-printed-mug-design-ar-eclown-3-colours,,,,Mug Colour,Red Handle,,,,,FOXY-MUG-RUDE-SWEAR-WORD-PRINTED-MUG-DESIGN-A-RED-HANDLE-3
rude-swear-word-printed-mug-design-ar-eclown-3-colours,,,,Mug Colour,Black Handle,,,,,FOXY-MUG-RUDE-SWEAR-WORD-PRINTED-MUG-DESIGN-A-BLACK-HANDLE-3
rude-swear-word-printed-mug-design-ar-egoblin3-colours,Rude Swear Word Printed Mug Design - AR*EGOBLIN(3 Colours),active,"<p>This rude swear word mug has a creative insult on it: “AR*EGOBLIN”. It's a cheeky gift for mates, partners and work wind-ups.</p>
<h2>Rude swear word mug</h2>
<p>The design reads “AR*EGOBLIN”, with the rude bits starred out, printed on an 11oz ceramic mug. A heads-up: it's adult humour, so keep it for the grown-ups who'll find it funny.</p>
<h3>Why you'll love it</h3><ul><li>Creative swearing, starred out on the design</li><li>A guaranteed laugh for adults</li><li>High-gloss ceramic finish and a C-handle that's easy to hold</li><li>Each one is printed to order, then packed carefully for the post</li><li>Happy in the dishwasher and the microwave, no special treatment needed</li><li>Fancy a tweak? We do custom designs on request, just ring 01439 771468</li></ul>
<h3>Size &amp; details</h3><ul><li>Capacity: 11oz (approx. 325ml)</li><li>Material: white ceramic, C-handle, high-gloss finish</li><li>Mug colour options: Full White, Red Handle or Black Handle</li><li>Printing: sublimation, done in-house in North Yorkshire</li><li>Care: dishwasher and microwave safe; avoid abrasive scourers</li><li>Packaging: protective packaging for UK delivery</li></ul>
<h3>Delivery</h3><p>Each mug is printed to order. Postage options and costs are shown at checkout.</p>
<p>Our rude swear word mug is a funny gift for grown-ups.</p>",Mug Colour,Full White,,,,,FOXY-MUG-RUDE-SWEAR-WORD-PRINTED-MUG-DESIGN-A-FULL-WHITE-4
rude-swear-word-printed-mug-design-ar-egoblin3-colours,,,,Mug Colour,Red Handle,,,,,FOXY-MUG-RUDE-SWEAR-WORD-PRINTED-MUG-DESIGN-A-RED-HANDLE-4
rude-swear-word-printed-mug-design-ar-egoblin3-colours,,,,Mug Colour,Black Handle,,,,,FOXY-MUG-RUDE-SWEAR-WORD-PRINTED-MUG-DESIGN-A-BLACK-HANDLE-4
rude-swear-word-printed-mug-design-ar-ehat-3-colours,Rude Swear Word Printed Mug Design - AR*EHAT (3 Colours),active,"<p>This rude swear word mug has a creative insult on it: “AR*EHAT”. It's a cheeky gift for mates, partners and work wind-ups.</p>
<h2>Rude swear word mug</h2>
<p>The design reads “AR*EHAT”, with the rude bits starred out, printed on an 11oz ceramic mug. Please note it's adult humour, so it's one for the grown-ups rather than the school run. Tea, coffee or hot chocolate: it isn't fussy.</p>
<h3>Why you'll love it</h3><ul><li>Creative swearing, starred out on the design</li><li>A guaranteed laugh for adults</li><li>Sublimation printed in-house in North Yorkshire</li><li>Holds 11oz (approx. 325ml), the size most tea drinkers reach for</li><li>Printed to order and packed in protective packaging for UK delivery</li><li>Glossy ceramic with a comfy C-handle</li></ul>
<h3>Size &amp; details</h3><ul><li>Capacity: 11oz (approx. 325ml)</li><li>Material: white ceramic, C-handle, high-gloss finish</li><li>Mug colour options: Full White, Red Handle or Black Handle</li><li>Print: sublimation, printed in-house in North Yorkshire</li><li>Care: dishwasher and microwave safe (skip the abrasive scourers)</li><li>Packaging: protective packaging for UK delivery</li></ul>
<h3>Delivery</h3><p>Each mug is printed to order. Postage options and costs are shown at checkout.</p>
<p>Our rude swear word mug is a funny gift for grown-ups.</p>",Mug Colour,Full White,,,,,FOXY-MUG-RUDE-SWEAR-WORD-PRINTED-MUG-DESIGN-A-FULL-WHITE-5
rude-swear-word-printed-mug-design-ar-ehat-3-colours,,,,Mug Colour,Red Handle,,,,,FOXY-MUG-RUDE-SWEAR-WORD-PRINTED-MUG-DESIGN-A-RED-HANDLE-5
rude-swear-word-printed-mug-design-ar-ehat-3-colours,,,,Mug Colour,Black Handle,,,,,FOXY-MUG-RUDE-SWEAR-WORD-PRINTED-MUG-DESIGN-A-BLACK-HANDLE-5
rude-swear-word-printed-mug-design-ar-ewipe-3-colours,Rude Swear Word Printed Mug Design - AR*EWIPE (3 Colours),active,"<p>This rude swear word mug has a creative insult on it: “AR*EWIPE”. It's a cheeky gift for mates, partners and work wind-ups.</p>
<h2>Rude swear word mug</h2>
<p>The design reads “AR*EWIPE”, with the rude bits starred out, printed on an 11oz ceramic mug. Strictly adult humour, best given to someone who'll laugh rather than clutch their pearls. It's the kind of present that quietly becomes their go-to cup.</p>
<h3>Why you'll love it</h3><ul><li>Creative swearing, starred out on the design</li><li>A guaranteed laugh for adults</li><li>Sublimation printed in-house in North Yorkshire</li><li>Custom designs on request: give us a call on 01439 771468</li><li>Classic C-handle shape with a shiny high-gloss finish</li><li>A proper 11oz (approx. 325ml) mug, so there's room for a decent brew</li></ul>
<h3>Size &amp; details</h3><ul><li>Capacity: 11oz (approx. 325ml)</li><li>Material: white ceramic, C-handle, high-gloss finish</li><li>Mug colour options: Full White, Red Handle or Black Handle</li><li>Print: sublimation, printed in-house in North Yorkshire</li><li>Care: dishwasher and microwave safe (skip the abrasive scourers)</li><li>Packaging: protective packaging for UK delivery</li></ul>
<h3>Delivery</h3><p>Each mug is printed to order. Postage options and costs are shown at checkout.</p>
<p>Our rude swear word mug is a funny gift for grown-ups.</p>",Mug Colour,Full White,,,,,FOXY-MUG-RUDE-SWEAR-WORD-PRINTED-MUG-DESIGN-A-FULL-WHITE-6
rude-swear-word-printed-mug-design-ar-ewipe-3-colours,,,,Mug Colour,Red Handle,,,,,FOXY-MUG-RUDE-SWEAR-WORD-PRINTED-MUG-DESIGN-A-RED-HANDLE-6
rude-swear-word-printed-mug-design-ar-ewipe-3-colours,,,,Mug Colour,Black Handle,,,,,FOXY-MUG-RUDE-SWEAR-WORD-PRINTED-MUG-DESIGN-A-BLACK-HANDLE-6
rude-swear-word-printed-mug-design-b-llbags-3-colours,Rude Swear Word Printed Mug Design - B*LLBAGS (3 Colours),active,"<p>This rude swear word mug has a creative insult on it: “B*LLBAGS”. It's a cheeky gift for mates, partners and work wind-ups.</p>
<h2>Rude swear word mug</h2>
<p>The design reads “B*LLBAGS”, with the rude bits starred out, printed on an 11oz ceramic mug. Please note it's adult humour, so it's one for the grown-ups rather than the school run.</p>
<h3>Why you'll love it</h3><ul><li>Creative swearing, starred out on the design</li><li>A guaranteed laugh for adults</li><li>Holds 11oz (approx. 325ml), the size most tea drinkers reach for</li><li>Want something slightly different? Custom designs are available on request (01439 771468)</li><li>Each one is printed to order, then packed carefully for the post</li><li>Dishwasher and microwave safe for real-life kitchens</li></ul>
<h3>Size &amp; details</h3><ul><li>Capacity: 11oz (approx. 325ml)</li><li>Material: white ceramic, C-handle, high-gloss finish</li><li>Mug colour options: Full White, Red Handle or Black Handle</li><li>Printing: sublimation, done in-house in North Yorkshire</li><li>Care: dishwasher and microwave safe; avoid abrasive scourers</li><li>Packaging: protective packaging for UK delivery</li></ul>
<h3>Delivery</h3><p>Each mug is printed to order. Postage options and costs are shown at checkout.</p>
<p>Our rude swear word mug is a funny gift for grown-ups.</p>",Mug Colour,Full White,,,,,FOXY-MUG-RUDE-SWEAR-WORD-PRINTED-MUG-DESIGN-B-FULL-WHITE
rude-swear-word-printed-mug-design-b-llbags-3-colours,,,,Mug Colour,Red Handle,,,,,FOXY-MUG-RUDE-SWEAR-WORD-PRINTED-MUG-DESIGN-B-RED-HANDLE
rude-swear-word-printed-mug-design-b-llbags-3-colours,,,,Mug Colour,Black Handle,,,,,FOXY-MUG-RUDE-SWEAR-WORD-PRINTED-MUG-DESIGN-B-BLACK-HANDLE
rude-swear-word-printed-mug-design-b-mhole-3-colours,Rude Swear Word Printed Mug Design - B*MHOLE (3 Colours),active,"<p>This rude swear word mug has a creative insult on it: “B*MHOLE”. It's a cheeky gift for mates, partners and work wind-ups.</p>
<h2>Rude swear word mug</h2>
<p>The design reads “B*MHOLE”, with the rude bits starred out, printed on an 11oz ceramic mug. A heads-up: it's adult humour, so keep it for the grown-ups who'll find it funny.</p>
<h3>Why you'll love it</h3><ul><li>Creative swearing, starred out on the design</li><li>A guaranteed laugh for adults</li><li>Each one is printed to order, then packed carefully for the post</li><li>11oz (approx. 325ml): big enough for a proper cuppa, not a thimble</li><li>Dishwasher and microwave safe, so it can go straight into daily use</li><li>Printed by us in North Yorkshire using sublimation</li></ul>
<h3>Size &amp; details</h3><ul><li>Capacity: 11oz (approx. 325ml)</li><li>Material: white ceramic, C-handle, high-gloss finish</li><li>Mug colour options: Full White, Red Handle or Black Handle</li><li>Print: sublimation, printed in-house in North Yorkshire</li><li>Care: dishwasher and microwave safe; avoid abrasive scourers</li><li>Packaging: protective packaging for UK delivery</li></ul>
<h3>Delivery</h3><p>Each mug is printed to order. Postage options and costs are shown at checkout.</p>
<p>Our rude swear word mug is a funny gift for grown-ups.</p>",Mug Colour,Full White,,,,,FOXY-MUG-RUDE-SWEAR-WORD-PRINTED-MUG-DESIGN-B-FULL-WHITE-2
rude-swear-word-printed-mug-design-b-mhole-3-colours,,,,Mug Colour,Red Handle,,,,,FOXY-MUG-RUDE-SWEAR-WORD-PRINTED-MUG-DESIGN-B-RED-HANDLE-2
rude-swear-word-printed-mug-design-b-mhole-3-colours,,,,Mug Colour,Black Handle,,,,,FOXY-MUG-RUDE-SWEAR-WORD-PRINTED-MUG-DESIGN-B-BLACK-HANDLE-2
rude-swear-word-printed-mug-design-c-ckburger-3-colours,Rude Swear Word Printed Mug Design - C*CKBURGER (3 Colours),active,"<p>This rude swear word mug has a creative insult on it: “C*CKBURGER”. It's a cheeky gift for mates, partners and work wind-ups.</p>
<h2>Rude swear word mug</h2>
<p>The design reads “C*CKBURGER”, with the rude bits starred out, printed on an 11oz ceramic mug. Please note it's adult humour, so it's one for the grown-ups rather than the school run.</p>
<h3>Why you'll love it</h3><ul><li>Creative swearing, starred out on the design</li><li>A guaranteed laugh for adults</li><li>Classic C-handle shape with a shiny high-gloss finish</li><li>Custom designs on request: give us a call on 01439 771468</li><li>A proper 11oz (approx. 325ml) mug, so there's room for a decent brew</li><li>Dishwasher and microwave safe for real-life kitchens</li></ul>
<h3>Size &amp; details</h3><ul><li>Capacity: 11oz (approx. 325ml)</li><li>Material: white ceramic, C-handle, high-gloss finish</li><li>Mug colour options: Full White, Red Handle or Black Handle</li><li>Printing: sublimation, done in-house in North Yorkshire</li><li>Care: dishwasher and microwave safe; avoid abrasive scourers</li><li>Packaging: protective packaging for UK delivery</li></ul>
<h3>Delivery</h3><p>Each mug is printed to order. Postage options and costs are shown at checkout.</p>
<p>Our rude swear word mug is a funny gift for grown-ups.</p>",Mug Colour,Full White,,,,,FOXY-MUG-RUDE-SWEAR-WORD-PRINTED-MUG-DESIGN-C-FULL-WHITE
rude-swear-word-printed-mug-design-c-ckburger-3-colours,,,,Mug Colour,Red Handle,,,,,FOXY-MUG-RUDE-SWEAR-WORD-PRINTED-MUG-DESIGN-C-RED-HANDLE
rude-swear-word-printed-mug-design-c-ckburger-3-colours,,,,Mug Colour,Black Handle,,,,,FOXY-MUG-RUDE-SWEAR-WORD-PRINTED-MUG-DESIGN-C-BLACK-HANDLE
rude-swear-word-printed-mug-design-c-cknose-3-colours,Rude Swear Word Printed Mug Design - C*CKNOSE (3 Colours),active,"<p>This rude swear word mug has a creative insult on it: “C*CKNOSE”. It's a cheeky gift for mates, partners and work wind-ups.</p>
<h2>Rude swear word mug</h2>
<p>The design reads “C*CKNOSE”, with the rude bits starred out, printed on an 11oz ceramic mug. Adult humour: this one's for grown-ups with a thick skin, not the kids' cupboard.</p>
<h3>Why you'll love it</h3><ul><li>Creative swearing, starred out on the design</li><li>A guaranteed laugh for adults</li><li>Printed to order and packed in protective packaging for UK delivery</li><li>Fancy a tweak? We do custom designs on request, just ring 01439 771468</li><li>Dishwasher and microwave safe, so it can go straight into daily use</li><li>11oz (approx. 325ml): big enough for a proper cuppa, not a thimble</li></ul>
<h3>Size &amp; details</h3><ul><li>Capacity: 11oz (approx. 325ml)</li><li>Material: white ceramic, C-handle, high-gloss finish</li><li>Mug colour options: Full White, Red Handle or Black Handle</li><li>Print: sublimation, printed in-house in North Yorkshire</li><li>Care: dishwasher and microwave safe (skip the abrasive scourers)</li><li>Packaging: protective packaging for UK delivery</li></ul>
<h3>Delivery</h3><p>Each mug is printed to order. Postage options and costs are shown at checkout.</p>
<p>Our rude swear word mug is a funny gift for grown-ups.</p>",Mug Colour,Full White,,,,,FOXY-MUG-RUDE-SWEAR-WORD-PRINTED-MUG-DESIGN-C-FULL-WHITE-2
rude-swear-word-printed-mug-design-c-cknose-3-colours,,,,Mug Colour,Red Handle,,,,,FOXY-MUG-RUDE-SWEAR-WORD-PRINTED-MUG-DESIGN-C-RED-HANDLE-2
rude-swear-word-printed-mug-design-c-cknose-3-colours,,,,Mug Colour,Black Handle,,,,,FOXY-MUG-RUDE-SWEAR-WORD-PRINTED-MUG-DESIGN-C-BLACK-HANDLE-2
rude-swear-word-printed-mug-design-c-mbubble-3-colours,Rude Swear Word Printed Mug Design - C*MBUBBLE (3 Colours),active,"<p>This rude swear word mug has a creative insult on it: “C*MBUBBLE”. It's a cheeky gift for mates, partners and work wind-ups.</p>
<h2>Rude swear word mug</h2>
<p>The design reads “C*MBUBBLE”, with the rude bits starred out, printed on an 11oz ceramic mug. A heads-up: it's adult humour, so keep it for the grown-ups who'll find it funny.</p>
<h3>Why you'll love it</h3><ul><li>Creative swearing, starred out on the design</li><li>A guaranteed laugh for adults</li><li>Each one is printed to order, then packed carefully for the post</li><li>Classic C-handle shape with a shiny high-gloss finish</li><li>11oz (approx. 325ml): big enough for a proper cuppa, not a thimble</li><li>Dishwasher and microwave safe, so it can go straight into daily use</li></ul>
<h3>Size &amp; details</h3><ul><li>Capacity: 11oz (approx. 325ml)</li><li>Material: white ceramic, C-handle, high-gloss finish</li><li>Mug colour options: Full White, Red Handle or Black Handle</li><li>Printing: sublimation, done in-house in North Yorkshire</li><li>Care: dishwasher and microwave safe; avoid abrasive scourers</li><li>Packaging: protective packaging for UK delivery</li></ul>
<h3>Delivery</h3><p>Each mug is printed to order. Postage options and costs are shown at checkout.</p>
<p>Our rude swear word mug is a funny gift for grown-ups.</p>",Mug Colour,Full White,,,,,FOXY-MUG-RUDE-SWEAR-WORD-PRINTED-MUG-DESIGN-C-FULL-WHITE-3
rude-swear-word-printed-mug-design-c-mbubble-3-colours,,,,Mug Colour,Red Handle,,,,,FOXY-MUG-RUDE-SWEAR-WORD-PRINTED-MUG-DESIGN-C-RED-HANDLE-3
rude-swear-word-printed-mug-design-c-mbubble-3-colours,,,,Mug Colour,Black Handle,,,,,FOXY-MUG-RUDE-SWEAR-WORD-PRINTED-MUG-DESIGN-C-BLACK-HANDLE-3
rude-swear-word-printed-mug-design-c-mdumpster-3-colours,Rude Swear Word Printed Mug Design - C*MDUMPSTER (3 Colours),active,"<p>This rude swear word mug has a creative insult on it: “C*MDUMPSTER”. It's a cheeky gift for mates, partners and work wind-ups.</p>
<h2>Rude swear word mug</h2>
<p>The design reads “C*MDUMPSTER”, with the rude bits starred out, printed on an 11oz ceramic mug. Strictly adult humour, best given to someone who'll laugh rather than clutch their pearls. It looks just as at home on an office desk as it does by the kettle.</p>
<h3>Why you'll love it</h3><ul><li>Creative swearing, starred out on the design</li><li>A guaranteed laugh for adults</li><li>A proper 11oz (approx. 325ml) mug, so there's room for a decent brew</li><li>Sublimation printed in-house in North Yorkshire</li><li>Each one is printed to order, then packed carefully for the post</li><li>Glossy ceramic with a comfy C-handle</li></ul>
<h3>Size &amp; details</h3><ul><li>Capacity: 11oz (approx. 325ml)</li><li>Material: white ceramic, C-handle, high-gloss finish</li><li>Mug colour options: Full White, Red Handle or Black Handle</li><li>Printing: sublimation, done in-house in North Yorkshire</li><li>Care: dishwasher and microwave safe (skip the abrasive scourers)</li><li>Packaging: protective packaging for UK delivery</li></ul>
<h3>Delivery</h3><p>Each mug is printed to order. Postage options and costs are shown at checkout.</p>
<p>Our rude swear word mug is a funny gift for grown-ups.</p>",Mug Colour,Full White,,,,,FOXY-MUG-RUDE-SWEAR-WORD-PRINTED-MUG-DESIGN-C-FULL-WHITE-4
rude-swear-word-printed-mug-design-c-mdumpster-3-colours,,,,Mug Colour,Red Handle,,,,,FOXY-MUG-RUDE-SWEAR-WORD-PRINTED-MUG-DESIGN-C-RED-HANDLE-4
rude-swear-word-printed-mug-design-c-mdumpster-3-colours,,,,Mug Colour,Black Handle,,,,,FOXY-MUG-RUDE-SWEAR-WORD-PRINTED-MUG-DESIGN-C-BLACK-HANDLE-4
rude-swear-word-printed-mug-design-c-ntpuddle-3-colours,Rude Swear Word Printed Mug Design - C*NTPUDDLE (3 Colours),active,"<p>This rude swear word mug has a creative insult on it: “C*NTPUDDLE”. It's a cheeky gift for mates, partners and work wind-ups.</p>
<h2>Rude swear word mug</h2>
<p>The design reads “C*NTPUDDLE”, with the rude bits starred out, printed on an 11oz ceramic mug. Adult humour: this one's for grown-ups with a thick skin, not the kids' cupboard.</p>
<h3>Why you'll love it</h3><ul><li>Creative swearing, starred out on the design</li><li>A guaranteed laugh for adults</li><li>Made in-house in North Yorkshire, not shipped in from overseas</li><li>Custom designs on request: give us a call on 01439 771468</li><li>High-gloss ceramic finish and a C-handle that's easy to hold</li><li>11oz (approx. 325ml): big enough for a proper cuppa, not a thimble</li></ul>
<h3>Size &amp; details</h3><ul><li>Capacity: 11oz (approx. 325ml)</li><li>Material: white ceramic, C-handle, high-gloss finish</li><li>Mug colour options: Full White, Red Handle or Black Handle</li><li>Printing: sublimation, done in-house in North Yorkshire</li><li>Care: dishwasher and microwave safe; avoid abrasive scourers</li><li>Packaging: protective packaging for UK delivery</li></ul>
<h3>Delivery</h3><p>Each mug is printed to order. Postage options and costs are shown at checkout.</p>
<p>Our rude swear word mug is a funny gift for grown-ups.</p>",Mug Colour,Full White,,,,,FOXY-MUG-RUDE-SWEAR-WORD-PRINTED-MUG-DESIGN-C-FULL-WHITE-5
rude-swear-word-printed-mug-design-c-ntpuddle-3-colours,,,,Mug Colour,Red Handle,,,,,FOXY-MUG-RUDE-SWEAR-WORD-PRINTED-MUG-DESIGN-C-RED-HANDLE-5
rude-swear-word-printed-mug-design-c-ntpuddle-3-colours,,,,Mug Colour,Black Handle,,,,,FOXY-MUG-RUDE-SWEAR-WORD-PRINTED-MUG-DESIGN-C-BLACK-HANDLE-5
rude-swear-word-printed-mug-design-d-ckcheese-3-colours,Rude Swear Word Printed Mug Design - D*CKCHEESE (3 Colours),active,"<p>This rude swear word mug has a creative insult on it: “D*CKCHEESE”. It's a cheeky gift for mates, partners and work wind-ups.</p>
<h2>Rude swear word mug</h2>
<p>The design reads “D*CKCHEESE”, with the rude bits starred out, printed on an 11oz ceramic mug. A heads-up: it's adult humour, so keep it for the grown-ups who'll find it funny. It's guaranteed to get a reaction in the office kitchen.</p>
<h3>Why you'll love it</h3><ul><li>Creative swearing, starred out on the design</li><li>A guaranteed laugh for adults</li><li>Dishwasher and microwave safe for real-life kitchens</li><li>Glossy ceramic with a comfy C-handle</li><li>Printed by us in North Yorkshire using sublimation</li><li>Holds 11oz (approx. 325ml), the size most tea drinkers reach for</li></ul>
<h3>Size &amp; details</h3><ul><li>Capacity: 11oz (approx. 325ml)</li><li>Material: white ceramic, C-handle, high-gloss finish</li><li>Mug colour options: Full White, Red Handle or Black Handle</li><li>Printing: sublimation, done in-house in North Yorkshire</li><li>Care: dishwasher and microwave safe; avoid abrasive scourers</li><li>Packaging: protective packaging for UK delivery</li></ul>
<h3>Delivery</h3><p>Each mug is printed to order. Postage options and costs are shown at checkout.</p>
<p>Our rude swear word mug is a funny gift for grown-ups.</p>",Mug Colour,Full White,,,,,FOXY-MUG-RUDE-SWEAR-WORD-PRINTED-MUG-DESIGN-D-FULL-WHITE
rude-swear-word-printed-mug-design-d-ckcheese-3-colours,,,,Mug Colour,Red Handle,,,,,FOXY-MUG-RUDE-SWEAR-WORD-PRINTED-MUG-DESIGN-D-RED-HANDLE
rude-swear-word-printed-mug-design-d-ckcheese-3-colours,,,,Mug Colour,Black Handle,,,,,FOXY-MUG-RUDE-SWEAR-WORD-PRINTED-MUG-DESIGN-D-BLACK-HANDLE
rude-swear-word-printed-mug-design-d-ckweasel-3-colours,Rude Swear Word Printed Mug Design - D*CKWEASEL (3 Colours),active,"<p>This rude swear word mug has a creative insult on it: “D*CKWEASEL”. It's a cheeky gift for mates, partners and work wind-ups.</p>
<h2>Rude swear word mug</h2>
<p>The design reads “D*CKWEASEL”, with the rude bits starred out, printed on an 11oz ceramic mug. Strictly adult humour, best given to someone who'll laugh rather than clutch their pearls.</p>
<h3>Why you'll love it</h3><ul><li>Creative swearing, starred out on the design</li><li>A guaranteed laugh for adults</li><li>Printed by us in North Yorkshire using sublimation</li><li>Dishwasher and microwave safe, so it can go straight into daily use</li><li>Holds 11oz (approx. 325ml), the size most tea drinkers reach for</li><li>Classic C-handle shape with a shiny high-gloss finish</li></ul>
<h3>Size &amp; details</h3><ul><li>Capacity: 11oz (approx. 325ml)</li><li>Material: white ceramic, C-handle, high-gloss finish</li><li>Mug colour options: Full White, Red Handle or Black Handle</li><li>Print: sublimation, printed in-house in North Yorkshire</li><li>Care: dishwasher and microwave safe (skip the abrasive scourers)</li><li>Packaging: protective packaging for UK delivery</li></ul>
<h3>Delivery</h3><p>Each mug is printed to order. Postage options and costs are shown at checkout.</p>
<p>Our rude swear word mug is a funny gift for grown-ups.</p>",Mug Colour,Full White,,,,,FOXY-MUG-RUDE-SWEAR-WORD-PRINTED-MUG-DESIGN-D-FULL-WHITE-2
rude-swear-word-printed-mug-design-d-ckweasel-3-colours,,,,Mug Colour,Red Handle,,,,,FOXY-MUG-RUDE-SWEAR-WORD-PRINTED-MUG-DESIGN-D-RED-HANDLE-2
rude-swear-word-printed-mug-design-d-ckweasel-3-colours,,,,Mug Colour,Black Handle,,,,,FOXY-MUG-RUDE-SWEAR-WORD-PRINTED-MUG-DESIGN-D-BLACK-HANDLE-2
rude-swear-word-printed-mug-design-d-ckweed-3-colours,Rude Swear Word Printed Mug Design - D*CKWEED (3 Colours),active,"<p>This rude swear word mug has a creative insult on it: “D*CKWEED”. It's a cheeky gift for mates, partners and work wind-ups.</p>
<h2>Rude swear word mug</h2>
<p>The design reads “D*CKWEED”, with the rude bits starred out, printed on an 11oz ceramic mug. Please note it's adult humour, so it's one for the grown-ups rather than the school run. It's a small gift that gets a smile every single morning.</p>
<h3>Why you'll love it</h3><ul><li>Creative swearing, starred out on the design</li><li>A guaranteed laugh for adults</li><li>Printed to order and packed in protective packaging for UK delivery</li><li>Sublimation printed in-house in North Yorkshire</li><li>Glossy ceramic with a comfy C-handle</li><li>11oz (approx. 325ml): big enough for a proper cuppa, not a thimble</li></ul>
<h3>Size &amp; details</h3><ul><li>Capacity: 11oz (approx. 325ml)</li><li>Material: white ceramic, C-handle, high-gloss finish</li><li>Mug colour options: Full White, Red Handle or Black Handle</li><li>Print: sublimation, printed in-house in North Yorkshire</li><li>Care: dishwasher and microwave safe (skip the abrasive scourers)</li><li>Packaging: protective packaging for UK delivery</li></ul>
<h3>Delivery</h3><p>Each mug is printed to order. Postage options and costs are shown at checkout.</p>
<p>Our rude swear word mug is a funny gift for grown-ups.</p>",Mug Colour,Full White,,,,,FOXY-MUG-RUDE-SWEAR-WORD-PRINTED-MUG-DESIGN-D-FULL-WHITE-3
rude-swear-word-printed-mug-design-d-ckweed-3-colours,,,,Mug Colour,Red Handle,,,,,FOXY-MUG-RUDE-SWEAR-WORD-PRINTED-MUG-DESIGN-D-RED-HANDLE-3
rude-swear-word-printed-mug-design-d-ckweed-3-colours,,,,Mug Colour,Black Handle,,,,,FOXY-MUG-RUDE-SWEAR-WORD-PRINTED-MUG-DESIGN-D-BLACK-HANDLE-3
rude-swear-word-printed-mug-design-doggykn-bber-3-colours,Rude Swear Word Printed Mug Design - DOGGYKN*BBER (3 Colours),active,"<p>This rude swear word mug has a creative insult on it: “DOGGYKN*BBER”. It's a cheeky gift for mates, partners and work wind-ups.</p>
<h2>Rude swear word mug</h2>
<p>The design reads “DOGGYKN*BBER”, with the rude bits starred out, printed on an 11oz ceramic mug. Adult humour: this one's for grown-ups with a thick skin, not the kids' cupboard. It's guaranteed to get a reaction in the office kitchen.</p>
<h3>Why you'll love it</h3><ul><li>Creative swearing, starred out on the design</li><li>A guaranteed laugh for adults</li><li>Classic C-handle shape with a shiny high-gloss finish</li><li>Sublimation printed in-house in North Yorkshire</li><li>11oz (approx. 325ml): big enough for a proper cuppa, not a thimble</li><li>Dishwasher and microwave safe, so it can go straight into daily use</li></ul>
<h3>Size &amp; details</h3><ul><li>Capacity: 11oz (approx. 325ml)</li><li>Material: white ceramic, C-handle, high-gloss finish</li><li>Mug colour options: Full White, Red Handle or Black Handle</li><li>Print: sublimation, printed in-house in North Yorkshire</li><li>Care: dishwasher and microwave safe (skip the abrasive scourers)</li><li>Packaging: protective packaging for UK delivery</li></ul>
<h3>Delivery</h3><p>Each mug is printed to order. Postage options and costs are shown at checkout.</p>
<p>Our rude swear word mug is a funny gift for grown-ups.</p>",Mug Colour,Full White,,,,,FOXY-MUG-RUDE-SWEAR-WORD-PRINTED-MUG-DESIGN-D-FULL-WHITE-4
rude-swear-word-printed-mug-design-doggykn-bber-3-colours,,,,Mug Colour,Red Handle,,,,,FOXY-MUG-RUDE-SWEAR-WORD-PRINTED-MUG-DESIGN-D-RED-HANDLE-4
rude-swear-word-printed-mug-design-doggykn-bber-3-colours,,,,Mug Colour,Black Handle,,,,,FOXY-MUG-RUDE-SWEAR-WORD-PRINTED-MUG-DESIGN-D-BLACK-HANDLE-4
rude-swear-word-printed-mug-design-d-uchebaguette-3-colours,Rude Swear Word Printed Mug Design - D*UCHEBAGUETTE (3 Colours),active,"<p>This rude swear word mug has a creative insult on it: “D*UCHEBAGUETTE”. It's a cheeky gift for mates, partners and work wind-ups.</p>
<h2>Rude swear word mug</h2>
<p>The design reads “D*UCHEBAGUETTE”, with the rude bits starred out, printed on an 11oz ceramic mug. A heads-up: it's adult humour, so keep it for the grown-ups who'll find it funny.</p>
<h3>Why you'll love it</h3><ul><li>Creative swearing, starred out on the design</li><li>A guaranteed laugh for adults</li><li>Dishwasher and microwave safe, so it can go straight into daily use</li><li>Classic C-handle shape with a shiny high-gloss finish</li><li>Each one is printed to order, then packed carefully for the post</li><li>Want something slightly different? Custom designs are available on request (01439 771468)</li></ul>
<h3>Size &amp; details</h3><ul><li>Capacity: 11oz (approx. 325ml)</li><li>Material: white ceramic, C-handle, high-gloss finish</li><li>Mug colour options: Full White, Red Handle or Black Handle</li><li>Printing: sublimation, done in-house in North Yorkshire</li><li>Care: dishwasher and microwave safe; avoid abrasive scourers</li><li>Packaging: protective packaging for UK delivery</li></ul>
<h3>Delivery</h3><p>Each mug is printed to order. Postage options and costs are shown at checkout.</p>
<p>Our rude swear word mug is a funny gift for grown-ups.</p>",Mug Colour,Full White,,,,,FOXY-MUG-RUDE-SWEAR-WORD-PRINTED-MUG-DESIGN-D-FULL-WHITE-5
rude-swear-word-printed-mug-design-d-uchebaguette-3-colours,,,,Mug Colour,Red Handle,,,,,FOXY-MUG-RUDE-SWEAR-WORD-PRINTED-MUG-DESIGN-D-RED-HANDLE-5
rude-swear-word-printed-mug-design-d-uchebaguette-3-colours,,,,Mug Colour,Black Handle,,,,,FOXY-MUG-RUDE-SWEAR-WORD-PRINTED-MUG-DESIGN-D-BLACK-HANDLE-5
rude-swear-word-printed-mug-design-d-uchecanoe-3-colours,Rude Swear Word Printed Mug Design - D*UCHECANOE (3 Colours),active,"<p>This rude swear word mug has a creative insult on it: “D*UCHECANOE”. It's a cheeky gift for mates, partners and work wind-ups.</p>
<h2>Rude swear word mug</h2>
<p>The design reads “D*UCHECANOE”, with the rude bits starred out, printed on an 11oz ceramic mug. Adult humour: this one's for grown-ups with a thick skin, not the kids' cupboard.</p>
<h3>Why you'll love it</h3><ul><li>Creative swearing, starred out on the design</li><li>A guaranteed laugh for adults</li><li>Dishwasher and microwave safe for real-life kitchens</li><li>High-gloss ceramic finish and a C-handle that's easy to hold</li><li>Want something slightly different? Custom designs are available on request (01439 771468)</li><li>Holds 11oz (approx. 325ml), the size most tea drinkers reach for</li></ul>
<h3>Size &amp; details</h3><ul><li>Capacity: 11oz (approx. 325ml)</li><li>Material: white ceramic, C-handle, high-gloss finish</li><li>Mug colour options: Full White, Red Handle or Black Handle</li><li>Printing: sublimation, done in-house in North Yorkshire</li><li>Care: dishwasher and microwave safe; avoid abrasive scourers</li><li>Packaging: protective packaging for UK delivery</li></ul>
<h3>Delivery</h3><p>Each mug is printed to order. Postage options and costs are shown at checkout.</p>
<p>Our rude swear word mug is a funny gift for grown-ups.</p>",Mug Colour,Full White,,,,,FOXY-MUG-RUDE-SWEAR-WORD-PRINTED-MUG-DESIGN-D-FULL-WHITE-6
rude-swear-word-printed-mug-design-d-uchecanoe-3-colours,,,,Mug Colour,Red Handle,,,,,FOXY-MUG-RUDE-SWEAR-WORD-PRINTED-MUG-DESIGN-D-RED-HANDLE-6
rude-swear-word-printed-mug-design-d-uchecanoe-3-colours,,,,Mug Colour,Black Handle,,,,,FOXY-MUG-RUDE-SWEAR-WORD-PRINTED-MUG-DESIGN-D-BLACK-HANDLE-6
rude-swear-word-printed-mug-design-f-ckbucket-3-colours,Rude Swear Word Printed Mug Design - F*CKBUCKET (3 Colours),active,"<p>This rude swear word mug has a creative insult on it: “F*CKBUCKET”. It's a cheeky gift for mates, partners and work wind-ups.</p>
<h2>Rude swear word mug</h2>
<p>The design reads “F*CKBUCKET”, with the rude bits starred out, printed on an 11oz ceramic mug. Strictly adult humour, best given to someone who'll laugh rather than clutch their pearls.</p>
<h3>Why you'll love it</h3><ul><li>Creative swearing, starred out on the design</li><li>A guaranteed laugh for adults</li><li>Dishwasher and microwave safe, so it can go straight into daily use</li><li>Printed by us in North Yorkshire using sublimation</li><li>Fancy a tweak? We do custom designs on request, just ring 01439 771468</li><li>11oz (approx. 325ml): big enough for a proper cuppa, not a thimble</li></ul>
<h3>Size &amp; details</h3><ul><li>Capacity: 11oz (approx. 325ml)</li><li>Material: white ceramic, C-handle, high-gloss finish</li><li>Mug colour options: Full White, Red Handle or Black Handle</li><li>Printing: sublimation, done in-house in North Yorkshire</li><li>Care: dishwasher and microwave safe (skip the abrasive scourers)</li><li>Packaging: protective packaging for UK delivery</li></ul>
<h3>Delivery</h3><p>Each mug is printed to order. Postage options and costs are shown at checkout.</p>
<p>Our rude swear word mug is a funny gift for grown-ups.</p>",Mug Colour,Full White,,,,,FOXY-MUG-RUDE-SWEAR-WORD-PRINTED-MUG-DESIGN-F-FULL-WHITE
rude-swear-word-printed-mug-design-f-ckbucket-3-colours,,,,Mug Colour,Red Handle,,,,,FOXY-MUG-RUDE-SWEAR-WORD-PRINTED-MUG-DESIGN-F-RED-HANDLE
rude-swear-word-printed-mug-design-f-ckbucket-3-colours,,,,Mug Colour,Black Handle,,,,,FOXY-MUG-RUDE-SWEAR-WORD-PRINTED-MUG-DESIGN-F-BLACK-HANDLE
rude-swear-word-printed-mug-design-f-cknugget-3-colours,Rude Swear Word Printed Mug Design - F*CKNUGGET (3 Colours),active,"<p>This rude swear word mug has a creative insult on it: “F*CKNUGGET”. It's a cheeky gift for mates, partners and work wind-ups.</p>
<h2>Rude swear word mug</h2>
<p>The design reads “F*CKNUGGET”, with the rude bits starred out, printed on an 11oz ceramic mug. A heads-up: it's adult humour, so keep it for the grown-ups who'll find it funny.</p>
<h3>Why you'll love it</h3><ul><li>Creative swearing, starred out on the design</li><li>A guaranteed laugh for adults</li><li>Happy in the dishwasher and the microwave, no special treatment needed</li><li>Custom designs on request: give us a call on 01439 771468</li><li>Each one is printed to order, then packed carefully for the post</li><li>Printed by us in North Yorkshire using sublimation</li></ul>
<h3>Size &amp; details</h3><ul><li>Capacity: 11oz (approx. 325ml)</li><li>Material: white ceramic, C-handle, high-gloss finish</li><li>Mug colour options: Full White, Red Handle or Black Handle</li><li>Print: sublimation, printed in-house in North Yorkshire</li><li>Care: dishwasher and microwave safe (skip the abrasive scourers)</li><li>Packaging: protective packaging for UK delivery</li></ul>
<h3>Delivery</h3><p>Each mug is printed to order. Postage options and costs are shown at checkout.</p>
<p>Our rude swear word mug is a funny gift for grown-ups.</p>",Mug Colour,Full White,,,,,FOXY-MUG-RUDE-SWEAR-WORD-PRINTED-MUG-DESIGN-F-FULL-WHITE-2
rude-swear-word-printed-mug-design-f-cknugget-3-colours,,,,Mug Colour,Red Handle,,,,,FOXY-MUG-RUDE-SWEAR-WORD-PRINTED-MUG-DESIGN-F-RED-HANDLE-2
rude-swear-word-printed-mug-design-f-cknugget-3-colours,,,,Mug Colour,Black Handle,,,,,FOXY-MUG-RUDE-SWEAR-WORD-PRINTED-MUG-DESIGN-F-BLACK-HANDLE-2
rude-swear-word-printed-mug-design-f-ckstick-3-colours,Rude Swear Word Printed Mug Design - F*CKSTICK (3 Colours),active,"<p>This rude swear word mug has a creative insult on it: “F*CKSTICK”. It's a cheeky gift for mates, partners and work wind-ups.</p>
<h2>Rude swear word mug</h2>
<p>The design reads “F*CKSTICK”, with the rude bits starred out, printed on an 11oz ceramic mug. Strictly adult humour, best given to someone who'll laugh rather than clutch their pearls.</p>
<h3>Why you'll love it</h3><ul><li>Creative swearing, starred out on the design</li><li>A guaranteed laugh for adults</li><li>Sent in protective packaging so it turns up in one piece</li><li>Made in-house in North Yorkshire, not shipped in from overseas</li><li>High-gloss ceramic finish and a C-handle that's easy to hold</li><li>11oz (approx. 325ml): big enough for a proper cuppa, not a thimble</li></ul>
<h3>Size &amp; details</h3><ul><li>Capacity: 11oz (approx. 325ml)</li><li>Material: white ceramic, C-handle, high-gloss finish</li><li>Mug colour options: Full White, Red Handle or Black Handle</li><li>Printing: sublimation, done in-house in North Yorkshire</li><li>Care: dishwasher and microwave safe; avoid abrasive scourers</li><li>Packaging: protective packaging for UK delivery</li></ul>
<h3>Delivery</h3><p>Each mug is printed to order. Postage options and costs are shown at checkout.</p>
<p>Our rude swear word mug is a funny gift for grown-ups.</p>",Mug Colour,Full White,,,,,FOXY-MUG-RUDE-SWEAR-WORD-PRINTED-MUG-DESIGN-F-FULL-WHITE-3
rude-swear-word-printed-mug-design-f-ckstick-3-colours,,,,Mug Colour,Red Handle,,,,,FOXY-MUG-RUDE-SWEAR-WORD-PRINTED-MUG-DESIGN-F-RED-HANDLE-3
rude-swear-word-printed-mug-design-f-ckstick-3-colours,,,,Mug Colour,Black Handle,,,,,FOXY-MUG-RUDE-SWEAR-WORD-PRINTED-MUG-DESIGN-F-BLACK-HANDLE-3
rude-swear-word-printed-mug-design-f-cktrumpet-3-colours,Rude Swear Word Printed Mug Design - F*CKTRUMPET (3 Colours),active,"<p>This rude swear word mug has a creative insult on it: “F*CKTRUMPET”. It's a cheeky gift for mates, partners and work wind-ups.</p>
<h2>Rude swear word mug</h2>
<p>The design reads “F*CKTRUMPET”, with the rude bits starred out, printed on an 11oz ceramic mug. A heads-up: it's adult humour, so keep it for the grown-ups who'll find it funny.</p>
<h3>Why you'll love it</h3><ul><li>Creative swearing, starred out on the design</li><li>A guaranteed laugh for adults</li><li>Fancy a tweak? We do custom designs on request, just ring 01439 771468</li><li>Printed by us in North Yorkshire using sublimation</li><li>A proper 11oz (approx. 325ml) mug, so there's room for a decent brew</li><li>High-gloss ceramic finish and a C-handle that's easy to hold</li></ul>
<h3>Size &amp; details</h3><ul><li>Capacity: 11oz (approx. 325ml)</li><li>Material: white ceramic, C-handle, high-gloss finish</li><li>Mug colour options: Full White, Red Handle or Black Handle</li><li>Printing: sublimation, done in-house in North Yorkshire</li><li>Care: dishwasher and microwave safe; avoid abrasive scourers</li><li>Packaging: protective packaging for UK delivery</li></ul>
<h3>Delivery</h3><p>Each mug is printed to order. Postage options and costs are shown at checkout.</p>
<p>Our rude swear word mug is a funny gift for grown-ups.</p>",Mug Colour,Full White,,,,,FOXY-MUG-RUDE-SWEAR-WORD-PRINTED-MUG-DESIGN-F-FULL-WHITE-4
rude-swear-word-printed-mug-design-f-cktrumpet-3-colours,,,,Mug Colour,Red Handle,,,,,FOXY-MUG-RUDE-SWEAR-WORD-PRINTED-MUG-DESIGN-F-RED-HANDLE-4
rude-swear-word-printed-mug-design-f-cktrumpet-3-colours,,,,Mug Colour,Black Handle,,,,,FOXY-MUG-RUDE-SWEAR-WORD-PRINTED-MUG-DESIGN-F-BLACK-HANDLE-4
rude-swear-word-printed-mug-design-j-zzmuffin-3-colours,Rude Swear Word Printed Mug Design - J*ZZMUFFIN (3 Colours),active,"<p>This rude swear word mug has a creative insult on it: “J*ZZMUFFIN”. It's a cheeky gift for mates, partners and work wind-ups.</p>
<h2>Rude swear word mug</h2>
<p>The design reads “J*ZZMUFFIN”, with the rude bits starred out, printed on an 11oz ceramic mug. Strictly adult humour, best given to someone who'll laugh rather than clutch their pearls. It's guaranteed to get a reaction in the office kitchen.</p>
<h3>Why you'll love it</h3><ul><li>Creative swearing, starred out on the design</li><li>A guaranteed laugh for adults</li><li>Want something slightly different? Custom designs are available on request (01439 771468)</li><li>Dishwasher and microwave safe for real-life kitchens</li><li>Classic C-handle shape with a shiny high-gloss finish</li><li>Made in-house in North Yorkshire, not shipped in from overseas</li></ul>
<h3>Size &amp; details</h3><ul><li>Capacity: 11oz (approx. 325ml)</li><li>Material: white ceramic, C-handle, high-gloss finish</li><li>Mug colour options: Full White, Red Handle or Black Handle</li><li>Printing: sublimation, done in-house in North Yorkshire</li><li>Care: dishwasher and microwave safe; avoid abrasive scourers</li><li>Packaging: protective packaging for UK delivery</li></ul>
<h3>Delivery</h3><p>Each mug is printed to order. Postage options and costs are shown at checkout.</p>
<p>Our rude swear word mug is a funny gift for grown-ups.</p>",Mug Colour,Full White,,,,,FOXY-MUG-RUDE-SWEAR-WORD-PRINTED-MUG-DESIGN-J-FULL-WHITE
rude-swear-word-printed-mug-design-j-zzmuffin-3-colours,,,,Mug Colour,Red Handle,,,,,FOXY-MUG-RUDE-SWEAR-WORD-PRINTED-MUG-DESIGN-J-RED-HANDLE
rude-swear-word-printed-mug-design-j-zzmuffin-3-colours,,,,Mug Colour,Black Handle,,,,,FOXY-MUG-RUDE-SWEAR-WORD-PRINTED-MUG-DESIGN-J-BLACK-HANDLE
rude-swear-word-printed-mug-design-j-zzstain-3-colours,Rude Swear Word Printed Mug Design - J*ZZSTAIN (3 Colours),active,"<p>This rude swear word mug has a creative insult on it: “J*ZZSTAIN”. It's a cheeky gift for mates, partners and work wind-ups.</p>
<h2>Rude swear word mug</h2>
<p>The design reads “J*ZZSTAIN”, with the rude bits starred out, printed on an 11oz ceramic mug. Adult humour: this one's for grown-ups with a thick skin, not the kids' cupboard.</p>
<h3>Why you'll love it</h3><ul><li>Creative swearing, starred out on the design</li><li>A guaranteed laugh for adults</li><li>Holds 11oz (approx. 325ml), the size most tea drinkers reach for</li><li>Happy in the dishwasher and the microwave, no special treatment needed</li><li>Made in-house in North Yorkshire, not shipped in from overseas</li><li>Fancy a tweak? We do custom designs on request, just ring 01439 771468</li></ul>
<h3>Size &amp; details</h3><ul><li>Capacity: 11oz (approx. 325ml)</li><li>Material: white ceramic, C-handle, high-gloss finish</li><li>Mug colour options: Full White, Red Handle or Black Handle</li><li>Print: sublimation, printed in-house in North Yorkshire</li><li>Care: dishwasher and microwave safe (skip the abrasive scourers)</li><li>Packaging: protective packaging for UK delivery</li></ul>
<h3>Delivery</h3><p>Each mug is printed to order. Postage options and costs are shown at checkout.</p>
<p>Our rude swear word mug is a funny gift for grown-ups.</p>",Mug Colour,Full White,,,,,FOXY-MUG-RUDE-SWEAR-WORD-PRINTED-MUG-DESIGN-J-FULL-WHITE-2
rude-swear-word-printed-mug-design-j-zzstain-3-colours,,,,Mug Colour,Red Handle,,,,,FOXY-MUG-RUDE-SWEAR-WORD-PRINTED-MUG-DESIGN-J-RED-HANDLE-2
rude-swear-word-printed-mug-design-j-zzstain-3-colours,,,,Mug Colour,Black Handle,,,,,FOXY-MUG-RUDE-SWEAR-WORD-PRINTED-MUG-DESIGN-J-BLACK-HANDLE-2
rude-swear-word-printed-mug-design-kn-bjockey-3-colours,Rude Swear Word Printed Mug Design - KN*BJOCKEY (3 Colours),active,"<p>This rude swear word mug has a creative insult on it: “KN*BJOCKEY”. It's a cheeky gift for mates, partners and work wind-ups.</p>
<h2>Rude swear word mug</h2>
<p>The design reads “KN*BJOCKEY”, with the rude bits starred out, printed on an 11oz ceramic mug. Adult humour: this one's for grown-ups with a thick skin, not the kids' cupboard.</p>
<h3>Why you'll love it</h3><ul><li>Creative swearing, starred out on the design</li><li>A guaranteed laugh for adults</li><li>Holds 11oz (approx. 325ml), the size most tea drinkers reach for</li><li>Sent in protective packaging so it turns up in one piece</li><li>Dishwasher and microwave safe for real-life kitchens</li><li>Fancy a tweak? We do custom designs on request, just ring 01439 771468</li></ul>
<h3>Size &amp; details</h3><ul><li>Capacity: 11oz (approx. 325ml)</li><li>Material: white ceramic, C-handle, high-gloss finish</li><li>Mug colour options: Full White, Red Handle or Black Handle</li><li>Printing: sublimation, done in-house in North Yorkshire</li><li>Care: dishwasher and microwave safe (skip the abrasive scourers)</li><li>Packaging: protective packaging for UK delivery</li></ul>
<h3>Delivery</h3><p>Each mug is printed to order. Postage options and costs are shown at checkout.</p>
<p>Our rude swear word mug is a funny gift for grown-ups.</p>",Mug Colour,Full White,,,,,FOXY-MUG-RUDE-SWEAR-WORD-PRINTED-MUG-DESIGN-K-FULL-WHITE
rude-swear-word-printed-mug-design-kn-bjockey-3-colours,,,,Mug Colour,Red Handle,,,,,FOXY-MUG-RUDE-SWEAR-WORD-PRINTED-MUG-DESIGN-K-RED-HANDLE
rude-swear-word-printed-mug-design-kn-bjockey-3-colours,,,,Mug Colour,Black Handle,,,,,FOXY-MUG-RUDE-SWEAR-WORD-PRINTED-MUG-DESIGN-K-BLACK-HANDLE
rude-swear-word-printed-mug-design-p-ssartist-3-colours,Rude Swear Word Printed Mug Design - P*SSARTIST (3 Colours),active,"<p>This rude swear word mug has a creative insult on it: “P*SSARTIST”. It's a cheeky gift for mates, partners and work wind-ups.</p>
<h2>Rude swear word mug</h2>
<p>The design reads “P*SSARTIST”, with the rude bits starred out, printed on an 11oz ceramic mug. Adult humour: this one's for grown-ups with a thick skin, not the kids' cupboard.</p>
<h3>Why you'll love it</h3><ul><li>Creative swearing, starred out on the design</li><li>A guaranteed laugh for adults</li><li>Printed to order and packed in protective packaging for UK delivery</li><li>Fancy a tweak? We do custom designs on request, just ring 01439 771468</li><li>Printed by us in North Yorkshire using sublimation</li><li>11oz (approx. 325ml): big enough for a proper cuppa, not a thimble</li></ul>
<h3>Size &amp; details</h3><ul><li>Capacity: 11oz (approx. 325ml)</li><li>Material: white ceramic, C-handle, high-gloss finish</li><li>Mug colour options: Full White, Red Handle or Black Handle</li><li>Printing: sublimation, done in-house in North Yorkshire</li><li>Care: dishwasher and microwave safe; avoid abrasive scourers</li><li>Packaging: protective packaging for UK delivery</li></ul>
<h3>Delivery</h3><p>Each mug is printed to order. Postage options and costs are shown at checkout.</p>
<p>Our rude swear word mug is a funny gift for grown-ups.</p>",Mug Colour,Full White,,,,,FOXY-MUG-RUDE-SWEAR-WORD-PRINTED-MUG-DESIGN-P-FULL-WHITE
rude-swear-word-printed-mug-design-p-ssartist-3-colours,,,,Mug Colour,Red Handle,,,,,FOXY-MUG-RUDE-SWEAR-WORD-PRINTED-MUG-DESIGN-P-RED-HANDLE
rude-swear-word-printed-mug-design-p-ssartist-3-colours,,,,Mug Colour,Black Handle,,,,,FOXY-MUG-RUDE-SWEAR-WORD-PRINTED-MUG-DESIGN-P-BLACK-HANDLE
rude-swear-word-printed-mug-design-p-sskidney-3-colours,Rude Swear Word Printed Mug Design - P*SSKIDNEY (3 Colours),active,"<p>This rude swear word mug has a creative insult on it: “P*SSKIDNEY”. It's a cheeky gift for mates, partners and work wind-ups.</p>
<h2>Rude swear word mug</h2>
<p>The design reads “P*SSKIDNEY”, with the rude bits starred out, printed on an 11oz ceramic mug. Adult humour: this one's for grown-ups with a thick skin, not the kids' cupboard.</p>
<h3>Why you'll love it</h3><ul><li>Creative swearing, starred out on the design</li><li>A guaranteed laugh for adults</li><li>High-gloss ceramic finish and a C-handle that's easy to hold</li><li>Dishwasher and microwave safe for real-life kitchens</li><li>Fancy a tweak? We do custom designs on request, just ring 01439 771468</li><li>11oz (approx. 325ml): big enough for a proper cuppa, not a thimble</li></ul>
<h3>Size &amp; details</h3><ul><li>Capacity: 11oz (approx. 325ml)</li><li>Material: white ceramic, C-handle, high-gloss finish</li><li>Mug colour options: Full White, Red Handle or Black Handle</li><li>Printing: sublimation, done in-house in North Yorkshire</li><li>Care: dishwasher and microwave safe; avoid abrasive scourers</li><li>Packaging: protective packaging for UK delivery</li></ul>
<h3>Delivery</h3><p>Each mug is printed to order. Postage options and costs are shown at checkout.</p>
<p>Our rude swear word mug is a funny gift for grown-ups.</p>",Mug Colour,Full White,,,,,FOXY-MUG-RUDE-SWEAR-WORD-PRINTED-MUG-DESIGN-P-FULL-WHITE-2
rude-swear-word-printed-mug-design-p-sskidney-3-colours,,,,Mug Colour,Red Handle,,,,,FOXY-MUG-RUDE-SWEAR-WORD-PRINTED-MUG-DESIGN-P-RED-HANDLE-2
rude-swear-word-printed-mug-design-p-sskidney-3-colours,,,,Mug Colour,Black Handle,,,,,FOXY-MUG-RUDE-SWEAR-WORD-PRINTED-MUG-DESIGN-P-BLACK-HANDLE-2
rude-swear-word-printed-mug-design-p-sswizard-3-colours,Rude Swear Word Printed Mug Design - P*SSWIZARD (3 Colours),active,"<p>This rude swear word mug has a creative insult on it: “P*SSWIZARD”. It's a cheeky gift for mates, partners and work wind-ups.</p>
<h2>Rude swear word mug</h2>
<p>The design reads “P*SSWIZARD”, with the rude bits starred out, printed on an 11oz ceramic mug. A heads-up: it's adult humour, so keep it for the grown-ups who'll find it funny.</p>
<h3>Why you'll love it</h3><ul><li>Creative swearing, starred out on the design</li><li>A guaranteed laugh for adults</li><li>11oz (approx. 325ml): big enough for a proper cuppa, not a thimble</li><li>High-gloss ceramic finish and a C-handle that's easy to hold</li><li>Custom designs on request: give us a call on 01439 771468</li><li>Sent in protective packaging so it turns up in one piece</li></ul>
<h3>Size &amp; details</h3><ul><li>Capacity: 11oz (approx. 325ml)</li><li>Material: white ceramic, C-handle, high-gloss finish</li><li>Mug colour options: Full White, Red Handle or Black Handle</li><li>Print: sublimation, printed in-house in North Yorkshire</li><li>Care: dishwasher and microwave safe; avoid abrasive scourers</li><li>Packaging: protective packaging for UK delivery</li></ul>
<h3>Delivery</h3><p>Each mug is printed to order. Postage options and costs are shown at checkout.</p>
<p>Our rude swear word mug is a funny gift for grown-ups.</p>",Mug Colour,Full White,,,,,FOXY-MUG-RUDE-SWEAR-WORD-PRINTED-MUG-DESIGN-P-FULL-WHITE-3
rude-swear-word-printed-mug-design-p-sswizard-3-colours,,,,Mug Colour,Red Handle,,,,,FOXY-MUG-RUDE-SWEAR-WORD-PRINTED-MUG-DESIGN-P-RED-HANDLE-3
rude-swear-word-printed-mug-design-p-sswizard-3-colours,,,,Mug Colour,Black Handle,,,,,FOXY-MUG-RUDE-SWEAR-WORD-PRINTED-MUG-DESIGN-P-BLACK-HANDLE-3
rude-swear-word-printed-mug-design-sh-thouse-3-colours,Rude Swear Word Printed Mug Design - SH*THOUSE (3 Colours),active,"<p>This rude swear word mug has a creative insult on it: “SH*THOUSE”. It's a cheeky gift for mates, partners and work wind-ups.</p>
<h2>Rude swear word mug</h2>
<p>The design reads “SH*THOUSE”, with the rude bits starred out, printed on an 11oz ceramic mug. A heads-up: it's adult humour, so keep it for the grown-ups who'll find it funny.</p>
<h3>Why you'll love it</h3><ul><li>Creative swearing, starred out on the design</li><li>A guaranteed laugh for adults</li><li>11oz (approx. 325ml): big enough for a proper cuppa, not a thimble</li><li>Dishwasher and microwave safe, so it can go straight into daily use</li><li>Want something slightly different? Custom designs are available on request (01439 771468)</li><li>Each one is printed to order, then packed carefully for the post</li></ul>
<h3>Size &amp; details</h3><ul><li>Capacity: 11oz (approx. 325ml)</li><li>Material: white ceramic, C-handle, high-gloss finish</li><li>Mug colour options: Full White, Red Handle or Black Handle</li><li>Printing: sublimation, done in-house in North Yorkshire</li><li>Care: dishwasher and microwave safe (skip the abrasive scourers)</li><li>Packaging: protective packaging for UK delivery</li></ul>
<h3>Delivery</h3><p>Each mug is printed to order. Postage options and costs are shown at checkout.</p>
<p>Our rude swear word mug is a funny gift for grown-ups.</p>",Mug Colour,Full White,,,,,FOXY-MUG-RUDE-SWEAR-WORD-PRINTED-MUG-DESIGN-S-FULL-WHITE
rude-swear-word-printed-mug-design-sh-thouse-3-colours,,,,Mug Colour,Red Handle,,,,,FOXY-MUG-RUDE-SWEAR-WORD-PRINTED-MUG-DESIGN-S-RED-HANDLE
rude-swear-word-printed-mug-design-sh-thouse-3-colours,,,,Mug Colour,Black Handle,,,,,FOXY-MUG-RUDE-SWEAR-WORD-PRINTED-MUG-DESIGN-S-BLACK-HANDLE
rude-swear-word-printed-mug-design-sh-tmagnet-3-colours,Rude Swear Word Printed Mug Design - SH*TMAGNET (3 Colours),active,"<p>This rude swear word mug has a creative insult on it: “SH*TMAGNET”. It's a cheeky gift for mates, partners and work wind-ups.</p>
<h2>Rude swear word mug</h2>
<p>The design reads “SH*TMAGNET”, with the rude bits starred out, printed on an 11oz ceramic mug. Please note it's adult humour, so it's one for the grown-ups rather than the school run.</p>
<h3>Why you'll love it</h3><ul><li>Creative swearing, starred out on the design</li><li>A guaranteed laugh for adults</li><li>Dishwasher and microwave safe, so it can go straight into daily use</li><li>Custom designs on request: give us a call on 01439 771468</li><li>Printed to order and packed in protective packaging for UK delivery</li><li>A proper 11oz (approx. 325ml) mug, so there's room for a decent brew</li></ul>
<h3>Size &amp; details</h3><ul><li>Capacity: 11oz (approx. 325ml)</li><li>Material: white ceramic, C-handle, high-gloss finish</li><li>Mug colour options: Full White, Red Handle or Black Handle</li><li>Printing: sublimation, done in-house in North Yorkshire</li><li>Care: dishwasher and microwave safe (skip the abrasive scourers)</li><li>Packaging: protective packaging for UK delivery</li></ul>
<h3>Delivery</h3><p>Each mug is printed to order. Postage options and costs are shown at checkout.</p>
<p>Our rude swear word mug is a funny gift for grown-ups.</p>",Mug Colour,Full White,,,,,FOXY-MUG-RUDE-SWEAR-WORD-PRINTED-MUG-DESIGN-S-FULL-WHITE-2
rude-swear-word-printed-mug-design-sh-tmagnet-3-colours,,,,Mug Colour,Red Handle,,,,,FOXY-MUG-RUDE-SWEAR-WORD-PRINTED-MUG-DESIGN-S-RED-HANDLE-2
rude-swear-word-printed-mug-design-sh-tmagnet-3-colours,,,,Mug Colour,Black Handle,,,,,FOXY-MUG-RUDE-SWEAR-WORD-PRINTED-MUG-DESIGN-S-BLACK-HANDLE-2
rude-swear-word-printed-mug-design-sm-ghead-3-colours,Rude Swear Word Printed Mug Design - SM*GHEAD (3 Colours),active,"<p>This rude swear word mug has a creative insult on it: “SM*GHEAD”. It's a cheeky gift for mates, partners and work wind-ups.</p>
<h2>Rude swear word mug</h2>
<p>The design reads “SM*GHEAD”, with the rude bits starred out, printed on an 11oz ceramic mug. A heads-up: it's adult humour, so keep it for the grown-ups who'll find it funny.</p>
<h3>Why you'll love it</h3><ul><li>Creative swearing, starred out on the design</li><li>A guaranteed laugh for adults</li><li>Fancy a tweak? We do custom designs on request, just ring 01439 771468</li><li>A proper 11oz (approx. 325ml) mug, so there's room for a decent brew</li><li>Glossy ceramic with a comfy C-handle</li><li>Happy in the dishwasher and the microwave, no special treatment needed</li></ul>
<h3>Size &amp; details</h3><ul><li>Capacity: 11oz (approx. 325ml)</li><li>Material: white ceramic, C-handle, high-gloss finish</li><li>Mug colour options: Full White, Red Handle or Black Handle</li><li>Print: sublimation, printed in-house in North Yorkshire</li><li>Care: dishwasher and microwave safe; avoid abrasive scourers</li><li>Packaging: protective packaging for UK delivery</li></ul>
<h3>Delivery</h3><p>Each mug is printed to order. Postage options and costs are shown at checkout.</p>
<p>Our rude swear word mug is a funny gift for grown-ups.</p>",Mug Colour,Full White,,,,,FOXY-MUG-RUDE-SWEAR-WORD-PRINTED-MUG-DESIGN-S-FULL-WHITE-3
rude-swear-word-printed-mug-design-sm-ghead-3-colours,,,,Mug Colour,Red Handle,,,,,FOXY-MUG-RUDE-SWEAR-WORD-PRINTED-MUG-DESIGN-S-RED-HANDLE-3
rude-swear-word-printed-mug-design-sm-ghead-3-colours,,,,Mug Colour,Black Handle,,,,,FOXY-MUG-RUDE-SWEAR-WORD-PRINTED-MUG-DESIGN-S-BLACK-HANDLE-3
rude-swear-word-printed-mug-design-thunderc-nt-3-colours,Rude Swear Word Printed Mug Design - THUNDERC*NT (3 Colours),active,"<p>This rude swear word mug has a creative insult on it: “THUNDERC*NT”. It's a cheeky gift for mates, partners and work wind-ups.</p>
<h2>Rude swear word mug</h2>
<p>The design reads “THUNDERC*NT”, with the rude bits starred out, printed on an 11oz ceramic mug. Adult humour: this one's for grown-ups with a thick skin, not the kids' cupboard.</p>
<h3>Why you'll love it</h3><ul><li>Creative swearing, starred out on the design</li><li>A guaranteed laugh for adults</li><li>Fancy a tweak? We do custom designs on request, just ring 01439 771468</li><li>A proper 11oz (approx. 325ml) mug, so there's room for a decent brew</li><li>Classic C-handle shape with a shiny high-gloss finish</li><li>Sent in protective packaging so it turns up in one piece</li></ul>
<h3>Size &amp; details</h3><ul><li>Capacity: 11oz (approx. 325ml)</li><li>Material: white ceramic, C-handle, high-gloss finish</li><li>Mug colour options: Full White, Red Handle or Black Handle</li><li>Print: sublimation, printed in-house in North Yorkshire</li><li>Care: dishwasher and microwave safe (skip the abrasive scourers)</li><li>Packaging: protective packaging for UK delivery</li></ul>
<h3>Delivery</h3><p>Each mug is printed to order. Postage options and costs are shown at checkout.</p>
<p>Our rude swear word mug is a funny gift for grown-ups.</p>",Mug Colour,Full White,,,,,FOXY-MUG-RUDE-SWEAR-WORD-PRINTED-MUG-DESIGN-T-FULL-WHITE
rude-swear-word-printed-mug-design-thunderc-nt-3-colours,,,,Mug Colour,Red Handle,,,,,FOXY-MUG-RUDE-SWEAR-WORD-PRINTED-MUG-DESIGN-T-RED-HANDLE
rude-swear-word-printed-mug-design-thunderc-nt-3-colours,,,,Mug Colour,Black Handle,,,,,FOXY-MUG-RUDE-SWEAR-WORD-PRINTED-MUG-DESIGN-T-BLACK-HANDLE
rude-swear-word-printed-mug-design-t-sspot-3-colours,Rude Swear Word Printed Mug Design - T*SSPOT (3 Colours),active,"<p>This rude swear word mug has a creative insult on it: “T*SSPOT”. It's a cheeky gift for mates, partners and work wind-ups.</p>
<h2>Rude swear word mug</h2>
<p>The design reads “T*SSPOT”, with the rude bits starred out, printed on an 11oz ceramic mug. A heads-up: it's adult humour, so keep it for the grown-ups who'll find it funny.</p>
<h3>Why you'll love it</h3><ul><li>Creative swearing, starred out on the design</li><li>A guaranteed laugh for adults</li><li>A proper 11oz (approx. 325ml) mug, so there's room for a decent brew</li><li>Sublimation printed in-house in North Yorkshire</li><li>Want something slightly different? Custom designs are available on request (01439 771468)</li><li>Printed to order and packed in protective packaging for UK delivery</li></ul>
<h3>Size &amp; details</h3><ul><li>Capacity: 11oz (approx. 325ml)</li><li>Material: white ceramic, C-handle, high-gloss finish</li><li>Mug colour options: Full White, Red Handle or Black Handle</li><li>Print: sublimation, printed in-house in North Yorkshire</li><li>Care: dishwasher and microwave safe (skip the abrasive scourers)</li><li>Packaging: protective packaging for UK delivery</li></ul>
<h3>Delivery</h3><p>Each mug is printed to order. Postage options and costs are shown at checkout.</p>
<p>Our rude swear word mug is a funny gift for grown-ups.</p>",Mug Colour,Full White,,,,,FOXY-MUG-RUDE-SWEAR-WORD-PRINTED-MUG-DESIGN-T-FULL-WHITE-2
rude-swear-word-printed-mug-design-t-sspot-3-colours,,,,Mug Colour,Red Handle,,,,,FOXY-MUG-RUDE-SWEAR-WORD-PRINTED-MUG-DESIGN-T-RED-HANDLE-2
rude-swear-word-printed-mug-design-t-sspot-3-colours,,,,Mug Colour,Black Handle,,,,,FOXY-MUG-RUDE-SWEAR-WORD-PRINTED-MUG-DESIGN-T-BLACK-HANDLE-2
rude-swear-word-printed-mug-design-tw-twaffle-3-colours,Rude Swear Word Printed Mug Design - TW*TWAFFLE (3 Colours),active,"<p>This rude swear word mug has a creative insult on it: “TW*TWAFFLE”. It's a cheeky gift for mates, partners and work wind-ups.</p>
<h2>Rude swear word mug</h2>
<p>The design reads “TW*TWAFFLE”, with the rude bits starred out, printed on an 11oz ceramic mug. Strictly adult humour, best given to someone who'll laugh rather than clutch their pearls. It's guaranteed to get a reaction in the office kitchen.</p>
<h3>Why you'll love it</h3><ul><li>Creative swearing, starred out on the design</li><li>A guaranteed laugh for adults</li><li>Glossy ceramic with a comfy C-handle</li><li>Printed to order and packed in protective packaging for UK delivery</li><li>Custom designs on request: give us a call on 01439 771468</li><li>Sublimation printed in-house in North Yorkshire</li></ul>
<h3>Size &amp; details</h3><ul><li>Capacity: 11oz (approx. 325ml)</li><li>Material: white ceramic, C-handle, high-gloss finish</li><li>Mug colour options: Full White, Red Handle or Black Handle</li><li>Printing: sublimation, done in-house in North Yorkshire</li><li>Care: dishwasher and microwave safe; avoid abrasive scourers</li><li>Packaging: protective packaging for UK delivery</li></ul>
<h3>Delivery</h3><p>Each mug is printed to order. Postage options and costs are shown at checkout.</p>
<p>Our rude swear word mug is a funny gift for grown-ups.</p>",Mug Colour,Full White,,,,,FOXY-MUG-RUDE-SWEAR-WORD-PRINTED-MUG-DESIGN-T-FULL-WHITE-3
rude-swear-word-printed-mug-design-tw-twaffle-3-colours,,,,Mug Colour,Red Handle,,,,,FOXY-MUG-RUDE-SWEAR-WORD-PRINTED-MUG-DESIGN-T-RED-HANDLE-3
rude-swear-word-printed-mug-design-tw-twaffle-3-colours,,,,Mug Colour,Black Handle,,,,,FOXY-MUG-RUDE-SWEAR-WORD-PRINTED-MUG-DESIGN-T-BLACK-HANDLE-3
