Handle,Title,Third-party names,Had third-party-name tag,Product ID
i-love-simon-cowell-mug,I Love Simon Cowell Mug,Simon Cowell,no,gid://shopify/Product/8672223304
brazil-football-team-mug-personalised-birthday-age-and-name,Personalised Brazil Football Birthday Mug,Brazil,no,gid://shopify/Product/8688545096
england-football-team-mug-personalised-birthday-age-and-name,Personalised England Football Birthday Mug,England,no,gid://shopify/Product/8688547272
downloading-a-shit-adult-mug,Even Jesus Watches PornHub - Adult Mug,Pornhub,no,gid://shopify/Product/8738093000
even-jesus-watches-redtube-adult-mug,Even Jesus Watches RedTube - Adult Mug,RedTube,no,gid://shopify/Product/8738101576
even-jesus-watches-youporn-adult-mug,Even Jesus Watches YouPorn 2 - Adult Mug,YouPorn,no,gid://shopify/Product/8738103304
even-jesus-watches-youporn-adult-mug-1,Even Jesus Watches YouPorn - Adult Mug,YouPorn,no,gid://shopify/Product/8738104584
oh-my-god-its-r2d2-personalised-adult-mug,Oh My God It's R2D2 - Adult Mug,Star Wars (R2-D2),no,gid://shopify/Product/8738164168
thank-god-for-pornhub-adult-mug,Thank God For PornHub - Adult Mug,Pornhub,no,gid://shopify/Product/8738175496
thank-god-for-redtube-adult-mug,Thank God For RedTube - Adult Mug,RedTube,no,gid://shopify/Product/8738185864
thank-god-for-youporn-adult-mug,Thank God For YouPorn - Adult Mug,YouPorn,no,gid://shopify/Product/8738187464
naughty-adult-mug,"Initial ""A"" Your Name Scrabble Mug",Scrabble,no,gid://shopify/Product/8738251336
nice-adult-mug,I Love My Aston Martin DB9 Printed Mug,Aston Martin,no,gid://shopify/Product/8738254088
facebook-wanker-adult-mug,Facebook Wanker - Adult Mug,Facebook,no,gid://shopify/Product/8738278408
i-love-michael-keaton-i-love-celebrity-mug,I Love Michael Keaton I Love Celebrity Mug,Michael Keaton,no,gid://shopify/Product/8747298120
i-love-acdc-i-love-celebrity-mug,I Love ACDC - I Love Celebrity Mug,AC/DC,no,gid://shopify/Product/8747327880
i-love-journey-i-love-celebrity-mug,I Love Journey - I Love Celebrity Mug,Journey,no,gid://shopify/Product/8747328584
i-love-a4-i-love-celebrity-mug,I Love A$AP ROCKY - I Love Celebrity Mug,A$AP Rocky,no,gid://shopify/Product/8747329160
copy-of-i-love-big-sean-i-love-celebrity-mug,I Love Brian Cox - I Love Celebrity Mug,Brian Cox,no,gid://shopify/Product/8747329928
i-love-adrien-brody-i-love-celebrity-mug,I Love Adrien Brody I Love Celebrity Mug,Adrien Brody,no,gid://shopify/Product/8747332488
i-love-celebrity-mug,I Love Ali Larter - I Love Celebrity Mug,Ali Larter,no,gid://shopify/Product/8747333192
i-love-aimee-garcia-i-love-celebrity-mug,I Love Aimee Garcia - I Love Celebrity Mug,Aimee Garcia,no,gid://shopify/Product/8747334216
i-love-alessia-cara-i-love-celebrity-mug,I Love ALESSIA CARA - I Love Celebrity Mug,Alessia Cara,no,gid://shopify/Product/8747335240
france-football-team-mug-personalised-birthday-age-and-name,France Football Team Mug - Personalised Birthday Age and Name,France,no,gid://shopify/Product/8804789960
germany-football-team-mug-personalised-birthday-age-and-name,Germany Football Team Mug - Personalised Birthday Age and Name,Germany,no,gid://shopify/Product/8804823176
hungary-football-team-mug-personalised-birthday-age-and-name,Bournmouth Football Team Mug - Personalised Birthday Age and Name,Bournmouth,no,gid://shopify/Product/8804848904
burnley-football-team-mug-personalised-birthday-age-and-name,Burnley Football Team Mug - Personalised Birthday Age and Name,Burnley,no,gid://shopify/Product/8804963592
crystal-palace-football-team-mug-personalised-birthday-age-and-name,Crystal Palace Football Team Mug - Personalised Birthday Age and Name,Crystal Palace,no,gid://shopify/Product/8804965256
everton-football-team-mug-personalised-birthday-age-and-name,Everton Football Team Mug - Personalised Birthday Age and Name,Everton,no,gid://shopify/Product/8804966216
hull-city-football-team-mug-personalised-birthday-age-and-name,Hull City Football Team Mug - Personalised Birthday Age and Name,Hull City,no,gid://shopify/Product/8804967240
liverpool-football-team-mug-personalised-birthday-age-and-name,Liverpool Football Team Mug - Personalised Birthday Age and Name,Liverpool,no,gid://shopify/Product/8804968456
manchester-city-football-team-mug-personalised-birthday-age-and-name,Manchester City Football Team Mug - Personalised Birthday Age and Name,Manchester City,no,gid://shopify/Product/8805086792
middlesbrough-football-team-mug-personalised-birthday-age-and-name,Middlesbrough Football Team Mug - Personalised Birthday Age and Name,Middlesbrough,no,gid://shopify/Product/8805157256
stoke-city-football-team-mug-personalised-birthday-age-and-name,Stoke City Football Team Mug - Personalised Birthday Age and Name,Stoke City,no,gid://shopify/Product/8805282440
sunderland-football-team-mug-personalised-birthday-age-and-name,Sunderland Football Team Mug - Personalised Birthday Age and Name,Sunderland,no,gid://shopify/Product/8805297544
swansea-city-football-team-mug-personalised-birthday-age-and-name,Swansea City Football Team Mug - Personalised Birthday Age and Name,Swansea City,no,gid://shopify/Product/8805299976
tottenham-hotspur-football-team-mug-personalised-birthday-age-and-name,Tottenham Hotspur Football Team Mug - Personalised Birthday Age and Name,Tottenham Hotspur,no,gid://shopify/Product/8805304072
watford-football-team-mug-personalised-birthday-age-and-name,Watford Football Team Mug - Personalised Birthday Age and Name,Watford,no,gid://shopify/Product/8805305032
west-ham-united-football-team-mug-personalised-birthday-age-and-name,West Ham United Football Team Mug - Personalised Birthday Age and Name,West Ham United,no,gid://shopify/Product/8805305608
hungary-football-team-mug-personalised-birthday-age-and-name-1,Hungary Football Team Mug - Personalised Birthday Age and Name,Hungary,no,gid://shopify/Product/8805309064
italy-football-team-mug-personalised-birthday-age-and-name,Italy Football Team Mug - Personalised Birthday Age and Name,Italy,no,gid://shopify/Product/8805309448
northern-ireland-football-team-mug-personalised-birthday-age-and-name,Northern Ireland Football Team Mug - Personalised Birthday Age and Name,Northern Ireland,no,gid://shopify/Product/8805323720
poland-football-team-mug-personalised-birthday-age-and-name,Poland Football Team Mug - Personalised Birthday Age and Name,Poland,no,gid://shopify/Product/8805362568
portugal-football-team-mug-personalised-birthday-age-and-name,Portugal Football Team Mug - Personalised Birthday Age and Name,Portugal,no,gid://shopify/Product/8805433928
republic-of-ireland-football-team-mug-personalised-birthday-age-and-name,Republic of Ireland Football Team Mug - Personalised Birthday Age and Name,Republic of Ireland,no,gid://shopify/Product/8805486216
scotland-football-team-mug-personalised-birthday-age-and-name,Scotland Football Team Mug - Personalised Birthday Age and Name,Scotland,no,gid://shopify/Product/8805537928
spain-football-team-mug-personalised-birthday-age-and-name,Spain Football Team Mug - Personalised Birthday Age and Name,Spain,no,gid://shopify/Product/8805590536
wales-football-team-mug-personalised-birthday-age-and-name,Wales Football Team Mug - Personalised Birthday Age and Name,Wales,no,gid://shopify/Product/8805640712
birmingham-city-football-team-mug-personalised-birthday-age-and-name,Birmingham City Football Team Mug - Personalised Birthday Age and Name,Birmingham City,no,gid://shopify/Product/8805652872
blackburn-rovers-football-team-mug-personalised-birthday-age-and-name,Blackburn Rovers Football Team Mug - Personalised Birthday Age and Name,Blackburn Rovers,no,gid://shopify/Product/8805654088
brentford-football-team-mug-personalised-birthday-age-and-name,Brentford Football Team Mug - Personalised Birthday Age and Name,Brentford,no,gid://shopify/Product/8805655368
brighton-and-hove-albion-football-team-mug-personalised-birthday-age-and-name,Brighton and Hove Albion Football Team Mug - Personalised Birthday Age and Name,Brighton and Hove Albion,no,gid://shopify/Product/8805669640
bristol-city-football-team-mug-personalised-birthday-age-and-name,Bristol City Football Team Mug - Personalised Birthday Age and Name,Bristol City,no,gid://shopify/Product/8805768008
burton-albion-football-team-mug-personalised-birthday-age-and-name,Burton Albion Football Team Mug - Personalised Birthday Age and Name,Burton Albion,no,gid://shopify/Product/8805799880
cardiff-city-football-team-mug-personalised-birthday-age-and-name,Cardiff City Football Team Mug - Personalised Birthday Age and Name,Cardiff City,no,gid://shopify/Product/8805828168
derby-county-football-team-mug-personalised-birthday-age-and-name,Derby County Football Team Mug - Personalised Birthday Age and Name,Derby County,no,gid://shopify/Product/8805861512
fulham-football-team-mug-personalised-birthday-age-and-name,Fulham Football Team Mug - Personalised Birthday Age and Name,Fulham,no,gid://shopify/Product/8805946760
huddersfield-town-football-team-mug-personalised-birthday-age-and-name,Huddersfield Town Football Team Mug - Personalised Birthday Age and Name,Huddersfield Town,no,gid://shopify/Product/8805948680
ipswich-town-football-team-mug-personalised-birthday-age-and-name,Ipswich Town Football Team Mug - Personalised Birthday Age and Name,Ipswich Town,no,gid://shopify/Product/8805949512
leeds-united-football-team-mug-personalised-birthday-age-and-name,Leeds United Football Team Mug - Personalised Birthday Age and Name,Leeds United,no,gid://shopify/Product/8805950472
newcastle-united-football-team-mug-personalised-birthday-age-and-name,Newcastle United Football Team Mug - Personalised Birthday Age and Name,Newcastle United,no,gid://shopify/Product/8805972232
norwich-city-football-team-mug-personalised-birthday-age-and-name,Norwich City Football Team Mug - Personalised Birthday Age and Name,Norwich City,no,gid://shopify/Product/8805976200
nottingham-forest-football-team-mug-personalised-birthday-age-and-name,Nottingham Forest Football Team Mug - Personalised Birthday Age and Name,Nottingham Forest,no,gid://shopify/Product/8805978056
preston-north-end-football-team-mug-personalised-birthday-age-and-name,Preston North End Football Team Mug - Personalised Birthday Age and Name,Preston North End,no,gid://shopify/Product/8805978952
queens-park-rangers-football-team-mug-personalised-birthday-age-and-name,Queens Park Rangers Football Team Mug - Personalised Birthday Age and Name,Queens Park Rangers,no,gid://shopify/Product/8805979976
reading-football-team-mug-personalised-birthday-age-and-name,Reading Football Team Mug - Personalised Birthday Age and Name,Reading,no,gid://shopify/Product/8805980808
rotherham-united-football-team-mug-personalised-birthday-age-and-name,Rotherham United Football Team Mug - Personalised Birthday Age and Name,Rotherham United,no,gid://shopify/Product/8805985032
sheffield-wednesday-football-team-mug-personalised-birthday-age-and-name,Sheffield Wednesday Football Team Mug - Personalised Birthday Age and Name,Sheffield Wednesday,no,gid://shopify/Product/8805986184
wigan-athletic-football-team-mug-personalised-birthday-age-and-name,Wigan Athletic Football Team Mug - Personalised Birthday Age and Name,Wigan Athletic,no,gid://shopify/Product/8805987144
wolverhampton-wanderers-football-team-mug-personalised-birthday-age-and-name,Wolverhampton Wanderers Football Team Mug - Personalised Birthday Age and Name,Wolverhampton Wanderers,no,gid://shopify/Product/8805988616
afc-wimbledon-football-team-mug-personalised-birthday-age-and-name,AFC Wimbledon Football Team Mug - Personalised Birthday Age and Name,AFC Wimbledon,no,gid://shopify/Product/8805991240
initial-b-your-name-scrabble-mug,"Initial ""B"" Your Name Scrabble Mug",Scrabble,no,gid://shopify/Product/8807040776
mlg-mug-gaming-mugs,MLG Mug - Gaming Mugs,MLG,no,gid://shopify/Product/8827609160
esea-2-gaming-mugs,ESEA 2 - Gaming Mugs,ESEA 2,no,gid://shopify/Product/8827631240
faze-gaming-mugs,FaZe - Gaming Mugs,FaZe,no,gid://shopify/Product/8827635528
obey-gaming-mugs,Obey - Gaming Mugs,Obey,no,gid://shopify/Product/8827635784
counter-strike-global-offensive-gaming-mugs,Counter Strike Global Offensive - Gaming Mugs,Counter Strike Global Offensive,no,gid://shopify/Product/8827636040
call-of-duty-black-ops-3-gaming-mugs,Call Of Duty: Black Ops 3 - Gaming Mugs,Call Of Duty: Black Ops 3,no,gid://shopify/Product/8827636616
battlefield-gaming-mugs,Battlefield - Gaming Mugs,Battlefield,no,gid://shopify/Product/8827637256
call-of-duty-gaming-mugs,Call Of Duty - Gaming Mugs,Call Of Duty,no,gid://shopify/Product/8827638280
call-of-duty-infinity-warefare-gaming-mugs,Call Of Duty: Infinity Warefare - Gaming Mugs,Call Of Duty: Infinity Warfare,no,gid://shopify/Product/8827639240
destiny-gaming-mugs,Destiny - Gaming Mugs,Destiny,no,gid://shopify/Product/8827639432
fall-out-gaming-mugs,Fall Out - Gaming Mugs,Fall Out,no,gid://shopify/Product/8827639624
farcry-4-gaming-mugs,FarCry 4 - Gaming Mugs,FarCry 4,no,gid://shopify/Product/8827643656
fifa-17-gaming-mugs,Fifa 17 - Gaming Mugs,Fifa 17,no,gid://shopify/Product/8827659656
forza-3-gaming-mugs,Forza 3 - Gaming Mugs,Forza 3,no,gid://shopify/Product/8827663496
forza-6-gaming-mugs,Forza - Gaming Mugs,Forza,no,gid://shopify/Product/8827664328
forza-horizon-2-gaming-mugs,Forza Horizon 2 - Gaming Mugs,Forza Horizon 2,no,gid://shopify/Product/8827664584
gears-of-war-gaming-mugs,Gears Of War - Gaming Mugs,Gears Of War,no,gid://shopify/Product/8827665352
half-life-2-gaming-mugs,Half Life 2 - Gaming Mugs,Half Life 2,no,gid://shopify/Product/8827665608
kennys-signature-gaming-mugs,KennyS Signature CSGO - Gaming Mugs,KennyS Signature CSGO,no,gid://shopify/Product/8827665800
personalised-cartoon-tiger-mug,Personalised Cartoon Tweety Mug,Looney Tunes (Tweety),no,gid://shopify/Product/8827665992
madden-gaming-mugs,Madden - Gaming Mugs,Madden,no,gid://shopify/Product/8827666312
nothing-signature-csgo-gaming-mugs,Nothing Signature CSGO - Gaming Mugs,Nothing Signature CSGO,no,gid://shopify/Product/8827666824
olafmiester-signature-csgo-gaming-mugs,Olafmiester Signature CSGO - Gaming Mugs,Olafmiester Signature CSGO,no,gid://shopify/Product/8827667080
overwatch-gaming-mugs,Overwatch - Gaming Mugs,Overwatch,no,gid://shopify/Product/8827667400
i-love-my-aston-martin-db11-printed-mug,I Love My Aston Martin DB11 Printed Mug,Aston Martin,no,gid://shopify/Product/8827671048
portal-gaming-mugs,Portal - Gaming Mugs,Portal,no,gid://shopify/Product/8827671816
i-love-my-aston-martin-vanquish-printed-mug,I Love My Aston Martin Vanquish Printed Mug,Aston Martin,no,gid://shopify/Product/8827672328
i-love-my-audi-a3-silver-printed-mug,I Love My Audi A3 Silver Printed Mug,Audi,no,gid://shopify/Product/8827674120
pro-evolution-soccer-gaming-mugs,Pro Evolution Soccer - Gaming Mugs,Pro Evolution Soccer,no,gid://shopify/Product/8827674248
rainbow-6-siege-gaming-mugs,Rainbow 6 Siege - Gaming Mugs,Rainbow 6 Siege,no,gid://shopify/Product/8827675272
i-love-my-audi-a4-black-printed-mug,I Love My Audi A4 Black Printed Mug,Audi,no,gid://shopify/Product/8827675464
i-love-my-audi-a5-white-printed-mug,I Love My Audi A5 White Printed Mug,Audi,no,gid://shopify/Product/8827677320
i-love-my-audi-a6-blue-printed-mug,I Love My Audi Bentley Brooklands Metalic Silver Printed Mug,Audi and Bentley,no,gid://shopify/Product/8827677960
rust-gaming-mugs,Rust - Gaming Mugs,Rust,no,gid://shopify/Product/8827678088
scream-signature-csgo-gaming-mugs,Scream Signature CSGO - Gaming Mugs,Scream Signature CSGO,no,gid://shopify/Product/8827678472
skadoodle-signature-csgo-gaming-mugs,Skadoodle Signature CSGO - Gaming Mugs,Skadoodle Signature CSGO,no,gid://shopify/Product/8827678792
stewie2k-signature-csgo-gaming-mugs,Stewie2k Signature CSGO - Gaming Mugs,Stewie2k Signature CSGO,no,gid://shopify/Product/8827679560
i-love-my-audi-bentley-cont-gt-silver-printed-mug,I Love My Audi R8 Silver Printed Mug,Audi,no,gid://shopify/Product/8827680392
team-fortress-2-soldier-gaming-mugs,Team Fortress 2 Soldier - Gaming Mugs,Team Fortress 2 Soldier,no,gid://shopify/Product/8827680520
team-fortress-2-blue-red-team-gaming-mugs,Team Fortress 2 Blue Red Team - Gaming Mugs,Team Fortress 2 Blue Red Team,no,gid://shopify/Product/8827680904
team-fortress-2-medic-gaming-mugs,Team Fortress 2 Medic - Gaming Mugs,Team Fortress 2 Medic,no,gid://shopify/Product/8827681352
team-fortress-2-pyro-gaming-mugs,Team Fortress 2 Pyro - Gaming Mugs,Team Fortress 2 Pyro,no,gid://shopify/Product/8827681672
i-love-my-audi-tt-printed-mug,I Love My Audi A6 Printed Mug,Audi,no,gid://shopify/Product/8827682056
i-love-my-audi-a7-white-printed-mug,I Love My Audi White Printed Mug,Audi,no,gid://shopify/Product/8827685448
copy-of-i-love-my-audi-tt-printed-mug,I Love My Audi TT Printed Mug,Audi,no,gid://shopify/Product/8827689544
i-love-my-bmw-1-series-red-printed-mug,I Love My BMW 1 Series Red Printed Mug,BMW,no,gid://shopify/Product/8827692744
copy-of-i-love-my-bmw-1-series-black-printed-mug,I Love My BMW 1 Series Black Printed Mug,BMW,no,gid://shopify/Product/8827695176
i-love-my-bmw-3-series-white-printed-mug,I Love My BMW 3 Series White Printed Mug,BMW,no,gid://shopify/Product/8827696648
i-love-my-bmw-4-series-blue-printed-mug,I Love My BMW 4 Series Blue Printed Mug,BMW,no,gid://shopify/Product/8827697800
i-love-my-bmw-5-series-white-printed-mug,I Love My BMW 5 Series White Printed Mug,BMW,no,gid://shopify/Product/8827698504
i-love-my-bmw-7-series-white-printed-mug,I Love My BMW 7 Series White Printed Mug,BMW,no,gid://shopify/Product/8827698824
team-fortress-2-sniper-gaming-mugs,Team Fortress 2 Sniper - Gaming Mugs,Team Fortress 2 Sniper,no,gid://shopify/Product/8827699464
i-love-my-bmw-x5-printed-mug,I Love My BMW x5 Printed Mug,BMW,no,gid://shopify/Product/8827700104
team-liquid-csgo-gaming-mugs,Team Liquid CSGO - Gaming Mugs,Team Liquid CSGO,no,gid://shopify/Product/8827700424
valve-gaming-mugs,Valve - Gaming Mugs,Valve,no,gid://shopify/Product/8827700808
i-love-my-bugatti-chiron-printed-mug,I Love My Bugatti Chiron Printed Mug,Bugatti,no,gid://shopify/Product/8827701000
i-love-my-bugatti-veyron-printed-mug,I Love My Bugatti Veyron Printed Mug,Bugatti,no,gid://shopify/Product/8827702152
i-love-my-dodge-challenger-printed-mug,I Love My Dodge Challenger Printed Mug,Dodge,no,gid://shopify/Product/8827702600
i-love-my-dodge-changer-printed-mug,I Love My Dodge Charger Printed Mug,Dodge,no,gid://shopify/Product/8827703496
i-love-my-dodge-viper-printed-mug,I Love My Dodge Viper Printed Mug,Dodge,no,gid://shopify/Product/8827723848
i-love-tinder-dating-mug,I Love Tinder - Dating Mug,Tinder,no,gid://shopify/Product/8827736584
im-a-premium-member-on-tinder-dating-mug,I'm A Premium Member On Tinder - Dating Mug,Tinder,no,gid://shopify/Product/8827748296
i-love-my-jaguar-f-type-white-printed-mug,I Love My Jaguar XJ Black Printed Mug,Jaguar,no,gid://shopify/Product/8827752328
i-love-my-mazda-2-printed-mug,I Love My Mazda 2 Printed Mug,Mazda,no,gid://shopify/Product/8827755848
i-love-my-mazda-3-printed-mug,I Love My Mazda 3 Printed Mug,Mazda,no,gid://shopify/Product/8827756936
i-love-my-mazda-6-printed-mug,I Love My Mazda 6 Printed Mug,Mazda,no,gid://shopify/Product/8827758280
keep-calm-use-tinder-dating-mug,Keep Calm Use Tinder - Dating Mug,Tinder,no,gid://shopify/Product/8827758344
keep-calm-we-met-on-tinder-2-dating-mug,Keep Calm We Met On Tinder 2 - Dating Mug,Tinder,no,gid://shopify/Product/8827760328
i-love-my-mazda-cx3-printed-mug,I Love My Mazda CX3 Printed Mug,Mazda,no,gid://shopify/Product/8827760840
keep-calm-we-met-on-tinder-dating-mug,Keep Calm We Met On Tinder - Dating Mug,Tinder,no,gid://shopify/Product/8827761352
copy-of-i-love-my-mazda-cx5-printed-mug,I Love My Mazda CX5 Printed Mug,Mazda,no,gid://shopify/Product/8827764232
tinder-cross-or-heart-dating-mug,Tinder Cross Or Heart - Dating Mug,Tinder,no,gid://shopify/Product/8827764360
i-love-my-mazda-mx5-printed-mug,I Love My Mazda MX5 Printed Mug,Mazda,no,gid://shopify/Product/8827765832
tinder-love-at-first-swipe-dating-mug-1,Tinder Love At First Swipe - Dating Mug,Tinder,no,gid://shopify/Product/8827766600
i-love-my-mazda-rx8-printed-mug,I Love My Mazda RX8 Printed Mug,Mazda,no,gid://shopify/Product/8827767688
tinder-swipe-right-dating-mug,Tinder Swipe Right - Dating Mug,Tinder,no,gid://shopify/Product/8827769096
i-love-my-mercedes-a-class-printed-mug,I Love My Mercedes A Class Printed Mug FUNNY,Mercedes-Benz,no,gid://shopify/Product/8827769736
i-love-my-mercedes-c-class-printed-mug,I Love My Mercedes C Class Printed Mug FUNNY,Mercedes-Benz,no,gid://shopify/Product/8827771016
i-love-my-mercedes-cls-printed-mug,I Love My Mercedes Cls Printed Mug FUNNY,Mercedes-Benz,no,gid://shopify/Product/8827771592
i-love-my-mercedes-s-class-printed-mug,I Love My Mercedes S Class Printed Mug FUNNY,Mercedes-Benz,no,gid://shopify/Product/8827772552
i-love-my-porsche-911-red-printed-mug,I Love My Porsche 911 Red Printed Mug FUNNY,Porsche,no,gid://shopify/Product/8827773512
i-love-my-range-rover-printed-mug,I Love My Range Rover Printed Mug FUNNY,Land Rover (Range Rover),no,gid://shopify/Product/8827774536
initial-c-your-name-scrabble-mug,"Initial ""C"" Your Name Scrabble Mug FUNNY",Scrabble,no,gid://shopify/Product/8827774600
i-love-my-rolls-royce-dawn-printed-mug,I Love My Rolls Royce Dawn Printed Mug FUNNY,Rolls-Royce,no,gid://shopify/Product/8827775368
initial-d-your-name-scrabble-mug,"Initial ""D"" Your Name Scrabble Mug FUNNY",Scrabble,no,gid://shopify/Product/8827776008
i-love-my-rolls-royce-ghost-printed-mug,I Love My Rolls Royce Ghost Printed Mug FUNNY,Rolls-Royce,no,gid://shopify/Product/8827776200
initial-e-your-name-scrabble-mug,"Initial ""E"" Your Name Scrabble Mug FUNNY",Scrabble,no,gid://shopify/Product/8827776584
initial-f-your-name-scrabble-mug,"Initial ""F"" Your Name Scrabble Mug FUNNY",Scrabble,no,gid://shopify/Product/8827776968
i-love-my-rolls-royce-phantom-printed-mug,I Love My Rolls Royce Phantom Printed Mug FUNNY,Rolls-Royce,no,gid://shopify/Product/8827777032
initial-g-your-name-scrabble-mug,"Initial ""G"" Your Name Scrabble Mug FUNNY",Scrabble,no,gid://shopify/Product/8827777416
initial-h-your-name-scrabble-mug,"Initial ""H"" Your Name Scrabble Mug FUNNY",Scrabble,no,gid://shopify/Product/8827777800
i-love-my-rolls-royce-wraith-printed-mug,I Love My Rolls Royce Wraith Printed Mug FUNNY,Rolls-Royce,no,gid://shopify/Product/8827777928
i-love-my-subaru-brz-printed-mug,I Love My Subaru BRZ Printed Mug FUNNY,Subaru,no,gid://shopify/Product/8827778824
i-love-my-subaru-impreza-printed-mug,I Love My Subaru Impreza Printed Mug FUNNY,Subaru,no,gid://shopify/Product/8827779848
i-love-my-subaru-wrx-printed-mug,I Love My Subaru WRX Printed Mug FUNNY,Subaru,no,gid://shopify/Product/8827780296
initial-i-your-name-scrabble-mug,"Initial ""I"" Your Name Scrabble Mug FUNNY",Scrabble,no,gid://shopify/Product/8827793672
initial-j-your-name-scrabble-mug,"Initial ""J"" Your Name Scrabble Mug FUNNY",Scrabble,no,gid://shopify/Product/8827794056
initial-k-your-name-scrabble-mug,"Initial ""K"" Your Name Scrabble Mug FUNNY",Scrabble,no,gid://shopify/Product/8827794952
initial-l-your-name-scrabble-mug,"Initial ""L"" Your Name Scrabble Mug FUNNY",Scrabble,no,gid://shopify/Product/8827796040
initial-m-your-name-scrabble-mug,"Initial ""M"" Your Name Scrabble Mug FUNNY",Scrabble,no,gid://shopify/Product/8827796360
initial-n-your-name-scrabble-mug,"Initial ""N"" Your Name Scrabble Mug FUNNY",Scrabble,no,gid://shopify/Product/8827806280
initial-o-your-name-scrabble-mug,"Initial ""O"" Your Name Scrabble Mug FUNNY",Scrabble,no,gid://shopify/Product/8827807560
initial-p-your-name-scrabble-mug,"Initial ""P"" Your Name Scrabble Mug FUNNY",Scrabble,no,gid://shopify/Product/8827808776
initial-q-your-name-scrabble-mug,"Initial ""R"" Your Name Scrabble Mug FUNNY",Scrabble,no,gid://shopify/Product/8827809928
initial-s-your-name-scrabble-mug,"Initial ""S"" Your Name Scrabble Mug FUNNY",Scrabble,no,gid://shopify/Product/8827810440
initial-t-your-name-scrabble-mug,"Initial ""T"" Your Name Scrabble Mug FUNNY",Scrabble,no,gid://shopify/Product/8827811848
initial-u-your-name-scrabble-mug,"Initial ""U"" Your Name Scrabble Mug FUNNY",Scrabble,no,gid://shopify/Product/8827812488
initial-v-your-name-scrabble-mug,"Initial ""V"" Your Name Scrabble Mug FUNNY",Scrabble,no,gid://shopify/Product/8827812808
initial-w-your-name-scrabble-mug,"Initial ""W"" Your Name Scrabble Mug FUNNY",Scrabble,no,gid://shopify/Product/8827813128
initial-x-your-name-scrabble-mug,"Initial ""Y"" Your Name Scrabble Mug FUNNY",Scrabble,no,gid://shopify/Product/8827816904
initial-z-your-name-scrabble-mug,"Initial ""Z"" Your Name Scrabble Mug FUNNY",Scrabble,no,gid://shopify/Product/8827819336
initial-x-your-name-scrabble-mug-1,"Initial ""X"" Your Name Scrabble Mug FUNNY",Scrabble,no,gid://shopify/Product/8827819656
i-love-adele-i-love-celebrity-mug,I Love ADELE Celebrity Mug,Adele,no,gid://shopify/Product/8828112776
i-loveaerosmith-i-love-celebrity-mug,I Love AEROSMITH Celebrity Mug,Aerosmith,no,gid://shopify/Product/8828114184
i-love-alan-jackson-i-love-celebrity-mug,I Love ALAN JACKSON Celebrity Mug,Alan Jackson,no,gid://shopify/Product/8828115144
i-love-alicia-keys-i-love-celebrity-mug,I Love ALICIA KEYS Celebrity Mug,Alicia Keys,no,gid://shopify/Product/8828116168
i-love-andy-williams-i-love-celebrity-mug,I Love ANDY WILLIAMS Celebrity Mug,Andy Williams,no,gid://shopify/Product/8828117256
i-love-aretha-franklin-i-love-celebrity-mug,I Love ARETHA FRANKLIN Celebrity Mug,Aretha Franklin,no,gid://shopify/Product/8828118408
i-love-backstreet-boys-i-love-celebrity-mug,I Love BACKSTREET BOYS Celebrity Mug,Backstreet Boys,no,gid://shopify/Product/8828118856
i-love-barbra-streisand-i-love-celebrity-mug,I Love BARBRA STREISAND Celebrity Mug,Barbra Streisand,no,gid://shopify/Product/8828128008
i-love-beyonce-i-love-celebrity-mug,I Love BEYONCE Celebrity Mug,Beyoncé,no,gid://shopify/Product/8828130888
i-love-billy-joel-i-love-celebrity-mug,I Love BILLY JOEL Celebrity Mug,Billy Joel,no,gid://shopify/Product/8828155528
i-love-bob-dylan-i-love-celebrity-mug,I Love BOB DYLAN Celebrity Mug,Bob Dylan,no,gid://shopify/Product/8828156936
i-love-bob-seger-i-love-celebrity-mug,I Love BOB SEGER Celebrity Mug,Bob Seger,no,gid://shopify/Product/8828158600
i-love-bon-jovi-i-love-celebrity-mug,I Love BON JOVI Celebrity Mug,Bon Jovi,no,gid://shopify/Product/8828159944
i-love-boyz-ii-men-i-love-celebrity-mug,I Love BOYZ II MEN Celebrity Mug,Boyz II Men,no,gid://shopify/Product/8828163400
i-love-britney-spears-i-love-celebrity-mug,I Love BRITNEY SPEARS Celebrity Mug,Britney Spears,no,gid://shopify/Product/8833360968
i-love-bruce-springsteen-i-love-celebrity-mug,I Love BRUCE SPRINGSTEEN Celebrity Mug,Bruce Springsteen,no,gid://shopify/Product/8833364488
i-love-carole-king-i-love-celebrity-mug,I Love CAROLE KING Celebrity Mug,Carole King,no,gid://shopify/Product/8833366024
i-love-cat-stevens-i-love-celebrity-mug,I Love CAT STEVENS Celebrity Mug,Cat Stevens,no,gid://shopify/Product/8833371400
i-love-celine-dion-i-love-celebrity-mug,I Love CELINE DION Celebrity Mug,Celine Dion,no,gid://shopify/Product/8833373960
i-love-chicago-i-love-celebrity-mug,I Love CREEDENCE CLEARWATER REVIVAL Celebrity Mug,Creedence Clearwater Revival,no,gid://shopify/Product/8833376136
i-love-def-leppard-i-love-celebrity-mug,I Love DEF LEPPARD Celebrity Mug,Def Leppard,no,gid://shopify/Product/8833387528
i-love-dixie-chicks-i-love-celebrity-mug,I Love DIXIE CHICKS Celebrity Mug,Dixie Chicks,no,gid://shopify/Product/8833392840
i-love-drake-i-love-celebrity-mug,I Love DRAKE Celebrity Mug,Drake,no,gid://shopify/Product/8833395528
i-love-eagles-i-love-celebrity-mug,I Love EAGLES Celebrity Mug,Eagles,no,gid://shopify/Product/8833398344
i-love-earth-wind-fire-i-love-celebrity-mug,"I Love EARTH, WIND & FIRE Celebrity Mug","Earth, Wind & Fire",no,gid://shopify/Product/8833408264
i-love-elton-john-i-love-celebrity-mug,I Love ELTON JOHN Celebrity Mug,Elton John,no,gid://shopify/Product/8833411400
i-love-elvis-presley-i-love-celebrity-mug,I Love ELVIS PRESLEY Celebrity Mug,Elvis Presley,no,gid://shopify/Product/8833415560
i-love-eminem-i-love-celebrity-mug,I Love EMINEM Celebrity Mug,Eminem,no,gid://shopify/Product/8833417608
i-love-eric-clapton-i-love-celebrity-mug,I Love ERIC CLAPTON Celebrity Mug,Eric Clapton,no,gid://shopify/Product/8833419400
i-love-fleetwood-mac-i-love-celebrity-mug,I Love FLEETWOOD MAC Celebrity Mug,Fleetwood Mac,no,gid://shopify/Product/8833421448
i-love-frank-sinatra-i-love-celebrity-mug,I Love FRANK SINATRA Celebrity Mug,Frank Sinatra,no,gid://shopify/Product/8833424008
i-love-garth-brooks-i-love-celebrity-mug,I Love GARTH BROOKS Celebrity Mug,Garth Brooks,no,gid://shopify/Product/8833429768
i-love-george-strait-i-love-celebrity-mug,I Love GEORGE STRAIT Celebrity Mug,George Strait,no,gid://shopify/Product/8833432392
i-love-green-day-i-love-celebrity-mug,I Love GREEN DAY Celebrity Mug,Green Day,no,gid://shopify/Product/8833434632
i-love-guns-n-roses-i-love-celebrity-mug,I Love GUNS N' ROSES Celebrity Mug,Guns N' Roses,no,gid://shopify/Product/8833437448
i-love-heart-i-love-celebrity-mug,I Love HEART Celebrity Mug,Heart,no,gid://shopify/Product/8833439432
i-love-james-taylor-i-love-celebrity-mug,I Love JAMES TAYLOR Celebrity Mug,James Taylor,no,gid://shopify/Product/8833442248
i-love-janet-jackson-i-love-celebrity-mug,I Love JANET JACKSON Celebrity Mug,Janet Jackson,no,gid://shopify/Product/8833456328
i-love-jay-z-i-love-celebrity-mug,I Love JAY Z Celebrity Mug,Jay Z,no,gid://shopify/Product/8833458504
i-love-jethro-tull-i-love-celebrity-mug,I Love JETHRO TULL Celebrity Mug,Jethro Tull,no,gid://shopify/Product/8833463240
i-love-john-denver-i-love-celebrity-mug,I Love JOHN DENVER Celebrity Mug,John Denver,no,gid://shopify/Product/8833465672
i-love-john-mellencamp-i-love-celebrity-mug,I Love JOHN MELLENCAMP Celebrity Mug,John Mellencamp,no,gid://shopify/Product/8833468936
i-love-josh-groban-i-love-celebrity-mug,I Love JOSH GROBAN Celebrity Mug,Josh Groban,no,gid://shopify/Product/8833473096
i-love-journey-i-love-celebrity-mug-1,I Love JOURNEY Celebrity Mug,Journey,no,gid://shopify/Product/8833477512
i-love-justin-bieber-i-love-celebrity-mug,I Love JUSTIN BIEBER Celebrity Mug,Justin Bieber,no,gid://shopify/Product/8833485000
i-love-kenny-chesney-i-love-celebrity-mug,I Love KENNY CHESNEY Celebrity Mug,Kenny Chesney,no,gid://shopify/Product/8833488072
i-love-kenny-g-i-love-celebrity-mug,I Love KENNY G Celebrity Mug,Kenny G,no,gid://shopify/Product/8833492744
i-love-kid-rock-i-love-celebrity-mug,I Love KID ROCK Celebrity Mug,Kid Rock,no,gid://shopify/Product/8833493832
i-love-lady-gaga-i-love-celebrity-mug,I Love LADY GAGA Celebrity Mug,Lady Gaga,no,gid://shopify/Product/8833494728
i-love-led-zeppelin-i-love-celebrity-mug,I Love LED ZEPPELIN Celebrity Mug,Led Zeppelin,no,gid://shopify/Product/8833496840
i-love-linda-ronstadt-i-love-celebrity-mug,I Love LINDA RONSTADT Celebrity Mug,Linda Ronstadt,no,gid://shopify/Product/8833499208
i-love-linkin-park-i-love-celebrity-mug,I Love LINKIN PARK Celebrity Mug,Linkin Park,no,gid://shopify/Product/8833501000
i-love-madonna-i-love-celebrity-mug,I Love MADONNA Celebrity Mug,Madonna,no,gid://shopify/Product/8833512584
copy-of-i-love-mariah-carey-i-love-celebrity-mug,I Love MARIAH CAREY Celebrity Mug,Mariah Carey,no,gid://shopify/Product/8833535624
i-love-mary-j-blige-i-love-celebrity-mug,I Love MARY J. BLIGE Celebrity Mug,Mary J. Blige,no,gid://shopify/Product/8833541384
i-love-metallicae-i-love-celebrity-mug,I Love METALLICA Celebrity Mug,Metallica,no,gid://shopify/Product/8833543432
i-love-michael-bolton-i-love-celebrity-mug,I Love MILEY CYRUS Celebrity Mug,Miley Cyrus,no,gid://shopify/Product/8833549576
i-love-neil-diamond-i-love-celebrity-mug,I Love NEIL DIAMOND Celebrity Mug Gift Office Mug,Neil Diamond,no,gid://shopify/Product/8833555976
i-love-neil-young-i-love-celebrity-mug,I Love NEIL YOUNG Celebrity Mug Gift Office Mug,Neil Young,no,gid://shopify/Product/8833558152
i-love-nelly-i-love-celebrity-mug,I Love NELLY Celebrity Mug,Nelly,no,gid://shopify/Product/8833560840
i-love-nickelback-i-love-celebrity-mug,I Love NICKELBACK Celebrity Mug,Nickelback,no,gid://shopify/Product/8833569352
i-love-norah-jones-i-love-celebrity-mug,I Love NORAH JONES Celebrity Mug,Norah Jones,no,gid://shopify/Product/8833571976
i-love-p-nk-i-love-celebrity-mug,I Love P!NK Celebrity Mug,P!nk,no,gid://shopify/Product/8833575816
i-love-paul-mccartney-i-love-celebrity-mug,I Love PAUL MCCARTNEY Celebrity Mug,Paul McCartney,no,gid://shopify/Product/8833578568
i-love-paul-simon-i-love-celebrity-mug,I Love PAUL SIMON Celebrity Mug,Paul Simon,no,gid://shopify/Product/8833581832
i-love-pearl-jam-i-love-celebrity-mug,I Love PEARL JAM Celebrity Mug,Pearl Jam,no,gid://shopify/Product/8833583688
i-love-peter-paul-mary-i-love-celebrity-mug,"I Love PETER, PAUL & MARY Celebrity Mug","Peter, Paul & Mary",no,gid://shopify/Product/8833585096
i-love-pink-floyd-i-love-celebrity-mug,I Love PINK FLOYD Celebrity Mug,Pink Floyd,no,gid://shopify/Product/8833586184
i-love-prince-i-love-celebrity-mug,I Love PRINCE Celebrity Mug,Prince,no,gid://shopify/Product/8833587592
i-love-r-kelly-i-love-celebrity-mug,I Love R. KELLY Celebrity Mug,R. Kelly,no,gid://shopify/Product/8833589576
i-love-rascal-flatts-i-love-celebrity-mug,I Love RASCAL FLATTS Celebrity Mug,Rascal Flatts,no,gid://shopify/Product/8833592776
i-love-rod-stewart-i-love-celebrity-mug,I Love ROD STEWART Celebrity Mug,Rod Stewart,no,gid://shopify/Product/8833595464
i-love-santana-i-love-celebrity-mug,I Love SANTANA Celebrity Mug,Santana,no,gid://shopify/Product/8833600776
i-love-simon-garfunkel-i-love-celebrity-mug,I Love SIMON & GARFUNKEL Celebrity Mug,Simon & Garfunkel,no,gid://shopify/Product/8833603656
i-love-stevie-wonder-i-love-celebrity-mug,I Love STEVIE WONDER Celebrity Mug,Stevie Wonder,no,gid://shopify/Product/8833607368
i-love-the-beach-boys-i-love-celebrity-mug,I Love THE BEACH BOYS Celebrity Mug,The Beach Boys,no,gid://shopify/Product/8833630088
i-love-the-beatles-i-love-celebrity-mug,I Love THE BEATLES Celebrity Mug,The Beatles,no,gid://shopify/Product/8833640136
i-love-the-doobie-brothers-i-love-celebrity-mug,I Love THE DOOBIE BROTHERS Celebrity Mug,The Doobie Brothers,no,gid://shopify/Product/8833644552
i-love-the-monkees-i-love-celebrity-mug,I Love THE MONKEES Celebrity Mug,The Monkees,no,gid://shopify/Product/8833651272
i-love-the-moody-blues-i-love-celebrity-mug,I Love THE MOODY BLUES Celebrity Mug,The Moody Blues,no,gid://shopify/Product/8833657864
i-love-the-rolling-stones-i-love-celebrity-mug,I Love THE ROLLING STONES Celebrity Mug,The Rolling Stones,no,gid://shopify/Product/8833663624
i-love-the-supremes-i-love-celebrity-mug,I Love THE SUPREMES Celebrity Mug,The Supremes,no,gid://shopify/Product/8833666312
i-love-the-temptations-i-love-celebrity-mug,I Love THE TEMPTATIONS Celebrity Mug,The Temptations,no,gid://shopify/Product/8833669000
i-love-the-who-i-love-celebrity-mug,I Love THE WHO Celebrity Mug,The Who,no,gid://shopify/Product/8833674760
i-love-tim-mcgraw-i-love-celebrity-mug,I Love TIM MCGRAW Celebrity Mug,Tim McGraw,no,gid://shopify/Product/8833677192
i-love-toby-keith-i-love-celebrity-mug,I Love TOBY KEITH Celebrity Mug,Toby Keith,no,gid://shopify/Product/8833680328
i-love-u2-i-love-celebrity-mug,I Love U2 Celebrity Mug,U2,no,gid://shopify/Product/8833683272
i-love-usher-i-love-celebrity-mug,I Love USHER Celebrity Mug,Usher,no,gid://shopify/Product/8833686280
i-love-van-halen-i-love-celebrity-mug,I Love VAN HALEN Celebrity Mug,Van Halen,no,gid://shopify/Product/8833691656
i-love-whitney-houston-i-love-celebrity-mug,I Love WHITNEY HOUSTON Celebrity Mug,Whitney Houston,no,gid://shopify/Product/8833693448
i-love-a-ap-rocky-i-love-celebrity-mug,I Love ARIANA GRANDE Celebrity Mug,Ariana Grande,no,gid://shopify/Product/8833705992
i-love-beyonce-i-love-celebrity-mug-1,I Love BLAKE SHELTON Celebrity Mug,Blake Shelton,no,gid://shopify/Product/8833720648
i-love-blink-182-i-love-celebrity-mug,I Love BLINK 182 Celebrity Mug,blink-182,no,gid://shopify/Product/8833728776
i-love-bryson-tiller-i-love-celebrity-mug,I Love BRYSON TILLER Celebrity Mug,Bryson Tiller,no,gid://shopify/Product/8833731784
i-love-carrie-underwood-i-love-celebrity-mug-1,I Love CARRIE UNDERWOOD Celebrity Mug,Carrie Underwood,no,gid://shopify/Product/8833734216
i-love-chance-the-rapper-i-love-celebrity-mug,I Love CHANCE THE RAPPER Celebrity Mug,Chance the Rapper,no,gid://shopify/Product/8833736392
i-love-charlie-puth-i-love-celebrity-mug,I Love CHARLIE PUTH Celebrity Mug,Charlie Puth,no,gid://shopify/Product/8833738504
i-love-chris-brown-i-love-celebrity-mug,I Love CHRIS BROWN Celebrity Mug,Chris Brown,no,gid://shopify/Product/8833741320
i-love-chris-stapleton-i-love-celebrity-mug,I Love CHRIS STAPLETON Celebrity Mug,Chris Stapleton,no,gid://shopify/Product/8833744456
i-love-chris-young-i-love-celebrity-mug,I Love CHRIS YOUNG Celebrity Mug,Chris Young,no,gid://shopify/Product/8833746056
i-love-coldplay-i-love-celebrity-mug,I Love COLDPLAY Celebrity Mug,Coldplay,no,gid://shopify/Product/8833747400
i-love-cole-swindell-i-love-celebrity-mug,I Love COLE SWINDELL Celebrity Mug,Cole Swindell,no,gid://shopify/Product/8833749000
i-love-david-bowie-i-love-celebrity-mug,I Love DAVID BOWIE Celebrity Mug,David Bowie,no,gid://shopify/Product/8833751176
i-love-dayay-i-love-celebrity-mug,I Love DAYAY Celebrity Mug,Daya,no,gid://shopify/Product/8833754056
i-love-demi-lovato-i-love-celebrity-mug,I Love DEMI LOVATO Celebrity Mug,Demi Lovato,no,gid://shopify/Product/8833756040
i-love-dierks-bentley-i-love-celebrity-mug,I Love DIERKS BENTLEY Celebrity Mug,Dierks Bentley,no,gid://shopify/Product/8833758536
i-love-disturbed-i-love-celebrity-mug,I Love DJ KHALED Celebrity Mug,DJ Khaled,no,gid://shopify/Product/8833760264
i-love-dnce-i-love-celebrity-mug,I Love DNCE Celebrity Mug,DNCE,no,gid://shopify/Product/8833764104
i-love-drake-i-love-celebrity-mug-1,I Love DRAKE Celebrity Mug,Drake,no,gid://shopify/Product/8833766216
i-love-eagles-i-love-celebrity-mug-1,I Love EAGLES Celebrity Mug,Eagles,no,gid://shopify/Product/8833770376
i-love-ed-sheeran-i-love-celebrity-mug,I Love ED SHEERAN Celebrity Mug,Ed Sheeran,no,gid://shopify/Product/8833772616
i-love-elle-king-i-love-celebrity-mug,I Love ELLE KING Celebrity Mug,Elle King,no,gid://shopify/Product/8833777416
i-love-ellie-goulding-i-love-celebrity-mug,I Love ELLIE GOULDING Celebrity Mug,Ellie Goulding,no,gid://shopify/Product/8833779656
i-love-eminem-i-love-celebrity-mug-1,I Love EMINEM Celebrity Mug,Eminem,no,gid://shopify/Product/8833782344
i-love-eric-church-i-love-celebrity-mug,I Love ERIC CHURCH Celebrity Mug,Eric Church,no,gid://shopify/Product/8833785032
i-love-fall-out-boy-i-love-celebrity-mug,I Love FALL OUT BOY Celebrity Mug,Fall Out Boy,no,gid://shopify/Product/8833786760
i-love-fetty-wap-i-love-celebrity-mug,I Love FETTY WAP Celebrity Mug,Fetty Wap,no,gid://shopify/Product/8833787976
i-love-fifth-harmony-i-love-celebrity-mug,I Love FIFTH HARMONY Celebrity Mug,Fifth Harmony,no,gid://shopify/Product/8833789128
i-love-flo-rida-i-love-celebrity-mug,I Love FLO RIDA Celebrity Mug,Flo Rida,no,gid://shopify/Product/8833790536
i-love-florida-georgia-line-i-love-celebrity-mug,I Love FLORIDA GEORGIA LINE Celebrity Mug,Florida Georgia Line,no,gid://shopify/Product/8833792712
i-love-frank-ocean-i-love-celebrity-mug,I Love FRANK OCEAN Celebrity Mug,Frank Ocean,no,gid://shopify/Product/8833794824
i-love-future-i-love-celebrity-mug,I Love FUTURE Celebrity Mug,Future,no,gid://shopify/Product/8833796680
i-love-g-eazy-i-love-celebrity-mug,I Love G EAZY Celebrity Mug,G-Eazy,no,gid://shopify/Product/8833800200
i-love-halsey-i-love-celebrity-mug,I Love HALSEY Celebrity Mug,Halsey,no,gid://shopify/Product/8833804040
i-love-hozier-i-love-celebrity-mug,I Love HOZIER Celebrity Mug,Hozier,no,gid://shopify/Product/8833807048
i-love-imagine-dragons-i-love-celebrity-mug,I Love IMAGINE DRAGONS Celebrity Mug,Imagine Dragons,no,gid://shopify/Product/8833809672
i-love-j-cole-i-love-celebrity-mug,I Love J. COLE Celebrity Mug,J. Cole,no,gid://shopify/Product/8833812296
i-love-james-bay-i-love-celebrity-mug,I Love JAMES BAY Celebrity Mug,James Bay,no,gid://shopify/Product/8833813960
i-love-jason-aldean-i-love-celebrity-mug,I Love JASON ALDEAN Celebrity Mug,Jason Aldean,no,gid://shopify/Product/8833816648
i-love-jeremih-i-love-celebrity-mug,I Love JEREMIH Celebrity Mug,Jeremih,no,gid://shopify/Product/8833819144
i-love-joey-rory-i-love-celebrity-mug,I Love JOEY + RORY Celebrity Mug,Joey + Rory,no,gid://shopify/Product/8833821256
i-love-journey-i-love-celebrity-mug-2,I Love KANYE WEST Celebrity Mug,Kanye West,no,gid://shopify/Product/8833823560
i-love-keith-urban-i-love-celebrity-mug,I Love KEITH URBAN Celebrity Mug,Keith Urban,no,gid://shopify/Product/8833828552
i-love-kendrick-lamar-i-love-celebrity-mug,I Love KENDRICK LAMAR Celebrity Mug,Kendrick Lamar,no,gid://shopify/Product/8833830792
i-love-kevin-gates-i-love-celebrity-mug,I Love KEVIN GATES Celebrity Mug,Kevin Gates,no,gid://shopify/Product/8833832328
i-love-kidz-bop-kids-i-love-celebrity-mug,I Love KIDZ BOP KIDS Celebrity Mug,Kidz Bop Kids,no,gid://shopify/Product/8833834440
i-love-lady-gagas-i-love-celebrity-mug,I Love LADY GAGA Celebrity Mug,Lady Gaga,no,gid://shopify/Product/8833837320
i-love-lana-del-rey-i-love-celebrity-mug,I Love LANA DEL REY Celebrity Mug,Lana Del Rey,no,gid://shopify/Product/8833840072
i-love-lauren-daigle-i-love-celebrity-mug,I Love LAUREN DAIGLE Celebrity Mug,Lauren Daigle,no,gid://shopify/Product/8833843144
i-love-logic-i-love-celebrity-mug,I Love LOGIC Celebrity Mug,Logic,no,gid://shopify/Product/8833845064
i-love-lukas-graham-i-love-celebrity-mug,I Love LUKAS GRAHAM Celebrity Mug,Lukas Graham,no,gid://shopify/Product/8833846984
i-love-luke-bryan-i-love-celebrity-mug,I Love LUKE BRYAN Celebrity Mug,Luke Bryan,no,gid://shopify/Product/8833848200
i-love-meghan-trainor-i-love-celebrity-mug,I Love MEGHAN TRAINOR Celebrity Mug,Meghan Trainor,no,gid://shopify/Product/8833850184
i-love-melanie-martinez-i-love-celebrity-mug,I Love MELANIE MARTINEZ Celebrity Mug,Melanie Martinez,no,gid://shopify/Product/8833853000
i-love-michael-buble-i-love-celebrity-mug,I Love MICHAEL BUBLE Celebrity Mug,Michael Buble,no,gid://shopify/Product/8833854920
i-love-mike-posner-i-love-celebrity-mug,I Love MIKE POSNER Celebrity Mug,Mike Posner,no,gid://shopify/Product/8833856392
i-love-nicki-minaj-i-love-celebrity-mug,I Love NICKI MINAJ Celebrity Mug,Nicki Minaj,no,gid://shopify/Product/8833858632
i-love-old-dominion-i-love-celebrity-mug,I Love OLD DOMINION Celebrity Mug,Old Dominion,no,gid://shopify/Product/8833861000
i-love-one-direction-i-love-celebrity-mug,I Love ONE DIRECTION Celebrity Mug,One Direction,no,gid://shopify/Product/8833863304
i-love-panic-at-the-disco-i-love-celebrity-mug,I Love PANIC! AT THE DISCO Celebrity Mug,Panic! at the Disco,no,gid://shopify/Product/8833865608
i-love-pentatonix-i-love-celebrity-mug,I Love PENTATONIX Celebrity Mug,Pentatonix,no,gid://shopify/Product/8833869704
i-love-prince-i-love-celebrity-mug-1,I Love PRINCE Celebrity Mug,Prince,no,gid://shopify/Product/8833870984
i-love-queen-i-love-celebrity-mug,I Love QUEEN Celebrity Mug,Queen,no,gid://shopify/Product/8833872520
i-love-rachel-platten-i-love-celebrity-mug,I Love RACHEL PLATTEN Celebrity Mug,Rachel Platten,no,gid://shopify/Product/8833874184
i-love-radiohead-i-love-celebrity-mug,I Love RADIOHEAD Celebrity Mug,Radiohead,no,gid://shopify/Product/8833876744
i-love-rae-sremmurd-i-love-celebrity-mug,I Love RAE SREMMURD Celebrity Mug,Rae Sremmurd,no,gid://shopify/Product/8833879176
i-love-red-hot-chili-peppers-i-love-celebrity-mug,I Love RED HOT CHILI PEPPERS Celebrity Mug,Red Hot Chili Peppers,no,gid://shopify/Product/8833882952
i-love-rihannas-i-love-celebrity-mug,I Love RIHANNA Celebrity Mug,Rihanna,no,gid://shopify/Product/8833897928
i-love-sam-hunt-i-love-celebrity-mug,I Love SAM HUNT Celebrity Mug,Sam Hunt,no,gid://shopify/Product/8833900360
i-love-sam-smith-i-love-celebrity-mug,I Love SAM SMITH Celebrity Mug,Sam Smith,no,gid://shopify/Product/8833901704
i-love-selena-gomez-i-love-celebrity-mug,I Love SELENA GOMEZ Celebrity Mug,Selena Gomez,no,gid://shopify/Product/8833903112
i-love-shawn-mendes-i-love-celebrity-mug,I Love SHAWN MENDES Celebrity Mug,Shawn Mendes,no,gid://shopify/Product/8833904584
i-love-sia-i-love-celebrity-mug,I Love SIA Celebrity Mug,Sia,no,gid://shopify/Product/8833906120
i-love-the-1975-i-love-celebrity-mug,I Love THE 1975 Celebrity Mug,The 1975,no,gid://shopify/Product/8833907464
i-love-the-beatles-i-love-celebrity-mug-1,I Love THE BEATLES Celebrity Mug,The Beatles,no,gid://shopify/Product/8833908872
i-love-the-chainsmokers-i-love-celebrity-mug,I Love THE CHAINSMOKERS Celebrity Mug,The Chainsmokers,no,gid://shopify/Product/8833910152
i-love-the-lumineers-i-love-celebrity-mug,I Love THE LUMINEERS Celebrity Mug,The Lumineers,no,gid://shopify/Product/8833912392
i-love-the-weeknd-i-love-celebrity-mug,I Love THE WEEKND Celebrity Mug,The Weeknd,no,gid://shopify/Product/8833914696
i-love-thomas-rhett-i-love-celebrity-mug,I Love THOMAS RHETT Celebrity Mug,Thomas Rhett,no,gid://shopify/Product/8833917000
i-love-trans-siberian-orchestra-i-love-celebrity-mug,I Love TRANS SIBERIAN ORCHESTRA Celebrity Mug,Trans Siberian Orchestra,no,gid://shopify/Product/8833919112
i-love-travis-scott-i-love-celebrity-mug,I Love TRAVIS SCOTT Celebrity Mug,Travis Scott,no,gid://shopify/Product/8833921032
i-love-troye-sivan-i-love-celebrity-mug,I Love ~TROYE SIVAN Celebrity Mug,Troye Sivan,no,gid://shopify/Product/8833924296
i-love-twenty-one-pilots-i-love-celebrity-mug,I Love TWENTY ONE PILOTS Celebrity Mug,Twenty One Pilots,no,gid://shopify/Product/8833925960
i-love-x-ambassadors-i-love-celebrity-mug,I Love X AMBASSADORS Celebrity Mug,X Ambassadors,no,gid://shopify/Product/8833927688
i-love-zac-brown-band-i-love-celebrity-mug,I Love ZAC BROWN BAND Celebrity Mug,Zac Brown Band,no,gid://shopify/Product/8833929736
i-love-zayn-i-love-celebrity-mug,I Love ZAYN Celebrity Mug,Zayn,no,gid://shopify/Product/8833931208
duff-beer-simpsons-orange-adult-mug,Duff Beer Simpsons Orange Mug Adult Mug Gift,The Simpsons; Duff Beer,no,gid://shopify/Product/8834008584
duff-beer-simpsons-red-adult-mug,Duff Beer Simpsons Red Mug Adult Mug Gift,The Simpsons; Duff Beer,no,gid://shopify/Product/8834009608
bolton-wanderers-football-team-mug-personalised-birthday-age-and-name,Bolton Wanderers INSPIRED Football Team Mug Personalised Mug,Bolton Wanderers,no,gid://shopify/Product/8834996744
bradford-city-football-team-mug-personalised-birthday-age-and-name,Bradford City INSPIRED Football Team Mug Personalised Mug,Bradford City,no,gid://shopify/Product/8835001992
bristol-rovers-football-team-mug-personalised-birthday-age-and-name,Bristol Rovers INSPIRED Football Team Mug Personalised Mug,Bristol Rovers,no,gid://shopify/Product/8835008008
bury-football-team-mug-personalised-birthday-age-and-name,Bury INSPIRED Football Team Mug Personalised Mug,Bury,no,gid://shopify/Product/8835012040
charlton-athletic-football-team-mug-personalised-birthday-age-and-name,Charlton Athletic INSPIRED Football Team Mug Personalised Mug,Charlton Athletic,no,gid://shopify/Product/8835017416
chesterfield-football-team-mug-personalised-birthday-age-and-name,Chesterfield INSPIRED Football Team Mug Personalised Mug,Chesterfield,no,gid://shopify/Product/8835027272
coventry-city-football-team-mug-personalised-birthday-age-and-name,Coventry City INSPIRED Football Team Mug Personalised Mug,Coventry City,no,gid://shopify/Product/8835034888
fleetwood-town-football-team-mug-personalised-birthday-age-and-name,Fleetwood Town INSPIRED Football Team Mug Personalised Mug,Fleetwood Town,no,gid://shopify/Product/8835039240
gillingham-football-team-mug-personalised-birthday-age-and-name,Gillingham INSPIRED Football Team Mug Personalised Mug,Gillingham,no,gid://shopify/Product/8835047112
milton-keynes-dons-football-team-mug-personalised-birthday-age-and-name,Milton Keynes Dons INSPIRED Football Team Mug Personalised Mug,Milton Keynes Dons,no,gid://shopify/Product/8835054472
milwall-football-team-mug-personalised-birthday-age-and-name,Milwall INSPIRED Football Team Mug Personalised Mug,Milwall,no,gid://shopify/Product/8835059336
northampton-town-football-team-mug-personalised-birthday-age-and-name,Northampton Town INSPIRED Football Team Mug Personalised Mug,Northampton Town,no,gid://shopify/Product/8835091016
oldham-athletic-football-team-mug-personalised-birthday-age-and-name,Oldham Athletic INSPIRED Football Team Mug Personalised Mug,Oldham Athletic,no,gid://shopify/Product/8835111176
oxford-united-football-team-mug-personalised-birthday-age-and-name,Oxford United INSPIRED Football Team Mug Personalised Mug,Oxford United,no,gid://shopify/Product/8835122632
peterborough-united-football-team-mug-personalised-birthday-age-and-name,Peterborough United INSPIRED Football Team Mug Personalised Mug,Peterborough United,no,gid://shopify/Product/8835137544
port-vale-football-team-mug-personalised-birthday-age-and-name,Port Vale INSPIRED Football Team Mug Personalised Mug,Port Vale,no,gid://shopify/Product/8835149128
rochdale-football-team-mug-personalised-birthday-age-and-name,Rochdale INSPIRED Football Team Mug Personalised Mug,Rochdale,no,gid://shopify/Product/8835168520
scunthorpe-united-football-team-mug-personalised-birthday-age-and-name,Scunthorpe United INSPIRED Football Team Mug Personalised Mug,Scunthorpe United,no,gid://shopify/Product/8835179720
sheffield-united-football-team-mug-personalised-birthday-age-and-name,Sheffield United INSPIRED Football Team Mug Personalised Mug,Sheffield United,no,gid://shopify/Product/8835187848
shrewsbury-town-football-team-mug-personalised-birthday-age-and-name,Shrewsbury Town INSPIRED Football Team Mug Personalised Mug,Shrewsbury Town,no,gid://shopify/Product/8835193736
southend-united-football-team-mug-personalised-birthday-age-and-name,Southend United INSPIRED Football Team Mug Personalised Mug,Southend United,no,gid://shopify/Product/8835200008
swindon-town-football-team-mug-personalised-birthday-age-and-name,Swindon Town INSPIRED Football Team Mug Personalised Mug,Swindon Town,no,gid://shopify/Product/8835209224
walsall-football-team-mug-personalised-birthday-age-and-name,Walsall INSPIRED Football Team Mug Personalised Mug,Walsall,no,gid://shopify/Product/8835217992
barnsley-football-team-mug-personalised-birthday-age-and-name,Barnsley INSPIRED Football Team Mug Personalised Mug,Barnsley,no,gid://shopify/Product/8835242248
aston-villa-football-team-mug-personalised-birthday-age-and-name,Aston Villa INSPIRED Football Team Mug Personalised Mug,Aston Villa,no,gid://shopify/Product/8835252104
argentina-football-team-mug-personalised-birthday-age-and-name-1,Argentina INSPIRED Football Team Mug Personalised Mug,Argentina,no,gid://shopify/Product/8835288200
accrington-stanley-football-team-mug-personalised-birthday-age-and-name,Accrington Stanley INSPIRED Football Team Mug Personalised Mug,Accrington Stanley,no,gid://shopify/Product/8835358472
barnet-football-team-mug-personalised-birthday-age-and-name,Barnet INSPIRED Football Team Mug Personalised Mug,Barnet,no,gid://shopify/Product/8835396808
blackpool-football-team-mug-personalised-birthday-age-and-name,Blackpool INSPIRED Football Team Mug Personalised Mug,Blackpool,no,gid://shopify/Product/8835400584
cambridge-united-football-team-mug-personalised-birthday-age-and-name,Cambridge United INSPIRED Football Team Mug Personalised Mug,Cambridge United,no,gid://shopify/Product/8835420872
carlisle-united-football-team-mug-personalised-birthday-age-and-name,Carlisle United INSPIRED Football Team Mug Personalised Mug,Carlisle United,no,gid://shopify/Product/8835426568
cheltenham-town-football-team-mug-personalised-birthday-age-and-name,Cheltenham Town INSPIRED Football Team Mug Personalised Mug,Cheltenham Town,no,gid://shopify/Product/8835433224
colchester-united-football-team-mug-personalised-birthday-age-and-name,Colchester United INSPIRED Football Team Mug Personalised Mug,Colchester United,no,gid://shopify/Product/8835443144
crawley-town-football-team-mug-personalised-birthday-age-and-name,Crawley Town INSPIRED Football Team Mug Personalised Mug,Crawley Town,no,gid://shopify/Product/8835453768
crewe-alexandra-football-team-mug-personalised-birthday-age-and-name,Crewe Alexandra INSPIRED Football Team Mug Personalised Mug,Crewe Alexandra,no,gid://shopify/Product/8835461704
doncaster-rovers-football-team-mug-personalised-birthday-age-and-name,Doncaster Rovers INSPIRED Football Team Mug Personalised Mug,Doncaster Rovers,no,gid://shopify/Product/8835466824
exeter-city-football-team-mug-personalised-birthday-age-and-name,Exeter City INSPIRED Football Team Mug Personalised Mug,Exeter City,no,gid://shopify/Product/8835471816
grimsby-town-football-team-mug-personalised-birthday-age-and-name,Grimsby Town INSPIRED Football Team Mug Personalised Mug,Grimsby Town,no,gid://shopify/Product/8835478664
hartlepool-united-football-team-mug-personalised-birthday-age-and-name,Hartlepool United INSPIRED Football Team Mug Personalised Mug,Hartlepool United,no,gid://shopify/Product/8835485576
leyton-orient-football-team-mug-personalised-birthday-age-and-name,Leyton Orient INSPIRED Football Team Mug Personalised Mug,Leyton Orient,no,gid://shopify/Product/8835495944
luton-town-football-team-mug-personalised-birthday-age-and-name,Luton Town INSPIRED Football Team Mug Personalised Mug,Luton Town,no,gid://shopify/Product/8835501512
mansfield-town-football-team-mug-personalised-birthday-age-and-name,Mansfield Town INSPIRED Football Team Mug Personalised Mug,Mansfield Town,no,gid://shopify/Product/8835507592
morecambe-football-team-mug-personalised-birthday-age-and-name,Morecambe INSPIRED Football Team Mug Personalised Mug,Morecambe,no,gid://shopify/Product/8835513736
newport-county-football-team-mug-personalised-birthday-age-and-name,Newport County INSPIRED Football Team Mug Personalised Mug,Newport County,no,gid://shopify/Product/8835520328
notts-county-football-team-mug-personalised-birthday-age-and-name,Notts County INSPIRED Football Team Mug Personalised Mug,Notts County,no,gid://shopify/Product/8835530120
plymouth-argyle-football-team-mug-personalised-birthday-age-and-name,Plymouth Argyle INSPIRED Football Team Mug Personalised Mug,Plymouth Argyle,no,gid://shopify/Product/8835537608
portsmouth-football-team-mug-personalised-birthday-age-and-name,Portsmouth INSPIRED Football Team Mug Personalised Mug,Portsmouth,no,gid://shopify/Product/8835545800
stevenage-football-team-mug-personalised-birthday-age-and-name,Stevenage INSPIRED Football Team Mug Personalised Mug,Stevenage,no,gid://shopify/Product/8835553480
wycombe-wanderers-football-team-mug-personalised-birthday-age-and-name,Wycombe Wanderers INSPIRED Football Team Mug Personalised Mug,Wycombe Wanderers,no,gid://shopify/Product/8835565576
yeovil-town-football-team-mug-personalised-birthday-age-and-name,Yeovil Town INSPIRED Football Team Mug Personalised Mug,Yeovil Town,no,gid://shopify/Product/8835572040
alfreton-town-football-team-mug-personalised-birthday-age-and-name,Alfreton Town INSPIRED Football Team Mug Personalised Mug,Alfreton Town,no,gid://shopify/Product/8835584200
altrincham-football-team-mug-personalised-birthday-age-and-name,Altrincham INSPIRED Football Team Mug Personalised Mug,Altrincham,no,gid://shopify/Product/8835643976
boston-united-football-team-mug-personalised-birthday-age-and-name,Boston United INSPIRED Football Team Mug Personalised Mug,Boston United,no,gid://shopify/Product/8835644936
brackley-town-football-team-mug-personalised-birthday-age-and-name,Brackley Town INSPIRED Football Team Mug Personalised Mug,Brackley Town,no,gid://shopify/Product/8835646344
bradford-park-avenue-football-team-mug-personalised-birthday-age-and-name,Bradford Park Avenue INSPIRED Football Team Mug Personalised Mug,Bradford Park Avenue,no,gid://shopify/Product/8835647368
chorley-football-team-mug-personalised-birthday-age-and-name,Chorley INSPIRED Football Team Mug Personalised Mug,Chorley,no,gid://shopify/Product/8835648072
curzon-ashton-football-team-mug-personalised-birthday-age-and-name,Curzon Ashton INSPIRED Football Team Mug Personalised Mug,Curzon Ashton,no,gid://shopify/Product/8835656328
darlington-1883-football-team-mug-personalised-birthday-age-and-name,Darlington 1883 INSPIRED Football Team Mug Personalised Mug,Darlington 1883,no,gid://shopify/Product/8835665160
fc-united-of-manchester-football-team-mug-personalised-birthday-age-and-name,FC United Of Manchester INSPIRED Football Team Mug Personalised Mug,FC United Of Manchester,no,gid://shopify/Product/8835672648
fylde-football-team-mug-personalised-birthday-age-and-name,Fylde INSPIRED Football Team Mug Personalised Mug,Fylde,no,gid://shopify/Product/8835679496
gainsborough-trinity-football-team-mug-personalised-birthday-age-and-name,Gainsborough Trinity INSPIRED Football Team Mug Personalised Mug,Gainsborough Trinity,no,gid://shopify/Product/8835687944
gloucester-city-football-team-mug-personalised-birthday-age-and-name,Gloucester City INSPIRED Football Team Mug Personalised Mug,Gloucester City,no,gid://shopify/Product/8835696328
halifax-town-football-team-mug-personalised-birthday-age-and-name,Halifax Town INSPIRED Football Team Mug Personalised Mug,Halifax Town,no,gid://shopify/Product/8835701768
harrogate-town-football-team-mug-personalised-birthday-age-and-name,Harrogate Town INSPIRED Football Team Mug Personalised Mug,Harrogate Town,no,gid://shopify/Product/8835709704
kidderminster-harriers-football-team-mug-personalised-birthday-age-and-name,Kidderminster Harriers INSPIRED Football Team Mug Personalised Mug,Kidderminster Harriers,no,gid://shopify/Product/8835721352
nuneaton-town-football-team-mug-personalised-birthday-age-and-name,Nuneaton Town INSPIRED Football Team Mug Personalised Mug,Nuneaton Town,no,gid://shopify/Product/8835727432
salford-city-football-team-mug-personalised-birthday-age-and-name,Salford City INSPIRED Football Team Mug Personalised Mug,Salford City,no,gid://shopify/Product/8835733896
stalybridge-celtic-football-team-mug-personalised-birthday-age-and-name,Stalybridge Celtic INSPIRED Football Team Mug Personalised Mug,Stalybridge Celtic,no,gid://shopify/Product/8835743816
stockport-county-football-team-mug-personalised-birthday-age-and-name,Stockport County INSPIRED Football Team Mug Personalised Mug,Stockport County,no,gid://shopify/Product/8835753672
tamworth-football-team-mug-personalised-birthday-age-and-name,Tamworth INSPIRED Football Team Mug Personalised Mug,Tamworth,no,gid://shopify/Product/8835774024
telford-united-football-team-mug-personalised-birthday-age-and-name,Telford United INSPIRED Football Team Mug Personalised Mug,Telford United,no,gid://shopify/Product/8835782024
worcester-city-football-team-mug-personalised-birthday-age-and-name,Worcester City INSPIRED Football Team Mug Personalised Mug,Worcester City,no,gid://shopify/Product/8835796104
aldershot-town-football-team-mug-personalised-birthday-age-and-name,Aldershot Town INSPIRED Football Team Mug Personalised Mug,Aldershot Town,no,gid://shopify/Product/8835807688
barrow-football-team-mug-personalised-birthday-age-and-name,Barrow INSPIRED Football Team Mug Personalised Mug,Barrow,no,gid://shopify/Product/8835847304
boreham-wood-football-team-mug-personalised-birthday-age-and-name,Boreham Wood INSPIRED Football Team Mug Personalised Mug,Boreham Wood,no,gid://shopify/Product/8835858184
braintree-town-football-team-mug-personalised-birthday-age-and-name,Braintree Town INSPIRED Football Team Mug Personalised Mug,Braintree Town,no,gid://shopify/Product/8835867912
bromley-football-team-mug-personalised-birthday-age-and-name,Bromley INSPIRED Football Team Mug Personalised Mug,Bromley,no,gid://shopify/Product/8835878408
chester-football-team-mug-personalised-birthday-age-and-name,Chester INSPIRED Football Team Mug Personalised Mug,Chester,no,gid://shopify/Product/8835888200
dagenham-and-redbridge-football-team-mug-personalised-birthday-age-and-name,Dagenham And Redbridge INSPIRED Football Team Mug Personalised Mug,Dagenham And Redbridge,no,gid://shopify/Product/8835899272
dover-athletic-football-team-mug-personalised-birthday-age-and-name,Dover Athletic INSPIRED Football Team Mug Personalised Mug,Dover Athletic,no,gid://shopify/Product/8835912520
eastleigh-football-team-mug-personalised-birthday-age-and-name,Eastleigh INSPIRED Football Team Mug Personalised Mug,Eastleigh,no,gid://shopify/Product/8835922952
forest-green-football-team-mug-personalised-birthday-age-and-name,Forest Green Rovers INSPIRED Football Team Mug Personalised Mug,Forest Green Rovers,no,gid://shopify/Product/8835933640
gateshead-football-team-mug-personalised-birthday-age-and-name,Gateshead INSPIRED Football Team Mug Personalised Mug,Gateshead,no,gid://shopify/Product/8835943816
guiseley-football-team-mug-personalised-birthday-age-and-name,Guiseley INSPIRED Football Team Mug Personalised Mug,Guiseley,no,gid://shopify/Product/8835960520
lincoln-city-football-team-mug-personalised-birthday-age-and-name,Lincoln City INSPIRED Football Team Mug Personalised Mug,Lincoln City,no,gid://shopify/Product/8835975176
macclesfield-town-football-team-mug-personalised-birthday-age-and-name,Macclesfield Town INSPIRED Football Team Mug Personalised Mug,Macclesfield Town,no,gid://shopify/Product/8835987528
maidstone-united-football-team-mug-personalised-birthday-age-and-name,Maidstone United INSPIRED Football Team Mug Personalised Mug,Maidstone United,no,gid://shopify/Product/8835997768
north-ferriby-united-football-team-mug-personalised-birthday-age-and-name,North Ferriby United INSPIRED Football Team Mug Personalised Mug,North Ferriby United,no,gid://shopify/Product/8836008008
solihull-moors-football-team-mug-personalised-birthday-age-and-name,Solihull Moors INSPIRED Football Team Mug Personalised Mug,Solihull Moors,no,gid://shopify/Product/8836018504
southport-football-team-mug-personalised-birthday-age-and-name,Southport INSPIRED Football Team Mug Personalised Mug,Southport,no,gid://shopify/Product/8836028616
sutton-united-football-team-mug-personalised-birthday-age-and-name,Sutton United INSPIRED Football Team Mug Personalised Mug,Sutton United,no,gid://shopify/Product/8836040520
torquay-united-football-team-mug-personalised-birthday-age-and-name,Torquay United INSPIRED Football Team Mug Personalised Mug,Torquay United,no,gid://shopify/Product/8836058760
tranmere-rovers-football-team-mug-personalised-birthday-age-and-name,Tranmere Rovers INSPIRED Football Team Mug Personalised Mug,Tranmere Rovers,no,gid://shopify/Product/8836071048
woking-football-team-mug-personalised-birthday-age-and-name,Woking INSPIRED Football Team Mug Personalised Mug,Woking,no,gid://shopify/Product/8836076808
wrexham-football-team-mug-personalised-birthday-age-and-name,Wrexham INSPIRED Football Team Mug Personalised Mug,Wrexham,no,gid://shopify/Product/8836088840
york-city-football-team-mug-personalised-birthday-age-and-name,York City INSPIRED Football Team Mug Personalised Mug,York City,no,gid://shopify/Product/8836095240
aberdeen-football-team-mug-personalised-birthday-age-and-name,Aston Villa Football Team Mug Personalised Mug,Aston Villa,no,gid://shopify/Product/8836107848
alloa-athletic-football-team-mug-personalised-birthday-age-and-name,Alloa Athletic Football Team Mug Personalised Birthday Age And Name,Alloa Athletic,no,gid://shopify/Product/8836143304
ayr-united-football-team-mug-personalised-birthday-age-and-name,Ayr United Football Team Mug Personalised Birthday Age And Name,Ayr United,no,gid://shopify/Product/8836161672
celtic-football-team-mug-personalised-birthday-age-and-name,Celtic Football Team Mug Personalised Birthday Age And Name,Celtic,no,gid://shopify/Product/8836163720
dumbarton-football-team-mug-personalised-birthday-age-and-name,Dumbarton Football Team Mug Personalised Birthday Age And Name,Dumbarton,no,gid://shopify/Product/8836170184
dundee-football-team-mug-personalised-birthday-age-and-name,Dundee Football Team Mug Personalised Birthday Age And Name,Dundee,no,gid://shopify/Product/8836182792
dundee-united-football-team-mug-personalised-birthday-age-and-name,Dundee United Football Team Mug Personalised Birthday Age And Name,Dundee United,no,gid://shopify/Product/8836188808
dunfermiline-athletic-football-team-mug-personalised-birthday-age-and-name,Dunfermiline Athletic Football Team Mug Personalised Birthday Age And Name,Dunfermiline Athletic,no,gid://shopify/Product/8836204296
falkirk-football-team-mug-personalised-birthday-age-and-name,Falkirk Football Team Mug Personalised Birthday Age And Name,Falkirk,no,gid://shopify/Product/8836217992
greenock-morton-football-team-mug-personalised-birthday-age-and-name,Greenock Morton Football Team Mug Personalised Birthday Age And Name,Greenock Morton,no,gid://shopify/Product/8836230344
hamilton-academical-football-team-mug-personalised-birthday-age-and-name,Hamilton Academical Football Team Mug Personalised Birthday Age And Name,Hamilton Academical,no,gid://shopify/Product/8836242568
heart-of-midlothian-football-team-mug-personalised-birthday-age-and-name,Heart Of Midlothian Football Team Mug Personalised Birthday Age And Name,Heart Of Midlothian,no,gid://shopify/Product/8836252040
hibernian-football-team-mug-personalised-birthday-age-and-name,Hibernian Football Team Mug Personalised Birthday Age And Name,Hibernian,no,gid://shopify/Product/8836260168
inverness-ct-football-team-mug-personalised-birthday-age-and-name,Inverness CT Football Team Mug Personalised Birthday Age And Name,Inverness CT,no,gid://shopify/Product/8836271432
kilmarnock-football-team-mug-personalised-birthday-age-and-name,Kilmarnock Football Team Mug Personalised Birthday Age And Name,Kilmarnock,no,gid://shopify/Product/8836281352
livingson-football-team-mug-personalised-birthday-age-and-name,Livingston Football Team Mug Personalised Birthday Age And Name,Livingston,no,gid://shopify/Product/8836290376
motherwell-football-team-mug-personalised-birthday-age-and-name,Motherwell Football Team Mug Personalised Birthday Age And Name,Motherwell,no,gid://shopify/Product/8836302024
partick-thistle-football-team-mug-personalised-birthday-age-and-name,Partick Thistle Football Team Mug Personalised Birthday Age And Name,Partick Thistle,no,gid://shopify/Product/8836311368
queen-of-the-south-football-team-mug-personalised-birthday-age-and-name,Queen Of The South Football Team Mug Personalised Birthday Age And Name,Queen Of The South,no,gid://shopify/Product/8836322248
raith-rovers-football-team-mug-personalised-birthday-age-and-name,Raith Rovers Football Team Mug Personalised Birthday Age And Name,Raith Rovers,no,gid://shopify/Product/8836331592
rangers-football-team-mug-personalised-birthday-age-and-name,Rangers Football Team Mug Personalised Birthday Age And Name,Rangers,no,gid://shopify/Product/8836340488
ross-county-football-team-mug-personalised-birthday-age-and-name,Ross County Football Team Mug Personalised Birthday Age And Name,Ross County,no,gid://shopify/Product/8836347720
st-johnstone-football-team-mug-personalised-birthday-age-and-name,St. Johnstone Football Team Mug Personalised Birthday Age And Name,St. Johnstone,no,gid://shopify/Product/8836360200
st-mirren-football-team-mug-personalised-birthday-age-and-name,St. Mirren Football Team Mug Personalised Birthday Age And Name,St. Mirren,no,gid://shopify/Product/8836365448
family-guy-giggity-tv-show-mug,Family Guy INSPIRED Theme Style GIGGITY! TV SHOW MUG,Family Guy,no,gid://shopify/Product/8836466120
family-guy-alright-tv-show-mug,Family Guy INSPIRED Theme Style ALRIGHT! TV SHOW MUG,Family Guy,no,gid://shopify/Product/8836483400
family-guy-blast-tv-show-mug,Family Guy INSPIRED Theme Style BLAST! TV SHOW MUG,Family Guy,no,gid://shopify/Product/8836489608
family-guy-f-k-off-tv-show-mug,Family Guy INSPIRED Theme Style F**K OFF TV SHOW MUG,Family Guy,no,gid://shopify/Product/8836495240
family-guy-damn-you-all-tv-show-mug,Family Guy INSPIRED Theme Style DAMN YOU ALL TV SHOW MUG,Family Guy,no,gid://shopify/Product/8836499272
family-guy-i-got-popsticles-tv-show-mug,Family Guy INSPIRED Theme Style I GOT POPSTICLES TV SHOW MUG,Family Guy,no,gid://shopify/Product/8836508872
family-guy-oh-yeah-tv-show-mug,Family Guy INSPIRED Theme Style OH YEAH! TV SHOW MUG,Family Guy,no,gid://shopify/Product/8836520904
family-guy-meet-on-craigs-list-tv-show-mug,Family Guy INSPIRED Theme Style MEET ON CRAIGS LIST TV SHOW MUG,Family Guy,no,gid://shopify/Product/8836525704
family-guy-ohhhh-tv-show-mug,Family Guy INSPIRED Theme Style Ohhhh TV SHOW MUG,Family Guy,no,gid://shopify/Product/8836541960
duff-beer-simpsons-red-funny-mug,Duff Beer Simpsons Funny Mug Adult Mug Office Mug,The Simpsons; Duff Beer,no,gid://shopify/Product/8836978248
duff-beer-simpsons-orange-funny-mug,Duff Beer Simpsons Orange Funny Mug Adult Mug Office Mug,The Simpsons; Duff Beer,no,gid://shopify/Product/8836982216
the-bourne-identity-movie-mug,The Bourne Identity Style Inspired By Movie Mug Adult Mug Office Mug,The Bourne Identity,no,gid://shopify/Product/8837019720
twilight-movie-mug,Twilight Style Inspired By Movie Mug Adult Mug Office Mug,Twilight,no,gid://shopify/Product/8837020744
crazy-aberdeen-fan-football-crazy-mugs,Crazy Aberdeen Fan Football Crazy Mug Adult Mug Office Mug,Aberdeen,no,gid://shopify/Product/8861659464
crazy-accrington-fan-football-crazy-mugs,Crazy Accrington Fan Football Crazy Mug Adult Mug Office Mug,Accrington,no,gid://shopify/Product/8861660488
crazy-aldershot-fan-football-crazy-mugs,Crazy Aldershot Fan Football Crazy Mug Adult Mug Office Mug,Aldershot,no,gid://shopify/Product/8861661640
crazy-alfreton-fan-football-crazy-mugs,Crazy Alfreton Fan Football Crazy Mug Adult Mug Office Mug,Alfreton,no,gid://shopify/Product/8861663880
crazy-altrincham-fan-football-crazy-mugs,Crazy Altrincham Fan Football Crazy Mug Adult Mug Office Mug,Altrincham,no,gid://shopify/Product/8861665544
crazy-arsenal-fan-football-crazy-mugs,Crazy Arsenal Fan Football Crazy Mug Adult Mug Office Mug,Arsenal,no,gid://shopify/Product/8861666184
crazy-aston-villa-fan-football-crazy-mugs,Crazy Aston Villa Fan Football Crazy Mug Adult Mug Office Mug,Aston Villa,no,gid://shopify/Product/8861671624
crazy-ayr-fan-football-crazy-mugs,Crazy Ayr Fan Football Crazy Mug Adult Mug Office Mug,Ayr,no,gid://shopify/Product/8861672264
crazy-barnet-fan-football-crazy-mugs,Crazy Barnet Fan Football Crazy Mug Adult Mug Office Mug,Barnet,no,gid://shopify/Product/8861672712
crazy-barnsley-fan-football-crazy-mugs,Crazy Barnsley Fan Football Crazy Mug Adult Mug Office Mug,Barnsley,no,gid://shopify/Product/8861673032
crazy-barrow-fan-football-crazy-mugs,Crazy Barrow Fan Football Crazy Mug Adult Mug Office Mug,Barrow,no,gid://shopify/Product/8861673608
crazy-birmingham-fan-football-crazy-mugs,Crazy Birmingham Fan Football Crazy Mug Adult Mug Office Mug,Birmingham,no,gid://shopify/Product/8861674120
crazy-blackburn-fan-football-crazy-mugs,Crazy Blackburn Fan Football Crazy Mug Adult Mug Office Mug,Blackburn,no,gid://shopify/Product/8861674504
crazy-blackpool-fan-football-crazy-mugs,Crazy Blackpool Fan Football Crazy Mug Adult Mug Office Mug,Blackpool,no,gid://shopify/Product/8861675528
crazy-bolton-fan-football-crazy-mugs,Crazy Bolton Fan Football Crazy Mug Adult Mug Office Mug,Bolton,no,gid://shopify/Product/8861675720
crazy-boreham-fan-football-crazy-mugs,Crazy Boreham Fan Football Crazy Mug Adult Mug Office Mug,Boreham,no,gid://shopify/Product/8861675976
crazy-boston-fan-football-crazy-mugs,Crazy Boston Fan Football Crazy Mug Adult Mug Office Mug,Boston,no,gid://shopify/Product/8861676680
crazy-bournmouth-fan-football-crazy-mugs,Crazy Bournmouth Fan Football Crazy Mug Adult Mug Office Mug,Bournmouth,no,gid://shopify/Product/8861677000
crazy-brackley-fan-football-crazy-mugs,Crazy Brackley Fan Football Crazy Mug Adult Mug Office Mug,Brackley,no,gid://shopify/Product/8861677384
crazy-bradford-fan-football-crazy-mugs,Crazy Bradford P.A. Fan Football Crazy Mug Adult Mug Office Mug,Bradford P.A.,no,gid://shopify/Product/8861677768
crazy-bradford-fan-football-crazy-mugs-1,Crazy Bradford Fan Football Crazy Mug Adult Mug Office Mug,Bradford,no,gid://shopify/Product/8861678344
crazy-braintree-fan-football-crazy-mugs,Crazy Braintree Fan Football Crazy Mug Adult Mug Office Mug,Braintree,no,gid://shopify/Product/8861679368
crazy-brentford-fan-football-crazy-mugs,Crazy Brentford Fan Football Crazy Mug Adult Mug Office Mug,Brentford,no,gid://shopify/Product/8861679752
crazy-brighton-fan-football-crazy-mugs,Crazy Brighton Fan Football Crazy Mug Adult Mug Office Mug,Brighton,no,gid://shopify/Product/8861680136
crazy-bristol-city-fan-football-crazy-mugs,Crazy Bristol City Fan Football Crazy Mug Adult Mug Office Mug,Bristol City,no,gid://shopify/Product/8861680584
crazy-bristol-rovers-fan-football-crazy-mugs,Crazy Bristol Rovers Fan Football Crazy Mug Adult Mug Office Mug,Bristol Rovers,no,gid://shopify/Product/8861681032
crazy-bromley-fan-football-crazy-mugs,Crazy Bromley Fan Football Crazy Mug Adult Mug Office Mug,Bromley,no,gid://shopify/Product/8861681352
crazy-burnley-fan-football-crazy-mugs,Crazy Burnley Fan Football Crazy Mug Adult Mug Office Mug,Burnley,no,gid://shopify/Product/8861681672
crazy-bury-fan-football-crazy-mugs,Crazy Bury Fan Football Crazy Mug Adult Mug Office Mug,Bury,no,gid://shopify/Product/8861682120
crazy-cambridge-fan-football-crazy-mugs,Crazy Cambridge Fan Football Crazy Mug Adult Mug Office Mug,Cambridge,no,gid://shopify/Product/8861682504
crazy-cardiff-city-fan-football-crazy-mugs,Crazy Cardiff City Fan Football Crazy Mug Adult Mug Office Mug,Cardiff City,no,gid://shopify/Product/8861682888
crazy-carlisle-fan-football-crazy-mugs,Crazy Carlisle Fan Football Crazy Mug Adult Mug Office Mug,Carlisle,no,gid://shopify/Product/8861683720
crazy-celtic-fan-football-crazy-mugs,Crazy Celtic Fan Football Crazy Mug Adult Mug Office Mug,Celtic,no,gid://shopify/Product/8861684808
crazy-charlton-fan-football-crazy-mugs,Crazy Charlton Fan Football Crazy Mug Adult Mug Office Mug,Charlton,no,gid://shopify/Product/8861685704
crazy-chelsea-fan-football-crazy-mugs,Crazy Chelsea Fan Football Crazy Mug Adult Mug Office Mug,Chelsea,no,gid://shopify/Product/8861686472
crazy-cheltenham-fan-football-crazy-mugs,Crazy Cheltenham Fan Football Crazy Mug Adult Mug Office Mug,Cheltenham,no,gid://shopify/Product/8861687176
crazy-chester-fan-football-crazy-mugs,Crazy Chester Fan Football Crazy Mug Adult Mug Office Mug,Chester,no,gid://shopify/Product/8861687624
crazy-chesterfield-fan-football-crazy-mugs,Crazy Chesterfield Fan Football Crazy Mug Adult Mug Office Mug,Chesterfield,no,gid://shopify/Product/8861688200
crazy-chorley-fan-football-crazy-mugs,Crazy Chorley Fan Football Crazy Mug Adult Mug Office Mug,Chorley,no,gid://shopify/Product/8861688584
crazy-colchester-fan-football-crazy-mugs,Crazy Colchester Fan Football Crazy Mug Adult Mug Office Mug,Colchester,no,gid://shopify/Product/8861689032
crazy-coventry-fan-football-crazy-mugs,Crazy Coventry Fan Football Crazy Mug Adult Mug Office Mug,Coventry,no,gid://shopify/Product/8861689928
crazy-crawley-fan-football-crazy-mugs,Crazy Crawley Fan Football Crazy Mug Adult Mug Office Mug,Crawley,no,gid://shopify/Product/8861691080
crazy-crewe-fan-football-crazy-mugs,Crazy Crewe Fan Football Crazy Mug Adult Mug Office Mug,Crewe,no,gid://shopify/Product/8861691720
crazy-crystal-palace-fan-football-crazy-mugs,Crazy Crystal Palace Fan Football Crazy Mug Adult Mug Office Mug,Crystal Palace,no,gid://shopify/Product/8861692040
crazy-curzon-ashton-fan-football-crazy-mugs,Crazy Curzon Ashton Fan Football Crazy Mug Adult Mug Office Mug,Curzon Ashton,no,gid://shopify/Product/8861692488
crazy-dagenham-and-redbridge-fan-football-crazy-mugs,Crazy Dagenham And Redbridge Fan Football Crazy Mug Adult Mug Office Mug,Dagenham And Redbridge,no,gid://shopify/Product/8861692872
crazy-darlington-fan-football-crazy-mugs,Crazy Darlington Fan Football Crazy Mug Adult Mug Office Mug,Darlington,no,gid://shopify/Product/8861693128
crazy-derby-fan-football-crazy-mugs,Crazy Derby Fan Football Crazy Mug Adult Mug Office Mug,Derby,no,gid://shopify/Product/8861693640
crazy-doncaster-rovers-fan-football-crazy-mugs,Crazy Doncaster Rovers Fan Football Crazy Mug Adult Mug Office Mug,Doncaster Rovers,no,gid://shopify/Product/8861693960
crazy-dover-fan-football-crazy-mugs,Crazy Dumbarton Fan Football Crazy Mug Adult Mug Office Mug,Dumbarton,no,gid://shopify/Product/8861694280
crazy-dundee-united-fan-football-crazy-mugs,Crazy Dundee United Fan Football Crazy Mug Adult Mug Office Mug,Dundee United,no,gid://shopify/Product/8861694920
keep-calm-and-support-aberdeen-mug-football-mugs,Keep Calm And Support Aberdeen Mug Football Mug Adult Mug Office Mug,Aberdeen,no,gid://shopify/Product/8861718152
copy-of-keep-calm-and-support-accrington-stanley-mug-football-mugs,Keep Calm And Support Accrington Stanley Mug Football Mug Adult Mug Office Mug,Accrington Stanley,no,gid://shopify/Product/8861727304
keep-calm-and-support-aldershot-mug-football-mugs,Keep Calm And Support Aldershot Mug Football Mug Adult Mug Office Mug,Aldershot,no,gid://shopify/Product/8861731272
keep-calm-and-support-alfreton-mug-football-mugs,Keep Calm And Support Alfreton Mug Football Mug Adult Mug Office Mug,Alfreton,no,gid://shopify/Product/8861738184
crazy-dundee-fan-football-crazy-mugs,Crazy Dundee Fan Football Crazy Mug Adult Mug Office Mug,Dundee,no,gid://shopify/Product/8861738824
keep-calm-and-support-altrincham-mug-football-mugs,Keep Calm And Support Altrincham Mug Football Mug Adult Mug Office Mug,Altrincham,no,gid://shopify/Product/8861739592
copy-of-crazy-dundee-fan-football-crazy-mugs,Crazy Dunfermline Fan Football Crazy Mug Adult Mug Office Mug,Dunfermline,no,gid://shopify/Product/8861739720
keep-calm-and-support-aston-villa-mug-football-mugs,Keep Calm And Support Aston Villa Mug Football Mug Adult Mug Office Mug,Aston Villa,no,gid://shopify/Product/8861741192
crazy-eastleigh-fan-football-crazy-mugs,Crazy Eastleigh Fan Football Crazy Mug Adult Mug Office Mug,Eastleigh,no,gid://shopify/Product/8861741640
crazy-everton-fan-football-crazy-mugs,Crazy Everton Fan Football Crazy Mug Adult Mug Office Mug,Everton,no,gid://shopify/Product/8861742280
keep-calm-and-support-ayr-united-mug-football-mugs,Keep Calm And Support Ayr United Mug Football Mug Adult Mug Office Mug,Ayr United,no,gid://shopify/Product/8861742536
crazy-exeter-city-fan-football-crazy-mugs,Crazy Exeter City Fan Football Crazy Mug Adult Mug Office Mug,Exeter City,no,gid://shopify/Product/8861743496
keep-calm-and-support-barnet-mug-football-mugs,Keep Calm And Support Barnet Mug Football Mug Adult Mug Office Mug,Barnet,no,gid://shopify/Product/8861744072
keep-calm-and-support-barnsley-mug-football-mugs,Keep Calm And Support Barnsley Mug Football Mug Adult Mug Office Mug,Barnsley,no,gid://shopify/Product/8861745096
crazy-f-c-uted-of-manchester-fan-football-crazy-mugs,Crazy F.C UTED Of Manchester Fan Football Crazy Mug Adult Mug Office Mug,F.C UTED Of Manchester,no,gid://shopify/Product/8861745672
keep-calm-and-support-barrow-mug-football-mugs,Keep Calm And Support Barrow Mug Football Mug Adult Mug Office Mug,Barrow,no,gid://shopify/Product/8861747016
crazy-falkirk-fan-football-crazy-mugs,Crazy Falkirk Fan Football Crazy Mug Adult Mug Office Mug,Falkirk,no,gid://shopify/Product/8861747208
crazy-fleetwood-fan-football-crazy-mugs,Crazy Fleetwood Fan Football Crazy Mug Adult Mug Office Mug,Fleetwood,no,gid://shopify/Product/8861748552
keep-calm-and-support-birmingham-city-mug-football-mugs,Keep Calm And Support Birmingham City Mug Football Mug Adult Mug Office Mug,Birmingham City,no,gid://shopify/Product/8861748808
crazy-forest-green-fan-football-crazy-mugs,Crazy Forest Green Fan Football Crazy Mug Adult Mug Office Mug,Forest Green,no,gid://shopify/Product/8861749768
copy-of-keep-calm-and-support-blackburn-rovers-mug-football-mugs,Keep Calm And Support Blackburn Rovers Mug Football Mug Adult Mug Office Mug,Blackburn Rovers,no,gid://shopify/Product/8861750088
crazy-fullham-fan-football-crazy-mugs,Crazy Fullham Fan Football Crazy Mug Adult Mug Office Mug,Fullham,no,gid://shopify/Product/8861750536
crazy-fylde-fan-football-crazy-mugs,Crazy Fylde Fan Football Crazy Mug Adult Mug Office Mug,Fylde,no,gid://shopify/Product/8861751240
keep-calm-and-support-blackpool-mug-football-mugs,Keep Calm And Support Blackpool Mug Football Mug Adult Mug Office Mug,Blackpool,no,gid://shopify/Product/8861751368
crazy-gainsborough-fan-football-crazy-mugs,Crazy Gainsborough Fan Football Crazy Mug Adult Mug Office Mug,Gainsborough,no,gid://shopify/Product/8861751688
keep-calm-and-support-bolton-mug-football-mugs,Keep Calm And Support Bolton Mug Football Mug Adult Mug Office Mug,Bolton,no,gid://shopify/Product/8861753032
crazy-gateshead-fan-football-crazy-mugs,Crazy Gateshead Fan Football Crazy Mug Adult Mug Office Mug,Gateshead,no,gid://shopify/Product/8861753928
crazy-gillingham-fan-football-crazy-mugs,Crazy Gillingham Fan Football Crazy Mug Adult Mug Office Mug,Gillingham,no,gid://shopify/Product/8861755784
keep-calm-and-support-boreham-wood-mug-football-mugs,Keep Calm And Support Boreham Wood Mug Football Mug Adult Mug Office Mug,Boreham Wood,no,gid://shopify/Product/8861756296
copy-of-crazy-gloucester-fan-football-crazy-mugs,Crazy Gloucester Fan Football Crazy Mug Adult Mug Office Mug,Gloucester,no,gid://shopify/Product/8861756424
crazy-greenock-morton-fan-football-crazy-mugs,Crazy Greenock Morton Fan Football Crazy Mug Adult Mug Office Mug,Greenock Morton,no,gid://shopify/Product/8861757448
keep-calm-and-support-boston-united-mug-football-mugs,Keep Calm And Support Boston United Mug Football Mug Adult Mug Office Mug,Boston United,no,gid://shopify/Product/8861759176
crazy-grimsby-fan-football-crazy-mugs,Crazy Grimsby Fan Football Crazy Mug Adult Mug Office Mug,Grimsby,no,gid://shopify/Product/8861760392
crazy-guiseley-fan-football-crazy-mugs,Crazy Guiseley Fan Football Crazy Mug Adult Mug Office Mug,Guiseley,no,gid://shopify/Product/8861763720
keep-calm-and-support-brackley-town-mug-football-mugs,Keep Calm And Support Brackley Town Mug Football Mug Adult Mug Office Mug,Brackley Town,no,gid://shopify/Product/8861764104
crazy-halifax-fan-football-crazy-mugs,Crazy Halifax Fan Football Crazy Mug Adult Mug Office Mug,Halifax,no,gid://shopify/Product/8861766536
copy-of-keep-calm-and-support-bradford-park-avenue-mug-football-mugs,Keep Calm And Support Bradford Park Avenue Mug Football Mug Adult Mug Office Mug,Bradford Park Avenue,no,gid://shopify/Product/8861768200
keep-calm-and-support-bradford-city-mug-football-mugs,Keep Calm And Support Bradford City Mug Football Mug Adult Mug Office Mug,Bradford City,no,gid://shopify/Product/8861784328
crazy-hamilton-fan-football-crazy-mugs,Crazy Hamilton Fan Football Crazy Mug Adult Mug Office Mug,Hamilton,no,gid://shopify/Product/8861788744
keep-calm-and-support-braintree-town-mug-football-mugs,Keep Calm And Support Braintree Town Mug Football Mug Adult Mug Office Mug,Braintree Town,no,gid://shopify/Product/8861788872
keep-calm-and-support-brentford-mug-football-mugs,Keep Calm And Support Brentford Mug Football Mug Adult Mug Office Mug,Brentford,no,gid://shopify/Product/8861793800
crazy-harrogate-town-fan-football-crazy-mugs,Crazy Harrogate Town Fan Football Crazy Mug Adult Mug Office Mug,Harrogate Town,no,gid://shopify/Product/8861796040
keep-calm-and-support-brighton-and-hove-albion-mug-football-mugs,Keep Calm And Support Brighton And Hove Albion Mug Football Mug Adult Mug Office Mug,Brighton And Hove Albion,no,gid://shopify/Product/8861797832
crazy-hartlepool-fan-football-crazy-mugs,Crazy Hartlepool Fan Football Crazy Mug Adult Mug Office Mug,Hartlepool,no,gid://shopify/Product/8861798600
crazy-hearts-fan-football-crazy-mugs,Crazy Hearts Fan Football Crazy Mug Adult Mug Office Mug,Hearts,no,gid://shopify/Product/8861800712
keep-calm-and-support-bristol-city-mug-football-mugs,Keep Calm And Support Bristol City Mug Football Mug Adult Mug Office Mug,Bristol City,no,gid://shopify/Product/8861803528
keep-calm-and-support-bristol-rovers-mug-football-mugs,Keep Calm And Support Bristol Rovers Mug Football Mug Adult Mug Office Mug,Bristol Rovers,no,gid://shopify/Product/8861808072
keep-calm-and-support-bromley-mug-football-mugs,Keep Calm And Support Bromley Mug Football Mug Adult Mug Office Mug,Bromley,no,gid://shopify/Product/8861812296
keep-calm-and-support-burton-albion-mug-football-mugs,Keep Calm And Support Burton Albion Mug Football Mug Adult Mug Office Mug,Burton Albion,no,gid://shopify/Product/8861817032
keep-calm-and-support-bury-mug-football-mugs,Keep Calm And Support Bury Mug Football Mug Adult Mug Office Mug,Bury,no,gid://shopify/Product/8861820296
keep-calm-and-support-cambridge-mug-football-mugs,Keep Calm And Support Cambridge Mug Football Mug Adult Mug Office Mug,Cambridge,no,gid://shopify/Product/8861839496
keep-calm-and-support-cardiff-city-mug-football-mugs,Keep Calm And Support Cardiff City Mug Football Mug Adult Mug Office Mug,Cardiff City,no,gid://shopify/Product/8861863880
crazy-hibernian-fan-football-crazy-mugs,Crazy Hibernian Fan Football Crazy Mug Adult Mug Office Mug,Hibernian,no,gid://shopify/Product/8861868232
keep-calm-and-support-carlisle-mug-football-mugs,Keep Calm And Support Carlisle Mug Football Mug Adult Mug Office Mug,Carlisle,no,gid://shopify/Product/8861870280
crazy-huddersfield-fan-football-crazy-mugs,Crazy Huddersfield Fan Football Crazy Mug Adult Mug Office Mug,Huddersfield,no,gid://shopify/Product/8861873864
crazy-huddersfield-fan-football-crazy-mugs-1,Crazy Huddersfield Fan Football Crazy Mug Adult Mug Office Mug,Huddersfield,no,gid://shopify/Product/8861873928
crazy-hull-city-fan-football-crazy-mugs,Crazy Hull City Fan Football Crazy Mug Adult Mug Office Mug,Hull City,no,gid://shopify/Product/8861878472
keep-calm-and-support-celtic-mug-football-mugs,Keep Calm And Support Celtic Mug Football Mug Adult Mug Office Mug,Celtic,no,gid://shopify/Product/8861879880
crazy-inverness-fan-football-crazy-mugs,Crazy Ipswich Fan Football Crazy Mug Adult Mug Office Mug,Ipswich,no,gid://shopify/Product/8861881736
keep-calm-and-support-charlton-athletic-mug-football-mugs,Keep Calm And Support Charlton Athletic Mug Football Mug Adult Mug Office Mug,Charlton Athletic,no,gid://shopify/Product/8861886280
keep-calm-and-support-cheltenham-mug-football-mugs,Keep Calm And Support Cheltenham Mug Football Mug Adult Mug Office Mug,Cheltenham,no,gid://shopify/Product/8861893384
crazy-kidderminster-fan-football-crazy-mugs,Crazy Kidderminster Fan Football Crazy Mug Adult Mug Office Mug,Kidderminster,no,gid://shopify/Product/8861897672
copy-of-keep-calm-and-support-chester-mug-football-mugs,Keep Calm And Support Chester Mug Football Mug Adult Mug Office Mug,Chester,no,gid://shopify/Product/8861899848
crazy-kilmarnockr-fan-football-crazy-mugs,Crazy Kilmarnock Fan Football Crazy Mug Adult Mug Office Mug,Kilmarnock,no,gid://shopify/Product/8861901448
crazy-leeds-united-fan-football-crazy-mugs,Crazy Leeds United Fan Football Crazy Mug Adult Mug Office Mug,Leeds United,no,gid://shopify/Product/8861906120
keep-calm-and-support-chesterfield-mug-football-mugs,Keep Calm And Support Chesterfield Mug Football Mug Adult Mug Office Mug,Chesterfield,no,gid://shopify/Product/8861907528
crazy-leicester-fan-football-crazy-mugs,Crazy Leicester Fan Football Crazy Mug Adult Mug Office Mug,Leicester,no,gid://shopify/Product/8861913800
keep-calm-and-support-chorley-mug-football-mugs,Keep Calm And Support Chorley Mug Football Mug Adult Mug Office Mug,Chorley,no,gid://shopify/Product/8861916360
crazy-leyton-orient-fan-football-crazy-mugs,Crazy Leyton Orient Fan Football Crazy Mug Adult Mug Office Mug,Leyton Orient,no,gid://shopify/Product/8861927560
keep-calm-and-support-colchester-mug-football-mugs,Keep Calm And Support Colchester Mug Football Mug Adult Mug Office Mug,Colchester,no,gid://shopify/Product/8861927752
keep-calm-and-support-coventry-mug-football-mugs,Keep Calm And Support Coventry Mug Football Mug Adult Mug Office Mug,Coventry,no,gid://shopify/Product/8861940808
crazy-liverpool-fan-football-crazy-mugs,Crazy Liverpool Fan Football Crazy Mug Adult Mug Office Mug,Liverpool,no,gid://shopify/Product/8861952776
keep-calm-and-support-crawley-mug-football-mugs,Keep Calm And Support Crawley Mug Football Mug Adult Mug Office Mug,Crawley,no,gid://shopify/Product/8861954952
keep-calm-and-support-crewe-mug-football-mugs,Keep Calm And Support Crewe Mug Football Mug Adult Mug Office Mug,Crewe,no,gid://shopify/Product/8861961480
crazy-luton-fan-football-crazy-mugs,Crazy Luton Fan Football Crazy Mug Adult Mug Office Mug,Luton,no,gid://shopify/Product/8861961608
crazy-macclesfield-fan-football-crazy-mugs,Crazy Macclesfield Fan Football Crazy Mug Adult Mug Office Mug,Macclesfield,no,gid://shopify/Product/8861965576
crazy-maidstone-fan-football-crazy-mugs,Crazy Maidstone Fan Football Crazy Mug Adult Mug Office Mug,Maidstone,no,gid://shopify/Product/8861969032
keep-calm-and-support-curzon-ashton-mug-football-mugs,Keep Calm And Support Curzon Ashton Mug Football Mug Adult Mug Office Mug,Curzon Ashton,no,gid://shopify/Product/8861970952
keep-calm-and-support-dagenham-and-redbridge-mug-football-mugs,Keep Calm And Support Dagenham And Redbridge Mug Football Mug Adult Mug Office Mug,Dagenham And Redbridge,no,gid://shopify/Product/8861978056
keep-calm-and-support-darlington-mug-football-mugs,Keep Calm And Support Darlington Mug Football Mug Adult Mug Office Mug,Darlington,no,gid://shopify/Product/8861984456
keep-calm-and-support-derby-county-mug-football-mugs,Keep Calm And Support Derby County Mug Football Mug Adult Mug Office Mug,Derby County,no,gid://shopify/Product/8862000968
keep-calm-and-support-doncaster-rovers-mug-football-mugs,Keep Calm And Support Doncaster Rovers Mug Football Mug Adult Mug Office Mug,Doncaster Rovers,no,gid://shopify/Product/8862007880
keep-calm-and-support-dover-mug-football-mugs,Keep Calm And Support Dover Mug Football Mug Adult Mug Office Mug,Dover,no,gid://shopify/Product/8862014600
keep-calm-and-support-dumbarton-mug-football-mugs,Keep Calm And Support Dumbarton Mug Football Mug Adult Mug Office Mug,Dumbarton,no,gid://shopify/Product/8862023048
keep-calm-and-support-dundee-united-mug-football-mugs,Keep Calm And Support Dundee United Mug Football Mug Adult Mug Office Mug,Dundee United,no,gid://shopify/Product/8862026696
crazy-man-city-fan-football-crazy-mugs,Crazy Man City Fan Football Crazy Mug Adult Mug Office Mug,Man City,no,gid://shopify/Product/8862026952
crazy-manchester-utd-fan-football-crazy-mugs,Crazy Manchester UTD Fan Football Crazy Mug Adult Mug Office Mug,Manchester UTD,no,gid://shopify/Product/8862031240
keep-calm-and-support-dundee-mug-football-mugs,Keep Calm And Support Dundee Mug Football Mug Adult Mug Office Mug,Dundee,no,gid://shopify/Product/8862032136
keep-calm-and-support-dunfermline-mug-football-mugs,Keep Calm And Support Dunfermline Mug Football Mug Adult Mug Office Mug,Dunfermline,no,gid://shopify/Product/8862046600
crazy-mansfield-fan-football-crazy-mugs,Crazy Mansfield Fan Football Crazy Mug Adult Mug Office Mug,Mansfield,no,gid://shopify/Product/8862050376
keep-calm-and-support-eastleigh-mug-football-mugs,Keep Calm And Support Eastleigh Mug Football Mug Adult Mug Office Mug,Eastleigh,no,gid://shopify/Product/8862053192
crazy-middlesborough-fan-football-crazy-mugs,Crazy Middlesborough Fan Football Crazy Mug Adult Mug Office Mug,Middlesborough,no,gid://shopify/Product/8862055816
keep-calm-and-support-exeter-city-mug-football-mugs,Keep Calm And Support Exeter City Mug Football Mug Adult Mug Office Mug,Exeter City,no,gid://shopify/Product/8862060424
crazy-milwall-fan-football-crazy-mugs,Crazy Milwall Fan Football Crazy Mug Adult Mug Office Mug,Milwall,no,gid://shopify/Product/8862061704
keep-calm-and-support-f-c-united-of-manchester-mug-football-mugs,Keep Calm And Support F.C. United Of Manchester Mug Football Mug Adult Mug Office Mug,F.C. United Of Manchester,no,gid://shopify/Product/8862067720
crazy-mk-dons-fan-football-crazy-mugs,Crazy MK Dons Fan Football Crazy Mug Adult Mug Office Mug,MK Dons,no,gid://shopify/Product/8862069192
crazy-morecambe-fan-football-crazy-mugs,Crazy Morecambe Fan Football Crazy Mug Adult Mug Office Mug,Morecambe,no,gid://shopify/Product/8862072136
keep-calm-and-support-falkirk-mug-football-mugs,Keep Calm And Support Falkirk Mug Football Mug Adult Mug Office Mug,Falkirk,no,gid://shopify/Product/8862074952
crazy-motherwelle-fan-football-crazy-mugs,Crazy Motherwelle Fan Football Crazy Mug Adult Mug Office Mug,Motherwelle,no,gid://shopify/Product/8862077064
keep-calm-and-support-fleetwood-mug-football-mugs,Keep Calm And Support Fleetwood Mug Football Mug Adult Mug Office Mug,Fleetwood,no,gid://shopify/Product/8862080648
crazy-newcastle-united-fan-football-crazy-mugs,Crazy Newcastle United Fan Football Crazy Mug Adult Mug Office Mug,Newcastle United,no,gid://shopify/Product/8862086024
keep-calm-and-support-forest-green-mug-football-mugs,Keep Calm And Support Forest Green Mug Football Mug Adult Mug Office Mug,Forest Green,no,gid://shopify/Product/8862086664
crazy-newport-fan-football-crazy-mugs,Crazy Newport Fan Football Crazy Mug Adult Mug Office Mug,Newport,no,gid://shopify/Product/8862089864
keep-calm-and-support-fulham-mug-football-mugs,Keep Calm And Support Fulham Mug Football Mug Adult Mug Office Mug,Fulham,no,gid://shopify/Product/8862092552
crazy-north-ferriby-fan-football-crazy-mugs,Crazy North Ferriby Fan Football Crazy Mug Adult Mug Office Mug,North Ferriby,no,gid://shopify/Product/8862093576
crazy-northampton-fan-football-crazy-mugs,Crazy Northampton Fan Football Crazy Mug Adult Mug Office Mug,Northampton,no,gid://shopify/Product/8862095944
keep-calm-and-support-fylde-mug-football-mugs,Keep Calm And Support Fylde Mug Football Mug Adult Mug Office Mug,Fylde,no,gid://shopify/Product/8862097288
crazy-norwich-fan-football-crazy-mugs,Crazy Norwich Fan Football Crazy Mug Adult Mug Office Mug,Norwich,no,gid://shopify/Product/8862099336
keep-calm-and-support-gainsborough-mug-football-mugs,Keep Calm And Support Gainsborough Mug Football Mug Adult Mug Office Mug,Gainsborough,no,gid://shopify/Product/8862105096
crazy-notts-county-fan-football-crazy-mugs,Crazy Notts County Fan Football Crazy Mug Adult Mug Office Mug,Notts County,no,gid://shopify/Product/8862108104
keep-calm-and-support-gateshead-mug-football-mugs,Keep Calm And Support Gateshead Mug Football Mug Adult Mug Office Mug,Gateshead,no,gid://shopify/Product/8862112264
crazy-notts-forest-fan-football-crazy-mugs,Crazy Notts Forest Fan Football Crazy Mug Adult Mug Office Mug,Notts Forest,no,gid://shopify/Product/8862113672
crazy-nuneaton-fan-football-crazy-mugs,Crazy Nuneaton Fan Football Crazy Mug Adult Mug Office Mug,Nuneaton,no,gid://shopify/Product/8862116424
keep-calm-and-support-gillingham-mug-football-mugs,Keep Calm And Support Gillingham Mug Football Mug Adult Mug Office Mug,Gillingham,no,gid://shopify/Product/8862117896
crazy-oldham-fan-football-crazy-mugs,Crazy Oldham Fan Football Crazy Mug Adult Mug Office Mug,Oldham,no,gid://shopify/Product/8862123528
keep-calm-and-support-gloucester-mug-football-mugs,Keep Calm And Support Gloucester Mug Football Mug Adult Mug Office Mug,Gloucester,no,gid://shopify/Product/8862124168
crazy-oxford-united-fan-football-crazy-mugs,Crazy Oxford United Fan Football Crazy Mug Adult Mug Office Mug,Oxford United,no,gid://shopify/Product/8862126728
keep-calm-and-support-greenock-morton-mug-football-mugs,Keep Calm And Support Greenock Morton Mug Football Mug Adult Mug Office Mug,Greenock Morton,no,gid://shopify/Product/8862129672
crazy-partick-thistle-fan-football-crazy-mugs,Crazy Partick Thistle Fan Football Crazy Mug Adult Mug Office Mug,Partick Thistle,no,gid://shopify/Product/8862131208
crazy-peterborough-fan-football-crazy-mugs,Crazy Peterborough Fan Football Crazy Mug Adult Mug Office Mug,Peterborough,no,gid://shopify/Product/8862134920
keep-calm-and-support-grimsby-mug-football-mugs,Keep Calm And Support Grimsby Mug Football Mug Adult Mug Office Mug,Grimsby,no,gid://shopify/Product/8862137352
crazy-plymouth-fan-football-crazy-mugs,Crazy Plymouth Fan Football Crazy Mug Adult Mug Office Mug,Plymouth,no,gid://shopify/Product/8862138760
crazy-portsmouth-fan-football-crazy-mugs,Crazy Portsmouth Fan Football Crazy Mug Adult Mug Office Mug,Portsmouth,no,gid://shopify/Product/8862141768
keep-calm-and-support-guiseley-mug-football-mugs,Keep Calm And Support Guiseley Mug Football Mug Adult Mug Office Mug,Guiseley,no,gid://shopify/Product/8862145864
crazy-preston-fan-football-crazy-mugs-1,Crazy Preston Fan Football Crazy Mug Adult Mug Office Mug,Preston,no,gid://shopify/Product/8862146568
crazy-q-p-r-fan-football-crazy-mugs,Crazy Q.P.R Fan Football Crazy Mug Adult Mug Office Mug,Q.P.R,no,gid://shopify/Product/8862150536
keep-calm-and-support-halifax-mug-football-mugs,Keep Calm And Support Halifax Mug Football Mug Adult Mug Office Mug,Halifax,no,gid://shopify/Product/8862153608
copy-of-crazy-queen-of-the-south-fan-football-crazy-mugs,Crazy Queen Of The South Fan Football Crazy Mug Adult Mug Office Mug,Queen Of The South,no,gid://shopify/Product/8862154824
crazy-raith-rovers-fan-football-crazy-mugs,Crazy Raith Rovers Fan Football Crazy Mug Adult Mug Office Mug,Raith Rovers,no,gid://shopify/Product/8862159496
keep-calm-and-support-hamilton-mug-football-mugs,Keep Calm And Support Hamilton Mug Football Mug Adult Mug Office Mug,Hamilton,no,gid://shopify/Product/8862160968
crazy-rangers-fan-football-crazy-mugs,Crazy Rangers Fan Football Crazy Mug Adult Mug Office Mug,Rangers,no,gid://shopify/Product/8862164872
keep-calm-and-support-harrogate-town-mug-football-mugs,Keep Calm And Support Harrogate Town Mug Football Mug Adult Mug Office Mug,Harrogate Town,no,gid://shopify/Product/8862167304
crazy-reading-fan-football-crazy-mugs,Crazy Reading Fan Football Crazy Mug Adult Mug Office Mug,Reading,no,gid://shopify/Product/8862167560
crazy-rochdale-fan-football-crazy-mugs,Crazy Rochdale Fan Football Crazy Mug Adult Mug Office Mug,Rochdale,no,gid://shopify/Product/8862169992
crazy-ross-county-fan-football-crazy-mugs,Crazy Ross County Fan Football Crazy Mug Adult Mug Office Mug,Ross County,no,gid://shopify/Product/8862177352
crazy-rotherham-fan-football-crazy-mugs,Crazy Rotherham Fan Football Crazy Mug Adult Mug Office Mug,Rotherham,no,gid://shopify/Product/8862181384
crazy-salford-city-fan-football-crazy-mugs,Crazy Salford City Fan Football Crazy Mug Adult Mug Office Mug,Salford City,no,gid://shopify/Product/8862185608
keep-calm-and-support-hartlepool-mug-football-mugs,Keep Calm And Support Hartlepool Mug Football Mug Adult Mug Office Mug,Hartlepool,no,gid://shopify/Product/8862188232
crazy-scunthorpe-fan-football-crazy-mugs,Crazy Scunthorpe Fan Football Crazy Mug Adult Mug Office Mug,Scunthorpe,no,gid://shopify/Product/8862191624
keep-calm-and-support-hearts-mug-football-mugs,Keep Calm And Support Hearts Mug Football Mug Adult Mug Office Mug,Hearts,no,gid://shopify/Product/8862194888
crazy-sheffield-united-fan-football-crazy-mugs,Crazy Sheffield United Fan Football Crazy Mug Adult Mug Office Mug,Sheffield United,no,gid://shopify/Product/8862196616
crazy-sheffield-wednesday-fan-football-crazy-mugs,Crazy Sheffield Wednesday Fan Football Crazy Mug Adult Mug Office Mug,Sheffield Wednesday,no,gid://shopify/Product/8862200392
keep-calm-and-support-hibernian-mug-football-mugs,Keep Calm And Support Hibernian Mug Football Mug Adult Mug Office Mug,Hibernian,no,gid://shopify/Product/8862201288
crazy-shrewsbury-fan-football-crazy-mugs,Crazy Shrewsbury Fan Football Crazy Mug Adult Mug Office Mug,Shrewsbury,no,gid://shopify/Product/8862204232
crazy-solihull-moors-fan-football-crazy-mugs,Crazy Solihull Moors Fan Football Crazy Mug Adult Mug Office Mug,Solihull Moors,no,gid://shopify/Product/8862206024
keep-calm-and-support-huddersfield-mug-football-mugs,Keep Calm And Support Huddersfield Mug Football Mug Adult Mug Office Mug,Huddersfield,no,gid://shopify/Product/8862206152
crazy-southampton-fan-football-crazy-mugs,Crazy Southampton Fan Football Crazy Mug Adult Mug Office Mug,Southampton,no,gid://shopify/Product/8862208520
keep-calm-and-support-inverness-ct-mug-football-mugs,Keep Calm And Support Inverness CT Mug Football Mug Adult Mug Office Mug,Inverness CT,no,gid://shopify/Product/8862209864
crazy-southend-fan-football-crazy-mugs,Crazy Southend Fan Football Crazy Mug Adult Mug Office Mug,Southend,no,gid://shopify/Product/8862210440
crazy-southport-fan-football-crazy-mugs,Crazy Southend Fan Football Crazy Mug Adult Mug Office Mug,Southend,no,gid://shopify/Product/8862212488
keep-calm-and-support-ipswich-mug-football-mugs,Keep Calm And Support Ipswich Mug Football Mug Adult Mug Office Mug,Ipswich,no,gid://shopify/Product/8862214472
crazy-southport-fan-football-crazy-mugs-1,Crazy Southport Fan Football Crazy Mug Adult Mug Office Mug,Southport,no,gid://shopify/Product/8862215880
keep-calm-and-support-kidderminster-mug-football-mugs,Keep Calm And Support Kidderminster Mug Football Mug Adult Mug Office Mug,Kidderminster,no,gid://shopify/Product/8862217992
crazy-st-johnstone-fan-football-crazy-mugs,Crazy ST. Johnstone Fan Football Crazy Mug Adult Mug Office Mug,ST. Johnstone,no,gid://shopify/Product/8862218696
crazy-st-mirrene-fan-football-crazy-mugs,Crazy ST. Mirrene Fan Football Crazy Mug Adult Mug Office Mug,ST. Mirrene,no,gid://shopify/Product/8862220552
keep-calm-and-support-kilmarnock-mug-football-mugs,Keep Calm And Support Kilmarnock Mug Football Mug Adult Mug Office Mug,Kilmarnock,no,gid://shopify/Product/8862221256
crazy-stalybridge-fan-football-crazy-mugs,Crazy Stalybridge Fan Football Crazy Mug Adult Mug Office Mug,Stalybridge,no,gid://shopify/Product/8862223368
crazy-stevenage-fan-football-crazy-mugs,Crazy Stevenage Fan Football Crazy Mug Adult Mug Office Mug,Stevenage,no,gid://shopify/Product/8862224904
keep-calm-and-support-leeds-united-mug-football-mugs,Keep Calm And Support Leeds United Mug Football Mug Adult Mug Office Mug,Leeds United,no,gid://shopify/Product/8862225672
crazy-stockport-fan-football-crazy-mugs,Crazy Stockport Fan Football Crazy Mug Adult Mug Office Mug,Stockport,no,gid://shopify/Product/8862227144
crazy-stoke-city-fan-football-crazy-mugs,Crazy Stoke City Fan Football Crazy Mug Adult Mug Office Mug,Stoke City,no,gid://shopify/Product/8862229832
keep-calm-and-support-leicester-city-mug-football-mugs,Keep Calm And Support Leicester City Mug Football Mug Adult Mug Office Mug,Leicester City,no,gid://shopify/Product/8862230856
crazy-sutton-united-fan-football-crazy-mugs,Crazy Sutton United Fan Football Crazy Mug Adult Mug Office Mug,Sutton United,no,gid://shopify/Product/8862232392
crazy-swansea-city-fan-football-crazy-mugs,Crazy Swansea City Fan Football Crazy Mug Adult Mug Office Mug,Swansea City,no,gid://shopify/Product/8862234504
keep-calm-and-support-leyton-orient-mug-football-mugs,Keep Calm And Support Leyton Orient Mug Football Mug Adult Mug Office Mug,Leyton Orient,no,gid://shopify/Product/8862235464
crazy-swindon-fan-football-crazy-mugs,Crazy Swindon Fan Football Crazy Mug Adult Mug Office Mug,Swindon,no,gid://shopify/Product/8862237000
keep-calm-and-support-lincoln-mug-football-mugs,Keep Calm And Support Lincoln Mug Football Mug Adult Mug Office Mug,Lincoln,no,gid://shopify/Product/8862239496
crazy-tamworth-fan-football-crazy-mugs,Crazy Tamworth Fan Football Crazy Mug Adult Mug Office Mug,Tamworth,no,gid://shopify/Product/8862240008
crazy-telford-fan-football-crazy-mugs,Crazy Telford Fan Football Crazy Mug Adult Mug Office Mug,Telford,no,gid://shopify/Product/8862242312
keep-calm-and-support-liverpool-mug-football-mugs,Keep Calm And Support Liverpool Mug Football Mug Adult Mug Office Mug,Liverpool,no,gid://shopify/Product/8862242888
crazy-torquay-fan-football-crazy-mugs,Crazy Torquay Fan Football Crazy Mug Adult Mug Office Mug,Torquay,no,gid://shopify/Product/8862244616
keep-calm-and-support-luton-mug-football-mugs,Keep Calm And Support Luton Mug Football Mug Adult Mug Office Mug,Luton,no,gid://shopify/Product/8862245640
keep-calm-and-support-macclesfield-mug-football-mugs,Keep Calm And Support Macclesfield Mug Football Mug Adult Mug Office Mug,Macclesfield,no,gid://shopify/Product/8862248776
crazy-tottenham-fan-football-crazy-mugs,Crazy Tottenham Fan Football Crazy Mug Adult Mug Office Mug,Tottenham,no,gid://shopify/Product/8862252040
crazy-tranmere-fan-football-crazy-mugs,Crazy Tranmere Fan Football Crazy Mug Adult Mug Office Mug,Tranmere,no,gid://shopify/Product/8862253192
keep-calm-and-support-maidstone-mug-football-mugs,Keep Calm And Support Maidstone Mug Football Mug Adult Mug Office Mug,Maidstone,no,gid://shopify/Product/8862253512
keep-calm-and-support-mansfield-mug-football-mugs,Keep Calm And Support Mansfield Mug Football Mug Adult Mug Office Mug,Mansfield,no,gid://shopify/Product/8862256840
crazy-walsall-fan-football-crazy-mugs,Crazy Walsall Fan Football Crazy Mug Adult Mug Office Mug,Walsall,no,gid://shopify/Product/8862257608
crazy-watford-fan-football-crazy-mugs,Crazy Watford Fan Football Crazy Mug Adult Mug Office Mug,Watford,no,gid://shopify/Product/8862260296
crazy-west-brom-fan-football-crazy-mugs,Crazy West Brom Fan Football Crazy Mug Adult Mug Office Mug,West Brom,no,gid://shopify/Product/8862262728
crazy-west-ham-fan-football-crazy-mugs,Crazy West Ham Fan Football Crazy Mug Adult Mug Office Mug,West Ham,no,gid://shopify/Product/8862265032
crazy-wigan-fan-football-crazy-mugs,Crazy Wigan Fan Football Crazy Mug Adult Mug Office Mug,Wigan,no,gid://shopify/Product/8862267912
keep-calm-and-support-milwall-mug-football-mugs,Keep Calm And Support Milwall Mug Football Mug Adult Mug Office Mug,Milwall,no,gid://shopify/Product/8862269768
crazy-wimbledon-fan-football-crazy-mugs,Crazy Wimbledon Fan Football Crazy Mug Adult Mug Office Mug,Wimbledon,no,gid://shopify/Product/8862272072
keep-calm-and-support-mk-dons-mug-football-mugs,Keep Calm And Support MK Dons Mug Football Mug Adult Mug Office Mug,MK Dons,no,gid://shopify/Product/8862273864
crazy-woking-fan-football-crazy-mugs,Crazy Woking Fan Football Crazy Mug Adult Mug Office Mug,Woking,no,gid://shopify/Product/8862274440
crazy-wolves-fan-football-crazy-mug,Crazy Wolves Fan Football Crazy Mug,Wolves,no,gid://shopify/Product/8862277000
keep-calm-and-support-morecambe-mug-football-mugs,Keep Calm And Support Morecambe Mug Football Mug Adult Mug Office Mug,Morecambe,no,gid://shopify/Product/8862277704
crazy-worcester-fan-football-crazy-mug,Crazy Worcester Fan Football Crazy Mug,Worcester,no,gid://shopify/Product/8862279496
keep-calm-and-support-motherwell-mug-football-mugs,Keep Calm And Support Motherwell Mug Football Mug Adult Mug Office Mug,Motherwell,no,gid://shopify/Product/8862281160
crazy-wrexham-fan-football-crazy-mug,Crazy Wrexham Fan Football Crazy Mug,Wrexham,no,gid://shopify/Product/8862281736
crazy-wycombe-fan-football-crazy-mug,Crazy Wycombe Fan Football Crazy Mug,Wycombe,no,gid://shopify/Product/8862283912
keep-calm-and-support-newcastle-mug-football-mugs,Keep Calm And Support Newcastle Mug Football Mug Adult Mug Office Mug,Newcastle,no,gid://shopify/Product/8862285128
crazy-yeovil-fan-football-crazy-mug,Crazy Yeovil Fan Football Crazy Mug,Yeovil,no,gid://shopify/Product/8862285960
crazy-york-city-fan-football-crazy-mug,Crazy York City Fan Football Crazy Mug,York City,no,gid://shopify/Product/8862287432
keep-calm-and-support-newport-mug-football-mugs,Keep Calm And Support Newport Mug Football Mug Adult Mug Office Mug,Newport,no,gid://shopify/Product/8862288392
keep-calm-and-support-north-ferriby-mug-football-mugs,Keep Calm And Support North Ferriby Mug Football Mug Adult Mug Office Mug,North Ferriby,no,gid://shopify/Product/8862291848
keep-calm-and-support-northampton-mug-football-mugs,Keep Calm And Support Northampton Mug Football Mug Adult Mug Office Mug,Northampton,no,gid://shopify/Product/8862295048
keep-calm-and-support-norwich-mug-football-mugs,Keep Calm And Support Norwich Mug Football Mug Adult Mug Office Mug,Norwich,no,gid://shopify/Product/8862298568
keep-calm-and-support-notts-county-mug-football-mugs,Keep Calm And Support Notts County Mug Football Mug Adult Mug Office Mug,Notts County,no,gid://shopify/Product/8862305672
keep-calm-and-support-notts-forest-mug-football-mugs,Keep Calm And Support Notts Forest Mug Football Mug Adult Mug Office Mug,Notts Forest,no,gid://shopify/Product/8862311048
keep-calm-and-support-nuneaton-mug-football-mugs,Keep Calm And Support Nuneaton Mug Football Mug Adult Mug Office Mug,Nuneaton,no,gid://shopify/Product/8862316552
keep-calm-and-support-oldham-mug-football-mugs,Keep Calm And Support Oldham Mug Football Mug Adult Mug Office Mug,Oldham,no,gid://shopify/Product/8862321288
keep-calm-and-support-oxford-united-mug-football-mugs,Keep Calm And Support Oxford United Mug Football Mug Adult Mug Office Mug,Oxford United,no,gid://shopify/Product/8862329480
keep-calm-and-support-partick-thistle-mug-football-mugs,Keep Calm And Support Partick Thistle Mug Football Mug Adult Mug Office Mug,Partick Thistle,no,gid://shopify/Product/8862335240
keep-calm-and-support-peterborough-mug-football-mugs,Keep Calm And Support Peterborough Mug Football Mug Adult Mug Office Mug,Peterborough,no,gid://shopify/Product/8862340552
keep-calm-and-support-plymouth-mug-football-mugs,Keep Calm And Support Plymouth Mug Football Mug Adult Mug Office Mug,Plymouth,no,gid://shopify/Product/8862350024
keep-calm-and-support-port-vale-mug-football-mugs,Keep Calm And Support Port Vale Mug Football Mug Adult Mug Office Mug,Port Vale,no,gid://shopify/Product/8862354312
keep-calm-and-support-portsmouth-mug-football-mugs,Keep Calm And Support Portsmouth Mug Football Mug Adult Mug Office Mug,Portsmouth,no,gid://shopify/Product/8862364360
keep-calm-and-support-preston-mug-football-mugs,Keep Calm And Support Preston Mug Football Mug Adult Mug Office Mug,Preston,no,gid://shopify/Product/8862372872
keep-calm-and-support-qpr-mug-football-mugs,Keep Calm And Support QPR Mug Football Mug Adult Mug Office Mug,QPR,no,gid://shopify/Product/8862378632
keep-calm-and-support-queen-of-the-south-mug-football-mugs,Keep Calm And Support Queen Of The South Mug Football Mug Adult Mug Office Mug,Queen Of The South,no,gid://shopify/Product/8862381704
keep-calm-and-support-raith-rovers-mug-football-mugs,Keep Calm And Support Raith Rovers Mug Football Mug Adult Mug Office Mug,Raith Rovers,no,gid://shopify/Product/8862386504
keep-calm-and-support-rangers-mug-football-mugs,Keep Calm And Support Rangers Mug Football Mug Adult Mug Office Mug,Rangers,no,gid://shopify/Product/8862390728
keep-calm-and-support-reading-mug-football-mugs,Keep Calm And Support Reading Mug Football Mug Adult Mug Office Mug,Reading,no,gid://shopify/Product/8862395912
keep-calm-and-support-rochdale-mug-football-mugs,Keep Calm And Support Rochdale Mug Football Mug Adult Mug Office Mug,Rochdale,no,gid://shopify/Product/8862399496
keep-calm-and-support-ross-county-mug-football-mugs,Keep Calm And Support Ross County Mug Football Mug Adult Mug Office Mug,Ross County,no,gid://shopify/Product/8862402632
keep-calm-and-support-rotherham-mug-football-mugs,Keep Calm And Support Rotherham Mug Football Mug Adult Mug Office Mug,Rotherham,no,gid://shopify/Product/8862406088
keep-calm-and-support-salford-city-mug-football-mugs,Keep Calm And Support Salford City Mug Football Mug Adult Mug Office Mug,Salford City,no,gid://shopify/Product/8862408584
keep-calm-and-support-scunthorpe-mug-football-mugs,Keep Calm And Support Scunthorpe Mug Football Mug Adult Mug Office Mug,Scunthorpe,no,gid://shopify/Product/8862412104
keep-calm-and-support-sheffield-united-mug-football-mugs,Keep Calm And Support Sheffield United Mug Football Mug Adult Mug Office Mug,Sheffield United,no,gid://shopify/Product/8862416008
keep-calm-and-support-sheffield-wednesday-mug-football-mugs,Keep Calm And Support Sheffield Wednesday Mug Football Mug Adult Mug Office Mug,Sheffield Wednesday,no,gid://shopify/Product/8862419784
keep-calm-and-support-shrewsbury-mug-football-mug,Keep Calm And Support Shrewsbury Mug Football Mug,Shrewsbury,no,gid://shopify/Product/8862425480
keep-calm-and-support-solihull-moors-mug-football-mug,Keep Calm And Support Solihull Moors Mug Football Mug,Solihull Moors,no,gid://shopify/Product/8862442440
keep-calm-and-support-southend-mug-football-mug,Keep Calm And Support Southend Mug Football Mug,Southend,no,gid://shopify/Product/8862446024
keep-calm-and-support-southport-mug-football-mug,Keep Calm And Support Southport Mug Football Mug,Southport,no,gid://shopify/Product/8862448904
keep-calm-and-support-st-johnstone-mug-football-mug,Keep Calm And Support St. Johnstone Mug Football Mug,St. Johnstone,no,gid://shopify/Product/8862456200
keep-calm-and-support-st-mirren-mug-football-mug,Keep Calm And Support St. Mirren Mug Football Mug,St. Mirren,no,gid://shopify/Product/8862461384
keep-calm-and-support-stalybridge-mug-football-mug,Keep Calm And Support Stalybridge Mug Football Mug,Stalybridge,no,gid://shopify/Product/8862464968
keep-calm-and-support-stevenage-mug-football-mug,Keep Calm And Support Stevenage Mug Football Mug,Stevenage,no,gid://shopify/Product/8862473800
keep-calm-and-support-stockport-mug-football-mugs,Keep Calm And Support Stockport Mug Football Mug Adult Mug Office Mug,Stockport,no,gid://shopify/Product/8862477128
keep-calm-and-support-sutton-united-mug-football-mugs,Keep Calm And Support Sutton United Mug Football Mug Adult Mug Office Mug,Sutton United,no,gid://shopify/Product/8862481800
keep-calm-and-support-swindon-mug-football-mugs,Keep Calm And Support Swindon Mug Football Mug Adult Mug Office Mug,Swindon,no,gid://shopify/Product/8862485960
keep-calm-and-support-tamworth-mug-football-mugs,Keep Calm And Support Tamworth Mug Football Mug Adult Mug Office Mug,Tamworth,no,gid://shopify/Product/8862489864
keep-calm-and-support-telford-mug-football-mugs,Keep Calm And Support Telford Mug Football Mug Adult Mug Office Mug,Telford,no,gid://shopify/Product/8862493064
keep-calm-and-support-torquay-mug-football-mugs,Keep Calm And Support Torquay Mug Football Mug Adult Mug Office Mug,Torquay,no,gid://shopify/Product/8862497864
keep-calm-and-support-tottenham-mug-football-mugs,Keep Calm And Support Tottenham Mug Football Mug Adult Mug Office Mug,Tottenham,no,gid://shopify/Product/8862501320
keep-calm-and-support-tranmere-mug-football-mugs,Keep Calm And Support Tranmere Mug Football Mug Adult Mug Office Mug,Tranmere,no,gid://shopify/Product/8862515720
keep-calm-and-support-walsall-mug-football-mugs,Keep Calm And Support Walsall Mug Football Mug Adult Mug Office Mug,Walsall,no,gid://shopify/Product/8862521608
keep-calm-and-support-wigan-mug-football-mugs,Keep Calm And Support Wigan Mug Football Mug Adult Mug Office Mug,Wigan,no,gid://shopify/Product/8862525832
keep-calm-and-support-wimbledon-mug-football-mugs,Keep Calm And Support Wimbledon Mug Football Mug Adult Mug Office Mug,Wimbledon,no,gid://shopify/Product/8862530056
keep-calm-and-support-woking-mug-football-mugs,Keep Calm And Support Woking Mug Football Mug Adult Mug Office Mug,Woking,no,gid://shopify/Product/8862534600
keep-calm-and-support-wolves-mug-football-mugs,Keep Calm And Support Wolves Mug Football Mug Adult Mug Office Mug,Wolves,no,gid://shopify/Product/8862538568
keep-calm-and-support-worcester-mug-football-mugs,Keep Calm And Support Worcester Mug Football Mug Adult Mug Office Mug,Worcester,no,gid://shopify/Product/8862542920
keep-calm-and-support-wrexham-mug-football-mugs,Keep Calm And Support Wrexham Mug Football Mug Adult Mug Office Mug,Wrexham,no,gid://shopify/Product/8862546888
keep-calm-and-support-wycombe-mug-football-mugs,Keep Calm And Support Wycombe Mug Football Mug Adult Mug Office Mug,Wycombe,no,gid://shopify/Product/8862550408
keep-calm-and-support-yeovil-mug-football-mugs,Keep Calm And Support Yeovil Mug Football Mug Adult Mug Office Mug,Yeovil,no,gid://shopify/Product/8862554376
keep-calm-and-support-york-city-mug-football-mugs,Keep Calm And Support York City Mug Football Mug Adult Mug Office Mug,York City,no,gid://shopify/Product/8862566024
personalised-darth-mug,Personalised Darth Vader Mug CARTOON Mug Office Mug,Star Wars,no,gid://shopify/Product/8875672584
personalised-storm-trooper-mug,Personalised Cartoon Funny Storm Trooper Mug,Star Wars,no,gid://shopify/Product/8876140808
i-love-al-pacino-i-love-celebrity-mug,I Love Al Pacino Celebrity Mug Office Mug,Al Pacino,no,gid://shopify/Product/8876220104
i-love-alan-arkin-i-love-celebrity-mug,I Love Alan Arkin Celebrity Mug Office Mug,Alan Arkin,no,gid://shopify/Product/8876220296
i-love-alan-rickman-i-love-celebrity-mug,I Love Alan Rickman Celebrity Mug Office Mug,Alan Rickman,no,gid://shopify/Product/8876220488
i-love-albert-finney-i-love-celebrity-mug,I Love Albert Finney Celebrity Mug Office Mug,Albert Finney,no,gid://shopify/Product/8876220744
i-love-alec-baldwin-i-love-celebrity-mug,I Love Alec Baldwin Celebrity Mug Office Mug,Alec Baldwin,no,gid://shopify/Product/8876220872
i-love-andy-garcia-i-love-celebrity-mug,I Love Andy Garcia Celebrity Mug Office Mug,Andy Garcia,no,gid://shopify/Product/8876221064
i-love-anthony-hopkins-i-love-celebrity-mug,I Love Anthony Hopkins Celebrity Mug Office Mug,Anthony Hopkins,no,gid://shopify/Product/8876221192
i-love-anthony-mackie-i-love-celebrity-mug,I Love Anthony Mackie Celebrity Mug Office Mug,Anthony Mackie,no,gid://shopify/Product/8876221384
i-love-armin-mueller-stahl-i-love-celebrity-mug,I Love Armin Mueller Stahl Celebrity Mug Office Mug,Armin Mueller Stahl,no,gid://shopify/Product/8876221512
i-love-barry-pepper-i-love-celebrity-mug,I Love Barry Pepper Celebrity Mug Office Mug,Barry Pepper,no,gid://shopify/Product/8876221704
i-love-ben-affleck-i-love-celebrity-mug,I Love Ben Affleck Celebrity Mug Office Mug,Ben Affleck,no,gid://shopify/Product/8876221832
i-love-ben-kingsley-i-love-celebrity-mug,I Love Ben Kingsley Celebrity Mug Office Mug,Ben Kingsley,no,gid://shopify/Product/8876222088
i-love-ben-stiller-i-love-celebrity-mug,I Love Ben Stiller Celebrity Mug Office Mug,Ben Stiller,no,gid://shopify/Product/8876222216
i-love-benicio-del-toro-i-love-celebrity-mug,I Love Benicio Del Toro Celebrity Mug Office Mug,Benicio Del Toro,no,gid://shopify/Product/8876222408
i-love-bill-murray-i-love-celebrity-mug,I Love Bill Murray Celebrity Mug Office Mug,Bill Murray,no,gid://shopify/Product/8876222600
i-love-bob-hoskins-i-love-celebrity-mug,I Love Bob Hoskins Celebrity Mug Office Mug,Bob Hoskins,no,gid://shopify/Product/8876223048
i-love-brad-pitt-i-love-celebrity-mug,I Love Brad Pitt Celebrity Mug Office Mug,Brad Pitt,no,gid://shopify/Product/8876223176
i-love-bradley-cooper-i-love-celebrity-mug,I Love Bradley Cooper Celebrity Mug Office Mug,Bradley Cooper,no,gid://shopify/Product/8876223368
i-love-brian-cox-i-love-celebrity-mug,I Love Brian Cox Celebrity Mug Office Mug,Brian Cox,no,gid://shopify/Product/8876223496
i-love-brian-dennehy-i-love-celebrity-mug,I Love Brian Dennehy Celebrity Mug Office Mug,Brian Dennehy,no,gid://shopify/Product/8876223688
i-love-bruce-willis-i-love-celebrity-mug,I Love Bruce Willis Celebrity Mug Office Mug,Bruce Willis,no,gid://shopify/Product/8876223880
i-love-bryan-cranston-i-love-celebrity-mug,I Love Bryan Cranston Celebrity Mug Office Mug,Bryan Cranston,no,gid://shopify/Product/8876224072
i-love-chazz-palminteri-i-love-celebrity-mug,I Love Chazz Palminteri Celebrity Mug Office Mug,Chazz Palminteri,no,gid://shopify/Product/8876224328
i-love-chris-cooper-i-love-celebrity-mug,I Love Chris Cooper Celebrity Mug Office Mug,Chris Cooper,no,gid://shopify/Product/8876224520
i-love-christian-bale-i-love-celebrity-mug,I Love Christian Bale Celebrity Mug Office Mug,Christian Bale,no,gid://shopify/Product/8876224648
i-love-christian-slater-i-love-celebrity-mug,I Love Christian Slater Celebrity Mug Office Mug,Christian Slater,no,gid://shopify/Product/8876224840
i-love-christoph-waltz-i-love-celebrity-mug,I Love Christoph Waltz Celebrity Mug Office Mug,Christoph Waltz,no,gid://shopify/Product/8876225032
i-love-christopher-lee-i-love-celebrity-mug,I Love Christopher Lee Celebrity Mug Office Mug,Christopher Lee,no,gid://shopify/Product/8876225160
i-love-christopher-plummer-i-love-celebrity-mug,I Love Christopher Plummer Celebrity Mug Office Mug,Christopher Plummer,no,gid://shopify/Product/8876225352
i-love-christopher-walken-i-love-celebrity-mug,I Love Christopher Walken Celebrity Mug Office Mug,Christopher Walken,no,gid://shopify/Product/8876225544
i-love-clint-eastwood-i-love-celebrity-mug,I Love Clint Eastwood Celebrity Mug Office Mug,Clint Eastwood,no,gid://shopify/Product/8876225736
i-love-clive-owen-i-love-celebrity-mug,I Love Clive Owen Celebrity Mug Office Mug,Clive Owen,no,gid://shopify/Product/8876225864
i-love-colin-farrell-i-love-celebrity-mug,I Love Colin Farrell Celebrity Mug Office Mug,Colin Farrell,no,gid://shopify/Product/8876225992
i-love-colin-firth-i-love-celebrity-mug,I Love Colin Firth Celebrity Mug Office Mug,Colin Firth,no,gid://shopify/Product/8876226120
i-love-colm-meaney-i-love-celebrity-mug,I Love Colm Meaney Celebrity Mug Office Mug,Colm Meaney,no,gid://shopify/Product/8876226248
i-love-cuba-gooding-jr-i-love-celebrity-mug,I Love Cuba Gooding Jr Celebrity Mug Office Mug,Cuba Gooding Jr,no,gid://shopify/Product/8876226440
i-love-daniel-craig-i-love-celebrity-mug,I Love Daniel Craig Celebrity Mug Office Mug,Daniel Craig,no,gid://shopify/Product/8876226568
i-love-danny-devito-i-love-celebrity-mug,I Love Danny Devito Celebrity Mug Office Mug,Danny DeVito,no,gid://shopify/Product/8876226760
i-love-david-morse-i-love-celebrity-mug,I Love David Morse Celebrity Mug Office Mug,David Morse,no,gid://shopify/Product/8876226888
i-love-david-strathairn-i-love-celebrity-mug,I Love David Strathairn Celebrity Mug Office Mug,David Strathairn,no,gid://shopify/Product/8876227144
i-love-dennis-farina-i-love-celebrity-mug,I Love Dennis Farina Celebrity Mug Office Mug,Dennis Farina,no,gid://shopify/Product/8876227336
i-love-dennis-hopper-i-love-celebrity-mug,I Love Dennis Hopper Celebrity Mug Office Mug,Dennis Hopper,no,gid://shopify/Product/8876227528
i-love-denzel-washington-i-love-celebrity-mug,I Love Denzel Washington Celebrity Mug Office Mug,Denzel Washington,no,gid://shopify/Product/8876227848
i-love-djimon-hounsou-i-love-celebrity-mug,I Love Djimon Hounsou Celebrity Mug Office Mug,Djimon Hounsou,no,gid://shopify/Product/8876227976
i-love-dominic-chianese-i-love-celebrity-mug,I Love Dominic Chianese Celebrity Mug Office Mug,Dominic Chianese,no,gid://shopify/Product/8876228168
i-love-don-cheadle-i-love-celebrity-mug,I Love Don Cheadle Celebrity Mug Office Mug,Don Cheadle,no,gid://shopify/Product/8876228552
i-love-donald-sutherland-i-love-celebrity-mug,I Love Donald Sutherland Celebrity Mug Office Mug,Donald Sutherland,no,gid://shopify/Product/8876228680
i-love-dustin-hoffman-i-love-celebrity-mug,I Love Dustin Hoffman Celebrity Mug Office Mug,Dustin Hoffman,no,gid://shopify/Product/8876228936
i-love-ed-harris-i-love-celebrity-mug,I Love Ed Harris Celebrity Mug Office Mug,Ed Harris,no,gid://shopify/Product/8876229128
i-love-eddie-murphy-i-love-celebrity-mug,I Love Eddie Murphy Celebrity Mug Office Mug,Eddie Murphy,no,gid://shopify/Product/8876229256
i-love-edward-burns-i-love-celebrity-mug,I Love Edward Burns Celebrity Mug Office Mug,Edward Burns,no,gid://shopify/Product/8876229448
i-love-edward-norton-i-love-celebrity-mug,I Love Edward Norton Celebrity Mug Office Mug,Edward Norton,no,gid://shopify/Product/8876229704
i-love-eli-wallach-i-love-celebrity-mug,I Love Eli Wallach Celebrity Mug Office Mug,Eli Wallach,no,gid://shopify/Product/8876230024
i-love-elliott-gould-i-love-celebrity-mug,I Love Elliott Gould Celebrity Mug Office Mug,Elliott Gould,no,gid://shopify/Product/8876230280
i-love-ethan-hawke-i-love-celebrity-mug,I Love Ethan Hawke Celebrity Mug Office Mug,Ethan Hawke,no,gid://shopify/Product/8876230408
i-love-forest-whitaker-i-love-celebrity-mug,I Love Forest Whitaker Celebrity Mug Office Mug,Forest Whitaker,no,gid://shopify/Product/8876230600
i-love-gary-oldman-i-love-celebrity-mug,I Love Gary Oldman Celebrity Mug Office Mug,Gary Oldman,no,gid://shopify/Product/8876230728
i-love-gary-sinise-i-love-celebrity-mug,I Love Gary Sinise Celebrity Mug Office Mug,Gary Sinise,no,gid://shopify/Product/8876230856
i-love-gene-hackman-i-love-celebrity-mug,I Love Gene Hackman Celebrity Mug Office Mug,Gene Hackman,no,gid://shopify/Product/8876231048
i-love-geoffrey-rush-i-love-celebrity-mug,I Love Geoffrey Rush Celebrity Mug Office Mug,Geoffrey Rush,no,gid://shopify/Product/8876231240
i-love-george-clooney-i-love-celebrity-mug,I Love George Clooney Celebrity Mug Office Mug,George Clooney,no,gid://shopify/Product/8876231368
i-love-gerard-butler-i-love-celebrity-mug,I Love Gerard Butler Celebrity Mug Office Mug,Gerard Butler,no,gid://shopify/Product/8876231496
i-love-giovanni-ribisi-i-love-celebrity-mug,I Love Giovanni Ribisi Celebrity Mug Office Mug,Giovanni Ribisi,no,gid://shopify/Product/8876231688
i-love-greg-kinnear-i-love-celebrity-mug,I Love Greg Kinnear Celebrity Mug Office Mug,Greg Kinnear,no,gid://shopify/Product/8876231880
i-love-guy-pearce-i-love-celebrity-mug,I Love Guy Pearce Celebrity Mug Office Mug,Guy Pearce,no,gid://shopify/Product/8876232072
i-love-hal-holbrook-i-love-celebrity-mug,I Love Hal Holbrook Celebrity Mug Office Mug,Hal Holbrook,no,gid://shopify/Product/8876232328
i-love-harrison-ford-i-love-celebrity-mug,I Love Harrison Ford Celebrity Mug Office Mug,Harrison Ford,no,gid://shopify/Product/8876232520
i-love-harvey-keitel-i-love-celebrity-mug,I Love Harvey Keitel Celebrity Mug Office Mug,Harvey Keitel,no,gid://shopify/Product/8876232648
i-love-heath-ledger-i-love-celebrity-mug,I Love Heath Ledger Celebrity Mug Office Mug,Heath Ledger,no,gid://shopify/Product/8876232840
i-love-hector-elizondo-i-love-celebrity-mug,I Love Hector Elizondo Celebrity Mug Office Mug,Hector Elizondo,no,gid://shopify/Product/8876233032
i-love-hugh-jackman-i-love-celebrity-mug,I Love Hugh Jackman Celebrity Mug Office Mug,Hugh Jackman,no,gid://shopify/Product/8876233224
i-love-ian-holm-i-love-celebrity-mug,I Love Ian Holm Celebrity Mug Office Mug,Ian Holm,no,gid://shopify/Product/8876233416
i-love-ian-mckellen-i-love-celebrity-mug,I Love Ian Mckellen Celebrity Mug Office Mug,Ian McKellen,no,gid://shopify/Product/8876233608
i-love-ian-mcshane-i-love-celebrity-mug,I Love Ian Mcshane Celebrity Mug Office Mug,Ian McShane,no,gid://shopify/Product/8876233800
i-love-idris-elba-i-love-celebrity-mug,I Love Idris Elba Celebrity Mug Office Mug,Idris Elba,no,gid://shopify/Product/8876234120
i-love-jack-nicholson-i-love-celebrity-mug,I Love Jack Nicholson Celebrity Mug Office Mug,Jack Nicholson,no,gid://shopify/Product/8876234312
i-love-jack-nicholson2-i-love-celebrity-mug,I Love Jack Nicholson2 Celebrity Mug Office Mug,Jack Nicholson,no,gid://shopify/Product/8876234568
i-love-james-caan-i-love-celebrity-mug,I Love James Caan Celebrity Mug Office Mug,James Caan,no,gid://shopify/Product/8876234696
i-love-james-coburn-i-love-celebrity-mug,I Love James Coburn Celebrity Mug Office Mug,James Coburn,no,gid://shopify/Product/8876234760
i-love-james-cromwell-i-love-celebrity-mug,I Love James Cromwell Celebrity Mug Office Mug,James Cromwell,no,gid://shopify/Product/8876234888
i-love-james-earl-jones-i-love-celebrity-mug,I Love James Earl Jones Celebrity Mug Office Mug,James Earl Jones,no,gid://shopify/Product/8876235080
i-love-james-gandolfini-i-love-celebrity-mug,I Love James Gandolfini Celebrity Mug Office Mug,James Gandolfini,no,gid://shopify/Product/8876235208
i-love-james-woods-i-love-celebrity-mug,I Love James Woods Celebrity Mug Office Mug,James Woods,no,gid://shopify/Product/8876235400
i-love-jamie-foxx-i-love-celebrity-mug,I Love Jamie Foxx Celebrity Mug Office Mug,Jamie Foxx,no,gid://shopify/Product/8876235528
i-love-javier-bardem-i-love-celebrity-mug,I Love Javier Bardem Celebrity Mug Office Mug,Javier Bardem,no,gid://shopify/Product/8876235656
i-love-jean-reno-i-love-celebrity-mug,I Love Jean Reno Celebrity Mug Office Mug,Jean Reno,no,gid://shopify/Product/8876235848
i-love-jeff-bridges-i-love-celebrity-mug,I Love Jeff Bridges Celebrity Mug Office Mug,Jeff Bridges,no,gid://shopify/Product/8876235976
i-love-jeffrey-wright-i-love-celebrity-mug,I Love Jeffrey Wright Celebrity Mug Office Mug,Jeffrey Wright,no,gid://shopify/Product/8876236168
i-love-jeremy-irons-i-love-celebrity-mug,I Love Jeremy Irons Celebrity Mug Office Mug,Jeremy Irons,no,gid://shopify/Product/8876236488
i-love-jeremy-piven-i-love-celebrity-mug,I Love Jeremy Piven Celebrity Mug Office Mug,Jeremy Piven,no,gid://shopify/Product/8876236680
i-love-jeremy-renner-i-love-celebrity-mug,I Love Jeremy Renner Celebrity Mug Office Mug,Jeremy Renner,no,gid://shopify/Product/8876236936
i-love-jim-carrey-i-love-celebrity-mug,I Love Jim Carrey Celebrity Mug Office Mug,Jim Carrey,no,gid://shopify/Product/8876237064
i-love-joaquin-phoenix-i-love-celebrity-mug,I Love Joaquin Phoenix Celebrity Mug Office Mug,Joaquin Phoenix,no,gid://shopify/Product/8876237256
i-love-joe-pantoliano-i-love-celebrity-mug,I Love Joe Pantoliano Celebrity Mug Office Mug,Joe Pantoliano,no,gid://shopify/Product/8876237384
i-love-joe-pesci-i-love-celebrity-mug,I Love Joe Pesci Celebrity Mug Office Mug,Joe Pesci,no,gid://shopify/Product/8876237576
i-love-john-c-reilly-i-love-celebrity-mug,I Love John C. Reilly Celebrity Mug Office Mug,John C. Reilly,no,gid://shopify/Product/8876237768
i-love-john-cusack-i-love-celebrity-mug,I Love John Cusack Celebrity Mug Office Mug,John Cusack,no,gid://shopify/Product/8876237896
i-love-john-goodman-i-love-celebrity-mug,I Love John Goodman Celebrity Mug Office Mug,John Goodman,no,gid://shopify/Product/8876238024
i-love-john-hawkes-i-love-celebrity-mug,I Love John Hawkes Celebrity Mug Office Mug,John Hawkes,no,gid://shopify/Product/8876238216
i-love-john-hurt-i-love-celebrity-mug,I Love John Hurt Celebrity Mug Office Mug,John Hurt,no,gid://shopify/Product/8876238344
i-love-john-lithgow-i-love-celebrity-mug,I Love John Lithgow Celebrity Mug Office Mug,John Lithgow,no,gid://shopify/Product/8876238472
i-love-john-malkovich-i-love-celebrity-mug,I Love John Malkovich Celebrity Mug Office Mug,John Malkovich,no,gid://shopify/Product/8876238600
i-love-john-travolta-i-love-celebrity-mug,I Love John Travolta Celebrity Mug Office Mug,John Travolta,no,gid://shopify/Product/8876238792
i-love-john-turturro-i-love-celebrity-mug,I Love John Turturro Celebrity Mug Office Mug,John Turturro,no,gid://shopify/Product/8876238984
i-love-johnny-depp-i-love-celebrity-mug,I Love Johnny Depp Celebrity Mug Office Mug,Johnny Depp,no,gid://shopify/Product/8876239176
i-love-jon-voight-i-love-celebrity-mug,I Love Jon Voight Celebrity Mug Office Mug,Jon Voight,no,gid://shopify/Product/8876239368
i-love-joseph-gordon-levitt-i-love-celebrity-mug,I Love Joseph Gordon Levitt Celebrity Mug Office Mug,Joseph Gordon Levitt,no,gid://shopify/Product/8876239560
i-love-josh-hartnett-i-love-celebrity-mug,I Love Josh Hartnett Celebrity Mug Office Mug,Josh Hartnett,no,gid://shopify/Product/8876239688
i-love-josh-lucas-i-love-celebrity-mug,I Love Josh Lucas Celebrity Mug Office Mug,Josh Lucas,no,gid://shopify/Product/8876239880
i-love-jude-law-i-love-celebrity-mug,I Love Jude Law Celebrity Mug Office Mug,Jude Law,no,gid://shopify/Product/8876240072
i-love-justin-theroux-i-love-celebrity-mug,I Love Justin Theroux Celebrity Mug Office Mug,Justin Theroux,no,gid://shopify/Product/8876240264
i-love-justin-timberlake-i-love-celebrity-mug,I Love Justin Timberlake Celebrity Mug Office Mug,Justin Timberlake,no,gid://shopify/Product/8876240392
i-love-keith-david-i-love-celebrity-mug,I Love Keith David Celebrity Mug Office Mug,Keith David,no,gid://shopify/Product/8876240520
i-love-ken-watanabe-i-love-celebrity-mug,I Love Ken Watanabe Celebrity Mug Office Mug,Ken Watanabe,no,gid://shopify/Product/8876240648
i-love-kevin-bacon-i-love-celebrity-mug,I Love Kevin Bacon Celebrity Mug Office Mug,Kevin Bacon,no,gid://shopify/Product/8876240776
i-love-kevin-costner-i-love-celebrity-mug,I Love Kevin Costner Celebrity Mug Office Mug,Kevin Costner,no,gid://shopify/Product/8876240904
i-love-kevin-kline-i-love-celebrity-mug,I Love Kevin Kline Celebrity Mug Office Mug,Kevin Kline,no,gid://shopify/Product/8876241032
i-love-kevin-pollak-i-love-celebrity-mug,I Love Kevin Pollak Celebrity Mug Office Mug,Kevin Pollak,no,gid://shopify/Product/8876241160
i-love-kevin-spacey-i-love-celebrity-mug,I Love Kevin Spacey Celebrity Mug Office Mug,Kevin Spacey,no,gid://shopify/Product/8876241352
i-love-laurence-fishburne-i-love-celebrity-mug,I Love Laurence Fishburne Celebrity Mug Office Mug,Laurence Fishburne,no,gid://shopify/Product/8876241480
i-love-leonardo-dicaprio-i-love-celebrity-mug,I Love Leonardo Dicaprio Celebrity Mug Office Mug,Leonardo DiCaprio,no,gid://shopify/Product/8876241736
i-love-liam-neeson-i-love-celebrity-mug,I Love Liam Neeson Celebrity Mug Office Mug,Liam Neeson,no,gid://shopify/Product/8876241800
i-love-mark-ruffalo-i-love-celebrity-mug,I Love Mark Ruffalo Celebrity Mug Office Mug,Mark Ruffalo,no,gid://shopify/Product/8876241928
i-love-mark-wahlberg-i-love-celebrity-mug,I Love Mark Wahlberg Celebrity Mug Office Mug,Mark Wahlberg,no,gid://shopify/Product/8876242056
i-love-martin-landau-i-love-celebrity-mug,I Love Martin Landau Celebrity Mug Office Mug,Martin Landau,no,gid://shopify/Product/8876242248
i-love-martin-sheen-i-love-celebrity-mug,I Love Martin Sheen Celebrity Mug Office Mug,Martin Sheen,no,gid://shopify/Product/8876242376
i-love-matt-damon-i-love-celebrity-mug,I Love Matt Damon Celebrity Mug Office Mug,Matt Damon,no,gid://shopify/Product/8876242504
i-love-matt-dillon-i-love-celebrity-mug,I Love Matt Dillon Celebrity Mug Office Mug,Matt Dillon,no,gid://shopify/Product/8876242696
i-love-matthew-mcconaughey-i-love-celebrity-mug,I Love Matthew Mcconaughey Celebrity Mug Office Mug,Matthew McConaughey,no,gid://shopify/Product/8876242824
i-love-max-von-sydow-i-love-celebrity-mug,I Love Max Von Sydow Celebrity Mug Office Mug,Max Von Sydow,no,gid://shopify/Product/8876243016
i-love-mel-gibson-i-love-celebrity-mug,I Love Mel Gibson Celebrity Mug Office Mug,Mel Gibson,no,gid://shopify/Product/8876243272
i-love-michael-caine-i-love-celebrity-mug,I Love Michael Caine Celebrity Mug Office Mug,Michael Caine,no,gid://shopify/Product/8876243464
i-love-michael-clarke-duncan-i-love-celebrity-mug,I Love Michael Clarke Duncan Celebrity Mug Office Mug,Michael Clarke Duncan,no,gid://shopify/Product/8876243656
i-love-michael-douglas-i-love-celebrity-mug,I Love Michael Douglas Celebrity Mug Office Mug,Michael Douglas,no,gid://shopify/Product/8876243912
i-love-michael-madsen-i-love-celebrity-mug,I Love Michael Madsen Celebrity Mug Office Mug,Michael Madsen,no,gid://shopify/Product/8876244104
i-love-michael-shannon-i-love-celebrity-mug,I Love Michael Shannon Celebrity Mug Office Mug,Michael Shannon,no,gid://shopify/Product/8876244296
i-love-mickey-rourke-i-love-celebrity-mug,I Love Mickey Rourke Celebrity Mug Office Mug,Mickey Rourke,no,gid://shopify/Product/8876244424
i-love-morgan-freeman-i-love-celebrity-mug,I Love Morgan Freeman Celebrity Mug Office Mug,Morgan Freeman,no,gid://shopify/Product/8876244552
i-love-nick-nolte-i-love-celebrity-mug,I Love Nick Nolte Celebrity Mug Office Mug,Nick Nolte,no,gid://shopify/Product/8876244808
i-love-nicolas-cage-i-love-celebrity-mug,I Love Nicolas Cage Celebrity Mug Office Mug,Nicolas Cage,no,gid://shopify/Product/8876245000
i-love-oliver-platt-i-love-celebrity-mug,I Love Oliver Platt Celebrity Mug Office Mug,Oliver Platt,no,gid://shopify/Product/8876245128
i-love-orlando-bloom-i-love-celebrity-mug,I Love Orlando Bloom Celebrity Mug Office Mug,Orlando Bloom,no,gid://shopify/Product/8876245256
i-love-paul-giamatti-i-love-celebrity-mug,I Love Paul Giamatti Celebrity Mug Office Mug,Paul Giamatti,no,gid://shopify/Product/8876245512
i-love-paul-newman-i-love-celebrity-mug,I Love Paul Newman Celebrity Mug Office Mug,Paul Newman,no,gid://shopify/Product/8876245640
i-love-peter-dinklage-i-love-celebrity-mug,I Love Peter Dinklage Celebrity Mug Office Mug,Peter Dinklage,no,gid://shopify/Product/8876245768
i-love-peter-otoole-i-love-celebrity-mug,I Love Peter O'Toole Celebrity Mug Office Mug,Peter O'Toole,no,gid://shopify/Product/8876245896
i-love-philip-seymour-hoffman-i-love-celebrity-mug,I Love Philip Seymour Hoffman Celebrity Mug Office Mug,Philip Seymour Hoffman,no,gid://shopify/Product/8876246024
i-love-ralph-fiennes-i-love-celebrity-mug,I Love Ralph Fiennes Celebrity Mug Office Mug,Ralph Fiennes,no,gid://shopify/Product/8876246152
i-love-ray-liotta-i-love-celebrity-mug,I Love Ray Liotta Celebrity Mug Office Mug,Ray Liotta,no,gid://shopify/Product/8876246280
i-love-richard-dreyfuss-i-love-celebrity-mug,I Love Richard Dreyfuss Celebrity Mug Office Mug,Richard Dreyfuss,no,gid://shopify/Product/8876246472
i-love-richard-gere-i-love-celebrity-mug,I Love Richard Gere Celebrity Mug Office Mug,Richard Gere,no,gid://shopify/Product/8876246664
i-love-richard-jenkins-i-love-celebrity-mug,I Love Richard Jenkins Celebrity Mug Office Mug,Richard Jenkins,no,gid://shopify/Product/8876246920
i-love-robert-de-niro-i-love-celebrity-mug,I Love Robert De Niro Celebrity Mug Office Mug,Robert De Niro,no,gid://shopify/Product/8876247048
i-love-robert-downey-jr-i-love-celebrity-mug,I Love Robert Downey Jr Celebrity Mug Office Mug,Robert Downey Jr,no,gid://shopify/Product/8876247240
i-love-robert-duvall-i-love-celebrity-mug,I Love Robert Duvall Celebrity Mug Office Mug,Robert Duvall,no,gid://shopify/Product/8876247368
i-love-robert-patrick-i-love-celebrity-mug,I Love Robert Patrick Celebrity Mug Office Mug,Robert Patrick,no,gid://shopify/Product/8876247496
i-love-robert-redford-i-love-celebrity-mug,I Love Robert Redford Celebrity Mug Office Mug,Robert Redford,no,gid://shopify/Product/8876247752
i-love-robin-williams-i-love-celebrity-mug,I Love Robin Williams Celebrity Mug Office Mug,Robin Williams,no,gid://shopify/Product/8876247880
i-love-russell-crowe-i-love-celebrity-mug,I Love Russell Crowe Celebrity Mug Office Mug,Russell Crowe,no,gid://shopify/Product/8876248072
i-love-ryan-gosling-i-love-celebrity-mug,I Love Ryan Gosling Celebrity Mug Office Mug,Ryan Gosling,no,gid://shopify/Product/8876248264
i-love-sam-neill-i-love-celebrity-mug,I Love Sam Neill Celebrity Mug Office Mug,Sam Neill,no,gid://shopify/Product/8876248392
i-love-sam-rockwell-i-love-celebrity-mug,I Love Sam Rockwell Celebrity Mug Office Mug,Sam Rockwell,no,gid://shopify/Product/8876248584
i-love-sam-shepard-i-love-celebrity-mug,I Love Sam Shepard Celebrity Mug Office Mug,Sam Shepard,no,gid://shopify/Product/8876248840
i-love-samuel-l-jackson-i-love-celebrity-mug,I Love Samuel L. Jackson Celebrity Mug Office Mug,Samuel L. Jackson,no,gid://shopify/Product/8876248904
i-love-scott-glenn-i-love-celebrity-mug,I Love Scott Glenn Celebrity Mug Office Mug,Scott Glenn,no,gid://shopify/Product/8876249160
i-love-sean-connery-i-love-celebrity-mug,I Love Sean Connery Celebrity Mug Office Mug,Sean Connery,no,gid://shopify/Product/8876249224
i-love-sean-penn-i-love-celebrity-mug,I Love Sean Penn Celebrity Mug Office Mug,Sean Penn,no,gid://shopify/Product/8876249480
i-love-sidney-poitier-i-love-celebrity-mug,I Love Sidney Poitier Celebrity Mug Office Mug,Sidney Poitier,no,gid://shopify/Product/8876249672
i-love-stanley-tucci-i-love-celebrity-mug,I Love Stanley Tucci Celebrity Mug Office Mug,Stanley Tucci,no,gid://shopify/Product/8876249864
i-love-stephen-rea-i-love-celebrity-mug,I Love Stephen Rea Celebrity Mug Office Mug,Stephen Rea,no,gid://shopify/Product/8876250120
i-love-steve-buscemi-i-love-celebrity-mug,I Love Steve Buscemi Celebrity Mug Office Mug,Steve Buscemi,no,gid://shopify/Product/8876250312
i-love-sylvester-stallone-i-love-celebrity-mug,I Love Sylvester Stallone Celebrity Mug Office Mug,Sylvester Stallone,no,gid://shopify/Product/8876250440
i-love-thomas-jane-i-love-celebrity-mug,I Love Thomas Jane Celebrity Mug Office Mug,Thomas Jane,no,gid://shopify/Product/8876250632
i-love-tim-robbins-i-love-celebrity-mug,I Love Tim Robbins Celebrity Mug Office Mug,Tim Robbins,no,gid://shopify/Product/8876250824
i-love-tim-roth-i-love-celebrity-mug,I Love Tim Roth Celebrity Mug Office Mug,Tim Roth,no,gid://shopify/Product/8876251016
i-love-timothy-hutton-i-love-celebrity-mug,I Love Timothy Hutton Celebrity Mug Office Mug,Timothy Hutton,no,gid://shopify/Product/8876251272
i-love-tom-berenger-i-love-celebrity-mug,I Love Tom Berenger Celebrity Mug Office Mug,Tom Berenger,no,gid://shopify/Product/8876251464
i-love-tom-cruise-i-love-celebrity-mug,I Love Tom Cruise Celebrity Mug Office Mug,Tom Cruise,no,gid://shopify/Product/8876251592
i-love-tom-hanks-i-love-celebrity-mug,I Love Tom Hanks Celebrity Mug Office Mug,Tom Hanks,no,gid://shopify/Product/8876251784
i-love-tom-hardy-i-love-celebrity-mug,I Love Tom Hardy Celebrity Mug Office Mug,Tom Hardy,no,gid://shopify/Product/8876251912
i-love-tom-sizemore-i-love-celebrity-mug,I Love Tom Sizemore Celebrity Mug Office Mug,Tom Sizemore,no,gid://shopify/Product/8876252040
i-love-tom-wilkinson-i-love-celebrity-mug,I Love Tom Wilkinson Celebrity Mug Office Mug,Tom Wilkinson,no,gid://shopify/Product/8876252296
i-love-tommy-lee-jones-i-love-celebrity-mug,I Love Tommy Lee Jones] Celebrity Mug Office Mug,Tommy Lee Jones,no,gid://shopify/Product/8876252424
i-love-val-kilmer-i-love-celebrity-mug,I Love Val Kilmer Celebrity Mug Office Mug,Val Kilmer,no,gid://shopify/Product/8876252616
i-love-viggo-mortensen-i-love-celebrity-mug,I Love Viggo Mortensen Celebrity Mug Office Mug,Viggo Mortensen,no,gid://shopify/Product/8876252872
i-love-vincent-cassel-i-love-celebrity-mug,I Love Vincent Cassel Celebrity Mug Office Mug,Vincent Cassel,no,gid://shopify/Product/8876253064
i-love-warren-beatty-i-love-celebrity-mug,I Love Warren Beatty Celebrity Mug Office Mug,Warren Beatty,no,gid://shopify/Product/8876253320
i-love-wes-studi-i-love-celebrity-mug,I Love Wes Studi Celebrity Mug Office Mug,Wes Studi,no,gid://shopify/Product/8876253512
i-love-will-patton-i-love-celebrity-mug,I Love Will Patton Celebrity Mug Office Mug,Will Patton,no,gid://shopify/Product/8876253896
i-love-will-smith-i-love-celebrity-mug,I Love Will Smith Celebrity Mug Office Mug,Will Smith,no,gid://shopify/Product/8876254024
i-love-willem-dafoe-i-love-celebrity-mug,I Love Willem Dafoe Celebrity Mug Office Mug,Willem Dafoe,no,gid://shopify/Product/8876254152
i-love-william-fichtner-i-love-celebrity-mug,I Love William Fichtner Celebrity Mug Office Mug,William Fichtner,no,gid://shopify/Product/8876254408
i-love-william-h-macy-i-love-celebrity-mug,I Love William H. Macy Celebrity Mug Office Mug,William H. Macy,no,gid://shopify/Product/8876254536
i-love-william-hurt-i-love-celebrity-mug,I Love William Hurt Celebrity Mug Office Mug,William Hurt,no,gid://shopify/Product/8876254728
i-love-woody-allen-i-love-celebrity-mug,I Love Woody Allen Celebrity Mug Office Mug,Woody Allen,no,gid://shopify/Product/8876254920
i-love-woody-harrelson-i-love-celebrity-mug,I Love Woody Harrelson Celebrity Mug Office Mug,Woody Harrelson,no,gid://shopify/Product/8876255112
i-love-1d-mug,I Love 1D Mug,One Direction,no,gid://shopify/Product/8899184648
acrington-stanley-signs-for-football-mug-personalised-birthday-age-and-name,Personalised SIGNS FOR Acrington Stanley Football Mug Personalised Birthday Mug,Acrington Stanley,no,gid://shopify/Product/8921074568
arsenal-signs-for-football-mug-personalised-birthday-age-and-name,Personalised SIGNS FOR Arsenal Football Mug Personalised Birthday Mug,Arsenal,no,gid://shopify/Product/8921309640
barnet-signs-for-football-mug-personalised-birthday-age-and-name,Personalised SIGNS FOR Barnet Football Mug Personalised Birthday Mug,Barnet,no,gid://shopify/Product/8921311048
barnsley-signs-for-football-mug-personalised-birthday-age-and-name,Personalised SIGNS FOR Barnsley Football Mug Personalised Birthday Mug,Barnsley,no,gid://shopify/Product/8921311176
bolton-signs-for-football-mug-personalised-birthday-age-and-name,Personalised SIGNS FOR Bolton Football Mug Personalised Birthday Mug,Bolton,no,gid://shopify/Product/8921311368
bournmouth-signs-for-football-mug-personalised-birthday-age-and-name,Personalised SIGNS FOR Bournmouth Football Mug Personalised Birthday Mug,Bournmouth,no,gid://shopify/Product/8921311496
brentford-signs-for-football-mug-personalised-birthday-age-and-name,Personalised SIGNS FOR Brentford Football Mug Personalised Birthday Mug,Brentford,no,gid://shopify/Product/8921311624
burton-signs-for-football-mug-personalised-birthday-age-and-name,Personalised SIGNS FOR Burton Football Mug Personalised Birthday Mug,Burton,no,gid://shopify/Product/8921313096
bury-signs-for-football-mug-personalised-birthday-age-and-name,Personalised SIGNS FOR Bury Football Mug Personalised Birthday Mug,Bury,no,gid://shopify/Product/8921313224
cambridge-signs-for-football-mug-personalised-birthday-age-and-name,Personalised SIGNS FOR Cambridge Football Mug Personalised Birthday Mug,Cambridge,no,gid://shopify/Product/8921313352
cardiff-signs-for-football-mug-personalised-birthday-age-and-name,Personalised SIGNS FOR Cardiff Football Mug Personalised Birthday Mug,Cardiff,no,gid://shopify/Product/8921313480
carlisle-signs-for-football-mug-personalised-birthday-age-and-name,Personalised SIGNS FOR Carlisle Football Mug Personalised Birthday Mug,Carlisle,no,gid://shopify/Product/8921313544
charlton-signs-for-football-mug-personalised-birthday-age-and-name,Personalised SIGNS FOR Charlton Football Mug Personalised Birthday Mug,Charlton,no,gid://shopify/Product/8921313736
chelsea-signs-for-football-mug-personalised-birthday-age-and-name,Personalised SIGNS FOR Chelsea Football Mug Personalised Birthday Mug,Chelsea,no,gid://shopify/Product/8921315208
cheltenham-signs-for-football-mug-personalised-birthday-age-and-name,Personalised SIGNS FOR Cheltenham Football Mug Personalised Birthday Mug,Cheltenham,no,gid://shopify/Product/8921315336
chesterfield-signs-for-football-mug-personalised-birthday-age-and-name,Personalised SIGNS FOR Chesterfield Football Mug Personalised Birthday Mug,Chesterfield,no,gid://shopify/Product/8921315400
colchester-signs-for-football-mug-personalised-birthday-age-and-name,Personalised SIGNS FOR Colchester Football Mug Personalised Birthday Mug,Colchester,no,gid://shopify/Product/8921315592
coventry-signs-for-football-mug-personalised-birthday-age-and-name,Personalised SIGNS FOR Coventry Football Mug Personalised Birthday Mug,Coventry,no,gid://shopify/Product/8921315720
crawley-signs-for-football-mug-personalised-birthday-age-and-name,Personalised SIGNS FOR Crawley Football Mug Personalised Birthday Mug,Crawley,no,gid://shopify/Product/8921315976
crewe-signs-for-football-mug-personalised-birthday-age-and-name,Personalised SIGNS FOR Crewe Football Mug Personalised Birthday Mug,Crewe,no,gid://shopify/Product/8921316040
doncaster-signs-for-football-mug-personalised-birthday-age-and-name,Personalised SIGNS FOR Doncaster Football Mug Personalised Birthday Mug,Doncaster,no,gid://shopify/Product/8921317384
everton-signs-for-football-mug-personalised-birthday-age-and-name,Personalised SIGNS FOR Everton Football Mug Personalised Birthday Mug,Everton,no,gid://shopify/Product/8921317512
exeter-signs-for-football-mug-personalised-birthday-age-and-name,Personalised SIGNS FOR Exeter Football Mug Personalised Birthday Mug,Exeter,no,gid://shopify/Product/8921317576
fleetwood-signs-for-football-mug-personalised-birthday-age-and-name,Personalised SIGNS FOR Fleetwood Football Mug Personalised Birthday Mug,Fleetwood,no,gid://shopify/Product/8921317768
gillingham-signs-for-football-mug-personalised-birthday-age-and-name,Personalised SIGNS FOR Gillingham Football Mug Personalised Birthday Mug,Gillingham,no,gid://shopify/Product/8921317832
grimsby-signs-for-football-mug-personalised-birthday-age-and-name,Personalised SIGNS FOR Grimsby Football Mug Personalised Birthday Mug,Grimsby,no,gid://shopify/Product/8921318024
hartlepool-signs-for-football-mug-personalised-birthday-age-and-name,Personalised SIGNS FOR Hartlepool Football Mug Personalised Birthday Mug,Hartlepool,no,gid://shopify/Product/8921319496
hull-signs-for-football-mug-personalised-birthday-age-and-name,Personalised SIGNS FOR Hull Football Mug Personalised Birthday Mug,Hull,no,gid://shopify/Product/8921319560
ipswich-signs-for-football-mug-personalised-birthday-age-and-name,Personalised SIGNS FOR Ipswich Football Mug Personalised Birthday Mug,Ipswich,no,gid://shopify/Product/8921319752
leeds-signs-for-football-mug-personalised-birthday-age-and-name,Personalised SIGNS FOR Leeds Football Mug Personalised Birthday Mug,Leeds,no,gid://shopify/Product/8921319816
leicester-signs-for-football-mug-personalised-birthday-age-and-name,Personalised SIGNS FOR Leicester Football Mug Personalised Birthday Mug,Leicester,no,gid://shopify/Product/8921319944
liverpool-signs-for-football-mug-personalised-birthday-age-and-name,Personalised SIGNS FOR Liverpool Football Mug Personalised Birthday Mug,Liverpool,no,gid://shopify/Product/8921320136
luton-signs-for-football-mug-personalised-birthday-age-and-name,Personalised SIGNS FOR Luton Football Mug Personalised Birthday Mug,Luton,no,gid://shopify/Product/8921321480
mansfirld-signs-for-football-mug-personalised-birthday-age-and-name,Personalised SIGNS FOR Mansfirld Football Mug Personalised Birthday Mug,Mansfirld,no,gid://shopify/Product/8921321800
middlesbrough-signs-for-football-mug-personalised-birthday-age-and-name,Personalised SIGNS FOR Middlesbrough Football Mug Personalised Birthday Mug,Middlesbrough,no,gid://shopify/Product/8921321928
millwall-signs-for-football-mug-personalised-birthday-age-and-name,Personalised SIGNS FOR Millwall Football Mug Personalised Birthday Mug,Millwall,no,gid://shopify/Product/8921321992
morcambe-signs-for-football-mug-personalised-birthday-age-and-name,Personalised SIGNS FOR Morcambe Football Mug Personalised Birthday Mug,Morcambe,no,gid://shopify/Product/8921322120
newcastle-signs-for-football-mug-personalised-birthday-age-and-name,Personalised SIGNS FOR Newcastle Football Mug Personalised Birthday Mug,Newcastle,no,gid://shopify/Product/8921322248
newport-signs-for-football-mug-personalised-birthday-age-and-name,Personalised SIGNS FOR Newport Football Mug Personalised Birthday Mug,Newport,no,gid://shopify/Product/8921323592
northampton-signs-for-football-mug-personalised-birthday-age-and-name,Personalised SIGNS FOR Northampton Football Mug Personalised Birthday Mug,Northampton,no,gid://shopify/Product/8921323784
oldham-signs-for-football-mug-personalised-birthday-age-and-name,Personalised SIGNS FOR Oldham Football Mug Personalised Birthday Mug,Oldham,no,gid://shopify/Product/8921323912
peterborough-signs-for-football-mug-personalised-birthday-age-and-name,Personalised SIGNS FOR Peterborough Football Mug Personalised Birthday Mug,Peterborough,no,gid://shopify/Product/8921324232
plymouth-signs-for-football-mug-personalised-birthday-age-and-name,Personalised SIGNS FOR Plymouth Football Mug Personalised Birthday Mug,Plymouth,no,gid://shopify/Product/8921324296
southampton-signs-for-football-mug-personalised-birthday-age-and-name,Personalised SIGNS FOR Southampton Football Mug Personalised Birthday Mug,Southampton,no,gid://shopify/Product/8921325768
southend-signs-for-football-mug-personalised-birthday-age-and-name,Personalised SIGNS FOR Southend Football Mug Personalised Birthday Mug,Southend,no,gid://shopify/Product/8921325896
stevenage-signs-for-football-mug-personalised-birthday-age-and-name,Personalised SIGNS FOR Stevenage Football Mug Personalised Birthday Mug,Stevenage,no,gid://shopify/Product/8921326088
sunderland-signs-for-football-mug-personalised-birthday-age-and-name,Personalised SIGNS FOR Sunderland Football Mug Personalised Birthday Mug,Sunderland,no,gid://shopify/Product/8921326344
swansea-signs-for-football-mug-personalised-birthday-age-and-name,Personalised SIGNS FOR Swansea Football Mug Personalised Birthday Mug,Swansea,no,gid://shopify/Product/8921326472
swindon-signs-for-football-mug-personalised-birthday-age-and-name,Personalised SIGNS FOR Swindon Football Mug Personalised Birthday Mug,Swindon,no,gid://shopify/Product/8921327944
tottenham-signs-for-football-mug-personalised-birthday-age-and-name,Personalised SIGNS FOR Tottenham Football Mug Personalised Birthday Mug,Tottenham,no,gid://shopify/Product/8921328072
wallsall-signs-for-football-mug-personalised-birthday-age-and-name,Personalised SIGNS FOR Wallsall Football Mug Personalised Birthday Mug,Wallsall,no,gid://shopify/Product/8921328264
watford-signs-for-football-mug-personalised-birthday-age-and-name,Personalised SIGNS FOR Watford Football Mug Personalised Birthday Mug,Watford,no,gid://shopify/Product/8921328520
westham-signs-for-football-mug-personalised-birthday-age-and-name,Personalised SIGNS FOR West Ham Football Mug Personalised Birthday Mug,West Ham,no,gid://shopify/Product/8921328904
wolves-signs-for-football-mug-personalised-birthday-age-and-name,Personalised SIGNS FOR Wolves Football Mug Personalised Birthday Mug,Wolves,no,gid://shopify/Product/8921329096
wycombe-signs-for-football-mug-personalised-birthday-age-and-name,Personalised SIGNS FOR Wycombe Football Mug Personalised Birthday Mug,Wycombe,no,gid://shopify/Product/8921330504
yeovil-signs-for-football-mug-personalised-birthday-age-and-name,Personalised SIGNS FOR Yeovil Football Mug Personalised Birthday Mug,Yeovil,no,gid://shopify/Product/8921330568
i-love-1d-i-love-mug,I Love 1D I Love Mug Personalised ADULT OFFICE MUG,One Direction,no,gid://shopify/Product/8921425992
i-love-5sos-i-love-mug,I LOVE 5SOS I Love Mug Personalised ADULT OFFICE MUG,5 Seconds of Summer,no,gid://shopify/Product/8921506312
i-love-ac-cars-i-love-mug,I LOVE AC CARS I Love Mug Personalised ADULT OFFICE MUG,AC Cars,no,gid://shopify/Product/8921506504
i-love-audis-i-love-mug,I LOVE AUDIS I Love Mug Personalised ADULT OFFICE MUG,Audi,no,gid://shopify/Product/8921507336
i-love-bentleys-i-love-mug,I LOVE BENTLEYS I Love Mug Personalised ADULT OFFICE MUG,Bentley,no,gid://shopify/Product/8921508360
i-love-beyonce-i-love-mug,I LOVE BEYONCE I Love Mug Personalised ADULT OFFICE MUG,Beyoncé,no,gid://shopify/Product/8921508552
i-love-bmws-i-love-mug,I LOVE BMW'S I Love Mug Personalised ADULT OFFICE MUG,BMW,no,gid://shopify/Product/8921509192
i-love-bugatti-i-love-mug,I LOVE BUGATTI I Love Mug Personalised ADULT OFFICE MUG,Bugatti,no,gid://shopify/Product/8921510472
i-love-bumble-i-love-mug,I LOVE BUMBLE I Love Mug Personalised ADULT OFFICE MUG,Bumble,no,gid://shopify/Product/8921510536
i-love-crossfit-i-love-mug,I LOVE CROSSFIT I Love Mug Personalised ADULT OFFICE MUG,CrossFit,no,gid://shopify/Product/8921513096
i-love-dodges-i-love-mug,I LOVE DODGE'S I Love Mug Personalised ADULT OFFICE MUG,Dodge,no,gid://shopify/Product/8921513928
i-love-dr-dre-i-love-mug,I LOVE DR. DRE I Love Mug Personalised ADULT OFFICE MUG,Dr. Dre,no,gid://shopify/Product/8921513992
i-love-drake-i-love-mug,I LOVE DRAKE I Love Mug Personalised FUNNY OCCUPATION RUDE ADULT OFFICE MUG,Drake,no,gid://shopify/Product/8921514312
i-love-eminem-i-love-mug,I LOVE EMINEM I Love Mug Personalised ADULT OFFICE MUG,Eminem,no,gid://shopify/Product/8921515080
i-love-facebook-i-love-mug,I LOVE FACEBOOK I Love Mug Personalised ADULT OFFICE MUG,Facebook,no,gid://shopify/Product/8921515528
i-love-fiats-i-love-mug,I LOVE FIAT'S I Love Mug Personalised ADULT OFFICE MUG,Fiat,no,gid://shopify/Product/8921516168
i-love-fords-i-love-mug,I LOVE FORDS I Love Mug Personalised ADULT OFFICE MUG,Ford,no,gid://shopify/Product/8921516808
i-love-gmcs-i-love-mug,I LOVE GMC'S I Love Mug Personalised ADULT OFFICE MUG,GMC,no,gid://shopify/Product/8921517704
i-love-jaguars-i-love-mug,I LOVE JAGUARS I Love Mug Personalised ADULT OFFICE MUG,Jaguar,no,gid://shopify/Product/8921519944
i-love-jeeps-i-love-mug,I LOVE JEEPS I Love Mug Personalised ADULT OFFICE MUG,Jeep,no,gid://shopify/Product/8921520136
i-love-justin-bieber-i-love-mug,I LOVE JUSTIN BIEBER I Love Mug Personalised ADULT OFFICE MUG,Justin Bieber,no,gid://shopify/Product/8921520776
i-love-kanye-west-i-love-mug,I LOVE KANYE WEST I Love Mug Personalised ADULT OFFICE MUG,Kanye West,no,gid://shopify/Product/8921520968
i-love-kfc-i-love-mug,I LOVE KFC I Love Mug Personalised ADULT OFFICE MUG,KFC,no,gid://shopify/Product/8921521352
i-love-mazdas-i-love-mug,I LOVE MAZDAS I Love Mug Personalised ADULT OFFICE MUG,Mazda,no,gid://shopify/Product/8921525832
i-love-minis-i-love-mug,I LOVE MINI'S I Love Mug Personalised ADULT OFFICE MUG,MINI,no,gid://shopify/Product/8921526088
i-love-mustang-i-love-mug,I LOVE MUSTANG I Love Mug Personalised ADULT OFFICE MUG,Ford Mustang,no,gid://shopify/Product/8921526536
i-love-nissans-i-love-mug,I LOVE NISSANS I Love Mug Personalised ADULT OFFICE MUG,Nissan,no,gid://shopify/Product/8921526792
i-love-peugeot-i-love-mug,I LOVE PEUGEOT I Love Mug Personalised ADULT OFFICE MUG,Peugeot,no,gid://shopify/Product/8921528008
i-love-pizza-hut-i-love-mug,I LOVE PIZZA HUT I Love Mug Personalised ADULT OFFICE MUG,Pizza Hut,no,gid://shopify/Product/8921528328
i-love-porches-i-love-mug,I LOVE PORCHES I Love Mug Personalised ADULT OFFICE MUG,Porsche,no,gid://shopify/Product/8921531592
i-love-royotas-i-love-mug,I LOVE TOYOTAS I Love Mug Personalised ADULT OFFICE MUG,Toyota,no,gid://shopify/Product/8921540360
i-love-sazukis-i-love-mug,I LOVE SAZUKI'S I Love Mug Personalised ADULT OFFICE MUG,Suzuki,no,gid://shopify/Product/8921542216
i-love-the-vamps-i-love-mug,I LOVE THE VAMPS I Love Mug Personalised ADULT OFFICE MUG,The Vamps,no,gid://shopify/Product/8921545672
i-love-tinder-i-love-mug,I LOVE TINDER I Love Mug Personalised ADULT OFFICE MUG,Tinder,no,gid://shopify/Product/8921545800
i-love-twitter-i-love-mug,I LOVE TWITTER I Love Mug Personalised ADULT OFFICE MUG,Twitter,no,gid://shopify/Product/8921549640
i-love-volvos-i-love-mug,I LOVE VOLVOS I Love Mug Personalised ADULT OFFICE MUG,Volvo,no,gid://shopify/Product/8921550536
i-love-wii-fit-i-love-mug,I LOVE WII FIT I Love Mug Personalised ADULT OFFICE MUG,Wii Fit,no,gid://shopify/Product/8921553096
i-love-will-i-am-i-love-mug,I LOVE WILL I AM I Love Mug Personalised ADULT OFFICE MUG,will.i.am,no,gid://shopify/Product/8921553224
i-love-subarus-i-love-mug,I LOVE SUBARU'S I Love Mug Personalised ADULT OFFICE MUG,Subaru,no,gid://shopify/Product/8921687560
i-love-subway-i-love-mug,I LOVE SUBWAY I Love Mug Personalised ADULT OFFICE MUG,Subway,no,gid://shopify/Product/8921687880
i-love-the-script-i-love-mug,I LOVE THE SCRIPT I Love Mug Personalised ADULT OFFICE MUG,The Script,no,gid://shopify/Product/8921689544
id-rather-be-amigos,Id Rather Be Amigos Personalised ADULT OFFICE MUG,Amigos,no,gid://shopify/Product/8952071112
id-rather-be-asahi,Id Rather Be Asahi Personalised ADULT OFFICE MUG,Asahi,no,gid://shopify/Product/8952071240
id-rather-be-badger-fursty,Id Rather Be Badger Fursty Personalised ADULT OFFICE MUG,Badger Fursty Ferret,no,gid://shopify/Product/8952071304
id-rather-be-bavaria,Id Rather Be Bavaria Personalised ADULT OFFICE MUG,Bavaria,no,gid://shopify/Product/8952071560
id-rather-be-bishops-finger,Id Rather Be Bishops Finger Personalised ADULT OFFICE MUG,Bishops Finger,no,gid://shopify/Product/8952072712
id-rather-be-black-sheep,Id Rather Be Black Sheep Personalised ADULT OFFICE MUG,Black Sheep,no,gid://shopify/Product/8952073608
id-rather-be-blue-moon,Id Rather Be Blue Moon Personalised ADULT OFFICE MUG,Blue Moon,no,gid://shopify/Product/8952076168
id-rather-be-brahma,Id Rather Be Brahma Personalised ADULT OFFICE MUG,Brahma,no,gid://shopify/Product/8952079176
id-rather-be-cobra,Id Rather Be Cobra Personalised ADULT OFFICE MUG,Cobra,no,gid://shopify/Product/8952081544
id-rather-be-crabbies,Id Rather Be Crabbies Personalised ADULT OFFICE MUG,Crabbies,no,gid://shopify/Product/8952082504
id-rather-be-dark-n-stormy,Id Rather Be Dark N Stormy Personalised ADULT OFFICE MUG,Dark 'n' Stormy,no,gid://shopify/Product/8952082632
id-rather-be-dg-dragon,Id Rather Be Dg Dragon Personalised ADULT OFFICE MUG,Dragon Stout,no,gid://shopify/Product/8952083656
id-rather-be-drinking-abbot-ale,I'd Rather Be DRINKING Abbot Ale Personalised ADULT OFFICE MUG,Abbot Ale,no,gid://shopify/Product/8952088264
id-rather-be-drinking-adnams,I'd Rather Be DRINKING Adnams Personalised ADULT OFFICE MUG,Adnams,no,gid://shopify/Product/8952088584
id-rather-be-drinking-amstel,I'd Rather Be DRINKING Amstel Personalised ADULT OFFICE MUG,Amstel,no,gid://shopify/Product/8952089544
id-rather-be-drinking-badger,I'd Rather Be DRINKING Badger Personalised ADULT OFFICE MUG,Badger,no,gid://shopify/Product/8952090632
id-rather-be-drinking-banks-amber,I'd Rather Be DRINKING Banks Amber Personalised ADULT OFFICE MUG,Banks's Amber,no,gid://shopify/Product/8952090696
id-rather-be-drinking-becks,I'd Rather Be DRINKING Becks Personalised ADULT OFFICE MUG,Beck's,no,gid://shopify/Product/8952091784
id-rather-be-drinking-boddingtons,I'd Rather Be DRINKING Boddingtons Personalised ADULT OFFICE MUG,Boddingtons,no,gid://shopify/Product/8952092872
id-rather-be-drinking-brothers-toffee,I'd Rather Be DRINKING Brothers Toffee Personalised ADULT OFFICE MUG,Brothers Cider,no,gid://shopify/Product/8952093896
id-rather-be-drinking-bud-bottle,I'd Rather Be DRINKING Bud Bottle Personalised ADULT OFFICE MUG,Budweiser,no,gid://shopify/Product/8952094920
id-rather-be-drinking-bud,I'd Rather Be DRINKING Bud Personalised ADULT OFFICE MUG,Budweiser,no,gid://shopify/Product/8952095944
id-rather-be-drinking-budweiser-bottle,I'd Rather Be DRINKING BUDWEISER Bottle Personalised ADULT OFFICE MUG,Budweiser,no,gid://shopify/Product/8952096200
id-rather-be-drinking-bulmers,I'd Rather Be DRINKING Bulmers Personalised ADULT OFFICE MUG,Bulmers,no,gid://shopify/Product/8952097160
id-rather-be-drinking-caffreys,I'd Rather Be DRINKING Caffreys Personalised ADULT OFFICE MUG,Caffrey's,no,gid://shopify/Product/8952098184
id-rather-be-drinking-coors,I'd Rather Be DRINKING Coors Personalised ADULT OFFICE MUG,Coors,no,gid://shopify/Product/8952099144
id-rather-be-drinking-corona-bottle,I'd Rather Be DRINKING Corona Bottle Personalised ADULT OFFICE MUG,Corona,no,gid://shopify/Product/8952099336
id-rather-be-drinking-corona,I'd Rather Be DRINKING Corona Personalised ADULT OFFICE MUG,Corona,no,gid://shopify/Product/8952100360
id-rather-be-drinking-courage,I'd Rather Be DRINKING Courage Personalised ADULT OFFICE MUG,Courage,no,gid://shopify/Product/8952102344
id-rather-be-drinking-crabbies,I'd Rather Be DRINKING Crabbies Personalised ADULT OFFICE MUG,Crabbies,no,gid://shopify/Product/8952102472
id-rather-be-drinking-dissaronno,I'd Rather Be DRINKING Dissaronno Personalised ADULT OFFICE MUG,Disaronno,no,gid://shopify/Product/8952103624
id-rather-be-drinking-fosters,I'd Rather Be DRINKING Fosters Personalised ADULT OFFICE MUG,Fosters,no,gid://shopify/Product/8952105928
id-rather-be-drinking-frosty-jacks,I'd Rather Be DRINKING Frosty Jacks Personalised ADULT OFFICE MUG,Frosty Jack's,no,gid://shopify/Product/8952106184
id-rather-be-drinking-fullers,I'd Rather Be DRINKING Fullers Personalised ADULT OFFICE MUG,Fuller's,no,gid://shopify/Product/8952106248
id-rather-be-drinking-gin-coke,I'd Rather Be DRINKING Gin & Coke Personalised ADULT OFFICE MUG,Coca-Cola,no,gid://shopify/Product/8952106504
id-rather-be-drinking-guiness,I'd Rather Be DRINKING Guiness Personalised ADULT OFFICE MUG,Guinness,no,gid://shopify/Product/8952107784
id-rather-be-drinking-heineken,I'd Rather Be DRINKING Heineken Personalised ADULT OFFICE MUG,Heineken,no,gid://shopify/Product/8952109192
id-rather-be-drinking-hobgoblin,I'd Rather Be DRINKING Hobgoblin Personalised ADULT OFFICE MUG,Hobgoblin,no,gid://shopify/Product/8952109704
id-rather-be-drinking-holsten,I'd Rather Be DRINKING Holsten Personalised ADULT OFFICE MUG,Holsten,no,gid://shopify/Product/8952110728
id-rather-be-drinking-iron-maiden,I'd Rather Be DRINKING Iron Maiden Personalised ADULT OFFICE MUG,Iron Maiden Trooper,no,gid://shopify/Product/8952112072
id-rather-be-drinking-jack-coke,I'd Rather Be DRINKING Jack & Coke Personalised ADULT OFFICE MUG,Jack Daniel's; Coca-Cola,no,gid://shopify/Product/8952112776
id-rather-be-drinking-john-smiths,I'd Rather Be DRINKING John Smith's Personalised ADULT OFFICE MUG,John Smith's,no,gid://shopify/Product/8952113544
id-rather-be-drinking-kopparberg,I'd Rather Be DRINKING Kopparberg Personalised ADULT OFFICE MUG,Kopparberg,no,gid://shopify/Product/8952114696
id-rather-be-drinking-kronenberg,I'd Rather Be DRINKING Kronenberg Personalised ADULT OFFICE MUG,Kronenbourg,no,gid://shopify/Product/8952115784
id-rather-be-drinking-magners,I'd Rather Be DRINKING Magners Personalised ADULT OFFICE MUG,Magners,no,gid://shopify/Product/8952116872
id-rather-be-drinking-malibu-coke,I'd Rather Be DRINKING Malibu & Coke Personalised ADULT OFFICE MUG,Malibu; Coca-Cola,no,gid://shopify/Product/8952118152
id-rather-be-drinking-old-mout,I'd Rather Be DRINKING Old Mout Personalised ADULT OFFICE MUG,Old Mout,no,gid://shopify/Product/8952122568
id-rather-be-drinking-peroni,I'd Rather Be DRINKING Peroni Personalised ADULT OFFICE MUG,Peroni,no,gid://shopify/Product/8952123656
id-rather-be-drinking-rekorderlig,I'd Rather Be DRINKING Rekorderlig Personalised ADULT OFFICE MUG,Rekorderlig,no,gid://shopify/Product/8952125000
id-rather-be-drinking-rum-coke,I'd Rather Be DRINKING Rum & Coke Personalised ADULT OFFICE MUG,Coca-Cola,no,gid://shopify/Product/8952128584
id-rather-be-drinking-savanna,I'd Rather Be DRINKING Savanna Personalised ADULT OFFICE MUG,Savanna,no,gid://shopify/Product/8952128840
id-rather-be-drinking-sharps,I'd Rather Be DRINKING Sharps Personalised ADULT OFFICE MUG,Sharp's,no,gid://shopify/Product/8952130056
id-rather-be-drinking-sourz,I'd Rather Be DRINKING Sourz Personalised ADULT OFFICE MUG,Sourz,no,gid://shopify/Product/8952131208
id-rather-be-drinking-stella,I'd Rather Be DRINKING Stella Personalised ADULT OFFICE MUG,Stella Artois,no,gid://shopify/Product/8952132424
id-rather-be-drinking-strong-bow,I'd Rather Be DRINKING Strong Bow Personalised ADULT OFFICE MUG,Strongbow,no,gid://shopify/Product/8952132680
id-rather-be-drinking-tuborg,I'd Rather Be DRINKING Tuborg Personalised ADULT OFFICE MUG,Tuborg,no,gid://shopify/Product/8952133832
id-rather-be-drinking-vodka-coke,I'd Rather Be DRINKING Vodka & Coke Personalised ADULT OFFICE MUG,Coca-Cola,no,gid://shopify/Product/8952133960
id-rather-be-drinking-vodka-redbull,I'd Rather Be DRINKING Vodka & Redbull Personalised ADULT OFFICE MUG,Red Bull,no,gid://shopify/Product/8952136200
id-rather-be-drinking-whisky-coke,I'd Rather Be DRINKING Whisky & Coke Personalised ADULT OFFICE MUG,Coca-Cola,no,gid://shopify/Product/8952137288
id-rather-be-drinking-white-lightning,I'd Rather Be DRINKING White Lightning Personalised ADULT OFFICE MUG,White Lightning,no,gid://shopify/Product/8952137480
id-rather-be-drinking-white-star,I'd Rather Be DRINKING White Star Personalised ADULT OFFICE MUG,White Star,no,gid://shopify/Product/8952137672
id-rather-be-drinking-yeaga-coke,I'd Rather Be DRINKING Yeaga & Coke Personalised ADULT OFFICE MUG,Jägermeister; Coca-Cola,no,gid://shopify/Product/8952140040
id-rather-be-drinking-yeaga-lemonade,I'd Rather Be DRINKING Yeaga & Lemonade Personalised ADULT OFFICE MUG,Yeaga & Lemonade,no,gid://shopify/Product/8952141064
id-rather-be-drinking-youngs,I'd Rather Be DRINKING Youngs Personalised ADULT OFFICE MUG,Young's,no,gid://shopify/Product/8952141256
id-rather-be-estrella,I'd Rather Be DRINKING A PINT Of Estrella Personalised ADULT OFFICE MUG,Estrella,no,gid://shopify/Product/8952142280
id-rather-be-fullers,I'd Rather Be DRINKING A PINT Of Fullers Personalised ADULT OFFICE MUG,Fuller's,no,gid://shopify/Product/8952144840
id-rather-be-golden-sheep,I'd Rather Be DRINKING A PINT Of Golden Sheep Personalised ADULT OFFICE MUG,Black Sheep Golden Sheep,no,gid://shopify/Product/8952146056
id-rather-be-greene-king,I'd Rather Be DRINKING A PINT Of Greene King Personalised ADULT OFFICE MUG,Greene King,no,gid://shopify/Product/8952147208
id-rather-be-grolsch,I'd Rather Be DRINKING A PINT Of Grolsch Personalised ADULT OFFICE MUG,Grolsch,no,gid://shopify/Product/8952148360
id-rather-be-heineken,I'd Rather Be DRINKING A PINT Of Heineken Personalised ADULT OFFICE MUG,Heineken,no,gid://shopify/Product/8952149384
id-rather-be-hop-house,I'd Rather Be DRINKING A PINT Of Hop House Personalised ADULT OFFICE MUG,Hop House 13,no,gid://shopify/Product/8952149640
id-rather-be-john-smiths,I'd Rather Be DRINKING A PINT Of John Smiths Personalised ADULT OFFICE MUG,John Smith's,no,gid://shopify/Product/8952154184
id-rather-be-keo-beer,I'd Rather Be DRINKING A PINT Of Keo Beer Personalised ADULT OFFICE MUG,KEO,no,gid://shopify/Product/8952154376
id-rather-be-marstons,I'd Rather Be DRINKING A PINT Of Marstons Personalised ADULT OFFICE MUG,Marston's,no,gid://shopify/Product/8952156680
id-rather-be-mcewans,I'd Rather Be DRINKING A PINT Of Mcewans Personalised ADULT OFFICE MUG,McEwan's,no,gid://shopify/Product/8952157512
id-rather-be-modelo,Id Rather Be Modelo Personalised ADULT OFFICE MUG,Modelo,no,gid://shopify/Product/8952158984
id-rather-be-moretti,I'd Rather Be DRINKING A PINT Of Moretti Personalised ADULT OFFICE MUG,Moretti,no,gid://shopify/Product/8952159432
id-rather-be-necking-disaronno,I'd Rather Be DRINKING Disaronno Personalised ADULT OFFICE MUG,Disaronno,no,gid://shopify/Product/8952163144
pint-of-black-sheep,I'd Rather Be DRINKING A PINT OF BLACK SHEEP Personalised ADULT OFFICE MUG,Black Sheep,no,gid://shopify/Product/8952174408
pint-of-carling,I'd Rather Be DRINKING A PINT OF CARLING Personalised ADULT OFFICE MUG,Carling,no,gid://shopify/Product/8952175496
pint-of-carlsberg,I'd Rather Be DRINKING A PINT OF CARLSBERG Personalised ADULT OFFICE MUG,Carlsberg,no,gid://shopify/Product/8952175624
pint-of-fosters,I'd Rather Be DRINKING A PINT OF FOSTERS Personalised ADULT OFFICE MUG,Fosters,no,gid://shopify/Product/8952176776
pint-of-grolsch,I'd Rather Be DRINKING A PINT OF GROLSCH Personalised ADULT OFFICE MUG,Grolsch,no,gid://shopify/Product/8952177928
pint-of-guiness,I'd Rather Be DRINKING A PINT OF GUINESS Personalised ADULT OFFICE MUG,Guinness,no,gid://shopify/Product/8952179144
pint-of-heineken,I'd Rather Be DRINKING A PINT OF HEINEKEN Personalised ADULT OFFICE MUG,Heineken,no,gid://shopify/Product/8952180232
pint-of-john-smiths,I'd Rather Be DRINKING A PINT OF JOHN SMITHS Personalised ADULT OFFICE MUG,John Smith's,no,gid://shopify/Product/8952180552
pint-of-marstons,I'd Rather Be DRINKING A PINT OF MARSTONS Personalised ADULT OFFICE MUG,Marston's,no,gid://shopify/Product/8952181448
pint-of-pedigree,I'd Rather Be DRINKING A PINT OF PEDIGREE Personalised ADULT OFFICE MUG,Pedigree,no,gid://shopify/Product/8952182600
pint-of-peroni,I'd Rather Be DRINKING A PINT OF PERONI Personalised ADULT OFFICE MUG,Peroni,no,gid://shopify/Product/8952183688
pint-of-somersby,I'd Rather Be DRINKING A PINT OF SOMERSBY Personalised ADULT OFFICE MUG,Somersby,no,gid://shopify/Product/8952184968
pint-of-strongbow,I'd Rather Be DRINKING A PINT OF STRONGBOW Personalised ADULT OFFICE MUG,Strongbow,no,gid://shopify/Product/8952186120
pint-of-tetleys,I'd Rather Be DRINKING A PINT OF TETLEYS Personalised ADULT OFFICE MUG,Tetley's,no,gid://shopify/Product/8952188360
pint-of-tuborg,I'd Rather Be DRINKING A PINT OF TUBORG Personalised ADULT OFFICE MUG,Tuborg,no,gid://shopify/Product/8952189640
id-rather-be-necking-grouse,I'd Rather Be DRINKING Grouse Personalised ADULT OFFICE MUG,The Famous Grouse,no,gid://shopify/Product/8952320968
id-rather-be-necking-jagermeister,I'd Rather Be DRINKING Jagermeister Personalised ADULT OFFICE MUG,Jägermeister,no,gid://shopify/Product/8952323400
id-rather-be-necking-rumple-minze,I'd Rather Be DRINKING Rumple Minze Personalised ADULT OFFICE MUG,Rumple Minze,no,gid://shopify/Product/8952334472
id-rather-be-necking-russian-standard,I'd Rather Be DRINKING Russian Standard Personalised ADULT OFFICE MUG,Russian Standard,no,gid://shopify/Product/8952335560
id-rather-be-necking-sambucca,I'd Rather Be DRINKING Sambucca Personalised ADULT OFFICE MUG,Sambucca,no,gid://shopify/Product/8952336584
id-rather-be-necking-smirnofff,I'd Rather Be DRINKING Smirnofff Personalised ADULT OFFICE MUG,Smirnoff,no,gid://shopify/Product/8952338824
id-rather-be-necking-sourz,I'd Rather Be DRINKING Sourz Personalised ADULT OFFICE MUG,Sourz,no,gid://shopify/Product/8952339848
id-rather-be-newcastle-brown,I'd Rather Be DRINKING Newcastle Brown Personalised ADULT OFFICE MUG,Newcastle Brown Ale,no,gid://shopify/Product/8952342984
id-rather-be-old-crafty,I'd Rather Be DRINKING Old Crafty Personalised ADULT OFFICE MUG,Old Crafty Hen,no,gid://shopify/Product/8952344200
id-rather-be-old-speckled,I'd Rather Be DRINKING Old Speckled Personalised ADULT OFFICE MUG,Old Speckled Hen,no,gid://shopify/Product/8952345288
id-rather-be-peroni,I'd Rather Be DRINKING Peroni Personalised ADULT OFFICE MUG,Peroni,no,gid://shopify/Product/8952346312
id-rather-be-red-stripe,I'd Rather Be DRINKING Red Stripe Personalised ADULT OFFICE MUG,Red Stripe,no,gid://shopify/Product/8952358536
id-rather-be-samuel-adams,I'd Rather Be DRINKING Samuel Adams Personalised ADULT OFFICE MUG,Samuel Adams,no,gid://shopify/Product/8952363144
id-rather-be-san-miguel,I'd Rather Be DRINKING San Miguel Personalised ADULT OFFICE MUG,San Miguel,no,gid://shopify/Product/8952363336
id-rather-be-sapporo,I'd Rather Be DRINKING Sapporo Personalised ADULT OFFICE MUG,Sapporo,no,gid://shopify/Product/8952363592
id-rather-be-shandy-carib,I'd Rather Be DRINKING Shandy Carib Personalised ADULT OFFICE MUG,Shandy Carib,no,gid://shopify/Product/8952365704
id-rather-be-singha,I'd Rather Be DRINKING Singha Personalised ADULT OFFICE MUG,Singha,no,gid://shopify/Product/8952368968
id-rather-be-spitfire,Id Rather Be Spitfire Personalised ADULT OFFICE MUG,Spitfire,no,gid://shopify/Product/8952370824
id-rather-be-staropramen,I'd Rather Be DRINKING Staropramen Personalised ADULT OFFICE MUG,Staropramen,no,gid://shopify/Product/8952371400
id-rather-be-super-bock,I'd Rather Be DRINKING Super Bock Personalised ADULT OFFICE MUG,Super Bock,no,gid://shopify/Product/8952372488
id-rather-be-theakstons,I'd Rather Be DRINKING Theakstons Personalised ADULT OFFICE MUG,Theakston,no,gid://shopify/Product/8952374920
id-rather-be-tiger,Id Rather Be Tiger Personalised ADULT OFFICE MUG,Tiger,no,gid://shopify/Product/8952376008
thank-god-for-pornhub-adult-mug-1,THANK GOD FOR Pornhub Adult Mug,Pornhub,no,gid://shopify/Product/9118127944
my-future-husband-celebrity-face-mug,My Future Husband Jason Statham Celebrity Face Mug,Jason Statham,no,gid://shopify/Product/9118470728
the-furture-mrs-celebrity-face-mug,The Furture Mrs Margot Robbie Celebrity Face Mug,Margot Robbie,no,gid://shopify/Product/9118475528
my-lover-bought-me-this-jason-statham-celebrity-face-mug,My Lover Bought Me This Jason Statham Celebrity Face Mug,Jason Statham,no,gid://shopify/Product/9118481288
budweiser-printed-mug,Budweiser Personalised Printed Mug,Budweiser,no,gid://shopify/Product/9530575624
daimler-printed-mug,Daimler Personalised Printed Mug,Daimler,no,gid://shopify/Product/9530575752
delorean-printed-mug,Delorean Personalised Printed Mug,DeLorean,no,gid://shopify/Product/9530575944
fiat-printed-mug,Fiat Personalised Printed Mug,Fiat,no,gid://shopify/Product/9530576776
fiat1-printed-mug,Fiat 1 Personalised Printed Mug,Fiat,no,gid://shopify/Product/9530576968
fiat10-printed-mug,Fiat 10 Personalised Printed Mug,Fiat,no,gid://shopify/Product/9530577032
fiat11-printed-mug,Fiat 11 Personalised Printed Mug,Fiat,no,gid://shopify/Product/9530577160
fiat2-printed-mug,Fiat 2 Personalised Printed Mug,Fiat,no,gid://shopify/Product/9530577480
fiat4-printed-mug,Fiat 4 Personalised Printed Mug,Fiat,no,gid://shopify/Product/9530577608
fiat9-printed-mug,Fiat 9 Personalised Printed Mug,Fiat,no,gid://shopify/Product/9530577800
fiatlove-printed-mug,Fiatlove Personalised Printed Mug,Fiat,no,gid://shopify/Product/9530577928
ford1-printed-mug,Ford 1 Personalised Printed Mug,Ford,no,gid://shopify/Product/9530578248
ford10-printed-mug,Ford 10 Personalised Printed Mug,Ford,no,gid://shopify/Product/9530578504
ford11-printed-mug,Ford 11 Personalised Printed Mug,Ford,no,gid://shopify/Product/9530578696
ford12-printed-mug,Ford 12 Personalised Printed Mug,Ford,no,gid://shopify/Product/9530578824
ford15-printed-mug,Ford 15 Personalised Printed Mug,Ford,no,gid://shopify/Product/9530579016
ford16-printed-mug,Ford 16 Personalised Printed Mug,Ford,no,gid://shopify/Product/9530579144
ford17-printed-mug,Ford 17 Personalised Printed Mug,Ford,no,gid://shopify/Product/9530579208
ford18-printed-mug,Ford 18 Personalised Printed Mug,Ford,no,gid://shopify/Product/9530579272
ford19-printed-mug,Ford 19 Personalised Printed Mug,Ford,no,gid://shopify/Product/9530579336
ford2-printed-mug,Ford 2 Personalised Printed Mug,Ford,no,gid://shopify/Product/9530579592
ford20-printed-mug,Ford 20 Personalised Printed Mug,Ford,no,gid://shopify/Product/9530579784
ford22-printed-mug,Ford 22 Personalised Printed Mug,Ford,no,gid://shopify/Product/9530579912
ford23-printed-mug,Ford 23 Personalised Printed Mug,Ford,no,gid://shopify/Product/9530580040
ford3-printed-mug,Ford 3 Personalised Printed Mug,Ford,no,gid://shopify/Product/9530580168
ford4-printed-mug,Ford 4 Personalised Printed Mug,Ford,no,gid://shopify/Product/9530580232
ford6-printed-mug,Ford 6 Personalised Printed Mug,Ford,no,gid://shopify/Product/9530580360
ford7-printed-mug,Ford 7 Personalised Printed Mug,Ford,no,gid://shopify/Product/9530580488
ford8-printed-mug,Ford 8 Personalised Printed Mug,Ford,no,gid://shopify/Product/9530580616
fuka-printed-mug,Fuka Personalised Printed Mug,Fuka (vehicle badge),no,gid://shopify/Product/9530580872
gm-printed-mug,Gm Personalised Printed Mug,General Motors (GM),no,gid://shopify/Product/9530581128
gm1-printed-mug,Gm 1 Personalised Printed Mug,General Motors (GM),no,gid://shopify/Product/9530581192
gm2-printed-mug,Gm 2 Personalised Printed Mug,General Motors (GM),no,gid://shopify/Product/9530581384
gremlin-printed-mug,Gremlin Personalised Printed Mug,AMC Gremlin,no,gid://shopify/Product/9530581512
gt-printed-mug,GT Personalised Printed Mug,GT (vehicle badge),no,gid://shopify/Product/9530581640
holden-printed-mug,Holden Personalised Printed Mug,Holden,no,gid://shopify/Product/9530581960
holden1-printed-mug,Holden 1 Personalised Printed Mug,Holden,no,gid://shopify/Product/9530582152
holden2-printed-mug,Holden 2 Personalised Printed Mug,Holden,no,gid://shopify/Product/9530582216
honda-printed-mug,Honda Personalised Printed Mug,Honda,no,gid://shopify/Product/9530582408
honda0-printed-mug,Honda 0 Personalised Printed Mug,Honda,no,gid://shopify/Product/9530582664
honda1-printed-mug,Honda 1 Personalised Printed Mug,Honda,no,gid://shopify/Product/9530582728
honda14-printed-mug,Honda 14 Personalised Printed Mug,Honda,no,gid://shopify/Product/9530582920
honda15-printed-mug,Honda 15 Personalised Printed Mug,Honda,no,gid://shopify/Product/9530583048
honda16-printed-mug,Honda 16 Personalised Printed Mug,Honda,no,gid://shopify/Product/9530583176
honda17-printed-mug,Honda 17 Personalised Printed Mug,Honda,no,gid://shopify/Product/9530583304
honda18-printed-mug,Honda 18 Personalised Printed Mug,Honda,no,gid://shopify/Product/9530583432
honda19-printed-mug,Honda 19 Personalised Printed Mug,Honda,no,gid://shopify/Product/9530583496
honda2-printed-mug,Honda 2 Personalised Printed Mug,Honda,no,gid://shopify/Product/9530583560
honda20-printed-mug,Honda 20 Personalised Printed Mug,Honda,no,gid://shopify/Product/9530583688
honda22-printed-mug,Honda 22 Personalised Printed Mug,Honda,no,gid://shopify/Product/9530583752
honda24-printed-mug,Honda 24 Personalised Printed Mug,Honda,no,gid://shopify/Product/9530583944
honda3-printed-mug,Honda 3 Personalised Printed Mug,Honda,no,gid://shopify/Product/9530584072
honda4-printed-mug,Honda 4 Personalised Printed Mug,Honda,no,gid://shopify/Product/9530584264
honda5-printed-mug,Honda 5 Personalised Printed Mug,Honda,no,gid://shopify/Product/9530584392
honda6-printed-mug,Honda 6 Personalised Printed Mug,Honda,no,gid://shopify/Product/9530584456
honda7-printed-mug,Honda 7 Personalised Printed Mug,Honda,no,gid://shopify/Product/9530584520
honda8-printed-mug,Honda 8 Personalised Printed Mug,Honda,no,gid://shopify/Product/9530584584
honda9-printed-mug,Honda 9 Personalised Printed Mug,Honda,no,gid://shopify/Product/9530584840
hondabike-printed-mug,Honda bike Personalised Printed Mug,Honda,no,gid://shopify/Product/9530584904
hondabike0-printed-mug,Honda bike 0 Personalised Printed Mug,Honda,no,gid://shopify/Product/9530585096
hondabike1-printed-mug,Honda bike 1 Personalised Printed Mug,Honda,no,gid://shopify/Product/9530585224
hondabike11-printed-mug,Honda bike 11 Personalised Printed Mug,Honda,no,gid://shopify/Product/9530585352
hondabike15-printed-mug,Honda bike 15 Personalised Printed Mug,Honda,no,gid://shopify/Product/9530585544
hondabike16-printed-mug,Honda bike 16 Personalised Printed Mug,Honda,no,gid://shopify/Product/9530585608
hondabike17-printed-mug,Honda bike 17 Personalised Printed Mug,Honda,no,gid://shopify/Product/9530585672
hondabike18-printed-mug,Honda bike 18 Personalised Printed Mug,Honda,no,gid://shopify/Product/9530586120
hondabike19-printed-mug,Honda bike 19 Personalised Printed Mug,Honda,no,gid://shopify/Product/9530586184
hondabike2-printed-mug,Honda bike 2 Personalised Printed Mug,Honda,no,gid://shopify/Product/9530586248
hondabike20-printed-mug,Honda bike 20 Personalised Printed Mug,Honda,no,gid://shopify/Product/9530586440
hondabike21-printed-mug,Honda bike 21 Personalised Printed Mug,Honda,no,gid://shopify/Product/9530586504
hondabike22-printed-mug,Honda bike 22 Personalised Printed Mug,Honda,no,gid://shopify/Product/9530586696
hondabike24-printed-mug,Honda bike 24 Personalised Printed Mug,Honda,no,gid://shopify/Product/9530586760
hondabike25-printed-mug,Honda bike 25 Personalised Printed Mug,Honda,no,gid://shopify/Product/9530586952
hondabike26-printed-mug,Honda bike 26 Personalised Printed Mug,Honda,no,gid://shopify/Product/9530587016
hondabike27-printed-mug,Honda bike 27 Personalised Printed Mug,Honda,no,gid://shopify/Product/9530587144
hondabike28-printed-mug,Honda bike 28 Personalised Printed Mug,Honda,no,gid://shopify/Product/9530587336
hondabike29-printed-mug,Honda bike 29 Personalised Printed Mug,Honda,no,gid://shopify/Product/9530587400
hondabike3-printed-mug,Honda bike 3 Personalised Printed Mug,Honda,no,gid://shopify/Product/9530587528
hondabike30-printed-mug,Honda bike 30 Personalised Printed Mug,Honda,no,gid://shopify/Product/9530587592
hondabike6-printed-mug,Honda bike 6 Personalised Printed Mug,Honda,no,gid://shopify/Product/9530587656
hondabike7-printed-mug,Honda bike 7 Personalised Printed Mug,Honda,no,gid://shopify/Product/9530587976
hondabike8-printed-mug,Honda bike 8 Personalised Printed Mug,Honda,no,gid://shopify/Product/9530588104
hondabike9-printed-mug,Honda bike 9 Personalised Printed Mug,Honda,no,gid://shopify/Product/9530588232
hondawingsblack-printed-mug,Honda wings black Personalised Printed Mug,Honda,no,gid://shopify/Product/9530588424
impreza-printed-mug,Impreza Personalised Printed Mug,Subaru,no,gid://shopify/Product/9530588616
impreza1-printed-mug,Impreza1 Personalised Printed Mug,Subaru,no,gid://shopify/Product/9530588808
jeep-printed-mug,Jeep Personalised Printed Mug,Jeep,no,gid://shopify/Product/9530589000
kia-printed-mug,Kia Personalised Printed Mug,Kia,no,gid://shopify/Product/9530589192
lamborghini-printed-mug,Lamborghini Personalised Printed Mug,Lamborghini,no,gid://shopify/Product/9530589320
layer-1-printed-mug,Layer 1 Personalised Printed Mug,Layer 1 (vehicle badge),no,gid://shopify/Product/9530589384
layer-2-printed-mug,Layer 2 Personalised Printed Mug,Layer 2 (vehicle badge),no,gid://shopify/Product/9530589512
layer-3-printed-mug,Layer 3 Personalised Printed Mug,Layer 3 (vehicle badge),no,gid://shopify/Product/9530589576
lotus-printed-mug,Lotus Personalised Printed Mug,Lotus,no,gid://shopify/Product/9530589896
mazda1-printed-mug,Mazda 1 Personalised Printed Mug,Mazda,no,gid://shopify/Product/9530590344
mclaren-printed-mug,Mclaren Personalised Printed Mug,McLaren,no,gid://shopify/Product/9530590536
ninjablack-printed-mug,Ninja black Personalised Printed Mug,Kawasaki,no,gid://shopify/Product/9530590728
nissan-printed-mug,Nissan Personalised Printed Mug,Nissan,no,gid://shopify/Product/9530590856
passat-printed-mug,Passat Personalised Printed Mug,Volkswagen,no,gid://shopify/Product/9530591048
peugeot-printed-mug,Peugeot Personalised Printed Mug,Peugeot,no,gid://shopify/Product/9530591240
proton-printed-mug,Proton Personalised Printed Mug,Proton,no,gid://shopify/Product/9530591432
proton1-printed-mug,Proton1 Personalised Printed Mug,Proton,no,gid://shopify/Product/9530591496
r1-printed-mug,R1 Personalised Printed Mug,R 1 (vehicle badge),no,gid://shopify/Product/9530591880
renault-printed-mug,Renault Personalised Printed Mug,Renault,no,gid://shopify/Product/9530591944
renault1-printed-mug,Renault 1 Personalised Printed Mug,Renault,no,gid://shopify/Product/9530592072
renault2-printed-mug,Renault 2 Personalised Printed Mug,Renault,no,gid://shopify/Product/9530592264
renault3-printed-mug,Renault 3 Personalised Printed Mug,Renault,no,gid://shopify/Product/9530592584
rover-printed-mug,Rover Personalised Printed Mug,Rover,no,gid://shopify/Product/9530592712
rr-printed-mug,RR Personalised Printed Mug,RR (vehicle badge),no,gid://shopify/Product/9530592776
saab93-printed-mug,SAAB 93 Personalised Printed Mug,Saab,no,gid://shopify/Product/9530592904
seat-printed-mug,Seat Personalised Printed Mug,SEAT,no,gid://shopify/Product/9530593096
smart-printed-mug,Smart Personalised Printed Mug,smart,no,gid://shopify/Product/9530593224
splitfire-printed-mug,Splitfire Personalised Printed Mug,SplitFire,no,gid://shopify/Product/9530593288
sport-printed-mug,Sport Personalised Printed Mug,Sport (vehicle badge),no,gid://shopify/Product/9530593416
sti-printed-mug,STI Personalised Printed Mug,Subaru,no,gid://shopify/Product/9530593544
subaru-printed-mug,Subaru Personalised Printed Mug,Subaru,no,gid://shopify/Product/9530593672
subaru10-printed-mug,Subaru 10 Personalised Printed Mug,Subaru,no,gid://shopify/Product/9530593800
subaru2-printed-mug,Subaru 2 Personalised Printed Mug,Subaru,no,gid://shopify/Product/9530593864
subaru3-printed-mug,Subaru 3 Personalised Printed Mug,Subaru,no,gid://shopify/Product/9530594120
subaru4-printed-mug,Subaru 4 Personalised Printed Mug,Subaru,no,gid://shopify/Product/9530594312
subaru5-printed-mug,Subaru 5 Personalised Printed Mug,Subaru,no,gid://shopify/Product/9530594376
subaru6-printed-mug,Subaru 6 Personalised Printed Mug,Subaru,no,gid://shopify/Product/9530594504
subaru9-printed-mug,Subaru 9 Personalised Printed Mug,Subaru,no,gid://shopify/Product/9530594632
subaruwrx-printed-mug,Subaru wrx Personalised Printed Mug,Subaru,no,gid://shopify/Product/9530594952
suzuki-printed-mug,Suzuki Personalised Printed Mug,Suzuki,no,gid://shopify/Product/9530595080
toyota-printed-mug,Toyota Personalised Printed Mug,Toyota,no,gid://shopify/Product/9530595208
toyota2-printed-mug,Toyota 2 Personalised Printed Mug,Toyota,no,gid://shopify/Product/9530595400
toyotasport1-printed-mug,Toyota sport 1 Personalised Printed Mug,Toyota,no,gid://shopify/Product/9530595528
trailblazer-printed-mug,Trail blazer Personalised Printed Mug,Chevrolet,no,gid://shopify/Product/9530595720
triumphblue-printed-mug,Triumph blue Personalised Printed Mug,Triumph,no,gid://shopify/Product/9530595912
triumphred-printed-mug,Triumph red Personalised Printed Mug,Triumph,no,gid://shopify/Product/9530596040
vespa-printed-mug,Vespa Personalised Printed Mug,Vespa,no,gid://shopify/Product/9530596168
vespablack-printed-mug,Vespa black Personalised Printed Mug,Vespa,no,gid://shopify/Product/9530596232
xr-printed-mug,XR Personalised Printed Mug,XR (vehicle badge),no,gid://shopify/Product/9530596488
yokohama-printed-mug,YOKOHAMA Personalised Printed Mug,Yokohama,no,gid://shopify/Product/9530596616
i-love-aimee-garcia,I Love Aimee Garcia Mug - I Love Celebrity Mug - Novelty Gift Printed Tea Coffee Ceramic Mug,Aimee Garcia,no,gid://shopify/Product/10146572936
i-love-alexandra-daddario,I Love Alexandra Daddario - I Love Celebrity Mug - Novelty Gift Printed Tea Coffee Ceramic Mug,Alexandra Daddario,no,gid://shopify/Product/10146573128
i-love-alexis-dziena,I Love Alexis Dziena Mug - I Love Celebrity Mug - Novelty Gift Printed Tea Coffee Ceramic Mug,Alexis Dziena,no,gid://shopify/Product/10146573320
i-love-ali-larter,I Love Ali Larter Mug - I Love Celebrity Mug - Novelty Gift Printed Tea Coffee Ceramic Mug,Ali Larter,no,gid://shopify/Product/10146573512
i-love-alicia-silverstone,I Love Alicia Silverstone - I Love Celebrity Mug - Novelty Gift Printed Tea Coffee Ceramic Mug,Alicia Silverstone,no,gid://shopify/Product/10146573704
i-love-allison-mack,I Love Allison Mack Mug - I Love Celebrity Mug - Novelty Gift Printed Tea Coffee Ceramic Mug,Allison Mack,no,gid://shopify/Product/10146573960
i-love-alyson-hannigan,I Love Alyson Hannigan - I Love Celebrity Mug - Novelty Gift Printed Tea Coffee Ceramic Mug,Alyson Hannigan,no,gid://shopify/Product/10146574152
i-love-alyssa-milano,I Love Alyssa Milano Mug - I Love Celebrity Mug - Novelty Gift Printed Tea Coffee Ceramic Mug,Alyssa Milano,no,gid://shopify/Product/10146574472
i-love-amanda-bynes,I Love Amanda Bynes Mug - I Love Celebrity Mug - Novelty Gift Printed Tea Coffee Ceramic Mug,Amanda Bynes,no,gid://shopify/Product/10146574664
i-love-amanda-detmer,I Love Amanda Detmer - I Love Celebrity Mug - Novelty Gift Printed Tea Coffee Ceramic Mug,Amanda Detmer,no,gid://shopify/Product/10146574984
i-love-amanda-righetti,I Love Amanda Righetti - I Love Celebrity Mug - Novelty Gift Printed Tea Coffee Ceramic Mug,Amanda Righetti,no,gid://shopify/Product/10146575368
i-love-amanda-seyfried,I Love Amanda Seyfried - I Love Celebrity Mug - Novelty Gift Printed Tea Coffee Ceramic Mug,Amanda Seyfried,no,gid://shopify/Product/10146575560
i-love-amber-benson,I Love Amber Benson Mug - I Love Celebrity Mug - Novelty Gift Printed Tea Coffee Ceramic Mug,Amber Benson,no,gid://shopify/Product/10146576008
i-love-amber-newman,I Love Amber Newman - I Love Celebrity Mug - Novelty Gift Printed Tea Coffee Ceramic Mug,Amber Newman,no,gid://shopify/Product/10146576264
i-love-amber-tamblyn,I Love Amber Tamblyn Mug - I Love Celebrity Mug - Novelty Gift Printed Tea Coffee Ceramic Mug,Amber Tamblyn,no,gid://shopify/Product/10146576712
i-love-amy-acker,I Love Amy Acker Mug - I Love Celebrity Mug - Novelty Gift Printed Tea Coffee Ceramic Mug,Amy Acker,no,gid://shopify/Product/10146577032
i-love-amy-smart,I Love Amy Smart Mug - I Love Celebrity Mug - Novelty Gift Printed Tea Coffee Ceramic Mug,Amy Smart,no,gid://shopify/Product/10146577224
i-love-angelina-jolie,I Love Angelina Jolie Mug - I Love Celebrity Mug - Novelty Gift Printed Tea Coffee Ceramic Mug,Angelina Jolie,no,gid://shopify/Product/10146577480
i-love-anna-paquin,I Love Anna Paquin Mug - I Love Celebrity Mug - Novelty Gift Printed Tea Coffee Ceramic Mug,Anna Paquin,no,gid://shopify/Product/10146577800
i-love-anne-hathaway,I Love Anne Hathaway Mug - I Love Celebrity Mug - Novelty Gift Printed Tea Coffee Ceramic Mug,Anne Hathaway,no,gid://shopify/Product/10146578248
i-love-aubrey-addams,I Love Aubrey Addams Mug - I Love Celebrity Mug - Novelty Gift Printed Tea Coffee Ceramic Mug,Aubrey Addams,no,gid://shopify/Product/10146578504
i-love-autumn-reeser,I Love Autumn Reeser Mug - I Love Celebrity Mug - Novelty Gift Printed Tea Coffee Ceramic Mug,Autumn Reeser,no,gid://shopify/Product/10146578760
i-love-avril-lavigne,I Love Avril Lavigne Mug - I Love Celebrity Mug - Novelty Gift Printed Tea Coffee Ceramic Mug,Avril Lavigne,no,gid://shopify/Product/10146579080
i-love-bethany-joy-lenz,I Love Bethany Joy Lenz - I Love Celebrity Mug - Novelty Gift Printed Tea Coffee Ceramic Mug,Bethany Joy Lenz,no,gid://shopify/Product/10146579208
i-love-beverley-mitchell,I Love Beverley Mitchell - I Love Celebrity Mug - Novelty Gift Printed Tea Coffee Ceramic Mug,Beverley Mitchell,no,gid://shopify/Product/10146579400
i-love-bevin-prince,I Love Bevin Prince Mug - I Love Celebrity Mug - Novelty Gift Printed Tea Coffee Ceramic Mug,Bevin Prince,no,gid://shopify/Product/10146579912
i-love-britney-spears,I Love Britney Spears Mug - I Love Celebrity Mug - Novelty Gift Printed Tea Coffee Ceramic Mug,Britney Spears,no,gid://shopify/Product/10146580232
i-love-brittany-murphy,I Love Brittany Murphy Mug - I Love Celebrity Mug - Novelty Gift Printed Tea Coffee Ceramic Mug,Brittany Murphy,no,gid://shopify/Product/10146580744
i-love-brooke-burke-charvet,I Love Brooke Burke-Charvet - I Love Celebrity Mug - Novelty Gift Printed Tea Coffee Ceramic Mug,Brooke Burke-Charvet,no,gid://shopify/Product/10146581256
i-love-carla-gallo,I Love Carla Gallo Mug - I Love Celebrity Mug - Novelty Gift Printed Tea Coffee Ceramic Mug,Carla Gallo,no,gid://shopify/Product/10146581512
i-love-carmen-electra,I Love Carmen Electra Mug - I Love Celebrity Mug - Novelty Gift Printed Tea Coffee Ceramic Mug,Carmen Electra,no,gid://shopify/Product/10146581768
i-love-charisma-carpenter,I Love Charisma Carpenter - I Love Celebrity Mug - Novelty Gift Printed Tea Coffee Ceramic Mug,Charisma Carpenter,no,gid://shopify/Product/10146582088
i-love-charlize-theron,I Love Charlize Theron Mug - I Love Celebrity Mug - Novelty Gift Printed Tea Coffee Ceramic Mug,Charlize Theron,no,gid://shopify/Product/10146582280
i-love-christina-ricci,I Love Christina Ricci Mug - I Love Celebrity Mug - Novelty Gift Printed Tea Coffee Ceramic Mug,Christina Ricci,no,gid://shopify/Product/10146582536
i-love-christine-lakin,I Love Christine Lakin Mug - I Love Celebrity Mug - Novelty Gift Printed Tea Coffee Ceramic Mug,Christine Lakin,no,gid://shopify/Product/10146582856
i-love-christine-taylor,I Love Christine Taylor Mug - I Love Celebrity Mug - Novelty Gift Printed Tea Coffee Ceramic Mug,Christine Taylor,no,gid://shopify/Product/10146583112
i-love-courteney-cox,I Love Courteney Cox Mug - I Love Celebrity Mug - Novelty Gift Printed Tea Coffee Ceramic Mug,Courteney Cox,no,gid://shopify/Product/10146583432
i-love-courtney-ford,I Love Courtney Ford Mug - I Love Celebrity Mug - Novelty Gift Printed Tea Coffee Ceramic Mug,Courtney Ford,no,gid://shopify/Product/10146583816
i-love-crystal-lowe,I Love Crystal Lowe Mug - I Love Celebrity Mug - Novelty Gift Printed Tea Coffee Ceramic Mug,Crystal Lowe,no,gid://shopify/Product/10146584072
i-love-danielle-fishel,I Love Danielle Fishel Mug - I Love Celebrity Mug - Novelty Gift Printed Tea Coffee Ceramic Mug,Danielle Fishel,no,gid://shopify/Product/10146584520
i-love-danielle-panabaker,I Love Danielle Panabaker - I Love Celebrity Mug - Novelty Gift Printed Tea Coffee Ceramic Mug,Danielle Panabaker,no,gid://shopify/Product/10146584904
i-love-danneel-ackles,I Love Danneel Ackles Mug - I Love Celebrity Mug - Novelty Gift Printed Tea Coffee Ceramic Mug,Danneel Ackles,no,gid://shopify/Product/10146585288
i-love-denise-richards,I Love Denise Richards Mug - I Love Celebrity Mug - Novelty Gift Printed Tea Coffee Ceramic Mug,Denise Richards,no,gid://shopify/Product/10146585544
i-love-drew-barrymore,I Love Drew Barrymore - I Love Celebrity Mug - Novelty Gift Printed Tea Coffee Ceramic Mug,Drew Barrymore,no,gid://shopify/Product/10146585928
i-love-elisabeth-harnois,I Love Elisabeth Harnois - I Love Celebrity Mug - Novelty Gift Printed Tea Coffee Ceramic Mug,Elisabeth Harnois,no,gid://shopify/Product/10146586312
i-love-elisha-cuthbert,I Love Elisha Cuthbert Mug - I Love Celebrity Mug - Novelty Gift Printed Tea Coffee Ceramic Mug,Elisha Cuthbert,no,gid://shopify/Product/10146586568
i-love-eliza-dushku,I Love Eliza Dushku Mug - I Love Celebrity Mug - Novelty Gift Printed Tea Coffee Ceramic Mug,Eliza Dushku,no,gid://shopify/Product/10146586952
i-love-emilie-de-ravin,I Love Emilie De Ravin Mug - I Love Celebrity Mug - Novelty Gift Printed Tea Coffee Ceramic Mug,Emilie De Ravin,no,gid://shopify/Product/10146587400
i-love-emily-vancamp,I Love Emily Vancamp Mug - I Love Celebrity Mug - Novelty Gift Printed Tea Coffee Ceramic Mug,Emily VanCamp,no,gid://shopify/Product/10146587784
i-love-emmanuelle-chriqui,I Love Emmanuelle Chriqui - I Love Celebrity Mug - Novelty Gift Printed Tea Coffee Ceramic Mug,Emmanuelle Chriqui,no,gid://shopify/Product/10146588168
i-love-emmanuelle-vaugier,I Love Emmanuelle Vaugier - I Love Celebrity Mug - Novelty Gift Printed Tea Coffee Ceramic Mug,Emmanuelle Vaugier,no,gid://shopify/Product/10146590088
i-love-emmy-rossum,I Love Emmy Rossum Mug - I Love Celebrity Mug - Novelty Gift Printed Tea Coffee Ceramic Mug,Emmy Rossum,no,gid://shopify/Product/10146590536
i-love-erica-christensen,I Love Erica Christensen - I Love Celebrity Mug - Novelty Gift Printed Tea Coffee Ceramic Mug,Erica Christensen,no,gid://shopify/Product/10146591048
i-love-erica-durance,I Love Erica Durance Mug - I Love Celebrity Mug - Novelty Gift Printed Tea Coffee Ceramic Mug,Erica Durance,no,gid://shopify/Product/10146591432
i-love-evie-delatosso,I Love Evie Delatosso Mug - I Love Celebrity Mug - Novelty Gift Printed Tea Coffee Ceramic Mug,Evie Delatosso,no,gid://shopify/Product/10146592072
i-love-heather-graham,I Love Heather Graham - I Love Celebrity Mug - Novelty Gift Printed Tea Coffee Ceramic Mug,Heather Graham,no,gid://shopify/Product/10146592456
i-love-jaime-pressly,I Love Jaime Pressly Mug - I Love Celebrity Mug - Novelty Gift Printed Tea Coffee Ceramic Mug,Jaime Pressly,no,gid://shopify/Product/10146592712
i-love-jamie-lynn-sigler,I Love Jamie-Lynn Sigler - I Love Celebrity Mug - Novelty Gift Printed Tea Coffee Ceramic Mug,Jamie-Lynn Sigler,no,gid://shopify/Product/10146593224
i-love-jennifer-aniston,I Love Jennifer Aniston - I Love Celebrity Mug - Novelty Gift Printed Tea Coffee Ceramic Mug,Jennifer Aniston,no,gid://shopify/Product/10146593544
i-love-jennifer-love-hewitt,I Love Jennifer Love Hewitt - I Love Celebrity Mug - Novelty Gift Printed Tea Coffee Ceramic Mug,Jennifer Love Hewitt,no,gid://shopify/Product/10146593800
i-love-jenny-mccarthy,I Love Jenny Mccarthy Mug - I Love Celebrity Mug - Novelty Gift Printed Tea Coffee Ceramic Mug,Jenny McCarthy,no,gid://shopify/Product/10146594184
i-love-jessica-alba,I Love Jessica Alba Mug - I Love Celebrity Mug - Novelty Gift Printed Tea Coffee Ceramic Mug,Jessica Alba,no,gid://shopify/Product/10146594504
i-love-jessica-biel,I Love Jessica Biel Mug - I Love Celebrity Mug - Novelty Gift Printed Tea Coffee Ceramic Mug,Jessica Biel,no,gid://shopify/Product/10146594696
i-love-julianna-guill,I Love Julianna Guill Mug - I Love Celebrity Mug - Novelty Gift Printed Tea Coffee Ceramic Mug,Julianna Guill,no,gid://shopify/Product/10146595080
i-love-julie-benz,I Love Julie Benz Mug - I Love Celebrity Mug - Novelty Gift Printed Tea Coffee Ceramic Mug,Julie Benz,no,gid://shopify/Product/10146595400
i-love-kaley-cuoco,I Love Kaley Cuoco Mug - I Love Celebrity Mug - Novelty Gift Printed Tea Coffee Ceramic Mug,Kaley Cuoco,no,gid://shopify/Product/10146595912
i-love-katherine-heigl,I Love Katherine Heigl Mug - I Love Celebrity Mug - Novelty Gift Printed Tea Coffee Ceramic Mug,Katherine Heigl,no,gid://shopify/Product/10146596296
i-love-katie-holmes,I Love Katie Holmes Mug - I Love Celebrity Mug - Novelty Gift Printed Tea Coffee Ceramic Mug,Katie Holmes,no,gid://shopify/Product/10146596488
i-love-kim-matula,I Love Kim Matula Mug - I Love Celebrity Mug - Novelty Gift Printed Tea Coffee Ceramic Mug,Kim Matula,no,gid://shopify/Product/10146596936
i-love-kirsten-dunst,I Love Kirsten Dunst Mug - I Love Celebrity Mug - Novelty Gift Printed Tea Coffee Ceramic Mug,Kirsten Dunst,no,gid://shopify/Product/10146597448
i-love-kristin-kreuk,I Love Kristin Kreuk Mug - I Love Celebrity Mug - Novelty Gift Printed Tea Coffee Ceramic Mug,Kristin Kreuk,no,gid://shopify/Product/10146597832
i-love-laura-harris,I Love Laura Harris Mug - I Love Celebrity Mug - Novelty Gift Printed Tea Coffee Ceramic Mug,Laura Harris,no,gid://shopify/Product/10146598216
i-love-laura-vandervoort,I Love Laura Vandervoort - I Love Celebrity Mug - Novelty Gift Printed Tea Coffee Ceramic Mug,Laura Vandervoort,no,gid://shopify/Product/10146598408
i-love-laura-wiggins,I Love Laura Wiggins Mug - I Love Celebrity Mug - Novelty Gift Printed Tea Coffee Ceramic Mug,Laura Wiggins,no,gid://shopify/Product/10146598792
i-love-leelee-sobieski,I Love Leelee Sobieski Mug - I Love Celebrity Mug - Novelty Gift Printed Tea Coffee Ceramic Mug,Leelee Sobieski,no,gid://shopify/Product/10146599176
i-love-lindsey-mckeon,I Love Lindsey Mckeon Mug - I Love Celebrity Mug - Novelty Gift Printed Tea Coffee Ceramic Mug,Lindsey McKeon,no,gid://shopify/Product/10146599496
i-love-majandra-delfino,I Love Majandra Delfino - I Love Celebrity Mug - Novelty Gift Printed Tea Coffee Ceramic Mug,Majandra Delfino,no,gid://shopify/Product/10146599816
i-love-marla-sokoloff,I Love Marla Sokoloff Mug - I Love Celebrity Mug - Novelty Gift Printed Tea Coffee Ceramic Mug,Marla Sokoloff,no,gid://shopify/Product/10146600136
i-love-mena-suvari,I Love Mena Suvari Mug - I Love Celebrity Mug - Novelty Gift Printed Tea Coffee Ceramic Mug,Mena Suvari,no,gid://shopify/Product/10146600392
i-love-mia-kirshner,I Love Mia Kirshner Mug - I Love Celebrity Mug - Novelty Gift Printed Tea Coffee Ceramic Mug,Mia Kirshner,no,gid://shopify/Product/10146601160
i-love-michelle-trachtenberg,I Love Michelle Trachtenberg - I Love Celebrity Mug - Novelty Gift Printed Tea Coffee Ceramic Mug,Michelle Trachtenberg,no,gid://shopify/Product/10146601544
i-love-michelle-williams,I Love Michelle Williams - I Love Celebrity Mug - Novelty Gift Printed Tea Coffee Ceramic Mug,Michelle Williams,no,gid://shopify/Product/10146601736
i-love-mila-kunis,I Love Mila Kunis Mug - I Love Celebrity Mug - Novelty Gift Printed Tea Coffee Ceramic Mug,Mila Kunis,no,gid://shopify/Product/10146602056
i-love-mischa-barton,I Love Mischa Barton Mug - I Love Celebrity Mug - Novelty Gift Printed Tea Coffee Ceramic Mug,Mischa Barton,no,gid://shopify/Product/10146602376
i-love-monica-keena,I Love Monica Keena Mug - I Love Celebrity Mug - Novelty Gift Printed Tea Coffee Ceramic Mug,Monica Keena,no,gid://shopify/Product/10146602760
i-love-nina-dobrev,I Love Nina Dobrev Mug - I Love Celebrity Mug - Novelty Gift Printed Tea Coffee Ceramic Mug,Nina Dobrev,no,gid://shopify/Product/10146603016
i-love-olivia-wilde,I Love Olivia Wilde Mug - I Love Celebrity Mug - Novelty Gift Printed Tea Coffee Ceramic Mug,Olivia Wilde,no,gid://shopify/Product/10146603144
i-love-pamela-anderson,I Love Pamela Anderson - I Love Celebrity Mug - Novelty Gift Printed Tea Coffee Ceramic Mug,Pamela Anderson,no,gid://shopify/Product/10146603464
i-love-rachael-leigh-cook,I Love Rachael Leigh Cook - I Love Celebrity Mug - Novelty Gift Printed Tea Coffee Ceramic Mug,Rachael Leigh Cook,no,gid://shopify/Product/10146603656
i-love-rachel-bilson,I Love Rachel Bilson Mug - I Love Celebrity Mug - Novelty Gift Printed Tea Coffee Ceramic Mug,Rachel Bilson,no,gid://shopify/Product/10146603848
i-love-reese-witherspoon,I Love Reese Witherspoon - I Love Celebrity Mug - Novelty Gift Printed Tea Coffee Ceramic Mug,Reese Witherspoon,no,gid://shopify/Product/10146604168
i-love-reiko-aylesworth,I Love Reiko Aylesworth - I Love Celebrity Mug - Novelty Gift Printed Tea Coffee Ceramic Mug,Reiko Aylesworth,no,gid://shopify/Product/10146604424
i-love-rose-mcgowan,I Love Rose Mcgowan Mug - I Love Celebrity Mug - Novelty Gift Printed Tea Coffee Ceramic Mug,Rose McGowan,no,gid://shopify/Product/10146604680
i-love-salma-hayek,I Love Salma Hayek Mug - I Love Celebrity Mug - Novelty Gift Printed Tea Coffee Ceramic Mug,Salma Hayek,no,gid://shopify/Product/10146604808
i-love-sara-downing,I Love Sara Downing Mug - I Love Celebrity Mug - Novelty Gift Printed Tea Coffee Ceramic Mug,Sara Downing,no,gid://shopify/Product/10146605128
i-love-sarah-carter,I Love Sarah Carter Mug - I Love Celebrity Mug - Novelty Gift Printed Tea Coffee Ceramic Mug,Sarah Carter,no,gid://shopify/Product/10146605384
i-love-sarah-jessica-parker,I Love Sarah Jessica Parker - I Love Celebrity Mug - Novelty Gift Printed Tea Coffee Ceramic Mug,Sarah Jessica Parker,no,gid://shopify/Product/10146605576
i-love-sarah-michelle-gellar,I Love Sarah Michelle Gellar - I Love Celebrity Mug - Novelty Gift Printed Tea Coffee Ceramic Mug,Sarah Michelle Gellar,no,gid://shopify/Product/10146605960
i-love-sarah-thompson,I Love Sarah Thompson - I Love Celebrity Mug - Novelty Gift Printed Tea Coffee Ceramic Mug,Sarah Thompson,no,gid://shopify/Product/10146606088
i-love-shannon-lucio,I Love Shannon Lucio Mug - I Love Celebrity Mug - Novelty Gift Printed Tea Coffee Ceramic Mug,Shannon Lucio,no,gid://shopify/Product/10146606280
i-love-shiri-appleby,I Love Shiri Appleby Mug - I Love Celebrity Mug - Novelty Gift Printed Tea Coffee Ceramic Mug,Shiri Appleby,no,gid://shopify/Product/10146606408
i-love-soleil-moon-frye,I Love Soleil Moon Frye - I Love Celebrity Mug - Novelty Gift Printed Tea Coffee Ceramic Mug,Soleil Moon Frye,no,gid://shopify/Product/10146606728
i-love-sophia-bush,I Love Sophia Bush Mug - I Love Celebrity Mug - Novelty Gift Printed Tea Coffee Ceramic Mug,Sophia Bush,no,gid://shopify/Product/10146607048
i-love-tania-raymonde,I Love Tania Raymonde - I Love Celebrity Mug - Novelty Gift Printed Tea Coffee Ceramic Mug,Tania Raymonde,no,gid://shopify/Product/10146607176
i-love-tara-reid,I Love Tara Reid Mug - I Love Celebrity Mug - Novelty Gift Printed Tea Coffee Ceramic Mug,Tara Reid,no,gid://shopify/Product/10146607432
i-love-torrey-devitto,I Love Torrey Devitto Mug - I Love Celebrity Mug - Novelty Gift Printed Tea Coffee Ceramic Mug,Torrey Devitto,no,gid://shopify/Product/10146607816
i-love-virginie-ledoyen,I Love Virginie Ledoyen - I Love Celebrity Mug - Novelty Gift Printed Tea Coffee Ceramic Mug,Virginie Ledoyen,no,gid://shopify/Product/10146608008
i-love-yvonne-strahovski,I Love Yvonne Strahovski - I Love Celebrity Mug - Novelty Gift Printed Tea Coffee Ceramic Mug,Yvonne Strahovski,no,gid://shopify/Product/10146608456
the-future-mrs-mug-1,RED MUG - The Future Mrs AARON CHALMERS mug - Celebrity Mug,Aaron Chalmers,no,gid://shopify/Product/1046869803044
the-future-mrs-mug-2,RED MUG - The Future Mrs ADAM BRODY mug - Celebrity Mug,Adam Brody,no,gid://shopify/Product/1046869835812
the-future-mrs-mug-3,RED MUG - The Future Mrs AIDAN TURNER mug - Celebrity Mug,Aidan Turner,no,gid://shopify/Product/1046869868580
the-future-mrs-mug-4,RED MUG - The Future Mrs AIDEN TURNER mug - Celebrity Mug,Aiden Turner,no,gid://shopify/Product/1046869901348
the-future-mrs-mug-5,RED MUG - The Future Mrs AL PACHINO mug - Celebrity Mug,Al Pachino,no,gid://shopify/Product/1046869934116
the-future-mrs-mug-6,RED MUG - The Future Mrs ALEX MYTTON mug - Celebrity Mug,Alex Mytton,no,gid://shopify/Product/1046869966884
the-future-mrs-mug-7,RED MUG - The Future Mrs ALEX TURNER mug - Celebrity Mug,Alex Turner,no,gid://shopify/Product/1046869999652
the-future-mrs-mug-8,RED MUG - The Future Mrs ALEXANDER SKARSGARD mug - Celebrity Mug,Alexander Skarsgard,no,gid://shopify/Product/1046870032420
the-future-mrs-mug-9,RED MUG - The Future Mrs ALFIE SOLLOMONS mug - Celebrity Mug,Alfie Sollomons,no,gid://shopify/Product/1046870065188
the-future-mrs-mug-10,RED MUG - The Future Mrs ALIK ALFUS mug - Celebrity Mug,Alik Alfus,no,gid://shopify/Product/1046870097956
the-future-mrs-mug-11,RED MUG - The Future Mrs AMIR KHAN mug - Celebrity Mug,Amir Khan,no,gid://shopify/Product/1046870130724
the-future-mrs-mug-12,RED MUG - The Future Mrs ARTHUR SHELBY mug - Celebrity Mug,Arthur Shelby,no,gid://shopify/Product/1046870163492
the-future-mrs-mug-13,RED MUG - The Future Mrs BEN AFFLECK mug - Celebrity Mug,Ben Affleck,no,gid://shopify/Product/1046870261796
the-future-mrs-mug-14,RED MUG - The Future Mrs BENEDICT CUMBERBATCH mug - Celebrity Mug,Benedict Cumberbatch,no,gid://shopify/Product/1046870294564
the-future-mrs-mug-15,RED MUG - The Future Mrs BIG SHAQ mug - Celebrity Mug,Big Shaq,no,gid://shopify/Product/1046870327332
the-future-mrs-mug-16,RED MUG - The Future Mrs BILLY PHILLIPS mug - Celebrity Mug,Billy Phillips,no,gid://shopify/Product/1046870360100
the-future-mrs-mug-17,RED MUG - The Future Mrs BOBBY NORRIS TOWIE mug - Celebrity Mug,Bobby Norris Towie,no,gid://shopify/Product/1046870392868
the-future-mrs-mug-18,RED MUG - The Future Mrs BRAD PITT mug - Celebrity Mug,Brad Pitt,no,gid://shopify/Product/1046870425636
the-future-mrs-mug-19,RED MUG - The Future Mrs BRADLEY COOPER mug - Celebrity Mug,Bradley Cooper,no,gid://shopify/Product/1046870458404
the-future-mrs-mug-20,RED MUG - The Future Mrs BRUNO MARS mug - Celebrity Mug,Bruno Mars,no,gid://shopify/Product/1046870491172
the-future-mrs-mug-21,RED MUG - The Future Mrs CALVIN HARRIS mug - Celebrity Mug,Calvin Harris,no,gid://shopify/Product/1046870523940
the-future-mrs-mug-22,RED MUG - The Future Mrs CAPTAIN CIRK mug - Celebrity Mug,Captain Cirk,no,gid://shopify/Product/1046870556708
the-future-mrs-mug-23,RED MUG - The Future Mrs CHANNING TATUM mug - Celebrity Mug,Channing Tatum,no,gid://shopify/Product/1046870589476
the-future-mrs-mug-24,RED MUG - The Future Mrs CHARLIE COX mug - Celebrity Mug,Charlie Cox,no,gid://shopify/Product/1046870655012
the-future-mrs-mug-26,RED MUG - The Future Mrs CHARLIE KING TOWIE mug - Celebrity Mug,Charlie King Towie,no,gid://shopify/Product/1046870687780
the-future-mrs-mug-27,RED MUG - The Future Mrs CHARLIE MILLS mug - Celebrity Mug,Charlie Mills,no,gid://shopify/Product/1046870720548
the-future-mrs-mug-28,RED MUG - The Future Mrs CHARLIE PUTH mug - Celebrity Mug,Charlie Puth,no,gid://shopify/Product/1046870753316
the-future-mrs-mug-29,RED MUG - The Future Mrs CHARLIE SIMMS TOWIE mug - Celebrity Mug,Charlie Simms Towie,no,gid://shopify/Product/1046870786084
the-future-mrs-mug-30,RED MUG - The Future Mrs CHRIS EVANS mug - Celebrity Mug,Chris Evans,no,gid://shopify/Product/1046870851620
the-future-mrs-mug-31,RED MUG - The Future Mrs CHRIS HEMSWORTH mug - Celebrity Mug,Chris Hemsworth,no,gid://shopify/Product/1046870917156
the-future-mrs-mug-32,RED MUG - The Future Mrs CHRIS MARTIN mug - Celebrity Mug,Chris Martin,no,gid://shopify/Product/1046870949924
the-future-mrs-mug-33,RED MUG - The Future Mrs CHRIS PINE mug - Celebrity Mug,Chris Pine,no,gid://shopify/Product/1046871015460
the-future-mrs-mug-34,RED MUG - The Future Mrs CHRIS PRATT mug - Celebrity Mug,Chris Pratt,no,gid://shopify/Product/1046871080996
the-future-mrs-mug-35,RED MUG - The Future Mrs CHRIS REA mug - Celebrity Mug,Chris Rea,no,gid://shopify/Product/1046871113764
the-future-mrs-mug-36,RED MUG - The Future Mrs CHRIS mug - Celebrity Mug,Chris,no,gid://shopify/Product/1046871212068
the-future-mrs-mug-37,RED MUG - The Future Mrs CHRISTAIN BALE mug - Celebrity Mug,Christain Bale,no,gid://shopify/Product/1046871277604
the-future-mrs-mug-38,RED MUG - The Future Mrs CHRISTIAN SLATER mug - Celebrity Mug,Christian Slater,no,gid://shopify/Product/1046871408676
the-future-mrs-mug-39,RED MUG - The Future Mrs CHRISTIANO RONALDO mug - Celebrity Mug,Christiano Ronaldo,no,gid://shopify/Product/1046871474212
the-future-mrs-mug-40,RED MUG - The Future Mrs CILLIAN MURPHY mug - Celebrity Mug,Cillian Murphy,no,gid://shopify/Product/1046871506980
the-future-mrs-mug-41,RED MUG - The Future Mrs COLIN MORGAN mug - Celebrity Mug,Colin Morgan,no,gid://shopify/Product/1046871539748
the-future-mrs-mug-42,RED MUG - The Future Mrs COMMANDER SPOCK mug - Celebrity Mug,Commander Spock,no,gid://shopify/Product/1046871670820
the-future-mrs-mug-43,RED MUG - The Future Mrs CRAIG DAVID mug - Celebrity Mug,Craig David,no,gid://shopify/Product/1046871769124
the-future-mrs-mug-44,RED MUG - The Future Mrs DAN EDGAR TOWIE mug - Celebrity Mug,Dan Edgar Towie,no,gid://shopify/Product/1046871900196
the-future-mrs-mug-45,RED MUG - The Future Mrs DAN THOMAS-TUCK mug - Celebrity Mug,Dan Thomas-tuck,no,gid://shopify/Product/1046871965732
the-future-mrs-mug-46,RED MUG - The Future Mrs DANIEL CRAIG mug - Celebrity Mug,Daniel Craig,no,gid://shopify/Product/1046872096804
the-future-mrs-mug-47,RED MUG - The Future Mrs DANIEL DAY LEWIS mug - Celebrity Mug,Daniel Day Lewis,no,gid://shopify/Product/1046872195108
the-future-mrs-mug-48,RED MUG - The Future Mrs DANIEL OSBORNE TOWIE mug - Celebrity Mug,Daniel Osborne Towie,no,gid://shopify/Product/1046872326180
the-future-mrs-mug-49,RED MUG - The Future Mrs DANIEL RADCLIFFE mug - Celebrity Mug,Daniel Radcliffe,no,gid://shopify/Product/1046872391716
the-future-mrs-mug-50,RED MUG - The Future Mrs DANNY DYER mug - Celebrity Mug,Danny Dyer,no,gid://shopify/Product/1046872522788
the-future-mrs-mug-51,RED MUG - The Future Mrs DAVID BECKHAM mug - Celebrity Mug,David Beckham,no,gid://shopify/Product/1046872555556
the-future-mrs-mug-52,RED MUG - The Future Mrs DAVID FRANCO mug - Celebrity Mug,David Franco,no,gid://shopify/Product/1046872588324
the-future-mrs-mug-53,RED MUG - The Future Mrs DAVID GANDY mug - Celebrity Mug,David Gandy,no,gid://shopify/Product/1046872621092
the-future-mrs-mug-54,RED MUG - The Future Mrs DAVID TENNANT mug - Celebrity Mug,David Tennant,no,gid://shopify/Product/1046872653860
the-future-mrs-mug-55,RED MUG - The Future Mrs DELL BOY mug - Celebrity Mug,Dell Boy,no,gid://shopify/Product/1046872686628
the-future-mrs-mug-56,RED MUG - The Future Mrs DENNIS WISE mug - Celebrity Mug,Dennis Wise,no,gid://shopify/Product/1046872719396
the-future-mrs-mug-57,RED MUG - The Future Mrs DENZEL WASHINGTON mug - Celebrity Mug,Denzel Washington,no,gid://shopify/Product/1046872752164
the-future-mrs-mug-58,RED MUG - The Future Mrs DERMOT O'LEARY mug - Celebrity Mug,Dermot O'leary,no,gid://shopify/Product/1046872784932
the-future-mrs-mug-59,RED MUG - The Future Mrs DIGBEY EDGLEY mug - Celebrity Mug,Digbey Edgley,no,gid://shopify/Product/1046872817700
the-future-mrs-mug-60,RED MUG - The Future Mrs DONNIE WAHLBERG mug - Celebrity Mug,Donnie Wahlberg,no,gid://shopify/Product/1046872850468
the-future-mrs-mug-61,RED MUG - The Future Mrs DRAKE mug - Celebrity Mug,Drake,no,gid://shopify/Product/1046872948772
the-future-mrs-mug-62,RED MUG - The Future Mrs DUSTIN HOFFMAN mug - Celebrity Mug,Dustin Hoffman,no,gid://shopify/Product/1046873014308
the-future-mrs-mug-63,RED MUG - The Future Mrs DWAYNE JOHNSON mug - Celebrity Mug,Dwayne Johnson,no,gid://shopify/Product/1046873079844
the-future-mrs-mug-64,RED MUG - The Future Mrs ED SHEERAN mug - Celebrity Mug,Ed Sheeran,no,gid://shopify/Product/1046873112612
the-future-mrs-mug-65,RED MUG - The Future Mrs EDDIE REDMAYNE mug - Celebrity Mug,Eddie Redmayne,no,gid://shopify/Product/1046873178148
the-future-mrs-mug-66,RED MUG - The Future Mrs ELLIOT WRIGHT TOWIE mug - Celebrity Mug,Elliot Wright Towie,no,gid://shopify/Product/1046873210916
the-future-mrs-mug-67,RED MUG - The Future Mrs EMINEM mug - Celebrity Mug,Eminem,no,gid://shopify/Product/1046873243684
the-future-mrs-mug-68,RED MUG - The Future Mrs ERIC DANE mug - Celebrity Mug,Eric Dane,no,gid://shopify/Product/1046873309220
the-future-mrs-mug-69,RED MUG - The Future Mrs EWAN MCGREGOR mug - Celebrity Mug,Ewan McGregor,no,gid://shopify/Product/1046873341988
the-future-mrs-mug-70,RED MUG - The Future Mrs FRANCIS BOULLE mug - Celebrity Mug,Francis Boulle,no,gid://shopify/Product/1046873407524
the-future-mrs-mug-71,RED MUG - The Future Mrs FREDRIK FERRIER mug - Celebrity Mug,Fredrik Ferrier,no,gid://shopify/Product/1046873440292
the-future-mrs-mug-72,RED MUG - The Future Mrs Future Mrs Harry Styles mug - Celebrity Mug,Future Mrs Harry Styles,no,gid://shopify/Product/1046873505828
the-future-mrs-mug-73,RED MUG - The Future Mrs GARY BEADLE mug - Celebrity Mug,Gary Beadle,no,gid://shopify/Product/1046873604132
the-future-mrs-mug-74,RED MUG - The Future Mrs GAVIN ROSSDALE mug - Celebrity Mug,Gavin Rossdale,no,gid://shopify/Product/1046873735204
the-future-mrs-mug-75,RED MUG - The Future Mrs GEORGE CLOONEY mug - Celebrity Mug,George Clooney,no,gid://shopify/Product/1046873833508
the-future-mrs-mug-76,RED MUG - The Future Mrs GEORGE MICHAEL mug - Celebrity Mug,George Michael,no,gid://shopify/Product/1046873931812
the-future-mrs-mug-77,RED MUG - The Future Mrs GERARD BUTLER mug - Celebrity Mug,Gerard Butler,no,gid://shopify/Product/1046874030116
the-future-mrs-mug-78,RED MUG - The Future Mrs GREG LAKE mug - Celebrity Mug,Greg Lake,no,gid://shopify/Product/1046874095652
the-future-mrs-mug-79,RED MUG - The Future Mrs GREG RUTHERFORD mug - Celebrity Mug,Greg Rutherford,no,gid://shopify/Product/1046874161188
the-future-mrs-mug-80,RED MUG - The Future Mrs HARRISON FORD mug - Celebrity Mug,Harrison Ford,no,gid://shopify/Product/1046874226724
the-future-mrs-mug-81,RED MUG - The Future Mrs HARRY BARON mug - Celebrity Mug,Harry Baron,no,gid://shopify/Product/1046874292260
the-future-mrs-mug-82,RED MUG - The Future Mrs HARRY DERBRIDGE TOWIE mug - Celebrity Mug,Harry Derbridge Towie,no,gid://shopify/Product/1046874325028
the-future-mrs-mug-83,RED MUG - The Future Mrs HARRY STYLES mug - Celebrity Mug,Harry Styles,no,gid://shopify/Product/1046874357796
the-future-mrs-mug-84,RED MUG - The Future Mrs HEATH LEDGER mug - Celebrity Mug,Heath Ledger,no,gid://shopify/Product/1046874390564
the-future-mrs-mug-85,RED MUG - The Future Mrs HENRY CAVILL mug - Celebrity Mug,Henry Cavill,no,gid://shopify/Product/1046874554404
the-future-mrs-mug-86,RED MUG - The Future Mrs HUGH GRANT mug - Celebrity Mug,Hugh Grant,no,gid://shopify/Product/1046874685476
the-future-mrs-mug-87,RED MUG - The Future Mrs HUGH JACKMAN mug - Celebrity Mug,Hugh Jackman,no,gid://shopify/Product/1046874783780
the-future-mrs-mug-88,RED MUG - The Future Mrs IAIN LEE mug - Celebrity Mug,Iain Lee,no,gid://shopify/Product/1046874849316
the-future-mrs-mug-89,RED MUG - The Future Mrs IAN SOMERHALDER mug - Celebrity Mug,Ian Somerhalder,no,gid://shopify/Product/1046874947620
the-future-mrs-mug-90,RED MUG - The Future Mrs IDRIS ELBA mug - Celebrity Mug,Idris Elba,no,gid://shopify/Product/1046875013156
the-future-mrs-mug-91,RED MUG - The Future Mrs INDIANNA JONES mug - Celebrity Mug,Indianna Jones,no,gid://shopify/Product/1046875111460
the-future-mrs-mug-92,RED MUG - The Future Mrs JACK NICHOLSON mug - Celebrity Mug,Jack Nicholson,no,gid://shopify/Product/1046875242532
the-future-mrs-mug-93,RED MUG - The Future Mrs JAKE GYLLENHAAL mug - Celebrity Mug,Jake Gyllenhaal,no,gid://shopify/Product/1046875340836
the-future-mrs-mug-94,RED MUG - The Future Mrs JAKE HALL TOWIE mug - Celebrity Mug,Jake Hall Towie,no,gid://shopify/Product/1046875406372
the-future-mrs-mug-95,RED MUG - The Future Mrs JAMES ARGENT TOWIE mug - Celebrity Mug,James Argent Towie,no,gid://shopify/Product/1046875439140
the-future-mrs-mug-96,RED MUG - The Future Mrs JAMES ARTHUR mug - Celebrity Mug,James Arthur,no,gid://shopify/Product/1046875471908
the-future-mrs-mug-97,RED MUG - The Future Mrs JAMES BOND mug - Celebrity Mug,James Bond,no,gid://shopify/Product/1046875537444
the-future-mrs-mug-98,RED MUG - The Future Mrs JAMES DIAGS TOWIE mug - Celebrity Mug,James Diags Towie,no,gid://shopify/Product/1046875570212
the-future-mrs-mug-99,RED MUG - The Future Mrs JAMES FRANCO mug - Celebrity Mug,James Franco,no,gid://shopify/Product/1046875635748
the-future-mrs-mug-100,RED MUG - The Future Mrs JAMES LOCK TOWIE mug - Celebrity Mug,James Lock Towie,no,gid://shopify/Product/1046875668516
the-future-mrs-mug-101,RED MUG - The Future Mrs JAMES MAY mug - Celebrity Mug,James May,no,gid://shopify/Product/1046875701284
the-future-mrs-mug-102,RED MUG - The Future Mrs JAMES McAVOY mug - Celebrity Mug,James McAvoy,no,gid://shopify/Product/1046875734052
the-future-mrs-mug-103,RED MUG - The Future Mrs JAMES TINDALE mug - Celebrity Mug,James Tindale,no,gid://shopify/Product/1046875766820
the-future-mrs-mug-104,RED MUG - The Future Mrs JAMIE DORNAN mug - Celebrity Mug,Jamie Dornan,no,gid://shopify/Product/1046875799588
the-future-mrs-mug-105,RED MUG - The Future Mrs JAMIE LAING mug - Celebrity Mug,Jamie Laing,no,gid://shopify/Product/1046875832356
the-future-mrs-mug-106,RED MUG - The Future Mrs JAMIE LOMAS mug - Celebrity Mug,Jamie Lomas,no,gid://shopify/Product/1046875865124
the-future-mrs-mug-107,RED MUG - The Future Mrs JAMIE REED TOWIE mug - Celebrity Mug,Jamie Reed Towie,no,gid://shopify/Product/1046875897892
the-future-mrs-mug-108,RED MUG - The Future Mrs JARED LETO mug - Celebrity Mug,Jared Leto,no,gid://shopify/Product/1046875963428
the-future-mrs-mug-109,RED MUG - The Future Mrs JASON MOMOA mug - Celebrity Mug,Jason Momoa,no,gid://shopify/Product/1046875996196
the-future-mrs-mug-110,RED MUG - The Future Mrs JASON STATHAM mug - Celebrity Mug,Jason Statham,no,gid://shopify/Product/1046876061732
the-future-mrs-mug-111,RED MUG - The Future Mrs JASON SUDEIKIS mug - Celebrity Mug,Jason Sudeikis,no,gid://shopify/Product/1046876127268
the-future-mrs-mug-112,RED MUG - The Future Mrs JAY GARDNER mug - Celebrity Mug,Jay Gardner,no,gid://shopify/Product/1046876192804
the-future-mrs-mug-113,RED MUG - The Future Mrs JENSEN ACKLES mug - Celebrity Mug,Jensen Ackles,no,gid://shopify/Product/1046876323876
the-future-mrs-mug-114,RED MUG - The Future Mrs JEREMEY RENNER mug - Celebrity Mug,Jeremey Renner,no,gid://shopify/Product/1046876454948
the-future-mrs-mug-115,RED MUG - The Future Mrs JIM CHAPMAN mug - Celebrity Mug,Jim Chapman,no,gid://shopify/Product/1046876487716
the-future-mrs-mug-116,RED MUG - The Future Mrs JOE JONAS mug - Celebrity Mug,Joe Jonas,no,gid://shopify/Product/1046876520484
the-future-mrs-mug-117,RED MUG - The Future Mrs JOE WICKS mug - Celebrity Mug,Joe Wicks,no,gid://shopify/Product/1046876586020
the-future-mrs-mug-118,RED MUG - The Future Mrs JOEY ESSEX TOWIE mug - Celebrity Mug,Joey Essex Towie,no,gid://shopify/Product/1046876618788
the-future-mrs-mug-119,RED MUG - The Future Mrs JOHN BOYEGA mug - Celebrity Mug,John Boyega,no,gid://shopify/Product/1046876651556
the-future-mrs-mug-120,RED MUG - The Future Mrs JOHNNY DEPP mug - Celebrity Mug,Johnny Depp,no,gid://shopify/Product/1046876684324
the-future-mrs-mug-121,RED MUG - The Future Mrs JULIUS COWDREY mug - Celebrity Mug,Julius Cowdrey,no,gid://shopify/Product/1046876717092
the-future-mrs-mug-122,RED MUG - The Future Mrs JUSTIN BEIBER mug - Celebrity Mug,Justin Beiber,no,gid://shopify/Product/1046876782628
the-future-mrs-mug-123,RED MUG - The Future Mrs JUSTIN TIMBERLAKE mug - Celebrity Mug,Justin Timberlake,no,gid://shopify/Product/1046876815396
the-future-mrs-mug-124,RED MUG - The Future Mrs KANYE WEST mug - Celebrity Mug,Kanye West,no,gid://shopify/Product/1046876913700
the-future-mrs-mug-125,RED MUG - The Future Mrs KEANU REEVES mug - Celebrity Mug,Keanu Reeves,no,gid://shopify/Product/1046876979236
the-future-mrs-mug-126,RED MUG - The Future Mrs KEVIN SPACEY mug - Celebrity Mug,Kevin Spacey,no,gid://shopify/Product/1046877077540
the-future-mrs-mug-127,RED MUG - The Future Mrs KHALID mug - Celebrity Mug,Khalid,no,gid://shopify/Product/1046877175844
the-future-mrs-mug-128,RED MUG - The Future Mrs KIRK NORCROSS TOWIE mug - Celebrity Mug,Kirk Norcross Towie,no,gid://shopify/Product/1046877208612
the-future-mrs-mug-129,RED MUG - The Future Mrs KIT HARRINGTON mug - Celebrity Mug,Kit Harrington,no,gid://shopify/Product/1046877241380
the-future-mrs-mug-130,RED MUG - The Future Mrs KYLE CHRISTIE mug - Celebrity Mug,Kyle Christie,no,gid://shopify/Product/1046877339684
the-future-mrs-mug-131,RED MUG - The Future Mrs LEONARDO DICAPRIO mug - Celebrity Mug,Leonardo Dicaprio,no,gid://shopify/Product/1046877470756
the-future-mrs-mug-132,RED MUG - The Future Mrs LEWIS BLOOR TOWIE mug - Celebrity Mug,Lewis Bloor Towie,no,gid://shopify/Product/1046877634596
the-future-mrs-mug-133,RED MUG - The Future Mrs LIAM BLACKWELL TOWIE mug - Celebrity Mug,Liam Blackwell Towie,no,gid://shopify/Product/1046877732900
the-future-mrs-mug-134,RED MUG - The Future Mrs LIAM HEMSWORTH mug - Celebrity Mug,Liam Hemsworth,no,gid://shopify/Product/1046877831204
the-future-mrs-mug-135,RED MUG - The Future Mrs LIAM NEESON mug - Celebrity Mug,Liam Neeson,no,gid://shopify/Product/1046878027812
the-future-mrs-mug-136,RED MUG - The Future Mrs LIAM PAYNE mug - Celebrity Mug,Liam Payne,no,gid://shopify/Product/1046878093348
the-future-mrs-mug-137,RED MUG - The Future Mrs LUKE EVANS mug - Celebrity Mug,Luke Evans,no,gid://shopify/Product/1046878158884
the-future-mrs-mug-138,RED MUG - The Future Mrs MARIO FALCONE TOWIE mug - Celebrity Mug,Mario Falcone Towie,no,gid://shopify/Product/1046878224420
the-future-mrs-mug-139,RED MUG - The Future Mrs MARK WAHLBERG mug - Celebrity Mug,Mark Wahlberg,no,gid://shopify/Product/1046878257188
the-future-mrs-mug-140,RED MUG - The Future Mrs MARK WHALBERG mug - Celebrity Mug,Mark Whalberg,no,gid://shopify/Product/1046878289956
the-future-mrs-mug-141,RED MUG - The Future Mrs MARK WRIGHT TOWIE mug - Celebrity Mug,Mark Wright Towie,no,gid://shopify/Product/1046878322724
the-future-mrs-mug-142,RED MUG - The Future Mrs MARK-FRANCIS VANDELLI mug - Celebrity Mug,Mark-francis Vandelli,no,gid://shopify/Product/1046878355492
the-future-mrs-mug-143,RED MUG - The Future Mrs MARTY MCKENNA mug - Celebrity Mug,Marty McKenna,no,gid://shopify/Product/1046878388260
the-future-mrs-mug-144,RED MUG - The Future Mrs MATT DAMON mug - Celebrity Mug,Matt Damon,no,gid://shopify/Product/1046878421028
the-future-mrs-mug-145,RED MUG - The Future Mrs MATT LE BLANK mug - Celebrity Mug,Matt Le Blank,no,gid://shopify/Product/1046878453796
the-future-mrs-mug-146,RED MUG - The Future Mrs MATT SMITH mug - Celebrity Mug,Matt Smith,no,gid://shopify/Product/1046878519332
the-future-mrs-mug-147,RED MUG - The Future Mrs MAX WHITLOCK mug - Celebrity Mug,Max Whitlock,no,gid://shopify/Product/1046878552100
the-future-mrs-mug-148,RED MUG - The Future Mrs MEL GIBSON mug - Celebrity Mug,Mel Gibson,no,gid://shopify/Product/1046878617636
the-future-mrs-mug-149,RED MUG - The Future Mrs MICHAEL BUBLE mug - Celebrity Mug,Michael Buble,no,gid://shopify/Product/1046878683172
the-future-mrs-mug-150,RED MUG - The Future Mrs MICHAEL CAINE mug - Celebrity Mug,Michael Caine,no,gid://shopify/Product/1046878814244
the-future-mrs-mug-151,RED MUG - The Future Mrs MICHAEL FASSBENDER mug - Celebrity Mug,Michael Fassbender,no,gid://shopify/Product/1046878945316
the-future-mrs-mug-152,RED MUG - The Future Mrs MIKE COLTER mug - Celebrity Mug,Mike Colter,no,gid://shopify/Product/1046879076388
the-future-mrs-mug-153,RED MUG - The Future Mrs MIKE HASSINI TOWIE mug - Celebrity Mug,Mike Hassini Towie,no,gid://shopify/Product/1046879109156
the-future-mrs-mug-154,RED MUG - The Future Mrs MILES TELLER mug - Celebrity Mug,Miles Teller,no,gid://shopify/Product/1046879141924
the-future-mrs-mug-155,RED MUG - The Future Mrs NATHAN HENRY mug - Celebrity Mug,Nathan Henry,no,gid://shopify/Product/1046879174692
the-future-mrs-mug-156,RED MUG - The Future Mrs NIALL HORAN mug - Celebrity Mug,Niall Horan,no,gid://shopify/Product/1046879240228
the-future-mrs-mug-157,RED MUG - The Future Mrs NICHOULOUS HOULT mug - Celebrity Mug,Nichoulous Hoult,no,gid://shopify/Product/1046879305764
the-future-mrs-mug-158,RED MUG - The Future Mrs OLIVER PROUDLOCK mug - Celebrity Mug,Oliver Proudlock,no,gid://shopify/Product/1046879338532
the-future-mrs-mug-159,RED MUG - The Future Mrs ORLANDO BLOOM mug - Celebrity Mug,Orlando Bloom,no,gid://shopify/Product/1046879371300
the-future-mrs-mug-160,RED MUG - The Future Mrs OSCAR ISAAC mug - Celebrity Mug,Oscar Isaac,no,gid://shopify/Product/1046879404068
the-future-mrs-mug-161,RED MUG - The Future Mrs PETE WICKS TOWIE mug - Celebrity Mug,Pete Wicks Towie,no,gid://shopify/Product/1046879436836
the-future-mrs-mug-162,RED MUG - The Future Mrs PHILIP SCHOFIELD mug - Celebrity Mug,Philip Schofield,no,gid://shopify/Product/1046879469604
the-future-mrs-mug-163,RED MUG - The Future Mrs PRINCE HARRY mug - Celebrity Mug,Prince Harry,no,gid://shopify/Product/1046879502372
the-future-mrs-mug-164,RED MUG - The Future Mrs RAG N BONE MAN mug - Celebrity Mug,Rag N Bone Man,no,gid://shopify/Product/1046879535140
the-future-mrs-mug-165,RED MUG - The Future Mrs RAMI MALEK mug - Celebrity Mug,Rami Malek,no,gid://shopify/Product/1046879567908
the-future-mrs-mug-166,RED MUG - The Future Mrs RICCI GUARNACCIO mug - Celebrity Mug,Ricci Guarnaccio,no,gid://shopify/Product/1046879600676
the-future-mrs-mug-167,RED MUG - The Future Mrs RICHARD ARMITAGE mug - Celebrity Mug,Richard Armitage,no,gid://shopify/Product/1046879633444
the-future-mrs-mug-168,RED MUG - The Future Mrs RICHARD MADDEN mug - Celebrity Mug,Richard Madden,no,gid://shopify/Product/1046879698980
the-future-mrs-mug-169,RED MUG - The Future Mrs ROB LOWE mug - Celebrity Mug,Rob Lowe,no,gid://shopify/Product/1046879731748
the-future-mrs-mug-170,RED MUG - The Future Mrs ROBERT DE NIRO mug - Celebrity Mug,Robert De Niro,no,gid://shopify/Product/1046879764516
the-future-mrs-mug-171,RED MUG - The Future Mrs ROBERT DOWNY JR mug - Celebrity Mug,Robert Downy Jr,no,gid://shopify/Product/1046879797284
the-future-mrs-mug-172,RED MUG - The Future Mrs ROBERT PATTINSON mug - Celebrity Mug,Robert Pattinson,no,gid://shopify/Product/1046879862820
the-future-mrs-mug-173,RED MUG - The Future Mrs RUFUS SEWELL mug - Celebrity Mug,Rufus Sewell,no,gid://shopify/Product/1046879895588
the-future-mrs-mug-174,RED MUG - The Future Mrs RUSSEL CROWE mug - Celebrity Mug,Russel Crowe,no,gid://shopify/Product/1046879928356
the-future-mrs-mug-175,RED MUG - The Future Mrs RYAN GOSLING mug - Celebrity Mug,Ryan Gosling,no,gid://shopify/Product/1046879993892
the-future-mrs-mug-176,RED MUG - The Future Mrs RYAN KWANTEN mug - Celebrity Mug,Ryan Kwanten,no,gid://shopify/Product/1046880026660
the-future-mrs-mug-177,RED MUG - The Future Mrs RYAN LIBBEY mug - Celebrity Mug,Ryan Libbey,no,gid://shopify/Product/1046880059428
the-future-mrs-mug-178,RED MUG - The Future Mrs RYAN LOCHTE mug - Celebrity Mug,Ryan Lochte,no,gid://shopify/Product/1046880124964
the-future-mrs-mug-179,RED MUG - The Future Mrs RYAN REYNOLDS mug - Celebrity Mug,Ryan Reynolds,no,gid://shopify/Product/1046880190500
the-future-mrs-mug-180,RED MUG - The Future Mrs SAM BENTHAM mug - Celebrity Mug,Sam Bentham,no,gid://shopify/Product/1046880321572
the-future-mrs-mug-181,RED MUG - The Future Mrs SAM GOWLAND mug - Celebrity Mug,Sam Gowland,no,gid://shopify/Product/1046880485412
the-future-mrs-mug-182,RED MUG - The Future Mrs SAM HEUGHAN mug - Celebrity Mug,Sam Heughan,no,gid://shopify/Product/1046880583716
the-future-mrs-mug-183,RED MUG - The Future Mrs SAM PRINCE mug - Celebrity Mug,Sam Prince,no,gid://shopify/Product/1046880682020
the-future-mrs-mug-184,RED MUG - The Future Mrs SAM SMITH mug - Celebrity Mug,Sam Smith,no,gid://shopify/Product/1046880780324
the-future-mrs-mug-185,RED MUG - The Future Mrs SAM THOMPSON mug - Celebrity Mug,Sam Thompson,no,gid://shopify/Product/1046880845860
the-future-mrs-mug-186,RED MUG - The Future Mrs SCOTT EASTWOOD mug - Celebrity Mug,Scott Eastwood,no,gid://shopify/Product/1046880944164
the-future-mrs-mug-187,RED MUG - The Future Mrs SCOTT TIMLIN mug - Celebrity Mug,Scott Timlin,no,gid://shopify/Product/1046881042468
the-future-mrs-mug-188,RED MUG - The Future Mrs SEBASTIAN STAN mug - Celebrity Mug,Sebastian Stan,no,gid://shopify/Product/1046881173540
the-future-mrs-mug-189,RED MUG - The Future Mrs SERGIO PIZZORNO mug - Celebrity Mug,Sergio Pizzorno,no,gid://shopify/Product/1046881239076
the-future-mrs-mug-190,RED MUG - The Future Mrs SHAKIN STEVENS mug - Celebrity Mug,Shakin Stevens,no,gid://shopify/Product/1046881402916
the-future-mrs-mug-191,RED MUG - The Future Mrs SHAWN MENDES mug - Celebrity Mug,Shawn Mendes,no,gid://shopify/Product/1046881468452
the-future-mrs-mug-192,RED MUG - The Future Mrs STANLEY JOHNSON mug - Celebrity Mug,Stanley Johnson,no,gid://shopify/Product/1046881501220
the-future-mrs-mug-193,RED MUG - The Future Mrs STEPHEN AMELL mug - Celebrity Mug,Stephen Amell,no,gid://shopify/Product/1046881533988
the-future-mrs-mug-194,RED MUG - The Future Mrs TARON EGERTON mug - Celebrity Mug,Taron Egerton,no,gid://shopify/Product/1046881566756
the-future-mrs-mug-195,RED MUG - The Future Mrs TOMMY MALLET TOWIE mug - Celebrity Mug,Tommy Mallet Towie,no,gid://shopify/Product/1046881599524
the-future-mrs-mug-196,BLACK MUG - The Future Mrs AARON CHALMERS mug - Celebrity Mug,Aaron Chalmers,no,gid://shopify/Product/1046881632292
the-future-mrs-mug-197,BLACK MUG - The Future Mrs ADAM BRODY mug - Celebrity Mug,Adam Brody,no,gid://shopify/Product/1046881665060
the-future-mrs-mug-198,BLACK MUG - The Future Mrs AIDAN TURNER mug - Celebrity Mug,Aidan Turner,no,gid://shopify/Product/1046881730596
the-future-mrs-mug-199,BLACK MUG - The Future Mrs AIDEN TURNER mug - Celebrity Mug,Aiden Turner,no,gid://shopify/Product/1046881763364
the-future-mrs-mug-200,BLACK MUG - The Future Mrs AL PACHINO mug - Celebrity Mug,Al Pachino,no,gid://shopify/Product/1046881796132
the-future-mrs-mug-201,BLACK MUG - The Future Mrs ALEX MYTTON mug - Celebrity Mug,Alex Mytton,no,gid://shopify/Product/1046881828900
the-future-mrs-mug-202,BLACK MUG - The Future Mrs ALEX TURNER mug - Celebrity Mug,Alex Turner,no,gid://shopify/Product/1046881861668
the-future-mrs-mug-203,BLACK MUG - The Future Mrs ALEXANDER SKARSGARD mug - Celebrity Mug,Alexander Skarsgard,no,gid://shopify/Product/1046881894436
the-future-mrs-mug-204,BLACK MUG - The Future Mrs ALFIE SOLLOMONS mug - Celebrity Mug,Alfie Sollomons,no,gid://shopify/Product/1046881927204
the-future-mrs-mug-205,BLACK MUG - The Future Mrs ALIK ALFUS mug - Celebrity Mug,Alik Alfus,no,gid://shopify/Product/1046881959972
the-future-mrs-mug-206,BLACK MUG - The Future Mrs AMIR KHAN mug - Celebrity Mug,Amir Khan,no,gid://shopify/Product/1046881992740
the-future-mrs-mug-207,BLACK MUG - The Future Mrs ARTHUR SHELBY mug - Celebrity Mug,Arthur Shelby,no,gid://shopify/Product/1046882025508
the-future-mrs-mug-208,BLACK MUG - The Future Mrs BEN AFFLECK mug - Celebrity Mug,Ben Affleck,no,gid://shopify/Product/1046882058276
the-future-mrs-mug-209,BLACK MUG - The Future Mrs BENEDICT CUMBERBATCH mug - Celebrity Mug,Benedict Cumberbatch,no,gid://shopify/Product/1046882091044
the-future-mrs-mug-210,BLACK MUG - The Future Mrs BIG SHAQ mug - Celebrity Mug,Big Shaq,no,gid://shopify/Product/1046882123812
the-future-mrs-mug-211,BLACK MUG - The Future Mrs BILLY PHILLIPS mug - Celebrity Mug,Billy Phillips,no,gid://shopify/Product/1046882156580
the-future-mrs-mug-212,BLACK MUG - The Future Mrs BOBBY NORRIS TOWIE mug - Celebrity Mug,Bobby Norris Towie,no,gid://shopify/Product/1046882189348
the-future-mrs-mug-213,BLACK MUG - The Future Mrs BRAD PITT mug - Celebrity Mug,Brad Pitt,no,gid://shopify/Product/1046882222116
the-future-mrs-mug-214,BLACK MUG - The Future Mrs BRADLEY COOPER mug - Celebrity Mug,Bradley Cooper,no,gid://shopify/Product/1046882254884
the-future-mrs-mug-215,BLACK MUG - The Future Mrs BRUNO MARS mug - Celebrity Mug,Bruno Mars,no,gid://shopify/Product/1046882287652
the-future-mrs-mug-216,BLACK MUG - The Future Mrs CALVIN HARRIS mug - Celebrity Mug,Calvin Harris,no,gid://shopify/Product/1046882320420
the-future-mrs-mug-217,BLACK MUG - The Future Mrs CAPTAIN CIRK mug - Celebrity Mug,Captain Cirk,no,gid://shopify/Product/1046882353188
the-future-mrs-mug-218,BLACK MUG - The Future Mrs CHANNING TATUM mug - Celebrity Mug,Channing Tatum,no,gid://shopify/Product/1046882385956
the-future-mrs-mug-219,BLACK MUG - The Future Mrs CHARLIE COX mug - Celebrity Mug,Charlie Cox,no,gid://shopify/Product/1046882418724
the-future-mrs-mug-220,BLACK MUG - The Future Mrs CHARLIE HUNNAM mug - Celebrity Mug,Charlie Hunnam,no,gid://shopify/Product/1046882451492
the-future-mrs-mug-221,BLACK MUG - The Future Mrs CHARLIE KING TOWIE mug - Celebrity Mug,Charlie King Towie,no,gid://shopify/Product/1046882517028
the-future-mrs-mug-222,BLACK MUG - The Future Mrs CHARLIE MILLS mug - Celebrity Mug,Charlie Mills,no,gid://shopify/Product/1046882549796
the-future-mrs-mug-223,BLACK MUG - The Future Mrs CHARLIE PUTH mug - Celebrity Mug,Charlie Puth,no,gid://shopify/Product/1046882648100
the-future-mrs-mug-224,BLACK MUG - The Future Mrs CHARLIE SIMMS TOWIE mug - Celebrity Mug,Charlie Simms Towie,no,gid://shopify/Product/1046882779172
the-future-mrs-mug-225,BLACK MUG - The Future Mrs CHRIS EVANS mug - Celebrity Mug,Chris Evans,no,gid://shopify/Product/1046882943012
the-future-mrs-mug-226,BLACK MUG - The Future Mrs CHRIS HEMSWORTH mug - Celebrity Mug,Chris Hemsworth,no,gid://shopify/Product/1046883106852
the-future-mrs-mug-227,BLACK MUG - The Future Mrs CHRIS MARTIN mug - Celebrity Mug,Chris Martin,no,gid://shopify/Product/1046883237924
the-future-mrs-mug-228,BLACK MUG - The Future Mrs CHRIS PINE mug - Celebrity Mug,Chris Pine,no,gid://shopify/Product/1046883434532
the-future-mrs-mug-229,BLACK MUG - The Future Mrs CHRIS PRATT mug - Celebrity Mug,Chris Pratt,no,gid://shopify/Product/1046883500068
the-future-mrs-mug-230,BLACK MUG - The Future Mrs CHRIS REA mug - Celebrity Mug,Chris Rea,no,gid://shopify/Product/1046883598372
the-future-mrs-mug-231,BLACK MUG - The Future Mrs CHRIS mug - Celebrity Mug,Chris,no,gid://shopify/Product/1046883696676
the-future-mrs-mug-232,BLACK MUG - The Future Mrs CHRISTAIN BALE mug - Celebrity Mug,Christain Bale,no,gid://shopify/Product/1046883794980
the-future-mrs-mug-233,BLACK MUG - The Future Mrs CHRISTIAN SLATER mug - Celebrity Mug,Christian Slater,no,gid://shopify/Product/1046883827748
the-future-mrs-mug-234,BLACK MUG - The Future Mrs CHRISTIANO RONALDO mug - Celebrity Mug,Christiano Ronaldo,no,gid://shopify/Product/1046883893284
the-future-mrs-mug-235,BLACK MUG - The Future Mrs CILLIAN MURPHY mug - Celebrity Mug,Cillian Murphy,no,gid://shopify/Product/1046883926052
the-future-mrs-mug-236,BLACK MUG - The Future Mrs COLIN MORGAN mug - Celebrity Mug,Colin Morgan,no,gid://shopify/Product/1046883991588
the-future-mrs-mug-237,BLACK MUG - The Future Mrs COMMANDER SPOCK mug - Celebrity Mug,Commander Spock,no,gid://shopify/Product/1046884057124
the-future-mrs-mug-238,BLACK MUG - The Future Mrs CRAIG DAVID mug - Celebrity Mug,Craig David,no,gid://shopify/Product/1046884089892
the-future-mrs-mug-239,BLACK MUG - The Future Mrs DAN EDGAR TOWIE mug - Celebrity Mug,Dan Edgar Towie,no,gid://shopify/Product/1046884122660
the-future-mrs-mug-240,BLACK MUG - The Future Mrs DAN THOMAS-TUCK mug - Celebrity Mug,Dan Thomas-tuck,no,gid://shopify/Product/1046884188196
the-future-mrs-mug-241,BLACK MUG - The Future Mrs DANIEL CRAIG mug - Celebrity Mug,Daniel Craig,no,gid://shopify/Product/1046884220964
the-future-mrs-mug-242,BLACK MUG - The Future Mrs DANIEL DAY LEWIS mug - Celebrity Mug,Daniel Day Lewis,no,gid://shopify/Product/1046884253732
the-future-mrs-mug-243,BLACK MUG - The Future Mrs DANIEL OSBORNE TOWIE mug - Celebrity Mug,Daniel Osborne Towie,no,gid://shopify/Product/1046884286500
the-future-mrs-mug-244,BLACK MUG - The Future Mrs DANIEL RADCLIFFE mug - Celebrity Mug,Daniel Radcliffe,no,gid://shopify/Product/1046884319268
the-future-mrs-mug-245,BLACK MUG - The Future Mrs DANNY DYER mug - Celebrity Mug,Danny Dyer,no,gid://shopify/Product/1046884352036
the-future-mrs-mug-246,BLACK MUG - The Future Mrs DAVID BECKHAM mug - Celebrity Mug,David Beckham,no,gid://shopify/Product/1046884384804
the-future-mrs-mug-247,BLACK MUG - The Future Mrs DAVID FRANCO mug - Celebrity Mug,David Franco,no,gid://shopify/Product/1046884417572
the-future-mrs-mug-248,BLACK MUG - The Future Mrs DAVID GANDY mug - Celebrity Mug,David Gandy,no,gid://shopify/Product/1046884450340
the-future-mrs-mug-249,BLACK MUG - The Future Mrs DAVID TENNANT mug - Celebrity Mug,David Tennant,no,gid://shopify/Product/1046884483108
the-future-mrs-mug-250,BLACK MUG - The Future Mrs DELL BOY mug - Celebrity Mug,Dell Boy,no,gid://shopify/Product/1046884515876
the-future-mrs-mug-251,BLACK MUG - The Future Mrs DENNIS WISE mug - Celebrity Mug,Dennis Wise,no,gid://shopify/Product/1046884548644
the-future-mrs-mug-252,BLACK MUG - The Future Mrs DENZEL WASHINGTON mug - Celebrity Mug,Denzel Washington,no,gid://shopify/Product/1046884581412
the-future-mrs-mug-253,BLACK MUG - The Future Mrs DERMOT O'LEARY mug - Celebrity Mug,Dermot O'leary,no,gid://shopify/Product/1046884614180
the-future-mrs-mug-254,BLACK MUG - The Future Mrs DIGBEY EDGLEY mug - Celebrity Mug,Digbey Edgley,no,gid://shopify/Product/1046884646948
the-future-mrs-mug-255,BLACK MUG - The Future Mrs DONNIE WAHLBERG mug - Celebrity Mug,Donnie Wahlberg,no,gid://shopify/Product/1046884679716
the-future-mrs-mug-256,BLACK MUG - The Future Mrs DRAKE mug - Celebrity Mug,Drake,no,gid://shopify/Product/1046884712484
the-future-mrs-mug-257,BLACK MUG - The Future Mrs DUSTIN HOFFMAN mug - Celebrity Mug,Dustin Hoffman,no,gid://shopify/Product/1046884745252
the-future-mrs-mug-258,BLACK MUG - The Future Mrs DWAYNE JOHNSON mug - Celebrity Mug,Dwayne Johnson,no,gid://shopify/Product/1046884778020
the-future-mrs-mug-259,BLACK MUG - The Future Mrs ED SHEERAN mug - Celebrity Mug,Ed Sheeran,no,gid://shopify/Product/1046884810788
the-future-mrs-mug-260,BLACK MUG - The Future Mrs EDDIE REDMAYNE mug - Celebrity Mug,Eddie Redmayne,no,gid://shopify/Product/1046884843556
the-future-mrs-mug-261,BLACK MUG - The Future Mrs ELLIOT WRIGHT TOWIE mug - Celebrity Mug,Elliot Wright Towie,no,gid://shopify/Product/1046884876324
the-future-mrs-mug-262,BLACK MUG - The Future Mrs EMINEM mug - Celebrity Mug,Eminem,no,gid://shopify/Product/1046884941860
the-future-mrs-mug-263,BLACK MUG - The Future Mrs ERIC DANE mug - Celebrity Mug,Eric Dane,no,gid://shopify/Product/1046884974628
the-future-mrs-mug-264,BLACK MUG - The Future Mrs EWAN MCGREGOR mug - Celebrity Mug,Ewan McGregor,no,gid://shopify/Product/1046885072932
the-future-mrs-mug-265,BLACK MUG - The Future Mrs FRANCIS BOULLE mug - Celebrity Mug,Francis Boulle,no,gid://shopify/Product/1046885204004
the-future-mrs-mug-266,BLACK MUG - The Future Mrs FREDRIK FERRIER mug - Celebrity Mug,Fredrik Ferrier,no,gid://shopify/Product/1046885400612
the-future-mrs-mug-267,BLACK MUG - The Future Mrs GARY BEADLE mug - Celebrity Mug,Gary Beadle,no,gid://shopify/Product/1046885662756
the-future-mrs-mug-268,BLACK MUG - The Future Mrs GAVIN ROSSDALE mug - Celebrity Mug,Gavin Rossdale,no,gid://shopify/Product/1046885859364
the-future-mrs-mug-269,BLACK MUG - The Future Mrs GEORGE CLOONEY mug - Celebrity Mug,George Clooney,no,gid://shopify/Product/1046886055972
the-future-mrs-mug-270,BLACK MUG - The Future Mrs GEORGE MICHAEL mug - Celebrity Mug,George Michael,no,gid://shopify/Product/1046886187044
the-future-mrs-mug-271,BLACK MUG - The Future Mrs GERARD BUTLER mug - Celebrity Mug,Gerard Butler,no,gid://shopify/Product/1046886252580
the-future-mrs-mug-272,BLACK MUG - The Future Mrs GREG LAKE mug - Celebrity Mug,Greg Lake,no,gid://shopify/Product/1046886383652
the-future-mrs-mug-273,BLACK MUG - The Future Mrs GREG RUTHERFORD mug - Celebrity Mug,Greg Rutherford,no,gid://shopify/Product/1046886416420
the-future-mrs-mug-274,BLACK MUG - The Future Mrs HARRISON FORD mug - Celebrity Mug,Harrison Ford,no,gid://shopify/Product/1046886449188
the-future-mrs-mug-275,BLACK MUG - The Future Mrs HARRY BARON mug - Celebrity Mug,Harry Baron,no,gid://shopify/Product/1046886481956
the-future-mrs-mug-276,BLACK MUG - The Future Mrs HARRY DERBRIDGE TOWIE mug - Celebrity Mug,Harry Derbridge Towie,no,gid://shopify/Product/1046886514724
the-future-mrs-mug-277,BLACK MUG - The Future Mrs HARRY STYLES mug - Celebrity Mug,Harry Styles,no,gid://shopify/Product/1046886547492
the-future-mrs-mug-278,BLACK MUG - The Future Mrs HEATH LEDGER mug - Celebrity Mug,Heath Ledger,no,gid://shopify/Product/1046886580260
the-future-mrs-mug-279,BLACK MUG - The Future Mrs HENRY CAVILL mug - Celebrity Mug,Henry Cavill,no,gid://shopify/Product/1046886645796
the-future-mrs-mug-280,BLACK MUG - The Future Mrs HUGH GRANT mug - Celebrity Mug,Hugh Grant,no,gid://shopify/Product/1046886678564
the-future-mrs-mug-281,BLACK MUG - The Future Mrs HUGH JACKMAN mug - Celebrity Mug,Hugh Jackman,no,gid://shopify/Product/1046886711332
the-future-mrs-mug-282,BLACK MUG - The Future Mrs IAIN LEE mug - Celebrity Mug,Iain Lee,no,gid://shopify/Product/1046886744100
the-future-mrs-mug-283,BLACK MUG - The Future Mrs IAN SOMERHALDER mug - Celebrity Mug,Ian Somerhalder,no,gid://shopify/Product/1046886776868
the-future-mrs-mug-284,BLACK MUG - The Future Mrs IDRIS ELBA mug - Celebrity Mug,Idris Elba,no,gid://shopify/Product/1046886809636
the-future-mrs-mug-285,BLACK MUG - The Future Mrs INDIANNA JONES mug - Celebrity Mug,Indianna Jones,no,gid://shopify/Product/1046886875172
the-future-mrs-mug-286,BLACK MUG - The Future Mrs JACK NICHOLSON mug - Celebrity Mug,Jack Nicholson,no,gid://shopify/Product/1046886907940
the-future-mrs-mug-287,BLACK MUG - The Future Mrs JAKE GYLLENHAAL mug - Celebrity Mug,Jake Gyllenhaal,no,gid://shopify/Product/1046886940708
the-future-mrs-mug-288,BLACK MUG - The Future Mrs JAKE HALL TOWIE mug - Celebrity Mug,Jake Hall Towie,no,gid://shopify/Product/1046886973476
the-future-mrs-mug-289,BLACK MUG - The Future Mrs JAMES ARGENT TOWIE mug - Celebrity Mug,James Argent Towie,no,gid://shopify/Product/1046887006244
the-future-mrs-mug-290,BLACK MUG - The Future Mrs JAMES ARTHUR mug - Celebrity Mug,James Arthur,no,gid://shopify/Product/1046887039012
the-future-mrs-mug-291,BLACK MUG - The Future Mrs JAMES BOND mug - Celebrity Mug,James Bond,no,gid://shopify/Product/1046887071780
the-future-mrs-mug-292,BLACK MUG - The Future Mrs JAMES DIAGS TOWIE mug - Celebrity Mug,James Diags Towie,no,gid://shopify/Product/1046887104548
the-future-mrs-mug-293,BLACK MUG - The Future Mrs JAMES FRANCO mug - Celebrity Mug,James Franco,no,gid://shopify/Product/1046887137316
the-future-mrs-mug-294,BLACK MUG - The Future Mrs JAMES LOCK TOWIE mug - Celebrity Mug,James Lock Towie,no,gid://shopify/Product/1046887170084
the-future-mrs-mug-295,BLACK MUG - The Future Mrs JAMES MAY mug - Celebrity Mug,James May,no,gid://shopify/Product/1046887202852
the-future-mrs-mug-296,BLACK MUG - The Future Mrs JAMES McAVOY mug - Celebrity Mug,James McAvoy,no,gid://shopify/Product/1046887235620
the-future-mrs-mug-297,BLACK MUG - The Future Mrs JAMES TINDALE mug - Celebrity Mug,James Tindale,no,gid://shopify/Product/1046887301156
the-future-mrs-mug-298,BLACK MUG - The Future Mrs JAMIE DORNAN mug - Celebrity Mug,Jamie Dornan,no,gid://shopify/Product/1046887333924
the-future-mrs-mug-299,BLACK MUG - The Future Mrs JAMIE LAING mug - Celebrity Mug,Jamie Laing,no,gid://shopify/Product/1046887399460
the-future-mrs-mug-300,BLACK MUG - The Future Mrs JAMIE LOMAS mug - Celebrity Mug,Jamie Lomas,no,gid://shopify/Product/1046887497764
the-future-mrs-mug-301,BLACK MUG - The Future Mrs JAMIE REED TOWIE mug - Celebrity Mug,Jamie Reed Towie,no,gid://shopify/Product/1046887530532
the-future-mrs-mug-302,BLACK MUG - The Future Mrs JARED LETO mug - Celebrity Mug,Jared Leto,no,gid://shopify/Product/1046887596068
the-future-mrs-mug-303,BLACK MUG - The Future Mrs JASON MOMOA mug - Celebrity Mug,Jason Momoa,no,gid://shopify/Product/1046887661604
the-future-mrs-mug-304,BLACK MUG - The Future Mrs JASON STATHAM mug - Celebrity Mug,Jason Statham,no,gid://shopify/Product/1046887825444
the-future-mrs-mug-305,BLACK MUG - The Future Mrs JASON SUDEIKIS mug - Celebrity Mug,Jason Sudeikis,no,gid://shopify/Product/1046887890980
the-future-mrs-mug-306,BLACK MUG - The Future Mrs JAY GARDNER mug - Celebrity Mug,Jay Gardner,no,gid://shopify/Product/1046887923748
the-future-mrs-mug-307,BLACK MUG - The Future Mrs JENSEN ACKLES mug - Celebrity Mug,Jensen Ackles,no,gid://shopify/Product/1046887956516
the-future-mrs-mug-308,BLACK MUG - The Future Mrs JEREMEY RENNER mug - Celebrity Mug,Jeremey Renner,no,gid://shopify/Product/1046888022052
the-future-mrs-mug-309,BLACK MUG - The Future Mrs JIM CHAPMAN mug - Celebrity Mug,Jim Chapman,no,gid://shopify/Product/1046888185892
the-future-mrs-mug-310,BLACK MUG - The Future Mrs JOE JONAS mug - Celebrity Mug,Joe Jonas,no,gid://shopify/Product/1046888316964
the-future-mrs-mug-311,BLACK MUG - The Future Mrs JOE WICKS mug - Celebrity Mug,Joe Wicks,no,gid://shopify/Product/1046888448036
the-future-mrs-mug-312,BLACK MUG - The Future Mrs JOEY ESSEX TOWIE mug - Celebrity Mug,Joey Essex Towie,no,gid://shopify/Product/1046888546340
the-future-mrs-mug-313,BLACK MUG - The Future Mrs JOHN BOYEGA mug - Celebrity Mug,John Boyega,no,gid://shopify/Product/1046888644644
the-future-mrs-mug-314,BLACK MUG - The Future Mrs JOHNNY DEPP mug - Celebrity Mug,Johnny Depp,no,gid://shopify/Product/1046888742948
the-future-mrs-mug-315,BLACK MUG - The Future Mrs JULIUS COWDREY mug - Celebrity Mug,Julius Cowdrey,no,gid://shopify/Product/1046888874020
the-future-mrs-mug-316,BLACK MUG - The Future Mrs JUSTIN BEIBER mug - Celebrity Mug,Justin Beiber,no,gid://shopify/Product/1046888939556
the-future-mrs-mug-317,BLACK MUG - The Future Mrs JUSTIN TIMBERLAKE mug - Celebrity Mug,Justin Timberlake,no,gid://shopify/Product/1046888972324
the-future-mrs-mug-318,BLACK MUG - The Future Mrs KANYE WEST mug - Celebrity Mug,Kanye West,no,gid://shopify/Product/1046889005092
the-future-mrs-mug-319,BLACK MUG - The Future Mrs KEANU REEVES mug - Celebrity Mug,Keanu Reeves,no,gid://shopify/Product/1046889037860
the-future-mrs-mug-320,BLACK MUG - The Future Mrs KEVIN SPACEY mug - Celebrity Mug,Kevin Spacey,no,gid://shopify/Product/1046889070628
the-future-mrs-mug-321,BLACK MUG - The Future Mrs KHALID mug - Celebrity Mug,Khalid,no,gid://shopify/Product/1046889103396
the-future-mrs-mug-322,BLACK MUG - The Future Mrs KIRK NORCROSS TOWIE mug - Celebrity Mug,Kirk Norcross Towie,no,gid://shopify/Product/1046889136164
the-future-mrs-mug-323,BLACK MUG - The Future Mrs KIT HARRINGTON mug - Celebrity Mug,Kit Harrington,no,gid://shopify/Product/1046889168932
the-future-mrs-mug-324,BLACK MUG - The Future Mrs KYLE CHRISTIE mug - Celebrity Mug,Kyle Christie,no,gid://shopify/Product/1046889201700
the-future-mrs-mug-325,BLACK MUG - The Future Mrs LEONARDO DICAPRIO mug - Celebrity Mug,Leonardo Dicaprio,no,gid://shopify/Product/1046889234468
the-future-mrs-mug-326,BLACK MUG - The Future Mrs LEWIS BLOOR TOWIE mug - Celebrity Mug,Lewis Bloor Towie,no,gid://shopify/Product/1046889300004
the-future-mrs-mug-327,BLACK MUG - The Future Mrs LIAM BLACKWELL TOWIE mug - Celebrity Mug,Liam Blackwell Towie,no,gid://shopify/Product/1046889332772
the-future-mrs-mug-328,BLACK MUG - The Future Mrs LIAM HEMSWORTH mug - Celebrity Mug,Liam Hemsworth,no,gid://shopify/Product/1046889365540
the-future-mrs-mug-329,BLACK MUG - The Future Mrs LIAM NEESON mug - Celebrity Mug,Liam Neeson,no,gid://shopify/Product/1046889398308
the-future-mrs-mug-330,BLACK MUG - The Future Mrs LIAM PAYNE mug - Celebrity Mug,Liam Payne,no,gid://shopify/Product/1046889431076
the-future-mrs-mug-331,BLACK MUG - The Future Mrs LUKE EVANS mug - Celebrity Mug,Luke Evans,no,gid://shopify/Product/1046889463844
the-future-mrs-mug-332,BLACK MUG - The Future Mrs MARIO FALCONE TOWIE mug - Celebrity Mug,Mario Falcone Towie,no,gid://shopify/Product/1046889496612
the-future-mrs-mug-333,BLACK MUG - The Future Mrs MARK WAHLBERG mug - Celebrity Mug,Mark Wahlberg,no,gid://shopify/Product/1046889529380
the-future-mrs-mug-334,BLACK MUG - The Future Mrs MARK WHALBERG mug - Celebrity Mug,Mark Whalberg,no,gid://shopify/Product/1046889562148
the-future-mrs-mug-335,BLACK MUG - The Future Mrs MARK WRIGHT TOWIE mug - Celebrity Mug,Mark Wright Towie,no,gid://shopify/Product/1046889594916
the-future-mrs-mug-336,BLACK MUG - The Future Mrs MARK-FRANCIS VANDELLI mug - Celebrity Mug,Mark-francis Vandelli,no,gid://shopify/Product/1046889627684
the-future-mrs-mug-337,BLACK MUG - The Future Mrs MARTY MCKENNA mug - Celebrity Mug,Marty McKenna,no,gid://shopify/Product/1046889693220
the-future-mrs-mug-338,BLACK MUG - The Future Mrs MATT DAMON mug - Celebrity Mug,Matt Damon,no,gid://shopify/Product/1046889791524
the-future-mrs-mug-339,BLACK MUG - The Future Mrs MATT LE BLANK mug - Celebrity Mug,Matt Le Blank,no,gid://shopify/Product/1046889889828
the-future-mrs-mug-340,BLACK MUG - The Future Mrs MATT SMITH mug - Celebrity Mug,Matt Smith,no,gid://shopify/Product/1046889988132
the-future-mrs-mug-341,BLACK MUG - The Future Mrs MAX WHITLOCK mug - Celebrity Mug,Max Whitlock,no,gid://shopify/Product/1046890020900
the-future-mrs-mug-342,BLACK MUG - The Future Mrs MEL GIBSON mug - Celebrity Mug,Mel Gibson,no,gid://shopify/Product/1046890053668
the-future-mrs-mug-343,BLACK MUG - The Future Mrs MICHAEL BUBLE mug - Celebrity Mug,Michael Buble,no,gid://shopify/Product/1046890086436
the-future-mrs-mug-344,BLACK MUG - The Future Mrs MICHAEL CAINE mug - Celebrity Mug,Michael Caine,no,gid://shopify/Product/1046890119204
the-future-mrs-mug-345,BLACK MUG - The Future Mrs MICHAEL FASSBENDER mug - Celebrity Mug,Michael Fassbender,no,gid://shopify/Product/1046890151972
the-future-mrs-mug-346,BLACK MUG - The Future Mrs MIKE COLTER mug - Celebrity Mug,Mike Colter,no,gid://shopify/Product/1046890217508
the-future-mrs-mug-347,BLACK MUG - The Future Mrs MIKE HASSINI TOWIE mug - Celebrity Mug,Mike Hassini Towie,no,gid://shopify/Product/1046890315812
the-future-mrs-mug-348,BLACK MUG - The Future Mrs MILES TELLER mug - Celebrity Mug,Miles Teller,no,gid://shopify/Product/1046890446884
the-future-mrs-mug-349,BLACK MUG - The Future Mrs NATHAN HENRY mug - Celebrity Mug,Nathan Henry,no,gid://shopify/Product/1046890577956
the-future-mrs-mug-350,BLACK MUG - The Future Mrs NIALL HORAN mug - Celebrity Mug,Niall Horan,no,gid://shopify/Product/1046890741796
the-future-mrs-mug-351,BLACK MUG - The Future Mrs NICHOULOUS HOULT mug - Celebrity Mug,Nichoulous Hoult,no,gid://shopify/Product/1046891003940
the-future-mrs-mug-352,BLACK MUG - The Future Mrs OLIVER PROUDLOCK mug - Celebrity Mug,Oliver Proudlock,no,gid://shopify/Product/1046891102244
the-future-mrs-mug-353,BLACK MUG - The Future Mrs ORLANDO BLOOM mug - Celebrity Mug,Orlando Bloom,no,gid://shopify/Product/1046891135012
the-future-mrs-mug-354,BLACK MUG - The Future Mrs OSCAR ISAAC mug - Celebrity Mug,Oscar Isaac,no,gid://shopify/Product/1046891167780
the-future-mrs-mug-355,BLACK MUG - The Future Mrs PETE WICKS TOWIE mug - Celebrity Mug,Pete Wicks Towie,no,gid://shopify/Product/1046891200548
the-future-mrs-mug-356,BLACK MUG - The Future Mrs PHILIP SCHOFIELD mug - Celebrity Mug,Philip Schofield,no,gid://shopify/Product/1046891233316
the-future-mrs-mug-357,BLACK MUG - The Future Mrs PRINCE HARRY mug - Celebrity Mug,Prince Harry,no,gid://shopify/Product/1046891266084
the-future-mrs-mug-358,BLACK MUG - The Future Mrs RAG N BONE MAN mug - Celebrity Mug,Rag N Bone Man,no,gid://shopify/Product/1046891298852
the-future-mrs-mug-359,BLACK MUG - The Future Mrs RAMI MALEK mug - Celebrity Mug,Rami Malek,no,gid://shopify/Product/1046891331620
the-future-mrs-mug-360,BLACK MUG - The Future Mrs RICCI GUARNACCIO mug - Celebrity Mug,Ricci Guarnaccio,no,gid://shopify/Product/1046891364388
the-future-mrs-mug-361,BLACK MUG - The Future Mrs RICHARD ARMITAGE mug - Celebrity Mug,Richard Armitage,no,gid://shopify/Product/1046891397156
the-future-mrs-mug-362,BLACK MUG - The Future Mrs RICHARD MADDEN mug - Celebrity Mug,Richard Madden,no,gid://shopify/Product/1046891429924
the-future-mrs-mug-363,BLACK MUG - The Future Mrs ROB LOWE mug - Celebrity Mug,Rob Lowe,no,gid://shopify/Product/1046891462692
the-future-mrs-mug-364,BLACK MUG - The Future Mrs ROBERT DE NIRO mug - Celebrity Mug,Robert De Niro,no,gid://shopify/Product/1046891495460
the-future-mrs-mug-365,BLACK MUG - The Future Mrs ROBERT DOWNY JR mug - Celebrity Mug,Robert Downy Jr,no,gid://shopify/Product/1046891528228
the-future-mrs-mug-366,BLACK MUG - The Future Mrs ROBERT PATTINSON mug - Celebrity Mug,Robert Pattinson,no,gid://shopify/Product/1046891560996
the-future-mrs-mug-367,BLACK MUG - The Future Mrs RUFUS SEWELL mug - Celebrity Mug,Rufus Sewell,no,gid://shopify/Product/1046891593764
the-future-mrs-mug-368,BLACK MUG - The Future Mrs RUSSEL CROWE mug - Celebrity Mug,Russel Crowe,no,gid://shopify/Product/1046891626532
the-future-mrs-mug-369,BLACK MUG - The Future Mrs RYAN GOSLING mug - Celebrity Mug,Ryan Gosling,no,gid://shopify/Product/1046891659300
the-future-mrs-mug-370,BLACK MUG - The Future Mrs RYAN KWANTEN mug - Celebrity Mug,Ryan Kwanten,no,gid://shopify/Product/1046891692068
the-future-mrs-mug-371,BLACK MUG - The Future Mrs RYAN LIBBEY mug - Celebrity Mug,Ryan Libbey,no,gid://shopify/Product/1046891724836
the-future-mrs-mug-372,BLACK MUG - The Future Mrs RYAN LOCHTE mug - Celebrity Mug,Ryan Lochte,no,gid://shopify/Product/1046891757604
the-future-mrs-mug-373,BLACK MUG - The Future Mrs RYAN REYNOLDS mug - Celebrity Mug,Ryan Reynolds,no,gid://shopify/Product/1046891790372
the-future-mrs-mug-374,BLACK MUG - The Future Mrs SAM BENTHAM mug - Celebrity Mug,Sam Bentham,no,gid://shopify/Product/1046891855908
the-future-mrs-mug-375,BLACK MUG - The Future Mrs SAM GOWLAND mug - Celebrity Mug,Sam Gowland,no,gid://shopify/Product/1046891921444
the-future-mrs-mug-376,BLACK MUG - The Future Mrs SAM HEUGHAN mug - Celebrity Mug,Sam Heughan,no,gid://shopify/Product/1046892019748
the-future-mrs-mug-377,BLACK MUG - The Future Mrs SAM PRINCE mug - Celebrity Mug,Sam Prince,no,gid://shopify/Product/1046892118052
the-future-mrs-mug-378,BLACK MUG - The Future Mrs SAM SMITH mug - Celebrity Mug,Sam Smith,no,gid://shopify/Product/1046892183588
the-future-mrs-mug-379,BLACK MUG - The Future Mrs SAM THOMPSON mug - Celebrity Mug,Sam Thompson,no,gid://shopify/Product/1046892216356
the-future-mrs-mug-380,BLACK MUG - The Future Mrs SCOTT EASTWOOD mug - Celebrity Mug,Scott Eastwood,no,gid://shopify/Product/1046892249124
the-future-mrs-mug-381,BLACK MUG - The Future Mrs SCOTT TIMLIN mug - Celebrity Mug,Scott Timlin,no,gid://shopify/Product/1046892314660
the-future-mrs-mug-382,BLACK MUG - The Future Mrs SEBASTIAN STAN mug - Celebrity Mug,Sebastian Stan,no,gid://shopify/Product/1046892347428
the-future-mrs-mug-383,BLACK MUG - The Future Mrs SERGIO PIZZORNO mug - Celebrity Mug,Sergio Pizzorno,no,gid://shopify/Product/1046892380196
the-future-mrs-mug-384,BLACK MUG - The Future Mrs SHAKIN STEVENS mug - Celebrity Mug,Shakin Stevens,no,gid://shopify/Product/1046892445732
the-future-mrs-mug-385,BLACK MUG - The Future Mrs SHAWN MENDES mug - Celebrity Mug,Shawn Mendes,no,gid://shopify/Product/1046892478500
the-future-mrs-mug-386,BLACK MUG - The Future Mrs STANLEY JOHNSON mug - Celebrity Mug,Stanley Johnson,no,gid://shopify/Product/1046892511268
the-future-mrs-mug-387,BLACK MUG - The Future Mrs STEPHEN AMELL mug - Celebrity Mug,Stephen Amell,no,gid://shopify/Product/1046892544036
the-future-mrs-mug-388,BLACK MUG - The Future Mrs TARON EGERTON mug - Celebrity Mug,Taron Egerton,no,gid://shopify/Product/1046892576804
the-future-mrs-mug-389,BLACK MUG - The Future Mrs THE WEEKND mug - Celebrity Mug,The Weeknd,no,gid://shopify/Product/1046892609572
the-future-mrs-mug-390,BLACK MUG - The Future Mrs THEO JAMES mug - Celebrity Mug,Theo James,no,gid://shopify/Product/1046892675108
the-future-mrs-mug-391,BLACK MUG - The Future Mrs THOMAS SHELBY mug - Celebrity Mug,Thomas Shelby,no,gid://shopify/Product/1046892806180
the-future-mrs-mug-392,BLACK MUG - The Future Mrs TOBIAS MENZIES mug - Celebrity Mug,Tobias Menzies,no,gid://shopify/Product/1046892970020
the-future-mrs-mug-393,BLACK MUG - The Future Mrs TOM CRUISE mug - Celebrity Mug,Tom Cruise,no,gid://shopify/Product/1046893068324
the-future-mrs-mug-394,BLACK MUG - The Future Mrs TOM DALEY mug - Celebrity Mug,Tom Daley,no,gid://shopify/Product/1046893199396
the-future-mrs-mug-395,BLACK MUG - The Future Mrs TOM HANKS mug - Celebrity Mug,Tom Hanks,no,gid://shopify/Product/1046893297700
the-future-mrs-mug-396,BLACK MUG - The Future Mrs TOM HARDY mug - Celebrity Mug,Tom Hardy,no,gid://shopify/Product/1046893428772
the-future-mrs-mug-397,BLACK MUG - The Future Mrs TOM HIDDLESTONE mug - Celebrity Mug,Tom Hiddlestone,no,gid://shopify/Product/1046893559844
the-future-mrs-mug-398,BLACK MUG - The Future Mrs TOM HUGHES mug - Celebrity Mug,Tom Hughes,no,gid://shopify/Product/1046893592612
the-future-mrs-mug-399,BLACK MUG - The Future Mrs TOMMY MALLET TOWIE mug - Celebrity Mug,Tommy Mallet Towie,no,gid://shopify/Product/1046893625380
the-future-mrs-mug-400,BLACK MUG - The Future Mrs TONY STARK mug - Celebrity Mug,Tony Stark,no,gid://shopify/Product/1046893658148
the-future-mrs-mug-401,BLACK MUG - The Future Mrs TRAVIS FIMMEL mug - Celebrity Mug,Travis Fimmel,no,gid://shopify/Product/1046893690916
the-future-mrs-mug-402,BLACK MUG - The Future Mrs TYLER BLACKBURN mug - Celebrity Mug,Tyler Blackburn,no,gid://shopify/Product/1046893723684
the-future-mrs-mug-403,BLACK MUG - The Future Mrs VIGGO MORTENSEN mug - Celebrity Mug,Viggo Mortensen,no,gid://shopify/Product/1046893756452
the-future-mrs-mug-404,BLACK MUG - The Future Mrs WENTWORTH MILLER mug - Celebrity Mug,Wentworth Miller,no,gid://shopify/Product/1046893789220
the-future-mrs-mug-405,BLACK MUG - The Future Mrs WILL SMITH mug - Celebrity Mug,Will Smith,no,gid://shopify/Product/1046893821988
the-future-mrs-mug-406,BLACK MUG - The Future Mrs ZAC EFRON mug - Celebrity Mug,Zac Efron,no,gid://shopify/Product/1046893854756
the-future-mrs-mug-407,BLACK MUG - The Future Mrs ZAYNE MALIK mug - Celebrity Mug,Zayne Malik,no,gid://shopify/Product/1046893887524
this-guy-loves-408,BLACK MUG - The Future Mr. Ashley Alexiss Mug - Celebrity Mug,Ashley Alexiss,no,gid://shopify/Product/1046893920292
this-guy-loves-409,BLACK MUG - This Guy Loves ABBIE HOLBORN Mug - Celebrity Mug,Abbie Holborn,no,gid://shopify/Product/1046893953060
this-guy-loves-410,BLACK MUG - This Guy Loves Amy Childs Mug - Celebrity Mug,Amy Childs,no,gid://shopify/Product/1046893985828
this-guy-loves-411,BLACK MUG - This Guy Loves BECKY VARDY Mug - Celebrity Mug,Becky Vardy,no,gid://shopify/Product/1046894018596
this-guy-loves-412,BLACK MUG - This Guy Loves Billie Faiers Mug - Celebrity Mug,Billie Faiers,no,gid://shopify/Product/1046894051364
this-guy-loves-413,BLACK MUG - This Guy Loves CHANTELLE CONNELLY Mug - Celebrity Mug,Chantelle Connelly,no,gid://shopify/Product/1046894084132
this-guy-loves-414,BLACK MUG - This Guy Loves CHARLOTTE CROSBY Mug - Celebrity Mug,Charlotte Crosby,no,gid://shopify/Product/1046894182436
this-guy-loves-415,BLACK MUG - This Guy Loves CHLOE FERRY Mug - Celebrity Mug,Chloe Ferry,no,gid://shopify/Product/1046894313508
this-guy-loves-416,BLACK MUG - This Guy Loves Chloe Lewis Mug - Celebrity Mug,Chloe Lewis,no,gid://shopify/Product/1046894444580
this-guy-loves-417,BLACK MUG - This Guy Loves Chloe Sims Mug - Celebrity Mug,Chloe Sims,no,gid://shopify/Product/1046894477348
this-guy-loves-418,BLACK MUG - This Guy Loves CLEMENTINE CUTHBERTSON Mug - Celebrity Mug,Clementine Cuthbertson,no,gid://shopify/Product/1046894510116
this-guy-loves-419,BLACK MUG - This Guy Loves DAISY ROBINS Mug - Celebrity Mug,Daisy Robins,no,gid://shopify/Product/1046894542884
this-guy-loves-420,BLACK MUG - This Guy Loves Danielle Armstrong Mug - Celebrity Mug,Danielle Armstrong,no,gid://shopify/Product/1046894575652
this-guy-loves-421,BLACK MUG - This Guy Loves ELLA WILLIS Mug - Celebrity Mug,Ella Willis,no,gid://shopify/Product/1046894608420
this-guy-loves-422,BLACK MUG - This Guy Loves Ferne McCann Mug - Celebrity Mug,Ferne McCann,no,gid://shopify/Product/1046894641188
this-guy-loves-423,BLACK MUG - This Guy Loves Frankie Essex Mug - Celebrity Mug,Frankie Essex,no,gid://shopify/Product/1046894673956
this-guy-loves-424,BLACK MUG - This Guy Loves FRANKIE GAFF Mug - Celebrity Mug,Frankie Gaff,no,gid://shopify/Product/1046894706724
this-guy-loves-425,BLACK MUG - This Guy Loves Gemma Collins Mug - Celebrity Mug,Gemma Collins,no,gid://shopify/Product/1046894739492
this-guy-loves-426,BLACK MUG - This Guy Loves Georgia Kousoulou Mug - Celebrity Mug,Georgia Kousoulou,no,gid://shopify/Product/1046894772260
this-guy-loves-427,BLACK MUG - This Guy Loves GEORGIA TOFFOLO Mug - Celebrity Mug,Georgia Toffolo,no,gid://shopify/Product/1046894805028
this-guy-loves-428,BLACK MUG - This Guy Loves HOLLY HAGAN Mug - Celebrity Mug,Holly Hagan,no,gid://shopify/Product/1046894837796
this-guy-loves-429,BLACK MUG - This Guy Loves Jasmin Walia Mug - Celebrity Mug,Jasmin Walia,no,gid://shopify/Product/1046894870564
this-guy-loves-430,BLACK MUG - This Guy Loves JENNIE MCALPINE Mug - Celebrity Mug,Jennie McAlpine,no,gid://shopify/Product/1046894936100
this-guy-loves-431,BLACK MUG - This Guy Loves Jess Wright Mug - Celebrity Mug,Jess Wright,no,gid://shopify/Product/1046895034404
this-guy-loves-432,BLACK MUG - This Guy Loves Joan Collins Mug - Celebrity Mug,Joan Collins,no,gid://shopify/Product/1046895198244
this-guy-loves-433,BLACK MUG - This Guy Loves KEZIA DUGDALE Mug - Celebrity Mug,Kezia Dugdale,no,gid://shopify/Product/1046895296548
this-guy-loves-434,BLACK MUG - This Guy Loves Lauren Goodger Mug - Celebrity Mug,Lauren Goodger,no,gid://shopify/Product/1046895427620
this-guy-loves-435,BLACK MUG - This Guy Loves LOUISE THOMPSON Mug - Celebrity Mug,Louise Thompson,no,gid://shopify/Product/1046895624228
this-guy-loves-436,BLACK MUG - This Guy Loves Lydia Bright Mug - Celebrity Mug,Lydia Bright,no,gid://shopify/Product/1046895820836
this-guy-loves-437,BLACK MUG - This Guy Loves MARNIE SIMPSON Mug - Celebrity Mug,Marnie Simpson,no,gid://shopify/Product/1046895984676
this-guy-loves-438,BLACK MUG - This Guy Loves Milly McKenna Mug - Celebrity Mug,Milly McKenna,no,gid://shopify/Product/1046896017444
this-guy-loves-439,BLACK MUG - This Guy Loves MIMI BOUCHARD Mug - Celebrity Mug,Mimi Bouchard,no,gid://shopify/Product/1046896050212
this-guy-loves-440,BLACK MUG - This Guy Loves Nicole Bass Mug - Celebrity Mug,Nicole Bass,no,gid://shopify/Product/1046896082980
this-guy-loves-441,BLACK MUG - This Guy Loves OLIVIA BENTLEY Mug - Celebrity Mug,Olivia Bentley,no,gid://shopify/Product/1046896115748
this-guy-loves-442,BLACK MUG - This Guy Loves REBECCA WALKER Mug - Celebrity Mug,Rebecca Walker,no,gid://shopify/Product/1046896148516
this-guy-loves-443,BLACK MUG - This Guy Loves SHAPPI KHORSANDI Mug - Celebrity Mug,Shappi Khorsandi,no,gid://shopify/Product/1046896214052
this-guy-loves-444,BLACK MUG - This Guy Loves SOPHIE HABBOO Mug - Celebrity Mug,Sophie Habboo,no,gid://shopify/Product/1046896246820
this-guy-loves-445,BLACK MUG - This Guy Loves SOPHIE HERMANN Mug - Celebrity Mug,Sophie Hermann,no,gid://shopify/Product/1046896279588
this-guy-loves-446,BLACK MUG - This Guy Loves STEPHANIE SNOWDON Mug - Celebrity Mug,Stephanie Snowdon,no,gid://shopify/Product/1046896345124
this-guy-loves-447,BLACK MUG - This Guy Loves Tanya McKenna Mug - Celebrity Mug,Tanya McKenna,no,gid://shopify/Product/1046896410660
this-guy-loves-448,BLACK MUG - This Guy Loves TIFF WATSON Mug - Celebrity Mug,Tiff Watson,no,gid://shopify/Product/1046896476196
this-guy-loves-449,BLACK MUG - This Guy Loves VANESSA WHITE Mug - Celebrity Mug,Vanessa White,no,gid://shopify/Product/1046896541732
this-guy-loves-450,BLACK MUG - This Guy Loves Vas J Morgan Mug - Celebrity Mug,Vas J Morgan,no,gid://shopify/Product/1046896640036
this-guy-loves-451,BLACK MUG - This Guy Loves VICKY PATTISON Mug - Celebrity Mug,Vicky Pattison,no,gid://shopify/Product/1046896705572
this-guy-loves-452,BLACK MUG - This Guy Loves VICTORIA BAKER-HARBER Mug - Celebrity Mug,Victoria Baker-harber,no,gid://shopify/Product/1046896738340
this-guy-loves-453,RED MUG - The Future Mr. Abigail Ratchford Mug - Celebrity Mug,Abigail Ratchford,no,gid://shopify/Product/1046896771108
this-guy-loves-454,RED MUG - The Future Mr. Abigail Spencer Mug - Celebrity Mug,Abigail Spencer,no,gid://shopify/Product/1046896803876
this-guy-loves-455,RED MUG - The Future Mr. Adriana Lima Mug - Celebrity Mug,Adriana Lima,no,gid://shopify/Product/1046896869412
this-guy-loves-456,RED MUG - The Future Mr. Alessia Cara Mug - Celebrity Mug,Alessia Cara,no,gid://shopify/Product/1046896902180
this-guy-loves-457,RED MUG - The Future Mr. Alexandra Daddario Mug - Celebrity Mug,Alexandra Daddario,no,gid://shopify/Product/1046896934948
this-guy-loves-458,RED MUG - The Future Mr. Alexis Ren Mug - Celebrity Mug,Alexis Ren,no,gid://shopify/Product/1046896967716
this-guy-loves-459,RED MUG - The Future Mr. Alicia Keys Mug - Celebrity Mug,Alicia Keys,no,gid://shopify/Product/1046897033252
this-guy-loves-460,RED MUG - The Future Mr. Alicia Vikander Mug - Celebrity Mug,Alicia Vikander,no,gid://shopify/Product/1046897066020
this-guy-loves-461,RED MUG - The Future Mr. Allison Wiliiams Mug - Celebrity Mug,Allison Wiliiams,no,gid://shopify/Product/1046897098788
this-guy-loves-462,RED MUG - The Future Mr. Amanda Elise Lee Mug - Celebrity Mug,Amanda Elise Lee,no,gid://shopify/Product/1046897131556
this-guy-loves-463,RED MUG - The Future Mr. Amber Heard Mug - Celebrity Mug,Amber Heard,no,gid://shopify/Product/1046897164324
this-guy-loves-464,RED MUG - The Future Mr. Amy Adams Mug - Celebrity Mug,Amy Adams,no,gid://shopify/Product/1046897197092
this-guy-loves-465,RED MUG - The Future Mr. Ana Cheri Mug - Celebrity Mug,Ana Cheri,no,gid://shopify/Product/1046897229860
this-guy-loves-466,RED MUG - The Future Mr. Andrea Londo Mug - Celebrity Mug,Andrea Londo,no,gid://shopify/Product/1046897262628
this-guy-loves-467,RED MUG - The Future Mr. Angelina Jolie Mug - Celebrity Mug,Angelina Jolie,no,gid://shopify/Product/1046897295396
this-guy-loves-468,RED MUG - The Future Mr. Anna Kendrick Mug - Celebrity Mug,Anna Kendrick,no,gid://shopify/Product/1046897426468
this-guy-loves-469,RED MUG - The Future Mr. AnnaLynne McCord Mug - Celebrity Mug,AnnaLynne McCord,no,gid://shopify/Product/1046897590308
this-guy-loves-470,RED MUG - The Future Mr. Anne Hathaway Mug - Celebrity Mug,Anne Hathaway,no,gid://shopify/Product/1046897754148
this-guy-loves-471,RED MUG - The Future Mr. Ariana Grande Mug - Celebrity Mug,Ariana Grande,no,gid://shopify/Product/1046897950756
this-guy-loves-472,RED MUG - The Future Mr. Arianny Celeste Mug - Celebrity Mug,Arianny Celeste,no,gid://shopify/Product/1046898081828
this-guy-loves-473,RED MUG - The Future Mr. Ariel Winter Mug - Celebrity Mug,Ariel Winter,no,gid://shopify/Product/1046898212900
this-guy-loves-474,RED MUG - The Future Mr. Ashley Alexiss Mug - Celebrity Mug,Ashley Alexiss,no,gid://shopify/Product/1046898245668
this-guy-loves-475,RED MUG - The Future Mr. Ashley Benson Mug - Celebrity Mug,Ashley Benson,no,gid://shopify/Product/1046898278436
this-guy-loves-476,RED MUG - The Future Mr. Ashley Graham Mug - Celebrity Mug,Ashley Graham,no,gid://shopify/Product/1046898311204
this-guy-loves-477,RED MUG - The Future Mr. Ashley Tisdale Mug - Celebrity Mug,Ashley Tisdale,no,gid://shopify/Product/1046898343972
this-guy-loves-478,RED MUG - The Future Mr. Avril Lavigne Mug - Celebrity Mug,Avril Lavigne,no,gid://shopify/Product/1046898376740
this-guy-loves-479,RED MUG - The Future Mr. Bebe Rexha Mug - Celebrity Mug,Bebe Rexha,no,gid://shopify/Product/1046898409508
this-guy-loves-480,RED MUG - The Future Mr. Bella Hadid Mug - Celebrity Mug,Bella Hadid,no,gid://shopify/Product/1046898442276
this-guy-loves-482,RED MUG - The Future Mr. Beyonce Knowles Mug - Celebrity Mug,Beyonce Knowles,no,gid://shopify/Product/1046898573348
this-guy-loves-483,RED MUG - The Future Mr. Blake Lively Mug - Celebrity Mug,Blake Lively,no,gid://shopify/Product/1046898671652
this-guy-loves-484,RED MUG - The Future Mr. Brie Larson Mug - Celebrity Mug,Brie Larson,no,gid://shopify/Product/1046898737188
this-guy-loves-485,RED MUG - The Future Mr. Britney Spears Mug - Celebrity Mug,Britney Spears,no,gid://shopify/Product/1046898835492
this-guy-loves-486,RED MUG - The Future Mr. Brooklyn Decker Mug - Celebrity Mug,Brooklyn Decker,no,gid://shopify/Product/1046898868260
this-guy-loves-487,RED MUG - The Future Mr. Bruna Lima Mug - Celebrity Mug,Bruna Lima,no,gid://shopify/Product/1046898901028
this-guy-loves-488,RED MUG - The Future Mr. Camila Cabello Mug - Celebrity Mug,Camila Cabello,no,gid://shopify/Product/1046898933796
this-guy-loves-489,RED MUG - The Future Mr. Cara Delevingne Mug - Celebrity Mug,Cara Delevingne,no,gid://shopify/Product/1046898966564
this-guy-loves-490,RED MUG - The Future Mr. CAROL VORDERMAN Mug - Celebrity Mug,Carol Vorderman,no,gid://shopify/Product/1046898999332
this-guy-loves-491,RED MUG - The Future Mr. Caroline Wozniacki Mug - Celebrity Mug,Caroline Wozniacki,no,gid://shopify/Product/1046899032100
this-guy-loves-492,RED MUG - The Future Mr. Carrie Underwood Mug - Celebrity Mug,Carrie Underwood,no,gid://shopify/Product/1046899064868
this-guy-loves-493,RED MUG - The Future Mr. Cate Blanchett Mug - Celebrity Mug,Cate Blanchett,no,gid://shopify/Product/1046899097636
this-guy-loves-494,RED MUG - The Future Mr. Charlize Theron Mug - Celebrity Mug,Charlize Theron,no,gid://shopify/Product/1046899130404
this-guy-loves-495,RED MUG - The Future Mr. Charlotte McKinney Mug - Celebrity Mug,Charlotte McKinney,no,gid://shopify/Product/1046899195940
this-guy-loves-496,RED MUG - The Future Mr. Cheryl Cole Mug - Celebrity Mug,Cheryl Cole,no,gid://shopify/Product/1046899228708
this-guy-loves-497,RED MUG - The Future Mr. Chloe Grace Moretz Mug - Celebrity Mug,Chloe Grace Moretz,no,gid://shopify/Product/1046899261476
this-guy-loves-498,RED MUG - The Future Mr. Chrissy Teigen Mug - Celebrity Mug,Chrissy Teigen,no,gid://shopify/Product/1046899294244
this-guy-loves-499,RED MUG - The Future Mr. Christina Aguilera Mug - Celebrity Mug,Christina Aguilera,no,gid://shopify/Product/1046899327012
this-guy-loves-500,RED MUG - The Future Mr. Christina Milian Mug - Celebrity Mug,Christina Milian,no,gid://shopify/Product/1046899359780
this-guy-loves-501,RED MUG - The Future Mr. Corinne Olympios Mug - Celebrity Mug,Corinne Olympios,no,gid://shopify/Product/1046899425316
this-guy-loves-502,RED MUG - The Future Mr. Daisy Ridley Mug - Celebrity Mug,Daisy Ridley,no,gid://shopify/Product/1046899458084
this-guy-loves-503,RED MUG - The Future Mr. Demi Lovato Mug - Celebrity Mug,Demi Lovato,no,gid://shopify/Product/1046899490852
this-guy-loves-504,RED MUG - The Future Mr. Demi Rose Mawby Mug - Celebrity Mug,Demi Rose Mawby,no,gid://shopify/Product/1046899523620
this-guy-loves-505,RED MUG - The Future Mr. Dua Lipa Mug - Celebrity Mug,Dua Lipa,no,gid://shopify/Product/1046899556388
this-guy-loves-506,RED MUG - The Future Mr. Elizabeth Banks Mug - Celebrity Mug,Elizabeth Banks,no,gid://shopify/Product/1046899589156
this-guy-loves-507,RED MUG - The Future Mr. Elizabeth Hurley Mug - Celebrity Mug,Elizabeth Hurley,no,gid://shopify/Product/1046899654692
this-guy-loves-508,RED MUG - The Future Mr. Ellie Goulding Mug - Celebrity Mug,Ellie Goulding,no,gid://shopify/Product/1046899720228
this-guy-loves-509,RED MUG - The Future Mr. Ellie-Jean Coffey Mug - Celebrity Mug,Ellie-Jean Coffey,no,gid://shopify/Product/1046899884068
this-guy-loves-510,RED MUG - The Future Mr. Emilia Clarke Mug - Celebrity Mug,Emilia Clarke,no,gid://shopify/Product/1046900015140
this-guy-loves-511,RED MUG - The Future Mr. Emily Blunt Mug - Celebrity Mug,Emily Blunt,no,gid://shopify/Product/1046900146212
this-guy-loves-512,RED MUG - The Future Mr. Emily Ratajkowski Mug - Celebrity Mug,Emily Ratajkowski,no,gid://shopify/Product/1046900244516
this-guy-loves-513,RED MUG - The Future Mr. Emily Sears Mug - Celebrity Mug,Emily Sears,no,gid://shopify/Product/1046900375588
this-guy-loves-514,RED MUG - The Future Mr. Emma Roberts Mug - Celebrity Mug,Emma Roberts,no,gid://shopify/Product/1046900506660
this-guy-loves-515,RED MUG - The Future Mr. Emma Stone Mug - Celebrity Mug,Emma Stone,no,gid://shopify/Product/1046900572196
this-guy-loves-516,RED MUG - The Future Mr. Emma Watson Mug - Celebrity Mug,Emma Watson,no,gid://shopify/Product/1046900604964
this-guy-loves-517,RED MUG - The Future Mr. Eva Longoria Mug - Celebrity Mug,Eva Longoria,no,gid://shopify/Product/1046900637732
this-guy-loves-518,RED MUG - The Future Mr. Gabrielle Union Mug - Celebrity Mug,Gabrielle Union,no,gid://shopify/Product/1046900670500
this-guy-loves-519,RED MUG - The Future Mr. Gal Gadot Mug - Celebrity Mug,Gal Gadot,no,gid://shopify/Product/1046900768804
this-guy-loves-520,RED MUG - The Future Mr. Gigi Hadid Mug - Celebrity Mug,Gigi Hadid,no,gid://shopify/Product/1046900867108
this-guy-loves-521,RED MUG - The Future Mr. Gisele Bundchen Mug - Celebrity Mug,Gisele Bundchen,no,gid://shopify/Product/1046900998180
this-guy-loves-522,RED MUG - The Future Mr. Gwen Stefani Mug - Celebrity Mug,Gwen Stefani,no,gid://shopify/Product/1046901063716
this-guy-loves-523,RED MUG - The Future Mr. Gwyneth Paltrow Mug - Celebrity Mug,Gwyneth Paltrow,no,gid://shopify/Product/1046901096484
this-guy-loves-524,RED MUG - The Future Mr. Hailee Steinfeld Mug - Celebrity Mug,Hailee Steinfeld,no,gid://shopify/Product/1046901129252
this-guy-loves-525,RED MUG - The Future Mr. Halle Berry Mug - Celebrity Mug,Halle Berry,no,gid://shopify/Product/1046901162020
this-guy-loves-526,RED MUG - The Future Mr. Halston Sage Mug - Celebrity Mug,Halston Sage,no,gid://shopify/Product/1046901227556
this-guy-loves-527,RED MUG - The Future Mr. Hayley Williams Mug - Celebrity Mug,Hayley Williams,no,gid://shopify/Product/1046901293092
this-guy-loves-528,RED MUG - The Future Mr. Hilary Duff Mug - Celebrity Mug,Hilary Duff,no,gid://shopify/Product/1046901325860
this-guy-loves-529,RED MUG - The Future Mr. Hunter McGrady Mug - Celebrity Mug,Hunter McGrady,no,gid://shopify/Product/1046901391396
this-guy-loves-530,RED MUG - The Future Mr. Iggy Azalea Mug - Celebrity Mug,Iggy Azalea,no,gid://shopify/Product/1046901424164
this-guy-loves-531,RED MUG - The Future Mr. Irina Shayk Mug - Celebrity Mug,Irina Shayk,no,gid://shopify/Product/1046901456932
this-guy-loves-532,RED MUG - The Future Mr. Iskra Lawrence Mug - Celebrity Mug,Iskra Lawrence,no,gid://shopify/Product/1046901489700
this-guy-loves-533,RED MUG - The Future Mr. Isla Fisher Mug - Celebrity Mug,Isla Fisher,no,gid://shopify/Product/1046901522468
this-guy-loves-534,RED MUG - The Future Mr. Jade Thirwall Mug - Celebrity Mug,Jade Thirwall,no,gid://shopify/Product/1046901555236
this-guy-loves-535,RED MUG - The Future Mr. Jaimie Alexander Mug - Celebrity Mug,Jaimie Alexander,no,gid://shopify/Product/1046901588004
this-guy-loves-536,RED MUG - The Future Mr. Jen Selter Mug - Celebrity Mug,Jen Selter,no,gid://shopify/Product/1046901620772
this-guy-loves-537,RED MUG - The Future Mr. Jenna Dewan Tatum Mug - Celebrity Mug,Jenna Dewan Tatum,no,gid://shopify/Product/1046901653540
this-guy-loves-538,RED MUG - The Future Mr. Jennifer Aniston Mug - Celebrity Mug,Jennifer Aniston,no,gid://shopify/Product/1046901686308
this-guy-loves-539,RED MUG - The Future Mr. Jennifer Lawrence Mug - Celebrity Mug,Jennifer Lawrence,no,gid://shopify/Product/1046901719076
this-guy-loves-540,RED MUG - The Future Mr. Jennifer Lopez Mug - Celebrity Mug,Jennifer Lopez,no,gid://shopify/Product/1046901751844
this-guy-loves-541,RED MUG - The Future Mr. Jessica Alba Mug - Celebrity Mug,Jessica Alba,no,gid://shopify/Product/1046901784612
this-guy-loves-542,RED MUG - The Future Mr. Jessica Biel Mug - Celebrity Mug,Jessica Biel,no,gid://shopify/Product/1046901817380
this-guy-loves-543,RED MUG - The Future Mr. Jesy Nelson Mug - Celebrity Mug,Jesy Nelson,no,gid://shopify/Product/1046901981220
this-guy-loves-544,RED MUG - The Future Mr. Jordin Sparks Mug - Celebrity Mug,Jordin Sparks,no,gid://shopify/Product/1046902112292
this-guy-loves-545,RED MUG - The Future Mr. Julia Michaels Mug - Celebrity Mug,Julia Michaels,no,gid://shopify/Product/1046902210596
this-guy-loves-546,RED MUG - The Future Mr. Julia Roberts Mug - Celebrity Mug,Julia Roberts,no,gid://shopify/Product/1046902374436
this-guy-loves-547,RED MUG - The Future Mr. Kaley Cuoco Mug - Celebrity Mug,Kaley Cuoco,no,gid://shopify/Product/1046902538276
this-guy-loves-548,RED MUG - The Future Mr. Kate Beckinsale Mug - Celebrity Mug,Kate Beckinsale,no,gid://shopify/Product/1046902669348
this-guy-loves-549,RED MUG - The Future Mr. Kate Upton Mug - Celebrity Mug,Kate Upton,no,gid://shopify/Product/1046902767652
this-guy-loves-550,RED MUG - The Future Mr. Kate Wasley Mug - Celebrity Mug,Kate Wasley,no,gid://shopify/Product/1046902800420
this-guy-loves-551,RED MUG - The Future Mr. Kate Winslet Mug - Celebrity Mug,Kate Winslet,no,gid://shopify/Product/1046902865956
this-guy-loves-552,RED MUG - The Future Mr. Katy Perry Mug - Celebrity Mug,Katy Perry,no,gid://shopify/Product/1046902931492
this-guy-loves-553,RED MUG - The Future Mr. Keira Knightley Mug - Celebrity Mug,Keira Knightley,no,gid://shopify/Product/1046903062564
this-guy-loves-554,RED MUG - The Future Mr. Kendall Jenner Mug - Celebrity Mug,Kendall Jenner,no,gid://shopify/Product/1046903160868
this-guy-loves-555,RED MUG - The Future Mr. Keri Hilson Mug - Celebrity Mug,Keri Hilson,no,gid://shopify/Product/1046903193636
this-guy-loves-556,RED MUG - The Future Mr. Kim Kardashian Mug - Celebrity Mug,Kim Kardashian,no,gid://shopify/Product/1046903226404
this-guy-loves-557,RED MUG - The Future Mr. Kourtney Kardashian Mug - Celebrity Mug,Kourtney Kardashian,no,gid://shopify/Product/1046903259172
this-guy-loves-558,RED MUG - The Future Mr. Kristen Bell Mug - Celebrity Mug,Kristen Bell,no,gid://shopify/Product/1046903291940
this-guy-loves-559,RED MUG - The Future Mr. Kylie Jenner Mug - Celebrity Mug,Kylie Jenner,no,gid://shopify/Product/1046903324708
this-guy-loves-560,RED MUG - The Future Mr. Kylie Minogue Mug - Celebrity Mug,Kylie Minogue,no,gid://shopify/Product/1046903357476
this-guy-loves-561,RED MUG - The Future Mr. Lais Riberio Mug - Celebrity Mug,Lais Riberio,no,gid://shopify/Product/1046903390244
this-guy-loves-562,RED MUG - The Future Mr. Lana Del Rey Mug - Celebrity Mug,Lana Del Rey,no,gid://shopify/Product/1046903423012
this-guy-loves-563,RED MUG - The Future Mr. LAUREN POPE TOWIE Mug - Celebrity Mug,Lauren Pope Towie,no,gid://shopify/Product/1046903455780
this-guy-loves-564,RED MUG - The Future Mr. Lea Michele Mug - Celebrity Mug,Lea Michele,no,gid://shopify/Product/1046903488548
this-guy-loves-565,RED MUG - The Future Mr. Lily Collins Mug - Celebrity Mug,Lily Collins,no,gid://shopify/Product/1046903521316
this-guy-loves-566,RED MUG - The Future Mr. Lindsey Pelas Mug - Celebrity Mug,Lindsey Pelas,no,gid://shopify/Product/1046903554084
this-guy-loves-567,RED MUG - The Future Mr. Lindsey Vonn Mug - Celebrity Mug,Lindsey Vonn,no,gid://shopify/Product/1046903586852
this-guy-loves-568,RED MUG - The Future Mr. Liu Wen Mug - Celebrity Mug,Liu Wen,no,gid://shopify/Product/1046903619620
this-guy-loves-569,RED MUG - The Future Mr. Lucy Hale Mug - Celebrity Mug,Lucy Hale,no,gid://shopify/Product/1046903652388
this-guy-loves-570,RED MUG - The Future Mr. Madelaine Petsch Mug - Celebrity Mug,Madelaine Petsch,no,gid://shopify/Product/1046903685156
this-guy-loves-571,RED MUG - The Future Mr. Maisie Williams Mug - Celebrity Mug,Maisie Williams,no,gid://shopify/Product/1046903717924
this-guy-loves-572,RED MUG - The Future Mr. Margot Robbie Mug - Celebrity Mug,Margot Robbie,no,gid://shopify/Product/1046903750692
this-guy-loves-573,RED MUG - The Future Mr. Megan Fox Mug - Celebrity Mug,Megan Fox,no,gid://shopify/Product/1046903783460
this-guy-loves-574,RED MUG - The Future Mr. MEGAN MCKENNA TOWIE Mug - Celebrity Mug,Megan McKenna Towie,no,gid://shopify/Product/1046903816228
this-guy-loves-575,RED MUG - The Future Mr. Meghan Markle Mug - Celebrity Mug,Meghan Markle,no,gid://shopify/Product/1046903848996
this-guy-loves-576,RED MUG - The Future Mr. Meghan Trainor Mug - Celebrity Mug,Meghan Trainor,no,gid://shopify/Product/1046903881764
this-guy-loves-577,RED MUG - The Future Mr. Mila Kunis Mug - Celebrity Mug,Mila Kunis,no,gid://shopify/Product/1046903914532
this-guy-loves-578,RED MUG - The Future Mr. Miley Cyrus Mug - Celebrity Mug,Miley Cyrus,no,gid://shopify/Product/1046903947300
this-guy-loves-579,RED MUG - The Future Mr. Miranda Kerr Mug - Celebrity Mug,Miranda Kerr,no,gid://shopify/Product/1046903980068
this-guy-loves-580,RED MUG - The Future Mr. Monica Bellucci Mug - Celebrity Mug,Monica Bellucci,no,gid://shopify/Product/1046904045604
this-guy-loves-581,RED MUG - The Future Mr. Natalia Dyer Mug - Celebrity Mug,Natalia Dyer,no,gid://shopify/Product/1046904176676
this-guy-loves-582,RED MUG - The Future Mr. Natalie Dormer Mug - Celebrity Mug,Natalie Dormer,no,gid://shopify/Product/1046904274980
this-guy-loves-583,RED MUG - The Future Mr. Natalie Portman Mug - Celebrity Mug,Natalie Portman,no,gid://shopify/Product/1046904406052
this-guy-loves-584,RED MUG - The Future Mr. Nicki Minaj Mug - Celebrity Mug,Nicki Minaj,no,gid://shopify/Product/1046904537124
this-guy-loves-585,RED MUG - The Future Mr. Nicole Scherzinger Mug - Celebrity Mug,Nicole Scherzinger,no,gid://shopify/Product/1046904668196
this-guy-loves-586,RED MUG - The Future Mr. Nina Agdal Mug - Celebrity Mug,Nina Agdal,no,gid://shopify/Product/1046904799268
this-guy-loves-587,RED MUG - The Future Mr. Nina Dobrev Mug - Celebrity Mug,Nina Dobrev,no,gid://shopify/Product/1046904963108
this-guy-loves-588,RED MUG - The Future Mr. Olivia Munn Mug - Celebrity Mug,Olivia Munn,no,gid://shopify/Product/1046905126948
this-guy-loves-589,RED MUG - The Future Mr. Olivia Wilde Mug - Celebrity Mug,Olivia Wilde,no,gid://shopify/Product/1046905159716
this-guy-loves-590,RED MUG - The Future Mr. Paige VanZant Mug - Celebrity Mug,Paige VanZant,no,gid://shopify/Product/1046905192484
this-guy-loves-591,RED MUG - The Future Mr. Paris Hilton Mug - Celebrity Mug,Paris Hilton,no,gid://shopify/Product/1046905225252
this-guy-loves-593,RED MUG - The Future Mr. Perrie Edwards Mug - Celebrity Mug,Perrie Edwards,no,gid://shopify/Product/1046905290788
this-guy-loves-594,RED MUG - The Future Mr. Pixie Lott Mug - Celebrity Mug,Pixie Lott,no,gid://shopify/Product/1046905323556
this-guy-loves-595,RED MUG - The Future Mr. Priyanka Chopra Mug - Celebrity Mug,Priyanka Chopra,no,gid://shopify/Product/1046905356324
this-guy-loves-596,RED MUG - The Future Mr. Rachel Mcadams Mug - Celebrity Mug,Rachel Mcadams,no,gid://shopify/Product/1046905389092
this-guy-loves-597,RED MUG - The Future Mr. Reese Witherspoon Mug - Celebrity Mug,Reese Witherspoon,no,gid://shopify/Product/1046905421860
this-guy-loves-598,RED MUG - The Future Mr. Rita Ora Mug - Celebrity Mug,Rita Ora,no,gid://shopify/Product/1046905454628
this-guy-loves-599,RED MUG - The Future Mr. Rosie Jones Mug - Celebrity Mug,Rosie Jones,no,gid://shopify/Product/1046905487396
this-guy-loves-600,RED MUG - The Future Mr. Ruby Rose Mug - Celebrity Mug,Ruby Rose,no,gid://shopify/Product/1046905520164
this-guy-loves-601,RED MUG - The Future Mr. Salma Hayek Mug - Celebrity Mug,Salma Hayek,no,gid://shopify/Product/1046905552932
this-guy-loves-602,RED MUG - The Future Mr. Sandra Bullock Mug - Celebrity Mug,Sandra Bullock,no,gid://shopify/Product/1046905585700
this-guy-loves-603,RED MUG - The Future Mr. Saoirse Ronan Mug - Celebrity Mug,Saoirse Ronan,no,gid://shopify/Product/1046905618468
this-guy-loves-604,RED MUG - The Future Mr. Sara Underwood Mug - Celebrity Mug,Sara Underwood,no,gid://shopify/Product/1046905651236
this-guy-loves-605,RED MUG - The Future Mr. Sarah Hyland Mug - Celebrity Mug,Sarah Hyland,no,gid://shopify/Product/1046905684004
this-guy-loves-606,RED MUG - The Future Mr. Scarlett Johansson Mug - Celebrity Mug,Scarlett Johansson,no,gid://shopify/Product/1046905716772
this-guy-loves-607,RED MUG - The Future Mr. Selena Gomez Mug - Celebrity Mug,Selena Gomez,no,gid://shopify/Product/1046905749540
this-guy-loves-608,RED MUG - The Future Mr. Serena Williams Mug - Celebrity Mug,Serena Williams,no,gid://shopify/Product/1046905782308
this-guy-loves-609,RED MUG - The Future Mr. Shay Mitchell Mug - Celebrity Mug,Shay Mitchell,no,gid://shopify/Product/1046905815076
this-guy-loves-610,RED MUG - The Future Mr. Sofia Vergara Mug - Celebrity Mug,Sofia Vergara,no,gid://shopify/Product/1046905880612
this-guy-loves-611,RED MUG - The Future Mr. Sommer Ray Mug - Celebrity Mug,Sommer Ray,no,gid://shopify/Product/1046905913380
this-guy-loves-612,RED MUG - The Future Mr. Sophie Turner Mug - Celebrity Mug,Sophie Turner,no,gid://shopify/Product/1046905946148
this-guy-loves-614,RED MUG - The Future Mr. template Mug - Celebrity Mug,template,no,gid://shopify/Product/1046906011684
this-guy-loves-615,RED MUG - The Future Mr. Tove Lo Mug - Celebrity Mug,Tove Lo,no,gid://shopify/Product/1046906077220
this-guy-loves-616,RED MUG - The Future Mr. Troian Bellisario Mug - Celebrity Mug,Troian Bellisario,no,gid://shopify/Product/1046906175524
this-guy-loves-617,RED MUG - The Future Mr. Vanessa Hudgens Mug - Celebrity Mug,Vanessa Hudgens,no,gid://shopify/Product/1046906241060
this-guy-loves-618,RED MUG - The Future Mr. Vida Guerra Mug - Celebrity Mug,Vida Guerra,no,gid://shopify/Product/1046906404900
this-guy-loves-619,RED MUG - The Future Mr. Yanet Garcia Mug - Celebrity Mug,Yanet Garcia,no,gid://shopify/Product/1046906568740
this-guy-loves-620,RED MUG - The Future Mr. Zara Larsson Mug - Celebrity Mug,Zara Larsson,no,gid://shopify/Product/1046906667044
this-guy-loves-621,RED MUG - The Future Mr. Zooey Deschanel Mug - Celebrity Mug,Zooey Deschanel,no,gid://shopify/Product/1046906830884
this-guy-loves-622,RED MUG - This Guy loves ABBIE HOLBORN Mug - Celebrity Mug,Abbie Holborn,no,gid://shopify/Product/1046906929188
this-guy-loves-623,RED MUG - This Guy loves Amy Childs Mug - Celebrity Mug,Amy Childs,no,gid://shopify/Product/1046906994724
this-guy-loves-624,RED MUG - This Guy loves BECKY VARDY Mug - Celebrity Mug,Becky Vardy,no,gid://shopify/Product/1046907093028
this-guy-loves-625,RED MUG - This Guy loves Billie Faiers Mug - Celebrity Mug,Billie Faiers,no,gid://shopify/Product/1046907158564
this-guy-loves-626,RED MUG - This Guy loves CHANTELLE CONNELLY Mug - Celebrity Mug,Chantelle Connelly,no,gid://shopify/Product/1046907256868
this-guy-loves-627,RED MUG - This Guy loves CHARLOTTE CROSBY Mug - Celebrity Mug,Charlotte Crosby,no,gid://shopify/Product/1046907322404
this-guy-loves-628,RED MUG - This Guy loves CHLOE FERRY Mug - Celebrity Mug,Chloe Ferry,no,gid://shopify/Product/1046907551780
this-guy-loves-629,RED MUG - This Guy loves Chloe Lewis Mug - Celebrity Mug,Chloe Lewis,no,gid://shopify/Product/1046907617316
this-guy-loves-630,RED MUG - This Guy loves Chloe Sims Mug - Celebrity Mug,Chloe Sims,no,gid://shopify/Product/1046907650084
this-guy-loves-631,RED MUG - This Guy loves CLEMENTINE CUTHBERTSON Mug - Celebrity Mug,Clementine Cuthbertson,no,gid://shopify/Product/1046907682852
this-guy-loves-632,RED MUG - This Guy loves DAISY ROBINS Mug - Celebrity Mug,Daisy Robins,no,gid://shopify/Product/1046907715620
this-guy-loves-633,RED MUG - This Guy loves Danielle Armstrong Mug - Celebrity Mug,Danielle Armstrong,no,gid://shopify/Product/1046907781156
this-guy-loves-634,RED MUG - This Guy loves ELLA WILLIS Mug - Celebrity Mug,Ella Willis,no,gid://shopify/Product/1046907813924
this-guy-loves-635,RED MUG - This Guy loves Ferne McCann Mug - Celebrity Mug,Ferne McCann,no,gid://shopify/Product/1046907846692
this-guy-loves-636,RED MUG - This Guy loves Frankie Essex Mug - Celebrity Mug,Frankie Essex,no,gid://shopify/Product/1046907879460
this-guy-loves-637,RED MUG - This Guy loves FRANKIE GAFF Mug - Celebrity Mug,Frankie Gaff,no,gid://shopify/Product/1046907944996
this-guy-loves-638,RED MUG - This Guy loves Gemma Collins Mug - Celebrity Mug,Gemma Collins,no,gid://shopify/Product/1046908010532
this-guy-loves-639,RED MUG - This Guy loves Georgia Kousoulou Mug - Celebrity Mug,Georgia Kousoulou,no,gid://shopify/Product/1046908043300
this-guy-loves-640,RED MUG - This Guy loves GEORGIA TOFFOLO Mug - Celebrity Mug,Georgia Toffolo,no,gid://shopify/Product/1046908076068
this-guy-loves-641,RED MUG - This Guy loves HOLLY HAGAN Mug - Celebrity Mug,Holly Hagan,no,gid://shopify/Product/1046908108836
this-guy-loves-642,RED MUG - This Guy loves Jasmin Walia Mug - Celebrity Mug,Jasmin Walia,no,gid://shopify/Product/1046908141604
this-guy-loves-643,RED MUG - This Guy loves JENNIE MCALPINE Mug - Celebrity Mug,Jennie McAlpine,no,gid://shopify/Product/1046908174372
this-guy-loves-644,RED MUG - This Guy loves Jess Wright Mug - Celebrity Mug,Jess Wright,no,gid://shopify/Product/1046908207140
this-guy-loves-645,RED MUG - This Guy loves Joan Collins Mug - Celebrity Mug,Joan Collins,no,gid://shopify/Product/1046908239908
this-guy-loves-646,RED MUG - This Guy loves KEZIA DUGDALE Mug - Celebrity Mug,Kezia Dugdale,no,gid://shopify/Product/1046908272676
this-guy-loves-647,RED MUG - This Guy loves Lauren Goodger Mug - Celebrity Mug,Lauren Goodger,no,gid://shopify/Product/1046908338212
this-guy-loves-648,RED MUG - This Guy loves LOUISE THOMPSON Mug - Celebrity Mug,Louise Thompson,no,gid://shopify/Product/1046908370980
this-guy-loves-649,RED MUG - This Guy loves Lydia Bright Mug - Celebrity Mug,Lydia Bright,no,gid://shopify/Product/1046908403748
this-guy-loves-650,RED MUG - This Guy loves MARNIE SIMPSON Mug - Celebrity Mug,Marnie Simpson,no,gid://shopify/Product/1046908436516
this-guy-loves-651,RED MUG - This Guy loves Milly McKenna Mug - Celebrity Mug,Milly McKenna,no,gid://shopify/Product/1046908502052
this-guy-loves-652,RED MUG - This Guy loves MIMI BOUCHARD Mug - Celebrity Mug,Mimi Bouchard,no,gid://shopify/Product/1046908600356
this-guy-loves-653,RED MUG - This Guy loves Nicole Bass Mug - Celebrity Mug,Nicole Bass,no,gid://shopify/Product/1046908731428
this-guy-loves-654,RED MUG - This Guy loves OLIVIA BENTLEY Mug - Celebrity Mug,Olivia Bentley,no,gid://shopify/Product/1046908796964
this-guy-loves-655,RED MUG - This Guy loves REBECCA WALKER Mug - Celebrity Mug,Rebecca Walker,no,gid://shopify/Product/1046908829732
this-guy-loves-656,RED MUG - This Guy loves SHAPPI KHORSANDI Mug - Celebrity Mug,Shappi Khorsandi,no,gid://shopify/Product/1046908862500
this-guy-loves-657,RED MUG - This Guy loves SOPHIE HABBOO Mug - Celebrity Mug,Sophie Habboo,no,gid://shopify/Product/1046908960804
this-guy-loves-658,RED MUG - This Guy loves SOPHIE HERMANN Mug - Celebrity Mug,Sophie Hermann,no,gid://shopify/Product/1046909026340
this-guy-loves-659,RED MUG - This Guy loves STEPHANIE SNOWDON Mug - Celebrity Mug,Stephanie Snowdon,no,gid://shopify/Product/1046909190180
this-guy-loves-660,RED MUG - This Guy loves Tanya McKenna Mug - Celebrity Mug,Tanya McKenna,no,gid://shopify/Product/1046909321252
this-guy-loves-661,RED MUG - This Guy loves TIFF WATSON Mug - Celebrity Mug,Tiff Watson,no,gid://shopify/Product/1046909419556
this-guy-loves-662,RED MUG - This Guy loves VANESSA WHITE Mug - Celebrity Mug,Vanessa White,no,gid://shopify/Product/1046909550628
this-guy-loves-663,RED MUG - This Guy loves Vas J Morgan Mug - Celebrity Mug,Vas J Morgan,no,gid://shopify/Product/1046909714468
this-guy-loves-664,RED MUG - This Guy loves VICKY PATTISON Mug - Celebrity Mug,Vicky Pattison,no,gid://shopify/Product/1046909878308
this-guy-loves-665,RED MUG - This Guy loves VICTORIA BAKER-HARBER Mug - Celebrity Mug,Victoria Baker-harber,no,gid://shopify/Product/1046910042148
this-guy-loves-666,The Future Mr. Abigail Ratchford Mug - Celebrity Mug,Abigail Ratchford,no,gid://shopify/Product/1046910140452
this-guy-loves-667,The Future Mr. Abigail Spencer Mug - Celebrity Mug,Abigail Spencer,no,gid://shopify/Product/1046910173220
this-guy-loves-668,The Future Mr. Adriana Lima Mug - Celebrity Mug,Adriana Lima,no,gid://shopify/Product/1046910238756
this-guy-loves-669,The Future Mr. Alessia Cara Mug - Celebrity Mug,Alessia Cara,no,gid://shopify/Product/1046910271524
this-guy-loves-670,The Future Mr. Alexandra Daddario Mug - Celebrity Mug,Alexandra Daddario,no,gid://shopify/Product/1046910304292
this-guy-loves-671,The Future Mr. Alexis Ren Mug - Celebrity Mug,Alexis Ren,no,gid://shopify/Product/1046910337060
this-guy-loves-672,The Future Mr. Alicia Keys Mug - Celebrity Mug,Alicia Keys,no,gid://shopify/Product/1046910369828
this-guy-loves-673,The Future Mr. Alicia Vikander Mug - Celebrity Mug,Alicia Vikander,no,gid://shopify/Product/1046910402596
this-guy-loves-674,The Future Mr. Allison Wiliiams Mug - Celebrity Mug,Allison Wiliiams,no,gid://shopify/Product/1046910435364
this-guy-loves-675,The Future Mr. Amanda Elise Lee Mug - Celebrity Mug,Amanda Elise Lee,no,gid://shopify/Product/1046910468132
this-guy-loves-676,The Future Mr. Amber Heard Mug - Celebrity Mug,Amber Heard,no,gid://shopify/Product/1046910500900
this-guy-loves-677,The Future Mr. Amy Adams Mug - Celebrity Mug,Amy Adams,no,gid://shopify/Product/1046910533668
this-guy-loves-678,The Future Mr. Ana Cheri Mug - Celebrity Mug,Ana Cheri,no,gid://shopify/Product/1046910566436
this-guy-loves-679,The Future Mr. Andrea Londo Mug - Celebrity Mug,Andrea Londo,no,gid://shopify/Product/1046910599204
this-guy-loves-680,The Future Mr. Angelina Jolie Mug - Celebrity Mug,Angelina Jolie,no,gid://shopify/Product/1046910631972
this-guy-loves-681,The Future Mr. Anna Kendrick Mug - Celebrity Mug,Anna Kendrick,no,gid://shopify/Product/1046910664740
this-guy-loves-682,The Future Mr. AnnaLynne McCord Mug - Celebrity Mug,AnnaLynne McCord,no,gid://shopify/Product/1046910697508
this-guy-loves-683,The Future Mr. Anne Hathaway Mug - Celebrity Mug,Anne Hathaway,no,gid://shopify/Product/1046910730276
this-guy-loves-684,The Future Mr. Ariana Grande Mug - Celebrity Mug,Ariana Grande,no,gid://shopify/Product/1046910763044
this-guy-loves-685,The Future Mr. Arianny Celeste Mug - Celebrity Mug,Arianny Celeste,no,gid://shopify/Product/1046910795812
this-guy-loves-686,The Future Mr. Ariel Winter Mug - Celebrity Mug,Ariel Winter,no,gid://shopify/Product/1046910828580
this-guy-loves-687,The Future Mr. Ashley Benson Mug - Celebrity Mug,Ashley Benson,no,gid://shopify/Product/1046910861348
this-guy-loves-688,The Future Mr. Ashley Graham Mug - Celebrity Mug,Ashley Graham,no,gid://shopify/Product/1046910894116
this-guy-loves-689,The Future Mr. Ashley Tisdale Mug - Celebrity Mug,Ashley Tisdale,no,gid://shopify/Product/1046910926884
this-guy-loves-690,The Future Mr. Avril Lavigne Mug - Celebrity Mug,Avril Lavigne,no,gid://shopify/Product/1046910992420
this-guy-loves-691,The Future Mr. Bebe Rexha Mug - Celebrity Mug,Bebe Rexha,no,gid://shopify/Product/1046911090724
this-guy-loves-692,The Future Mr. Bella Hadid Mug - Celebrity Mug,Bella Hadid,no,gid://shopify/Product/1046911221796
this-guy-loves-694,The Future Mr. Beyonce Knowles Mug - Celebrity Mug,Beyonce Knowles,no,gid://shopify/Product/1046911320100
this-guy-loves-695,The Future Mr. Blake Lively Mug - Celebrity Mug,Blake Lively,no,gid://shopify/Product/1046911385636
this-guy-loves-696,The Future Mr. Brie Larson Mug - Celebrity Mug,Brie Larson,no,gid://shopify/Product/1046911418404
this-guy-loves-697,The Future Mr. Britney Spears Mug - Celebrity Mug,Britney Spears,no,gid://shopify/Product/1046911451172
this-guy-loves-698,The Future Mr. Brooklyn Decker Mug - Celebrity Mug,Brooklyn Decker,no,gid://shopify/Product/1046911516708
this-guy-loves-699,The Future Mr. Bruna Lima Mug - Celebrity Mug,Bruna Lima,no,gid://shopify/Product/1046911549476
this-guy-loves-700,The Future Mr. Camila Cabello Mug - Celebrity Mug,Camila Cabello,no,gid://shopify/Product/1046911582244
this-guy-loves-701,The Future Mr. Cara Delevingne Mug - Celebrity Mug,Cara Delevingne,no,gid://shopify/Product/1046911615012
this-guy-loves-702,The Future Mr. CAROL VORDERMAN Mug - Celebrity Mug,Carol Vorderman,no,gid://shopify/Product/1046911713316
this-guy-loves-703,The Future Mr. Caroline Wozniacki Mug - Celebrity Mug,Caroline Wozniacki,no,gid://shopify/Product/1046911811620
this-guy-loves-704,The Future Mr. Carrie Underwood Mug - Celebrity Mug,Carrie Underwood,no,gid://shopify/Product/1046911942692
this-guy-loves-705,The Future Mr. Cate Blanchett Mug - Celebrity Mug,Cate Blanchett,no,gid://shopify/Product/1046912073764
this-guy-loves-706,The Future Mr. Charlize Theron Mug - Celebrity Mug,Charlize Theron,no,gid://shopify/Product/1046912172068
this-guy-loves-707,The Future Mr. Charlotte McKinney Mug - Celebrity Mug,Charlotte McKinney,no,gid://shopify/Product/1046912303140
this-guy-loves-708,The Future Mr. Cheryl Cole Mug - Celebrity Mug,Cheryl Cole,no,gid://shopify/Product/1046912335908
this-guy-loves-709,The Future Mr. Chloe Grace Moretz Mug - Celebrity Mug,Chloe Grace Moretz,no,gid://shopify/Product/1046912368676
this-guy-loves-711,The Future Mr. Christina Aguilera Mug - Celebrity Mug,Christina Aguilera,no,gid://shopify/Product/1046912466980
this-guy-loves-712,The Future Mr. Christina Milian Mug - Celebrity Mug,Christina Milian,no,gid://shopify/Product/1046912499748
this-guy-loves-713,The Future Mr. Corinne Olympios Mug - Celebrity Mug,Corinne Olympios,no,gid://shopify/Product/1046912532516
this-guy-loves-714,The Future Mr. Daisy Ridley Mug - Celebrity Mug,Daisy Ridley,no,gid://shopify/Product/1046912565284
this-guy-loves-715,The Future Mr. Demi Lovato Mug - Celebrity Mug,Demi Lovato,no,gid://shopify/Product/1046912598052
this-guy-loves-716,The Future Mr. Demi Rose Mawby Mug - Celebrity Mug,Demi Rose Mawby,no,gid://shopify/Product/1046912630820
this-guy-loves-717,The Future Mr. Dua Lipa Mug - Celebrity Mug,Dua Lipa,no,gid://shopify/Product/1046912663588
this-guy-loves-718,The Future Mr. Elizabeth Banks Mug - Celebrity Mug,Elizabeth Banks,no,gid://shopify/Product/1046912696356
this-guy-loves-719,The Future Mr. Elizabeth Hurley Mug - Celebrity Mug,Elizabeth Hurley,no,gid://shopify/Product/1046912729124
this-guy-loves-720,The Future Mr. Ellie Goulding Mug - Celebrity Mug,Ellie Goulding,no,gid://shopify/Product/1046912761892
this-guy-loves-721,The Future Mr. Ellie-Jean Coffey Mug - Celebrity Mug,Ellie-Jean Coffey,no,gid://shopify/Product/1046912794660
this-guy-loves-722,The Future Mr. Emilia Clarke Mug - Celebrity Mug,Emilia Clarke,no,gid://shopify/Product/1046912827428
this-guy-loves-723,The Future Mr. Emily Blunt Mug - Celebrity Mug,Emily Blunt,no,gid://shopify/Product/1046912860196
this-guy-loves-724,The Future Mr. Emily Ratajkowski Mug - Celebrity Mug,Emily Ratajkowski,no,gid://shopify/Product/1046912892964
this-guy-loves-725,The Future Mr. Emily Sears Mug - Celebrity Mug,Emily Sears,no,gid://shopify/Product/1046912958500
this-guy-loves-726,The Future Mr. Emma Roberts Mug - Celebrity Mug,Emma Roberts,no,gid://shopify/Product/1046913089572
this-guy-loves-727,The Future Mr. Emma Stone Mug - Celebrity Mug,Emma Stone,no,gid://shopify/Product/1046913155108
this-guy-loves-728,The Future Mr. Emma Watson Mug - Celebrity Mug,Emma Watson,no,gid://shopify/Product/1046913253412
this-guy-loves-729,The Future Mr. Eva Longoria Mug - Celebrity Mug,Eva Longoria,no,gid://shopify/Product/1046913318948
this-guy-loves-730,The Future Mr. Gabrielle Union Mug - Celebrity Mug,Gabrielle Union,no,gid://shopify/Product/1046913351716
this-guy-loves-731,The Future Mr. Gal Gadot Mug - Celebrity Mug,Gal Gadot,no,gid://shopify/Product/1046913384484
this-guy-loves-732,The Future Mr. Gigi Hadid Mug - Celebrity Mug,Gigi Hadid,no,gid://shopify/Product/1046913417252
this-guy-loves-733,The Future Mr. Gisele Bundchen Mug - Celebrity Mug,Gisele Bundchen,no,gid://shopify/Product/1046913450020
this-guy-loves-734,The Future Mr. Gwen Stefani Mug - Celebrity Mug,Gwen Stefani,no,gid://shopify/Product/1046913482788
this-guy-loves-735,The Future Mr. Gwyneth Paltrow Mug - Celebrity Mug,Gwyneth Paltrow,no,gid://shopify/Product/1046913515556
this-guy-loves-736,The Future Mr. Hailee Steinfeld Mug - Celebrity Mug,Hailee Steinfeld,no,gid://shopify/Product/1046913548324
this-guy-loves-737,The Future Mr. Halle Berry Mug - Celebrity Mug,Halle Berry,no,gid://shopify/Product/1046913581092
this-guy-loves-738,The Future Mr. Halston Sage Mug - Celebrity Mug,Halston Sage,no,gid://shopify/Product/1046913646628
this-guy-loves-739,The Future Mr. Hayley Williams Mug - Celebrity Mug,Hayley Williams,no,gid://shopify/Product/1046913744932
this-guy-loves-740,The Future Mr. Hilary Duff Mug - Celebrity Mug,Hilary Duff,no,gid://shopify/Product/1046913843236
this-guy-loves-741,The Future Mr. Hunter McGrady Mug - Celebrity Mug,Hunter McGrady,no,gid://shopify/Product/1046913941540
this-guy-loves-742,The Future Mr. Iggy Azalea Mug - Celebrity Mug,Iggy Azalea,no,gid://shopify/Product/1046914039844
this-guy-loves-743,The Future Mr. Irina Shayk Mug - Celebrity Mug,Irina Shayk,no,gid://shopify/Product/1046914203684
this-guy-loves-744,The Future Mr. Iskra Lawrence Mug - Celebrity Mug,Iskra Lawrence,no,gid://shopify/Product/1046914301988
this-guy-loves-745,The Future Mr. Isla Fisher Mug - Celebrity Mug,Isla Fisher,no,gid://shopify/Product/1046914433060
this-guy-loves-746,The Future Mr. Jade Thirwall Mug - Celebrity Mug,Jade Thirwall,no,gid://shopify/Product/1046914531364
this-guy-loves-747,The Future Mr. Jaimie Alexander Mug - Celebrity Mug,Jaimie Alexander,no,gid://shopify/Product/1046914596900
this-guy-loves-748,The Future Mr. Jen Selter Mug - Celebrity Mug,Jen Selter,no,gid://shopify/Product/1046914629668
this-guy-loves-749,The Future Mr. Jenna Dewan Tatum Mug - Celebrity Mug,Jenna Dewan Tatum,no,gid://shopify/Product/1046914662436
this-guy-loves-750,The Future Mr. Jennifer Aniston Mug - Celebrity Mug,Jennifer Aniston,no,gid://shopify/Product/1046914695204
this-guy-loves-751,The Future Mr. Jennifer Lawrence Mug - Celebrity Mug,Jennifer Lawrence,no,gid://shopify/Product/1046914760740
this-guy-loves-752,The Future Mr. Jennifer Lopez Mug - Celebrity Mug,Jennifer Lopez,no,gid://shopify/Product/1046914793508
this-guy-loves-753,The Future Mr. Jessica Alba Mug - Celebrity Mug,Jessica Alba,no,gid://shopify/Product/1046914826276
this-guy-loves-754,The Future Mr. Jessica Biel Mug - Celebrity Mug,Jessica Biel,no,gid://shopify/Product/1046914859044
this-guy-loves-755,The Future Mr. Jesy Nelson Mug - Celebrity Mug,Jesy Nelson,no,gid://shopify/Product/1046914924580
this-guy-loves-756,The Future Mr. Jordin Sparks Mug - Celebrity Mug,Jordin Sparks,no,gid://shopify/Product/1046914990116
this-guy-loves-757,The Future Mr. Julia Michaels Mug - Celebrity Mug,Julia Michaels,no,gid://shopify/Product/1046915121188
this-guy-loves-758,The Future Mr. Julia Roberts Mug - Celebrity Mug,Julia Roberts,no,gid://shopify/Product/1046915186724
this-guy-loves-759,The Future Mr. Kaley Cuoco Mug - Celebrity Mug,Kaley Cuoco,no,gid://shopify/Product/1046915219492
this-guy-loves-760,The Future Mr. Kate Beckinsale Mug - Celebrity Mug,Kate Beckinsale,no,gid://shopify/Product/1046915317796
this-guy-loves-761,The Future Mr. Kate Upton Mug - Celebrity Mug,Kate Upton,no,gid://shopify/Product/1046915383332
this-guy-loves-762,The Future Mr. Kate Wasley Mug - Celebrity Mug,Kate Wasley,no,gid://shopify/Product/1046915448868
this-guy-loves-763,The Future Mr. Kate Winslet Mug - Celebrity Mug,Kate Winslet,no,gid://shopify/Product/1046915547172
this-guy-loves-764,The Future Mr. Katy Perry Mug - Celebrity Mug,Katy Perry,no,gid://shopify/Product/1046915645476
this-guy-loves-765,The Future Mr. Keira Knightley Mug - Celebrity Mug,Keira Knightley,no,gid://shopify/Product/1046915776548
this-guy-loves-766,The Future Mr. Kendall Jenner Mug - Celebrity Mug,Kendall Jenner,no,gid://shopify/Product/1046915809316
this-guy-loves-767,The Future Mr. Keri Hilson Mug - Celebrity Mug,Keri Hilson,no,gid://shopify/Product/1046915842084
this-guy-loves-768,The Future Mr. Kim Kardashian Mug - Celebrity Mug,Kim Kardashian,no,gid://shopify/Product/1046915874852
this-guy-loves-769,The Future Mr. Kourtney Kardashian Mug - Celebrity Mug,Kourtney Kardashian,no,gid://shopify/Product/1046915907620
this-guy-loves-770,The Future Mr. Kristen Bell Mug - Celebrity Mug,Kristen Bell,no,gid://shopify/Product/1046915940388
this-guy-loves-771,The Future Mr. Kylie Jenner Mug - Celebrity Mug,Kylie Jenner,no,gid://shopify/Product/1046915973156
this-guy-loves-772,The Future Mr. Kylie Minogue Mug - Celebrity Mug,Kylie Minogue,no,gid://shopify/Product/1046916005924
this-guy-loves-773,The Future Mr. Lais Riberio Mug - Celebrity Mug,Lais Riberio,no,gid://shopify/Product/1046916071460
this-guy-loves-774,The Future Mr. Lana Del Rey Mug - Celebrity Mug,Lana Del Rey,no,gid://shopify/Product/1046916104228
this-guy-loves-775,The Future Mr. LAUREN POPE TOWIE Mug - Celebrity Mug,Lauren Pope Towie,no,gid://shopify/Product/1046916136996
this-guy-loves-776,The Future Mr. Lea Michele Mug - Celebrity Mug,Lea Michele,no,gid://shopify/Product/1046916169764
this-guy-loves-777,The Future Mr. Lily Collins Mug - Celebrity Mug,Lily Collins,no,gid://shopify/Product/1046916202532
this-guy-loves-778,The Future Mr. Lindsey Pelas Mug - Celebrity Mug,Lindsey Pelas,no,gid://shopify/Product/1046916235300
this-guy-loves-779,The Future Mr. Lindsey Vonn Mug - Celebrity Mug,Lindsey Vonn,no,gid://shopify/Product/1046916268068
this-guy-loves-780,The Future Mr. Liu Wen Mug - Celebrity Mug,Liu Wen,no,gid://shopify/Product/1046916300836
this-guy-loves-781,The Future Mr. Lucy Hale Mug - Celebrity Mug,Lucy Hale,no,gid://shopify/Product/1046916366372
this-guy-loves-782,The Future Mr. Madelaine Petsch Mug - Celebrity Mug,Madelaine Petsch,no,gid://shopify/Product/1046916497444
this-guy-loves-783,The Future Mr. Maisie Williams Mug - Celebrity Mug,Maisie Williams,no,gid://shopify/Product/1046916661284
this-guy-loves-784,The Future Mr. Margot Robbie Mug - Celebrity Mug,Margot Robbie,no,gid://shopify/Product/1046916792356
this-guy-loves-785,The Future Mr. Megan Fox Mug - Celebrity Mug,Megan Fox,no,gid://shopify/Product/1046916956196
this-guy-loves-786,The Future Mr. MEGAN MCKENNA TOWIE Mug - Celebrity Mug,Megan McKenna Towie,no,gid://shopify/Product/1046917120036
this-guy-loves-787,The Future Mr. Meghan Markle Mug - Celebrity Mug,Meghan Markle,no,gid://shopify/Product/1046917185572
this-guy-loves-788,The Future Mr. Meghan Trainor Mug - Celebrity Mug,Meghan Trainor,no,gid://shopify/Product/1046917218340
this-guy-loves-789,The Future Mr. Mila Kunis Mug - Celebrity Mug,Mila Kunis,no,gid://shopify/Product/1046917251108
this-guy-loves-790,The Future Mr. Miley Cyrus Mug - Celebrity Mug,Miley Cyrus,no,gid://shopify/Product/1046917283876
this-guy-loves-791,The Future Mr. Miranda Kerr Mug - Celebrity Mug,Miranda Kerr,no,gid://shopify/Product/1046917349412
this-guy-loves-792,The Future Mr. Monica Bellucci Mug - Celebrity Mug,Monica Bellucci,no,gid://shopify/Product/1046917382180
this-guy-loves-793,The Future Mr. Natalia Dyer Mug - Celebrity Mug,Natalia Dyer,no,gid://shopify/Product/1046917414948
this-guy-loves-794,The Future Mr. Natalie Dormer Mug - Celebrity Mug,Natalie Dormer,no,gid://shopify/Product/1046917447716
this-guy-loves-795,The Future Mr. Natalie Portman Mug - Celebrity Mug,Natalie Portman,no,gid://shopify/Product/1046917480484
this-guy-loves-796,The Future Mr. Nicki Minaj Mug - Celebrity Mug,Nicki Minaj,no,gid://shopify/Product/1046917513252
this-guy-loves-797,The Future Mr. Nicole Scherzinger Mug - Celebrity Mug,Nicole Scherzinger,no,gid://shopify/Product/1046917578788
this-guy-loves-798,The Future Mr. Nina Agdal Mug - Celebrity Mug,Nina Agdal,no,gid://shopify/Product/1046917611556
this-guy-loves-799,The Future Mr. Nina Dobrev Mug - Celebrity Mug,Nina Dobrev,no,gid://shopify/Product/1046917677092
this-guy-loves-800,The Future Mr. Olivia Munn Mug - Celebrity Mug,Olivia Munn,no,gid://shopify/Product/1046917775396
this-guy-loves-801,The Future Mr. Olivia Wilde Mug - Celebrity Mug,Olivia Wilde,no,gid://shopify/Product/1046917873700
this-guy-loves-802,The Future Mr. Paige VanZant Mug - Celebrity Mug,Paige VanZant,no,gid://shopify/Product/1046917939236
this-guy-loves-803,The Future Mr. Paris Hilton Mug - Celebrity Mug,Paris Hilton,no,gid://shopify/Product/1046918037540
this-guy-loves-805,The Future Mr. Perrie Edwards Mug - Celebrity Mug,Perrie Edwards,no,gid://shopify/Product/1046918234148
this-guy-loves-806,The Future Mr. Pixie Lott Mug - Celebrity Mug,Pixie Lott,no,gid://shopify/Product/1046918299684
this-guy-loves-807,The Future Mr. Priyanka Chopra Mug - Celebrity Mug,Priyanka Chopra,no,gid://shopify/Product/1046918332452
this-guy-loves-808,The Future Mr. Rachel Mcadams Mug - Celebrity Mug,Rachel Mcadams,no,gid://shopify/Product/1046918397988
this-guy-loves-809,The Future Mr. Reese Witherspoon Mug - Celebrity Mug,Reese Witherspoon,no,gid://shopify/Product/1046918430756
this-guy-loves-810,The Future Mr. Rita Ora Mug - Celebrity Mug,Rita Ora,no,gid://shopify/Product/1046918463524
this-guy-loves-811,The Future Mr. Rosie Jones Mug - Celebrity Mug,Rosie Jones,no,gid://shopify/Product/1046918529060
this-guy-loves-812,The Future Mr. Ruby Rose Mug - Celebrity Mug,Ruby Rose,no,gid://shopify/Product/1046918594596
this-guy-loves-813,The Future Mr. Salma Hayek Mug - Celebrity Mug,Salma Hayek,no,gid://shopify/Product/1046918627364
this-guy-loves-814,The Future Mr. Sandra Bullock Mug - Celebrity Mug,Sandra Bullock,no,gid://shopify/Product/1046918660132
this-guy-loves-815,The Future Mr. Saoirse Ronan Mug - Celebrity Mug,Saoirse Ronan,no,gid://shopify/Product/1046918725668
this-guy-loves-816,The Future Mr. Sara Underwood Mug - Celebrity Mug,Sara Underwood,no,gid://shopify/Product/1046918758436
this-guy-loves-817,The Future Mr. Sarah Hyland Mug - Celebrity Mug,Sarah Hyland,no,gid://shopify/Product/1046918791204
this-guy-loves-818,The Future Mr. Scarlett Johansson Mug - Celebrity Mug,Scarlett Johansson,no,gid://shopify/Product/1046918823972
this-guy-loves-819,The Future Mr. Selena Gomez Mug - Celebrity Mug,Selena Gomez,no,gid://shopify/Product/1046918889508
this-guy-loves-820,The Future Mr. Serena Williams Mug - Celebrity Mug,Serena Williams,no,gid://shopify/Product/1046918987812
this-guy-loves-821,The Future Mr. Shay Mitchell Mug - Celebrity Mug,Shay Mitchell,no,gid://shopify/Product/1046919086116
this-guy-loves-822,The Future Mr. Sofia Vergara Mug - Celebrity Mug,Sofia Vergara,no,gid://shopify/Product/1046919249956
this-guy-loves-823,The Future Mr. Sommer Ray Mug - Celebrity Mug,Sommer Ray,no,gid://shopify/Product/1046919413796
this-guy-loves-824,The Future Mr. Sophie Turner Mug - Celebrity Mug,Sophie Turner,no,gid://shopify/Product/1046919544868
this-guy-loves-826,The Future Mr. Tove Lo Mug - Celebrity Mug,Tove Lo,no,gid://shopify/Product/1046919741476
this-guy-loves-827,The Future Mr. Troian Bellisario Mug - Celebrity Mug,Troian Bellisario,no,gid://shopify/Product/1046919774244
this-guy-loves-828,The Future Mr. Vanessa Hudgens Mug - Celebrity Mug,Vanessa Hudgens,no,gid://shopify/Product/1046919807012
this-guy-loves-829,The Future Mr. Vida Guerra Mug - Celebrity Mug,Vida Guerra,no,gid://shopify/Product/1046919839780
this-guy-loves-830,The Future Mr. Yanet Garcia Mug - Celebrity Mug,Yanet Garcia,no,gid://shopify/Product/1046919872548
this-guy-loves-831,The Future Mr. Zara Larsson Mug - Celebrity Mug,Zara Larsson,no,gid://shopify/Product/1046919938084
this-guy-loves-832,The Future Mr. Zooey Deschanel Mug - Celebrity Gift Mug,Zooey Deschanel,no,gid://shopify/Product/1046919970852
keep-calm-and-build-lego-mug,KEEP CALM AND BUILD LEGO Mug,LEGO,no,gid://shopify/Product/7484114829563
keep-calm-and-call-batman-mug,KEEP CALM AND CALL BATMAN Mug,Batman,no,gid://shopify/Product/7484123447547
keep-calm-and-call-robin-mug,KEEP CALM AND CALL ROBIN Mug,Robin,no,gid://shopify/Product/7484125479163
i-love-chicago-i-love-celebrity-mug-novelty-gift-printed-tea-coffee-ceramic-mug,I Love CHICAGO - I Love Celebrity Mug - Novelty Gift Printed Tea Coffee Ceramic Mug,Chicago,no,gid://shopify/Product/7485300048123
i-love-disturbed-celebrity-mug,I Love DISTURBED - Celebrity Mug,Disturbed,no,gid://shopify/Product/7485315776763
i-love-little-mix-mug,I Love Little Mix Mug Celebrity Mug Gift Office Mug,Little Mix,no,gid://shopify/Product/7485334159611
i-love-james-corden-mug-celebrity-mug-gift-office-mug,I Love James Corden Mug Celebrity Mug Gift Office Mug,James Corden,no,gid://shopify/Product/7485336355067
i-love-daniel-day-lewis-mug-celebrity-mug-gift-office-mug,I Love Daniel Day-Lewis Mug Celebrity Mug Gift Office Mug,Daniel Day-Lewis,no,gid://shopify/Product/7485337731323
i-love-michael-jackson-celebrity-mug,I Love MICHAEL JACKSON Celebrity Mug,Michael Jackson,no,gid://shopify/Product/7485396877563
i-love-stellan-skarsgard-celebrity-mug-gift-office-mug,I Love Stellan Skarsgård Celebrity Mug Gift Office Mug,Stellan Skarsgård,no,gid://shopify/Product/7485428072699
royal-platinum-jubilee-mug,Royal Platinum Jubilee Mug,Queen Elizabeth II,no,gid://shopify/Product/7646745624827
king-charles-coronation-official-black-red-and-blue-logo-mug-coronation-celebration-tee-mug-coffee-mug,King Charles Coronation Official Black Red And Blue Logo Mug,King Charles III,no,gid://shopify/Product/8068633723131
king-charles-coronation-official-rainbow-lgbt-logo-mug-coronation-celebration-tee-mug-coffee-mug,King Charles Coronation Official Rainbow/LGBT Logo Mug,King Charles III,no,gid://shopify/Product/8068633788667
king-charles-coronation-official-black-logo-mug-coronation-celebration-tee-mug-coffee-mug,King Charles Coronation Official Black Logo Mug,King Charles III,no,gid://shopify/Product/8068633985275
king-charles-coronation-official-blue-logo-mug-coronation-celebration-tee-mug-coffee-mug,King Charles Coronation Official Blue Logo Mug,King Charles III,no,gid://shopify/Product/8068635459835
king-charles-coronation-official-pink-logo-mug-coronation-celebration-tee-mug-coffee-mug,King Charles Coronation Official Pink Logo Mug,King Charles III,no,gid://shopify/Product/8068635787515
king-charles-coronation-official-blue-and-red-logo-mug-coronation-celebration-tee-mug-coffee-mug,King Charles Coronation Official Blue And Red Logo Mug,King Charles III,no,gid://shopify/Product/8068635918587
copy-of-king-charles-coronation-official-welsh-black-red-and-blue-logo-mug,King Charles Coronation Official WELSH Black Red And Blue Logo Mug,King Charles III,no,gid://shopify/Product/8069762941179
king-charles-coronation-official-welsh-rainbow-lgbt-logo-mug,King Charles Coronation Official WELSH Rainbow/LGBT Logo Mug,King Charles III,no,gid://shopify/Product/8069763432699
king-charles-coronation-official-welsh-black-logo-mug,King Charles Coronation Official WELSH Black White Logo Mug,King Charles III,no,gid://shopify/Product/8069763629307
king-charles-coronation-official-welsh-blue-logo-mug,King Charles Coronation Official WELSH Blue Logo Mug,King Charles III,no,gid://shopify/Product/8069764055291
king-charles-coronation-official-welsh-pink-logo-mug,King Charles Coronation Official WELSH Pink Logo Mug,King Charles III,no,gid://shopify/Product/8069764284667
king-charles-coronation-official-welsh-blue-and-red-logo-mug,King Charles Coronation Official WELSH Blue And Red Logo Mug,King Charles III,no,gid://shopify/Product/8069764612347
